{
   "sha": "ec8d4e72890cf38baf60dd72a48c7afec07d673c",
   "source_x": "Elsevier",
   "title": "Feline infectious peritonitis",
   "doi": "10.1016/j.cvsm.2004.10.011",
   "pubmed_id": "15627627",
   "license": "els-covid",
   "publish_time": "2005-01-31",
   "authors": [
      "Hartmann, Katrin"
   ],
   "journal": "Veterinary Clinics of North America: Small Animal Practice",
   "has_full_text": "True",
   "full_text_file": "custom_license",
   "id": "https://doi.org/10.1016/j.cvsm.2004.10.011",
   "fhir_link": [
      "PMC/Composition/ec8d4e72890cf38baf60dd72a48c7afec07d673c"
   ]
}