{
   "source_x": "CZI",
   "title": "COVID-19, Australia: Epidemiology Report 4 (Reporting week ending 19:00 AEDT 22 February 2020)",
   "doi": "10.33321/cdi.2020.44.17",
   "pubmed_id": "32098616",
   "abstract": "This is the fourth epidemiological report for coronavirus disease 2019 (COVID-19), reported in Australia as at 19:00 Australian Eastern Daylight Time [AEDT] 22 February 2020. It includes data on COVID-19 cases diagnosed in Australia, the international situation and a review of current evidence.",
   "publish_time": "2020",
   "authors": [
      "Team, Covid- National Incident Room Surveillance"
   ],
   "journal": "Commun Dis Intell (2018)",
   "Microsoft Academic Paper ID": "3006338236",
   "WHO #Covidence": "#2377",
   "id": "https://www.ncbi.nlm.nih.gov/pubmed/32098616"
}