{
   "sha": "5b098226f746cb195dce83e9705071062dcef540",
   "source_x": "Elsevier",
   "title": "Taiwan's traffic control bundle and the elimination of nosocomial severe acute respiratory syndrome among healthcare workers",
   "doi": "10.1016/j.jhin.2010.12.002",
   "pubmed_id": "21316802",
   "license": "els-covid",
   "abstract": "Summary The traffic control bundle consists of procedures designed to help prevent epidemic nosocomial infection. We retrospectively studied the serial infection control measures to determine factors most effective in preventing nosocomial infections of healthcare workers (HCWs) during the 2003 Taiwanese severe acute respiratory syndrome (SARS) epidemic. Fever screening stations, triage of fever patients, separating SARS patients from other patients, separation of entrances and passageways between patients and HCWs, and increasing hand-washing facilities all demonstrated a protective effect for HCWs (univariate analysis; P <0.05). By multiple logistic regression: (i) checkpoint alcohol dispensers for glove-on hand rubbing between zones of risk, and (ii) fever screening at the fever screen station outside the emergency department, were the significant methods effectively minimising nosocomial SARS infection of HCWs (P <0.05). The traffic control bundle should be implemented in future epidemics as a tool to achieve strict infection control measures.",
   "publish_time": "2011-04-30",
   "authors": [
      "Yen, M.-Y.",
      "Lin, Y.-E.",
      "Lee, C.-H.",
      "Ho, M.-S.",
      "Huang, F.-Y.",
      "Chang, S.-C.",
      "Liu, Y.-C."
   ],
   "journal": "Journal of Hospital Infection",
   "has_full_text": "True",
   "full_text_file": "custom_license",
   "id": "https://doi.org/10.1016/j.jhin.2010.12.002",
   "fhir_link": [
      "PMC/Composition/5b098226f746cb195dce83e9705071062dcef540"
   ]
}