{
   "sha": "1c5b9b791b402f44f6229f9d420d6a10dc173d39",
   "source_x": "PMC",
   "title": "A network pharmacology-based approach to analyse potential targets of traditional herbal formulas: An example of Yu Ping Feng decoction",
   "doi": "http://dx.doi.org/10.1038/s41598-018-29764-1",
   "pmcid": "PMC6065326",
   "pubmed_id": "30061691",
   "license": "CC BY",
   "abstract": "Herbal formulas from traditional Chinese medicines (TCMs) have been extensively used in clinics as effective therapies, but it is still a great challenge to demonstrate the scientific basis for their therapeutic effects at the level of molecular biology. By taking a classic herbal formula (Yu Ping Feng decoction, YPF) as an example, this study developed a novel network pharmacology based method to identify its potential therapeutic targets. First, this study constructed a \u201ctargets\u2013(pathways)\u2013targets\u201d (TPT) network in which targets of YPF were connected by relevant pathways; then, this network was decomposed into separate modules with strong internal connections; lastly, the propensity of each module toward different diseases was assessed by a contribution score. On the basis of a significant association between network modules and therapeutic diseases validated by chi-square test (p-value\u2009<\u20090.001), this study identified the network module with the strongest propensity toward therapeutic diseases of YPF. Further, the targets with the highest centrality in this module are recommended as YPF\u2019s potential therapeutic targets. By integrating the complicated \u201cmulti-targets\u2013multi-pathways\u2013multi-diseases\u201d relationship of herbal formulas, the method shows promise for identifying its potential therapeutic targets, which could contribute to the modern scientific illustration of TCMs\u2019 traditional clinical applications.",
   "publish_time": "2018 Jul 30",
   "authors": [
      "['Zuo, Huali', 'Zhang, Qianru', 'Su, Shibing', 'Chen, Qilong', 'Yang, Fengqing', 'Hu, Yuanjia']"
   ],
   "journal": "Sci Rep",
   "has_full_text": "True",
   "id": "1c5b9b791b402f44f6229f9d420d6a10dc173d39",
   "fhir_link": "Commercial/1c5b9b791b402f44f6229f9d420d6a10dc173d39"
}