{
   "sha": "78a8d488d2fa21bd3fedcd4534718376e9333406",
   "source_x": "PMC",
   "title": "Transmission of rhinovirus in the Utah BIG-LoVE families: Consequences of age and household structure",
   "doi": "http://dx.doi.org/10.1371/journal.pone.0199388",
   "pmcid": "PMC6059387",
   "pubmed_id": "30044794",
   "license": "CC BY",
   "abstract": "BACKGROUND: Common cold viruses create significant health and financial burdens, and understanding key loci of transmission would help focus control strategies. This study (1) examines factors that influence when individuals transition from a negative to positive test (acquisition) or a positive to negative test (loss) of rhinovirus (HRV) and other respiratory tract viruses in 26 households followed weekly for one year, (2) investigates evidence for intrahousehold and interhousehold transmission and the characteristics of individuals implicated in transmission, and (3) builds data-based simulation models to identify factors that most strongly affect patterns of prevalence. METHODS: We detected HRV, coronavirus, paramyxovirus, influenza and bocavirus with the FilmArray polymerase chain reaction (PCR) platform (BioFire Diagnostics, LLC). We used logistic regression to find covariates affecting acquisition or loss of HRV including demographic characteristics of individuals, their household, their current infection status, and prevalence within their household and across the population. We apply generalized linear mixed models to test robustness of results. RESULTS: Acquisition of HRV was less probable in older individuals and those infected with a coronavirus, and higher with a higher proportion of other household members infected. Loss of HRV is reduced with a higher proportion of other household members infected. Within households, only children and symptomatic individuals show evidence for transmission, while between households only a higher number of infected older children (ages 5-19) increases the probability of acquisition. Coronaviruses, paramyxoviruses and bocavirus also show evidence of intrahousehold transmission. Simulations show that age-dependent susceptibility and transmission have the largest effects on mean HRV prevalence. CONCLUSIONS: Children are most likely to acquire and most likely to transmit HRV both within and between households, with infectiousness concentrated in symptomatic children. Simulations predict that the spread of HRV and other respiratory tract viruses can be reduced but not eliminated by practices within the home.",
   "publish_time": "2018 Jul 25",
   "authors": [
      "['Adler, Frederick R.', 'Stockmann, Chris', 'Ampofo, Krow', 'Pavia, Andrew T.', 'Byington, Carrie L.']"
   ],
   "journal": "PLoS One",
   "has_full_text": "True",
   "id": "78a8d488d2fa21bd3fedcd4534718376e9333406",
   "fhir_link": "Commercial/Composition/78a8d488d2fa21bd3fedcd4534718376e9333406"
}