{
   "sha": "82e479c9e81790fa8a0dc356b36d389616bf7bad",
   "source_x": "PMC",
   "title": "Hajj, Umrah, and the neglected tropical diseases",
   "doi": "http://dx.doi.org/10.1371/journal.pntd.0006539",
   "pmcid": "PMC6095481",
   "pubmed_id": "30114210",
   "license": "CC BY",
   "publish_time": "2018 Aug 16",
   "authors": [
      "['Almutairi, Mashal M.', 'Alsalem, Waleed Saleh', 'Hassanain, Mazen', 'Hotez, Peter J.']"
   ],
   "journal": "PLoS Negl Trop Dis",
   "has_full_text": "True",
   "id": "82e479c9e81790fa8a0dc356b36d389616bf7bad",
   "fhir_link": "Commercial/Composition/82e479c9e81790fa8a0dc356b36d389616bf7bad"
}