{
   "sha": "d9bc72dcb21981faa5504ca0b2d670013d61dfdf",
   "source_x": "Elsevier",
   "title": "Comparison of Oral Prednisolone/Paracetamol and Oral Indomethacin/Paracetamol Combination Therapy in the Treatment of Acute Goutlike Arthritis: A Double-Blind, Randomized, Controlled Trial",
   "doi": "10.1016/j.annemergmed.2006.11.014",
   "pubmed_id": "17276548",
   "license": "els-covid",
   "abstract": "Study objective We compare the analgesic efficacy and adverse effects of oral prednisolone/acetaminophen and oral indomethacin/acetaminophen combination therapy in the treatment of acute goutlike arthritis in patients presenting to an emergency department (ED). Methods This is a double-blind, randomized, controlled study in a university hospital emergency department (ED) in the New Territories of Hong Kong. Patients older than 17 years and presenting between February 1, 2003, and June 30, 2004, with a clinical diagnosis of goutlike arthritis were randomized to receive either oral prednisolone/acetaminophen or oral indomethacin/acetaminophen combination therapy. Primary outcome measures were pain scores, time to resolution of symptoms and signs, and adverse effects. Secondary outcome measures were the need for additional acetaminophen and relapse rate. Results There were 90 patients randomized: 46 patients to the indomethacin group and 44 patients to the prednisolone group. Baseline characteristics, including pain scores, were similar in the 2 groups. Both treatment groups had a similar decrease in pain score in the ED. The mean rate of decrease in pain score with activity for indomethacin was \u22121.7\u00b11.6 (SD) mm per day and for prednisolone was \u22122.9\u00b12.0 (SD) mm per day (mean difference 1.2 mm/day; 95% confidence interval 0.4 to 2.0 mm/day; P=.0026). Although these differences were statistically significant, at no time was the difference in mean pain score greater than 13 mm. Therefore, it is unclear whether these differences are clinically significant. The mean total dose of acetaminophen consumed by the prednisolone group was significantly more than in the indomethacin group (mean 10.3 g, range 1 to 21 g versus mean 6.4 g, range 1 to 21 g). Twenty-nine patients in the indomethacin group and 12 patients in the prednisolone group experienced adverse effects (P<.05). The commonest adverse effects in the indomethacin group were nausea, indigestion, epigastric pain, dizziness, and gastrointestinal bleeding (N=5; 11%). None of the patients in the prednisolone group developed gastrointestinal bleeding. The relapse rate for both groups was similar. Conclusion In the treatment of acute goutlike arthritis, oral prednisolone/acetaminophen combination is as effective as oral indomethacin/acetaminophen combination in relieving pain but is associated with fewer adverse effects.",
   "publish_time": "2007-05-31",
   "authors": [
      "Man, Chi Yin",
      "Cheung, Ian T.F.",
      "Cameron, Peter A.",
      "Rainer, Timothy H."
   ],
   "journal": "Annals of Emergency Medicine",
   "has_full_text": "True",
   "full_text_file": "custom_license",
   "id": "https://doi.org/10.1016/j.annemergmed.2006.11.014",
   "fhir_link": [
      "PMC/Composition/d9bc72dcb21981faa5504ca0b2d670013d61dfdf"
   ]
}