{
   "sha": "7e232e00ecdab7acda3672d726f5dd10c58f01c8",
   "source_x": "Elsevier",
   "title": "A H1 hemagglutinin of a human influenza A virus with a carbohydrate-modulated receptor binding site and an unusual cleavage site",
   "doi": "10.1016/0168-1702(93)90078-2",
   "pubmed_id": "8460527",
   "license": "els-covid",
   "abstract": "Abstract Two receptor binding variants of the influenza virus A/T\u00fcbingen/12/85 (H1N1) were separated by their different plaque formation in MDCK cells. Hemagglutination of variant I was restricted to red blood cells of guinea pigs, whereas variant II also hemagglutinated chicken cells. The variants differed also in their ability to bind to \u03b12,6-linked sialic acid. Evidence is presented that this difference is determined by a complex carbohydrate side chain at asparagine131 near the receptor binding site which is absent in variant II. With both variants, the arginine found at the cleavage site of all other human isolates analyzed so far was replaced by lysine.",
   "publish_time": "1993-02-28",
   "authors": [
      "G\u00fcnther, I.",
      "Glatthaar, B.",
      "D\u00f6ller, G.",
      "Garten, W."
   ],
   "journal": "Virus Research",
   "has_full_text": "True",
   "full_text_file": "custom_license",
   "id": "https://doi.org/10.1016/0168-1702(93)90078-2",
   "fhir_link": [
      "PMC/Composition/7e232e00ecdab7acda3672d726f5dd10c58f01c8"
   ]
}