{
   "sha": "3fe826257f69f938e7b828852a602a453c09c89b",
   "source_x": "PMC",
   "title": "Canine morbillivirus (canine\u00a0distemper virus) with concomitant canine adenovirus, canine parvovirus-2, and Neospora caninum in puppies: a retrospective immunohistochemical study",
   "doi": "http://dx.doi.org/10.1038/s41598-018-31540-0",
   "pmcid": "PMC6128882",
   "pubmed_id": "30194440",
   "license": "CC BY",
   "abstract": "A retrospective immunohistochemical study was designed to investigate the frequency of concomitant traditional infectious disease pathogens in puppies that died suddenly and review the aspects of associated pathogenesis. Fifteen puppies were evaluated; the pathology reports and histopathologic slides of these animals were reviewed to determine the pattern of histopathologic lesions. The intralesional identification of antigens of canine (distemper) morbillivirus (CDV), canine adenovirus-1 and -2 (CAdV-1 and -2), canine parvovirus-2 (CPV-2), Toxoplasma gondii, and Neospora caninum was evaluated by IHC within the histopathologic patterns observed. All puppies contained CDV nucleic acid by molecular testing. The most frequent histopathologic patterns were intestinal crypt necrosis (n\u2009=\u20098), white matter cerebellar demyelination (n\u2009=\u20097), necrohaemorrhagic hepatitis (n\u2009=\u20097), interstitial pneumonia (n\u2009=\u20097), and gallbladder oedema (n\u2009=\u20095). All puppies contained intralesional antigens of CDV in multiple tissues resulting in singular (n\u2009=\u20093), and concomitant dual (n\u2009=\u20093), triple (n\u2009=\u20095) and quadruple (n\u2009=\u20094) infections by CAdV-1, and -2, CPV-2, and N. caninum; T. gondii was not identified. Concomitant infections by CDV was observed with N. caninum (100%; 1/1), CPV-2 (100%; 8/8), CAdV-1 (100%; 8/8), and CAdV-2 (100%; 8/8). Intralesional antigens of CDV and not CAdV-1 were identified in cases of gallbladder oedema. The \u201cblue eye\u201d phenomenon was histologically characterized by corneal oedema and degenerative lesions to the corneal epithelium, without inflammatory reactions.",
   "publish_time": "2018 Sep 7",
   "authors": [
      "['Headley, Selwyn A.', 'Oliveira, Thalita E. S.', 'Pereira, Alfredo H. T.', 'Moreira, J\u00e9ssica R.', 'Michelazzo, Mariana M. Z.', 'Pires, B\u00e1rbara G.', 'Marutani, Victor Hugo B.', 'Xavier, Ana A. C.', 'Di Santis, Giovana W.', 'Garcia, Jo\u00e3o L.', 'Alfieri, Amauri A.']"
   ],
   "journal": "Sci Rep",
   "has_full_text": "False",
   "id": "3fe826257f69f938e7b828852a602a453c09c89b"
}