{
   "sha": "e42b00e80bf026df842bd77cdc9e673c986aa413",
   "source_x": "PMC",
   "title": "Accounting for non-stationarity in epidemiology by embedding time-varying parameters in stochastic models",
   "doi": "http://dx.doi.org/10.1371/journal.pcbi.1006211",
   "pmcid": "PMC6110518",
   "pubmed_id": "30110322",
   "license": "CC BY",
   "abstract": "The spread of disease through human populations is complex. The characteristics of disease propagation evolve with time, as a result of a multitude of environmental and anthropic factors, this non-stationarity is a key factor in this huge complexity. In the absence of appropriate external data sources, to correctly describe the disease propagation, we explore a flexible approach, based on stochastic models for the disease dynamics, and on diffusion processes for the parameter dynamics. Using such a diffusion process has the advantage of not requiring a specific mathematical function for the parameter dynamics. Coupled with particle MCMC, this approach allows us to reconstruct the time evolution of some key parameters (average transmission rate for instance). Thus, by capturing the time-varying nature of the different mechanisms involved in disease propagation, the epidemic can be described. Firstly we demonstrate the efficiency of this methodology on a toy model, where the parameters and the observation process are known. Applied then to real datasets, our methodology is able, based solely on simple stochastic models, to reconstruct complex epidemics, such as flu or dengue, over long time periods. Hence we demonstrate that time-varying parameters can improve the accuracy of model performances, and we suggest that our methodology can be used as a first step towards a better understanding of a complex epidemic, in situation where data is limited and/or uncertain.",
   "publish_time": "2018 Aug 15",
   "authors": [
      "['Cazelles, Bernard', 'Champagne, Clara', 'Dureau, Joseph']"
   ],
   "journal": "PLoS Comput Biol",
   "has_full_text": "False",
   "id": "e42b00e80bf026df842bd77cdc9e673c986aa413"
}