{
   "sha": "362ff59c268fdb40d5a9689c370beca4f2a16d66",
   "source_x": "PMC",
   "title": "Epidemiology of Severe Acute Respiratory Illness and Risk Factors for Influenza Infection and Clinical Severity among Adults in Malawi, 2011\u20132013",
   "doi": "http://dx.doi.org/10.4269/ajtmh.17-0905",
   "pmcid": "PMC6169174",
   "pubmed_id": "30039785",
   "license": "CC BY",
   "abstract": "Data on the epidemiology of severe acute respiratory illness (SARI) in adults from low-income, high human immunodeficiency virus (HIV) prevalence African settings are scarce. We conducted adult SARI surveillance in Blantyre, Malawi. From January 2011 to December 2013, individuals aged \u2265 15 years with SARI (both inpatients and outpatients) were enrolled at a large teaching hospital in Blantyre, Malawi. Nasopharyngeal aspirates were tested for influenza and other respiratory viruses by polymerase chain reaction. We estimated hospital-attended influenza-positive SARI incidence rates and assessed factors associated with influenza positivity and clinical severity (Modified Early Warning Score > 4). We enrolled 1,126 SARI cases; 163 (14.5%) were positive for influenza. Human immunodeficiency virus prevalence was 50.3%. Annual incidence of hospital-attended influenza-associated SARI was 9.7\u201316.8 cases per 100,000 population. Human immunodeficiency virus was associated with a 5-fold greater incidence (incidence rate ratio 4.91, 95% confidence interval [CI]: 3.83\u20136.32). On multivariable analysis, female gender, as well as recruitment in hot, rainy season (December to March; adjusted odds ratios (aOR): 2.82, 95% CI: 1.57\u20135.06) and cool, dry season (April to August; aOR: 2.47, 95% CI: 1.35\u20134.15), was associated with influenza positivity, whereas influenza-positive patients were less likely to be HIV-infected (aOR: 0.59, 95% CI: 0.43\u20130.80) or have viral coinfection (aOR: 0.51, 95% CI: 0.36\u20130.73). Human immunodeficiency virus infection (aOR: 1.86; 95% CI: 1.35\u20132.56) and recruitment in hot, rainy season (aOR: 4.98, 95% CI: 3.17\u20137.81) were independently associated with clinical severity. In this high HIV prevalence population, influenza was associated with nearly 15% of hospital-attended SARI. Human immunodeficiency virus infection is an important risk factor for clinical severity in all-cause and influenza-associated SARI. Expanded access to HIV testing and antiretroviral treatment, as well as targeted influenza vaccination, may reduce the burden of SARI in Malawi and other high HIV prevalence settings.",
   "publish_time": "2018 Sep 23",
   "authors": [
      "['Ho, Antonia', 'Mallewa, Jane', 'Peterson, Ingrid', 'SanJoaquin, Miguel', 'Garg, Shikha', 'Bar-Zeev, Naor', 'Menyere, Mavis', 'Alaerts, Maaike', 'Mapurisa, Gugulethu', 'Chilombe, Moses', 'Nyirenda, Mulinda', 'Lalloo, David G.', 'Rothe, Camilla', 'Widdowson, Marc-Alain', 'McMorrow, Meredith', 'French, Neil', 'Everett, Dean', 'Heyderman, Robert S.']"
   ],
   "journal": "Am J Trop Med Hyg",
   "has_full_text": "True",
   "id": "362ff59c268fdb40d5a9689c370beca4f2a16d66",
   "fhir_link": "Commercial/Composition/362ff59c268fdb40d5a9689c370beca4f2a16d66.json"
}