{
   "sha": "1d07e497e0b1a4de9c6391e55c5aff384f56260f",
   "source_x": "Elsevier",
   "title": "Isolation anterooms: Important components of airborne infection control",
   "doi": "10.1016/j.ajic.2012.06.004",
   "pubmed_id": "23036479",
   "license": "els-covid",
   "publish_time": "2013-05-31",
   "authors": [
      "Subhash, Shobha S.",
      "Baracco, Gio",
      "Fennelly, Kevin P.",
      "Hodgson, Michael",
      "Radonovich, Lewis J."
   ],
   "journal": "American Journal of Infection Control",
   "has_full_text": "True",
   "full_text_file": "custom_license",
   "id": "https://doi.org/10.1016/j.ajic.2012.06.004",
   "fhir_link": [
      "PMC/Composition/1d07e497e0b1a4de9c6391e55c5aff384f56260f"
   ]
}