{
   "sha": "62a87de16c26fdb905173879c56ec19a2879921f",
   "source_x": "PMC",
   "title": "Blood immune transcriptome analysis of artificially fed dairy calves and naturally suckled beef calves from birth to 7 days of age",
   "doi": "http://dx.doi.org/10.1038/s41598-018-33627-0",
   "pmcid": "PMC6194081",
   "pubmed_id": "30337646",
   "license": "CC BY",
   "abstract": "Neonatal calves possess a very immature and na\u00efve immune system and are reliant on the intake of maternal colostrum for passive transfer of immunoglobulins. Variation in colostrum management of beef and dairy calves is thought to affect early immune development. Therefore, the objective of this study was to examine changes in gene expression and investigate molecular pathways involved in the immune-competence development of neonatal Holstein dairy calves and naturally suckled beef calves using next generation RNA-sequencing during the first week of life. Jugular whole blood samples were collected from Holstein (H) dairy calves (n\u2009=\u20098) artificially fed 5% B.W. colostrum, and from beef calves which were the progenies of Charolais-Limousin (CL; n\u2009=\u20097) and Limousin-Friesian beef suckler cows (LF; n\u2009=\u20097), for subsequent RNA isolation. In dairy calves, there was a surge in pro-inflammatory cytokine gene expression possibly due to the stress of separation from the dam. LF calves exhibited early signs of humoral immune development with observed increases in the expression genes coding for Ig receptors, which was not evident in the other breeds by 7 days of age. Immune and health related DEGs identified as upregulated in beef calves are prospective contender genes for the classification of biomarkers for immune-competence development, and will contribute towards a greater understanding of the development of an immune response in neonatal calves.",
   "publish_time": "2018 Oct 18",
   "authors": [
      "['Surlis, C.', 'Earley, B.', 'McGee, M.', 'Keogh, K.', 'Cormican, P.', 'Blackshields, G.', 'Tiernan, K.', 'Dunn, A.', 'Morrison, S.', 'Arguello, A.', 'Waters, S. M.']"
   ],
   "journal": "Sci Rep",
   "has_full_text": "True",
   "id": "62a87de16c26fdb905173879c56ec19a2879921f",
   "fhir_link": "Commercial/Composition/62a87de16c26fdb905173879c56ec19a2879921f"
}