{
   "sha": "f059cb5b8e364ac854af783fd8c0ada82452ba83",
   "source_x": "Elsevier",
   "title": "Bacteria emitted in ambient air during bronchoscopy\u2014a risk to health care workers?",
   "doi": "10.1016/j.ajic.2016.04.241",
   "pubmed_id": "27388266",
   "license": "els-covid",
   "abstract": "Background Health care workers are at risk of occupational infections, and some procedures are known to increase this risk. The aim of this study was to qualify and quantify bioaerosol concentrations during bronchoscopy to estimate the occupational risk. Methods Full-day sampling was conducted in 2 rooms while bronchoscopies were performed on patients. Two microbial air samplers were used, a wet wall cyclonic sampler and an impactor, on culture media. Identification of the culturable bacterial flora was performed with chromatographic analysis of cellular fatty acid of the isolated strain and additional biochemical tests if needed. Specific polymerase chain reaction analysis was completed on wet wall cyclonic samples for the detection of influenza A and B and Mycobacterium spp. Results A wide variety of bacteria were collected from the ambient air. All samples yielded at least 1 Staphylococcus species. Although most of the culturable bacteria identified were normal nonpathogenic flora, such as Streptococcus spp, Neisseria spp, and Corynebacterium spp, some opportunistic pathogens, such as Streptococcus pneumoniae, were found. Neither Mycobacterium spp nor influenza virus was detected with the polymerase chain reaction method during this study. Conclusions Culturable bacteria from oral, nasal, and pulmonary flora are aerosolized during bronchoscopy and could be inhaled by medical staff. The potential presence of pathogens in those aerosols could represent an occupational infection risk.",
   "publish_time": "2016-12-01",
   "authors": [
      "Marchand, Genevi\u00e8ve",
      "Duchaine, Caroline",
      "Lavoie, Jacques",
      "Veillette, Marc",
      "Cloutier, Yves"
   ],
   "journal": "American Journal of Infection Control",
   "has_full_text": "True",
   "full_text_file": "custom_license",
   "id": "https://doi.org/10.1016/j.ajic.2016.04.241",
   "fhir_link": [
      "PMC/Composition/f059cb5b8e364ac854af783fd8c0ada82452ba83"
   ]
}