{
   "sha": "a693bb011430c79f6ff4e75f26d8c311e782905c",
   "source_x": "Elsevier",
   "title": "Soluble HLA Class I and Class II Molecule Levels in Serum and Cerebrospinal Fluid of Multiple Sclerosis Patients",
   "doi": "10.1016/S0198-8859(97)00004-9",
   "pubmed_id": "9154458",
   "license": "els-covid",
   "abstract": "Abstract Increased concentrations of soluble HLA class I and class II molecules (sHLA-I and sHLA-II) have been observed in infectious, inflammatory, and autoimmune diseases. Because autoimmune mechanisms are considered to play a role in the pathogenesis of multiple sclerosis (MS), we decided to dose sHLA-I and sHLA-II in serum and cerebrospinal fluid (CSF) of MS patients comparing their concentrations with those observed in serum and CSF of patients with other neurologic diseases (OND) without evidence of neuroradiologic involvement of central nervous system (CNS) and in serum of healthy donors. The serum concentrations of sHLA-I were higher in both MS and OND patients than in healthy donors (P < 0.05) whereas sHLA-II serum concentrations were lower in MS patients than in both OND patients and healthy donors (P < 0.01). Detectable amounts of sHLA-II were observed in the CSF of 45% of MS patients and in CSF of only 6% of OND patients (P < 0.001). In MS patients a significant correlation between sHLA-I serum and CSF concentrations was observed (P < 0.01), whereas sHLA-II serum and CSF levels did not correlate. In conclusion, alterations of sHLA-I and sHLA-II serum and CSF concentrations are present in MS patients and could be involved in the induction of enhanced susceptibility to develop MS or in MS pathogenesis.",
   "publish_time": "1997-04-15",
   "authors": [
      "Filaci, Gilberto",
      "Contini, Paola",
      "Brenci, Sabrina",
      "Gazzola, Paola",
      "Lanza, Lorella",
      "Scudeletti, Marco",
      "Indiveri, Francesco",
      "Mancardi, Giovanni Luigi",
      "Puppo, Francesco"
   ],
   "journal": "Human Immunology",
   "has_full_text": "True",
   "full_text_file": "custom_license",
   "id": "https://doi.org/10.1016/S0198-8859(97)00004-9",
   "fhir_link": [
      "PMC/Composition/a693bb011430c79f6ff4e75f26d8c311e782905c"
   ]
}