{
   "sha": "0f91a79b8aec80b0320b6de47b30c38b3fc4a170",
   "source_x": "PMC",
   "title": "Changes in temperature alter the potential outcomes of virus host shifts",
   "doi": "http://dx.doi.org/10.1371/journal.ppat.1007185",
   "pmcid": "PMC6209381",
   "pubmed_id": "30339695",
   "license": "CC BY",
   "abstract": "Host shifts\u2013where a pathogen jumps between different host species\u2013are an important source of emerging infectious disease. With on-going climate change there is an increasing need to understand the effect changes in temperature may have on emerging infectious disease. We investigated whether species\u2019 susceptibilities change with temperature and ask if susceptibility is greatest at different temperatures in different species. We infected 45 species of Drosophilidae with an RNA virus and measured how viral load changes with temperature. We found the host phylogeny explained a large proportion of the variation in viral load at each temperature, with strong phylogenetic correlations between viral loads across temperature. The variance in viral load increased with temperature, while the mean viral load did not. This suggests that as temperature increases the most susceptible species become more susceptible, and the least susceptible less so. We found no significant relationship between a species\u2019 susceptibility across temperatures, and proxies for thermal optima (critical thermal maximum and minimum or basal metabolic rate). These results suggest that whilst the rank order of species susceptibilities may remain the same with changes in temperature, some species may become more susceptible to a novel pathogen, and others less so.",
   "publish_time": "2018 Oct 19",
   "authors": [
      "['Roberts, Katherine E.', 'Hadfield, Jarrod D.', 'Sharma, Manmohan D.', 'Longdon, Ben']"
   ],
   "journal": "PLoS Pathog",
   "has_full_text": "True",
   "id": "0f91a79b8aec80b0320b6de47b30c38b3fc4a170",
   "fhir_link": "Commercial/Composition/0f91a79b8aec80b0320b6de47b30c38b3fc4a170"
}