{
   "sha": "d33f858e29256297e9721a300f968f346aa81b0b",
   "source_x": "PMC",
   "title": "Aminobenzosuberone Scaffold as a Modular Chemical Tool for the Inhibition of Therapeutically Relevant M1 Aminopeptidases",
   "doi": "http://dx.doi.org/10.3390/molecules23102607",
   "pmcid": "PMC6222927",
   "pubmed_id": "30314342",
   "license": "CC BY",
   "abstract": "The synthesis of racemic substituted 7-amino-5,7,8,9-tetrahydrobenzocyclohepten-6-one hydrochlorides was optimized to enhance reproducibility and increase the overall yield. In order to investigate their specificity, series of enzyme inhibition assays were carried out against a diversity of proteases, covering representative members of aspartic, cysteine, metallo and serine endopeptidases and including eight members of the monometallic M1 family of aminopeptidases as well as two members of the bimetallic M17 and M28 aminopeptidase families. This aminobenzosuberone scaffold indeed demonstrated selective inhibition of M1 aminopeptidases to the exclusion of other tested protease families; it was particularly potent against mammalian APN and its bacterial/parasitic orthologues EcPepN and PfAM1.",
   "publish_time": "2018 Oct 11",
   "authors": [
      "['Salomon, Emmanuel', 'Schmitt, Marjorie', 'Marapaka, Anil Kumar', 'Stamogiannos, Athanasios', 'Revelant, Germain', 'Schmitt, C\u00e9line', 'Alavi, Sarah', 'Florent, Isabelle', 'Addlagatta, Anthony', 'Stratikos, Efstratios', 'Tarnus, C\u00e9line', 'Albrecht, S\u00e9bastien']"
   ],
   "journal": "Molecules",
   "has_full_text": "True",
   "id": "d33f858e29256297e9721a300f968f346aa81b0b",
   "fhir_link": "Commercial/Composition/d33f858e29256297e9721a300f968f346aa81b0b"
}