{
   "sha": "1d034e288cb8c4eb1f407a4f61d9c553ea30a670",
   "source_x": "PMC",
   "title": "Seasonal and interannual risks of dengue introduction from South-East Asia into China, 2005-2015",
   "doi": "http://dx.doi.org/10.1371/journal.pntd.0006743",
   "pmcid": "PMC6248995",
   "pubmed_id": "30412575",
   "license": "CC BY",
   "abstract": "Due to worldwide increased human mobility, air-transportation data and mathematical models have been widely used to measure risks of global dispersal of pathogens. However, the seasonal and interannual risks of pathogens importation and onward transmission from endemic countries have rarely been quantified and validated. We constructed a modelling framework, integrating air travel, epidemiological, demographical, entomological and meteorological data, to measure the seasonal probability of dengue introduction from endemic countries. This framework has been applied retrospectively to elucidate spatiotemporal patterns and increasing seasonal risk of dengue importation from South-East Asia into China via air travel in multiple populations, Chinese travelers and local residents, over a decade of 2005\u201315. We found that the volume of airline travelers from South-East Asia into China has quadrupled from 2005 to 2015 with Chinese travelers increased rapidly. Following the growth of air traffic, the probability of dengue importation from South-East Asia into China has increased dramatically from 2005 to 2015. This study also revealed seasonal asymmetries of transmission routes: Sri Lanka and Maldives have emerged as origins; neglected cities at central and coastal China have been increasingly vulnerable to dengue importation and onward transmission. Compared to the monthly occurrence of dengue reported in China, our model performed robustly for importation and onward transmission risk estimates. The approach and evidence could facilitate to understand and mitigate the changing seasonal threat of arbovirus from endemic regions.",
   "publish_time": "2018 Nov 9",
   "authors": [
      "['Lai, Shengjie', 'Johansson, Michael A.', 'Yin, Wenwu', 'Wardrop, Nicola A.', 'van Panhuis, Willem G.', 'Wesolowski, Amy', 'Kraemer, Moritz U. G.', 'Bogoch, Isaac I.', 'Kain, Dylain', 'Findlater, Aidan', 'Choisy, Marc', 'Huang, Zhuojie', 'Mu, Di', 'Li, Yu', 'He, Yangni', 'Chen, Qiulan', 'Yang, Juan', 'Khan, Kamran', 'Tatem, Andrew J.', 'Yu, Hongjie']"
   ],
   "journal": "PLoS Negl Trop Dis",
   "has_full_text": "True",
   "id": "1d034e288cb8c4eb1f407a4f61d9c553ea30a670",
   "fhir_link": "Commercial/Composition/1d034e288cb8c4eb1f407a4f61d9c553ea30a670.json"
}