{
   "sha": "0a124d3aa26def70b2db71f68c89dfe1996daf3e",
   "source_x": "PMC",
   "title": "Euclidean Distance Analysis Enables Nucleotide Skew Analysis in Viral Genomes",
   "doi": "http://dx.doi.org/10.1155/2018/6490647",
   "pmcid": "PMC6232797",
   "pubmed_id": "30510593",
   "license": "CC BY",
   "abstract": "Nucleotide skew analysis is a versatile method to study the nucleotide composition of RNA/DNA molecules, in particular to reveal characteristic sequence signatures. For instance, skew analysis of the nucleotide bias of several viral RNA genomes indicated that it is enriched in the unpaired, single-stranded genome regions, thus creating an even more striking virus-specific signature. The comparison of skew graphs for many virus isolates or families is difficult, time-consuming, and nonquantitative. Here, we present a procedure for a more simple identification of similarities and dissimilarities between nucleotide skew data of coronavirus, flavivirus, picornavirus, and HIV-1 RNA genomes. Window and step sizes were normalized to correct for differences in length of the viral genome. Cumulative skew data are converted into pairwise Euclidean distance matrices, which can be presented as neighbor-joining trees. We present skew value trees for the four virus families and show that closely related viruses are placed in small clusters. Importantly, the skew value trees are similar to the trees constructed by a \u201cclassical\u201d model of evolutionary nucleotide substitution. Thus, we conclude that the simple calculation of Euclidean distances between nucleotide skew data allows an easy and quantitative comparison of characteristic sequence signatures of virus genomes. These results indicate that the Euclidean distance analysis of nucleotide skew data forms a nice addition to the virology toolbox.",
   "publish_time": "2018 Oct 30",
   "authors": [
      "['van Hemert, Formijn', 'Jebbink, Maarten', 'van der Ark, Andries', 'Scholer, Frits', 'Berkhout, Ben']"
   ],
   "journal": "Comput Math Methods Med",
   "has_full_text": "True",
   "id": "0a124d3aa26def70b2db71f68c89dfe1996daf3e",
   "fhir_link": "Commercial/Composition/0a124d3aa26def70b2db71f68c89dfe1996daf3e.json"
}