{
   "sha": "bcf83e40d1a31377cd8c4a2849130aeb78da1991",
   "source_x": "Elsevier",
   "title": "Synthesis and pre-clinical studies of new amino-acid ester thiazolide prodrugs",
   "doi": "10.1016/j.ejmech.2016.09.080",
   "pubmed_id": "27750149",
   "license": "els-covid",
   "abstract": "Abstract Thiazolides are polypharmacology agents with at least three mechanisms of action against a broad spectrum of parasites, bacteria and viruses. In respiratory viruses they inhibit the replication of orthomyxoviridae and paramyxoviridae at a post-translational level. Nitazoxanide 1a, the prototype thiazolide, was originally developed as an antiparasitic agent and later repurposed for the treatment of viral respiratory infections. The second generation thiazolides following nitazoxanide, such as the 5-chloro analogue RM-5038 2a, are also broad-spectrum antiviral agents as we have reported. Both 1a and its effective circulating metabolite, tizoxanide 1b, are 5-nitrothiazole derivatives, while RM-5038 2a and its de-acetyl derivative RM-4848 2b are the corresponding 5-chloro derivatives. Recently 1a has completed phase II-III clinical trials in the United States, Canada, Australia and New Zealand in a total of 2865 adults and adolescents of at least 12 months of age with viral acute respiratory illness. Since its biodisposition is primarily seen in the gastro-intestinal tract, its efficacy in systemic viral diseases requires relatively high oral doses. The chemical synthesis of new derivatives with a better systemic absorption was therefore urgently needed. In order to improve their systemic absorption, new amino-ester prodrug derivatives of 1b and RM4848 2b were prepared and tested for their animal pharmacology, pharmacokinetics and toxicology. RM-5061 8a in rats showed 7-fold higher blood concentration compared to 1a: absolute bioavailability increased from 3 to 20%, with a good safety profile in animal safety pharmacology and toxicology.",
   "publish_time": "2017-01-27",
   "authors": [
      "Stachulski, Andrew V.",
      "Swift, Karl",
      "Cooper, Mark",
      "Reynolds, Stephen",
      "Norton, Daniel",
      "Slonecker, Steven D.",
      "Rossignol, Jean-Fran\u00e7ois"
   ],
   "journal": "European Journal of Medicinal Chemistry",
   "has_full_text": "True",
   "full_text_file": "custom_license",
   "id": "https://doi.org/10.1016/j.ejmech.2016.09.080",
   "fhir_link": [
      "PMC/Composition/bcf83e40d1a31377cd8c4a2849130aeb78da1991"
   ]
}