{
   "sha": "552a4c014407e9ee2861cd1fa3985bff02905411",
   "source_x": "PMC",
   "title": "The Effect of School Closure on Hand, Foot, and Mouth Disease Transmission in Singapore: A Modeling Approach",
   "doi": "http://dx.doi.org/10.4269/ajtmh.18-0099",
   "pmcid": "PMC6283473",
   "pubmed_id": "30350767",
   "license": "CC BY",
   "abstract": "Singapore implements a school closure policy for institutional hand, foot, and mouth disease (HFMD) outbreaks, but there is a lack of empirical evidence on the effect of closure on HFMD transmission. We conducted a retrospective analysis of 197,207 cases of HFMD over the period 2003\u20132012 at the national level and of 57,502 cases in 10,080 institutional outbreaks over the period 2011\u20132016 in Singapore. The effects of school closure due to 1) institutional outbreaks, 2) public holidays, and 3) school vacations were assessed using a Bayesian time series modeling approach. School closure was associated with a reduction in HFMD transmission rate. During public holidays, average numbers of secondary cases having onset the week after dropped by 53% (95% credible interval 44\u201362%), and during school vacations, the number of secondary cases dropped by 7% (95% credible interval 3\u201310%). Schools being temporarily closed in response to an institutional outbreak reduced the average number of new cases by 1,204 (95% credible interval 1,140\u20131,297). Despite the positive effect in reducing transmission, the effect of school closure is relatively small and may not justify the routine use of this measure.",
   "publish_time": "2018 Dec 22",
   "authors": [
      "['Chen, Yirong', 'Badaruddin, Hishamuddin', 'Lee, Vernon J.', 'Cutter, Jeffery', 'Cook, Alex R.']"
   ],
   "journal": "Am J Trop Med Hyg",
   "has_full_text": "False",
   "id": "552a4c014407e9ee2861cd1fa3985bff02905411"
}