{
   "sha": "7154a3fc120086fb8f5657238444e5ea61b8dfa3",
   "source_x": "PMC",
   "title": "A graph-based evidence synthesis approach to detecting outbreak clusters: An application to dog rabies",
   "doi": "http://dx.doi.org/10.1371/journal.pcbi.1006554",
   "pmcid": "PMC6312344",
   "pubmed_id": "30557340",
   "license": "CC BY",
   "abstract": "Early assessment of infectious disease outbreaks is key to implementing timely and effective control measures. In particular, rapidly recognising whether infected individuals stem from a single outbreak sustained by local transmission, or from repeated introductions, is crucial to adopt effective interventions. In this study, we introduce a new framework for combining several data streams, e.g. temporal, spatial and genetic data, to identify clusters of related cases of an infectious disease. Our method explicitly accounts for underreporting, and allows incorporating preexisting information about the disease, such as its serial interval, spatial kernel, and mutation rate. We define, for each data stream, a graph connecting all cases, with edges weighted by the corresponding pairwise distance between cases. Each graph is then pruned by removing distances greater than a given cutoff, defined based on preexisting information on the disease and assumptions on the reporting rate. The pruned graphs corresponding to different data streams are then merged by intersection to combine all data types; connected components define clusters of cases related for all types of data. Estimates of the reproduction number (the average number of secondary cases infected by an infectious individual in a large population), and the rate of importation of the disease into the population, are also derived. We test our approach on simulated data and illustrate it using data on dog rabies in Central African Republic. We show that the outbreak clusters identified using our method are consistent with structures previously identified by more complex, computationally intensive approaches.",
   "publish_time": "2018 Dec 17",
   "authors": [
      "['Cori, Anne', 'Nouvellet, Pierre', 'Garske, Tini', 'Bourhy, Herv\u00e9', 'Nakoun\u00e9, Emmanuel', 'Jombart, Thibaut']"
   ],
   "journal": "PLoS Comput Biol",
   "has_full_text": "False",
   "id": "7154a3fc120086fb8f5657238444e5ea61b8dfa3"
}