{
   "sha": "c879f8e04f5a31f48a2bb3c4ca8b90321018cdb4",
   "source_x": "Elsevier",
   "title": "A prime-boost vaccination protocol optimizes immune responses against the nucleocapsid protein of the SARS coronavirus",
   "doi": "10.1016/j.vaccine.2008.09.006",
   "pubmed_id": "18805454",
   "license": "els-covid",
   "abstract": "Abstract Severe acute respiratory syndrome (SARS) is a serious infectious disease caused by the SARS coronavirus. We assessed the potential of prime-boost vaccination protocols based on the nucleocapsid (NC) protein co-administered with a derivative of the mucosal adjuvant MALP-2 or expressed by modified Vaccinia virus Ankara (MVA\u2013NC) to stimulate humoral and cellular immune responses at systemic and mucosal levels. The obtained results demonstrated that strong immune responses can be elicited both at systemic and mucosal levels following a heterologous prime-boost vaccination protocol consisting in priming with NC protein add-mixed with MALP-2 by intranasal route and boosting with MVA\u2013NC by intramuscular route.",
   "publish_time": "2008-12-02",
   "authors": [
      "Schulze, Kai",
      "Staib, Caroline",
      "Sch\u00e4tzl, Hermann M.",
      "Ebensen, Thomas",
      "Erfle, Volker",
      "Guzman, Carlos A."
   ],
   "journal": "Vaccine",
   "has_full_text": "True",
   "full_text_file": "custom_license",
   "id": "https://doi.org/10.1016/j.vaccine.2008.09.006",
   "fhir_link": [
      "PMC/Composition/c879f8e04f5a31f48a2bb3c4ca8b90321018cdb4"
   ]
}