{
   "sha": "ba24b8b4f656dd857e9b151c22c0619b88c63f65",
   "source_x": "PMC",
   "title": "Recent Advances in AIV Biosensors Composed of Nanobio Hybrid Material",
   "doi": "http://dx.doi.org/10.3390/mi9120651",
   "pmcid": "PMC6316213",
   "pubmed_id": "30544883",
   "license": "CC BY",
   "abstract": "Since the beginning of the 2000s, globalization has accelerated because of the development of transportation systems that allow for human and material exchanges throughout the world. However, this globalization has brought with it the rise of various pathogenic viral agents, such as Middle East respiratory syndrome coronavirus (MERS-CoV), severe acute respiratory syndrome coronavirus (SARS-CoV), Zika virus, and Dengue virus. In particular, avian influenza virus (AIV) is highly infectious and causes economic, health, ethnical, and social problems to human beings, which has necessitated the development of an ultrasensitive and selective rapid-detection system of AIV. To prevent the damage associated with the spread of AIV, early detection and adequate treatment of AIV is key. There are traditional techniques that have been used to detect AIV in chickens, ducks, humans, and other living organisms. However, the development of a technique that allows for the more rapid diagnosis of AIV is still necessary. To achieve this goal, the present article reviews the use of an AIV biosensor employing nanobio hybrid materials to enhance the sensitivity and selectivity of the technique while also reducing the detection time and high-throughput process time. This review mainly focused on four techniques: the electrochemical detection system, electrical detection method, optical detection methods based on localized surface plasmon resonance, and fluorescence.",
   "publish_time": "2018 Dec 9",
   "authors": [
      "['Lee, Taek', 'Ahn, Jae-Hyuk', 'Park, Sun Yong', 'Kim, Ga-Hyeon', 'Kim, Jeonghyun', 'Kim, Tae-Hyung', 'Nam, Inho', 'Park, Chulhwan', 'Lee, Min-Ho']"
   ],
   "journal": "Micromachines (Basel)",
   "has_full_text": "True",
   "id": "ba24b8b4f656dd857e9b151c22c0619b88c63f65",
   "fhir_link": "Commercial/Composition/ba24b8b4f656dd857e9b151c22c0619b88c63f65.json"
}