{
   "sha": "3ad3e6ccff8d461f504ec161ed2069f6a97d3cda",
   "source_x": "PMC",
   "title": "Probing the impact of nairovirus genomic diversity on viral ovarian tumor domain protease (vOTU) structure and deubiquitinase activity",
   "doi": "http://dx.doi.org/10.1371/journal.ppat.1007515",
   "pmcid": "PMC6343935",
   "pubmed_id": "30629698",
   "license": "CC0",
   "abstract": "Post-translational modification of host and viral proteins by ubiquitin (Ub) and Ub-like proteins, such as interferon stimulated gene product 15 (ISG15), plays a key role in response to infection. Viruses have been increasingly identified that contain proteases possessing deubiquitinase (DUB) and/or deISGylase functions. This includes viruses in the Nairoviridae family that encode a viral homologue of the ovarian tumor protease (vOTU). vOTU activity was recently demonstrated to be critical for replication of the often-fatal Crimean-Congo hemorrhagic fever virus, with DUB activity suppressing the type I interferon responses and deISGylase activity broadly removing ISG15 conjugated proteins. There are currently about 40 known nairoviruses classified into fourteen species. Recent genomic characterization has revealed a high degree of diversity, with vOTUs showing less than 25% amino acids identities within the family. Previous investigations have been limited to only a few closely related nairoviruses, leaving it unclear what impact this diversity has on vOTU function. To probe the effects of vOTU diversity on enzyme activity and specificity, we assessed representative vOTUs spanning the Nairoviridae family towards Ub and ISG15 fluorogenic substrates. This revealed great variation in enzymatic activity and specific substrate preferences. A subset of the vOTUs were further assayed against eight biologically relevant di-Ub substrates, uncovering both common trends and distinct preferences of poly-Ub linkages by vOTUs. Four novel X-ray crystal structures were obtained that provide a biochemical rationale for vOTU substrate preferences and elucidate structural features that distinguish the vOTUs, including a motif in the Hughes orthonairovirus species that has not been previously observed in OTU domains. Additionally, structure-informed mutagenesis provided the first direct evidence of a second site involved in di-Ub binding for vOTUs. These results provide new insight into nairovirus evolution and pathogenesis, and further enhances the development of tools for therapeutic purposes.",
   "publish_time": "2019 Jan 10",
   "authors": [
      "['Dzimianski, John V.', 'Beldon, Brianna S.', 'Daczkowski, Courtney M.', 'Goodwin, Octavia Y.', 'Scholte, Florine E. M.', 'Bergeron, \u00c9ric', 'Pegan, Scott D.']"
   ],
   "journal": "PLoS Pathog",
   "has_full_text": "False",
   "id": "3ad3e6ccff8d461f504ec161ed2069f6a97d3cda"
}