{
   "sha": "15ba267bb6ab4bd9a3f47ac74a34796e83ad8ead",
   "source_x": "Elsevier",
   "title": "Antibody-mediated protection against MERS-CoV in the murine model",
   "doi": "10.1016/j.vaccine.2019.05.074",
   "pubmed_id": "31178378",
   "license": "els-covid",
   "abstract": "Abstract Murine antisera with neutralising activity for the coronavirus causative of Middle East respiratory syndrome (MERS) were induced by immunisation of Balb/c mice with the receptor binding domain (RBD) of the viral Spike protein. The murine antisera induced were fully-neutralising in vitro for two separate clinical strains of the MERS coronavirus (MERS-CoV). To test the neutralising capacity of these antisera in vivo, susceptibility to MERS-CoV was induced in naive recipient Balb/c mice by the administration of an adenovirus vector expressing the human DPP4 receptor (Ad5-hDPP4) for MERS-CoV, prior to the passive transfer of the RBD-specific murine antisera to the transduced mice. Subsequent challenge of the recipient transduced mice by the intra-nasal route with a clinical isolate of the MERS-CoV resulted in a significantly reduced viral load in their lungs, compared with transduced mice receiving a negative control antibody. The murine antisera used were derived from mice which had been primed sub-cutaneously with a recombinant fusion of RBD with a human IgG Fc tag (RBD-Fc), adsorbed to calcium phosphate microcrystals and then boosted by the oral route with the same fusion protein in reverse micelles. The data gained indicate that this dual-route vaccination with novel formulations of the RBD-Fc, induced systemic and mucosal anti-viral immunity with demonstrated in vitro and in vivo neutralisation capacity for clinical strains of MERS-CoV.",
   "publish_time": "2019-07-09",
   "authors": [
      "New, R.R.C.",
      "Moore, B.D.",
      "Butcher, W.",
      "Mahood, R.",
      "Lever, M.S.",
      "Smither, S.",
      "O'Brien, L.",
      "Weller, S.A.",
      "Bayliss, M.",
      "Gibson, L.C.D.",
      "Macleod, C.",
      "Bogus, M.",
      "Harvey, R.",
      "Almond, N.",
      "Williamson, E.D."
   ],
   "journal": "Vaccine",
   "has_full_text": "True",
   "full_text_file": "custom_license",
   "id": "https://doi.org/10.1016/j.vaccine.2019.05.074",
   "fhir_link": [
      "PMC/Composition/15ba267bb6ab4bd9a3f47ac74a34796e83ad8ead"
   ]
}