{
   "sha": "837abf94f591d8288f0b9faa53055d2724ff783f",
   "source_x": "PMC",
   "title": "CSF1R antagonism limits local restimulation of antiviral CD8(+) T cells during viral encephalitis",
   "doi": "http://dx.doi.org/10.1186/s12974-019-1397-4",
   "pmcid": "PMC6354430",
   "pubmed_id": "30704498",
   "license": "CC BY",
   "abstract": "BACKGROUND: Microglia are resident macrophages of the central nervous system (CNS) locally maintained through colony-stimulating factor 1 receptor (CSF1R) signaling. Microglial depletion via CSF1R inactivation improves cognition in mouse models of neuroinflammation, but limits virologic control in the CNS of mouse models of neurotropic infections by unknown mechanisms. We hypothesize that CSF1R plays a critical role in myeloid cell responses that restrict viral replication and locally restimulate recruited antiviral T cells within the CNS. METHODS: The impact of CSF1R signaling during West Nile virus infection was assessed in vivo using a mouse model of neurotropic infection. Pharmacological inactivation of CSF1R was achieved using PLX5622 prior to infection with virulent or attenuated strains of West Nile virus (WNV), an emerging neuropathogen. The subsequent effect of CSF1R antagonism on virologic control was assessed by measuring mortality and viral titers in the CNS and peripheral organs. Immune responses were assessed by flow cytometric-based phenotypic analyses of both peripheral and CNS immune cells. RESULTS: Mice treated with CSF1R antagonist prior to infection exhibited higher susceptibility to lethal WNV infection and lack of virologic control in both the CNS and periphery. CSFR1 antagonism reduced B7 co-stimulatory signals on peripheral and CNS antigen-presenting cells (APCs) by depleting CNS cellular sources, which limited local reactivation of CNS-infiltrating virus-specific T cells and reduced viral clearance. CONCLUSIONS: Our results demonstrate the impact of CSF1R antagonism on APC activation in the CNS and periphery and the importance of microglia in orchestrating the CNS immune response following neurotropic viral infection. These data will be an important consideration when assessing the benefit of CSF1R antagonism, which has been investigated as a therapeutic for neurodegenerative conditions, in which neuroinflammation is a contributing factor. ELECTRONIC SUPPLEMENTARY MATERIAL: The online version of this article (10.1186/s12974-019-1397-4) contains supplementary material, which is available to authorized users.",
   "publish_time": "2019 Jan 31",
   "authors": [
      "['Funk, Kristen E.', 'Klein, Robyn S.']"
   ],
   "journal": "J Neuroinflammation",
   "has_full_text": "True",
   "id": "837abf94f591d8288f0b9faa53055d2724ff783f",
   "fhir_link": "Commercial/Composition/837abf94f591d8288f0b9faa53055d2724ff783f"
}