{
   "sha": "846e623e1569169d32f0892ba05e98634aa3755b",
   "source_x": "Elsevier",
   "title": "Emerging viral infections",
   "doi": "10.1016/j.cll.2004.05.002",
   "pubmed_id": "15325064",
   "license": "els-covid",
   "publish_time": "2004-09-30",
   "authors": [
      "Su, John R."
   ],
   "journal": "Clinics in Laboratory Medicine",
   "has_full_text": "True",
   "full_text_file": "custom_license",
   "id": "https://doi.org/10.1016/j.cll.2004.05.002",
   "fhir_link": [
      "PMC/Composition/846e623e1569169d32f0892ba05e98634aa3755b"
   ]
}