{
   "source_x": "CZI",
   "title": "Inhibitors of RAS Might Be a Good Choice for the Therapy of COVID-19 Pneumonia",
   "doi": "10.3760/cma.j.issn.1001-0939.2020.0014",
   "pubmed_id": "32061198",
   "abstract": "The novel coronavirus 2019 (COVID-19) infected patients by binding human ACE2, leading to severe pneumonia and highly mortality rate in patients. At present, there is no definite and effective treatment for COVID-19. ACE2 plays an important role in the RAS, and the imbalance between ACE/Ang II/AT1R pathway and ACE2/Ang (1-7)/Mas receptor pathway in the RAS system will lead to multi-system inflammation. Increased ACE and Ang II are poor prognostic factors for severe pneumonia. Animal studies have shown that RAS inhibitors could effectively relieve symptoms of acute severe pneumonia and respiratory failure. The binding of COVID-19 and ACE2 resulted in the exhaustion of ACE2, and then ACE2/Ang (1-7)/Mas receptor pathway was inhibited. The balance of the RAS system was broken, and this would lead to the exacerbation of acute severe pneumonia. Therefore, we speculate that ACEI and AT1R inhibitors could be used in patients with COVID-19 pneumonia under the condition of controlling blood pressure, and might reduce the pulmonary inflammatory response and mortality.",
   "publish_time": "2020",
   "authors": [
      "Sun, M. L.",
      "Yang, J. M.",
      "Sun, Y. P.",
      "Su, G. H."
   ],
   "journal": "Zhonghua Jie He He Hu Xi Za Zhi",
   "Microsoft Academic Paper ID": "3006039930",
   "WHO #Covidence": "#912",
   "id": "https://www.ncbi.nlm.nih.gov/pubmed/32061198"
}