{
   "sha": "5eb20deb48c231973cf0a796ca1c6898cbf2d07d",
   "source_x": "PMC",
   "title": "Design and Validation with Influenza A Virus of an Aerosol Transmission Chamber for Ferrets",
   "doi": "http://dx.doi.org/10.3390/ijerph16040609",
   "pmcid": "PMC6406687",
   "pubmed_id": "30791478",
   "license": "CC BY",
   "abstract": "Background: The importance of aerosols in the spread of viruses like influenza is still a subject of debate. Indeed, most viruses can also be transmitted through direct contact and droplets. Therefore, the importance of the airborne route in a clinical context is difficult to determine. The aim of this study was to design a chamber system to study the airborne transmission of viruses between ferrets. Methods: A system composed of three chambers connected in series, each one housing one ferret and preventing direct contact, was designed. The chambers were designed to house the ferrets for several days and to study the transmission of viruses from an infected (index) ferret to two na\u00efve ferrets via aerosols and droplets or aerosols only. A particle separator was designed that can be used to modulate the size of the particles traveling between the chambers. The chamber system was validated using standard dust as well as with ferrets infected with influenza A virus. Conclusions: The 50% efficiency cut-off of the separator could be modulated between a 5-\u00b5m and an 8-\u00b5m aerodynamic diameter. In the described setup, influenza A virus was transmitted through the aerosol route in two out of three experiments, and through aerosols and droplets in all three experiments.",
   "publish_time": "2019 Feb 19",
   "authors": [
      "['Turgeon, Nathalie', 'Hamelin, Marie-\u00c8ve', 'Verreault, Daniel', 'L\u00e9vesque, Ariane', 'Rh\u00e9aume, Chantal', 'Carbonneau, Julie', 'Checkmahomed, Liva', 'Girard, Matthieu', 'Boivin, Guy', 'Duchaine, Caroline']"
   ],
   "journal": "Int J Environ Res Public Health",
   "has_full_text": "True",
   "id": "5eb20deb48c231973cf0a796ca1c6898cbf2d07d",
   "fhir_link": "Commercial/Composition/5eb20deb48c231973cf0a796ca1c6898cbf2d07d.json"
}