{
   "sha": "75e9a1c7f1ebb713a2c046578f6eef96719900d4",
   "source_x": "Elsevier",
   "title": "European Resuscitation Council Guidelines for Resuscitation 2010 Section 2. Adult basic life support and use of automated external defibrillators",
   "doi": "10.1016/j.resuscitation.2010.08.009",
   "pubmed_id": "20956051",
   "license": "els-covid",
   "publish_time": "2010-10-31",
   "authors": [
      "Koster, Rudolph W.",
      "Baubin, Michael A.",
      "Bossaert, Leo L.",
      "Caballero, Antonio",
      "Cassan, Pascal",
      "Castr\u00e9n, Maaret",
      "Granja, Cristina",
      "Handley, Anthony J.",
      "Monsieurs, Koenraad G.",
      "Perkins, Gavin D.",
      "Raffay, Violetta",
      "Sandroni, Claudio"
   ],
   "journal": "Resuscitation",
   "has_full_text": "True",
   "full_text_file": "custom_license",
   "id": "https://doi.org/10.1016/j.resuscitation.2010.08.009",
   "fhir_link": [
      "PMC/Composition/75e9a1c7f1ebb713a2c046578f6eef96719900d4"
   ]
}