{
   "sha": "6c25b0ea3f0b05c4e691e24e3be251cb9af26835",
   "source_x": "Elsevier",
   "title": "Unit root properties of crude oil spot and futures prices",
   "doi": "10.1016/j.enpol.2008.03.018",
   "license": "els-covid",
   "abstract": "Abstract In this article, we examine whether WTI and Brent crude oil spot and futures prices (at 1, 3 and 6 months to maturity) contain a unit root with one and two structural breaks, employing weekly data over the period 1991\u20132004. To realise this objective we employ Lagrange multiplier (LM) unit root tests with one and two endogenous structural breaks proposed by Lee and Strazicich [2003. Minimum Lagrange multiplier unit root test with two structural breaks. Review of Economics and Statistics, 85, 1082\u20131089; 2004. Minimum LM unit root test with one structural break. Working Paper no. 04\u201317, Department of Economics, Appalachian State University]. We find that each of the oil price series can be characterised as a random walk process and that the endogenous structural breaks are significant and meaningful in terms of events that have impacted on world oil markets.",
   "publish_time": "2008-07-31",
   "authors": [
      "Maslyuk, Svetlana",
      "Smyth, Russell"
   ],
   "journal": "Energy Policy",
   "has_full_text": "True",
   "full_text_file": "custom_license",
   "id": "https://doi.org/10.1016/j.enpol.2008.03.018",
   "fhir_link": [
      "PMC/Composition/6c25b0ea3f0b05c4e691e24e3be251cb9af26835"
   ]
}