{
   "sha": "ccdad2ec94a4e7dfd973faea6ce2fb7854b6bde8",
   "source_x": "PMC",
   "title": "Acute Flaccid Myelitis: Something Old and Something New",
   "doi": "http://dx.doi.org/10.1128/mBio.00521-19",
   "pmcid": "PMC6445942",
   "pubmed_id": "30940708",
   "license": "CC BY",
   "abstract": "Since 2014, acute flaccid myelitis (AFM), a long-recognized condition associated with polioviruses, nonpolio enteroviruses, and various other viral and nonviral causes, has been reemerging globally in epidemic form. This unanticipated reemergence is ironic, given that polioviruses, once the major causes of AFM, are now at the very threshold of global eradication and cannot therefore explain any aspect of AFM reemergence. Instead, the new AFM epidemic has been temporally associated with reemergences of nonpolio enteroviruses such as EV-D68, until recently thought to be an obscure virus of extremely low endemicity. This perspective reviews the enigmatic epidemiologic, virologic, and diagnostic aspects of epidemic AFM reemergence; examines current options for clinical management; discusses future research needs; and suggests that the AFM epidemic offers important clues to mechanisms of viral disease emergence.",
   "publish_time": "2019 Apr 2",
   "authors": [
      "['Morens, David M.', 'Folkers, Gregory K.', 'Fauci, Anthony S.']"
   ],
   "journal": "mBio",
   "has_full_text": "True",
   "id": "ccdad2ec94a4e7dfd973faea6ce2fb7854b6bde8",
   "fhir_link": "Commercial/Composition/ccdad2ec94a4e7dfd973faea6ce2fb7854b6bde8"
}