{
   "source_x": "CZI",
   "title": "Novel coronavirus pneumonia related liver injury: etiological analysis and treatment strategy",
   "doi": "10.3760/cma.j.issn.1007-3418.2020.02.001",
   "pubmed_id": "32075364",
   "abstract": "The outbreak of novel coronavirus pneumonia(NCP) caused by 2019\u00a0novel coronavirus has become a global public health challenge. Some patients accompany with liver function damage in addition to the main typical respiratory symptom. Here we analyzed the clinical features, susceptible population, potential causes and therapeutic strategies of NCP related liver injury.",
   "publish_time": "2020",
   "authors": [
      "Hu, L. L.",
      "Wang, W. J.",
      "Zhu, Q. J.",
      "Yang, L."
   ],
   "journal": "Zhonghua Gan Zang Bing Za Zhi",
   "Microsoft Academic Paper ID": "2076942479",
   "WHO #Covidence": "#2261",
   "id": "https://www.ncbi.nlm.nih.gov/pubmed/32075364"
}