{
   "sha": "02753048c4dc699d155288935b9dc6517a79f279",
   "source_x": "PMC",
   "title": "Rabies-based vaccine induces potent immune responses against Nipah virus",
   "doi": "http://dx.doi.org/10.1038/s41541-019-0109-5",
   "pmcid": "PMC6465360",
   "pubmed_id": "31016033",
   "license": "CC BY",
   "abstract": "Nipah Virus (NiV) is a re-emerging zoonotic pathogen in the genus Henipavirus of the Paramyxoviridae family of viruses. NiV is endemic to Bangladesh and Malaysia and is highly fatal to both livestock and humans (human case fatality rate\u2009=\u200974.5%). Currently, there is no approved vaccine against NiV on the market. The goal of this study was to use a recombinant RABV vector expressing NiV glycoprotein (NiV G) to develop a bivalent candidate vaccine against NiV disease and rabies virus (RABV) disease, which is also a significant health burden in the regions where NiV is endemic. The rabies vector is a well-established vaccine strain that lacks neurovirulence and can stably expresses foreign antigens that are immunogenic in various animal models. Mice inoculated intranasally with the live recombinant RABV/NiV vaccine (NIPARAB) showed no signs of disease. To test the immunogenicity of the vaccine candidate, groups of C57BL/6 mice were immunized intramuscularly with a single dose of live vaccine particles or two doses of chemically inactivated viral particles. Both vaccination groups showed NiV G-specific seroconversion, and the inactivated (INAC) vaccine group yielded higher titers of NiV G-specific antibodies. Furthermore, cross-reactivity of NiV G-specific immune sera against Hendra virus (HeV), was confirmed by immunofluorescence (IF) and indirect ELISA against soluble recombinant HeV glycoprotein (HeV G). Both live and killed vaccines induced neutralizing antibodies. These results indicate that NIPARAB may be used as a killed virus vaccine to protect humans against NiV and RABV, and possibly as a preventative measure against HeV as well.",
   "publish_time": "2019 Apr 15",
   "authors": [
      "['Keshwara, Rohan', 'Shiels, Thomas', 'Postnikova, Elena', 'Kurup, Drishya', 'Wirblich, Christoph', 'Johnson, Reed F.', 'Schnell, Matthias J.']"
   ],
   "journal": "NPJ Vaccines",
   "has_full_text": "True",
   "id": "02753048c4dc699d155288935b9dc6517a79f279",
   "fhir_link": "Commercial/Composition/02753048c4dc699d155288935b9dc6517a79f279"
}