{
   "source_x": "CZI",
   "title": "Understanding COVID-19 new diagnostic guidelines - a message of reassurance from an internal medicine doctor in Shanghai",
   "doi": "10.4414/smw.2020.20216",
   "pubmed_id": "32134111",
   "publish_time": "2020",
   "authors": [
      "Bischof, E.",
      "Chen, G.",
      "Ferretti, M. T."
   ],
   "journal": "Swiss medical weekly",
   "Microsoft Academic Paper ID": "2073887351",
   "WHO #Covidence": "#5063",
   "id": "https://www.ncbi.nlm.nih.gov/pubmed/32134111"
}