{
   "sha": "4c53844f8deb79b66a4dd8b5a8c47654b0d4d7ec",
   "source_x": "PMC",
   "title": "The 2017 Oslo conference report on neglected tropical diseases and emerging/re-emerging infectious diseases \u2013 focus on populations underserved",
   "doi": "http://dx.doi.org/10.1186/s40249-019-0550-8",
   "pmcid": "PMC6537383",
   "pubmed_id": "31138293",
   "license": "CC BY",
   "abstract": "BACKGROUND: In 2017, the Centre for Global Health (CGH) at the University of Oslo in collaboration with the Coalition for Epidemic Preparedness Innovations (CEPI) and the Norwegian Agency for Development Cooperation (Norad) held a meeting to discuss together with leading figures in disease control, research and development the issue of neglected tropical diseases and emerging/re-emerging infectious diseases. This commentary has taken up this discussion and the conclusions drawn at this meeting to make a case for the opportunity the Sustainable Development Goals (SDGs) provide in highlighting the interconnectedness of factors that are relevant in the successful fight against neglected tropical diseases (NTDs) and emerging infectious diseases (EIDS). MAIN BODY: Despite NTDs being endemic and EIDS being epidemic, in order to prevent both disease groups effectively, it is important to appreciate that they share essential health determining factors, namely: neglect, poverty, a lack of access to clean water and sanitation facilities and an absence of or severely limited provision of healthcare as well as in many cases a zoonotic nature. Instead of looking to \u201csimple disease management\u201d for the answer, the SDGs help to understand the interplay of multiple priority areas and thereby help to promote a more holistic approach to addressing these two disease groups. CONCLUSIONS: Their commonalities mean that the Global Health community should leverage opportunities and efforts in the prevention and elimination of both NTDs and EIDs. Doing so using a One Health approach is considered to offer a \u201cpublic health best-buy\u201d. Concrete solutions are proposed. ELECTRONIC SUPPLEMENTARY MATERIAL: The online version of this article (10.1186/s40249-019-0550-8) contains supplementary material, which is available to authorized users.",
   "publish_time": "2019 May 28",
   "authors": [
      "['Klohe, Katharina', 'Amuasi, John', 'Kaducu, Joyce Moriku', 'Haavardsson, Ingeborg', 'Bogatyreva, Ekaterina', 'Onarheim, Kristine Hus\u00f8y', 'Harrison, Wendy', 'Kristensen, Frederik', 'Prazeres da Costa, Clarissa', 'Winkler, Andrea S.']"
   ],
   "journal": "Infect Dis Poverty",
   "has_full_text": "False",
   "id": "4c53844f8deb79b66a4dd8b5a8c47654b0d4d7ec"
}