{
   "sha": "1a114132f3004afd9775e844cddbaa82615c3fa5",
   "source_x": "Elsevier",
   "title": "R\u00f4le des infections rhino-sinusiennes dans le d\u00e9clenchement des pathologies allergiques et inflammatoires",
   "doi": "10.1016/S0335-7457(98)80038-5",
   "license": "els-covid",
   "abstract": "Summary Much controversy still exists about the role of viruses, bacteria and fungi in nasal sinus diseases. Viral rhinitis alone does not seem to be able to elicit clinical acute sinusitis. Bacteria determine the clinical picture and outcome of sinusitis. S. pneumoniae, H. influenzae and M. catarrhalis are the bacteria most frequently involved. Much more conflicting reports are published about normal sinus flora, the role of anaerobes and the microbiology of chronic sinusitis. The relationship between infectious and allergic diseases ise more difficult to explain. It is shown that, in particular viruses can induce the release of inflammatory mediators and modify the inflammatory process. Their role in epithelial damage, excitation of nerve fibers, sensitization of inflammatory cells, and therefore, in general hyperreactivity has also been reported. Finally, with regard to sinusitis, different hypothesis have been proposed to explain the possible links with bronchial hyperreactivity.",
   "publish_time": "1998-12-31",
   "authors": [
      "Van Cauwenberge, P.",
      "Watelet, J.B."
   ],
   "journal": "Revue Fran\u00e7aise d'Allergologie et d'Immunologie Clinique",
   "has_full_text": "True",
   "full_text_file": "custom_license",
   "id": "https://doi.org/10.1016/S0335-7457(98)80038-5",
   "fhir_link": [
      "PMC/Composition/1a114132f3004afd9775e844cddbaa82615c3fa5"
   ]
}