{
   "sha": "18e79c7bc5c2ff745e135263508a5484f2d4c2f9",
   "source_x": "Elsevier",
   "title": "Human exhalation characterization with the aid of schlieren imaging technique",
   "doi": "10.1016/j.buildenv.2016.11.032",
   "license": "els-covid",
   "abstract": "Abstract The purpose of this paper is to determine the dispersion and distribution characteristics of exhaled airflow for accurate prediction of disease transmission. The development of airflow dynamics of human exhalation was characterized using nonhazardous schlieren photography technique, providing a visualization and quantification of turbulent exhaled airflow from 18 healthy human subjects whilst standing and lying. The flow shape of each breathing pattern was characterized by two angles and averaged values of 18 subjects. Two exhaled air velocities, u m and u p , were measured and compared. The mean peak centerline velocity, u m was found to decay correspondingly with increasing horizontal distance x in a form of power function. The mean propagation velocity, u p was found to correlate with physiological parameters of human subjects. This was always lower than u m at the mouth/nose opening, due to a vortex like airflow in front of a single exhalation cycle. When examining the talking and breathing process between two persons, the potential infectious risk was found to depend on their breathing patterns and spatial distribution of their exhaled air. Our study when combined with information on generation and distributions of pathogens could provide a prediction method and control strategy to minimize infection risk between persons in indoor environments.",
   "publish_time": "2017-02-01",
   "authors": [
      "Xu, Chunwen",
      "Nielsen, Peter V.",
      "Liu, Li",
      "Jensen, Rasmus L.",
      "Gong, Guangcai"
   ],
   "journal": "Building and Environment",
   "has_full_text": "True",
   "full_text_file": "custom_license",
   "id": "https://doi.org/10.1016/j.buildenv.2016.11.032",
   "fhir_link": [
      "PMC/Composition/18e79c7bc5c2ff745e135263508a5484f2d4c2f9"
   ]
}