{
   "sha": "da77b57aa291d1174c30c2e07f56ec327564fb54",
   "source_x": "PMC",
   "title": "Animals as Reservoir for Human Norovirus",
   "doi": "http://dx.doi.org/10.3390/v11050478",
   "pmcid": "PMC6563253",
   "pubmed_id": "31130647",
   "license": "CC BY",
   "abstract": "Norovirus is the most common cause of non-bacterial gastroenteritis and is a burden worldwide. The increasing norovirus diversity is currently categorized into at least 10 genogroups which are further classified into more than 40 genotypes. In addition to humans, norovirus can infect a broad range of hosts including livestock, pets, and wild animals, e.g., marine mammals and bats. Little is known about norovirus infections in most non-human hosts, but the close genetic relatedness between some animal and human noroviruses coupled with lack of understanding where newly appearing human norovirus genotypes and variants are emerging from has led to the hypothesis that norovirus may not be host restricted and might be able to jump the species barrier. We have systematically reviewed the literature to describe the diversity, prevalence, and geographic distribution of noroviruses found in animals, and the pathology associated with infection. We further discuss the evidence that exists for or against interspecies transmission including surveillance data and data from in vitro and in vivo experiments.",
   "publish_time": "2019 May 25",
   "authors": [
      "['Villabruna, Nele', 'Koopmans, Marion P. G.', 'de Graaf, Miranda']"
   ],
   "journal": "Viruses",
   "has_full_text": "True",
   "id": "da77b57aa291d1174c30c2e07f56ec327564fb54",
   "fhir_link": "Commercial/Composition/da77b57aa291d1174c30c2e07f56ec327564fb54.json"
}