{
   "sha": "d300bc4b7cec3731d56241c2de486cacdc23a37b",
   "source_x": "PMC",
   "title": "Transcriptome analysis of responses to bluetongue virus infection in Aedes albopictus cells",
   "doi": "http://dx.doi.org/10.1186/s12866-019-1498-3",
   "pmcid": "PMC6558886",
   "pubmed_id": "31182015",
   "license": "CC BY",
   "abstract": "BACKGROUND: Bluetongue virus (BTV) causes a disease among wild and domesticated ruminants which is not contagious, but which is transmitted by biting midges of the Culicoides species. BTV can induce an intense cytopathic effect (CPE) in mammalian cells after infection, although Culicoides- or mosquito-derived cell cultures cause non-lytic infection with BTV without CPE. However, little is known about the transcriptome changes in Aedes albopictus cells infected with BTV. METHODS: Transcriptome sequencing was used to identify the expression pattern of mRNA transcripts in A. albopictus cells infected with BTV, given the absence of the Culicoides genome sequence. Bioinformatics analyses were performed to examine the biological functions of the differentially expressed genes. Subsequently, quantitative reverse transcription\u2013polymerase chain reaction was utilized to validate the sequencing data. RESULTS: In total, 51,850,205 raw reads were generated from the BTV infection group and 51,852,293 from the control group. A total of 5769 unigenes were common to both groups; only 779 unigenes existed exclusively in the infection group and 607 in the control group. In total, 380 differentially expressed genes were identified, 362 of which were up-regulated and 18 of which were down-regulated. Bioinformatics analyses revealed that the differentially expressed genes mainly participated in endocytosis, FoxO, MAPK, dorso-ventral axis formation, insulin resistance, Hippo, and JAK-STAT signaling pathways. CONCLUSION: This study represents the first attempt to investigate transcriptome-wide dysregulation in A. albopictus cells infected with BTV. The understanding of BTV pathogenesis and virus\u2013vector interaction will be improved by global transcriptome profiling. ELECTRONIC SUPPLEMENTARY MATERIAL: The online version of this article (10.1186/s12866-019-1498-3) contains supplementary material, which is available to authorized users.",
   "publish_time": "2019 Jun 10",
   "authors": [
      "['Du, Junzheng', 'Gao, Shandian', 'Tian, Zhancheng', 'Guo, Yanni', 'Kang, Di', 'Xing, Shanshan', 'Zhang, Guorui', 'Liu, Guangyuan', 'Luo, Jianxun', 'Chang, Huiyun', 'Yin, Hong']"
   ],
   "journal": "BMC Microbiol",
   "has_full_text": "True",
   "id": "d300bc4b7cec3731d56241c2de486cacdc23a37b",
   "fhir_link": "Commercial/Composition/d300bc4b7cec3731d56241c2de486cacdc23a37b"
}