{
   "sha": "eba0fa2089d19236b36e5b786c1d60e1d083f738",
   "source_x": "PMC",
   "title": "Relationship of \u03b12\u2010Macroglobulin with Steroid\u2010Induced Femoral Head Necrosis: A Chinese Population\u2010Based Association Study in Southeast China",
   "doi": "http://dx.doi.org/10.1111/os.12492",
   "pmcid": "PMC6595108",
   "pubmed_id": "31243924",
   "license": "CC BY",
   "abstract": "OBJECTIVE: The present study aimed to identify the relationship of \u03b1\u20102\u2010macroglobulin and microvascular vessel pathology with steroid\u2010induced femoral head necrosis in the Southeast Chinese population. METHODS: This study enrolled 40 patients diagnosed with steroid\u2010induced necrosis of the femoral head. Patients had various stages of femoral head necrosis. The differential expression of serum proteins and mRNA from patients with steroid\u2010induced necrosis of the femoral head (SINFH) and healthy volunteers was analyzed by western blot and quantitative polymerase chain reaction (QT\u2010PCR). The pathological change in osteocyte necrosis was indicated by hematoxylin and eosin stain and immunohistochemistry. RESULTS: Hematoxylin and eosin stain showed histopathology changes in the necrotic area of patients with steroid\u2010induced INFH: bone trabeculae were fewer and thinner, became broken, fragmented and structurally disordered; intraosseous adipose cells became enlarged; the arrangement of the osteoblasts became irregular; and vacant bone lacunae increased. QT\u2010PCR showed significantly lower levels of \u03b1\u20102\u2010macroglobulin in the serum of patients with SINFH than in controls (P < 0.05). Immunohistochemical staining and western blotting demonstrated that the expression of \u03b1\u20102\u2010macroglobulin was significantly decreased in the necrotic area of SINFH patients (P < 0.05). CONCLUSION: The \u03b1\u20102\u2010macroglobulin may be associated with the pathology of SINFH. The multiple pathological reactions occur in SINFH and \u03b1\u20102\u2010macroglobulin may serve as a potential biomarker for the diagnosis of SINFH or a promising therapeutic target.",
   "publish_time": "2019 Jun 26",
   "authors": [
      "['Fang, Shan\u2010hong', 'Li, Yong\u2010feng', 'Jiang, Jia\u2010run', 'Chen, Peng']"
   ],
   "journal": "Orthop Surg",
   "has_full_text": "True",
   "id": "eba0fa2089d19236b36e5b786c1d60e1d083f738",
   "fhir_link": "Commercial/Composition/eba0fa2089d19236b36e5b786c1d60e1d083f738"
}