{
   "sha": "641250a7e9d096165233d7b850218598a8e66715",
   "source_x": "PMC",
   "title": "Structural definition of a neutralization epitope on the N-terminal domain of MERS-CoV spike glycoprotein",
   "doi": "http://dx.doi.org/10.1038/s41467-019-10897-4",
   "pmcid": "PMC6624210",
   "pubmed_id": "31296843",
   "license": "CC BY",
   "abstract": "Most neutralizing antibodies against Middle East respiratory syndrome coronavirus (MERS-CoV) target the receptor-binding domain (RBD) of the spike glycoprotein and block its binding to the cellular receptor dipeptidyl peptidase 4 (DPP4). The epitopes and mechanisms of mAbs targeting non-RBD regions have not been well characterized yet. Here we report the monoclonal antibody 7D10 that binds to the N-terminal domain (NTD) of the spike glycoprotein and inhibits the cell entry of MERS-CoV with high potency. Structure determination and mutagenesis experiments reveal the epitope and critical residues on the NTD for 7D10 binding and neutralization. Further experiments indicate that the neutralization by 7D10 is not solely dependent on the inhibition of DPP4 binding, but also acts after viral cell attachment, inhibiting the pre-fusion to post-fusion conformational change of the spike. These properties give 7D10 a wide neutralization breadth and help explain its synergistic effects with several RBD-targeting antibodies.",
   "publish_time": "2019 Jul 11",
   "authors": [
      "['Zhou, Haixia', 'Chen, Yingzhu', 'Zhang, Shuyuan', 'Niu, Peihua', 'Qin, Kun', 'Jia, Wenxu', 'Huang, Baoying', 'Zhang, Senyan', 'Lan, Jun', 'Zhang, Linqi', 'Tan, Wenjie', 'Wang, Xinquan']"
   ],
   "journal": "Nat Commun",
   "has_full_text": "False",
   "id": "641250a7e9d096165233d7b850218598a8e66715"
}