{
   "sha": "2c2451c2b71dca8b14e18a3f25692df36f1cff04",
   "source_x": "Elsevier",
   "title": "Tissue distribution of the antigenic variants of canine parvovirus type 2 in dogs",
   "doi": "10.1016/j.vetmic.2006.11.005",
   "pubmed_id": "17169509",
   "license": "els-covid",
   "abstract": "Abstract Twelve dogs dead as consequence of natural infection caused by canine parvovirus (CPV) type 2a (n =4), type 2b (n =4) or type 2c (n =4) were investigated for determining the viral DNA loads in different tissue samples. By means of a real-time PCR assay, CPV DNA was detected in all tissues examined, with the highest titres observed in the lymphoid tissue and the lowest loads in the urinary tract. Surprisingly, the nervous tissue was found to contain considerable amounts of CPV nucleic acid. Similar patterns of tissue distribution were observed in all the examined dogs irrespective of the antigenic variant causing the disease.",
   "publish_time": "2007-03-31",
   "authors": [
      "Decaro, Nicola",
      "Martella, Vito",
      "Elia, Gabriella",
      "Desario, Costantina",
      "Campolo, Marco",
      "Lorusso, Eleonora",
      "Colaianni, Maria Loredana",
      "Lorusso, Alessio",
      "Buonavoglia, Canio"
   ],
   "journal": "Veterinary Microbiology",
   "has_full_text": "True",
   "full_text_file": "custom_license",
   "id": "https://doi.org/10.1016/j.vetmic.2006.11.005",
   "fhir_link": [
      "PMC/Composition/2c2451c2b71dca8b14e18a3f25692df36f1cff04"
   ]
}