{
   "sha": "af92c6b29f579151999d766c4208146088aa12c6",
   "source_x": "PMC",
   "title": "Cholesterol-25-hydroxylase Is a Chicken ISG That Restricts ALV-J Infection by Producing 25-hydroxycholesterol",
   "doi": "http://dx.doi.org/10.3390/v11060498",
   "pmcid": "PMC6631237",
   "pubmed_id": "31151272",
   "license": "CC BY",
   "abstract": "The avian leukosis virus subgroup J (ALV-J) belongs to the chicken retrovirus that causes enormous economic losses in the poultry industry. Interferon-stimulated genes (ISGs) are critical for controlling virus infections. Here, we identified 897 type I ISGs induced by interferon-\u03b1 (IFN-\u03b1) in chicken peripheral blood mononuclear cell (PBMC) by RNA-Seq. In addition, we further identified 152 potential anti-ALV-J chicken type I ISGs. Among these potential anti-ALV-J ISGs, chicken cholesterol 25-hydroxylase (chCH25H) was selected for further antiviral mechanism studies in chicken embryo fibroblast cell lines (DF1). The gene chCH25H is located on chromosome 6 and clustered in a distinct group with mammals CH25H in the phylogenetic tree. The core promoter region of chCH25H was located within \u221275/\u22121 sequence. We found that chCH25H was induced by chicken IFN-\u03b1 and ALV-J in DF1 cells. The overexpression of chCH25H significantly inhibited ALV-J replication in DF1 cells at 48 h post infection (hpi). In addition, ALV-J replication was significantly enhanced in the chCH25H- knockout DF1 cells. Furthermore, we demonstrated that chCH25H restricted ALV-J infection through the production of 25-hydroxycholesterol (25HC), rather than type I and II interferon. Our results identified 152 potential anti-ALV-J chicken type I ISGs and revealed that 25HC, the product of chCH25H, could be used as a natural antiviral agent to control ALV-J infection.",
   "publish_time": "2019 May 30",
   "authors": [
      "['Xie, Tingting', 'Feng, Min', 'Dai, Manman', 'Mo, Guodong', 'Ruan, Zhuohao', 'Wang, Guiyan', 'Shi, Meiqing', 'Zhang, Xiquan']"
   ],
   "journal": "Viruses",
   "has_full_text": "True",
   "id": "af92c6b29f579151999d766c4208146088aa12c6",
   "fhir_link": "Commercial/Composition/af92c6b29f579151999d766c4208146088aa12c6.json"
}