{
   "sha": "4f9e5f57915482696a9942c05feb6086bfa4d3f3",
   "source_x": "PMC",
   "title": "A cell-based assay for CD63-containing extracellular vesicles",
   "doi": "http://dx.doi.org/10.1371/journal.pone.0220007",
   "pmcid": "PMC6655660",
   "pubmed_id": "31339911",
   "license": "CC BY",
   "abstract": "Extracellular vesicles (EVs) are thought to be important in cell-cell communication and have elicited extraordinary interest as potential biomarkers of disease. However, quantitative methods to enable elucidation of mechanisms underlying release are few. Here, we describe a cell-based assay for monitoring EV release using the EV-enriched tetraspanin CD63 fused to the small, ATP-independent reporter enzyme, Nanoluciferase. Release of CD63-containing EVs from stably expressing cell lines was monitored by comparing luciferase activity in culture media to that remaining in cells. HEK293, U2OS, U87 and SKMel28 cells released 0.3%-0.6% of total cellular CD63 in the form of EVs over 5 hrs, varying by cell line. To identify cellular machinery important for secretion of CD63-containing EVs, we performed a screen of biologically active chemicals in HEK293 cells. While a majority of compounds did not significantly affect EV release, treating cells with the plecomacrolides bafilomycin or concanamycin, known to inhibit the V-ATPase, dramatically increased EV release. Interestingly, alkalization of the endosomal lumen using weak bases had no effect, suggesting a pH-independent enhancement of EV release by V-ATPase inhibitors. The ability to quantify EVs in small samples will enable future detailed studies of release kinetics as well as further chemical and genetic screening to define pathways involved in EV secretion.",
   "publish_time": "2019 Jul 24",
   "authors": [
      "['Cashikar, Anil G.', 'Hanson, Phyllis I.']"
   ],
   "journal": "PLoS One",
   "has_full_text": "False",
   "id": "4f9e5f57915482696a9942c05feb6086bfa4d3f3"
}