{
   "sha": "8e7aa7140ee7e3c82c78c1aa4cf0cb2583e8d9bd",
   "source_x": "PMC",
   "title": "The Nucleoprotein and Phosphoprotein of Peste des Petits Ruminants Virus Inhibit Interferons Signaling by Blocking the JAK-STAT Pathway",
   "doi": "http://dx.doi.org/10.3390/v11070629",
   "pmcid": "PMC6669484",
   "pubmed_id": "31288481",
   "license": "CC BY",
   "abstract": "Peste des petits ruminants virus (PPRV) is associated with global peste des petits ruminants resulting in severe economic loss. Peste des petits ruminants virus dampens host interferon-based signaling pathways through multiple mechanisms. Previous studies deciphered the role of V and C in abrogating IFN-\u03b2 production. Moreover, V protein directly interacted with signal transducers and activators of transcription 1 (STAT1) and STAT2 resulting in the impairment of host IFN responses. In our present study, PPRV infection inhibited both IFN-\u03b2- and IFN-\u03b3-induced activation of IFN-stimulated response element (ISRE) and IFN-\u03b3-activated site (GAS) element, respectively. Both N and P proteins, functioning as novel IFN response antagonists, markedly suppressed IFN-\u03b2-induced ISRE and IFN-\u03b3-induced GAS promoter activation to impair downstream upregulation of various interferon-stimulated genes (ISGs) and prevent STAT1 nuclear translocation. Specifically, P protein interacted with STAT1 and subsequently inhibited STAT1 phosphorylation, whereas N protein neither interacted with STAT1 nor inhibited STAT1 phosphorylation as well as dimerization, suggesting that the N and P protein antagonistic effects were different. Though they differed in their relationship to STAT1, both proteins blocked JAK-STAT signaling, severely negating the host antiviral immune response. Our study revealed a new mechanism employed by PPRV to evade host innate immune response, providing a platform to study the interaction of paramyxoviruses and host response.",
   "publish_time": "2019 Jul 8",
   "authors": [
      "['Li, Pengfei', 'Zhu, Zixiang', 'Zhang, Xiangle', 'Dang, Wen', 'Li, Linlin', 'Du, Xiaoli', 'Zhang, Miaotao', 'Wu, Chunyan', 'Xue, Qinghong', 'Liu, Xiangtao', 'Zheng, Haixue', 'Nan, Yuchen']"
   ],
   "journal": "Viruses",
   "has_full_text": "True",
   "id": "8e7aa7140ee7e3c82c78c1aa4cf0cb2583e8d9bd",
   "fhir_link": "Commercial/Composition/8e7aa7140ee7e3c82c78c1aa4cf0cb2583e8d9bd"
}