{
   "sha": "9d95f1b1378f8e77b29b5210d65b610878857135",
   "source_x": "Elsevier",
   "title": "The nucleoside analog GS-441524 strongly inhibits feline infectious peritonitis (FIP) virus in tissue culture and experimental cat infection studies",
   "doi": "10.1016/j.vetmic.2018.04.026",
   "pubmed_id": "29778200",
   "license": "els-covid",
   "abstract": "Abstract Feline infectious peritonitis (FIP) is a common and highly lethal coronavirus disease of domestic cats. Recent studies of diseases caused by several RNA viruses in people and other species indicate that antiviral therapy may be effective against FIP in cats. The small molecule nucleoside analog GS-441524 is a molecular precursor to a pharmacologically active nucleoside triphosphate molecule. These analogs act as an alternative substrate and RNA-chain terminator of viral RNA dependent RNA polymerase. We determined that GS-441524 was non-toxic in feline cells at concentrations as high as 100 uM and effectively inhibited FIPV replication in cultured CRFK cells and in naturally infected feline peritoneal macrophages at concentrations as low as 1 uM. We determined the pharmacokinetics of GS-441524 in cats in vivo and established a dosage that would sustain effective blood levels for 24 h. In an experimental FIPV infection of cats, GS-441524 treatment caused a rapid reversal of disease signs and return to normality with as little as two weeks of treatment in 10/10 cats and with no apparent toxicity.",
   "publish_time": "2018-06-30",
   "authors": [
      "Murphy, B.G.",
      "Perron, M.",
      "Murakami, E.",
      "Bauer, K.",
      "Park, Y.",
      "Eckstrand, C.",
      "Liepnieks, M.",
      "Pedersen, N.C."
   ],
   "journal": "Veterinary Microbiology",
   "has_full_text": "True",
   "full_text_file": "custom_license",
   "id": "https://doi.org/10.1016/j.vetmic.2018.04.026",
   "fhir_link": [
      "PMC/Composition/9d95f1b1378f8e77b29b5210d65b610878857135"
   ]
}