{
   "sha": "2a392cc4f20293ca7ca902d20b9f9e33bad1ab64",
   "source_x": "Elsevier",
   "title": "The molecular dynamics of feline coronaviruses",
   "doi": "10.1016/S0378-1135(99)00099-1",
   "pubmed_id": "10515281",
   "license": "els-covid",
   "abstract": "Abstract Feline coronaviruses are widespread and come in different flavors. There are two main serotypes both of which occur in two pathotypes, the avirulent enteric viruses and the virulent, usually fatal peritonitis viruses, the latter in turn occurring either in a \u2018wet\u2019 or exudative form or in a \u2018dry\u2019 or proliferative form. In this paper a concise overview is given of the molecular features of these viruses. Special attention is given to the genetic dynamics of the viruses as these now allow us to begin to understand the origin of the different phenotypes, in particular the genesis of virulence during persistent infection. As discussed, the surprising new insights obtained over the last few years call for a critical reevaluation of strategies for protection.",
   "publish_time": "1999-09-01",
   "authors": [
      "Rottier, Peter J.M."
   ],
   "journal": "Veterinary Microbiology",
   "has_full_text": "True",
   "full_text_file": "custom_license",
   "id": "https://doi.org/10.1016/S0378-1135(99)00099-1",
   "fhir_link": [
      "PMC/Composition/2a392cc4f20293ca7ca902d20b9f9e33bad1ab64"
   ]
}