{
   "sha": "0435b8c5081db34e2c6c62b8f7b998927fa28776",
   "source_x": "PMC",
   "title": "The Redox Role of G6PD in Cell Growth, Cell Death, and Cancer",
   "doi": "http://dx.doi.org/10.3390/cells8091055",
   "pmcid": "PMC6770671",
   "pubmed_id": "31500396",
   "license": "CC BY",
   "abstract": "The generation of reducing equivalent NADPH via glucose-6-phosphate dehydrogenase (G6PD) is critical for the maintenance of redox homeostasis and reductive biosynthesis in cells. NADPH also plays key roles in cellular processes mediated by redox signaling. Insufficient G6PD activity predisposes cells to growth retardation and demise. Severely lacking G6PD impairs embryonic development and delays organismal growth. Altered G6PD activity is associated with pathophysiology, such as autophagy, insulin resistance, infection, inflammation, as well as diabetes and hypertension. Aberrant activation of G6PD leads to enhanced cell proliferation and adaptation in many types of cancers. The present review aims to update the existing knowledge concerning G6PD and emphasizes how G6PD modulates redox signaling and affects cell survival and demise, particularly in diseases such as cancer. Exploiting G6PD as a potential drug target against cancer is also discussed.",
   "publish_time": "2019 Sep 8",
   "authors": [
      "['Yang, Hung-Chi', 'Wu, Yi-Hsuan', 'Yen, Wei-Chen', 'Liu, Hui-Ya', 'Hwang, Tsong-Long', 'Stern, Arnold', 'Chiu, Daniel Tsun-Yee']"
   ],
   "journal": "Cells",
   "has_full_text": "True",
   "id": "0435b8c5081db34e2c6c62b8f7b998927fa28776",
   "fhir_link": "Commercial/Composition/0435b8c5081db34e2c6c62b8f7b998927fa28776.json"
}