{
   "sha": "96f6ce0da1b94cc4a85332df3c341daf678487de",
   "source_x": "Elsevier",
   "title": "Reporting effectiveness of an extract of three traditional Cretan herbs on upper respiratory tract infection: Results from a double-blind randomized controlled trial",
   "doi": "10.1016/j.jep.2015.01.030",
   "pubmed_id": "25645191",
   "license": "els-covid",
   "abstract": "Abstract Ethnopharmacological relevance Observations from the island of Crete, Greece suggest that infusions of traditional Cretan aromatic plants, well known for their ethnopharmacological use in Eastern Mediterranean region and Near East, could be effective in the prevention and treatment of upper respiratory tract infections, including viral-induced infections. The aim of this study was to report the effectiveness of an essential-oil extract of three Cretan aromatic plants in the treatment of cases with an upper respiratory tract infection. Materials and methods A double blind randomized controlled trial was implemented between October 2013 and February 2014. An essential-oil extract of Cretan aromatic plants in olive oil (total volume of 15ml of essential oil per litre of olive oil) was administered as 0.5ml soft gel capsules, twice a day, for 7 days. Placebo treatment was 0.5ml olive oil in soft gel capsules. Eligible patients were those presenting for clinical examination in the selected setting with signs and symptoms of upper respiratory tract infection that had begun within the previous 24hours. Real-Time Polymerase Chain Reaction (PCR) was used for the detection of respiratory viruses. The primary outcome was the severity and duration of symptoms of upper respiratory tract infection, assessed using the Wisconsin Upper Respiratory System Survey (WURSS-21) questionnaire. A secondary outcome of interest was the change in C-reactive protein (CRP) status. Results One hundred and five patients completed the study: 51 in the placebo group, and 54 in the intervention (treated) group. Baseline characteristics were similar in the two groups. No statistically significant differences were found in symptom duration or severity between the two groups, although small and clinically favorable effects were observed. When the analysis was restricted to subjects with a laboratory-documented viral infection, the percentage of patients with cessation of symptoms after 6 days of treatment was 91% in the intervention group and 70% in the control group (p=0.089). At baseline, one third of the patients in each group had elevated CRP levels. At follow-up, the respective proportions were 0% in the intervention group and 15% in the placebo group (p=0.121). The data were also in a favorable direction when 50% and 80% symptom reduction points were considered for specific virus types. Conclusions Compared with placebo the essential-oil extract of three Cretan aromatic plants provided no detectable statistically significant benefit or harm in the patients with upper respiratory illness, although descriptive differences were identified in favorable direction mainly in the virus-positive population.",
   "publish_time": "2015-04-02",
   "authors": [
      "Duijker, G.",
      "Bertsias, A.",
      "Symvoulakis, E.K.",
      "Moschandreas, J.",
      "Malliaraki, N.",
      "Derdas, S.P.",
      "Tsikalas, G.K.",
      "Katerinopoulos, H.E.",
      "Pirintsos, S.A.",
      "Sourvinos, G.",
      "Castanas, E.",
      "Lionis, C."
   ],
   "journal": "Journal of Ethnopharmacology",
   "has_full_text": "True",
   "full_text_file": "custom_license",
   "id": "https://doi.org/10.1016/j.jep.2015.01.030",
   "fhir_link": [
      "PMC/Composition/96f6ce0da1b94cc4a85332df3c341daf678487de"
   ]
}