{
   "sha": "61df7f40f7768c73817562e5c0878dcaa0b41f4b",
   "source_x": "Elsevier",
   "title": "Coupling between death spikes and birth troughs. Part 1: Evidence",
   "doi": "10.1016/j.physa.2018.04.044",
   "license": "els-covid",
   "abstract": "Abstract In the wake of the influenza pandemic of 1889\u20131890 Jacques Bertillon, a pioneer of medical statistics, noticed that after the massive death spike there was a dip in birth numbers around 9 months later which was significantly larger than that which could be explained by the population change as a result of excess deaths. In addition it can be noticed that this dip was followed by a birth rebound a few months later. However having made this observation, Bertillon did not explore it further. Since that time the phenomenon was not revisited in spite of the fact that in the meanwhile there have been several new cases of massive death spikes. The aim here is to analyze these new cases to get a better understanding of this death\u2013birth coupling phenomenon. The largest death spikes occurred in the wake of more recent influenza pandemics in 1918 and 1920, others were triggered by the 1923 earthquakes in Tokyo and the Twin Tower attack on September 11, 2001. We shall see that the first of these events indeed produced an extra dip in births whereas the 9/11 event did not. This disparity highlights the pivotal role of collateral sufferers. In the last section it is shown how the present coupling leads to predictions; it can explain in a unified way effects which so far have been studied separately, as for instance the impact on birth rates of heat waves. Thus, it appears that behind the apparent randomness of birth rate fluctuations there are in fact hidden explanatory factors.",
   "publish_time": "2018-09-15",
   "authors": [
      "Richmond, Peter",
      "Roehner, Bertrand M."
   ],
   "journal": "Physica A: Statistical Mechanics and its Applications",
   "has_full_text": "True",
   "full_text_file": "custom_license",
   "id": "https://doi.org/10.1016/j.physa.2018.04.044",
   "fhir_link": [
      "PMC/Composition/61df7f40f7768c73817562e5c0878dcaa0b41f4b"
   ]
}