{
   "sha": "c4023f77cce21fa2776be0c1d1f19a38dda5ae11",
   "source_x": "Elsevier",
   "title": "Chapter 1 Introduction into nanotechnology and microbiology",
   "doi": "10.1016/bs.mim.2019.04.003",
   "license": "els-covid",
   "abstract": "Abstract The current chapter summaries the world of Microbiology and boom of Nanotechnology and how both the exciting fields come together to help men kind with various new applications in water, food, medical biology and immunology. Furthermore synthesis of nano materials utilising the potential of microorganisms also opens a newer avenue for \u2018green\u2019 synthesis.",
   "publish_time": "2019-12-31",
   "authors": [
      "Ball, Andrew S",
      "Patil, Sayali",
      "Soni, Sarvesh"
   ],
   "journal": "Methods in Microbiology",
   "has_full_text": "True",
   "full_text_file": "custom_license",
   "id": "https://doi.org/10.1016/bs.mim.2019.04.003",
   "fhir_link": [
      "PMC/Composition/c4023f77cce21fa2776be0c1d1f19a38dda5ae11"
   ]
}