{
   "sha": "7cfa5fc30dfb41a312546897a4d42065ac7a8028",
   "source_x": "Elsevier",
   "title": "Contribution of technical guidance on nosocomial infection control to the containment of Severe Acute Respiratory Syndrome in Vietnam",
   "doi": "10.1016/j.ics.2004.01.086",
   "license": "els-covid",
   "abstract": "Abstract When Severe Acute Respiratory Syndrome (SARS) spread in Vietnam in March 2003, Bach Mai Hospital (BMH) contributed greatly to putting SARS under control by conducting strict nosocomial infection control. At BMH, technical guidance on nosocomial infection control had been implemented by Japanese experts since 2000. In addition, after the SARS outbreak, the Japan Disaster Relief Team was dispatched to assist in SARS control at BMH. SARS control in Vietnam was reviewed in reference to this technical guidance to investigate effective control measures. Major subjects of the technical guidance included the establishment of a control system, development of manuals and teaching materials, training of medical staff, and supplying protective attire. BMH provided medical care for 35 SARS cases; however, no nosocomial infection cases occurred leading to SARS containment. A swift reaction, effective nosocomial infection control, proper advice by the Ministry of Health and other elements are considered important factors in the success of SARS containment at BMH. In addition, the fruit of technical cooperation conducted under the project is regarded, to no small extent, as having formed the basis for this. Nosocomial infection control is a crucial factor in achieving high-quality medical care, as well as SARS control at the hospital level.",
   "publish_time": "2004-04-30",
   "authors": [
      "Ohara, Hiroshi"
   ],
   "journal": "International Congress Series",
   "has_full_text": "True",
   "full_text_file": "custom_license",
   "id": "https://doi.org/10.1016/j.ics.2004.01.086",
   "fhir_link": [
      "PMC/Composition/7cfa5fc30dfb41a312546897a4d42065ac7a8028"
   ]
}