{
   "sha": "37d2a557fe2029d7bf6e32dde8fe5728e27ba4a3",
   "source_x": "PMC",
   "title": "A binning tool to reconstruct viral haplotypes from assembled contigs",
   "doi": "http://dx.doi.org/10.1186/s12859-019-3138-1",
   "pmcid": "PMC6829986",
   "pubmed_id": "31684876",
   "license": "CC BY",
   "abstract": "BACKGROUND: Infections by RNA viruses such as Influenza, HIV still pose a serious threat to human health despite extensive research on viral diseases. One challenge for producing effective prevention and treatment strategies is high intra-species genetic diversity. As different strains may have different biological properties, characterizing the genetic diversity is thus important to vaccine and drug design. Next-generation sequencing technology enables comprehensive characterization of both known and novel strains and has been widely adopted for sequencing viral populations. However, genome-scale reconstruction of haplotypes is still a challenging problem. In particular, haplotype assembly programs often produce contigs rather than full genomes. As a mutation in one gene can mask the phenotypic effects of a mutation at another locus, clustering these contigs into genome-scale haplotypes is still needed. RESULTS: We developed a contig binning tool, VirBin, which clusters contigs into different groups so that each group represents a haplotype. Commonly used features based on sequence composition and contig coverage cannot effectively distinguish viral haplotypes because of their high sequence similarity and heterogeneous sequencing coverage for RNA viruses. VirBin applied prototype-based clustering to cluster regions that are more likely to contain mutations specific to a haplotype. The tool was tested on multiple simulated sequencing data with different haplotype abundance distributions and contig sizes, and also on mock quasispecies sequencing data. The benchmark results with other contig binning tools demonstrated the superior sensitivity and precision of VirBin in contig binning for viral haplotype reconstruction. CONCLUSIONS: In this work, we presented VirBin, a new contig binning tool for distinguishing contigs from different viral haplotypes with high sequence similarity. It competes favorably with other tools on viral contig binning. The source codes are available at: https://github.com/chjiao/VirBin.",
   "publish_time": "2019 Nov 4",
   "authors": [
      "['Chen, Jiao', 'Shang, Jiayu', 'Wang, Jianrong', 'Sun, Yanni']"
   ],
   "journal": "BMC Bioinformatics",
   "has_full_text": "True",
   "id": "37d2a557fe2029d7bf6e32dde8fe5728e27ba4a3",
   "fhir_link": "Commercial/Composition/37d2a557fe2029d7bf6e32dde8fe5728e27ba4a3.json"
}