{
   "sha": "3e9d0220802e3e3fba0b25f1e2cd46b9412c4317",
   "source_x": "PMC",
   "title": "CLEC4M is associated with poor prognosis and promotes cisplatin resistance in NSCLC patients",
   "doi": "http://dx.doi.org/10.7150/jca.30139",
   "pmcid": "PMC6856750",
   "pubmed_id": "31772670",
   "license": "CC BY",
   "abstract": "Cisplatin-based chemotherapy is the foundation of treatment for major non-small cell lung cancer (NSCLC) patients. However, cisplatin resistance is still a challenging issue, and the molecular mechanisms underlying this resistance remain to be fully explored. CLEC4M, a Ca(2+)-dependent C-type lectin, has recently been found to correlate with tumourigenesis. This study mainly focused on whether CLEC4M impacts clinical prognosis and how CLEC4M contributes to cisplatin resistance in NSCLC. Our results found that CLEC4M was correlated with poor prognosis in patients with lung cancer. In addition, a positive association between CLEC4M expression and the IC50 values of cisplatin was found, which suggests that CLEC4M may impact cisplatin sensitivity. In vitro results from cultured A549 and H1299 cells confirmed that CLEC4M could enhance cisplatin resistance, while CLEC4M knockdown led to higher sensitivity to cisplatin in these cells. Further experiments showed that the underlying mechanisms included inhibition of cisplatin-induced cell apoptosis by CLEC4M and improved DNA repair capacity by upregulating XPA and ERCC1 expression. In addition, CLEC4M was able to promote cell migration with or without cisplatin treatment. Collectively, these findings suggest the potential clinical significance of CLEC4M inhibition in overcoming cisplatin resistance in NSCLC patients.",
   "publish_time": "2019 Oct 19",
   "authors": [
      "['Tan, Li-Ming', 'Li, Xi', 'Qiu, Cheng-Feng', 'Zhu, Tao', 'Hu, Cheng-Ping', 'Yin, Ji-Ye', 'Zhang, Wei', 'Zhou, Hong-Hao', 'Liu, Zhao-Qian']"
   ],
   "journal": "J Cancer",
   "has_full_text": "True",
   "id": "3e9d0220802e3e3fba0b25f1e2cd46b9412c4317",
   "fhir_link": "Commercial/Composition/3e9d0220802e3e3fba0b25f1e2cd46b9412c4317"
}