{
   "sha": "8c8207eb16f6ef503400b729d7ca9e4a1106aefd",
   "source_x": "Elsevier",
   "title": "Biothreat Agents and Emerging Infectious Disease in the Emergency Department",
   "doi": "10.1016/j.emc.2018.06.011",
   "pubmed_id": "30297007",
   "license": "els-covid",
   "publish_time": "2018-11-30",
   "authors": [
      "Adalja, Amesh A."
   ],
   "journal": "Emergency Medicine Clinics of North America",
   "has_full_text": "True",
   "full_text_file": "custom_license",
   "id": "https://doi.org/10.1016/j.emc.2018.06.011",
   "fhir_link": [
      "PMC/Composition/8c8207eb16f6ef503400b729d7ca9e4a1106aefd"
   ]
}