{
   "sha": "8a13215dea9eeb9b5b7e7dfcc9f6ccfcbd3cb7e5",
   "source_x": "Elsevier",
   "title": "Influenza and Endemic Viral Pneumonia",
   "doi": "10.1016/j.ccc.2013.06.003",
   "pubmed_id": "24094391",
   "license": "els-covid",
   "publish_time": "2013-10-31",
   "authors": [
      "Ramsey, Clare D.",
      "Kumar, Anand"
   ],
   "journal": "Critical Care Clinics",
   "has_full_text": "True",
   "full_text_file": "custom_license",
   "id": "https://doi.org/10.1016/j.ccc.2013.06.003",
   "fhir_link": [
      "PMC/Composition/8a13215dea9eeb9b5b7e7dfcc9f6ccfcbd3cb7e5"
   ]
}