{
   "sha": "407cb0b425ec88d59147a62c7c8f07a2c8345242",
   "source_x": "Elsevier",
   "title": "Evaluation of the chronic disease self-management program in a Chinese population",
   "doi": "10.1016/j.pec.2006.04.013",
   "pubmed_id": "16872789",
   "license": "els-covid",
   "abstract": "Abstract Objective This study evaluated the 6-week Chronic Disease Self-Management Program (CDSMP) in Hong Kong. Methods A total of 148 subjects with chronic illness were recruited. Subjects were matched on duration of illness and gender, and then randomly allocated to experimental and comparison groups. The experimental group participated in the CDSMP, while the comparison group joined a Tai-Chi interest class in a mass-activity format. Subjects completed evaluation questionnaires before beginning their program and 1 week following the program. Results Analysis of covariance showed that the CDSMP participants demonstrated significantly higher self-efficacy in managing their illness, used more cognitive methods to manage pain and symptoms, and felt more energetic than the subjects in the comparison group. The CDSMP participants also demonstrated changes in their profile of coping strategies, having a tendency to adopt the cognitive methods of diverting attention, reinterpreting pain, ignoring sensations, and making positive self-statements. Conclusion The short-term evaluation results showed that the CDSMP primarily increased the self-efficacy, exercise behavior, and application of cognitive coping strategies of the participants. Practice Implication The effect of the CDSMP in a Chinese population is similar to that found in studies in Western cultures, and the CDSMP could be applied effectively in a Chinese population.",
   "publish_time": "2007-01-31",
   "authors": [
      "Siu, Andrew M.H.",
      "Chan, Chetwyn C.H.",
      "Poon, Peter K.K.",
      "Chui, Dominic Y.Y.",
      "Chan, Sam C.C."
   ],
   "journal": "Patient Education and Counseling",
   "has_full_text": "True",
   "full_text_file": "custom_license",
   "id": "https://doi.org/10.1016/j.pec.2006.04.013",
   "fhir_link": [
      "PMC/Composition/407cb0b425ec88d59147a62c7c8f07a2c8345242"
   ]
}