{
   "sha": "3d4d1d2ba6ac78dfc07b03629f2f0076e12418c1",
   "source_x": "PMC",
   "title": "Effect of thermal control of dry fomites on regulating the survival of human pathogenic bacteria responsible for nosocomial infections",
   "doi": "http://dx.doi.org/10.1371/journal.pone.0226952",
   "pmcid": "PMC6934310",
   "pubmed_id": "31881059",
   "license": "CC BY",
   "abstract": "We monitored the survival of human pathogenic bacteria [Escherichia coli (ATCC), extended-spectrum \u03b2-lactamase-producing E. coli (Clinical isolate), New Delhi metallo-\u03b2-lactamase-producing E. coli (clinical isolate), Staphylococcus aureus (ATCC)] on dry materials (vinyl chloride, aluminum, plastic, stainless steel) at distinct temperatures (room temperature or 15\u00b0C\u201337\u00b0C). These bacteria favored a lower temperature for their prolonged survival on the dry fomites, regardless of the material type. Interestingly, when mixed with S. aureus, E. coli survived for a longer time at a lower temperature. Cardiolipin, which can promote the survival of S. aureus in harsh environments, had no effect on maintaining the survival of E. coli. Although the trends remained unchanged, adjusting the humidity from 40% to 60% affected the survival of bacteria on dry surfaces. Scanning electron microscopic analysis revealed no morphological differences in these bacteria immediately before or after one day of dry conditions. In addition, ATP assessment, a method used to visualize high-touch surfaces in hospitals, was not effective at monitoring bacterial dynamics. A specialized handrail device fitted with a heater, which was maintained at normal human body core temperature, successfully prohibited the prolonged survival of bacteria [Enterococcus faecalis (ATCC), E. coli (ATCC), Pseudomonas aeruginosa (ATCC), S. aureus (ATCC), Acinetobacter baumannii (clinical isolate), and Serratia marcescens (clinical isolate)], with the exception of spore-forming Bacillus subtilis (from our laboratory collection) and the yeast-like fungus Candida albicans (from our laboratory collection)] on dry surfaces. Taken together, we concluded that the tested bacteria favor lower temperatures for their survival in dry environments. Therefore, the thermal control of dry fomites has the potential to control bacterial survival on high-touch surfaces in hospitals.",
   "publish_time": "2019 Dec 27",
   "authors": [
      "['Shimoda, Tomoko', 'Okubo, Torahiko', 'Enoeda, Yoshiki', 'Yano, Rika', 'Nakamura, Shinji', 'Thapa, Jeewan', 'Yamaguchi, Hiroyuki']"
   ],
   "journal": "PLoS One",
   "has_full_text": "False",
   "id": "3d4d1d2ba6ac78dfc07b03629f2f0076e12418c1"
}