{
   "sha": "434358e4287b4199d921096173504d113905b6af",
   "source_x": "PMC",
   "title": "Whole genome sequencing and phylogenetic analysis of human metapneumovirus strains from Kenya and Zambia",
   "doi": "http://dx.doi.org/10.1186/s12864-019-6400-z",
   "pmcid": "PMC6941262",
   "pubmed_id": "31898474",
   "license": "CC BY",
   "abstract": "BACKGROUND: Human metapneumovirus (HMPV) is an important cause of acute respiratory illness in young children. Whole genome sequencing enables better identification of transmission events and outbreaks, which is not always possible with sub-genomic sequences. RESULTS: We report a 2-reaction amplicon-based next generation sequencing method to determine the complete genome sequences of five HMPV strains, representing three subgroups (A2, B1 and B2), directly from clinical samples. In addition to reporting five novel HMPV genomes from Africa we examined genetic diversity and sequence patterns of publicly available HMPV genomes. We found that the overall nucleotide sequence identity was 71.3 and 80% for HMPV group A and B, respectively, the diversity between HMPV groups was greater at amino acid level for SH and G surface protein genes, and multiple subgroups co-circulated in various countries. Comparison of sequences between HMPV groups revealed variability in G protein length (219 to 241 amino acids) due to changes in the stop codon position. Genome-wide phylogenetic analysis showed congruence with the individual gene sequence sets except for F and M2 genes. CONCLUSION: This is the first genomic characterization of HMPV genomes from African patients.",
   "publish_time": "2020 Jan 2",
   "authors": [
      "['Kamau, Everlyn', 'Oketch, John W.', 'de Laurent, Zaydah R.', 'Phan, My V. T.', 'Agoti, Charles N.', 'Nokes, D. James', 'Cotten, Matthew']"
   ],
   "journal": "BMC Genomics",
   "has_full_text": "False",
   "id": "434358e4287b4199d921096173504d113905b6af"
}