{
   "sha": "8e89329ba5682ffd98598d5b5c6ccd2067abdd12",
   "source_x": "PMC",
   "title": "Advances in Directly Amplifying Nucleic Acids from Complex Samples",
   "doi": "http://dx.doi.org/10.3390/bios9040117",
   "pmcid": "PMC6955841",
   "pubmed_id": "31574959",
   "license": "CC BY",
   "abstract": "Advances in nucleic acid amplification technologies have revolutionized diagnostics for systemic, inherited, and infectious diseases. Current assays and platforms, however, often require lengthy experimental procedures and multiple instruments to remove contaminants and inhibitors from clinically-relevant, complex samples. This requirement of sample preparation has been a bottleneck for using nucleic acid amplification tests (NAATs) at the point of care (POC), though advances in \u201clab-on-chip\u201d platforms that integrate sample preparation and NAATs have made great strides in this space. Alternatively, direct NAATs\u2014techniques that minimize or even bypass sample preparation\u2014present promising strategies for developing POC diagnostic tools for analyzing real-world samples. In this review, we discuss the current status of direct NAATs. Specifically, we surveyed potential testing systems published from 1989 to 2017, and analyzed their performances in terms of robustness, sensitivity, clinical relevance, and suitability for POC diagnostics. We introduce bubble plots to facilitate our analysis, as bubble plots enable effective visualization of the performances of these direct NAATs. Through our review, we hope to initiate an in-depth examination of direct NAATs and their potential for realizing POC diagnostics, and ultimately transformative technologies that can further enhance healthcare.",
   "publish_time": "2019 Sep 30",
   "authors": [
      "['Walker, Faye M.', 'Hsieh, Kuangwen']"
   ],
   "journal": "Biosensors (Basel)",
   "has_full_text": "True",
   "id": "8e89329ba5682ffd98598d5b5c6ccd2067abdd12",
   "fhir_link": "Commercial/Composition/8e89329ba5682ffd98598d5b5c6ccd2067abdd12.json"
}