{
   "sha": "39b56059d26438d760125b67d72064b102195e77",
   "source_x": "Elsevier",
   "title": "Qu\u2019apprend-t-on de nouveau des \u00e9pid\u00e9mies \u00e9mergentes ?",
   "doi": "10.1016/j.lpm.2019.09.036",
   "pubmed_id": "31784255",
   "license": "els-covid",
   "abstract": "Points essentiels L\u2019Afrique et l\u2019Asie du Sud-Est sont les \u00e9picentres des maladies infectieuses \u00e9mergentes et des sc\u00e9narios de menace \u00e9pid\u00e9mique mena\u00e7ant les m\u00e9gapoles de densit\u00e9 humaine \u00e9lev\u00e9e. La mobilit\u00e9 massive et les r\u00e9ticences des populations expos\u00e9es au risque de maladies infectieuses \u00e9pid\u00e9miques, associ\u00e9es \u00e0 un syst\u00e8me de sant\u00e9 fragile sont les facteurs limitants le d\u00e9ploiement de l\u2019alerte et le contr\u00f4le de leur \u00e9mergence et de leur extension g\u00e9ographique. La d\u00e9tection et la persistance d\u2019un agent viral dans le fluide s\u00e9minal sont de mise pour des raisons cliniques et de sant\u00e9 publique, chez le patient convalescent d\u2019une infection caus\u00e9e par un virus \u00e9mergent \u00e0 propension \u00e9pid\u00e9mique ou mena\u00e7ante. Les structures de prise en charge des patients atteints de maladies infectieuses par agent hautement pathog\u00e8ne sur le terrain \u00e9pid\u00e9mique font l\u2019objet de progr\u00e8s innovants en mati\u00e8re d\u2019architecture pour limiter le risque d\u2019exposition au risque infectieux et am\u00e9liorer l\u2019ergonomie des professionnels de sant\u00e9 d\u00e9di\u00e9s, et dans la perspective d\u2019une densification de l\u2019offre de soin de support sans poser de nouvelles contraintes au personnel dans l\u2019exercice du soin. Malgr\u00e9 de multiples d\u00e9fis et en premier \u00e9thiques et op\u00e9rationnels \u00e0 relever, il est n\u00e9cessaire de d\u00e9ployer une activit\u00e9 de recherche clinique au cours des urgences \u00e9pid\u00e9miques, et les produits candidats diagnostiques, th\u00e9rapeutiques ou de pr\u00e9vention prometteurs doivent faire l\u2019objet d\u2019essais d\u2019\u00e9valuation rigoureux. Les programmes multidisciplinaires de pr\u00e9paration et d\u2019anticipation, y compris en vue de la gestion des crises humanitaires complexes avec sc\u00e9nario de r\u00e9sistance ou de d\u00e9fiance de la part des communaut\u00e9s affect\u00e9es, constituent la base de la riposte aux \u00e9pid\u00e9mies de maladies infectieuses \u00e9mergentes \u00e0 risque mena\u00e7ant et imposent le renforcement des infrastructures d\u2019intervention de sant\u00e9 publique et des syst\u00e8mes d\u2019alerte \u00e9pid\u00e9mique dans les r\u00e9gions \u00e0 haut risque. Key points Africa along side with south-east Asia are the epicentres of emerging and epidemic prone-infectious diseases and megacity biosecurity threat scenarios. Massive mobility and reluctance in the populations exposed to epidemic and emerging prone-infectious diseases coupled by a weak health system made disease alert and control measures difficult to implement. The investigation of virus detection and persistence in semen across a range of emerging viruses is useful for clinical and public health reasons, in particular for viruses that lead to high mortality or morbidity rates or to epidemics. Innovating built facility to safely treat patients with highly pathogenic infectious diseases is urgently need, not only to prevent the spread of infection from patients to healthcare workers but also to offer provision of relatively invasive organ support, whenever considered appropriate, without posing additional risk to staff. Despite multiple challenges, the need to conduct research during epidemics is inevitable, and candidate products must continue undergoing rigorous trials. Preparedness including management of complex humanitarian crises with community distrust is a cornerstone in response to high consequence emerging infectious disease outbreaks and imposes strengthening of the public health response infrastructure and emergency outbreak systems in high-risk regions.",
   "publish_time": "2019-12-31",
   "authors": [
      "Malvy, Denis",
      "Ga\u00fcz\u00e8re, Bernard-Alex",
      "Migliani, Ren\u00e9"
   ],
   "journal": "La Presse M\u00e9dicale",
   "has_full_text": "True",
   "full_text_file": "custom_license",
   "id": "https://doi.org/10.1016/j.lpm.2019.09.036",
   "fhir_link": [
      "PMC/Composition/39b56059d26438d760125b67d72064b102195e77"
   ]
}