{
   "sha": "18c64c68e5d6dd3b209ccf75131f6b6b77ad91da",
   "source_x": "Elsevier",
   "title": "Syndrome respiratoire aigu s\u00e9v\u00e8re : une \u00e9pid\u00e9mie singuli\u00e8re de pneumonie virale",
   "doi": "10.1016/S0755-4982(04)98581-8",
   "pubmed_id": "15041887",
   "license": "els-covid",
   "abstract": "R\u00e9sum\u00e9 Agent infectieux Le Syndrome respiratoire aigu s\u00e9v\u00e8re (Sras) est une pneumopathie f\u00e9brile initialement observ\u00e9e en Chine \u00e0 la fin de l\u2019ann\u00e9e 2002. L\u2019agent infectieux \u00e9tiologique a rapidement \u00e9t\u00e9 identifi\u00e9 comme \u00e9tant un nouveau Coronavirus, baptis\u00e9 Coronavirus associ\u00e9 au Sras (Sras-CoV). La transmission du virus est interhumaine, par les particules respiratoires principalement. Clinique et traitement La gravit\u00e9 clinique est variable, allant de la simple fi\u00e8vre au syndrome de d\u00e9tresse respiratoire aigu. Il n\u2019existe pas de traitement sp\u00e9cifique. Cependant, la ribavirine combin\u00e9e \u00e0 des cortico\u00efdes a \u00e9t\u00e9 utilis\u00e9e avec succ\u00e8s dans un certain nombre de cas. \u00c9pid\u00e9miologie Au cours du premier semestre de l\u2019ann\u00e9e 2003, la diss\u00e9mination du virus a \u00e9t\u00e9 extr\u00eamement rapide, \u00e9voluant sur un mode pand\u00e9mique, contaminant plus de 8000 patients, dont 774 en sont d\u00e9c\u00e9d\u00e9s. Le r\u00e9servoir viral, probablement d\u2019origine animale, reste inconnu \u00e0 ce jour. L\u2019\u00e9pid\u00e9mie semble \u00eatre actuellement jugul\u00e9e, mais des r\u00e9-\u00e9mergences sporadiques ou \u00e9pid\u00e9miques sont possibles et ont \u00e9t\u00e9 d\u00e9crites en Chine dans la province de Guangdong d\u00e9but janvier 2004. Summary Infectious agent The severe acute respiratory syndrome (SARS) is a febrile pneumonia initially observed in China at the end of 2002. The infectious agent has rapidly been identified as a new coronavirus, baptised SARS-associated coronavirus (CoV-SARS). Transmission is inter-human, via respiratory particles mainly. Clinical presentation and treatment The clinical presentation is highly variable, from a mild fever to an acute respiratory distress syndrome. There is no specific treatment. Ribavirin associated with steroids have been used with success in numerous cases. Epidemiology During the first half of 2003, the spreading of the virus has been very fast, with a pandemic mode of evolution. More than 8 000 people were infected and 774 died. The reservoir of the virus, which may be animal, is still unknown. The epidemic seems to be controlled, but sporadic or epidemic re-emergences may occur and have been observed in China duting January 2004.",
   "publish_time": "2004-03-31",
   "authors": [
      "Guihot, Am\u00e9lie",
      "Bricaire, Fran\u00e7ois",
      "Li, Taisheng",
      "Bossi, Philippe"
   ],
   "journal": "La Presse M\u00e9dicale",
   "has_full_text": "True",
   "full_text_file": "custom_license",
   "id": "https://doi.org/10.1016/S0755-4982(04)98581-8",
   "fhir_link": [
      "PMC/Composition/18c64c68e5d6dd3b209ccf75131f6b6b77ad91da"
   ]
}