{
   "sha": "d1db70b1ddae9d7ad593910d9619cb6d6e46de0d",
   "source_x": "Elsevier",
   "title": "Effect of fixation on the detection of transmissible gastroenteritis coronavirus antigens by the fixed-cell immunoperoxidase technique",
   "doi": "10.1016/0022-1759(92)90192-V",
   "pubmed_id": "1328393",
   "license": "els-covid",
   "abstract": "Abstract The effect of various fixatives and detergents on the in vitro detection of the viral determinants which are expressed in swine testis cells infected with the transmissible gastroenteritis coronavirus (TGEV) was studied using a microwell immunoperoxidase technique. When compared with glutaraldehyde and formaldehyde, 0.1% paraformaldehyde was found to be the fixative of choice for the detection of these determinants on the membranes of infected cells. Among dehydrating fixatives, 80% acetone or a mixture of acetone and ethanol or of acetone, methanol and ethanol were found to be the best fixatives for the detection of these viral determinants which are expressed in infected cells. In the case of acetone, the temperature of fixation and its concentration in the fixative preparation were found to be important. The treatment of 0.05% glutaraldehyde-fixed, infected cells with 0.1% saponin or 0.1% paraformaldehyde-fixed, infected cells with 1%NP-40 led to satisfactory detection of viral determinants. Using Triton X-100 to render cells permeable, the quantities of N and M antigen detected in TGEV-infected cells prefixed with either 0.05% glutaraldehyde or 0.1% paraformaldehyde were equal to those of 80% acetone-fixed, TGEV-infected cells while the quantity of S antigen detected was diminished. The effect of other detergents such as zwittergent, embigen BB, Chaps and N-lauroylsarcosine on the detection of viral determinants was also studied.",
   "publish_time": "1992-10-02",
   "authors": [
      "T\u00f4, Long-Th\u00e0nh",
      "Bernard, Serge"
   ],
   "journal": "Journal of Immunological Methods",
   "has_full_text": "True",
   "full_text_file": "custom_license",
   "id": "https://doi.org/10.1016/0022-1759(92)90192-V",
   "fhir_link": [
      "PMC/Composition/d1db70b1ddae9d7ad593910d9619cb6d6e46de0d"
   ]
}