{
   "sha": "f1affb1b79b8576c73506f2889d3476c269b0f71",
   "source_x": "Elsevier",
   "title": "Methods for the discovery of emerging pathogens",
   "doi": "10.1016/j.micpath.2014.06.007",
   "pubmed_id": "25014736",
   "license": "els-covid",
   "abstract": "Abstract Recently, there has been a steady increase in the number of recognized pathogenic microorganisms, specifically bacteria. The development of genetic technologies, MALDI-TOF mass spectrometry and new culturing techniques has significantly widened the repertoire of known microorganisms and therefore pathogenic microorganisms. The repertoire of infectious agents has been studied in various environments including water, soil, pets, livestock, wildlife and arthropods. Using different methods, many known pathogens can be identified in these samples; therefore, the impact of emergent pathogens on humans can be examined and novel pathogens can be identified. In this special issue, we discuss the identification of emerging pathogens in the environment and animals.",
   "publish_time": "2014-12-31",
   "authors": [
      "Angelakis, Emmanouil",
      "Raoult, Didier"
   ],
   "journal": "Microbial Pathogenesis",
   "has_full_text": "True",
   "full_text_file": "custom_license",
   "id": "https://doi.org/10.1016/j.micpath.2014.06.007",
   "fhir_link": [
      "PMC/Composition/f1affb1b79b8576c73506f2889d3476c269b0f71"
   ]
}