{
   "sha": "66f771f556f5bf13f1c0e9cd165724748dfe796a",
   "source_x": "Elsevier",
   "title": "Identification and sequence determination of the capsid protein gene of human astrovirus serotype 1",
   "pubmed_id": "8293952",
   "license": "els-covid",
   "abstract": "Abstract We present the sequence of an open reading frame (ORF) at the 3\u2032 end of human astrovirus serotype 1. Primer extension experiments showed that the RNA expressing this gene is shorter than the complete ORF, and could form a protein of M r 85 540. The protein was expressed by recombinant baculovirus and was recognized by anti-virion serum, indicating a structural role. Sequence comparison indicates that astrovirus serotypes 1 and 2 differ markedly in the C-terminal half of the protein but are well conserved towards the N-terminus.",
   "publish_time": "1993-11-15",
   "authors": [
      "Willcocks, Margaret M.",
      "Carter, Michael J."
   ],
   "journal": "FEMS Microbiology Letters",
   "has_full_text": "True",
   "full_text_file": "custom_license",
   "id": "https://www.ncbi.nlm.nih.gov/pubmed/8293952",
   "fhir_link": [
      "PMC/Composition/66f771f556f5bf13f1c0e9cd165724748dfe796a"
   ]
}