{
   "sha": "59e6633d56807cdc811831e056d86e0da11bd5ad",
   "source_x": "Elsevier",
   "title": "Development of a DNA-based microarray for the detection of zoonotic pathogens in rodent species",
   "doi": "10.1016/j.mcp.2015.07.005",
   "pubmed_id": "26188129",
   "license": "els-covid",
   "abstract": "Abstract The demand for diagnostic tools that allow simultaneous screening of samples for multiple pathogens is increasing because they overcome the limitations of other methods, which can only screen for a single or a few pathogens at a time. Microarrays offer the advantages of being capable to test a large number of samples simultaneously, screening for multiple pathogen types per sample and having comparable sensitivity to existing methods such as PCR. Array design is often considered the most important process in any microarray experiment and can be the deciding factor in the success of a study. There are currently no microarrays for simultaneous detection of rodent-borne pathogens. The aim of this report is to explicate the design, development and evaluation of a microarray platform for use as a screening tool that combines ease of use and rapid identification of a number of rodent-borne pathogens of zoonotic importance. Nucleic acid was amplified by multiplex biotinylation PCR prior to hybridisation onto microarrays. The array sensitivity was comparable to standard PCR, though less sensitive than real-time PCR. The array presented here is a prototype microarray identification system for zoonotic pathogens that can infect rodent species.",
   "publish_time": "2015-12-31",
   "authors": [
      "Giles, Timothy",
      "Yon, Lisa",
      "Hannant, Duncan",
      "Barrow, Paul",
      "Abu-Median, Abu-Bakr"
   ],
   "journal": "Molecular and Cellular Probes",
   "has_full_text": "True",
   "full_text_file": "custom_license",
   "id": "https://doi.org/10.1016/j.mcp.2015.07.005",
   "fhir_link": [
      "PMC/Composition/59e6633d56807cdc811831e056d86e0da11bd5ad"
   ]
}