{
   "sha": "1425915f5f44c6e2bb0753cbe0531cbcbad46d13",
   "source_x": "PMC",
   "title": "Differential tumor necrosis factor alpha expression by astrocytes from experimental allergic encephalomyelitis-susceptible and -resistant rat strains",
   "pmcid": "PMC2190814",
   "pubmed_id": "1901078",
   "license": "CC BY-NC-SA",
   "abstract": "There is evidence that the cytokine tumor necrosis factor alpha (TNF- alpha) contributes to the pathogenesis of neurological autoimmune diseases such as multiple sclerosis (MS) and experimental allergic encephalomyelitis (EAE). TNF-alpha exerts damaging effects on oligodendrocytes, the myelin-producing cell of the central nervous system (CNS), and myelin itself. We have recently demonstrated TNF- alpha expression from astrocytes induced by lipopolysaccharide (LPS), interferon gamma (IFN-gamma), and interleukin 1 beta (IL-1 beta). Astrocytes secrete TNF-alpha in response to LPS alone, and can be primed by IFN-gamma to enhance LPS-induced TNF-alpha production. IFN- gamma and IL-1 beta, cytokines known to be present in the CNS during neurological disease states, do not induce TNF-alpha production alone, but act synergistically to stimulate astrocyte TNF-alpha expression. Inbred Lewis and Brown-Norway (BN) rats differ in genetic susceptibility to EAE, which is controlled in part by major histocompatibility complex (MHC) genes. We examined TNF-alpha gene expression by astrocytes derived from BN rats (resistant to EAE) and Lewis rats (highly susceptible). Astrocytes from BN rats express TNF- alpha mRNA and protein in response to LPS alone, yet IFN-gamma does not significantly enhance LPS-induced TNF-alpha expression, nor do they express appreciable TNF-alpha in response to the combined stimuli of IFN-gamma/IL-1 beta. In contrast, astrocytes from Lewis rats express low levels of TNF-alpha mRNA and protein in response to LPS, and are extremely responsive to the priming effect of IFN-gamma for subsequent TNF-alpha gene expression. Also, Lewis astrocytes produce TNF-alpha in response to IFN-gamma/IL-1 beta. The differential TNF-alpha production by astrocytes from BN and Lewis strains is not due to the suppressive effect of prostaglandins, because the addition of indomethacin does not alter the differential pattern of TNF-alpha expression. Furthermore, Lewis and BN astrocytes produce another cytokine, IL-6, in response to LPS, IFN-gamma, and IL-1 beta in a comparable fashion. Peritoneal macrophages and neonatal microglia from Lewis and BN rats are responsive to both LPS and IFN-gamma priming signals for subsequent TNF- alpha production, suggesting that differential TNF-alpha expression by the astrocyte is cell type specific. Taken together, these results suggest that differential TNF-alpha gene expression in response to LPS and IFN-gamma is strain and cell specific, and reflects both transcriptional and post-transcriptional control mechanisms.(ABSTRACT TRUNCATED AT 400 WORDS)",
   "publish_time": "1991 Apr 1",
   "journal": "J Exp Med",
   "has_full_text": "True",
   "id": "1425915f5f44c6e2bb0753cbe0531cbcbad46d13",
   "fhir_link": "Non-comercial/1425915f5f44c6e2bb0753cbe0531cbcbad46d13"
}