{
   "sha": "b9588bf4e942a3759cd94aa1af36826d25633752",
   "source_x": "Elsevier",
   "title": "Coxsackievirus B3 Infection Triggers Autophagy through 3 Pathways of Endoplasmic Reticulum Stress",
   "doi": "10.3967/bes2018.115",
   "pubmed_id": "30636656",
   "license": "els-covid",
   "abstract": "Abstract Objective Autophagy is a highly conserved intracellular degradation pathway. Many picornaviruses induce autophagy to benefit viral replication, but an understanding of how autophagy occurs remains incomplete. In this study, we explored whether coxsackievirus B3 (CVB3) infection induced autophagy through endoplasmic reticulum (ER) stress. Methods In CVB3-infected HeLa cells, the specific molecules of ER stress and autophagy were detected using Western blotting, reverse transcription polymerase chain reaction (RT-PCR), and confocal microscopy. Then PKR-like ER protein kinase (PERK) inhibitor, inositol-requiring protein-1 (IRE1) inhibitor, or activating transcription factor-6 (ATF6) inhibitor worked on CVB3-infected cells, their effect on autophagy was assessed by Western blotting for detecting microtubule-associated protein light chain 3 (LC3). Results CVB3 infection induced ER stress, and ER stress sensors PERK/eIF2\u03b1, IRE1/XBP1, and ATF6 were activated. CVB3 infection increased the accumulation of green fluorescent protein (GFP)-LC3 punctuation and induced the conversion from LC3-I to phosphatidylethanolamine-conjugated LC3-1 (LC3-II). CVB3 infection still decreased the expression of mammalian target of rapamycin (mTOR) and p-mTOR. Inhibition of PERK, IRE1, or ATF6 significantly decreased the ratio of LC3-II to LC3-I in CVB3-infected HeLa cells. Conclusion CVB3 infection induced autophagy through ER stress in HeLa cells, and PERK, IRE1, and ATF6a pathways participated in the regulation of autophagy. Our data suggested that ER stress may inhibit mTOR signaling pathway to induce autophagy during CVB3 infection.",
   "publish_time": "2018-12-31",
   "authors": [
      "LUO, Xiao Nuan",
      "YAO, Hai Lan",
      "SONG, Juan",
      "SONG, Qin Qin",
      "SHI, Bing Tian",
      "XIA, Dong",
      "HAN, Jun"
   ],
   "journal": "Biomedical and Environmental Sciences",
   "has_full_text": "True",
   "full_text_file": "custom_license",
   "id": "https://doi.org/10.3967/bes2018.115",
   "fhir_link": [
      "PMC/Composition/b9588bf4e942a3759cd94aa1af36826d25633752"
   ]
}