{
   "sha": "36fd2f3dfeec8932ec6e4553bce33222c4380756",
   "source_x": "PMC",
   "title": "Multiplex primer prediction software for divergent targets",
   "doi": "http://dx.doi.org/10.1093/nar/gkp659",
   "pmcid": "PMC2770652",
   "pubmed_id": "19759213",
   "license": "CC BY-NC",
   "abstract": "We describe a Multiplex Primer Prediction (MPP) algorithm to build multiplex compatible primer sets to amplify all members of large, diverse and unalignable sets of target sequences. The MPP algorithm is scalable to larger target sets than other available software, and it does not require a multiple sequence alignment. We applied it to questions in viral detection, and demonstrated that there are no universally conserved priming sequences among viruses and that it could require an unfeasibly large number of primers (\u223c3700 18-mers or \u223c2000 10-mers) to generate amplicons from all sequenced viruses. We then designed primer sets separately for each viral family, and for several diverse species such as foot-and-mouth disease virus (FMDV), hemagglutinin (HA) and neuraminidase (NA) segments of influenza A virus, Norwalk virus, and HIV-1. We empirically demonstrated the application of the software with a multiplex set of 16 short (10 nt) primers designed to amplify the Poxviridae family to produce a specific amplicon from vaccinia virus.",
   "publish_time": "2009 Oct 16",
   "authors": [
      "['Gardner, Shea N.', 'Hiddessen, Amy L.', 'Williams, Peter L.', 'Hara, Christine', 'Wagner, Mark C.', 'Colston, Bill W.']"
   ],
   "journal": "Nucleic Acids Res",
   "has_full_text": "True",
   "id": "36fd2f3dfeec8932ec6e4553bce33222c4380756",
   "fhir_link": "Non-comercial/Composition/36fd2f3dfeec8932ec6e4553bce33222c4380756.json"
}