{
   "sha": "d6ce322684cccda1ff72e7dacf22da2259cf65c6",
   "source_x": "PMC",
   "title": "Delivery of steric block morpholino oligomers by (R-X-R)(4) peptides: structure\u2013activity studies",
   "doi": "http://dx.doi.org/10.1093/nar/gkn541",
   "pmcid": "PMC2582615",
   "pubmed_id": "18796528",
   "license": "CC BY-NC",
   "abstract": "Redirecting the splicing machinery through the hybridization of high affinity, RNase H- incompetent oligonucleotide analogs such as phosphoramidate morpholino oligonucleotides (PMO) might lead to important clinical applications. Chemical conjugation of PMO to arginine-rich cell penetrating peptides (CPP) such as (R-Ahx-R)(4) (with Ahx standing for 6-aminohexanoic acid) leads to sequence-specific splicing correction in the absence of endosomolytic agents in cell culture at variance with most conventional CPPs. Importantly, (R-Ahx-R)(4)\u2013PMO conjugates are effective in mouse models of various viral infections and Duchenne muscular dystrophy. Unfortunately, active doses in some applications might be close to cytotoxic ones thus presenting challenge for systemic administration of the conjugates in those clinical settings. Structure\u2013activity relationship studies have thus been undertaken to unravel CPP structural features important for the efficient nuclear delivery of the conjugated PMO and limiting steps in their internalization pathway. Affinity for heparin (taken as a model heparan sulfate), hydrophobicity, cellular uptake, intracellular distribution and splicing correction have been monitored. Spacing between the charges, hydrophobicity of the linker between the Arg-groups and Arg-stereochemistry influence splicing correction efficiency. A significant correlation between splicing correction efficiency, affinity for heparin and ability to destabilize model synthetic vesicles has been observed but no correlation with cellular uptake has been found. Efforts will have to focus on endosomal escape since it appears to remain the limiting factor for the delivery of these splice-redirecting ON analogs.",
   "publish_time": "2008 Nov 16",
   "authors": [
      "['Abes, Rachida', 'Moulton, Hong M.', 'Clair, Philippe', 'Yang, Sung-Tae', 'Abes, Said', 'Melikov, Kamran', 'Prevot, Paul', 'Youngblood, Derek S.', 'Iversen, Patrick L.', 'Chernomordik, Leonid V.', 'Lebleu, Bernard']"
   ],
   "journal": "Nucleic Acids Res",
   "has_full_text": "True",
   "id": "d6ce322684cccda1ff72e7dacf22da2259cf65c6",
   "fhir_link": "Non-comercial/Composition/d6ce322684cccda1ff72e7dacf22da2259cf65c6.json"
}