{
   "sha": "3e40cb7055fe5ef148eced8994ff059a0e98aef1",
   "source_x": "PMC",
   "title": "i-GSEA4GWAS: a web server for identification of pathways/gene sets associated with traits by applying an improved gene set enrichment analysis to genome-wide association study",
   "doi": "http://dx.doi.org/10.1093/nar/gkq324",
   "pmcid": "PMC2896119",
   "pubmed_id": "20435672",
   "license": "CC BY-NC",
   "abstract": "Genome-wide association study (GWAS) is nowadays widely used to identify genes involved in human complex disease. The standard GWAS analysis examines SNPs/genes independently and identifies only a number of the most significant SNPs. It ignores the combined effect of weaker SNPs/genes, which leads to difficulties to explore biological function and mechanism from a systems point of view. Although gene set enrichment analysis (GSEA) has been introduced to GWAS to overcome these limitations by identifying the correlation between pathways/gene sets and traits, the heavy dependence on genotype data, which is not easily available for most published GWAS investigations, has led to limited application of it. In order to perform GSEA on a simple list of GWAS SNP P-values, we implemented GSEA by using SNP label permutation. We further improved GSEA (i-GSEA) by focusing on pathways/gene sets with high proportion of significant genes. To provide researchers an open platform to analyze GWAS data, we developed the i-GSEA4GWAS (improved GSEA for GWAS) web server. i-GSEA4GWAS implements the i-GSEA approach and aims to provide new insights in complex disease studies. i-GSEA4GWAS is freely available at http://gsea4gwas.psych.ac.cn/.",
   "publish_time": "2010 Jul 1",
   "authors": [
      "['Zhang, Kunlin', 'Cui, Sijia', 'Chang, Suhua', 'Zhang, Liuyan', 'Wang, Jing']"
   ],
   "journal": "Nucleic Acids Res",
   "has_full_text": "True",
   "id": "3e40cb7055fe5ef148eced8994ff059a0e98aef1",
   "fhir_link": "Non-comercial/Composition/3e40cb7055fe5ef148eced8994ff059a0e98aef1.json"
}