{
   "sha": "fcee0315b58942b16aaba3d1e753c7a9bd563e70",
   "source_x": "PMC",
   "title": "Integrative Deep Sequencing of the Mouse Lung Transcriptome Reveals Differential Expression of Diverse Classes of Small RNAs in Response to Respiratory Virus Infection",
   "doi": "http://dx.doi.org/10.1128/mBio.00198-11",
   "pmcid": "PMC3221602",
   "pubmed_id": "22086488",
   "license": "CC BY-NC-SA",
   "abstract": "We previously reported widespread differential expression of long non-protein-coding RNAs (ncRNAs) in response to virus infection. Here, we expanded the study through small RNA transcriptome sequencing analysis of the host response to both severe acute respiratory syndrome coronavirus (SARS-CoV) and influenza virus infections across four founder mouse strains of the Collaborative Cross, a recombinant inbred mouse resource for mapping complex traits. We observed differential expression of over 200 small RNAs of diverse classes during infection. A majority of identified microRNAs (miRNAs) showed divergent changes in expression across mouse strains with respect to SARS-CoV and influenza virus infections and responded differently to a highly pathogenic reconstructed 1918 virus compared to a minimally pathogenic seasonal influenza virus isolate. Novel insights into miRNA expression changes, including the association with pathogenic outcomes and large differences between in vivo and in vitro experimental systems, were further elucidated by a survey of selected miRNAs across diverse virus infections. The small RNAs identified also included many non-miRNA small RNAs, such as small nucleolar RNAs (snoRNAs), in addition to nonannotated small RNAs. An integrative sequencing analysis of both small RNAs and long transcripts from the same samples showed that the results revealing differential expression of miRNAs during infection were largely due to transcriptional regulation and that the predicted miRNA-mRNA network could modulate global host responses to virus infection in a combinatorial fashion. These findings represent the first integrated sequencing analysis of the response of host small RNAs to virus infection and show that small RNAs are an integrated component of complex networks involved in regulating the host response to infection.",
   "publish_time": "2011 Nov 15",
   "authors": [
      "['Peng, Xinxia', 'Gralinski, Lisa', 'Ferris, Martin T.', 'Frieman, Matthew B.', 'Thomas, Matthew J.', 'Proll, Sean', 'Korth, Marcus J.', 'Tisoncik, Jennifer R.', 'Heise, Mark', 'Luo, Shujun', 'Schroth, Gary P.', 'Tumpey, Terrence M.', 'Li, Chengjun', 'Kawaoka, Yoshihiro', 'Baric, Ralph S.', 'Katze, Michael G.']"
   ],
   "journal": "mBio",
   "has_full_text": "False",
   "id": "fcee0315b58942b16aaba3d1e753c7a9bd563e70"
}