{
   "sha": "9ad7fd36f44a47113471f000ca64741d672e2a1e",
   "source_x": "Elsevier",
   "title": "Properties of a coronavirus isolated from a cow with epizootic diarrhea",
   "doi": "10.1016/0378-1135(80)90025-5",
   "license": "els-covid",
   "abstract": "Abstract A coronavirus (Kakegawa isolate) isolated from a cow with epizootic diarrhea was grown in BEK-1 cells and examined for biophysical and biochemical properties. The Kakegawa isolate was able to replicate in the presence or absence of 5-iodo-2\u2032-deoxy-uridine, indicating that its viral nucleic acid was RNA. It was highly sensitive to ether and chloroform, and moderately sensitive to trypsin and heat. It was, however, readily stabilized by treatment with cation at 50\u00b0C for 1 h. Its infectivity was slightly reduced at pH 3.0. The virus passed through a membrane filter of 200 nm pore size, but not through one of 100 nm pore size. The buoyant density of the virus was determined in a sucrose density gradient. The peak of infectivity and hemagglutinin activity was found at a density of 1.182. Neutralization and hemagglutination inhibition tests showed a close serological relationship between the Kakegawa isolate and the American strain of calf diarrhea coronavirus.",
   "publish_time": "1980-12-31",
   "authors": [
      "Akashi, H.",
      "Inaba, Y.",
      "Miura, Y.",
      "Tokuhisa, S.",
      "Sato, K.",
      "Satoda, K."
   ],
   "journal": "Veterinary Microbiology",
   "has_full_text": "True",
   "full_text_file": "custom_license",
   "id": "https://doi.org/10.1016/0378-1135(80)90025-5",
   "fhir_link": [
      "PMC/Composition/9ad7fd36f44a47113471f000ca64741d672e2a1e"
   ]
}