{
   "sha": "ff368c9be888417304869b18575ea6521dcc95b6",
   "source_x": "PMC",
   "title": "Echovirus 7 Entry into Polarized Intestinal Epithelial Cells Requires Clathrin and Rab7",
   "doi": "http://dx.doi.org/10.1128/mBio.00304-11",
   "pmcid": "PMC3324788",
   "pubmed_id": "22496312",
   "license": "CC BY-NC-SA",
   "abstract": "Enteroviruses invade the host by crossing the intestinal mucosa, which is lined by polarized epithelium. A number of enteroviruses, including echoviruses (EV) and group B coxsackieviruses (CVB), initiate infection by attaching to decay-accelerating factor (DAF), a molecule that is highly expressed on the apical surface of polarized epithelial cells. We previously observed that entry of DAF-binding CVB3 into polarized intestinal epithelial cells occurs by an unusual endocytic mechanism that requires caveolin but does not involve clathrin or dynamin. Here we examined the entry of a DAF-binding echovirus, EV7. We found that drugs, small interfering RNAs (siRNAs), and dominant negative mutants that target factors required for clathrin-mediated endocytosis, including clathrin and dynamin, inhibited both EV7 infection and internalization of virions from the cell surface. Once virus had entered the cell, it colocalized with markers of early endosomes (EEA1) and then late endosomes (LAMP-2). Inhibition of endosomal maturation\u2014with siRNAs or dominant negative mutants targeting Rab5 and Rab7\u2014inhibited infection and prevented release of viral RNA into the cell. These results indicate that EV7 is internalized by clathrin-mediated endocytosis and then moves to early and late endosomes before releasing its RNA. Trafficking through endosomes is known to be important for viruses that depend on low pH or endosomal cathepsin proteases to complete the entry process. However, we found that EV7 infection required neither low pH nor cathepsins.",
   "publish_time": "2012 Apr 10",
   "authors": [
      "['Kim, Chonsaeng', 'Bergelson, Jeffrey M.']"
   ],
   "journal": "mBio",
   "has_full_text": "True",
   "id": "ff368c9be888417304869b18575ea6521dcc95b6",
   "fhir_link": "Non-comercial/Composition/ff368c9be888417304869b18575ea6521dcc95b6.json"
}