{
   "sha": "73c62211a6c99169199f19b44e4a137193862642",
   "source_x": "Elsevier",
   "title": "Laboratory Investigation of a Nosocomial Transmission of Tuberculosis at a District General Hospital",
   "doi": "10.1016/S0929-6646(07)60002-3",
   "pubmed_id": "17660141",
   "license": "els-covid",
   "abstract": "Background/Purpose Nosocomial outbreak of tuberculosis (TB) is rarely documented and the transmission is usually difficult to confirm because of the long incubation period of the mycobacterial infection. In this report, we demonstrated the use of molecular genotyping methods together with contact tracing to identify the source case, the causative outbreak strain and transmission dynamics of Mycobacterium tuberculosis, and for the definite confirmation of a suspected outbreak. Methods M. tuberculosis strains were genotyped with IS6110 restriction fragment length polymorphism, spacer oligonucleotide typing and minisatellite interspersed repetitive unit\u2013variable number tandem repeat methods. Clinical data and contact tracing results were collected from medical records and the National TB Registry. Results In this episode, 66 health care workers (HCWs) were notified as TB cases. A total of 18 M. tuberculosis isolates from HCWs and patients were collected. IS6110 RFLP results revealed that 9 out of 10 HCWs' and 7 out of 8 patients' isolates shared the same genotype. The causative isolate was identified as the Beijing genotype. The index case was a hospitalized respirator-dependent patient. Conclusion Thorough collection along with molecular diagnosis and genotyping of all M. tuberculosis isolates are recommended for the confirmation of any suspected nosocomial TB outbreak.",
   "publish_time": "2007-12-31",
   "authors": [
      "Huang, Wei-Lun",
      "Jou, Ruwen",
      "Yeh, Pen-Fang",
      "Huang, Angela"
   ],
   "journal": "Journal of the Formosan Medical Association",
   "has_full_text": "True",
   "full_text_file": "custom_license",
   "id": "https://doi.org/10.1016/S0929-6646(07)60002-3",
   "fhir_link": [
      "PMC/Composition/73c62211a6c99169199f19b44e4a137193862642"
   ]
}