{
   "sha": "ff4c93f99fe849057d9cc1eb1f7858d237491eb6",
   "source_x": "Elsevier",
   "title": "Infections virales et \u00e0 germes atypiques au cours des crises d'asthme de l'enfant",
   "doi": "10.1016/S0929-693X(01)80039-7",
   "license": "els-covid",
   "publish_time": "2001-05-31",
   "authors": [
      "Thumerelle, C.",
      "Santos, C.",
      "Deschildre, A."
   ],
   "journal": "Archives de P\u00e9diatrie",
   "has_full_text": "True",
   "full_text_file": "custom_license",
   "id": "https://doi.org/10.1016/S0929-693X(01)80039-7",
   "fhir_link": [
      "PMC/Composition/ff4c93f99fe849057d9cc1eb1f7858d237491eb6"
   ]
}