{
   "sha": "545a779f86677133fba4c5d1d48d781981378e66",
   "source_x": "Elsevier",
   "title": "Segmentation of DNA using simple recurrent neural network",
   "doi": "10.1016/j.knosys.2011.09.001",
   "license": "els-covid",
   "abstract": "Abstract We report the discovery of strong correlations between protein coding regions and the prediction errors when using the simple recurrent network to segment genome sequences. We are going to use SARS genome to demonstrate how we conduct training and derive corresponding results. The distribution of prediction error indicates how the underlying hidden regularity of the genome sequences and the results are consistent with the finding of biologists: predicated protein coding features of SARS genome. This implies that the simple recurrent network is capable of providing new features for further biological studies when applied on genome studies. The HA gene of influenza A subtype H1N1 is also analyzed in a similar way.",
   "publish_time": "2012-02-29",
   "authors": [
      "Cheng, Wei-Chen",
      "Huang, Jau-Chi",
      "Liou, Cheng-Yuan"
   ],
   "journal": "Knowledge-Based Systems",
   "has_full_text": "True",
   "full_text_file": "custom_license",
   "id": "https://doi.org/10.1016/j.knosys.2011.09.001",
   "fhir_link": [
      "PMC/Composition/545a779f86677133fba4c5d1d48d781981378e66"
   ]
}