{
   "sha": "365b8f727f890a4833a5ab7ca03d443022e7faf2",
   "source_x": "PMC",
   "title": "LoFreq: a sequence-quality aware, ultra-sensitive variant caller for uncovering cell-population heterogeneity from high-throughput sequencing datasets",
   "doi": "http://dx.doi.org/10.1093/nar/gks918",
   "pmcid": "PMC3526318",
   "pubmed_id": "23066108",
   "license": "CC BY-NC",
   "abstract": "The study of cell-population heterogeneity in a range of biological systems, from viruses to bacterial isolates to tumor samples, has been transformed by recent advances in sequencing throughput. While the high-coverage afforded can be used, in principle, to identify very rare variants in a population, existing ad hoc approaches frequently fail to distinguish true variants from sequencing errors. We report a method (LoFreq) that models sequencing run-specific error rates to accurately call variants occurring in <0.05% of a population. Using simulated and real datasets (viral, bacterial and human), we show that LoFreq has near-perfect specificity, with significantly improved sensitivity compared with existing methods and can efficiently analyze deep Illumina sequencing datasets without resorting to approximations or heuristics. We also present experimental validation for LoFreq on two different platforms (Fluidigm and Sequenom) and its application to call rare somatic variants from exome sequencing datasets for gastric cancer. Source code and executables for LoFreq are freely available at http://sourceforge.net/projects/lofreq/.",
   "publish_time": "2012 Dec 12",
   "authors": [
      "['Wilm, Andreas', 'Aw, Pauline Poh Kim', 'Bertrand, Denis', 'Yeo, Grace Hui Ting', 'Ong, Swee Hoe', 'Wong, Chang Hua', 'Khor, Chiea Chuen', 'Petric, Rosemary', 'Hibberd, Martin Lloyd', 'Nagarajan, Niranjan']"
   ],
   "journal": "Nucleic Acids Res",
   "has_full_text": "True",
   "id": "365b8f727f890a4833a5ab7ca03d443022e7faf2",
   "fhir_link": "Non-comercial/Composition/365b8f727f890a4833a5ab7ca03d443022e7faf2"
}