{
   "sha": "61316d789f66022b466f2924837aaff7f0bf65f5",
   "source_x": "PMC",
   "title": "Helicobacter pylori VacA Suppresses Lactobacillus acidophilus-Induced Interferon Beta Signaling in Macrophages via Alterations in the Endocytic Pathway",
   "doi": "http://dx.doi.org/10.1128/mBio.00609-12",
   "pmcid": "PMC3685213",
   "pubmed_id": "23760466",
   "license": "CC BY-NC-SA",
   "abstract": "Helicobacter pylori causes chronic gastritis and avoids elimination by the immune system of the infected host. The commensal bacterium Lactobacillus acidophilus has been suggested to exert beneficial effects as a supplement during H.\u00a0pylori eradication therapy. In the present study, we applied whole-genome microarray analysis to compare the immune responses induced in murine bone marrow-derived macrophages (BMDMs) stimulated with L.\u00a0acidophilus, H.\u00a0pylori, or both bacteria in combination. While L.\u00a0acidophilus induced a Th1-polarizing response characterized by high expression of interferon beta (IFN-\u03b2) and interleukin 12 (IL-12), H.\u00a0pylori strongly induced the innate cytokines IL-1\u03b2 and IL-1\u03b1. In BMDMs prestimulated with L.\u00a0acidophilus, H.\u00a0pylori blocked the expression of L.\u00a0acidophilus-induced IFN-\u03b2 and IL-12 and suppressed the expression of key regulators of the Rho, Rac, and Cdc42 GTPases. The inhibition of L.\u00a0acidophilus-induced IFN-\u03b2 was independent of H.\u00a0pylori viability and the virulence factor CagPAI; however, a vacuolating cytotoxin (vacA) mutant was unable to block IFN-\u03b2. Confocal microscopy demonstrated that the addition of H.\u00a0pylori to L.\u00a0acidophilus-stimulated BMDMs redirects intracellular processing, leading to an accumulation of L.\u00a0acidophilus in the endosomal and lysosomal compartments. Thus, our findings indicate that H.\u00a0pylori inhibits the development of a strong Th1-polarizing response in BMDMs stimulated with L.\u00a0acidophilus by blocking the production of IFN-\u03b2 in a VacA-dependent manner. We suggest that this abrogation is caused by a redirection of the endocytotic pathway in the processing of L.\u00a0acidophilus.",
   "publish_time": "2013 Jun 11",
   "authors": [
      "['Weiss, Gudrun', 'Forster, Sam', 'Irving, Aaron', 'Tate, Michelle', 'Ferrero, Richard L.', 'Hertzog, Paul', 'Fr\u00f8ki\u00e6r, Hanne', 'Kaparakis-Liaskos, Maria']"
   ],
   "journal": "mBio",
   "has_full_text": "True",
   "id": "61316d789f66022b466f2924837aaff7f0bf65f5",
   "fhir_link": "Non-comercial/61316d789f66022b466f2924837aaff7f0bf65f5"
}