{
   "sha": "9100b941c934c3d01cca98ebdbd6923278a240d0",
   "source_x": "Elsevier",
   "title": "Detection of pathogens in water: from phylochips to qPCR to pyrosequencing",
   "doi": "10.1016/j.copbio.2011.11.016",
   "pubmed_id": "22153035",
   "license": "els-covid",
   "abstract": "Waterborne pathogens pose a significant threat to human health and a proper assessment of microbial water quality is important for decision making regarding water infrastructure and treatment investments and eventually to provide early warning of disease, particularly given increasing global disasters associated with severe public health risks. Microbial water quality monitoring has undergone tremendous transition in recent years, with novel molecular tools beginning to offer rapid, high-throughput, sensitive and specific detection of a wide spectrum of microbial pathogens that challenge traditional culture-based techniques. High-density microarrays, quantitative real-time PCR (qPCR) and pyrosequencing which are considered to be breakthrough technologies borne out of the \u2018molecular revolution\u2019 are at present emerging rapidly as tools of pathogen detection and discovery. Future challenges lie in integrating these molecular tools with concentration techniques and bioinformatics platforms for unbiased guide of pathogen surveillance in water and developing standardized protocols.",
   "publish_time": "2012-06-30",
   "authors": [
      "Aw, Tiong Gim",
      "Rose, Joan B"
   ],
   "journal": "Current Opinion in Biotechnology",
   "has_full_text": "True",
   "full_text_file": "custom_license",
   "id": "https://doi.org/10.1016/j.copbio.2011.11.016",
   "fhir_link": [
      "PMC/Composition/9100b941c934c3d01cca98ebdbd6923278a240d0"
   ]
}