{
   "sha": "65d508add328dceec3427a9bc54cff552b6a2271",
   "source_x": "PMC",
   "title": "Development of a risk assessment tool for contact tracing people after contact with infectious patients while travelling by bus or other public ground transport: a Delphi consensus approach",
   "doi": "http://dx.doi.org/10.1136/bmjopen-2013-002939",
   "pmcid": "PMC3808761",
   "pubmed_id": "24157815",
   "license": "CC BY-NC",
   "abstract": "BACKGROUND: Tracing persons who have been in contact with an infectious patient may be very effective in preventing the spread of communicable diseases. However, criteria to decide when to conduct contact tracing are not well established. We have investigated the available evidence for contact tracing with a focus on public ground transport aiming to give guidance in what situations contact tracing should be considered. METHODS: Relevant infectious diseases suitable for contact tracing in ground transport and a set of disease-specific epidemiological criteria were defined through literature search and structured multistep expert consultations. We developed continuous scales for each criterion to be rated for its relevance to contact tracing in ground transport. We used the Delphi method with an international expert panel to position the values of criteria on the respective scales. RESULTS: The study led to the development of the \u2018Contact Tracing-Risk Assessment Profile\u2019 (CT-RAP), a decision-making instrument, taking into account pathogen-specific as well as situation-specific criteria. This report describes the methodology of this instrument and presents two examples of ready-to-use CT-RAP for tuberculosis and for meningococcal disease in public ground transport. DISCUSSION: The systematic and transparent use of the CT-RAP for tuberculosis and meningococcal disease is likely to facilitate reasonable, efficient and user-friendly decisions with respect to contact tracing. New CT-RAPs for additional pathogens and different settings such as schools and kindergartens are being planned.",
   "publish_time": "2013 Oct 24",
   "authors": [
      "['Mohr, Oliver', 'Hermes, Julia', 'Schink, Susanne B', 'Askar, Mona', 'Menucci, Daniel', 'Swaan, Corien', 'Goetsch, Udo', 'Monk, Philip', 'Eckmanns, Tim', 'Poggensee, Gabriele', 'Krause, G\u00e9rard']"
   ],
   "journal": "BMJ Open",
   "has_full_text": "True",
   "id": "65d508add328dceec3427a9bc54cff552b6a2271",
   "fhir_link": "Non-comercial/Composition/65d508add328dceec3427a9bc54cff552b6a2271"
}