{
   "source_x": "Elsevier",
   "title": "Impact of BSE on the biotechnology industry \u2014 detection and risk assessment",
   "doi": "10.1016/S0958-2118(04)00238-1",
   "license": "els-covid",
   "abstract": "This feature briefly looks at filtration technologies that are being developed by Pall Corp to reduce the potential risk of \u2018Mad Cow Disease\u2019 in biological products and drugs. It also provides details of proprietary technology that is designed to reduce prions from blood prior to a transfusion.",
   "publish_time": "2004-10-31",
   "authors": [
      "Atkinson, Simon"
   ],
   "journal": "Membrane Technology",
   "has_full_text": "False",
   "full_text_file": "custom_license",
   "id": "https://doi.org/10.1016/S0958-2118(04)00238-1"
}