{
   "sha": "2dfd4bdcf53215a88599651441351138f99089b6",
   "source_x": "PMC",
   "title": "The aging lung",
   "doi": "http://dx.doi.org/10.2147/CIA.S51152",
   "pmcid": "PMC3825547",
   "pubmed_id": "24235821",
   "license": "CC BY-NC",
   "abstract": "There are many age-associated changes in the respiratory and pulmonary immune system. These changes include decreases in the volume of the thoracic cavity, reduced lung volumes, and alterations in the muscles that aid respiration. Muscle function on a cellular level in the aging population is less efficient. The elderly population has less pulmonary reserve, and cough strength is decreased in the elderly population due to anatomic changes and muscle atrophy. Clearance of particles from the lung through the mucociliary elevator is decreased and associated with ciliary dysfunction. Many complex changes in immunity with aging contribute to increased susceptibility to infections including a less robust immune response from both the innate and adaptive immune systems. Considering all of these age-related changes to the lungs, pulmonary disease has significant consequences for the aging population. Chronic lower respiratory tract disease is the third leading cause of death in people aged 65 years and older. With a large and growing aging population, it is critical to understand how the body changes with age and how this impacts the entire respiratory system. Understanding the aging process in the lung is necessary in order to provide optimal care to our aging population. This review focuses on the nonpathologic aging process in the lung, including structural changes, changes in muscle function, and pulmonary immunologic function, with special consideration of obstructive lung disease in the elderly.",
   "publish_time": "2013 Nov 6",
   "authors": [
      "['Lowery, Erin M', 'Brubaker, Aleah L', 'Kuhlmann, Erica', 'Kovacs, Elizabeth J']"
   ],
   "journal": "Clin Interv Aging",
   "has_full_text": "True",
   "id": "2dfd4bdcf53215a88599651441351138f99089b6",
   "fhir_link": "Non-comercial/Composition/2dfd4bdcf53215a88599651441351138f99089b6"
}