{
   "sha": "2a9ce4bd09d2a6b43d947e70edab361c6bbd06c0",
   "source_x": "Elsevier",
   "title": "Viral enzymes",
   "doi": "10.1016/j.sbi.2006.10.010",
   "pubmed_id": "17085042",
   "license": "els-covid",
   "abstract": "Viral genomes show unequalled diversity, ranging from single-stranded DNA to double-stranded RNA. Moreover, viruses can quickly adapt to the host's immune response and drug treatment. Although they tend to make optimal use of the host cell's reservoir of proteins, viruses need to carry some enzymatic functions with them, as they may not be available or accessible in the infected cell. Recently, progress has been made in our structural understanding of viral enzymes involved in all stages of the viral life cycle, which includes entry, hijack, replication and exit stages.",
   "publish_time": "2006-12-31",
   "authors": [
      "Mesters, Jeroen R",
      "Tan, Jinzhi",
      "Hilgenfeld, Rolf"
   ],
   "journal": "Current Opinion in Structural Biology",
   "has_full_text": "True",
   "full_text_file": "custom_license",
   "id": "https://doi.org/10.1016/j.sbi.2006.10.010",
   "fhir_link": [
      "PMC/Composition/2a9ce4bd09d2a6b43d947e70edab361c6bbd06c0"
   ]
}