{
   "sha": "428a06a5762a1399d5ffb50f2dd8e566228c4932",
   "source_x": "Elsevier",
   "title": "Effect of vaccination strategies on the dynamic behavior of epidemic spreading and vaccine coverage",
   "doi": "10.1016/j.chaos.2014.04.005",
   "license": "els-covid",
   "abstract": "Abstract The transmission of infectious, yet vaccine-preventable, diseases is a typical complex social phenomenon, where the increasing level of vaccine update in the population helps to inhibit the epidemic spreading, which in turn, however, discourages more people to participate in vaccination campaigns, due to the \u201cexternality effect\u201d raised by vaccination. We herein study the impact of vaccination strategies, pure, continuous (rather than adopt vaccination definitely, the individuals choose to taking vaccine with some probabilities), or continuous with randomly mutation, on the vaccination dynamics with a spatial susceptible-vaccinated-infected-recovered (SVIR) epidemiological model. By means of extensive Monte-Carlo simulations, we show that there is a crossover behavior of the final vaccine coverage between the pure-strategy case and the continuous-strategy case, and remarkably, both the final vaccination level and epidemic size in the continuous-strategy case are less than them in the pure-strategy case when vaccination is cheap. We explain this phenomenon by analyzing the organization process of the individuals in the continuous-strategy case in the equilibrium. Our results are robust to the SVIR dynamics defined on other spatial networks, like the Erd\u0151s\u2013R\u00e9nyi and Barab\u00e1si\u2013Albert networks.",
   "publish_time": "2014-06-30",
   "authors": [
      "Cai, Chao-Ran",
      "Wu, Zhi-Xi",
      "Guan, Jian-Yue"
   ],
   "journal": "Chaos, Solitons & Fractals",
   "has_full_text": "True",
   "full_text_file": "custom_license",
   "id": "https://doi.org/10.1016/j.chaos.2014.04.005",
   "fhir_link": [
      "PMC/Composition/428a06a5762a1399d5ffb50f2dd8e566228c4932"
   ]
}