{
   "sha": "5ff71dfaa81b4bd709454cdddf399b8a76d5eb41",
   "source_x": "Elsevier",
   "title": "One novel quinoxaline derivative as a potent human cyclophilin A inhibitor shows highly inhibitory activity against mouse spleen cell proliferation",
   "doi": "10.1016/j.bmc.2006.04.026",
   "pubmed_id": "16682211",
   "license": "els-covid",
   "abstract": "Abstract Cyclophilin A (CypA) is a ubiquitous cellular enzyme playing critical roles in many biological processes, and its inhibitor has been reported to have potential immunosuppressive activity. In this work, we reported a novel quinoxaline derivative, 2,3-di(furan-2-yl)-6-(3-N,N-diethylcarbamoyl-piperidino)carbonylamino quinoxaline (DC838, 3), which was confirmed to be a potent inhibitor against human CypA. By using the surface plasmon resonance (SPR) and fluorescence titration techniques, the kinetic analysis of CypA/DC838 interaction was quantitatively performed. CypA peptidyl prolyl cis\u2013trans isomerase (PPIase) activity inhibition assay showed that DC838 demonstrated highly CypA PPIase inhibitory activity. In vivo assay results showed that DC838 could inhibit mouse spleen cell proliferation induced by concanavalin A (Con A). Molecular docking simulation further elucidated the specific DC838 binding to CypA at the atomic level. The current work should provide useful information in the discovery of immunosuppressor based on CypA inhibitor.",
   "publish_time": "2006-08-15",
   "authors": [
      "Li, Jian",
      "Chen, Jing",
      "Zhang, Li",
      "Wang, Feng",
      "Gui, Chunshan",
      "Zhang, Li",
      "Qin, Yu",
      "Xu, Qiang",
      "Liu, Hong",
      "Nan, Fajun",
      "Shen, Jingkang",
      "Bai, Donglu",
      "Chen, Kaixian",
      "Shen, Xu",
      "Jiang, Hualiang"
   ],
   "journal": "Bioorganic & Medicinal Chemistry",
   "has_full_text": "True",
   "full_text_file": "custom_license",
   "id": "https://doi.org/10.1016/j.bmc.2006.04.026",
   "fhir_link": [
      "PMC/Composition/5ff71dfaa81b4bd709454cdddf399b8a76d5eb41"
   ]
}