{
   "sha": "733f8e669eeeaacee551167ad7adebab21cc0bb7",
   "source_x": "PMC",
   "title": "Genomics and Proteomics of Mycobacteriophage Patience, an Accidental Tourist in the Mycobacterium Neighborhood",
   "doi": "http://dx.doi.org/10.1128/mBio.02145-14",
   "pmcid": "PMC4324244",
   "pubmed_id": "25467442",
   "license": "CC BY-NC-SA",
   "abstract": "Newly emerging human viruses such as Ebola virus, severe acute respiratory syndrome (SARS) virus, and HIV likely originate within an extant population of viruses in nonhuman hosts and acquire the ability to infect and cause disease in humans. Although several mechanisms preventing viral infection of particular hosts have been described, the mechanisms and constraints on viral host expansion are ill defined. We describe here mycobacteriophage Patience, a newly isolated phage recovered using Mycobacterium smegmatis mc(2)155 as a host. Patience has genomic features distinct from its M.\u00a0smegmatis host, including a much lower GC content (50.3% versus 67.4%) and an abundance of codons that are rarely used in M.\u00a0smegmatis. Nonetheless, it propagates well in M.\u00a0smegmatis, and we demonstrate the use of mass spectrometry to show expression of over 75% of the predicted proteins, to identify new genes, to refine the genome annotation, and to estimate protein abundance. We propose that Patience evolved primarily among lower-GC hosts and that the disparities between its genomic profile and that of M.\u00a0smegmatis presented only a minimal barrier to host expansion. Rapid adaptions to its new host include recent acquisition of higher-GC genes, expression of out-of-frame proteins within predicted genes, and codon selection among highly expressed genes toward the translational apparatus of its new host.",
   "publish_time": "2014 Dec 2",
   "authors": [
      "['Pope, Welkin H.', 'Jacobs-Sera, Deborah', 'Russell, Daniel A.', 'Rubin, Daniel H. F.', 'Kajee, Afsana', 'Msibi, Zama N. P.', 'Larsen, Michelle H.', 'Jacobs, William R.', 'Lawrence, Jeffrey G.', 'Hendrix, Roger W.', 'Hatfull, Graham F.']"
   ],
   "journal": "mBio",
   "has_full_text": "False",
   "id": "733f8e669eeeaacee551167ad7adebab21cc0bb7"
}