{
   "sha": "533c42ebe8e0f65ba71ac16d1be41674a674bf49",
   "source_x": "Elsevier",
   "title": "Synthesis and antiviral evaluation of acyclic azanucleosides developed from sulfanilamide as a lead structure",
   "doi": "10.1016/j.bmc.2008.08.041",
   "pubmed_id": "18778942",
   "license": "els-covid",
   "abstract": "Abstract The acyclic azanucleosides with 2-, 3-, or 4-aminobenzenesulfonyl function at the nitrogen atom of the sugar mimic were prepared by coupling of 2-, 3-, or 4-nitro-N-(2-pivaloyloxyethyl)-N-(pivaloyloxymethyl)benzenesulfonamide with the silylated pyrimidine nucleobases followed by the reduction of the nitro group with sodium dithionite in aqueous solution or the palladium-catalysed transfer hydrogenation. The azanucleosides were evaluated for, but found to be devoid of, activity against several RNA- and DNA-viruses in vitro.",
   "publish_time": "2008-09-15",
   "authors": [
      "Gawin, Rafa\u0142",
      "De Clercq, Erik",
      "Naesens, Lieve",
      "Koszytkowska-Stawi\u0144ska, Mariola"
   ],
   "journal": "Bioorganic & Medicinal Chemistry",
   "has_full_text": "True",
   "full_text_file": "custom_license",
   "id": "https://doi.org/10.1016/j.bmc.2008.08.041",
   "fhir_link": [
      "PMC/Composition/533c42ebe8e0f65ba71ac16d1be41674a674bf49"
   ]
}