{
   "sha": "eb60faa5390ed6225f47be23de4d9f42d852d84f",
   "source_x": "Elsevier",
   "title": "Evaluation of a non-prime site substituent and warheads combined with a decahydroisoquinolin scaffold as a SARS 3CL protease inhibitor",
   "doi": "10.1016/j.bmc.2018.12.019",
   "pubmed_id": "30558861",
   "license": "els-covid",
   "abstract": "Abstract A non-prime site substituent and warheads combined with a decahydroisoquinolin scaffold was evaluated as a novel inhibitor for severe acute respiratory syndrome (SARS) chymotrypsin-like protease (3CLpro). The decahydroisoquinolin scaffold has been demonstrated to be an effective hydrophobic center to interact with S2 site of SARS 3CLpro, but the lack of interactions at S3 to S4 site is thought to be a major reason for the moderate inhibitory activity. In this study, the effects of an additional non-prime site substituent on the scaffold as well as effects of several warheads are evaluated. For the introduction of a desired non-prime site substituent, amino functionality was introduced on the decahydroisoquinolin scaffold, and the scaffold was constructed by Pd(II) catalyzed diastereoselective ring formation. The synthesized decahydroisoquinolin inhibitors showed about 2.4 times potent inhibitory activities for SARS 3CLpro when combined with a non-prime site substituent. The present results indicated not only the expected additional interactions with the SARS 3CLpro but also the possibility of new inhibitors containing a fused-ring system as a hydrophobic scaffold and a new warhead such as thioacetal.",
   "publish_time": "2019-01-15",
   "authors": [
      "Ohnishi, Kouji",
      "Hattori, Yasunao",
      "Kobayashi, Kazuya",
      "Akaji, Kenichi"
   ],
   "journal": "Bioorganic & Medicinal Chemistry",
   "has_full_text": "True",
   "full_text_file": "custom_license",
   "id": "https://doi.org/10.1016/j.bmc.2018.12.019",
   "fhir_link": [
      "PMC/Composition/eb60faa5390ed6225f47be23de4d9f42d852d84f"
   ]
}