{
   "sha": "022abf5f202c04e2bbf88d829db9844746e0fb71",
   "source_x": "PMC",
   "title": "Recent vaccine technology in industrial animals",
   "doi": "http://dx.doi.org/10.7774/cevr.2016.5.1.12",
   "pmcid": "PMC4742593",
   "pubmed_id": "26866019",
   "license": "CC BY-NC",
   "abstract": "Various new technologies have been applied for developing vaccines against various animal diseases. Virus-like particle (VLP) vaccine technology was used for manufacturing the porcine circovirus type 2 and RNA particle vaccines based on an alphavirus vector for porcine epidemic diarrhea (PED). Although VLP is classified as a killed-virus vaccine, because its structure is similar to the original virus, it can induce long-term and cell-mediated immunity. The RNA particle vaccine used a Venezuela equine encephalitis (VEE) virus gene as a vector. The VEE virus partial gene can be substituted with the PED virus spike gene. Recombinant vaccines can be produced by substitution of the target gene in the VEE vector. Both of these new vaccine technologies made it possible to control the infectious disease efficiently in a relatively short time.",
   "publish_time": "2016 Jan 27",
   "authors": [
      "['Kim, Hyunil', 'Lee, Yoo-kyoung', 'Kang, Sang Chul', 'Han, Beom Ku', 'Choi, Ki Myung']"
   ],
   "journal": "Clin Exp Vaccine Res",
   "has_full_text": "True",
   "id": "022abf5f202c04e2bbf88d829db9844746e0fb71",
   "fhir_link": "Non-comercial/Composition/022abf5f202c04e2bbf88d829db9844746e0fb71.json"
}