{
   "sha": "da6d83da65e485c34b903968ae22da9efbd81628",
   "source_x": "PMC",
   "title": "Global response to pandemic flu: more research needed on a critical front",
   "doi": "http://dx.doi.org/10.1186/1478-4505-4-8",
   "pmcid": "PMC1618830",
   "pubmed_id": "17038194",
   "license": "CC BY",
   "abstract": "If and when sustained human-to-human transmission of H5N1 becomes a reality, the world will no longer be dealing with sporadic avian flu borne along migratory flight paths of birds, but aviation flu \u2013 winged at subsonic speed along commercial air conduits to every corner of planet Earth. Given that air transportation is the one feature that most differentiates present day transmission scenarios from those in 1918, our present inability to prevent spread of influenza by international air travel, as reckoned by the World Health Organization, constitutes a major weakness in the current global preparedness plan against pandemic flu. Despite the lessons of SARS, it is surprising that aviation-related health policy options have not been more rigorously evaluated, or scientific research aimed at strengthening public health measures on the air transportation front, more energetically pursued.",
   "publish_time": "2006 Oct 13",
   "authors": [
      "Lim, Meng-Kin"
   ],
   "journal": "Health Res Policy Syst",
   "has_full_text": "True",
   "id": "da6d83da65e485c34b903968ae22da9efbd81628",
   "fhir_link": "Commercial/Composition/da6d83da65e485c34b903968ae22da9efbd81628.json"
}