{
   "sha": "85427951a71dfbdf45d1598f0265d2e8b840cd38",
   "source_x": "Elsevier",
   "title": "From plan to market in the health sector? China\u2019s experience",
   "doi": "10.1016/j.asieco.2008.09.002",
   "license": "els-covid",
   "abstract": "Abstract Countries worldwide confront the challenge of defining and achieving appropriate roles for government and market forces in the health sector. China\u2014as both a developing and a transitional economy\u2014represents an important case. This paper uses an international comparative perspective to examine how the health of China\u2019s population and other aspects of health system performance changed during the reform era. We draw on standard public finance and health economics theory, as well as the more recent incomplete-contracting theory of property rights, to summarize the comparative advantages of government and market for financing and delivery of health services, particularly in developing and transitional economies. We then describe and analyze against this theoretical background the transformation of China\u2019s health sector and recent commitment of government funds to move toward universal coverage.",
   "publish_time": "2008-12-31",
   "authors": [
      "Eggleston, Karen",
      "Wang, Jian",
      "Rao, Keqin"
   ],
   "journal": "Journal of Asian Economics",
   "has_full_text": "True",
   "full_text_file": "custom_license",
   "id": "https://doi.org/10.1016/j.asieco.2008.09.002",
   "fhir_link": [
      "PMC/Composition/85427951a71dfbdf45d1598f0265d2e8b840cd38"
   ]
}