{
   "sha": "00b050ecae47c925db0eb4db5769ff1f907644b7",
   "source_x": "Elsevier",
   "title": "Stephen L. Cochi, MD, MPH: An outstanding leader in global eradication, elimination, and control of vaccine-preventable diseases",
   "doi": "10.1053/j.spid.2004.08.003",
   "license": "els-covid",
   "publish_time": "2004-07-31",
   "authors": [
      "Jafari, Hamid S."
   ],
   "journal": "Seminars in Pediatric Infectious Diseases",
   "has_full_text": "True",
   "full_text_file": "custom_license",
   "id": "https://doi.org/10.1053/j.spid.2004.08.003",
   "fhir_link": [
      "PMC/Composition/00b050ecae47c925db0eb4db5769ff1f907644b7"
   ]
}