{
   "sha": "8387ba520ac3172c8b428e5c95b6aad52d23d509",
   "source_x": "PMC",
   "title": "A Crimean-Congo hemorrhagic fever (CCHF) viral vaccine expressing nucleoprotein is immunogenic but fails to confer protection against lethal disease",
   "doi": "http://dx.doi.org/10.1080/21645515.2015.1078045",
   "pmcid": "PMC5049717",
   "pubmed_id": "26309231",
   "license": "CC BY-NC",
   "abstract": "Crimean-Congo Hemorrhagic Fever (CCHF) is a severe tick-borne disease, endemic in many countries in Africa, the Middle East, Eastern Europe and Asia. Between 15\u201370% of reported cases are fatal with no approved vaccine available. In the present study, the attenuated poxvirus vector, Modified Vaccinia virus Ankara, was used to develop a recombinant candidate vaccine expressing the CCHF virus nucleoprotein. Cellular and humoral immunogenicity was confirmed in 2 mouse strains, including type I interferon receptor knockout mice, which are susceptible to CCHF disease. Despite the immune responses generated post-immunisation, the vaccine failed to protect animals from lethal disease in a challenge model.",
   "publish_time": "2015 Aug 26",
   "authors": [
      "['Dowall, SD', 'Buttigieg, KR', 'Findlay-Wilson, SJD', 'Rayner, E', 'Pearson, G', 'Miloszewska, A', 'Graham, VA', 'Carroll, MW', 'Hewson, R']"
   ],
   "journal": "Hum Vaccin Immunother",
   "has_full_text": "True",
   "id": "8387ba520ac3172c8b428e5c95b6aad52d23d509",
   "fhir_link": "Non-comercial/Composition/8387ba520ac3172c8b428e5c95b6aad52d23d509.json"
}