{
   "sha": "1812bb4edadfab1f5a4a2139bd269bb3e5a10636",
   "source_x": "Elsevier",
   "title": "Preliminary investigations on the role of Drp-1 dependent mitochondrial fission in attenuating RLR downstream signaling during nervous necrosis virus infection",
   "doi": "10.1016/j.fsi.2018.07.003",
   "pubmed_id": "29981473",
   "license": "els-covid",
   "abstract": "Abstract Member of the dynamin family of large GTPases, dynamin-related protein 1 (Drp1) dependent mitochondrial fission is an intricate process regulating both cellular and organ dynamics. Present study shows that NNV perturbs mitochondrial dynamics by promoting Drp-1 dependent mitochondrial fission, which attenuates MAVS mediated downstream signaling. NNV infected SISS cells revealed induction in Drp1 expression and subsequent translocation into mitochondria. The level of MAVS expression was up-regulated over a period of 24 hpi and declined with the progression of NNV infection at 48 and 72 hpi confirmed by western blot and mRNA transcript analysis. Drp-1 displayed its association with fragmented mitochondria and the transcript abundance was significant post infection along with Mff. Expression levels of IRF-3 IFN-1 and Mx followed a similar pattern with abundant expression at 48 hpi and diminished expression during the further period. Importantly, silencing of Drp1 caused significant elevation in the RLR downstream molecules and reduction in viral RNA expression. These results suggest that NNV-induced mitochondrial fission serve to attenuate host RLR signaling. This provides an illustration of host\u2013pathogen interaction in which the virus evades innate immunity by enhancing mitochondrial fission and perturbs MAVS, and the downstream molecules.",
   "publish_time": "2018-09-30",
   "authors": [
      "Krishnan, Rahul",
      "Jeena, K.",
      "Prasad, Kurcheti Pani"
   ],
   "journal": "Fish & Shellfish Immunology",
   "has_full_text": "True",
   "full_text_file": "custom_license",
   "id": "https://doi.org/10.1016/j.fsi.2018.07.003",
   "fhir_link": [
      "PMC/Composition/1812bb4edadfab1f5a4a2139bd269bb3e5a10636"
   ]
}