{
   "sha": "e55f1a815ecb5cc9f5921a26159b8bfeb080b154",
   "source_x": "Elsevier",
   "title": "Emerging viruses of zoonotic and veterinary importance",
   "doi": "10.1016/j.tvjl.2017.12.022",
   "pubmed_id": "29486873",
   "license": "els-covid",
   "publish_time": "2018-03-31",
   "authors": [
      "Blacklaws, B.A.",
      "Daly, J.M."
   ],
   "journal": "The Veterinary Journal",
   "has_full_text": "True",
   "full_text_file": "custom_license",
   "id": "https://doi.org/10.1016/j.tvjl.2017.12.022",
   "fhir_link": [
      "PMC/Composition/e55f1a815ecb5cc9f5921a26159b8bfeb080b154"
   ]
}