{
   "sha": "9d9c2e95d079dc7b3c17b8332fea83aa41766749",
   "source_x": "Elsevier",
   "title": "Multiple myelomas in cats",
   "doi": "10.1016/j.jfms.2004.12.005",
   "pubmed_id": "16112593",
   "license": "els-covid",
   "abstract": "Multiple myelomas are uncommon neoplasms of the bone marrow of cats [Weber NA, Tebeau CS (1998) An unusual presentation of multiple myeloma in two cats. Journal of the American Animal Hospital Association 34 (6), 477\u2013483]. Nine cats diagnosed with multiple myelomas were retrospectively identified over a 16-year period (1986\u20132002). Cats with multiple myelomas were older than 7 years (mean age 11.7 years); six males and three females were affected (2.1), but no breed predisposition was evident. Treatment of multiple myelomas consisted of supportive management in the nine cats and anti-neoplastic therapy in eight cats. Supportive treatment consisted of maintaining hydration, renal function and antimicrobial therapy even when there was no sign of infection. Anti-neoplastic therapy with melphalan and prednisolone was carried out in eight cats. Three failed to respond to treatment and five responded to treatment, but the response was only partial and temporary in one cat. The five cats that responded were improved clinically and had reduced serum protein levels. Five out of eight cats (63%) responded to chemotherapy, and it appeared to be complete in four cats and partial in one cat. Survival time in those cats was 15, 4, 17 and 24 months.",
   "publish_time": "2005-10-31",
   "authors": [
      "Hanna, Fikry"
   ],
   "journal": "Journal of Feline Medicine & Surgery",
   "has_full_text": "True",
   "full_text_file": "custom_license",
   "id": "https://doi.org/10.1016/j.jfms.2004.12.005",
   "fhir_link": [
      "PMC/Composition/9d9c2e95d079dc7b3c17b8332fea83aa41766749"
   ]
}