{
   "sha": "2871cf7a741e9af5c94009d2cf5f368932f6f47e",
   "source_x": "PMC",
   "title": "How Is WHO Responding to Global Public Health Threats?",
   "doi": "http://dx.doi.org/10.1371/journal.pmed.0040197",
   "pmcid": "PMC1880862",
   "pubmed_id": "17535110",
   "license": "CC BY",
   "abstract": "The editors discuss two recent WHO initiatives on preparing for and responding to global public health threats: the WHO Rapid Advice Guidelines Group and the new revision of the International Health Regulations.",
   "publish_time": "2007 May 29",
   "journal": "PLoS Med",
   "has_full_text": "True",
   "id": "2871cf7a741e9af5c94009d2cf5f368932f6f47e",
   "fhir_link": "Commercial/Composition/2871cf7a741e9af5c94009d2cf5f368932f6f47e.json"
}