{
   "sha": "1b7520912fbd483ef60014fe0e7f0d0c2df1d07e",
   "source_x": "PMC",
   "title": "Malaria Coinfections in Febrile Pediatric Inpatients: A Hospital-Based Study From Ghana",
   "doi": "http://dx.doi.org/10.1093/cid/cix1120",
   "pmcid": "PMC5982794",
   "pubmed_id": "29408951",
   "license": "CC BY-NC-ND",
   "abstract": "BACKGROUND: The epidemiology of pediatric febrile illness is shifting in sub-Saharan Africa, but malaria remains a major cause of childhood morbidity and mortality. The present study describes causes of febrile illness in hospitalized children in Ghana and aims to determine the burden of malaria coinfections and their association with parasite densities. METHODS: In a prospective study, children (aged \u226530 days and \u226415 years) with fever \u226538.0\u00b0C were recruited after admission to the pediatric ward of a primary hospital in Ghana. Malaria parasitemia was determined and blood, stool, urine, respiratory, and cerebrospinal fluid specimens were screened for parasitic, bacterial, and viral pathogens. Associations of Plasmodium densities with other pathogens were calculated. RESULTS: From November 2013 to April 2015, 1238 children were enrolled from 4169 admissions. A clinical/microbiological diagnosis could be made in 1109/1238 (90%) patients, with Plasmodium parasitemia (n = 728/1238 [59%]) being predominant. This was followed by lower respiratory tract infections/pneumonia (n = 411/1238 [34%]; among detected pathogens most frequently Streptococcus pneumoniae, n = 192/299 [64%]), urinary tract infections (n = 218/1238 [18%]; Escherichia coli, n = 21/32 [66%]), gastrointestinal infections (n = 210 [17%]; rotavirus, n = 32/97 [33%]), and invasive bloodstream infections (n = 62 [5%]; Salmonella species, n = 47 [76%]). In Plasmodium-infected children the frequency of lower respiratory tract, gastrointestinal, and bloodstream infections increased with decreasing parasite densities. CONCLUSIONS: In a hospital setting, the likelihood of comorbidity with a nonmalarial disease is inversely correlated with increasing blood levels of malaria parasites. Hence, parasite densities provide important information as an indicator for the probability of coinfection, in particular to guide antimicrobial medication.",
   "publish_time": "2018 Jun 15",
   "authors": [
      "['Hogan, Benedikt', 'Eibach, Daniel', 'Krumkamp, Ralf', 'Sarpong, Nimako', 'Dekker, Denise', 'Kreuels, Benno', 'Maiga-Ascofar\u00e9, Oumou', 'Gyau Boahen, Kennedy', 'Wiafe Akenten, Charity', 'Adu-Sarkodie, Yaw', 'Owusu-Dabo, Ellis', 'May, J\u00fcrgen', None]"
   ],
   "journal": "Clin Infect Dis",
   "has_full_text": "True",
   "id": "1b7520912fbd483ef60014fe0e7f0d0c2df1d07e",
   "fhir_link": "Non-comercial/Composition/1b7520912fbd483ef60014fe0e7f0d0c2df1d07e.json"
}