{
   "sha": "2bf62ecb50fd95973de0bf6c1285ac3475fc4cc8",
   "source_x": "PMC",
   "title": "Transcript-level annotation of Affymetrix probesets improves the interpretation of gene expression data",
   "doi": "http://dx.doi.org/10.1186/1471-2105-8-194",
   "pmcid": "PMC1913542",
   "pubmed_id": "17559689",
   "license": "CC BY",
   "abstract": "BACKGROUND: The wide use of Affymetrix microarray in broadened fields of biological research has made the probeset annotation an important issue. Standard Affymetrix probeset annotation is at gene level, i.e. a probeset is precisely linked to a gene, and probeset intensity is interpreted as gene expression. The increased knowledge that one gene may have multiple transcript variants clearly brings up the necessity of updating this gene-level annotation to a refined transcript-level. RESULTS: Through performing rigorous alignments of the Affymetrix probe sequences against a comprehensive pool of currently available transcript sequences, and further linking the probesets to the International Protein Index, we generated transcript-level or protein-level annotation tables for two popular Affymetrix expression arrays, Mouse Genome 430A 2.0 Array and Human Genome U133A Array. Application of our new annotations in re-examining existing expression data sets shows increased expression consistency among synonymous probesets and strengthened expression correlation between interacting proteins. CONCLUSION: By refining the standard Affymetrix annotation of microarray probesets from the gene level to the transcript level and protein level, one can achieve a more reliable interpretation of their experimental data, which may lead to discovery of more profound regulatory mechanism.",
   "publish_time": "2007 Jun 11",
   "authors": [
      "['Yu, Hui', 'Wang, Feng', 'Tu, Kang', 'Xie, Lu', 'Li, Yuan-Yuan', 'Li, Yi-Xue']"
   ],
   "journal": "BMC Bioinformatics",
   "has_full_text": "True",
   "id": "2bf62ecb50fd95973de0bf6c1285ac3475fc4cc8",
   "fhir_link": "Commercial/Composition/2bf62ecb50fd95973de0bf6c1285ac3475fc4cc8.json"
}