{
   "sha": "7a3b1df462ac5224e195a12287ee156064910bf0",
   "source_x": "PMC",
   "title": "A planetary vision for one health",
   "doi": "http://dx.doi.org/10.1136/bmjgh-2018-001137",
   "pmcid": "PMC6169660",
   "pubmed_id": "30294465",
   "license": "CC BY-NC",
   "publish_time": "2018 Oct 2",
   "authors": [
      "['Rabinowitz, Peter MacGarr', 'Pappaioanou, Marguerite', 'Bardosh, Kevin Louis', 'Conti, Lisa']"
   ],
   "journal": "BMJ Glob Health",
   "has_full_text": "True",
   "id": "7a3b1df462ac5224e195a12287ee156064910bf0",
   "fhir_link": "Non-comercial/7a3b1df462ac5224e195a12287ee156064910bf0"
}