{
   "sha": "46ec3a9b64437b3a7908f0efbf575e1645ee0419",
   "source_x": "PMC",
   "title": "Porcine Circovirus type 2 \u2013 Systemic disease on pig farms and associated knowledge of key players in the pig industry in Central Uganda",
   "doi": "http://dx.doi.org/10.1016/j.ijvsm.2018.08.004",
   "pmcid": "PMC6286401",
   "pubmed_id": "30564593",
   "license": "CC BY-NC-ND",
   "abstract": "Porcine Circovirus type 2 (PCV2) infections and associated diseases have been rarely studied in Africa. There is no report of PCV2 infection-associated morbidity and the level of awareness of stakeholders has never been investigated in Uganda. This cross sectional survey investigated the occurrence of Porcine Circovirus type 2 \u2013 systemic disease (PCV2-SD) among pigs and the associated level of awareness of stakeholders in Central Uganda. Data were collected using questionnaires, Focus Group Discussions (FGDs), key informant interviews and laboratory investigations. All respondents (n\u202f=\u202f131) and farmers attending FGDs (n\u202f=\u202f31) had never heard of PCV2-SD and only 16.7% (n\u202f=\u202f2) of the interviewed animal health workers (n\u202f=\u202f12) knew about the disease. Among the farms, 20 piglets presenting with a chronic wasting and a persistent diarrhea were detected and sampled for laboratory investigations. Severe lymphoid depletion with histiocytic and macrophage infiltration in lymphoid organs (n\u202f=\u202f8), shortening of intestinal villi (n\u202f=\u202f9), abscesses in various organs (n\u202f=\u202f15) and granulomatous pneumonia (n\u202f=\u202f2) were the major histopathological lesions described. Immunohistochemistry and PCR assays on organs with implicating lesions confirmed PCV2 infection in 25% (n\u202f=\u202f5) of the 20 pigs. The study confirmed the occurrence of PCV2 infections among piglets with persistent diarrhea on pig farms in central Uganda and revealed a low level of associated knowledge among farmers and veterinary practitioners. The study arouses the need for systematic studies on prevalence of PCV2 infections and sensitization of stakeholders on occurrence of PCV2 infections in Uganda.",
   "publish_time": "2018 Aug 28",
   "authors": [
      "['Wilfred, Eneku', 'Mutebi, Francis', 'Mwiine, Frank Norbert', 'James, Okwee-Acai', 'Lonzy, Ojok']"
   ],
   "journal": "Int J Vet Sci Med",
   "has_full_text": "False",
   "id": "46ec3a9b64437b3a7908f0efbf575e1645ee0419"
}