{
   "sha": "ecc38d8917b699533445da77582f50f591bf8190",
   "source_x": "Elsevier",
   "title": "Taking forward the World TB Day 2016 theme \u2018Unite to End Tuberculosis\u2019 for the WHO Africa Region",
   "doi": "10.1016/j.ijid.2016.03.003",
   "pubmed_id": "26969406",
   "license": "els-covid",
   "abstract": "Summary Tuberculosis (TB) remains a global emergency, with an estimated 9.6 million new TB cases worldwide reported in 2014. Twenty-eight percent of these cases were in the World Health Organization (WHO) Africa Region, where the annual case detection rate was 281 per 100000 population\u2014more than double the global average of 133 per 100000. Of the 9.6 million people who developed TB, an estimated 1.2 million (12%) were HIV-positive, and the Africa Region accounted for 74% of these cases. Three million people with TB remain undiagnosed and untreated. Globally, an estimated 480000 had multidrug-resistant TB (MDR-TB). Whilst of the African countries, only South Africa has reported a high prevalence of MDR-TB, it is likely that all of Sub-Saharan Africa has an unreported high load of drug-resistant TB. Tragically, in 2014, only 48% of individuals diagnosed with MDR-TB had successful treatment and an estimated 190000 people died of MDR-TB. Of the global TB funding gap of US$ 0.8 billion, the largest funding gap was in the Africa Region, amounting to US$ 0.4 billion in 2015. The MDR-TB pandemic in particular now threatens to devastate entire regions and may fundamentally alter the life-expectancy and demographic profile of many countries in Sub-Saharan Africa. The theme designated for this year's World TB Day, March 24, 2016, is \u2018Unite to End TB\u2019. From the Africa Region, there is an urgent need to seriously address the political, economic, and social factors that influence host\u2013Mycobacterium tuberculosis interactions and result in disease. Recent political and funder initiatives that provide renewed hope for the alleviation of Africa's TB and TB/HIV problems are discussed.",
   "publish_time": "2016-05-31",
   "authors": [
      "Ntoumi, Francine",
      "Kaleebu, Pontiano",
      "Macete, Eusebio",
      "Mfinanga, Sayoki",
      "Chakaya, Jeremiah",
      "Yeboah-Manu, Dorothy",
      "Bates, Matthew",
      "Mwaba, Peter",
      "Maeurer, Markus",
      "Petersen, Eskild",
      "Zumla, Alimuddin"
   ],
   "journal": "International Journal of Infectious Diseases",
   "has_full_text": "True",
   "full_text_file": "custom_license",
   "id": "https://doi.org/10.1016/j.ijid.2016.03.003",
   "fhir_link": [
      "PMC/Composition/ecc38d8917b699533445da77582f50f591bf8190"
   ]
}