{
   "sha": "4fab9d6fcfd7daca9ed2e0f89c2433955d34e553",
   "source_x": "PMC",
   "title": "Geographical disparities in emergency department presentations for acute respiratory infections and risk factors for presenting: a population-based cohort study of Western Australian children",
   "doi": "http://dx.doi.org/10.1136/bmjopen-2018-025360",
   "pmcid": "PMC6443078",
   "pubmed_id": "30804033",
   "license": "CC BY-NC",
   "abstract": "INTRODUCTION: Studies examining acute respiratory infections (ARIs) in emergency department (EDs), particularly in rural and remote areas, are rare. This study aimed to examine the burden of ARIs among Aboriginal and non-Aboriginal children presenting to Western Australian (WA) EDs from 2002 to 2012. METHOD: Using a retrospective population-based cohort study linking ED records to birth and perinatal records, we examined presentation rates for metropolitan, rural and remote Aboriginal and non-Aboriginal children from 469\u2009589 births. We used ED diagnosis information to categorise presentations into ARI groups and calculated age-specific rates. Negative binomial regression was used to investigate association between risk factors and frequency of ARI presentation. RESULTS: Overall, 26% of presentations were for ARIs. For Aboriginal children, the highest rates were for those aged <12 months in the Great Southern (1233 per 1000 child-years) and Pilbara regions (1088 per 1000 child-years). Rates for non-Aboriginal children were highest in children <12 months in the Southwest and Kimberley (400 and 375 per 1000 child-years, respectively). Presentation rates for ARI in children from rural and remote WA significantly increased over time in all age groups <5 years. Risk factors for children presenting to ED with ARI were: male, prematurity, caesarean delivery and residence in the Kimberley region and lower socio-economic areas. CONCLUSION: One in four ED presentations in WA children are for ARIs, representing a significant out-of-hospital burden with some evidence of geographical disparity. Planned linkages with hospital discharge and laboratory detection data will aid in assessing the sensitivity and specificity of ARI diagnoses in ED.",
   "publish_time": "2019 Feb 24",
   "authors": [
      "['Barnes, Rosanne', 'Blyth, Christopher C', 'de Klerk, Nicholas', 'Lee, Wei Hao', 'Borland, Meredith L', 'Richmond, Peter', 'Lim, Faye J', 'Fathima, Parveen', 'Moore, Hannah C']"
   ],
   "journal": "BMJ Open",
   "has_full_text": "True",
   "id": "4fab9d6fcfd7daca9ed2e0f89c2433955d34e553",
   "fhir_link": "Non-comercial/4fab9d6fcfd7daca9ed2e0f89c2433955d34e553"
}