{
   "sha": "898be097851a56d857d6cdb8ccbbdd3666eb4963",
   "source_x": "PMC",
   "title": "Prediction of RNA Pseudoknots Using Heuristic Modeling with Mapping and Sequential Folding",
   "doi": "http://dx.doi.org/10.1371/journal.pone.0000905",
   "pmcid": "PMC1975678",
   "pubmed_id": "17878940",
   "license": "CC BY",
   "abstract": "Predicting RNA secondary structure is often the first step to determining the structure of RNA. Prediction approaches have historically avoided searching for pseudoknots because of the extreme combinatorial and time complexity of the problem. Yet neglecting pseudoknots limits the utility of such approaches. Here, an algorithm utilizing structure mapping and thermodynamics is introduced for RNA pseudoknot prediction that finds the minimum free energy and identifies information about the flexibility of the RNA. The heuristic approach takes advantage of the 5\u2032 to 3\u2032 folding direction of many biological RNA molecules and is consistent with the hierarchical folding hypothesis and the contact order model. Mapping methods are used to build and analyze the folded structure for pseudoknots and to add important 3D structural considerations. The program can predict some well known pseudoknot structures correctly. The results of this study suggest that many functional RNA sequences are optimized for proper folding. They also suggest directions we can proceed in the future to achieve even better results.",
   "publish_time": "2007 Sep 19",
   "authors": [
      "['Dawson, Wayne K.', 'Fujiwara, Kazuya', 'Kawai, Gota']"
   ],
   "journal": "PLoS One",
   "has_full_text": "True",
   "id": "898be097851a56d857d6cdb8ccbbdd3666eb4963",
   "fhir_link": "Commercial/Composition/898be097851a56d857d6cdb8ccbbdd3666eb4963.json"
}