{
   "sha": "81cfdc6601a05ba9db405a714d3372ea328a2186",
   "source_x": "PMC",
   "title": "Evidence for Cross-Protection Against Subsequent Febrile Respiratory Illness Episodes From Prior Infections by Different Viruses Among Singapore Military Recruits 2009\u20132014",
   "doi": "http://dx.doi.org/10.1093/infdis/jiz046",
   "pmcid": "PMC6534195",
   "pubmed_id": "30722024",
   "license": "CC BY-NC-ND",
   "abstract": "BACKGROUND: Few studies have evaluated the relative cross-protection conferred by infection with different groups of viruses through studies of sequential infections in humans. We investigated the presence of short-lived relative cross-protection conferred by specific prior viral infections against subsequent febrile respiratory illness (FRI). METHODS: Men enlisted in basic military training between December 2009 and December 2014 were recruited, with the first FRI as the study entry point. ResPlex II assays and real-time polymerase chain reaction assays were used to detect viral pathogens in nasal wash samples, and survival analyses were performed to determine whether infection with particular viruses conferred short-lived relative cross-protection against FRI. RESULTS: Prior infection with adenovirus (hazard ratio [HR], 0.24; 95% confidence interval [CI], .14\u2013.44) or influenza virus (HR, 0.52; 95% CI, .38\u2013.73) conferred relative protection against subsequent FRI episode. Results were statistically significant even after adjustment for the interval between enlistment and FRI (P < .001). Adenovirus-positive participants with FRI episodes tended to be protected against subsequent infection with adenovirus, coronavirus, enterovirus/rhinovirus, and influenza virus (P = .062\u2013.093), while men with influenza virus\u2013positive FRI episodes tended be protected against subsequent infection with adenovirus (P = .044) and influenza virus (P = .081). CONCLUSION: Prior adenovirus or influenza virus infection conferred cross-protection against subsequent FRI episodes relative to prior infection due to other circulating viruses.",
   "publish_time": "2019 Jun 15",
   "authors": [
      "['Chen, I-Cheng Mark', 'Loh, Jin Phang', 'Chuah, Cheryl X P', 'Gao, Qiu Han Christine', 'Sun, Yinxiaohe', 'Ng, Sock Hoon', 'Koh, Wee-Hong Victor', 'Goh, Ee Hui', 'Zhao, Xiahong', 'Tambyah, Paul Anantharajah', 'Cook, Alex R', 'Chng, Jeremiah', 'Pang, Junxiong', 'Tan, Boon-Huan', 'Lee, Vernon J']"
   ],
   "journal": "J Infect Dis",
   "has_full_text": "True",
   "id": "81cfdc6601a05ba9db405a714d3372ea328a2186",
   "fhir_link": "Non-comercial/Composition/81cfdc6601a05ba9db405a714d3372ea328a2186"
}