{
   "sha": "e0e8648de04f7d9e69558253b2a663585a11bee5",
   "source_x": "PMC",
   "title": "Assessing health systems in Guinea for prevention and control of priority zoonotic diseases: A One Health approach",
   "doi": "http://dx.doi.org/10.1016/j.onehlt.2019.100093",
   "pmcid": "PMC6479159",
   "pubmed_id": "31049389",
   "license": "CC BY-NC-ND",
   "abstract": "To guide One Health capacity building efforts in the Republic of Guinea in the wake of the 2014\u20132016 Ebola virus disease (EVD) outbreak, we sought to identify and assess the existing systems and structures for zoonotic disease detection and control. We partnered with the government ministries responsible for human, animal, and environmental health to identify a list of zoonotic diseases \u2013 rabies, anthrax, brucellosis, viral hemorrhagic fevers, trypanosomiasis and highly pathogenic avian influenza \u2013 as the country's top priorities. We used each priority disease as a case study to identify existing processes for prevention, surveillance, diagnosis, laboratory confirmation, reporting and response across the three ministries. Results were used to produce disease-specific systems \u201cmaps\u201d emphasizing linkages across the systems, as well as opportunities for improvement. We identified brucellosis as a particularly neglected condition. Past efforts to build avian influenza capabilities, which had degraded substantially in less than a decade, highlighted the challenge of sustainability. We observed a keen interest across sectors to reinvigorate national rabies control, and given the regional and global support for One Health approaches to rabies elimination, rabies could serve as an ideal disease to test incipient One Health coordination mechanisms and procedures. Overall, we identified five major categories of gaps and challenges: (1) Coordination; (2) Training; (3) Infrastructure; (4) Public Awareness; and (5) Research. We developed and prioritized recommendations to address the gaps, estimated the level of resource investment needed, and estimated a timeline for implementation. These prioritized recommendations can be used by the Government of Guinea to plan strategically for future One Health efforts, ideally under the auspices of the national One Health Platform. This work demonstrates an effective methodology for mapping systems and structures for zoonotic diseases, and the benefit of conducting a baseline review of systemic capabilities prior to embarking on capacity building efforts.",
   "publish_time": "2019 Apr 16",
   "authors": [
      "['Standley, Claire J.', 'Carlin, Ellen P.', 'Sorrell, Erin M.', 'Barry, Alpha M.', 'Bile, Ebi', 'Diakite, Aboubacar S.', 'Keita, Mamady S.', 'Koivogui, Lamine', 'Mane, Seny', 'Martel, Lise D.', 'Katz, Rebecca']"
   ],
   "journal": "One Health",
   "has_full_text": "False",
   "id": "e0e8648de04f7d9e69558253b2a663585a11bee5"
}