{
   "sha": "cd4fc1e747aa209cf3c66893ac69da8a4568b09b",
   "source_x": "Elsevier",
   "title": "Understanding infectious agents from an in silico perspective",
   "doi": "10.1016/j.drudis.2010.10.007",
   "pubmed_id": "20974283",
   "license": "els-covid",
   "abstract": "Knowledge of infectious diseases now emerging from genomic, proteomic, epidemiological and clinical data can provide insights into the mechanisms of immune function, disease pathogenesis and epidemiology. Here, we describe how considerable advances in computational methods of data mining, mathematical modeling in epidemiology and simulation have been used to enhance our understanding of infectious agents and discuss their impact on the discovery of new therapeutics and controlling their spread.",
   "publish_time": "2011-01-31",
   "authors": [
      "Tong, Joo Chuan",
      "Ng, Lisa F.P."
   ],
   "journal": "Drug Discovery Today",
   "has_full_text": "True",
   "full_text_file": "custom_license",
   "id": "https://doi.org/10.1016/j.drudis.2010.10.007",
   "fhir_link": [
      "PMC/Composition/cd4fc1e747aa209cf3c66893ac69da8a4568b09b"
   ]
}