{
   "sha": "656c938ecdcc9da033e96de658ac1673959e0f6e",
   "source_x": "PMC",
   "title": "Plasma and tissue angiotensin\u2010converting enzyme 2 activity and plasma equilibrium concentrations of angiotensin peptides in dogs with heart disease",
   "doi": "http://dx.doi.org/10.1111/jvim.15548",
   "pmcid": "PMC6639469",
   "pubmed_id": "31254308",
   "license": "CC BY-NC",
   "abstract": "BACKGROUND: Angiotensin\u2010converting enzyme 2 (ACE2) is a homologue of angiotensin\u2010converting enzyme (ACE) and produces angiotensin peptides (APs), such as angiotensin 1\u20109 and 1\u20107 that are vasodilatory and natriuretic, and act to counterbalance angiotensin II. HYPOTHESIS: Evidence of ACE2 can be found in tissues and plasma of dogs. Equilibrium concentrations of renin angiotensin aldosterone system (RAAS) APs differ in dogs with heart disease compared to healthy dogs and recombinant human ACE2 (rhACE2) alters relative concentrations of APs. ANIMALS: Forty\u2010nine dogs with and 34 dogs without heart disease. METHODS: Immunohistochemistry and assays for tissue and plasma ACE2 activity and equilibrium concentrations of plasma RAAS APs were performed. RESULTS: Immunolabeling for ACE2 was present in kidney and myocardial tissue. Median plasma ACE2 activity was significantly increased in dogs with congestive heart failure (CHF; 6.9 mU/mg; interquartile range [IQR], 5.1\u201012.1) as compared to control (2.2 mU/mg; IQR, 1.8\u20103.0; P = .0003). Plasma equilibrium analysis of RAAS APs identified significant increases in the median concentrations of beneficial APs, such as angiotensin 1\u20107, in dogs with CHF (486.7 pg/mL; IQR, 214.2\u20101168) as compared to those with preclinical disease (41.0 pg/mL; IQR, 27.4\u201045.1; P\u2009<\u2009.0001) or control (11.4 pg/mL; IQR, 7.1\u201025.3; P = .01). Incubation of plasma samples from dogs with CHF with rhACE2 increased beneficial APs, such as angiotensin 1\u20109 (preincubation, 10.3 pg/mL; IQR, 4.4\u201037.2; postincubation, 2431\u2009pg/mL; IQR, 1355\u20103037; P = .02), while simultaneously decreasing maladaptive APs, such as angiotensin II (preincubation, 53.4 pg/mL; IQR, 28.6\u2010226.4; postincubation, 2.4 pg/mL; IQR, 0.50\u20105.8; P = .02). CONCLUSIONS AND CLINICAL IMPORTANCE: Recognition of the ACE2 system expands the conventional view of the RAAS in the dog and represents an important potential therapeutic target.",
   "publish_time": "2019 Jun 28 Jul-Aug",
   "authors": [
      "['Larouche\u2010Lebel, \u00c9va', 'Loughran, Kerry A.', 'Oyama, Mark A.', 'Solter, Phil F.', 'Laughlin, Danielle S.', 'S\u00e1nchez, Melissa D.', 'Assenmacher, Charles\u2010Antoine', 'Fox, Philip R.', 'Fries, Ryan C.']"
   ],
   "journal": "J Vet Intern Med",
   "has_full_text": "False",
   "id": "656c938ecdcc9da033e96de658ac1673959e0f6e"
}