{
   "sha": "97ba00ce6a99f88a1c51898bdd85221df6b74e50",
   "source_x": "PMC",
   "title": "IL-27 promotes the expansion of self-renewing CD8(+) T cells in persistent viral infection",
   "doi": "http://dx.doi.org/10.1084/jem.20190173",
   "pmcid": "PMC6683984",
   "pubmed_id": "31164392",
   "license": "CC BY-NC-SA",
   "abstract": "Chronic infection and cancer are associated with suppressed T cell responses in the presence of cognate antigen. Recent work identified memory-like CXCR5(+) TCF1(+) CD8(+) T cells that sustain T cell responses during persistent infection and proliferate upon anti-PD1 treatment. Approaches to expand these cells are sought. We show that blockade of interferon type 1 (IFN-I) receptor leads to CXCR5(+) CD8(+) T cell expansion in an IL-27\u2013 and STAT1-dependent manner. IFNAR1 blockade promoted accelerated cell division and retention of TCF1 in virus-specific CD8(+) T cells. We found that CD8(+) T cell\u2013intrinsic IL-27 signaling safeguards the ability of TCF1(hi) cells to maintain proliferation and avoid terminal differentiation or programmed cell death. Mechanistically, IL-27 endowed rapidly dividing cells with IRF1, a transcription factor that was required for sustained division in a cell-intrinsic manner. These findings reveal that IL-27 opposes IFN-I to uncouple effector differentiation from cell division and suggest that IL-27 signaling could be exploited to augment self-renewing T cells in chronic infections and cancer.",
   "publish_time": "2019 Aug 5",
   "authors": [
      "['Huang, Zhe', 'Zak, Jaroslav', 'Pratumchai, Isaraphorn', 'Shaabani, Namir', 'Vartabedian, Vincent F.', 'Nguyen, Nhan', 'Wu, Tuoqi', 'Xiao, Changchun', 'Teijaro, John R.']"
   ],
   "journal": "J Exp Med",
   "has_full_text": "False",
   "id": "97ba00ce6a99f88a1c51898bdd85221df6b74e50"
}