{
   "sha": "0dfb48c89f5609eb7c645aad320b3a2c70d07ec7",
   "source_x": "Elsevier",
   "title": "Interferon and cytokine responses to SARS-coronavirus infection",
   "doi": "10.1016/j.cytogfr.2008.01.001",
   "pubmed_id": "18321765",
   "license": "els-covid",
   "abstract": "Abstract The sudden emergence of severe acute respiratory syndrome (SARS) has boosted research on innate immune responses to coronaviruses. It is now well established that the causative agent, a newly identified coronavirus termed SARS-CoV, employs multiple passive and active mechanisms to avoid induction of the antiviral type I interferons in tissue cells. By contrast, chemokines such as IP-10 or IL-8 are strongly upregulated. The imbalance in the IFN response is thought to contribute to the establishment of viremia early in infection, whereas the production of chemokines by infected organs may be responsible for (i) massive immune cell infiltrations found in the lungs of SARS victims, and (ii) the dysregulation of adaptive immunity. Here, we will review the most recent findings on the interaction of SARS-CoV and related Coronaviridae members with the type I interferon and cytokine responses and discuss implications for pathogenesis and therapy.",
   "publish_time": "2008-04-30",
   "authors": [
      "Thiel, Volker",
      "Weber, Friedemann"
   ],
   "journal": "Cytokine & Growth Factor Reviews",
   "has_full_text": "True",
   "full_text_file": "custom_license",
   "id": "https://doi.org/10.1016/j.cytogfr.2008.01.001",
   "fhir_link": [
      "PMC/Composition/0dfb48c89f5609eb7c645aad320b3a2c70d07ec7"
   ]
}