{
   "sha": "b66f94ce35f66aa3ce423a16a7e6c814966786d2",
   "source_x": "PMC",
   "title": "Feline coronavirus isolates from a part of Brazil: insights into molecular epidemiology and phylogeny inferred from the 7b gene",
   "doi": "http://dx.doi.org/10.1292/jvms.19-0090",
   "pmcid": "PMC6863716",
   "pubmed_id": "31447457",
   "license": "CC BY-NC-ND",
   "abstract": "The Feline coronavirus (FCoV) can lead to Feline infectious peritonitis (FIP), which the precise cause is still unknown. The theory of internal mutation suggests that a less virulent biotype of FCoV (FECV) would lead to another more pathogenic biotype (FIPV) capable of causing FIP. In this work, the 7b gene was amplified from 51 domestic cat plasma samples by semi-nested PCR and tested through phylogenetic and phylogeographical approaches. The 7b gene of Brazilian isolates displayed high conservation, a strong correlation between the geographic origin of the viral isolates and their genealogy, and its evolution was possibly shaped by a combination of high rates of nucleotide substitution and purifying selection.",
   "publish_time": "2019 Oct 23",
   "authors": [
      "['MYRRHA, Luciana Wanderley', 'SILVA, Fernanda Miquelitto Figueira', 'VIDIGAL, Pedro Marcus Pereira', 'RESENDE, Maur\u00edcio', 'BRESSAN, Gustavo Costa', 'FIETTO, Juliana Lopes Rangel', 'SANTOS, Marcus Rebou\u00e7as', 'SILVA, Laura Morais Nascimento', 'ASSAO, Viviane Sisdelli', 'SILVA-J\u00daNIOR, Abelardo', 'de ALMEIDA, M\u00e1rcia Rog\u00e9ria']"
   ],
   "journal": "J Vet Med Sci",
   "has_full_text": "True",
   "id": "b66f94ce35f66aa3ce423a16a7e6c814966786d2",
   "fhir_link": "Non-comercial/Composition/b66f94ce35f66aa3ce423a16a7e6c814966786d2.json"
}