{
   "sha": "226fa4057ec61002bdb1017c74e31816c09d5b6f",
   "source_x": "Elsevier",
   "title": "International Conferences on Environmental Mutagens in Human Populations\u2014Opportunities, Accomplishments and Challenges",
   "doi": "10.1016/j.mrrev.2003.05.002",
   "pubmed_id": "14644311",
   "license": "els-covid",
   "abstract": "Abstract A major mission for organizing the series of International Conferences on Environmental Mutagens in Human Populations is to bring science and scientists to the sites where the field of environmental health is in developmental stages and environmental health is a serious concern. The mission has been fulfilled in each of the previous conferences that were held in Egypt, Czech Republic, Thailand and Brazil. These conferences have led to significant enhancement of regional scientific expertise from the acquisition of scientific knowledge and from the generation of sustainable collaborative programs.",
   "publish_time": "2003-11-30",
   "authors": [
      "Au, William W.",
      "Anwar, Wagida",
      "Sram, Radim J.",
      "Chulasiri, Malyn",
      "Ribeiro, Lucia R."
   ],
   "journal": "Mutation Research/Reviews in Mutation Research",
   "has_full_text": "True",
   "full_text_file": "custom_license",
   "id": "https://doi.org/10.1016/j.mrrev.2003.05.002",
   "fhir_link": [
      "PMC/Composition/226fa4057ec61002bdb1017c74e31816c09d5b6f"
   ]
}