{
   "sha": "9dbbd99bf146dd20f2e16be53fa7605cb6c03cd8",
   "source_x": "Elsevier",
   "title": "Nanomaterial-based sensors for the detection of biological threat agents",
   "doi": "10.1016/j.mattod.2016.02.018",
   "license": "els-covid",
   "abstract": "The danger posed by biological threat agents and the limitations of modern detection methods to rapidly identify them underpins the need for continued development of novel sensors. The application of nanomaterials to this problem in recent years has proven especially advantageous. By capitalizing on large surface/volume ratios, dispersability, beneficial physical and chemical properties, and unique nanoscale interactions, nanomaterial-based biosensors are being developed with sensitivity and accuracy that are starting to surpass traditional biothreat detection methods, yet do so with reduced sample volume, preparation time, and assay cost. In this review, we start with an overview of bioagents and then highlight the breadth of nanoscale sensors that have recently emerged for their detection.",
   "publish_time": "2016-10-31",
   "authors": [
      "Rowland, Clare E.",
      "Brown, Carl W.",
      "Delehanty, James B.",
      "Medintz, Igor L."
   ],
   "journal": "Materials Today",
   "has_full_text": "True",
   "full_text_file": "custom_license",
   "id": "https://doi.org/10.1016/j.mattod.2016.02.018",
   "fhir_link": [
      "PMC/Composition/9dbbd99bf146dd20f2e16be53fa7605cb6c03cd8"
   ]
}