{
   "sha": "2e3cdb0d3a8af9d764e7e10352e384e43cfb07de",
   "source_x": "Elsevier",
   "title": "Human metapneumovirus as a causative agent of acute bronchiolitis in infants",
   "doi": "10.1016/j.jcv.2003.12.012",
   "pubmed_id": "15135747",
   "license": "els-covid",
   "abstract": "Abstract Background: Human Metapneumovirus (hMPV), has been recently isolated from children with acute respiratory tract infections (RTIs), including bronchiolitis, and classified in the Pneumovirinae subfamily within the Paramyxoviridae family. Objectives: Since most bronchiolitis studies fail to detect any viral pathogen in part of the samples, we sought for the presence of hMPV in a well characterized bronchiolitis cohort. Study design: Nasal washes were obtained from 56 children admitted to the hospital for acute bronchiolitis. RNA extraction and subsequent RT-PCR were used to detect hMPV, and correlated the presence of the virus with clinical characteristics of the disease. Results and conclusions: PCR revealed the presence of hMPV in 16% of bronchiolitis cases, whereas respiratory syncytial virus (RSV; 67.9%) was the most frequently encountered viral pathogen. hMPV was identified either as a unique viral pathogen or co-existed with RSV, with whom they shared a similar seasonal distribution. There were no differences in disease characteristics, either clinical or laboratory, between bronchiolitis cases where hMPV was present and those caused by RSV or other viral pathogens. These findings suggest that hMPV is a common and important causative agent in infants with bronchiolitis, with clinical characteristics similar to that of RSV.",
   "publish_time": "2004-07-31",
   "authors": [
      "Xepapadaki, Paraskevi",
      "Psarras, Stelios",
      "Bossios, Apostolos",
      "Tsolia, Maria",
      "Gourgiotis, Dimitrios",
      "Liapi-Adamidou, Georgia",
      "Constantopoulos, Andreas G",
      "Kafetzis, Dimitrios",
      "Papadopoulos, Nikolaos G"
   ],
   "journal": "Journal of Clinical Virology",
   "has_full_text": "True",
   "full_text_file": "custom_license",
   "id": "https://doi.org/10.1016/j.jcv.2003.12.012",
   "fhir_link": [
      "PMC/Composition/2e3cdb0d3a8af9d764e7e10352e384e43cfb07de"
   ]
}