{
   "sha": "35166631ae0d6093844d32f88e663fc1dbf8b415",
   "source_x": "PMC",
   "title": "Challenges and responsibilities of family doctors in the new global coronavirus outbreak",
   "doi": "http://dx.doi.org/10.1136/fmch-2020-000333",
   "pmcid": "PMC7046369",
   "pubmed_id": "32148740",
   "license": "CC BY-NC",
   "publish_time": "2020 Feb 21",
   "authors": [
      "Li, Donald Kwok Tung"
   ],
   "journal": "Fam Med Community Health",
   "has_full_text": "False",
   "id": "35166631ae0d6093844d32f88e663fc1dbf8b415"
}