{
   "sha": "f7929dc28f24ccdc65e36f6b67d182adc6c4f2ba",
   "source_x": "PMC",
   "title": "Targeted Delivery of siRNA",
   "doi": "http://dx.doi.org/10.1155/JBB/2006/63675",
   "pmcid": "PMC1559924",
   "pubmed_id": "17057365",
   "license": "NO-CC CODE",
   "abstract": "Therapeutic application of siRNA requires delivery to the correct intracellular location, to interact with the RNAi machinery within the target cell, within the target tissue responsible for the pathology. Each of these levels of targeting poses a significant barrier. To overcome these barriers several strategies have been developed, such as chemical modifications of siRNA, viral nucleic acid delivery systems, and nonviral nucleic acid delivery systems. Here, we discuss progress that has been made to improve targeted delivery of siRNA in vivo for each of these strategies.",
   "publish_time": "2006 Jun 25",
   "authors": [
      "['Oliveira, Sabrina', 'Storm, Gert', 'Schiffelers, Raymond M.']"
   ],
   "journal": "J Biomed Biotechnol",
   "has_full_text": "True",
   "id": "f7929dc28f24ccdc65e36f6b67d182adc6c4f2ba",
   "fhir_link": "PMC/Composition/f7929dc28f24ccdc65e36f6b67d182adc6c4f2ba"
}