{
   "sha": "b60e2996ec59f48cb2376f9c791d7253d0f220cd",
   "source_x": "PMC",
   "title": "Screening Pneumonia Patients for Mimivirus",
   "doi": "http://dx.doi.org/10.3201/eid1403.071027",
   "pmcid": "PMC2570813",
   "pubmed_id": "18325263",
   "license": "NO-CC CODE",
   "abstract": "Acanthamoeba polyphaga mimivirus (APM), a virus of free-living amebae, has reportedly caused human respiratory disease. Using 2 newly developed real-time PCR assays, we screened 496 respiratory specimens from 9 pneumonia-patient populations for APM. This virus was not detected in any specimen, which suggests it is not a common respiratory pathogen.",
   "publish_time": "2008 Mar",
   "authors": [
      "['Dare, Ryan K.', 'Chittaganpitch, Malinee', 'Erdman, Dean D.']"
   ],
   "journal": "Emerg Infect Dis",
   "has_full_text": "True",
   "id": "b60e2996ec59f48cb2376f9c791d7253d0f220cd",
   "fhir_link": "PMC/b60e2996ec59f48cb2376f9c791d7253d0f220cd"
}