{
   "sha": "f4389cc1e3aa62a33af3c9df3744898cad8a2c07",
   "source_x": "PMC",
   "title": "Coronaviruses: Molecular and Cellular Biology",
   "doi": "http://dx.doi.org/10.3201/eid1404.080016",
   "pmcid": "PMC2570902",
   "license": "NO-CC CODE",
   "abstract": "Coronaviruses: Molecular and Cellular Biology",
   "publish_time": "2008 Apr",
   "authors": [
      "Leibowitz, Julian L."
   ],
   "journal": "Emerg Infect Dis",
   "has_full_text": "False",
   "id": "f4389cc1e3aa62a33af3c9df3744898cad8a2c07"
}