{
   "source_x": "Elsevier",
   "title": "Microarray-based molecular detection of viral pathogens associated with respiratory infections",
   "doi": "10.1016/j.jcv.2016.08.231",
   "license": "els-covid",
   "publish_time": "2016-09-30",
   "authors": [
      "Kurtoglu, Muhammet Guzel",
      "Akkaya, Oya",
      "Ugur, Ayse Ruveyda"
   ],
   "journal": "Journal of Clinical Virology",
   "has_full_text": "False",
   "full_text_file": "custom_license",
   "id": "https://doi.org/10.1016/j.jcv.2016.08.231"
}