{
   "sha": "715842fa536064980818ad7e31ce511272a4b6bc",
   "source_x": "CZI",
   "title": "The coronavirus 2019-nCoV epidemic: Is hindsight 20/20?",
   "doi": "10.1016/j.eclinm.2020.100289",
   "license": "cc-by-nc-nd",
   "publish_time": "2020",
   "authors": [
      "Malta, Monica",
      "Rimoin, Anne W.",
      "Strathdee, Steffanie A."
   ],
   "journal": "EClinicalMedicine",
   "Microsoft Academic Paper ID": "3004912618",
   "WHO #Covidence": "#3333",
   "has_full_text": "True",
   "id": "715842fa536064980818ad7e31ce511272a4b6bc",
   "fhir_link": "Non-comercial/715842fa536064980818ad7e31ce511272a4b6bc"
}