{
   "sha": "0cf6ca4dd75601c25f2cf924eceee0b224c13c58",
   "source_x": "Elsevier",
   "title": "Deficiency in interferon production by leukocytes from children with recurrent respiratory infections",
   "doi": "10.1016/0928-0197(93)90017-Y",
   "license": "els-covid",
   "abstract": "Abstract In vitro interferon production by peripheral blood mononuclear cells from 50 children suffering from recurrent upper respiratory tract infections was examined, and compared with that of 50 healthy children. Five respiratory pathogenic viruses and Mycoplasma pneumoniae were used as inducers. Cells from every child responded to at least three out of the six inducers by interferon production. As a group, cultures prepared from patient cells showed decreased production of IFN when stimulated with adeno, rhino, corona or RS viruses or with the mycoplasma. Similar trend between the two groups of children was seen as regards influenza A virus induced IFN production in leukocyte cultures. These results corroborate our previous findings that relative deficiency in interferon production appears to be inducer-specific, and suggest that this phenomenon may have a role in the pathogenesis of recurrent respiratory infections.",
   "publish_time": "1993-07-31",
   "authors": [
      "Pitk\u00e4ranta, Anne",
      "Karma, Pekka",
      "Hovi, Tapani"
   ],
   "journal": "Clinical and Diagnostic Virology",
   "has_full_text": "True",
   "full_text_file": "custom_license",
   "id": "https://doi.org/10.1016/0928-0197(93)90017-Y",
   "fhir_link": [
      "PMC/Composition/0cf6ca4dd75601c25f2cf924eceee0b224c13c58"
   ]
}