{
   "sha": "fc154cdab53513c3beb93049b93dcc34602c921a",
   "source_x": "PMC",
   "title": "Wildlife, Exotic Pets, and Emerging Zoonoses",
   "doi": "http://dx.doi.org/10.3201/eid1301.060480",
   "pmcid": "PMC2725831",
   "pubmed_id": "17370509",
   "license": "NO-CC CODE",
   "abstract": "Most emerging infectious diseases are zoonotic; wildlife constitutes a large and often unknown reservoir. Wildlife can also be a source for reemergence of previously controlled zoonoses. Although the discovery of such zoonoses is often related to better diagnostic tools, the leading causes of their emergence are human behavior and modifications to natural habitats (expansion of human populations and their encroachment on wildlife habitat), changes in agricultural practices, and globalization of trade. However, other factors include wildlife trade and translocation, live animal and bushmeat markets, consumption of exotic foods, development of ecotourism, access to petting zoos, and ownership of exotic pets. To reduce risk for emerging zoonoses, the public should be educated about the risks associated with wildlife, bushmeat, and exotic pet trades; and proper surveillance systems should be implemented.",
   "publish_time": "2007 Jan",
   "authors": [
      "['Chomel, Bruno B.', 'Belotto, Albino', 'Meslin, Fran\u00e7ois-Xavier']"
   ],
   "journal": "Emerg Infect Dis",
   "has_full_text": "True",
   "id": "fc154cdab53513c3beb93049b93dcc34602c921a",
   "fhir_link": "PMC/Composition/fc154cdab53513c3beb93049b93dcc34602c921a"
}