{
   "sha": "dc13e186e4b8ca3e634b4c665fe07c124047e27e",
   "source_x": "PMC",
   "title": "Novel Respiratory Virus Infections in Children, Brazil",
   "doi": "http://dx.doi.org/10.3201/eid1505.081603",
   "pmcid": "PMC2687000",
   "pubmed_id": "19402976",
   "license": "NO-CC CODE",
   "abstract": "Recently discovered respiratory viruses were detected in 19 (9.2%) of 205 nasal swab specimens from children in Brazil with respiratory illnesses. Five each were positive for human metapneumovirus (HMPV) alone and human bocavirus (HBoV) alone, 3 for human coronaviruses (HCoV-HKU1 or -NL63) alone, and 6 for more than 1 recently discovered virus.",
   "publish_time": "2009 May",
   "authors": [
      "['Albuquerque, Maria Carolina M.', 'Pena, Gisele P.A.', 'Varella, Rafael B.', 'Gallucci, George', 'Erdman, Dean', 'Santos, Norma']"
   ],
   "journal": "Emerg Infect Dis",
   "has_full_text": "False",
   "id": "dc13e186e4b8ca3e634b4c665fe07c124047e27e"
}