{
   "sha": "261141d75b67dd38a19c1a4c9af037587c2357ff",
   "source_x": "PMC",
   "title": "Increasing Incidence of Zygomycosis (Mucormycosis), France, 1997\u20132006",
   "doi": "http://dx.doi.org/10.3201/eid1509.090334",
   "pmcid": "PMC2819884",
   "pubmed_id": "19788806",
   "license": "NO-CC CODE",
   "abstract": "We analyzed hospital records to provide a population-based estimate of zygomycosis incidence and trends over a 10-year period at a national level in France. Data showed an increasing incidence from 0.7/million in 1997 to 1.2/million in 2006 (p<0.001). We compared our data with those from the French Mycosis Study Group, a recently established voluntary network of French mycologists coordinated by the National Reference Center for Mycoses and Antifungals. We documented that incidence of zygomycosis increased, particularly in patients with hematologic malignancies or bone marrow transplants. The role of previous exposure to antifungal drugs lacking activity against zygomycetes could explain this increase but does not appear exclusive. Incidence also increased in the population of patients with diabetes mellitus. We conclude that observed trends reflect a genuine increase of zygomycosis cases in at-risk populations.",
   "publish_time": "2009 Sep",
   "authors": [
      "['Bitar, Dounia', 'Van Cauteren, Dieter', 'Lanternier, Fanny', 'Dannaoui, Eric', 'Che, Didier', 'Dromer, Francoise', 'Desenclos, Jean-Claude', 'Lortholary, Olivier']"
   ],
   "journal": "Emerg Infect Dis",
   "has_full_text": "True",
   "id": "261141d75b67dd38a19c1a4c9af037587c2357ff",
   "fhir_link": "PMC/Composition/261141d75b67dd38a19c1a4c9af037587c2357ff"
}