{
   "sha": "7c754c95f6614150c41ea4c07cfe7e781f3a165d",
   "source_x": "PMC",
   "title": "Coronavirus-positive Nasopharyngeal Aspirate as Predictor for Severe Acute Respiratory Syndrome Mortality",
   "doi": "http://dx.doi.org/10.3201/eid0911.030400",
   "pmcid": "PMC3035547",
   "pubmed_id": "14718079",
   "license": "NO-CC CODE",
   "abstract": "Severe acute respiratory syndrome (SARS) has caused a major epidemic worldwide. A novel coronavirus is deemed to be the causative agent. Early diagnosis can be made with reverse transcriptase-polymerase chain reaction (RT-PCR) of nasopharyngeal aspirate samples. We compared symptoms of 156 SARS-positive and 62 SARS-negative patients in Hong Kong; SARS was confirmed by RT-PCR. The RT-PCR\u2013positive patients had significantly more shortness of breath, a lower lymphocyte count, and a lower lactate dehydrogenase level; they were also more likely to have bilateral and multifocal chest radiograph involvement, to be admitted to intensive care, to need mechanical ventilation, and to have higher mortality rates. By multivariate analysis, positive RT-PCR on nasopharyngeal aspirate samples was an independent predictor of death within 30 days.",
   "publish_time": "2003 Nov",
   "authors": [
      "['Tsang, Owen Tak-Yin', 'Chau, Tai-Nin', 'Choi, Kin-Wing', 'Tso, Eugene Yuk-Keung', 'Lim, Wilina', 'Chiu, Ming-Chi', 'Tong, Wing-Lok', 'Lee, Po-Oi', 'Lam, Bosco Hoi Shiu', 'Ng, Tak-Keung', 'Lai, Jak-Yiu', 'Yu, Wai-Cho', 'Lai, Sik-To']"
   ],
   "journal": "Emerg Infect Dis",
   "has_full_text": "True",
   "id": "7c754c95f6614150c41ea4c07cfe7e781f3a165d",
   "fhir_link": "PMC/7c754c95f6614150c41ea4c07cfe7e781f3a165d"
}