{
   "sha": "bbb2d7be584420074efdbaf24788af5c41b9d230",
   "source_x": "PMC",
   "title": "Lack of Association between CLEC5A Gene Single-Nucleotide Polymorphisms and Kawasaki Disease in Taiwanese Children",
   "doi": "http://dx.doi.org/10.1155/2012/398628",
   "pmcid": "PMC3318896",
   "pubmed_id": "22536019",
   "license": "NO-CC CODE",
   "abstract": "Background. Kawasaki disease is characterized by systemic vasculitis of unknown etiology. Previous genetic studies have identified certain candidate genes associated with susceptibility to KD and coronary artery lesions. Host innate immune response factors are involved in modulating the disease outcome. The aim of this study was to investigate CLEC5A (C-type lectin domain family 5) genetic polymorphisms with regards to the susceptibility and outcome of KD. Methods. A total of 1045 subjects (381 KD patients and 664 controls) were enrolled to identify 4 tagging single-nucleotide polymorphisms (tSNPs) of CLEC5A (rs1285968, rs11770855, rs1285935, rs1285933) by using the TaqMan Allelic Discrimination Assay. The Hardy-Weinberg equilibrium was assessed in cases and controls, and genetic effects were evaluated by the chi-square test. Results. No significant associations were noted between the genotypes and allele frequency of the 4 CLEC5A tSNPs between controls and patients. In the patients, polymorphisms of CLEC5A showed no significant association with coronary artery lesion formation and intravenous immunoglobulin treatment response. Conclusions. This study showed for the first time that polymorphisms of CLEC5A are not associated with susceptibility to KD, coronary artery lesion formation, and intravenous immunoglobulin treatment response in a Taiwanese population.",
   "publish_time": "2012 Dec 22",
   "authors": [
      "['Yang, Ya-Ling', 'Chang, Wei-Pin', 'Hsu, Yu-Wen', 'Chen, Wei-Chiao', 'Yu, Hong-Ren', 'Liang, Chi-Di', 'Tsai, Yao-Ting', 'Huang, Ying-Hsien', 'Yang, Kuender D.', 'Kuo, Ho-Chang', 'Chang, Wei-Chiao']"
   ],
   "journal": "J Biomed Biotechnol",
   "has_full_text": "False",
   "id": "bbb2d7be584420074efdbaf24788af5c41b9d230"
}