{
   "sha": "21a745df80bcdc816a59568b99f3f1fbc87955b3",
   "source_x": "PMC",
   "title": "Superspreading SARS Events, Beijing, 2003",
   "doi": "http://dx.doi.org/10.3201/eid1002.030732",
   "pmcid": "PMC3322930",
   "pubmed_id": "15030693",
   "license": "NO-CC CODE",
   "abstract": "Superspreading events were pivotal in the global spread of severe acute respiratory syndrome (SARS). We investigated superspreading in one transmission chain early in Beijing\u2019s epidemic. Superspreading was defined as transmission of SARS to at least eight contacts. An index patient with onset of SARS 2 months after hospital admission was the source of four generations of transmission to 76 case-patients, including 12 healthcare workers and several hospital visitors. Four (5%) case circumstances met the superspreading definition. Superspreading appeared to be associated with older age (mean 56 vs. 44 years), case fatality (75% vs. 16%, p = 0.02, Fisher exact test), number of close contacts (36 vs. 0.37) and attack rate among close contacts (43% vs. 18.5%, p < 0.025). Delayed recognition of SARS in a hospitalized patient permitted transmission to patients, visitors, and healthcare workers. Older age and number of contacts merit investigation in future studies of superspreading.",
   "publish_time": "2004 Feb",
   "authors": [
      "['Shen, Zhuang', 'Ning, Fang', 'Zhou, Weigong', 'He, Xiong', 'Lin, Changying', 'Chin, Daniel P.', 'Zhu, Zonghan', 'Schuchat, Anne']"
   ],
   "journal": "Emerg Infect Dis",
   "has_full_text": "True",
   "id": "21a745df80bcdc816a59568b99f3f1fbc87955b3",
   "fhir_link": "PMC/Composition/21a745df80bcdc816a59568b99f3f1fbc87955b3.json"
}