{
   "sha": "f2e236f0458f86706985c627ef88d40c8f037492",
   "source_x": "PMC",
   "title": "SARS Antibody Test for Serosurveillance",
   "doi": "http://dx.doi.org/10.3201/eid1009.040101",
   "pmcid": "PMC3320307",
   "pubmed_id": "15498156",
   "license": "NO-CC CODE",
   "abstract": "A peptide-based enzyme-linked immunosorbent assay (ELISA) can be used for retrospective serosurveillance of severe acute respiratory syndrome (SARS) by helping identify undetected chains of disease transmission. The assay was developed by epitope mapping, using synthetic peptides from the spike, membrane, and nucleocapsid protein sequences of SARS-associated coronavirus. The new peptide ELISA consistently detected seroconversion by week 2 of onset of fever, and seropositivity remained through day 100. Specificity was 100% on normal blood donor samples, on serum samples associated with infection by other pathogens, and on an interference panel. The peptide-based test has advantages of safety, standardization, and automation over previous immunoassays for SARS. The assay was used for a retrospective survey of healthy healthcare workers in Taiwan who treated SARS patients. Asymptomatic seroconversions were detected in two hospitals that had nosocomial disease.",
   "publish_time": "2004 Sep",
   "authors": [
      "['Hsueh, Po-Ren', 'Kao, Chuan-Liang', 'Lee, Chun-Nan', 'Chen, Li-Kuan', 'Ho, Mei-Shang', 'Sia, Charles', 'De Fang, Xin', 'Lynn, Shugene', 'Chang, Tseng Yuan', 'Liu, Shi Kau', 'Walfield, Alan M.', 'Wang, Chang Yi']"
   ],
   "journal": "Emerg Infect Dis",
   "has_full_text": "True",
   "id": "f2e236f0458f86706985c627ef88d40c8f037492",
   "fhir_link": "PMC/Composition/f2e236f0458f86706985c627ef88d40c8f037492.json"
}