{
   "sha": "c2dbd4f766f7b16cf3ecdcf362eb0e56da2f072a",
   "source_x": "Elsevier",
   "title": "Travel medicine research in the new millennium: A bibliometric analysis of articles published in Travel Medicine and Infectious Disease, 2003\u20132019",
   "doi": "10.1016/j.tmaid.2019.101549",
   "pubmed_id": "31901399",
   "license": "els-covid",
   "publish_time": "2020-02-29",
   "authors": [
      "Oh, Ke En",
      "Flaherty, Gerard Thomas"
   ],
   "journal": "Travel Medicine and Infectious Disease",
   "has_full_text": "True",
   "full_text_file": "custom_license",
   "id": "https://doi.org/10.1016/j.tmaid.2019.101549",
   "fhir_link": [
      "PMC/Composition/c2dbd4f766f7b16cf3ecdcf362eb0e56da2f072a"
   ]
}