{
   "sha": "9f290aa8269c9b4f281f2e0757e22a4a72ac867d",
   "source_x": "PMC",
   "title": "Porcine Noroviruses Related to Human Noroviruses",
   "doi": "http://dx.doi.org/10.3201/eid1112.050485",
   "pmcid": "PMC3367634",
   "pubmed_id": "16485473",
   "license": "NO-CC CODE",
   "abstract": "Detection of genogroup II (GII) norovirus (NoV) RNA from adult pigs in Japan and Europe and GII NoV antibodies in US swine raises public health concerns about zoonotic transmission of porcine NoVs to humans, although no NoVs have been detected in US swine. To detect porcine NoVs and to investigate their genetic diversity and relatedness to human NoVs, 275 fecal samples from normal US adult swine were screened by reverse transcription\u2013polymerase chain reaction with calicivirus universal primers. Six samples were positive for NoV. Based on sequence analysis of 3 kb on the 3\u00b4 end of 5 porcine NoVs, 3 genotypes in GII and a potential recombinant were identified. One genotype of porcine NoVs was genetically and antigenically related to human NoVs and replicated in gnotobiotic pigs. These results raise concerns of whether subclinically infected adult swine may be reservoirs of new human NoVs or if porcine/human GII recombinants could emerge.",
   "publish_time": "2005 Dec",
   "authors": [
      "['Wang, Qiu-Hong', 'Han, Myung Guk', 'Cheetham, Sonia', 'Souza, Menira', 'Funk, Julie A.', 'Saif, Linda J.']"
   ],
   "journal": "Emerg Infect Dis",
   "has_full_text": "True",
   "id": "9f290aa8269c9b4f281f2e0757e22a4a72ac867d",
   "fhir_link": "PMC/9f290aa8269c9b4f281f2e0757e22a4a72ac867d"
}