{
   "sha": "ba57dd74c557de7638d8c30c1622de799edc65cd",
   "source_x": "PMC",
   "title": "Collecting Data To Assess SARS Interventions",
   "doi": "http://dx.doi.org/10.3201/eid1007.030749",
   "pmcid": "PMC3323351",
   "pubmed_id": "15324551",
   "license": "NO-CC CODE",
   "abstract": "With cases of severe acute respiratory syndrome (SARS) occurring across geographic regions, data collection on the effectiveness of intervention strategies should be standardized to facilitate analysis. We propose a minimum dataset to capture data needed to examine the basic reproduction rate, case status and criteria, symptoms, and outcomes of SARS.",
   "publish_time": "2004 Jul",
   "authors": [
      "['Scott, R. Douglas', 'Gregg, Edward', 'Meltzer, Martin I.']"
   ],
   "journal": "Emerg Infect Dis",
   "has_full_text": "True",
   "id": "ba57dd74c557de7638d8c30c1622de799edc65cd",
   "fhir_link": "PMC/Composition/ba57dd74c557de7638d8c30c1622de799edc65cd"
}