{
   "sha": "0aa9c6e5d23acccfae9077750071e2768bdeefe6",
   "source_x": "PMC",
   "title": "Yeast and the AIDS Virus: The Odd Couple",
   "doi": "http://dx.doi.org/10.1155/2012/549020",
   "pmcid": "PMC3385842",
   "pubmed_id": "22778552",
   "license": "NO-CC CODE",
   "abstract": "Despite being simple eukaryotic organisms, the yeasts Saccharomyces cerevisiae and Schizosaccharomyces pombe have been widely used as a model to study human pathologies and the replication of human, animal, and plant viruses, as well as the function of individual viral proteins. The complete genome of S. cerevisiae was the first of eukaryotic origin to be sequenced and contains about 6,000 genes. More than 75% of the genes have an assigned function, while more than 40% share conserved sequences with known or predicted human genes. This strong homology has allowed the function of human orthologs to be unveiled starting from the data obtained in yeast. RNA plant viruses were the first to be studied in yeast. In this paper, we focus on the use of the yeast model to study the function of the proteins of human immunodeficiency virus type 1 (HIV-1) and the search for its cellular partners. This human retrovirus is the cause of AIDS. The WHO estimates that there are 33.4 million people worldwide living with HIV/AIDS, with 2.7 million new HIV infections per year and 2.0 million annual deaths due to AIDS. Current therapy is able to control the disease but there is no permanent cure or a vaccine. By using yeast, it is possible to dissect the function of some HIV-1 proteins and discover new cellular factors common to this simple cell and humans that may become potential therapeutic targets, leading to a long-lasting treatment for AIDS.",
   "publish_time": "2012 Jun 17",
   "authors": [
      "['Andr\u00e9ola, Marie-Line', 'Litvak, Simon']"
   ],
   "journal": "J Biomed Biotechnol",
   "has_full_text": "True",
   "id": "0aa9c6e5d23acccfae9077750071e2768bdeefe6",
   "fhir_link": "PMC/Composition/0aa9c6e5d23acccfae9077750071e2768bdeefe6"
}