{
   "sha": "b897789885d7e354ff7991528d15340bad90ff57",
   "source_x": "Elsevier",
   "title": "Heterologous Boosting of Recombinant Adenoviral Prime Immunization With a Novel Vesicular Stomatitis Virus\u2013vectored Tuberculosis Vaccine",
   "doi": "10.1038/mt.2008.59",
   "pubmed_id": "18388911",
   "license": "els-covid",
   "abstract": "Pulmonary tuberculosis (TB) remains a serious health problem worldwide. Effective vaccination strategies are needed. We report the development of a novel TB vaccine using vesicular stomatitis virus (VSV) as a viral vector system to express Ag85A. VSVAg85A was shown to be immunogenic when given to mice by either an intranasal or an intramuscular (IM) route. Although distinct T-cell profiles resulted from both routes of immunization, only intranasal delivery generated a mucosal T-cell response that was protective upon pulmonary Mycobacterium tuberculosis (M.tb) challenge. While this protection manifested at an early time-point after immunization, it was not sustained. The potential of VSVAg85A to be used as a mucosal booster for parenteral priming by an adenoviral TB vaccine expressing Ag85A (AdAg85A) was investigated. VSVAg85A immunization markedly boosted antigen-specific T-cell responses in the airway lumen while also augmenting immune activation in the systemic compartment, after AdAg85A priming. This translated into significantly better protective efficacy against pulmonary challenge with M.tb than either vaccine used alone. Our study therefore suggests that VSV as a vector system is a promising candidate to be used in a heterologous viral prime-boost immunization regimen against intracellular bacterial infection.",
   "publish_time": "2008-06-30",
   "authors": [
      "Roediger, Elizabeth K",
      "Kugathasan, Kapilan",
      "Zhang, XiZhong",
      "Lichty, Brian D",
      "Xing, Zhou"
   ],
   "journal": "Molecular Therapy",
   "has_full_text": "True",
   "full_text_file": "custom_license",
   "id": "https://doi.org/10.1038/mt.2008.59",
   "fhir_link": [
      "PMC/Composition/b897789885d7e354ff7991528d15340bad90ff57"
   ]
}