{
   "source_x": "Elsevier",
   "title": "B5/133 \u2013 Longer-term follow up of aerobic capacity in children affected by Severe Acute Respiratory Syndrome (SARS)",
   "doi": "10.1016/j.prrv.2006.04.064",
   "license": "els-covid",
   "publish_time": "2006-12-31",
   "authors": [
      "Li, A.M.",
      "Yu, C.",
      "So, R.",
      "McManus, A.",
      "Ng, P.C.",
      "Chu, W."
   ],
   "journal": "Paediatric Respiratory Reviews",
   "has_full_text": "False",
   "full_text_file": "custom_license",
   "id": "https://doi.org/10.1016/j.prrv.2006.04.064"
}