{
   "sha": "6ef30c327132cbdcf5ee67605fa41086ef43fed4",
   "source_x": "Elsevier",
   "title": "Pediatric Patient Safety in the Ambulatory Setting",
   "doi": "10.1367/1539-4409%282004%29004%3C0047%3APPSITA%3E2.0.CO%3B2",
   "pubmed_id": "14731091",
   "license": "els-covid",
   "publish_time": "2004-02-29",
   "authors": [
      "Miller, Marlene R.",
      "Pronovost, Peter J.",
      "Burstin, Helen R."
   ],
   "journal": "Ambulatory Pediatrics",
   "has_full_text": "True",
   "full_text_file": "custom_license",
   "id": "https://doi.org/10.1367/1539-4409%282004%29004%3C0047%3APPSITA%3E2.0.CO%3B2",
   "fhir_link": [
      "PMC/Composition/6ef30c327132cbdcf5ee67605fa41086ef43fed4"
   ]
}