{
   "sha": "61f833b5c4fb1c5d9a82ca699af4457e93d7ab12",
   "source_x": "PMC",
   "title": "Sequencing and Computational Approaches to Identification and Characterization of Microbial Organisms",
   "doi": "http://dx.doi.org/10.4137/BECB.S10886",
   "pmcid": "PMC4147756",
   "pubmed_id": "25288901",
   "license": "NO-CC CODE",
   "abstract": "The recent advances in sequencing technologies and computational approaches are propelling scientists ever closer towards complete understanding of human-microbial interactions. The powerful sequencing platforms are rapidly producing huge amounts of nucleotide sequence data which are compiled into huge databases. This sequence data can be retrieved, assembled, and analyzed for identification of microbial pathogens and diagnosis of diseases. In this article, we present a commentary on how the metagenomics incorporated with microarray and new sequencing techniques are helping microbial detection and characterization.",
   "publish_time": "2013 May 20",
   "authors": [
      "['Yadav, Brijesh Singh', 'Ronda, Venkateswarlu', 'Vashista, Dinesh P', 'Sharma, Bhaskar']"
   ],
   "journal": "Biomed Eng Comput Biol",
   "has_full_text": "True",
   "id": "61f833b5c4fb1c5d9a82ca699af4457e93d7ab12",
   "fhir_link": "PMC/Composition/61f833b5c4fb1c5d9a82ca699af4457e93d7ab12"
}