{
   "sha": "e70aca61ed334d703712a57aeb4abedec758f3d0",
   "source_x": "Elsevier",
   "title": "Critical roles of platelets in lipopolysaccharide-induced lethality: effects of glycyrrhizin and possible strategy for acute respiratory distress syndrome",
   "doi": "10.1016/j.intimp.2004.11.004",
   "pubmed_id": "15683852",
   "license": "els-covid",
   "abstract": "Abstract Within a few minutes of an intravenous injection of a lipopolysaccharide (LPS) into mice, platelets accumulate, largely in the lung. At higher doses, LPS induces rapid shock (within 10 min), leading to death within 1 h. This type of shock differs from so-called endotoxin shock, in which shock signs and death occur several hours or more later. Here, we found that platelet depletion (by a monoclonal anti-platelet antibody) prevented LPS-induced rapid shock, but increased delayed lethality. In Japan, glycyrrhizin (GL), a compound isolated from licorice, is daily and slowly infused intravenously into chronic hepatitis C patients. A single bolus intravenous injection into mice of GL (200 mg/kg or less) shortly before (or simultaneously with) LPS injection reduced the pulmonary platelet accumulation and the severity of the rapid shock, and prevented death in both the early and later periods. GL itself, at 400 mg/kg, produced no detectable abnormalities in the appearance or activity of mice. Intraperitoneal injection of aspirin or dexamethasone had only marginal effects on LPS-induced platelet responses and lethality. These results suggest that platelets play important roles in the development of both the rapid and delayed types of shock induced by LPS. Although the mechanism by which GL suppresses platelet responses and delayed lethality remains to be clarified, GL might provide a strategy for alleviating the acute respiratory distress syndrome seen in sepsis. Our results may also support the proposal by Cinatl et al. [Cinatl J, Morgenstern B, Bauer G, Chandra P, Ravenau H, Doerr HW. Glycyrrhizin, an active component of liquorice roots, and replication of SARS-associated coronavirus. Lancet 2003; 361: 2045\u20136.] that GL may be an effective drug against severe acute respiratory syndrome.",
   "publish_time": "2005-03-31",
   "authors": [
      "Yu, Zhiqian",
      "Ohtaki, Yuko",
      "Kai, Kenzou",
      "Sasano, Takashi",
      "Shimauchi, Hidetoshi",
      "Yokochi, Takashi",
      "Takada, Haruhiko",
      "Sugawara, Shunji",
      "Kumagai, Katsuo",
      "Endo, Yasuo"
   ],
   "journal": "International Immunopharmacology",
   "has_full_text": "True",
   "full_text_file": "custom_license",
   "id": "https://doi.org/10.1016/j.intimp.2004.11.004",
   "fhir_link": [
      "PMC/Composition/e70aca61ed334d703712a57aeb4abedec758f3d0"
   ]
}