{
   "sha": "6810889b2a6269087816254eac85250cf740d874",
   "source_x": "Elsevier",
   "title": "Protection from infection with influenza A H7N9 virus in a mouse model by equine neutralizing F(ab\u2032)2",
   "doi": "10.1016/j.intimp.2014.08.019",
   "license": "els-covid",
   "abstract": "Abstract Influenza A H7N9 virus has demonstrated considerable pandemic potential in China ever since early spring 2013. Until now, there have been no specific medicines to treat influenza A H7N9 virus infected patients. Development of a safe and effective H7N9 therapeutic preparation is urgently needed. To this end, we prepared and evaluated the pepsin-digested F(ab\u2032)2 fragments of serum IgGs from the horses inoculated with a inactivated influenza A H7N9 whole virus antigens. The protective effects of the F(ab\u2032)2 fragments against H7N9 virus infection were determined in cultured MDCK cells by cytopathic effect (CPE) and evaluated in a BALB/c mouse model by observing death, weight loss and viral load. The in vitro results showed that the F(ab\u2032)2 fragments had an HI titer of 1:2048 and a neutralization titer of 1: 31,623. The in vivo assays suggested that 600U of the preparations could efficiently protect BALB/c mice from a lethal dose of A/Anhui/01/2013 (H7N9) infection even when administered two days post infection. Thus, this highly purified preparation should be a potential candidate for treating severe patients suffering from influenza A H7N9.",
   "publish_time": "2014-11-30",
   "authors": [
      "Zhao, Zhongpeng",
      "Fan, Chuanbo",
      "Duan, Yueqiang",
      "Zhang, Liangyan",
      "Li, Min",
      "Yang, Xiaolan",
      "Li, Ruisheng",
      "Yang, Penghui",
      "Wang, Xiliang"
   ],
   "journal": "International Immunopharmacology",
   "has_full_text": "True",
   "full_text_file": "custom_license",
   "id": "https://doi.org/10.1016/j.intimp.2014.08.019",
   "fhir_link": [
      "PMC/Composition/6810889b2a6269087816254eac85250cf740d874"
   ]
}