{
   "sha": "ba085942946a4ef42509d21445021f1bcdbe3b7e",
   "source_x": "PMC",
   "title": "Cough: neurophysiology, methods of research, pharmacological therapy and phonoaudiology",
   "doi": "http://dx.doi.org/10.7162/S1809-97772012000200016",
   "pmcid": "PMC4435438",
   "pubmed_id": "25991944",
   "license": "NO-CC CODE",
   "abstract": "Introduction:\u2003The cough is the more common respiratory symptom in children and adults. Objective:\u2003To present a revision on the neurophysiology and the methods for study of the consequence of the cough, as well as the pharmacotherapy and phonoaudiology therapy of the cough, based on the works published between 2005 and 2010 and indexed in the bases Medline, Lilacs and Library Cochrane under them to keywords \u201ccough\u201d or \u201canti-cough\u201d. Synthesis of the data:\u2003The consequence of the cough involves activation of receiving multiples becomes vacant in the aerial ways and of neural projections of the nucleus of the solitary treatment for other structures of the central nervous system. Experimental techniques allow studying the consequence of the cough to the cellular and molecular level to develop new anti-cough agents. It does not have evidences of that anti-cough exempt of medical lapsing they have superior effectiveness to the one of placebo for the relief of the cough. The phonoaudiology therapy can benefit patients with refractory chronic cough to the pharmacological treatment, over all when paradoxical movement of the vocal folds coexists. Final Comments:\u2003The boarding to multidiscipline has basic paper in the etiological diagnosis and treatment of the cough. The otolaryngologist must inform the patients on the risks of the anti-cough of free sales in order to prevent adverse poisonings and effect, especially in children.",
   "publish_time": "2012 Apr",
   "authors": [
      "Balbani, Aracy Pereira Silveira"
   ],
   "journal": "Int Arch Otorhinolaryngol",
   "has_full_text": "True",
   "id": "ba085942946a4ef42509d21445021f1bcdbe3b7e",
   "fhir_link": "PMC/Composition/ba085942946a4ef42509d21445021f1bcdbe3b7e"
}