{
   "sha": "b60d9bb4f4f516bdf9e4e376e536c07111a940f4",
   "source_x": "PMC",
   "title": "Microevolution of Outbreak-Associated Middle East Respiratory Syndrome Coronavirus, South Korea, 2015",
   "doi": "http://dx.doi.org/10.3201/eid2202.151700",
   "pmcid": "PMC4734539",
   "pubmed_id": "26814649",
   "license": "NO-CC CODE",
   "abstract": "During the 2015 Middle East respiratory syndrome coronavirus outbreak in South Korea, we sequenced full viral genomes of strains isolated from 4 patients early and late during infection. Patients represented at least 4 generations of transmission. We found no evidence of changes in the evolutionary rate and no reason to suspect adaptive changes in viral proteins.",
   "publish_time": "2016 Feb",
   "authors": [
      "['Seong, Moon-Woo', 'Kim, So Yeon', 'Corman, Victor Max', 'Kim, Taek Soo', 'Cho, Sung Im', 'Kim, Man Jin', 'Lee, Seung Jun', 'Lee, Jee-Soo', 'Seo, Soo Hyun', 'Ahn, Ji Soo', 'Yu, Byeong Su', 'Park, Nare', 'Oh, Myoung-don', 'Park, Wan Beom', 'Lee, Ji Yeon', 'Kim, Gayeon', 'Joh, Joon Sung', 'Jeong, Ina', 'Kim, Eui Chong', 'Drosten, Christian', 'Park, Sung Sup']"
   ],
   "journal": "Emerg Infect Dis",
   "has_full_text": "True",
   "id": "b60d9bb4f4f516bdf9e4e376e536c07111a940f4",
   "fhir_link": "PMC/Composition/b60d9bb4f4f516bdf9e4e376e536c07111a940f4"
}