{
   "sha": "3f05323273dcefec161e84d7e3f814e31feedb50",
   "source_x": "PMC",
   "title": "Rapidly Building Global Health Security Capacity \u2014 Uganda Demonstration Project, 2013",
   "pmcid": "PMC4584897",
   "pubmed_id": "24476978",
   "license": "NO-CC CODE",
   "publish_time": "2014 Jan 31",
   "authors": [
      "['Borchert, Jeff N.', 'Tappero, Jordan W.', 'Downing, Robert', 'Shoemaker, Trevor', 'Behumbiize, Prosper', 'Aceng, Jane', 'Makumbi, Issa', 'Dahlke, Melissa', 'Jarrar, Bassam', 'Lozano, Briana', 'Kasozi, Sam', 'Austin, Mark', 'Phillippe, Dru', 'Watson, Ian D.', 'Evans, Tom J.', 'Stotish, Timothy', 'Dowell, Scott F.', 'Iademarco, Michael F.', 'Ransom, Raymond', 'Balajee, Arunmozhi', 'Becknell, Kristin', 'Beauvais, Denise', 'Wuhib, Tadesse']"
   ],
   "journal": "MMWR Morb Mortal Wkly Rep",
   "has_full_text": "True",
   "id": "3f05323273dcefec161e84d7e3f814e31feedb50",
   "fhir_link": "PMC/3f05323273dcefec161e84d7e3f814e31feedb50"
}