{
   "sha": "ba4cb142734825c7a8f759f10edfbc58ff798f9c",
   "source_x": "PMC",
   "title": "Life threatening pneumonia in a lupus patient: a case report",
   "doi": "http://dx.doi.org/10.1186/1757-1626-1-70",
   "pmcid": "PMC2526065",
   "pubmed_id": "18671866",
   "license": "CC BY",
   "abstract": "We report a case of systemic lupus erythematosus (SLE) in a 44-year old Caucasian woman complicated with pneumonia and severe respiratory failure requiring ICU treatment and mechanical ventilation. Symptoms developed in a generally well controlled SLE course after sudden stop in immunosupresant therapy (methotrexate, cyclosporin and methylprednisolone). A fulminant course of the disease, an interstitial pattern in a high resolution computed tomography (HRCT) and negative repeated sputum, blood and bronchoaspirate cultures enabled diagnosis of fulminant lupus pneumonitis. The response to pulses of cyclophosphamide and methylprednisolone was good but complicated with a significant leukopenia. HRCT confirmed significant remission of pulmonary changes. Fulminant lupus pneumonitis is a rare but potentially life threatening complication of SLE. Differential diagnosis requires exclusion of pneumonia induced by pathogens such as Pneumocystis jirovevecii (carinii) and Mycobacterium sp. Intensive immunosuppressive therapy and close cooperation between ICU, pulmonology and rheumatology departments is necessary in such a case to minimalize the risk of fatal outcome.",
   "publish_time": "2008 Jul 31",
   "authors": [
      "['Kupczyk, Maciej', 'Antczak, Adam', 'Kuna, Piotr', 'G\u00f3rski, Pawe\u0142']"
   ],
   "journal": "Cases J",
   "has_full_text": "True",
   "id": "ba4cb142734825c7a8f759f10edfbc58ff798f9c",
   "fhir_link": "Commercial/Composition/ba4cb142734825c7a8f759f10edfbc58ff798f9c.json"
}