{
   "sha": "e6101d200a980bb2dbc327768fdd5acfb02a49e7",
   "source_x": "Elsevier",
   "title": "Anticorps monoclonaux : tours et d\u00e9tours technologiques pour de nouveaux espoirs th\u00e9rapeutiques",
   "doi": "10.1016/j.crvi.2006.02.006",
   "pubmed_id": "16644492",
   "license": "els-covid",
   "abstract": "Abstract Engineering monoclonal antibodies, now widely used in the clinic, has made it possible to develop a new generation of antibodies with optimized functional properties. These antibodies should allow a significant improvement of the treatment of diseases where only few drugs are available, if any. However, the cost of treatments with monoclonal antibodies requires further improvements in production and purification technologies, and raises the question of generic antibodies. The present review summarizes some of the technological past and present challenges in the field. To cite this article: D. Bourel, J.-L. Teillaud, C. R. Biologies 329 (2006).",
   "publish_time": "2006-04-30",
   "authors": [
      "Bourel, Dominique",
      "Teillaud, Jean-Luc"
   ],
   "journal": "Comptes Rendus Biologies",
   "has_full_text": "True",
   "full_text_file": "custom_license",
   "id": "https://doi.org/10.1016/j.crvi.2006.02.006",
   "fhir_link": [
      "PMC/Composition/e6101d200a980bb2dbc327768fdd5acfb02a49e7"
   ]
}