{
   "sha": "4819c0558a6034d3edd5147306063ddc899a1b21",
   "source_x": "PMC",
   "title": "Detection and characterization of horizontal transfers in prokaryotes using genomic signature",
   "doi": "http://dx.doi.org/10.1093/nar/gni004",
   "pmcid": "PMC546175",
   "pubmed_id": "15653627",
   "license": "NO-CC CODE",
   "abstract": "Horizontal DNA transfer is an important factor of evolution and participates in biological diversity. Unfortunately, the location and length of horizontal transfers (HTs) are known for very few species. The usage of short oligonucleotides in a sequence (the so-called genomic signature) has been shown to be species-specific even in DNA fragments as short as 1 kb. The genomic signature is therefore proposed as a tool to detect HTs. Since DNA transfers originate from species with a signature different from those of the recipient species, the analysis of local variations of signature along recipient genome may allow for detecting exogenous DNA. The strategy consists in (i) scanning the genome with a sliding window, and calculating the corresponding local signature (ii) evaluating its deviation from the signature of the whole genome and (iii) looking for similar signatures in a database of genomic signatures. A total of 22 prokaryote genomes are analyzed in this way. It has been observed that atypical regions make up \u223c6% of each genome on the average. Most of the claimed HTs as well as new ones are detected. The origin of putative DNA transfers is looked for among \u223c12\u2009000 species. Donor species are proposed and sometimes strongly suggested, considering similarity of signatures. Among the species studied, Bacillus subtilis, Haemophilus Influenzae and Escherichia coli are investigated by many authors and give the opportunity to perform a thorough comparison of most of the bioinformatics methods used to detect HTs.",
   "publish_time": "2005 Jan 13",
   "authors": [
      "['Dufraigne, Christine', 'Fertil, Bernard', 'Lespinats, Sylvain', 'Giron, Alain', 'Deschavanne, Patrick']"
   ],
   "journal": "Nucleic Acids Res",
   "has_full_text": "False",
   "id": "4819c0558a6034d3edd5147306063ddc899a1b21"
}