{
   "sha": "d90a211ef31ec56091a8c30bb8ee39e9f07ca755",
   "source_x": "PMC",
   "title": "Estimation of Severe Middle East Respiratory Syndrome Cases in the Middle East, 2012\u20132016",
   "doi": "http://dx.doi.org/10.3201/eid2210.151121",
   "pmcid": "PMC5038414",
   "pubmed_id": "27648640",
   "license": "NO-CC CODE",
   "abstract": "Using data from travelers to 4 countries in the Middle East, we estimated 3,250 (95% CI 1,300\u20136,600) severe cases of Middle East respiratory syndrome occurred in this region during September 2012\u2013January 2016. This number is 2.3-fold higher than the number of laboratory-confirmed cases recorded in these countries.",
   "publish_time": "2016 Oct",
   "authors": [
      "['O\u2019Hagan, Justin J.', 'Carias, Cristina', 'Rudd, Jessica M.', 'Pham, Huong T.', 'Haber, Yonat', 'Pesik, Nicki', 'Cetron, Martin S.', 'Gambhir, Manoj', 'Gerber, Susan I.', 'Swerdlow, David L.']"
   ],
   "journal": "Emerg Infect Dis",
   "has_full_text": "True",
   "id": "d90a211ef31ec56091a8c30bb8ee39e9f07ca755",
   "fhir_link": "PMC/d90a211ef31ec56091a8c30bb8ee39e9f07ca755"
}