{
   "sha": "632db2df545624549fb27a8115d104e8f01ed22c",
   "source_x": "Elsevier",
   "title": "Le virome humain",
   "doi": "10.1016/S1773-035X(15)72822-4",
   "license": "els-covid",
   "abstract": "R\u00e9sum\u00e9 Le virome humain est une repr\u00e9sentation exhaustive des virus capables d\u2019infecter l\u2019homme. Cette d\u00e9nomination regroupe bien s\u00fbr les virus eucaryotes responsables d\u2019infections aigu\u00ebs, d\u2019infections chroniques et d\u2019infections latentes, qu\u2019elles soient symptomatiques ou non, mais \u00e9galement les virus procaryotes en raison de leurs r\u00f4les sur les communaut\u00e9s bact\u00e9riennes h\u00e9berg\u00e9es dans les flores humaines. Certains auteurs incluent \u00e9galement les s\u00e9quences virales endog\u00e8nes conserv\u00e9es dans le g\u00e9nome humain au cours de l\u2019\u00e9volution. Les techniques r\u00e9centes de s\u00e9quen\u00e7age profond \u00e0 haut d\u00e9bit ont permis de mieux caract\u00e9riser le virome humain. Ces approches ont permis la description de nombreux nouveaux virus et \u00e9galement confirm\u00e9 que les diff\u00e9rents tissus humains arborent de mani\u00e8re asymptomatique une diversit\u00e9 virale importante qui peut \u00eatre assimil\u00e9e \u00e0 une \u00ab flore virale \u00bb. Cette nouvelle vision des virus n\u00e9cessite de reconsid\u00e9rer le r\u00f4le biologique des virus dans l\u2019organisme. Summary The human virome is the collection of viruses found in human, including viruses that infect eucaryotic cells, bacteriophages and virus-derived genetic elements in host chromosomes that can influence host-genes expression. Most of the recent knowledges regarding the human virome were driven by advances in high-throughput, deep sequencing approaches. Thanks to these new technologies, many new human viruses were described with, furthermore, the evidence of the presence of a resident viral community in most human tissus. This new concept will have profound implications for understanding the biological role of viruses in the human body.",
   "publish_time": "2015-02-28",
   "authors": [
      "Foulongne, Vincent"
   ],
   "journal": "Revue Francophone des Laboratoires",
   "has_full_text": "True",
   "full_text_file": "custom_license",
   "id": "https://doi.org/10.1016/S1773-035X(15)72822-4",
   "fhir_link": [
      "PMC/Composition/632db2df545624549fb27a8115d104e8f01ed22c"
   ]
}