{
   "sha": "04f9e08f4eb5091105c2cca3133719d1bd10b1dc",
   "source_x": "PMC",
   "title": "Attempted early detection of influenza A (H1N1) pandemic with surveillance data of influenza\u2010like illness and unexplained pneumonia",
   "doi": "http://dx.doi.org/10.1111/j.1750-2659.2011.00248.x",
   "pmcid": "PMC5780665",
   "pubmed_id": "21668678",
   "license": "NO-CC CODE",
   "abstract": "Please cite this paper as: Qian et\u00a0al. (2011) Attempted early detection of influenza A (H1N1) pandemic with surveillance data of influenza\u2010like illness and unexplained pneumonia. Influenza and Other Respiratory Viruses 5(6), e479\u2013e486. Background\u2002 To collect disease information and provide data for early detection of epidemics, two surveillance systems were established for influenza\u2010like illness (ILI) and unexplained pneumonia (UP) in Wuxi, People\u2019s Republic of China. Objectives\u2002 The current study aims to describe the performance of these surveillance systems during 2004\u20132009 and to evaluate the value of surveillance data in detection of influenza epidemics. Methods\u2002 Two national ILI sentinel hospitals and three UP sentinel hospitals provided data to the surveillance systems. The surveillance data from hospital\u2010based outpatient clinics and emergency rooms were compared by year. The ILI data of 2009 were further modeled based on previous data using both a control chart method and a moving average regression method. Alarms of potential epidemics would be raised when the input surveillance data surpassed a threshold. Results\u2002 In 2009, the proportions of ILI and respiratory illness with fever (one surveillance syndrome of the UP system) to total patient visits (3\u00b740% and 11\u00b776%, respectively) were higher than the previous years. The surveillance data of both systems also showed developing trends similar to the influenza A (H1N1) pandemic in 2009. When the surveillance data of 2009 were fitted in the two detection models, alarms were produced on the occurrence of the first local case of influenza A (H1N1), outbreaks in schools and in general populations. Conclusions\u2002 The results indicated the potential for using ILI and UP surveillance data as syndromic indicators to detect and provide an early warning for influenza epidemics.",
   "publish_time": "2011 Nov 18",
   "authors": [
      "['Qian, Yan\u2010Hua', 'Su, Jing', 'Shi, Ping', 'He, En\u2010Qi', 'Shao, Jie', 'Sun, Na', 'Zu, Rong\u2010Qiang', 'Yu, Rong\u2010Bin']"
   ],
   "journal": "Influenza Other Respir Viruses",
   "has_full_text": "True",
   "id": "04f9e08f4eb5091105c2cca3133719d1bd10b1dc",
   "fhir_link": "PMC/Composition/04f9e08f4eb5091105c2cca3133719d1bd10b1dc"
}