{
   "sha": "94f08dc57fbd00bcb2784d250d8c9fccd20cb689",
   "source_x": "Elsevier",
   "title": "Optimizing the Management of the Main Acute Infections in Pediatric ORL: Tonsillitis, Sinusitis, Otitis media",
   "doi": "10.1016/S1808-8694(15)31387-2",
   "license": "els-covid",
   "abstract": "Summary Sinusitis, acute otitis media and tonsillitis are very frequent in children. Most of these infections are caused by viruses, but are generally treated with antibiotics. Inappropriate use of antibiotics favors the selection, growth and spread of resistant bacteria; these bacteria colonize the airways and affect the entire community. With the emergence of antibiotic-resistant bacteria, respiratory infections have become more difficult to treat. Effective strategies are needed to restrict the use of antibiotics without harming children that truly need these drugs. Aim to present a critical analysis of the results of randomized and controlled studies on clinical and laboratory criteria used in diagnosing and treating tonsillitis, sinusitis and otitis. Methods a review of randomized and controlled studies about these conditions published in MEDLINE and SCIELO from 2000 to 2006. Conclusions Given that most of these infections progress favorably without antibiotics, the use of these drugs should be avoided unless the child belongs to a high risk group for complications, or symptoms persist or worsen with despite symptomatic treatment. Physicians and laypersons should have better knowledge about the natural evolution of acute respiratory infections.",
   "publish_time": "2008-10-31",
   "authors": [
      "Sih, Tania Maria",
      "Bricks, Lucia Ferro"
   ],
   "journal": "Brazilian Journal of Otorhinolaryngology",
   "has_full_text": "True",
   "full_text_file": "custom_license",
   "id": "https://doi.org/10.1016/S1808-8694(15)31387-2",
   "fhir_link": [
      "PMC/Composition/94f08dc57fbd00bcb2784d250d8c9fccd20cb689"
   ]
}