{
   "sha": "c6e964e7a3f4cb45e146546ae2aef10017fe69d4",
   "source_x": "PMC",
   "title": "Whole-Genome Sequence of Human Rhinovirus C47, Isolated from an Adult Respiratory Illness Outbreak in Butte County, California, 2017",
   "doi": "http://dx.doi.org/10.1128/genomeA.01579-17",
   "pmcid": "PMC5794959",
   "pubmed_id": "29437112",
   "license": "NO-CC CODE",
   "abstract": "Here, we report the full coding sequence of rhinovirus C47 (RV-C47), obtained from a patient respiratory sample collected during an acute respiratory illness investigation in Butte County, California, in January 2017. This is the first whole-genome sequence of RV-C47 to be reported.",
   "publish_time": "2018 Feb 1",
   "authors": [
      "['Pan, Chao-Yang', 'Padilla, Tasha', 'Yagi, Shigeo', 'Lewis, Linda S.', 'Ng, Terry Fei Fan', 'Marine, Rachel L.', 'Nix, William Allan', 'Wadford, Debra A.']"
   ],
   "journal": "Genome Announc",
   "has_full_text": "True",
   "id": "c6e964e7a3f4cb45e146546ae2aef10017fe69d4",
   "fhir_link": "PMC/Composition/c6e964e7a3f4cb45e146546ae2aef10017fe69d4"
}