{
   "sha": "6699fa6eb0b4fb603f3baf51add71f7ec29ed2a5",
   "source_x": "PMC",
   "title": "Establishment of CDC Global Rapid Response Team to Ensure Global Health Security",
   "doi": "http://dx.doi.org/10.3201/eid2313.170711",
   "pmcid": "PMC5711298",
   "pubmed_id": "29155672",
   "license": "NO-CC CODE",
   "abstract": "The 2014\u20132016 Ebola virus disease epidemic in West Africa highlighted challenges faced by the global response to a large public health emergency. Consequently, the US Centers for Disease Control and Prevention established the Global Rapid Response Team (GRRT) to strengthen emergency response capacity to global health threats, thereby ensuring global health security. Dedicated GRRT staff can be rapidly mobilized for extended missions, improving partner coordination and the continuity of response operations. A large, agencywide roster of surge staff enables rapid mobilization of qualified responders with wide-ranging experience and expertise. Team members are offered emergency response training, technical training, foreign language training, and responder readiness support. Recent response missions illustrate the breadth of support the team provides. GRRT serves as a model for other countries and is committed to strengthening emergency response capacity to respond to outbreaks and emergencies worldwide, thereby enhancing global health security.",
   "publish_time": "2017 Dec",
   "authors": [
      "['Stehling-Ariza, Tasha', 'Lefevre, Adrienne', 'Calles, Dinorah', 'Djawe, Kpandja', 'Garfield, Richard', 'Gerber, Michael', 'Ghiselli, Margherita', 'Giese, Coralie', 'Greiner, Ashley L.', 'Hoffman, Adela', 'Miller, Leigh Ann', 'Moorhouse, Lisa', 'Navarro-Colorado, Carlos', 'Walsh, James', 'Bugli, Dante', 'Shahpar, Cyrus']"
   ],
   "journal": "Emerg Infect Dis",
   "has_full_text": "True",
   "id": "6699fa6eb0b4fb603f3baf51add71f7ec29ed2a5",
   "fhir_link": "PMC/Composition/6699fa6eb0b4fb603f3baf51add71f7ec29ed2a5"
}