{
   "sha": "c5aa7ee54e2958b6b34ec9ed87dc717f0ab4f9d7",
   "source_x": "Elsevier",
   "title": "Single B cell antibody technologies",
   "doi": "10.1016/j.nbt.2011.03.014",
   "pubmed_id": "21473940",
   "license": "els-covid",
   "abstract": "Monoclonal antibodies (mAbs) are arguably the most significant class of biologics for use as pharmaceuticals and diagnostics. Many technological concepts exist for the generation and identification of therapeutically relevant mAbs, including the isolation and cloning of immunoglobulin (Ig) encoding genes from single B-lineage cells. This review summarizes various single B cell approaches and describes their use for the discovery of mAbs with potential therapeutic values or in basic research.",
   "publish_time": "2011-09-30",
   "authors": [
      "Tiller, Thomas"
   ],
   "journal": "New Biotechnology",
   "has_full_text": "True",
   "full_text_file": "custom_license",
   "id": "https://doi.org/10.1016/j.nbt.2011.03.014",
   "fhir_link": [
      "PMC/Composition/c5aa7ee54e2958b6b34ec9ed87dc717f0ab4f9d7"
   ]
}