{
   "source_x": "PMC",
   "title": "Assessment of Temporary Community-Based Health Care Facilities During Arbaeenia Mass Gathering at Karbala, Iraq: Cross-Sectional Survey Study",
   "doi": "http://dx.doi.org/10.2196/10905",
   "pmcid": "PMC6800459",
   "pubmed_id": "31588911",
   "license": "CC BY",
   "abstract": "BACKGROUND: Arbaeenia mass gathering (MG) in Karbala, Iraq, is becoming one of the largest MGs in the world. The health care infrastructure in Iraq is inadequately prepared to serve the health needs of the millions of pilgrims. OBJECTIVE: This study aimed to describe the temporary health care facilities installed and run by the local community to provide health care services to Arbaeenia pilgrims in Karbala, Iraq. METHODS: A survey was conducted in all community-based health care facilities located along part of Najaf to Karbala road within Karbala governorate. A structured questionnaire was answered through an interview with the workers and direct observation. Data were collected on staff profile, type of services provided, use of basic infection control measures, medical equipment, drugs and supplies, and the most commonly encountered medical problems. RESULTS: The total number of health care facilities was 120, staffed by 659 workers. Only 18 (15.0%, 18/120) facilities were licensed, and 44.1% (53/120) of the workers were health professionals. The health care workers provided different services including dispensing drugs (370/1692, 21.87%), measuring blood pressure and blood sugar (350/1692, 20.69%), and caring for wounds and injuries (319/1692, 18.85%). Around 97% (116/120) health facilities provided services for musculoskeletal disorders and only 16.7% (20/120) provided services for injuries. The drugs available in the clinic were analgesics, drugs for gastrointestinal and respiratory diseases, and antibiotics, with an availability range of 13.3% to 100.0%. Infection control practices for individual protection, environmental sanitation, and medical waste disposal were available in a range of 18.1% to 100.0%. CONCLUSIONS: Community-based health care facilities experienced a profound shortage of trained human resources and medical supplies. They can significantly contribute to health services if they are adequately equipped and follow standardized operation procedures.",
   "publish_time": "2019 Oct 4",
   "authors": [
      "['Lami, Faris', 'Hameed, Inam', 'Arbaji, Ali']"
   ],
   "journal": "JMIR Public Health Surveill",
   "id": "https://www.ncbi.nlm.nih.gov/pubmed/31588911"
}