{
   "sha": "0bd36ad9cb67b0ff67dacb92a53a39f98068de2b",
   "source_x": "Elsevier",
   "title": "Origin, evolution and innate immune control of simian foamy viruses in humans",
   "doi": "10.1016/j.coviro.2014.12.003",
   "pubmed_id": "25698621",
   "license": "els-covid",
   "abstract": "Most viral pathogens that have emerged in humans have originated from various animal species. Emergence is a multistep process involving an initial spill-over of the infectious agent into single individuals and its subsequent dissemination into the human population. Similar to simian immunodeficiency viruses and simian T lymphotropic viruses, simian foamy viruses (SFV) are retroviruses that are widespread among non-human primates and can be transmitted to humans, giving rise to a persistent infection, which seems to be controlled in the case of SFV. In this review, we present current data on the discovery, cross-species transmission, and molecular evolution of SFV in human populations initially infected and thus at risk for zoonotic emergence.",
   "publish_time": "2015-02-28",
   "authors": [
      "Rua, Rejane",
      "Gessain, Antoine"
   ],
   "journal": "Current Opinion in Virology",
   "has_full_text": "True",
   "full_text_file": "custom_license",
   "id": "https://doi.org/10.1016/j.coviro.2014.12.003",
   "fhir_link": [
      "PMC/Composition/0bd36ad9cb67b0ff67dacb92a53a39f98068de2b"
   ]
}