{
   "source_x": "PMC",
   "title": "Multicenter Clinical Evaluation of the Automated Aries Bordetella Assay",
   "doi": "http://dx.doi.org/10.1128/JCM.01471-18",
   "pmcid": "PMC6355524",
   "abstract": "Molecular methods offer superior sensitivity and specificity and reduce testing turnaround time from days to hours for detection of Bordetella pertussis and Bordetella parapertussis. In this study, we evaluated the performance of the automated PCR-based Aries Bordetella Assay, which detects both B. pertussis and B. parapertussis directly from nasopharyngeal swab specimens. The limits of detection (LoDs) were 1,800 CFU\u00b7ml(\u22121) for B. pertussis and 213 CFU\u00b7ml(\u22121) for B. parapertussis. The assay detected 16/18 unique B. pertussis/B. parapertussis strains. Of 71 potentially cross-reacting organisms, 5 generated false positives in 1/6 replicates; none of 6 additional Bordetella spp. were erroneously detected. Specimens were stable at 20\u2009to\u200925\u00b0C for at least 10\u2009h, at 4\u2009to\u20098\u00b0C for 10\u2009days, and at temperatures not exceeding \u221270\u00b0C for 6\u2009months. Of 1,052 nasopharyngeal specimens from patients with suspected pertussis, 3.0% (n = 32) were B. pertussis positive and 0.2% (n = 2) were B. parapertussis positive. Combining these data with Aries Bordetella Assay data from 57 nasopharyngeal samples with previously confirmed B. pertussis or B. parapertussis data and with data from 50 contrived B. parapertussis samples, the proportions of positive and negative agreement of the respective Aries assays with the reference assays were 97.1% and 99.0% for B. pertussis and 100% and 99.7% for B. parapertussis. The Aries Bordetella Assay provides accurate detection and distinction of B. pertussis and B. parapertussis infections within 2\u2009h. (This study has been registered at ClinicalTrials.gov under registration no. NCT02862262.)",
   "authors": [
      "['Relich, Ryan F.', 'Leber, Amy', 'Young, Stephen', 'Schutzbank, Ted', 'Dunn, Ronald', 'Farhang, Janet', 'Uphoff, Timothy S.']"
   ],
   "id": "https://www.ncbi.nlm.nih.gov/pmc/articles/PMC6355524"
}