{
   "sha": "b129f904459cc61c68113c17e2507ed573cbb739",
   "source_x": "Elsevier",
   "title": "Commentary for Special Issue \u201cPublic health is new in Saudi Arabia. With this degree, I can go back and help to develop the field there.\u201d \u2013 Naif Mohammed Alraihan, King Abdullah Fellow, Rollins School of Public Health, 2015",
   "doi": "10.1016/j.jegh.2015.04.001",
   "pubmed_id": "25908182",
   "license": "els-covid",
   "publish_time": "2016-03-31",
   "authors": [
      "McNabb, Scott J.N.",
      "Assiri, Abdullah M.",
      "Alsaggaf, Samar",
      "Memish, Ziad A."
   ],
   "journal": "Journal of Epidemiology and Global Health",
   "has_full_text": "True",
   "full_text_file": "custom_license",
   "id": "https://doi.org/10.1016/j.jegh.2015.04.001",
   "fhir_link": [
      "PMC/Composition/b129f904459cc61c68113c17e2507ed573cbb739"
   ]
}