{
   "sha": "3d0b5b1748c33c5ca84fa8b344409e55bcb10a0b",
   "source_x": "Elsevier",
   "title": "Severe community-acquired pneumonia",
   "doi": "10.1093/bjaed/mkv052",
   "license": "els-covid",
   "publish_time": "2016-05-31",
   "authors": [
      "Morgan, AJ",
      "Glossop, AJ"
   ],
   "journal": "BJA Education",
   "has_full_text": "True",
   "full_text_file": "custom_license",
   "id": "https://doi.org/10.1093/bjaed/mkv052",
   "fhir_link": [
      "PMC/Composition/3d0b5b1748c33c5ca84fa8b344409e55bcb10a0b"
   ]
}