{
   "source_x": "PMC",
   "title": "Testing for Respiratory Viruses in Adults With Severe Lower Respiratory Infection",
   "doi": "http://dx.doi.org/10.1016/j.chest.2018.06.003",
   "pmcid": "PMC6224704",
   "abstract": "Viral pathogens are a common cause of severe lower respiratory tract infection in adults. Our ability to rapidly and accurately identify viral infections has dramatically improved as slow culture-based techniques have been largely replaced by multiplex high-throughput systems. Given these advances, reevaluation of the role of respiratory viral testing in adults presenting with lower respiratory tract infection is important. This article reviews the potential benefits of testing, provides an overview of the most commonly used diagnostic techniques, and considers whether current evidence supports routine testing.",
   "authors": [
      "['Walter, James M.', 'Wunderink, Richard G.']"
   ],
   "id": "https://www.ncbi.nlm.nih.gov/pmc/articles/PMC6224704"
}