{
   "sha": "4b1008fc371bd80f58c6f5b6b663a615ac3036be",
   "source_x": "Elsevier",
   "title": "Acute Hemorrhagic Edema with extensive truck involvement and Rhinovirus infection association",
   "doi": "10.1016/j.jdds.2016.08.004",
   "license": "els-covid",
   "abstract": "Abstract Acute Hemorrhagic Edema (AHE) is a rare form of leukocytoclastic vasculitis with an unknown etiology. There are various possible triggers associated with the development of AHE such as Upper Respiratory Tract related infections which have been reported in the literature. A typical case of AHE is a child less than 2years of age having the symptoms of fever, Acral Targetoid Purpura, and Edema. The course of this illness is benign with a complete resolution within few weeks. This case report involves a patient having the classical symptoms of fever, Purpura and Edema, but with an unusual extensive truncal involvement. Moreover, Rhinovirus infection testing was positive in the child\u2019s case. The presence of the virus gives a suspicion of being the possible trigger for the boy\u2019s AHE. In the previous hospital, the treatment started with steroid for a course of one week without a significant improvement which brought the patients to the Emergency department. A decision of continuing a supportive treatment led to a complete resolution. After 3weeks the AHE symptoms were gone without any complications.",
   "publish_time": "2017-01-31",
   "authors": [
      "Al Murayshid, Abdurrahman Ibrahim"
   ],
   "journal": "Journal of Dermatology & Dermatologic Surgery",
   "has_full_text": "True",
   "full_text_file": "custom_license",
   "id": "https://doi.org/10.1016/j.jdds.2016.08.004",
   "fhir_link": [
      "PMC/Composition/4b1008fc371bd80f58c6f5b6b663a615ac3036be"
   ]
}