{
   "source_x": "PMC",
   "title": "Contents, Followers, and Retweets of the Centers for Disease Control and Prevention\u2019s Office of Advanced Molecular Detection (@CDC_AMD) Twitter Profile: Cross-Sectional Study",
   "doi": "http://dx.doi.org/10.2196/publichealth.8737",
   "pmcid": "PMC5902693",
   "pubmed_id": "29610112",
   "license": "CC BY",
   "abstract": "BACKGROUND: The Office of Advanced Molecular Detection (OAMD), Centers for Disease Control and Prevention (CDC), manages a Twitter profile (@CDC_AMD). To our knowledge, no prior study has analyzed a CDC Twitter handle\u2019s entire contents and all followers. OBJECTIVE: This study aimed to describe the contents and followers of the Twitter profile @CDC_AMD and to assess if attaching photos or videos to tweets posted by @CDC_AMD would increase retweet frequency. METHODS: Data of @CDC_AMD were retrieved on November 21, 2016. All followers (N=809) were manually categorized. All tweets (N=768) were manually coded for contents and whether photos or videos were attached. Retweet count for each tweet was recorded. Negative binomial regression models were applied to both the original and the retweet corpora. RESULTS: Among the 809 followers, 26.0% (210/809) were individual health professionals, 11.6% (94/809) nongovernmental organizations, 3.3% (27/809) government agencies\u2019 accounts, 3.3% (27/809) accounts of media organizations and journalists, and 0.9% (7/809) academic journals, with 54.9% (444/809) categorized as miscellaneous. A total of 46.9% (360/768) of @CDC_AMD\u2019s tweets referred to the Office\u2019s website and their current research; 17.6% (135/768) referred to their scientists\u2019 publications. Moreover, 80% (69/86) of tweets retweeted by @CDC_AMD fell into the miscellaneous category. In addition, 43.4% (333/768) of the tweets contained photos or videos, whereas the remaining 56.6% (435/768) did not. Attaching photos or videos to original @CDC_AMD tweets increases the number of retweets by 37% (probability ratio=1.37, 95% CI 1.13-1.67, P=.002). Content topics did not explain or modify this association. CONCLUSIONS: This study confirms CDC health communicators\u2019 experience that original tweets created by @CDC_AMD Twitter profile sharing images or videos (or their links) received more retweets. The current policy of attaching images to tweets should be encouraged.",
   "publish_time": "2018 Apr 2",
   "authors": [
      "['Fung, Isaac Chun-Hai', 'Jackson, Ashley M', 'Mullican, Lindsay A', 'Blankenship, Elizabeth B', 'Goff, Mary Elizabeth', 'Guinn, Amy J', 'Saroha, Nitin', 'Tse, Zion Tsz Ho']"
   ],
   "journal": "JMIR Public Health Surveill",
   "id": "https://www.ncbi.nlm.nih.gov/pubmed/29610112"
}