{
   "source_x": "PMC",
   "title": "Genetic analysis of calf health in Charolais beef cattle",
   "doi": "http://dx.doi.org/10.1093/jas/sky043",
   "pmcid": "PMC6140890",
   "abstract": "The objective of this study was to investigate the factors that influence calf health and survival in Charolais cattle. Data from 2,740 calves, originating from 16 French farms and observed from birth until 30 d of age, were analyzed using models that took account of direct genetic, maternal genetic, and common environmental effects. Both direct and maternal genetic parameters were estimated for birth weight (BW), calving ease (CE), neonatal vitality (NV), survival at 30 d (Surv), and umbilical infection and diarrhea at different ages (0 to 5 d: Umb1 and Diar1; 6 to 20 d: Umb2 and Diar2; and 21 to 30 d: Umb3 and Diar3). The heritability values for direct and maternal genetic effects were, 0.026 (SE = 0.027) and 0.096 (SE = 0.042) for Surv, 0.280 (SE = 0.063) and 0.063 (SE = 0.038) for BW, 0.129 (SE = 0.041) and 0 for CE, 0.073 (SE = 0.035) and 0 for NV, 0.071 (SE = 0.038) and 0.017 (SE = 0.026) for Umb1, 0 and 0.082 (SE = 0.029) for Umb2, 0 and 0.044 (SE = 0.030) for Diar1, 0.016 (SE = 0.022) and 0.012 (SE = 0.026) for Diar2, and 0.016 (SE = 0.028) and 0 for Diar3, respectively. Significant genetic variability in beef cattle was thus revealed for five calf health traits: NV, Surv, Diar1, Umb1, and Umb2. In addition, for three traits (Surv, Diar1, and Umb2), maternal genetic effects clearly contributed more to health performance than direct genetic effects. Estimates of genetic correlation between traits varied markedly (from 0 to 1 in absolute values) depending on the traits in question, the age for a given trait, and the type (direct or maternal) of the genetic effects considered. These results suggest that not all health traits in Charolais cattle can be improved simultaneously, and breeders will therefore have to prioritize certain traits of interest in their breeding objectives. Overall, our results demonstrate the potential utility of collecting and integrating data on calf diseases, NV and survival in future beef cattle breeding programs. To ensure appropriate biological and genetic evaluations of calf health performance, it is important to accurately describe the phenotypes for diarrhea and umbilical infections (in terms of age ranges) and account for maternal genetic and common environmental effects that explain calf health performance traits. Further investigation and improved data collection are now necessary to maximize the efficiency of breeding schemes designed to simultaneously improve production and health traits.",
   "authors": [
      "['Vinet, A', 'Leclerc, H', 'Marquis, F', 'Phocas, F']"
   ],
   "id": "https://www.ncbi.nlm.nih.gov/pmc/articles/PMC6140890"
}