{
   "sha": "4ff89a71126d2932544a8337ba28787fde5f02a8",
   "source_x": "CZI",
   "title": "Statistics-Based Predictions of Coronavirus Epidemic Spreading in Mainland China",
   "doi": "10.20535/ibb.2020.4.1.195074",
   "license": "cc-by",
   "abstract": "Information about the open-access article 'Statistics-Based Predictions of Coronavirus Epidemic Spreading in Mainland China' in DOAJ. DOAJ is an online directory that indexes and provides access to quality open access, peer-reviewed journals.",
   "publish_time": "2020",
   "authors": [
      "Nesteruk, Igor"
   ],
   "journal": "Innovative Biosystems and Bioengineering",
   "Microsoft Academic Paper ID": "3006304781",
   "WHO #Covidence": "#1218",
   "has_full_text": "True",
   "full_text_file": "comm_use_subset",
   "id": "https://doi.org/10.20535/ibb.2020.4.1.195074",
   "fhir_link": [
      "Commercial/Composition/4ff89a71126d2932544a8337ba28787fde5f02a8"
   ]
}