{
   "source_x": "PMC",
   "title": "Intracellular cAMP Sensor EPAC: Physiology, Pathophysiology, and Therapeutics Development",
   "doi": "http://dx.doi.org/10.1152/physrev.00025.2017",
   "pmcid": "PMC6050347",
   "abstract": "This review focuses on one family of the known cAMP receptors, the exchange proteins directly activated by cAMP (EPACs), also known as the cAMP-regulated guanine nucleotide exchange factors (cAMP-GEFs). Although EPAC proteins are fairly new additions to the growing list of cAMP effectors, and relatively \u201cyoung\u201d in the cAMP discovery timeline, the significance of an EPAC presence in different cell systems is extraordinary. The study of EPACs has considerably expanded the diversity and adaptive nature of cAMP signaling associated with numerous physiological and pathophysiological responses. This review comprehensively covers EPAC protein functions at the molecular, cellular, physiological, and pathophysiological levels; and in turn, the applications of employing EPAC-based biosensors as detection tools for dissecting cAMP signaling and the implications for targeting EPAC proteins for therapeutic development are also discussed.",
   "authors": [
      "['Robichaux, William G.', 'Cheng, Xiaodong']"
   ],
   "id": "https://www.ncbi.nlm.nih.gov/pmc/articles/PMC6050347"
}