{
   "source_x": "PMC",
   "title": "Respiratory Syncytial Virus and Other Non-influenza Respiratory Viruses in Older Adults",
   "doi": "http://dx.doi.org/10.1016/j.idc.2017.07.006",
   "pmcid": "PMC5846091",
   "abstract": "Respiratory viral infections may cause serious complications for older adults, including residents of long-term care facilities (LTCFs). While influenza is the most common cause of viral respiratory infections among older adults, several other respiratory viruses also cause significant morbidity and mortality, most notably respiratory syncytial virus. Other noninfluenza respiratory viral pathogens include human metapneumovirus, parainfluenza virus, rhinovirus, coronavirus, and adenovirus. All of these may cause outbreaks among LTCF residents. Recently developed rapid diagnostic molecular tests may clarify the epidemiology of these viruses and have potential, through early identification, to limit the severity of outbreaks among older adults living in LTCFs.",
   "authors": [
      "['Kodama, Fumihiro', 'Nace, David A.', 'Jump, Robin L. P.']"
   ],
   "id": "https://www.ncbi.nlm.nih.gov/pmc/articles/PMC5846091"
}