{
   "sha": "e0eb2e56b8dcac84960183ca6af7a43130064de4",
   "source_x": "PMC",
   "title": "Proteolytic processing of a precursor protein for a growth-promoting peptide by a subtilisin serine protease in Arabidopsis",
   "doi": "http://dx.doi.org/10.1111/j.1365-313X.2008.03598.x",
   "pmcid": "PMC2667306",
   "pubmed_id": "18643977",
   "license": "CC BY",
   "abstract": "Phytosulfokines (PSKs) are secreted, sulfated peptide hormones derived from larger prepropeptide precursors. Proteolytic processing of one of the precursors, AtPSK4, was demonstrated by cleavage of a preproAtPSK4\u2013myc transgene product to AtPSK4\u2013myc. Cleavage of proAtPSK4 was induced by placing root explants in tissue culture. The processing of proAtPSK4 was dependent on AtSBT1.1, a subtilisin-like serine protease, encoded by one of 56 subtilase genes in Arabidopsis. The gene encoding AtSBT1.1 was up-regulated following the transfer of root explants to tissue culture, suggesting that activation of the proteolytic machinery that cleaves proAtPSK4 is dependent on AtSBT1.1 expression. We also demonstrated that a fluorogenic peptide representing the putative subtilase recognition site in proAtPSK4 is cleaved in vitro by affinity-purified AtSBT1.1. An alanine scan through the recognition site peptide indicated that AtSBT1.1 is fairly specific for the AtPSK4 precursor. Thus, this peptide growth factor, which promotes callus formation in culture, is proteolytically cleaved from its precursor by a specific plant subtilase encoded by a gene that is up-regulated during the process of transfering root explants to tissue culture.",
   "publish_time": "2008 Oct 1",
   "authors": [
      "['Srivastava, Renu', 'Liu, Jian-Xiang', 'Howell, Stephen H']"
   ],
   "journal": "Plant J",
   "has_full_text": "False",
   "id": "e0eb2e56b8dcac84960183ca6af7a43130064de4"
}