{
   "source_x": "WHO",
   "title": "Evolution of the novel coronavirus from the ongoing Wuhan outbreak and modeling of its spike protein for risk of human transmission",
   "doi": "10.1007/s11427-020-1637-5",
   "pubmed_id": "32009228",
   "license": "unk",
   "publish_time": "2020-01-21",
   "authors": [
      "Xu, Xintian",
      "Chen, Ping",
      "Wang, Jingfang",
      "Feng, Jiannan",
      "Zhou, Hui",
      "Li, Xuan",
      "Zhong, Wu",
      "Hao, Pei"
   ],
   "journal": "Science China Life Sciences",
   "Microsoft Academic Paper ID": "2999364275",
   "WHO #Covidence": "#253",
   "has_full_text": "False",
   "id": "https://doi.org/10.1007/s11427-020-1637-5"
}