{
   "source_x": "WHO",
   "title": "The single-cell RNA-seq data analysis on the receptor ACE2 expression reveals the potential risk of different human organs vulnerable to Wuhan 2019-nCoV infection",
   "doi": "10.1007/S11684-020-0754-0",
   "license": "unk",
   "abstract": "To date, it has been known that, similar to SARS-CoV, the novel coronavirus 2019-nCoV originated from Wuhan (China) invades human cells via the receptor angiotensin converting enzyme II (ACE2); and the lung cells that have the ACE2 expression may be the main target cells during 2019-nCoV infection. However, in addition to the respiratory symptoms, some patients also exhibited not-respiratory symptoms such as kidney failure, which implies that 2019-nCoV could also invade other organs. To construct a risk map of different human organs, here we analyzed the single-cell RNA sequencing (scRNA-seq) datasets derived from major human physiological systems including respiratory, cardiovascular, digestive and urinary systems. By interrogating the scRNA-seq data, we not only identified the organs such as lung, heart, oesophagus, kidney, bladder and ileum to be risky, but also can locate the specific cell types such as type II alveolar cells (AT2), myocardial cells, proximal tubule cells of kidney, ileum and oesophagus epithelial cells, and bladder urothelial cells, which are vulnerable to 2019-nCoV infection. Based on the findings, we finally constructed a risk map indicating the vulnerability of different organs to 2019-nCoV infection. This study may provide the potential clues for further investigating the pathogenesis and route of 2019-nCoV infection.",
   "publish_time": "2020-03-12",
   "authors": [
      "Zou, Xin",
      "Chen, Ke",
      "Zou, Jiawei",
      "Han, Peiyi",
      "Hao, Jie",
      "Han, Zeguang"
   ],
   "journal": "Frontiers of Medicine",
   "WHO #Covidence": "#8553",
   "has_full_text": "False",
   "id": "https://doi.org/10.1007/S11684-020-0754-0"
}