{
   "source_x": "WHO",
   "title": "The Effects of Social Media Use on Preventive Behaviors during Infectious Disease Outbreaks: The Mediating Role of Self-relevant Emotions and Public Risk Perception",
   "doi": "10.1080/10410236.2020.1724639",
   "license": "unk",
   "publish_time": "2020-02-16",
   "authors": [
      "Oh, Sang-Hwa",
      "Lee, Seo Yoon",
      "Han, Changhyun"
   ],
   "journal": "Health Communication",
   "Microsoft Academic Paper ID": "2894148978",
   "WHO #Covidence": "#1222",
   "has_full_text": "False",
   "id": "https://doi.org/10.1080/10410236.2020.1724639"
}