{
   "source_x": "WHO",
   "title": "A high ATP concentration enhances the cooperative translocation of the SARS coronavirus helicase nsP13 in the unwinding of duplex RNA",
   "doi": "10.1038/s41598-020-61432-1",
   "license": "unk",
   "abstract": "Severe acute respiratory syndrome coronavirus nonstructural protein 13 (SCV nsP13), a superfamily 1 helicase, plays a central role in viral RNA replication through the unwinding of duplex RNA and DNA with a 5' single-stranded tail in a 5' to 3' direction. Despite its putative role in viral RNA replication, nsP13 readily unwinds duplex DNA by cooperative translocation. Herein, nsP13 exhibited different characteristics in duplex RNA unwinding than that in duplex DNA. nsP13 showed very poor processivity on duplex RNA compared with that on duplex DNA. More importantly, nsP13 inefficiently unwinds duplex RNA by increasing the 5'-ss tail length. As the concentration of nsP13 increased, the amount of unwound duplex DNA increased and that of unwound duplex RNA decreased. The accumulation of duplex RNA/nsP13 complexes increased as the concentration of nsP13 increased. An increased ATP concentration in the unwinding of duplex RNA relieved the decrease in duplex RNA unwinding. Thus, nsP13 has a strong affinity for duplex RNA as a substrate for the unwinding reaction, which requires increased ATPs to processively unwind duplex RNA. Our results suggest that duplex RNA is a preferred substrate for the helicase activity of nsP13 than duplex DNA at high ATP concentrations.",
   "publish_time": "2020-03-11",
   "authors": [
      "Jang, Kyoung-Jin",
      "Jeong, Seonghwan",
      "Kang, Dong Young",
      "Sp, Nipin",
      "Yang, Young Mok",
      "Kim, Dong-Eun"
   ],
   "journal": "Scientific Reports",
   "WHO #Covidence": "#7753",
   "has_full_text": "False",
   "id": "https://doi.org/10.1038/s41598-020-61432-1"
}