{
   "source_x": "WHO",
   "title": "The pandemic of social media panic travels faster than the COVID-19 outbreak",
   "doi": "10.1093/jtm/taaa031",
   "pubmed_id": "32125413",
   "license": "unk",
   "publish_time": "2020-03-03",
   "authors": [
      "Depoux, Anneliese",
      "Martin, Sam",
      "Karafillakis, Emilie",
      "Bsd, Raman Preet",
      "Wilder-Smith, Annelies",
      "Larson, Heidi"
   ],
   "journal": "Journal of Travel Medicine",
   "Microsoft Academic Paper ID": "1501709847",
   "WHO #Covidence": "#3421",
   "has_full_text": "False",
   "id": "https://doi.org/10.1093/jtm/taaa031"
}