{
   "sha": "4d3136e367c11226423974c984b484a6eea4974c",
   "source_x": "Elsevier",
   "title": "Chapter 37 The Spread of Disease in the 20th Century and Lessons for the 21st Century",
   "doi": "10.1016/B978-0-08-045359-0.50040-3",
   "license": "els-covid",
   "publish_time": "2007-12-31",
   "authors": [
      "Ostroff, Stephen M."
   ],
   "journal": "Travel Medicine",
   "has_full_text": "True",
   "full_text_file": "custom_license",
   "id": "https://doi.org/10.1016/B978-0-08-045359-0.50040-3",
   "fhir_link": [
      "PMC/Composition/4d3136e367c11226423974c984b484a6eea4974c"
   ]
}