{
   "sha": "4af69ce0a547c8c39e35bf95308c7494fae34cda",
   "source_x": "Elsevier",
   "title": "Chapter 38 As Travel Medicine Practitioner during the SARS Outbreak in Singapore",
   "doi": "10.1016/B978-0-08-045359-0.50041-5",
   "license": "els-covid",
   "publish_time": "2007-12-31",
   "authors": [
      "Wilder-Smith, Annelies"
   ],
   "journal": "Travel Medicine",
   "has_full_text": "True",
   "full_text_file": "custom_license",
   "id": "https://doi.org/10.1016/B978-0-08-045359-0.50041-5",
   "fhir_link": [
      "PMC/Composition/4af69ce0a547c8c39e35bf95308c7494fae34cda"
   ]
}