{
   "source_x": "PMC",
   "title": "Improved Detection of Respiratory Pathogens by Use of High-Quality Sputum with TaqMan Array Card Technology",
   "doi": "http://dx.doi.org/10.1128/JCM.01805-16",
   "pmcid": "PMC5228222",
   "abstract": "New diagnostic platforms often use nasopharyngeal or oropharyngeal (NP/OP) swabs for pathogen detection for patients hospitalized with community-acquired pneumonia (CAP). We applied multipathogen testing to high-quality sputum specimens to determine if more pathogens can be identified relative to NP/OP swabs. Children (<18 years old) and adults hospitalized with CAP were enrolled over 2.5 years through the Etiology of Pneumonia in the Community (EPIC) study. NP/OP specimens with matching high-quality sputum (defined as \u226410 epithelial cells/low-power field [lpf] and \u226525 white blood cells/lpf or a quality score [q-score] definition of 2+) were tested by TaqMan array card (TAC), a multipathogen real-time PCR detection platform. Among 236 patients with matched specimens, a higher proportion of sputum specimens had \u22651 pathogen detected compared with NP/OP specimens in children (93% versus 68%; P < 0.0001) and adults (88% versus 61%; P < 0.0001); for each pathogen targeted, crossing threshold (C(T)) values were earlier in sputum. Both bacterial (361 versus 294) and viral detections (245 versus 140) were more common in sputum versus NP/OP specimens, respectively, in both children and adults. When available, high-quality sputum may be useful for testing in hospitalized CAP patients.",
   "authors": [
      "['Wolff, Bernard J.', 'Bramley, Anna M.', 'Thurman, Kathleen A.', 'Whitney, Cynthia G.', 'Whitaker, Brett', 'Self, Wesley H.', 'Arnold, Sandra R.', 'Trabue, Christopher', 'Wunderink, Richard G.', 'McCullers, Jon', 'Edwards, Kathryn M.', 'Jain, Seema', 'Winchell, Jonas M.']"
   ],
   "id": "https://www.ncbi.nlm.nih.gov/pmc/articles/PMC5228222"
}