{
   "source_x": "WHO",
   "title": "Epidemic trend of corona virus disease 2019 (COVID-19) in mainland China",
   "doi": "10.3760/cma.j.cn112150-20200222-00163",
   "pubmed_id": "32125133",
   "license": "unk",
   "abstract": "Objective: In order to master the epidemic trend of corona virus disease 2019 (COVID-19) and evaluate the effect of prevention and control, we evaluate the epidemic dynamics of COVID-19 in mainland China, Hubei province, Wuhan city and other provinces outside Hubei from January 16 to February 14, 2020. Methods: We collected the daily number of new confirmed COVID-19 cases by nucleic acid detection reported by the National Health Commission from January 16, 2020 to February 14, 2020. The analysis includes the epidemic curve of the new confirmed cases, multiple of the new confirmed cases for period-over-period, multiple of the new confirmed cases for fixed-base, and the period-over-period growth rate of the new confirmed cases. Results: From January 16 to February 14, 2020, the cumulative number of new confirmed cases of COVID-19 in mainland China was 50 031, including 37 930 in Hubei province, 22 883 in Wuhan city and 12 101 in other provinces outside Hubei. The peak of the number of new confirmed cases in other provinces outside Hubei was from January 31 to February 4, 2020, and the peak of new confirmed cases in Wuhan city and Hubei province was from February 5 to February 9, 2020. The number of new confirmed cases in other provinces outside Hubei showed a significant decline (23% compared with the peak) from February 5 to February 9, 2020, while the number of new confirmed cases in Wuhan city (30% compared with the peak) and Hubei Province (37% compared with the peak) decreased significantly from February 10 to February 14, 2020. Conclusion: The epidemic prevention and control measures taken by the state and governments at all levels have shown very significant effects, effectively curbing the spread of the COVID-19 epidemic in China.",
   "publish_time": "2020",
   "authors": [
      "Zhu, Z. B.",
      "Zhong, C. K.",
      "Zhang, K. X.",
      "Dong, C.",
      "Peng, H.",
      "Xu, T.",
      "Wang, A. L.",
      "Guo, Z. R.",
      "Zhang, Y. H."
   ],
   "journal": "Zhonghua Yu Fang Yi Xue Za Zhi",
   "Microsoft Academic Paper ID": "3006645647",
   "WHO #Covidence": "#3231",
   "has_full_text": "False",
   "id": "https://doi.org/10.3760/cma.j.cn112150-20200222-00163"
}