{
   "source_x": "WHO",
   "title": "Recommendations for respiratory rehabilitation of COVID-19 in adult",
   "doi": "10.3760/cma.j.cn112147-20200228-00206",
   "pubmed_id": "32125127",
   "license": "unk",
   "abstract": "COVID-19 is a highly infectious respiratory infection disease, which leads to dysfunction of respiratory, physical, and psychological of the patients. pulmonary rehabilitation is an important intervention for clinical patients as well as cure patients. With the deeper cognition of COVID-19 and accumulation of clinical experience, we proposed the recommendations for pulmonary rehabilitation of COVID-19 in adults based on the opinions of front-line clinical experts involved in the management of this epidemic and a review of the relevant literature and evidences: 1. for the inpatients with COVID-19, pulmonary rehabilitation would relieve the symptoms of dyspnea, anxiety, and depression; eventually improve physical function and the quality of life; 2. For severe/critical inpatients, the early performance of pulmonary rehabilitation is not suggested. 3. For isolating patients, the pulmonary rehabilitation guidence should be conducted through education video, instruction manual or remote consultation. 4. Assessment and monitor should be performed throughout the entire pulmonary rehabilitation process.5. Taking proper grading protection following the guideline. These recommendations can serve as a clinical practice guidence and basis for pulmonary rehabilitation of COVID-19.",
   "publish_time": "2020",
   "authors": [
      "Chinese Association of Rehabilitation, Medicine",
      "Respiratory rehabilitation committee of Chinese Association of Rehabilitation, Medicine",
      "Cardiopulmonary rehabilitation Group of Chinese Society of Physicai, Medicine",
      "Rehabilitation"
   ],
   "journal": "Zhonghua Jie He He Hu Xi Za Zhi",
   "Microsoft Academic Paper ID": "2354723963",
   "WHO #Covidence": "#3433",
   "has_full_text": "False",
   "id": "https://doi.org/10.3760/cma.j.cn112147-20200228-00206"
}