{
   "source_x": "PMC",
   "title": "Src-independent ERK signaling through the rat \u03b13 isoform of Na/K-ATPase",
   "doi": "http://dx.doi.org/10.1152/ajpcell.00199.2016",
   "pmcid": "PMC5401946",
   "abstract": "The Na/K-ATPase \u03b11 polypeptide supports both ion-pumping and signaling functions. The Na/K-ATPase \u03b13 polypeptide differs from \u03b11 in both its primary structure and its tissue distribution. The expression of \u03b13 seems particularly important in neurons, and recent clinical evidence supports a unique role of this isoform in normal brain function. The nature of this specific role of \u03b13 has remained elusive, because the ubiquitous presence of \u03b11 has hindered efforts to characterize \u03b13-specific functions in mammalian cell systems. Using Na/K-ATPase \u03b11 knockdown pig kidney cells (PY-17), we generated the first stable mammalian cell line expressing a ouabain-resistant form of rat Na/K-ATPase \u03b13 in the absence of endogenous pig \u03b11 detectable by Western blotting. In these cells, Na/K-ATPase \u03b13 formed a functional ion-pumping enzyme and rescued the expression of Na/K-ATPase \u03b21 and caveolin-1 to levels comparable with those observed in PY-17 cells rescued with a rat Na/K-ATPase \u03b11 (AAC-19). The \u03b13-containing enzymes had lower Na(+) affinity and lower ouabain-sensitive transport activity than their \u03b11-containing counterparts under basal conditions, but showed a greater capacity to be activated when intracellular Na(+) was increased. In contrast to Na/K-ATPase \u03b11, \u03b13 could not regulate Src. Upon exposure to ouabain, Src activation did not occur, yet ERK was activated through Src-independent pathways involving PI3K and PKC. Hence, \u03b13 expression confers signaling and pumping properties that are clearly distinct from that of cells expressing Na/K-ATPase \u03b11.",
   "authors": [
      "['Madan, Namrata', 'Xu, Yunhui', 'Duan, Qiming', 'Banerjee, Moumita', 'Larre, Isabel', 'Pierre, Sandrine V.', 'Xie, Zijian']"
   ],
   "id": "https://www.ncbi.nlm.nih.gov/pmc/articles/PMC5401946"
}