{
   "source_x": "PMC",
   "title": "Investigating Rare Risk Factors for Nipah Virus in Bangladesh: 2001\u20132012",
   "doi": "http://dx.doi.org/10.1007/s10393-016-1166-0",
   "pmcid": "PMC5164848",
   "abstract": "Human Nipah encephalitis outbreaks have been identified almost yearly in Bangladesh since 2001. Though raw date palm sap consumption and person-to-person contact are recognized as major transmission pathways, alternative pathways of transmission are plausible and may not have been identified due to limited statistical power in each outbreak. We conducted a risk factor analysis using all 157 cases and 632 controls surveyed in previous investigations during 2004\u20132012 to identify exposures independently associated with Nipah, since date palm sap was first asked about as an exposure in 2004. To further explore possible rare exposures, we also conducted in-depth interviews with all cases, or proxies, since 2001 that reported no exposure to date palm sap or contact with another case. Cases were 4.9 (95% 3.2\u20137.7) times more likely to consume raw date palm sap and 7.3 (95% 4.0\u201313.4) times more likely to have contact with a Nipah case than controls. In-depth interviews revealed that 39/182 (21%) of Nipah cases reporting neither date palm sap consumption nor contact with another case were misclassified. Prevention efforts should be focused on interventions to interrupt transmission through date palm sap consumption and person-to-person contact. Furthermore, pooling outbreak investigation data is a good method for assessing rare exposures.",
   "authors": [
      "['Hegde, Sonia T.', 'Sazzad, Hossain M. S.', 'Hossain, M. Jahangir', 'Alam, Mahbub-Ul', 'Kenah, Eben', 'Daszak, Peter', 'Rollin, Pierre', 'Rahman, Mahmudur', 'Luby, Stephen P.', 'Gurley, Emily S.']"
   ],
   "id": "https://www.ncbi.nlm.nih.gov/pmc/articles/PMC5164848"
}