{
   "sha": "d09827278115fad7feb41c47b6da245f54ba1453",
   "source_x": "PMC",
   "title": "Structure and Inhibition of the SARS Coronavirus Envelope Protein Ion Channel",
   "doi": "http://dx.doi.org/10.1371/journal.ppat.1000511",
   "pmcid": "PMC2702000",
   "pubmed_id": "19593379",
   "license": "CC BY",
   "abstract": "The envelope (E) protein from coronaviruses is a small polypeptide that contains at least one \u03b1-helical transmembrane domain. Absence, or inactivation, of E protein results in attenuated viruses, due to alterations in either virion morphology or tropism. Apart from its morphogenetic properties, protein E has been reported to have membrane permeabilizing activity. Further, the drug hexamethylene amiloride (HMA), but not amiloride, inhibited in vitro ion channel activity of some synthetic coronavirus E proteins, and also viral replication. We have previously shown for the coronavirus species responsible for severe acute respiratory syndrome (SARS-CoV) that the transmembrane domain of E protein (ETM) forms pentameric \u03b1-helical bundles that are likely responsible for the observed channel activity. Herein, using solution NMR in dodecylphosphatidylcholine micelles and energy minimization, we have obtained a model of this channel which features regular \u03b1-helices that form a pentameric left-handed parallel bundle. The drug HMA was found to bind inside the lumen of the channel, at both the C-terminal and the N-terminal openings, and, in contrast to amiloride, induced additional chemical shifts in ETM. Full length SARS-CoV E displayed channel activity when transiently expressed in human embryonic kidney 293 (HEK-293) cells in a whole-cell patch clamp set-up. This activity was significantly reduced by hexamethylene amiloride (HMA), but not by amiloride. The channel structure presented herein provides a possible rationale for inhibition, and a platform for future structure-based drug design of this potential pharmacological target.",
   "publish_time": "2009 Jul 10",
   "authors": [
      "['Pervushin, Konstantin', 'Tan, Edward', 'Parthasarathy, Krupakar', 'Lin, Xin', 'Jiang, Feng Li', 'Yu, Dejie', 'Vararattanavech, Ardcharaporn', 'Soong, Tuck Wah', 'Liu, Ding Xiang', 'Torres, Jaume']"
   ],
   "journal": "PLoS Pathog",
   "has_full_text": "True",
   "id": "d09827278115fad7feb41c47b6da245f54ba1453",
   "fhir_link": "Commercial/Composition/d09827278115fad7feb41c47b6da245f54ba1453.json"
}