{
   "source_x": "PMC",
   "title": "Recent advancements in combination subunit vaccine development",
   "doi": "http://dx.doi.org/10.1080/21645515.2016.1229719",
   "pmcid": "PMC5287306",
   "abstract": "Viral structural proteins share a common nature of homotypic interactions that drive viral capsid formation. This natural process has been mimicked in vitro through recombinant technology to generate various virus-like particles (VLPs) and small subviral particles that exhibit similar structural and antigenic properties of their authentic viruses. Therefore, such self-assembled, polyvalent, and highly immunogenic VLPs and small subviral particles are excellent subunit vaccines against individual viruses, such as the VLP vaccines against the hepatitis B virus, human papilloma virus, and hepatitis E virus, which have already been in the markets. In addition, various antigens and epitopes can be fused with VLPs, small subviral particles, or protein polymers, forming chimeric mono-, bi-, or trivalent vaccines. Owing to their easy-production, un-infectiousness, and polyvalence, the recombinant, chimeric vaccines offer a new approach for development of safe, low-cost, and high efficient subunit vaccines against a single or more pathogens or diseases. While the first VLP-based combination vaccine against malaria has been approved for human use, many others are under development with promising future, which are summarized in this commentary.",
   "authors": [
      "['Tan, Ming', 'Jiang, Xi']"
   ],
   "id": "https://www.ncbi.nlm.nih.gov/pmc/articles/PMC5287306"
}