{
   "source_x": "WHO",
   "title": "Respiratory support for severe 2019-nCoV pneumonia suffering from acute respiratory failure: time and strategy",
   "doi": "10.3760/cma.j.issn.1001-0939.2020.0010",
   "pubmed_id": "32048501",
   "license": "unk",
   "abstract": "Respiratory support is a very important technique for saving severe 2019-nCoV pneumonia patients who suffering respiratory failure, which can improve oxygenation, reduce mortality. Therefore, how to reasonable using respiratory support technique is the key point that relating success or failure. In this paper, the authors introduce their experience on treating severe 2019-nCoV pneumonia, it is hopeful for current fighting against 2019-nCoV in China.",
   "publish_time": "2020",
   "authors": [
      "Yuan, X.",
      "Mu, J. S.",
      "Mo, G. X.",
      "Hu, X. S.",
      "Yan, P.",
      "Xie, L. X."
   ],
   "journal": "Zhonghua Jie He He Hu Xi Za Zhi",
   "Microsoft Academic Paper ID": "2878534291",
   "WHO #Covidence": "#712",
   "has_full_text": "False",
   "id": "https://doi.org/10.3760/cma.j.issn.1001-0939.2020.0010"
}