{
   "source_x": "WHO",
   "title": "Technical guideline for disinfection of wastewater and wastes of medical organizations during the novel coronavirus pneumonia(NCP)outbreak",
   "license": "unk",
   "abstract": "This technical guideline is applicable to disinfection of wastewater and wastes of medical organizations during the novel coronavirus pneumonia (NCP) outbreak. The purpose of the guideline is to eliminate various pathogenic bacteria, fungi, and viruses, effectively block the virus transmission pathways, and guide medical organizations to carry out the prevention and control of NCP.",
   "publish_time": "2020",
   "journal": "Chinese Journal of Preventive Medicine",
   "WHO #Covidence": "#6622",
   "has_full_text": "False"
}