{
   "source_x": "WHO",
   "title": "Chinese experts consensus on diagnosis and treatment of severe and critical new coronavirus pneumonia",
   "license": "unk",
   "abstract": "The outbreak of novel coronavirus pneumonia (NCP) is serious and there is no effective treatment. In order to reduce the fatality rate of severe and critical NCP, experts in the first-line related fields in China were organized to analyze, discuss and summarize the diagnosis and treatment measures of severe NCP patients in Wuhan and other severe disaster areas, and formulate the corresponding expert consensus.",
   "publish_time": "2020",
   "journal": "Chinese Critical Care Medicine",
   "WHO #Covidence": "#6616",
   "has_full_text": "False"
}