{
   "source_x": "PMC",
   "title": "Considerations for Use of Investigational Drugs in Public Health Emergencies",
   "doi": "http://dx.doi.org/10.1177/2168479016680253",
   "pmcid": "PMC5486404",
   "abstract": "The paradigm for the use of investigational drugs in public health emergencies has been recently tested to prevent and treat highly infectious and lethal diseases. Examples include the successful implementation of vaccine and therapeutic clinical trials during the recent Ebola outbreak in West Africa. On the other end of the spectrum was the Emergency Use Authorization (EUA) of peramivir in the treatment of H1N1 influenza virus that did not provide an opportunity to collect data or understand the effectiveness of the EUA program. Between the gold standard of a randomized controlled clinical trial and the problems associated with EUAs are the domain of expanded access protocols that may provide an avenue to make products available while awaiting licensure. This paper will examine the regulatory pathways in the United States (US) for the use of investigational drugs in a public health emergency as well as considerations when making these products available outside the US. Descriptions of the applications of the various approaches will be presented. Regardless of the pathway chosen, public health and clinical research planners need to work together to consider several factors associated with the respective options and maintain a goal of working toward the collection of data to support licensure before faced with future outbreaks. Finally, this paper will consider the lessons learned from public health response in the context of investigational drugs in other diseases where \u201cright to try laws\u201d may pose opportunities, as well as challenges.",
   "authors": [
      "['Kirchoff, Matthew Carl', 'Pierson, Jerome F.']"
   ],
   "id": "https://www.ncbi.nlm.nih.gov/pmc/articles/PMC5486404"
}