{
   "sha": "00acd3fd31ed0cde8df286697caefc5298e54df1",
   "source_x": "PMC",
   "title": "Distinguishing Molecular Features and Clinical Characteristics of a Putative New Rhinovirus Species, Human Rhinovirus C (HRV C)",
   "doi": "10.1371/journal.pone.0001847",
   "pmcid": "PMC2268738",
   "pubmed_id": "18382652",
   "license": "cc-by",
   "abstract": "BACKGROUND: Human rhinoviruses (HRVs) are the most frequently detected pathogens in acute respiratory tract infections (ARTIs) and yet little is known about the prevalence, recurrence, structure and clinical impact of individual members. During 2007, the complete coding sequences of six previously unknown and highly divergent HRV strains were reported. To catalogue the molecular and clinical features distinguishing the divergent HRV strains, we undertook, for the first time, in silico analyses of all available polyprotein sequences and performed retrospective reviews of the medical records of cases in which variants of the prototype strain, HRV-QPM, had been detected. METHODOLOGY/PRINCIPLE FINDINGS: Genomic analyses revealed that the six divergent strains, residing within a clade we previously called HRV A2, had the shortest polyprotein of all picornaviruses investigated. Structure-based amino acid alignments identified conserved motifs shared among members of the genus Rhinovirus as well as substantive deletions and insertions unique to the divergent strains. Deletions mostly affected regions encoding proteins traditionally involved in antigenicity and serving as HRV and HEV receptor footprints. Because the HRV A2 strains cannot yet be cultured, we created homology models of predicted HRV-QPM structural proteins. In silico comparisons confirmed that HRV-QPM was most closely related to the major group HRVs. HRV-QPM was most frequently detected in infants with expiratory wheezing or persistent cough who had been admitted to hospital and required supplemental oxygen. It was the only virus detected in 65% of positive individuals. These observations contributed to an objective clinical impact ranging from mild to severe. CONCLUSIONS: The divergent strains did not meet classification requirements for any existing species of the genus Rhinovirus or Enterovirus. HRV A2 strains should be partitioned into at least one new species, putatively called Human rhinovirus C, populated by members detected with high frequency, from individuals with respiratory symptoms requiring hospital admission.",
   "publish_time": "2008 Apr 2",
   "authors": [
      "McErlean, Peter",
      "Shackelton, Laura A.",
      "Andrews, Emily",
      "Webster, Dale R.",
      "Lambert, Stephen B.",
      "Nissen, Michael D.",
      "Sloots, Theo P.",
      "Mackay, Ian M."
   ],
   "journal": "PLoS One",
   "has_full_text": "True",
   "full_text_file": "comm_use_subset",
   "id": "https://doi.org/10.1371/journal.pone.0001847",
   "pubtator": "PMC2268738",
   "fhir_link": [
      "Commercial/Composition/00acd3fd31ed0cde8df286697caefc5298e54df1"
   ]
}