{
   "source_x": "PMC",
   "title": "A research agenda for aging in China in the 21st century",
   "doi": "http://dx.doi.org/10.1016/j.arr.2015.08.003",
   "pmcid": "PMC5179143",
   "abstract": "China is encountering formidable healthcare challenges brought about by the problem of aging. By 2050, there will be 400 million Chinese citizens aged 65+, 150 million of whom will be 80+. The undesirable consequences of the one-child policy, rural-to-urban migration, and expansion of the population of \u2018empty nest \u2019 elders are eroding the traditional family care of the elders, further exacerbating the burden borne by the current public healthcare system. The challenges of geriatric care demand prompt attention by proposing strategies for improvement in several key areas. Major diseases of the elderly that need more attention include chronic non-communicable diseases and mental health disorders. We suggest the establishment of a home care-dominated geriatric care system, and a proactive role for researchers on aging in reforming geriatric care through policy dialogs. We propose ideas for preparation of the impending aging burden and the creation of a nurturing environment conducive to healthy aging in China.",
   "authors": [
      "['Fang, Evandro Fei', 'Scheibye-Knudsen, Morten', 'Jahn, Heiko J.', 'Li, Juan', 'Ling, Li', 'Guo, Hongwei', 'Zhu, Xinqiang', 'Preedy, Victor', 'Lu, Huiming', 'Bohr, Vilhelm A.', 'Chan, Wai Yee', 'Liu, Yuanli', 'Ng, Tzi Bun']"
   ],
   "id": "https://www.ncbi.nlm.nih.gov/pmc/articles/PMC5179143"
}