{
   "source_x": "PMC",
   "title": "Evidence of Hantavirus Infection among Bats in Brazil",
   "doi": "http://dx.doi.org/10.4269/ajtmh.15-0032",
   "pmcid": "PMC4530771",
   "abstract": "Hantaviruses are zoonotic viruses harbored by rodents, bats, and shrews. At present, only rodent-borne hantaviruses are associated with severe illness in humans. New species of hantaviruses have been recently identified in bats and shrews greatly expanding the potential reservoirs and ranges of these viruses. Brazil has one of the highest incidences of hantavirus cardiopulmonary syndrome in South America, hence it is critical to know what is the prevalence of hantaviruses in Brazil. Although much is known about rodent reservoirs, little is known regarding bats. We captured 270 bats from February 2012 to April 2014. Serum was screened for the presence of antibodies against a recombinant nucleoprotein (rN) of Araraquara virus (ARAQV). The prevalence of antibody to hantavirus was 9/53 with an overall seroprevalence of 17%. Previous studies have shown only insectivorous bats to harbor hantavirus; however, in our study, of the nine seropositive bats, five were frugivorous, one was carnivorous, and three were sanguivorous phyllostomid bats.",
   "authors": [
      "['Sabino-Santos, Gilberto', 'Maia, Felipe Gon\u00e7alves Motta', 'Vieira, Thallyta Maria', 'de Lara Muylaert, Renata', 'Lima, Sabrina Miranda', 'Gon\u00e7alves, Cristieli Barros', 'Barroso, Patricia Doerl', 'Melo, Maria Norma', 'Jonsson, Colleen B.', 'Goodin, Douglas', 'Salazar-Bravo, Jorge', 'Figueiredo, Luiz Tadeu Moraes']"
   ],
   "id": "https://www.ncbi.nlm.nih.gov/pmc/articles/PMC4530771"
}