{
   "sha": "8013bbf01944aa3f25d0faf16386ea51c7586066",
   "source_x": "PMC",
   "title": "Generation of Phaseolus vulgaris ESTs and investigation of their regulation upon Uromyces appendiculatus infection",
   "doi": "10.1186/1471-2229-9-46",
   "pmcid": "PMC2684537",
   "pubmed_id": "19397807",
   "license": "cc-by",
   "abstract": "BACKGROUND: Phaseolus vulgaris (common bean) is the second most important legume crop in the world after soybean. Consequently, yield losses due to fungal infection, like Uromyces appendiculatus (bean rust), have strong consequences. Several resistant genes were identified that confer resistance to bean rust infection. However, the downstream genes and mechanisms involved in bean resistance to infection are poorly characterized. RESULTS: A subtractive bean cDNA library composed of 10,581 unisequences was constructed and enriched in sequences regulated by either bean rust race 41, a virulent strain, or race 49, an avirulent strain on cultivar Early Gallatin carrying the resistance gene Ur-4. The construction of this library allowed the identification of 6,202 new bean ESTs, significantly adding to the available sequences for this plant. Regulation of selected bean genes in response to bean rust infection was confirmed by qRT-PCR. Plant gene expression was similar for both race 41 and 49 during the first 48 hours of the infection process but varied significantly at the later time points (72\u201396 hours after inoculation) mainly due to the presence of the Avr4 gene in the race 49 leading to a hypersensitive response in the bean plants. A biphasic pattern of gene expression was observed for several genes regulated in response to fungal infection. CONCLUSION: The enrichment of the public database with over 6,000 bean ESTs significantly adds to the genomic resources available for this important crop plant. The analysis of these genes in response to bean rust infection provides a foundation for further studies of the mechanism of fungal disease resistance. The expression pattern of 90 bean genes upon rust infection shares several features with other legumes infected by biotrophic fungi. This finding suggests that the P. vulgaris-U. appendiculatus pathosystem could serve as a model to explore legume-rust interaction.",
   "publish_time": "2009 Apr 27",
   "authors": [
      "Thibivilliers, Sandra",
      "Joshi, Trupti",
      "Campbell, Kimberly B",
      "Scheffler, Brian",
      "Xu, Dong",
      "Cooper, Bret",
      "Nguyen, Henry T",
      "Stacey, Gary"
   ],
   "journal": "BMC Plant Biol",
   "has_full_text": "True",
   "full_text_file": "comm_use_subset",
   "id": "https://doi.org/10.1186/1471-2229-9-46",
   "pubtator": "PMC2684537",
   "fhir_link": [
      "Commercial/Composition/8013bbf01944aa3f25d0faf16386ea51c7586066"
   ]
}