{
   "source_x": "PMC",
   "title": "Conformational changes of the HsDHODH N-terminal Microdomain via DEER Spectroscopy",
   "doi": "http://dx.doi.org/10.1021/acs.jpcb.5b01706",
   "pmcid": "PMC4814773",
   "abstract": "The human enzyme dihydroorotate dehydrogenase (HsDHODH) has been studied for being a target for development of new antineoplasic and antiproliferative drugs. The synthetic peptide N-t(DH) represents the N-terminal microdomain of this enzyme, responsible for anchoring it to the inner mitochondrial membrane. Also, it is known to harbor quinones that are essential for enzyme catalysis. Here we report structural features of the peptide/membrane interactions obtained by using CD and DEER spectroscopic techniques, both in micelles and in lipid vesicles. The data revealed different peptide conformational states in micelles and liposomes, which could suggest that this microdomain acts in specific regions or areas of the mitochondria, which can be related with the control of the quinone access to the HsDHODH active site. This is the first study to report on conformational changes of the HsDHODH N-terminal microdomain through a combination of CD and DEER spectroscopic techniques.",
   "authors": [
      "['Vicente, Eduardo F.', 'Sahu, Indra D.', 'Costa-Filho, Antonio J.', 'Cilli, Eduardo M.', 'Lorigan, Gary A.']"
   ],
   "id": "https://www.ncbi.nlm.nih.gov/pmc/articles/PMC4814773"
}