{
   "source_x": "PMC",
   "title": "Enucleation for Treating Rodent Ocular Disease",
   "pmcid": "PMC4460947",
   "abstract": "Our standard of care for rodent corneal lesions previously included treatment of the primary lesion, application of topical NSAIDs, and systemic NSAIDs in severe cases. When intensive medical management was unsuccessful, animals were euthanized, leading to premature loss of valuable genetically modified animals and those on long-term studies. We investigated enucleation surgery as a treatment for 15 cases of rodent corneal disease that did not respond to medical management. Enucleation was performed under isoflurane anesthesia and involved removal of the globe, extensive hemostasis, and packing the orbital space with absorbable gelatin sponge. The lid margins were closed by tarsorrhaphy and tissue glue. Analgesia was provided by using buprenorphine preoperatively and carprofen chew tabs postoperatively. To date, we have a 100% success rate with this procedure (n = 20; 15 clinically affected rodents [2 rats, 13 mice], 5 healthy controls), which included a 60-d follow-up period. The single complication involved dehiscence of the tarsorrhaphy site and was repaired by trimming the lid margins to provide fresh tissue for closure. Histologic examination at both 1 and 3 mo after surgery revealed no evidence of infection of the enucleation site. Enucleation in rodents is a straightforward procedure that represents a refinement to our current standard of care for rodents, does not cause significant inflammation of remaining periocular structures, and has reduced the number of animals euthanized prior to study endpoint because of severe ocular lesions.",
   "authors": [
      "['Wilding, Laura A', 'Uchihashi, Mayu', 'Bergin, Ingrid L', 'Nowland, Megan H']"
   ],
   "id": "https://www.ncbi.nlm.nih.gov/pmc/articles/PMC4460947"
}