{
   "source_x": "PMC",
   "title": "Ebola preparedness: a rapid needs assessment of critical care in a tertiary hospital",
   "doi": "http://dx.doi.org/10.9778/cmajo.20150025",
   "pmcid": "PMC4565178",
   "abstract": "BACKGROUND: The current outbreak of Ebola has been declared a public health emergency of international concern. We performed a rigorous and rapid needs assessment to identify the desired results, the gaps in current practice, and the barriers and facilitators to the development of solutions in the provision of critical care to patients with suspected or confirmed Ebola. METHODS: We conducted a qualitative study with an emergent design at a tertiary hospital in Ontario, Canada, recently designated as an Ebola centre, from Oct. 21 to Nov. 7, 2014. Participants included physicians, nurses, respiratory therapists, and staff from infection control, housekeeping, waste management, administration, facilities, and occupational health and safety. Data collection included document analysis, focus groups, interviews and walk-throughs of critical care areas with key stakeholders. RESULTS: Fifteen themes and 73\u00a0desired results were identified, of which 55 had gaps. During the study period, solutions were implemented to fully address 8\u00a0gaps and partially address 18\u00a0gaps. Themes identified included the following: screening; response team activation; personal protective equipment; postexposure to virus; patient placement, room setup, logging and signage; intrahospital patient movement; interhospital patient movement; critical care management; Ebola-specific diagnosis and treatment; critical care staffing; visitation and contacts; waste management, environmental cleaning and management of linens; postmortem; conflict resolution; and communication. INTERPRETATION: This investigation identified widespread gaps across numerous themes; as such, we have been able to develop a set of credible and measureable results. All hospitals need to be prepared for contact with a patient with Ebola, and the preparedness plan will need to vary based on local context, resources and site designation.",
   "authors": [
      "['Sarti, Aimee J.', 'Sutherland, Stephanie', 'Robillard, Nicholas', 'Kim, John', 'Dupuis, Kirsten', 'Thornton, Mary', 'Mansour, Marlene', 'Cardinal, Pierre']"
   ],
   "id": "https://www.ncbi.nlm.nih.gov/pmc/articles/PMC4565178"
}