{
   "sha": "2a8339ac2c0891d5113f221ebd214f2b1d903d38",
   "source_x": "PMC",
   "title": "High quality protein microarray using in situ protein purification",
   "doi": "http://dx.doi.org/10.1186/1472-6750-9-72",
   "pmcid": "PMC2746808",
   "pubmed_id": "19698181",
   "license": "CC BY",
   "abstract": "BACKGROUND: In the postgenomic era, high throughput protein expression and protein microarray technologies have progressed markedly permitting screening of therapeutic reagents and discovery of novel protein functions. Hexa-histidine is one of the most commonly used fusion tags for protein expression due to its small size and convenient purification via immobilized metal ion affinity chromatography (IMAC). This purification process has been adapted to the protein microarray format, but the quality of in situ His-tagged protein purification on slides has not been systematically evaluated. We established methods to determine the level of purification of such proteins on metal chelate-modified slide surfaces. Optimized in situ purification of His-tagged recombinant proteins has the potential to become the new gold standard for cost-effective generation of high-quality and high-density protein microarrays. RESULTS: Two slide surfaces were examined, chelated Cu(2+ )slides suspended on a polyethylene glycol (PEG) coating and chelated Ni(2+ )slides immobilized on a support without PEG coating. Using PEG-coated chelated Cu(2+ )slides, consistently higher purities of recombinant proteins were measured. An optimized wash buffer (PBST) composed of 10 mM phosphate buffer, 2.7 mM KCl, 140 mM NaCl and 0.05% Tween 20, pH 7.4, further improved protein purity levels. Using Escherichia coli cell lysates expressing 90 recombinant Streptococcus pneumoniae proteins, 73 proteins were successfully immobilized, and 66 proteins were in situ purified with greater than 90% purity. We identified several antigens among the in situ-purified proteins via assays with anti-S. pneumoniae rabbit antibodies and a human patient antiserum, as a demonstration project of large scale microarray-based immunoproteomics profiling. The methodology is compatible with higher throughput formats of in vivo protein expression, eliminates the need for resin-based purification and circumvents protein solubility and denaturation problems caused by buffer exchange steps and freeze-thaw cycles, which are associated with resin-based purification, intermittent protein storage and deposition on microarrays. CONCLUSION: An optimized platform for in situ protein purification on microarray slides using His-tagged recombinant proteins is a desirable tool for the screening of novel protein functions and protein-protein interactions. In the context of immunoproteomics, such protein microarrays are complimentary to approaches using non-recombinant methods to discover and characterize bacterial antigens.",
   "publish_time": "2009 Aug 23",
   "authors": [
      "['Kwon, Keehwan', 'Grose, Carissa', 'Pieper, Rembert', 'Pandya, Gagan A', 'Fleischmann, Robert D', 'Peterson, Scott N']"
   ],
   "journal": "BMC Biotechnol",
   "has_full_text": "True",
   "id": "2a8339ac2c0891d5113f221ebd214f2b1d903d38",
   "fhir_link": "Commercial/Composition/2a8339ac2c0891d5113f221ebd214f2b1d903d38.json"
}