{
   "sha": "e45e16034a3ab42bfce64e2b6886604a57974091",
   "source_x": "PMC",
   "title": "Quantitative Phosphoproteomics of Proteasome Inhibition in Multiple Myeloma Cells",
   "doi": "10.1371/journal.pone.0013095",
   "pmcid": "PMC2947515",
   "pubmed_id": "20927383",
   "license": "cc-by",
   "abstract": "BACKGROUND: The proteasome inhibitor bortezomib represents an important advance in the treatment of multiple myeloma (MM). Bortezomib inhibits the activity of the 26S proteasome and induces cell death in a variety of tumor cells; however, the mechanism of cytotoxicity is not well understood. METHODOLOGY/PRINCIPAL FINDINGS: We investigated the differential phosphoproteome upon proteasome inhibition by using stable isotope labeling by amino acids in cell culture (SILAC) in combination with phosphoprotein enrichment and LC-MS/MS analysis. In total 233 phosphoproteins were identified and 72 phosphoproteins showed a 1.5-fold or greater change upon bortezomib treatment. The phosphoproteins with expression alterations encompass all major protein classes, including a large number of nucleic acid binding proteins. Site-specific phosphopeptide quantitation revealed that Ser38 phosphorylation on stathmin increased upon bortezomib treatment, suggesting new mechanisms associated to bortezomib-induced apoptosis in MM cells. Further studies demonstrated that stathmin phosphorylation profile was modified in response to bortezomib treatment and the regulation of stathmin by phosphorylation at specific Ser/Thr residues participated in the cellular response induced by bortezomib. CONCLUSIONS/SIGNIFICANCE: Our systematic profiling of phosphorylation changes in response to bortezomib treatment not only advanced the global mechanistic understanding of the action of bortezomib on myeloma cells but also identified previously uncharacterized signaling proteins in myeloma cells.",
   "publish_time": "2010 Sep 29",
   "authors": [
      "Ge, Feng",
      "Xiao, Chuan-Le",
      "Bi, Li-Jun",
      "Tao, Sheng-Ce",
      "Xiong, Sheng",
      "Yin, Xin-Feng",
      "Li, Li-Ping",
      "Lu, Chun-Hua",
      "Jia, Hai-Tao",
      "He, Qing-Yu"
   ],
   "journal": "PLoS One",
   "has_full_text": "True",
   "full_text_file": "comm_use_subset",
   "id": "https://doi.org/10.1371/journal.pone.0013095",
   "pubtator": "PMC2947515",
   "fhir_link": [
      "Commercial/Composition/e45e16034a3ab42bfce64e2b6886604a57974091"
   ]
}