{
   "source_x": "PMC",
   "title": "The Effect of Species Representation on the Detection of Positive Selection in Primate Gene Data Sets",
   "doi": "http://dx.doi.org/10.1093/molbev/msu399",
   "pmcid": "PMC4379402",
   "abstract": "Over evolutionary time, both host- and virus-encoded genes have been continually selected to modify their interactions with one another. This has resulted in the rapid evolution of the specific codons that govern the physical interactions between host and virus proteins. Virologists have discovered that these evolutionary signatures, acquired in nature, can provide a shortcut in the functional dissection of host\u2013virus interactions in the laboratory. However, the use of evolution studies in this way is complicated by the fact that many nonhuman primate species are endangered, and biomaterials are often difficult to acquire. Here, we assess how the species representation in primate gene data sets affects the detection of positive natural selection. Our results demonstrate how targeted primate sequencing projects could greatly enhance research in immunology, virology, and beyond.",
   "authors": [
      "['McBee, Ross M.', 'Rozmiarek, Shea A.', 'Meyerson, Nicholas R.', 'Rowley, Paul A.', 'Sawyer, Sara L.']"
   ],
   "id": "https://www.ncbi.nlm.nih.gov/pmc/articles/PMC4379402"
}