{
   "source_x": "PMC",
   "title": "Isolation, Characterization, and Functional Analysis of Ferret Lymphatic Endothelial Cells",
   "doi": "http://dx.doi.org/10.1016/j.vetimm.2014.11.013",
   "pmcid": "PMC4323863",
   "abstract": "The lymphatic endothelium (LE) serves as a conduit for transport of immune cells and soluble antigens from peripheral tissues to draining lymph nodes (LNs), contributing to development of host immune responses and possibly dissemination of microbes. Lymphatic endothelial cells (LECs) are major constituents of the lymphatic endothelium. These specialized cells could play important roles in initiation of host innate immune responses through sensing of pathogen-associated molecular patterns (PAMPs) by pattern recognition receptors (PRRs), including toll-like receptors (TLRs). LECs secrete pro-inflammatory cytokines and chemokines to create local inflammatory conditions for recruitment of na\u00efve antigen presenting cells (APCs) such as dendritic cells (DCs) to sites of infection and/or vaccine administration. In this study, we examined the innate immune potential of primary LEC populations derived from multiple tissues of an animal model for human infectious diseases -- the ferret. We generated a total of six primary LEC populations from lung, tracheal, and mesenteric LN tissues from three different ferrets. Standard RT-PCR characterization of these primary LECs showed that they varied in their expression of LEC markers. The ferret LECs were examined for their ability to respond to poly I:C (TLR3 and RIG-1 ligand) and other known TLR ligands as measured by production of proinflammatory cytokine (IFN\u03b1, IL6, IL10, Mx1, and TNF\u03b1) and chemokine (CCL5, CCL20, and CXCL10) mRNAs using real time RT-PCR. Poly I:C exposure induced robust proinflammatory responses by all of the primary ferret LECs. Chemotaxis was performed to determine the functional activity of CCL20 produced by the primary lung LECs and showed that the LEC-derived CCL20 was abundant and functional. Taken together, our results continue to reveal the innate immune potential of primary LECs during pathogen-host interactions and expand our understanding of the roles of LECs might play in health and disease in animal models.",
   "authors": [
      "['Berendam, Stella J.', 'Fallert-Junecko, Beth A.', 'Murphy-Corb, Michael A.', 'Fuller, Deborah H.', 'Reinhart, Todd A.']"
   ],
   "id": "https://www.ncbi.nlm.nih.gov/pmc/articles/PMC4323863"
}