{
   "sha": "d11eb07952f5a0fb076a49935508707abeecf8af",
   "source_x": "PMC",
   "title": "Clinical and Functional Characterization of URAT1 Variants",
   "doi": "10.1371/journal.pone.0028641",
   "pmcid": "PMC3241677",
   "pubmed_id": "22194875",
   "license": "cc-by",
   "abstract": "Idiopathic renal hypouricaemia is an inherited form of hypouricaemia, associated with abnormal renal handling of uric acid. There is excessive urinary wasting of uric acid resulting in hypouricaemia. Patients may be asymptomatic, but the persistent urinary abnormalities may manifest as renal stone disease, and hypouricaemia may manifest as exercise induced acute kidney injury. Here we have identified Macedonian and British patients with hypouricaemia, who presented with a variety of renal symptoms and signs including renal stone disease, hematuria, pyelonephritis and nephrocalcinosis. We have identified heterozygous missense mutations in SLC22A12 encoding the urate transporter protein URAT1 and correlate these genetic findings with functional characterization. Urate handling was determined using uptake experiments in HEK293 cells. This data highlights the importance of the URAT1 renal urate transporter in determining serum urate concentrations and the clinical phenotypes, including nephrolithiasis, that should prompt the clinician to suspect an inherited form of renal hypouricaemia.",
   "publish_time": "2011 Dec 16",
   "authors": [
      "Tasic, Velibor",
      "Hynes, Ann Marie",
      "Kitamura, Kenichiro",
      "Cheong, Hae Il",
      "Lozanovski, Vladimir J.",
      "Gucev, Zoran",
      "Jutabha, Promsuk",
      "Anzai, Naohiko",
      "Sayer, John A."
   ],
   "journal": "PLoS One",
   "has_full_text": "True",
   "full_text_file": "comm_use_subset",
   "id": "https://doi.org/10.1371/journal.pone.0028641",
   "pubtator": "PMC3241677",
   "fhir_link": [
      "Commercial/Composition/d11eb07952f5a0fb076a49935508707abeecf8af"
   ]
}