{
   "sha": "35fa07c7c7d1803f22859f6647d5d743e7ad7652",
   "source_x": "PMC",
   "title": "In silico approach to screen compounds active against parasitic nematodes of major socio-economic importance",
   "doi": "10.1186/1471-2105-12-S13-S25",
   "pmcid": "PMC3278842",
   "pubmed_id": "22373185",
   "license": "cc-by",
   "abstract": "BACKGROUND: Infections due to parasitic nematodes are common causes of morbidity and fatality around the world especially in developing nations. At present however, there are only three major classes of drugs for treating human nematode infections. Additionally the scientific knowledge on the mechanism of action and the reason for the resistance to these drugs is poorly understood. Commercial incentives to design drugs that are endemic to developing countries are limited therefore, virtual screening in academic settings can play a vital role is discovering novel drugs useful against neglected diseases. In this study we propose to build robust machine learning model to classify and screen compounds active against parasitic nematodes. RESULTS: A set of compounds active against parasitic nematodes were collated from various literature sources including PubChem while the inactive set was derived from DrugBank database. The support vector machine (SVM) algorithm was used for model development, and stratified ten-fold cross validation was used to evaluate the performance of each classifier. The best results were obtained using the radial basis function kernel. The SVM method achieved an accuracy of 81.79% on an independent test set. Using the model developed above, we were able to indentify novel compounds with potential anthelmintic activity. CONCLUSION: In this study, we successfully present the SVM approach for predicting compounds active against parasitic nematodes which suggests the effectiveness of computational approaches for antiparasitic drug discovery. Although, the accuracy obtained is lower than the previously reported in a similar study but we believe that our model is more robust because we intentionally employed stringent criteria to select inactive dataset thus making it difficult for the model to classify compounds. The method presents an alternative approach to the existing traditional methods and may be useful for predicting hitherto novel anthelmintic compounds.",
   "publish_time": "2011 Nov 30",
   "authors": [
      "Khanna, Varun",
      "Ranganathan, Shoba"
   ],
   "journal": "BMC Bioinformatics",
   "has_full_text": "True",
   "full_text_file": "comm_use_subset",
   "id": "https://doi.org/10.1186/1471-2105-12-S13-S25",
   "pubtator": "PMC3278842",
   "fhir_link": [
      "Commercial/Composition/35fa07c7c7d1803f22859f6647d5d743e7ad7652"
   ]
}