{
   "sha": "28cfe86a8fa13dacd3f447dcb095ac9a9f99a33a",
   "source_x": "PMC",
   "title": "Immunoglobulin Superfamily Virus Receptors and the Evolution of Adaptive Immunity",
   "doi": "http://dx.doi.org/10.1371/journal.ppat.1000481",
   "pmcid": "PMC2777377",
   "pubmed_id": "19956667",
   "license": "CC BY",
   "publish_time": "2009 Nov 26",
   "authors": [
      "['Dermody, Terence S.', 'Kirchner, Eva', 'Guglielmi, Kristen M.', 'Stehle, Thilo']"
   ],
   "journal": "PLoS Pathog",
   "has_full_text": "True",
   "id": "28cfe86a8fa13dacd3f447dcb095ac9a9f99a33a",
   "fhir_link": "Commercial/Composition/28cfe86a8fa13dacd3f447dcb095ac9a9f99a33a"
}