{
   "source_x": "PMC",
   "title": "Reinitiation after Translation of Two Upstream Open Reading Frames (ORF) Governs Expression of the ORF35-37 Kaposi's Sarcoma-Associated Herpesvirus Polycistronic mRNA",
   "doi": "http://dx.doi.org/10.1128/JVI.00202-14",
   "pmcid": "PMC4093840",
   "abstract": "The Kaposi's sarcoma-associated herpesvirus (KSHV) ORF36 protein kinase is translated as a downstream gene from the ORF35-37 polycistronic mRNA via a unique mechanism involving short upstream open reading frames (uORFs) located in the 5\u2032 untranslated region. Here, we confirm that ORF35-37 is functionally dicistronic during infection and demonstrate that mutation of the dominant uORF restricts KSHV replication. Leaky scanning past the uORFs facilitates ORF35 expression, while a reinitiation mechanism after translation of the uORFs enables ORF36 expression.",
   "authors": [
      "['Kronstad, Lisa M.', 'Brulois, Kevin F.', 'Jung, Jae U.', 'Glaunsinger, Britt A.']"
   ],
   "id": "https://www.ncbi.nlm.nih.gov/pmc/articles/PMC4093840"
}