{
   "sha": "b82539a18c6aea935321822f2de5937fd7fef769",
   "source_x": "PMC",
   "title": "Pandemic 2009 H1N1 virus infection in children and adults: A cohort study at a single hospital throughout the epidemic",
   "doi": "10.1186/1755-7682-5-13",
   "pmcid": "PMC3331808",
   "pubmed_id": "22443897",
   "license": "cc-by",
   "abstract": "BACKGROUND: In 2009, there was an influenza pandemic in South Korea. The aim of this study was to evaluate the epidemiological, clinical and laboratory characteristics of this infection in children and adults. METHODS: We evaluated the epidemiologic characteristics of patients infected with the 2009 H1N1 influenza A virus (4,463 patients, age range from 2 mo to 86 y), and the clinical and laboratory findings of 373 inpatients (80/217 children, \u2264 15 y, had pneumonia and 36/156 adults, > 16 y, had pneumonia) in a single hospital during the epidemic. RESULTS: The majority of infected patients (94%) were less than 40 y, and greater than 90% of cases occurred during a two-month period. The rates of admission and pneumonia were 8.4% (373/4,463) and 2.5% (116/4,463), respectively. The rates of admission and pneumonia, total duration of fever, the frequency of underlying diseases, and the values of C-reactive protein and erythrocyte sedimentation rate tended to increase as age increased; highest rates were found in the \u2265 65 y group. Pneumonia was founded more boys than girls in children, but more female than male in adults. The adult patients with pneumonia had higher leukocyte counts with lower lymphocyte differentials than the group without pneumonia, as shown in children group. CONCLUSION: Our results suggest that the immunologic reaction to viral insults may be associated with age, sex and underlying diseases, and that unknown herd immunity may affect populations. The patients with underlying diseases, especially in older patients may have immunologic insufficiency that is associated with immunologic consumption by the underlying diseases.",
   "publish_time": "2012 Mar 26",
   "authors": [
      "Rhim, Jung-Woo",
      "Go, Eun-Ji",
      "Lee, Kyung-Yil",
      "Youn, You-Sook",
      "Kim, Myung-Sook",
      "Park, Sun Hee",
      "Kim, Ji-Chang",
      "Kang, Jin-Han"
   ],
   "journal": "Int Arch Med",
   "has_full_text": "True",
   "full_text_file": "comm_use_subset",
   "id": "https://doi.org/10.1186/1755-7682-5-13",
   "pubtator": "PMC3331808",
   "fhir_link": [
      "Commercial/Composition/b82539a18c6aea935321822f2de5937fd7fef769"
   ]
}