{
   "sha": "52d52a74a65afae4c54bcdebf7c45e0987116f5e",
   "source_x": "Elsevier",
   "title": "CHAPTER 3 Case Detection, Outbreak Detection, and Outbreak Characterization",
   "doi": "10.1016/B978-012369378-5/50005-3",
   "license": "els-covid",
   "publish_time": "2006-12-31",
   "authors": [
      "Wagner, Michael M.",
      "Gresham, Louise S.",
      "Dato, Virginia"
   ],
   "journal": "Handbook of Biosurveillance",
   "has_full_text": "True",
   "full_text_file": "custom_license",
   "id": "https://doi.org/10.1016/B978-012369378-5/50005-3",
   "fhir_link": [
      "PMC/Composition/52d52a74a65afae4c54bcdebf7c45e0987116f5e"
   ]
}