{
   "source_x": "PMC",
   "title": "Characterization of a Novel Betacoronavirus Related to Middle East Respiratory Syndrome Coronavirus in European Hedgehogs",
   "doi": "http://dx.doi.org/10.1128/JVI.01600-13",
   "pmcid": "PMC3911734",
   "abstract": "Bats are known to host viruses closely related to important human coronaviruses (HCoVs), such as HCoV-229E, severe-acute respiratory syndrome coronavirus (SARS-CoV), and Middle East respiratory syndrome CoV (MERS-CoV). As RNA viruses may coevolve with their hosts, we sought to investigate the closest sister taxon to bats, the Eulipotyphla, and screened European hedgehogs (Erinaceus europaeus) from Germany for CoV by nested reverse transcriptase PCR. A novel betacoronavirus species in a phylogenetic sister relationship to MERS-CoV and clade c bat CoVs was detected and characterized on the whole-genome level. A total of 58.9% of hedgehog fecal specimens were positive for the novel CoV (EriCoV) at 7.9 log(10) mean RNA copies per ml. EriCoV RNA concentrations were higher in the intestine than in other solid organs, blood, or urine. Detailed analyses of the full hedgehog intestine showed the highest EriCoV concentrations in lower gastrointestinal tract specimens, compatible with viral replication in the lower intestine and fecal-oral transmission. Thirteen of 27 (48.2%) hedgehog sera contained non-neutralizing antibodies against MERS-CoV. The animal origins of this betacoronavirus clade that includes MERS-CoV may thus include both bat and nonbat hosts.",
   "authors": [
      "['Corman, Victor Max', 'Kallies, Ren\u00e9', 'Philipps, Heike', 'G\u00f6pner, Gertraude', 'M\u00fcller, Marcel Alexander', 'Eckerle, Isabella', 'Br\u00fcnink, Sebastian', 'Drosten, Christian', 'Drexler, Jan Felix']"
   ],
   "id": "https://www.ncbi.nlm.nih.gov/pmc/articles/PMC3911734"
}