{
   "source_x": "PMC",
   "title": "A One\u2010Step RT\u2010PCR Array for Detection and Differentiation of Zoonotic Influenza Viruses H5N1, H9N2, and H1N1",
   "doi": "http://dx.doi.org/10.1002/jcla.21627",
   "pmcid": "PMC6807405",
   "abstract": "BACKGROUND: Rapid and comprehensive pathogen identification is crucial in zoonotic influenza diagnosis. METHODS: By optimizing the design of primers and probes and reverse\u2010transcriptase polymerase chain reaction (RT\u2010PCR) conditions, we achieved simultaneous detection of multiple influenza and zoonotic influenza viruses, including H1N1, H5N1, and H9N2 strains, in a one\u2010step, quantitative real\u2010time RT\u2010PCR array (rRT\u2010PCR array) of RNA from multiple influenza strains utilizing a single set of conditions for RT\u2010PCR amplification. The target sequences from all targeted zoonotic influenza viruses were cloned into recombinant RNA virus particles, which were used to evaluate sensitivity, specificity, and reproducibility of the zoonotic influenza viruses RT\u2010PCR array. RESULTS: The detection limit of the array was shown to be between 10(0) and 10(1) copies per reaction, and the standard curve demonstrated a linear range from 10 to 10(6) copies. Thus, the analytical sensitivity of this zoonotic influenza viruses RT\u2010PCR array is 10\u2013100 times higher than conventional RT\u2010PCR. Specificity of the one\u2010step zoonotic influenza viruses RT\u2010PCR array was verified by comparison of results obtained with retroviral\u2010like particles (RVPs), which contained RNA from isolates of seasonal influenza viruses, zoonotic influenza viruses, and other pathogens known to cause acute respiratory disease. CONCLUSION: The high sensitivity, rapidity, reproducibility, and specificity of this zoonotic influenza viruses rRT\u2010PCR array has been verified as being sufficient to detect the presence of multiple zoonotic influenza viruses in a single assay. The zoonotic influenza viruses RT\u2010PCR array might provide rapid identification of emergent zoonotic influenza viruses strains during influenza outbreaks and disease surveillance initiatives.",
   "authors": [
      "['Chen, Yao', 'Liu, Tiancai', 'Cai, Lijuan', 'Du, Hongyan', 'Li, Ming']"
   ],
   "id": "https://www.ncbi.nlm.nih.gov/pmc/articles/PMC6807405"
}