{
   "sha": "83f15da5d4de38afb2d1ba4b482f66d4e623c11e",
   "source_x": "PMC",
   "title": "An Upstream Open Reading Frame Modulates Ebola Virus Polymerase Translation and Virus Replication",
   "doi": "10.1371/journal.ppat.1003147",
   "pmcid": "PMC3561295",
   "pubmed_id": "23382680",
   "license": "cc0",
   "abstract": "Ebolaviruses, highly lethal zoonotic pathogens, possess longer genomes than most other non-segmented negative-strand RNA viruses due in part to long 5\u2032 and 3\u2032 untranslated regions (UTRs) present in the seven viral transcriptional units. To date, specific functions have not been assigned to these UTRs. With reporter assays, we demonstrated that the Zaire ebolavirus (EBOV) 5\u2032-UTRs lack internal ribosomal entry site function. However, the 5\u2032-UTRs do differentially regulate cap-dependent translation when placed upstream of a GFP reporter gene. Most dramatically, the 5\u2032-UTR derived from the viral polymerase (L) mRNA strongly suppressed translation of GFP compared to a \u03b2-actin 5\u2032-UTR. The L 5\u2032-UTR is one of four viral genes to possess upstream AUGs (uAUGs), and ablation of each uAUG enhanced translation of the primary ORF (pORF), most dramatically in the case of the L 5\u2032-UTR. The L uAUG was sufficient to initiate translation, is surrounded by a \u201cweak\u201d Kozak sequence and suppressed pORF translation in a position-dependent manner. Under conditions where eIF2\u03b1 was phosphorylated, the presence of the uORF maintained translation of the L pORF, indicating that the uORF modulates L translation in response to cellular stress. To directly address the role of the L uAUG in virus replication, a recombinant EBOV was generated in which the L uAUG was mutated to UCG. Strikingly, mutating two nucleotides outside of previously-defined protein coding and cis-acting regulatory sequences attenuated virus growth to titers 10\u2013100-fold lower than a wild-type virus in Vero and A549 cells. The mutant virus also exhibited decreased viral RNA synthesis as early as 6 hours post-infection and enhanced sensitivity to the stress inducer thapsigargin. Cumulatively, these data identify novel mechanisms by which EBOV regulates its polymerase expression, demonstrate their relevance to virus replication and identify a potential therapeutic target.",
   "publish_time": "2013 Jan 31",
   "authors": [
      "Shabman, Reed S.",
      "Hoenen, Thomas",
      "Groseth, Allison",
      "Jabado, Omar",
      "Binning, Jennifer M.",
      "Amarasinghe, Gaya K.",
      "Feldmann, Heinz",
      "Basler, Christopher F."
   ],
   "journal": "PLoS Pathog",
   "has_full_text": "True",
   "full_text_file": "comm_use_subset",
   "id": "https://doi.org/10.1371/journal.ppat.1003147",
   "pubtator": "PMC3561295",
   "fhir_link": [
      "Commercial/Composition/83f15da5d4de38afb2d1ba4b482f66d4e623c11e"
   ]
}