{
   "source_x": "PMC",
   "title": "Human rhinovirus infections of the lower respiratory tract in hematopoietic stem cell transplant recipients",
   "doi": "http://dx.doi.org/10.1111/tid.12111",
   "pmcid": "PMC3962254",
   "abstract": "BACKGROUND: Human rhinoviruses (HRVs) are a common cause of upper respiratory infection (URI) in hematopoietic stem cell transplant (HSCT) recipients; yet, their role in lower respiratory illness is not well understood. METHODS: We performed a retrospective chart review of HSCT recipients with HRV infection from the time molecular detection methods were implemented at our institution in 2008. Factors associated with proven or possible HRV pneumonia at the first HRV detection were evaluated by univariate and multivariate analysis. We then characterized all episodes of proven and possible HRV pneumonia from the initial HRV infection through a 1-year follow-up period. RESULTS: Between 2008 and 2011, 63 HSCT recipients had \u2265 1 documented HRV infections. At first HRV detection, 36 (57%) patients had HRV URI and 27 (43%) had proven or possible HRV pneumonia; in multivariate analysis, hypoalbuminemia (odds ratio [OR] 9.5, 95% confidence interval [CI] 1.3\u201371.7; P=0.03) and isolation of respiratory co-pathogen(s) (OR 24.2, 95%CI 2.0\u2013288.4; P=0.01) were independently associated with pneumonia. During the study period, 22 patients had 25 episodes of proven HRV pneumonia. Fever (60%), cough (92%), sputum production (61%), and dyspnea (60%) were common symptoms. Fifteen (60%) episodes demonstrated bacterial (n=n=7), fungal (n=n=5), or viral (n=n=3) co-infection. Among the remaining 10 (40%) cases of HRV monoinfection, patients\u2019 oxygen saturations ranged from 80% to 97% on ambient air, and computed tomography scans showed peribronchiolar, patchy, ground glass infiltrates. CONCLUSIONS: HRV pneumonia is relatively common after HSCT and frequently accompanied by bacterial co-infection. As use of molecular assays for respiratory viral diagnosis becomes widespread, HRV will be increasingly recognized as a significant cause of pneumonia in immunocompromised hosts.",
   "authors": [
      "['Jacobs, S.E.', 'Soave, R.', 'Shore, T.B.', 'Satlin, M.J.', 'Schuetz, A.N.', 'Magro, C.', 'Jenkins, S.G.', 'Walsh, T.J.']"
   ],
   "id": "https://www.ncbi.nlm.nih.gov/pmc/articles/PMC3962254"
}