{
   "source_x": "PMC",
   "title": "Virome genomics: a tool for defining the human virome",
   "doi": "http://dx.doi.org/10.1016/j.mib.2013.04.006",
   "pmcid": "PMC3755052",
   "abstract": "High throughput, deep sequencing assays are powerful tools for gaining insights into virus-host interactions. Sequencing assays can discover novel viruses and describe the genomes of novel and known viruses. Genomic information can predict viral proteins that can be characterized, describe important genes in the host that control infections, and evaluate gene expression of viruses and hosts during infection. Sequencing can also describe variation and evolution of viruses during replication and transmission. This review recounts some of the major advances in the studies of virus-host interactions from the last two years, and discusses the uses of sequencing technologies relating to these studies.",
   "authors": [
      "['Wylie, Kristine M.', 'Weinstock, George M.', 'Storch, Gregory A.']"
   ],
   "id": "https://www.ncbi.nlm.nih.gov/pmc/articles/PMC3755052"
}