{
   "sha": "04799a6c57e1d3f9488b24a4fc2580bbb3818665",
   "source_x": "PMC",
   "title": "Development of porcine rotavirus vp6 protein based ELISA for differentiation of this virus and other viruses",
   "doi": "10.1186/1743-422X-10-91",
   "pmcid": "PMC3658953",
   "pubmed_id": "23517810",
   "license": "cc-by",
   "abstract": "BACKGROUND: The context and purpose of the study included 1) bacterial expression of viral protein 6 (VP6) of porcine rotavirus (PRV) and generation of rabbit polyclonal antiserum to the VP6 protein; 3) establishment of a discrimination ELISA to distinguish PRV from a panel of other porcine viruses. RESULTS: The VP6 gene of PRV isolate DN30209 amplified by reverse transcription-PCR was 1356 bp containing a complete open reading frame (ORF) encoding 397 amino acids. Sequence comparison and phylogenetic analysis indicated that PRV DN30209 may belong to group A of rotavirus. Bacterially expressed VP6 was expressed in E.coli and anti-VP6 antibody was capable of distinguishing PRV from Porcine transmissible gastroenteritis virus, Porcine epidemic diarrhea virus, Porcine circovirus type II, Porcine reproductive and respiratory syndrome virus, Porcine pseudorabies virus and Porcine parvovirus. CONCLUSIONS: PRV VP6 expressed in E. coli can be used to generate antibodies in rabbit; anti-VP6 serum antibody can be used as good diagnostic reagents for detection of PRV.",
   "publish_time": "2013 Mar 22",
   "authors": [
      "Zhu, Jiayi",
      "Yang, Qing",
      "Cao, Liyan",
      "Dou, Xiujing",
      "Zhao, Jianguo",
      "Zhu, Weijuan",
      "Ding, Fan",
      "Bu, Ri-e",
      "Suo, Siqingaowa",
      "Ren, Yudong",
      "Li, Guangxing",
      "Ren, Xiaofeng"
   ],
   "journal": "Virol J",
   "has_full_text": "True",
   "full_text_file": "comm_use_subset",
   "id": "https://doi.org/10.1186/1743-422X-10-91",
   "pubtator": "PMC3658953",
   "fhir_link": [
      "Commercial/Composition/04799a6c57e1d3f9488b24a4fc2580bbb3818665"
   ]
}