{
   "source_x": "PMC",
   "title": "Overexpression of SIRT1 protein in neurons protects against Experimental Autoimmune Encephalomyelitis through activation of multiple SIRT1 targets",
   "doi": "http://dx.doi.org/10.4049/jimmunol.1202584",
   "pmcid": "PMC3963275",
   "abstract": "Treatment of experimental autoimmune encephalomyelitis (EAE) with Resveratrol, an activator of Sirtuin 1 (SIRT1), reduces disease severity. This suggested that activators of SIRT1, a highly conserved nicotinamide adenine dinucleotide (NAD)-dependent protein deacetylase, might have immune-modulating or neuroprotective therapeutic effects in EAE. Previously, we showed that SIRT1 expression increases in EAE, suggesting that it is an adaptive response. In this study, we investigated the potential function of SIRT1 in regulating EAE using SIRT1 overexpressing mice. The current studies examine potential neuroprotective and immunomodulatory effects of SIRT1 overexpression in chronic EAE induced by immunization of C57Bl/6 mice with myelin oligodendrocyte glycoprotein peptide (MOG(35-55)). SIRT1 suppressed EAE clinical symptoms compared with wild-type EAE mice and prevented or altered the phenotype of inflammation in spinal cords; as a result, demyelination and axonal injury were reduced. Significant neuroprotective effects were observed, with fewer apoptotic cells found in the spinal cords of SIRT1 overexpressing EAE mice; associated with increased brain-derived neurotrophic factor (BDNF) and NAD levels. Earlier, we showed that BDNF and NAD play crucial neuroprotective roles in EAE. These results suggest that SIRT1 reduces neuronal loss in this chronic demyelinating disease model and that this is associated with a reduction in inflammation.",
   "authors": [
      "['Nimmagadda, Vamshi K.', 'Bever, Christopher T.', 'Vattikunta, Narasimha R.', 'Talat, Saifi', 'Ahmad, Vakas', 'Nagalla, Naveen K.', 'Trisler, David', 'Judge, Susan I. V.', 'Royal, Walter', 'Chandrasekaran, Krish', 'Russell, James W.', 'Makar, Tapas K.']"
   ],
   "id": "https://www.ncbi.nlm.nih.gov/pmc/articles/PMC3963275"
}