{
   "sha": "7c0bfcf7cdb720113a16c54e8203111137ebbd41",
   "source_x": "PMC",
   "title": "Broad-spectrum antiviral activity of chebulagic acid and punicalagin against viruses that use glycosaminoglycans for entry",
   "doi": "10.1186/1471-2180-13-187",
   "pmcid": "PMC3750913",
   "pubmed_id": "23924316",
   "license": "cc-by",
   "abstract": "BACKGROUND: We previously identified two hydrolyzable tannins, chebulagic acid (CHLA) and punicalagin (PUG) that blocked herpes simplex virus type 1 (HSV-1) entry and spread. These compounds inhibited viral glycoprotein interactions with cell surface glycosaminoglycans (GAGs). Based on this property, we evaluated their antiviral efficacy against several different viruses known to employ GAGs for host cell entry. RESULTS: Extensive analysis of the tannins\u2019 mechanism of action was performed on a panel of viruses during the attachment and entry steps of infection. Virus-specific binding assays and the analysis of viral spread during treatment with these compounds were also conducted. CHLA and PUG were effective in abrogating infection by human cytomegalovirus (HCMV), hepatitis C virus (HCV), dengue virus (DENV), measles virus (MV), and respiratory syncytial virus (RSV), at \u03bcM concentrations and in dose-dependent manners without significant cytotoxicity. Moreover, the natural compounds inhibited viral attachment, penetration, and spread, to different degrees for each virus. Specifically, the tannins blocked all these steps of infection for HCMV, HCV, and MV, but had little effect on the post-fusion spread of DENV and RSV, which could suggest intriguing differences in the roles of GAG-interactions for these viruses. CONCLUSIONS: CHLA and PUG may be of value as broad-spectrum antivirals for limiting emerging/recurring viruses known to engage host cell GAGs for entry. Further studies testing the efficacy of these tannins in vivo against certain viruses are justified.",
   "publish_time": "2013 Aug 7",
   "authors": [
      "Lin, Liang-Tzung",
      "Chen, Ting-Ying",
      "Lin, Song-Chow",
      "Chung, Chueh-Yao",
      "Lin, Ta-Chen",
      "Wang, Guey-Horng",
      "Anderson, Robert",
      "Lin, Chun-Ching",
      "Richardson, Christopher D"
   ],
   "journal": "BMC Microbiol",
   "has_full_text": "True",
   "full_text_file": "comm_use_subset",
   "id": "https://doi.org/10.1186/1471-2180-13-187",
   "pubtator": "PMC3750913",
   "fhir_link": [
      "Commercial/Composition/7c0bfcf7cdb720113a16c54e8203111137ebbd41"
   ]
}