{
   "sha": "33542ce3cc964e6621e0ce35fedd41b34367de76",
   "source_x": "PMC",
   "title": "Histone Deacetylases in Herpesvirus Replication and Virus-Stimulated Host Defense",
   "doi": "10.3390/v5071607",
   "pmcid": "PMC3738950",
   "pubmed_id": "23807710",
   "license": "cc-by",
   "abstract": "Emerging evidence highlights a critical role for protein acetylation during herpesvirus infection. As prominent modulators of protein acetylation, histone deacetylases (HDACs) are essential transcriptional and epigenetic regulators. Not surprisingly, viruses have evolved a wide array of mechanisms to subvert HDAC functions. Here, we review the mechanisms underlying HDAC regulation during herpesvirus infection. We next discuss the roles of acetylation in host defense against herpesvirus infection. Finally, we provide a perspective on the contribution of current mass spectrometry-based \u201comic\u201d technologies to infectious disease research, offering a systems biology view of infection.",
   "publish_time": "2013 Jun 27",
   "authors": [
      "Guise, Amanda J.",
      "Budayeva, Hanna G.",
      "Diner, Benjamin A.",
      "Cristea, Ileana M."
   ],
   "journal": "Viruses",
   "has_full_text": "True",
   "full_text_file": "comm_use_subset",
   "id": "https://doi.org/10.3390/v5071607",
   "pubtator": "PMC3738950",
   "fhir_link": [
      "Commercial/Composition/33542ce3cc964e6621e0ce35fedd41b34367de76"
   ]
}