{
   "source_x": "PMC",
   "title": "Clinical Application of a Multiplex Real-Time PCR Assay for Simultaneous Detection of Legionella Species, Legionella pneumophila, and Legionella pneumophila Serogroup 1",
   "doi": "http://dx.doi.org/10.1128/JCM.02510-12",
   "pmcid": "PMC3536254",
   "abstract": "We developed a single-tube multiplex real-time PCR assay capable of simultaneously detecting and discriminating Legionella spp., Legionella pneumophila, and Legionella pneumophila serogroup 1 in primary specimens. Evaluation of 21 clinical specimens and 115 clinical isolates demonstrated this assay to be a rapid, high-throughput diagnostic test with 100% specificity that may aid during legionellosis outbreaks and epidemiologic investigations.",
   "authors": [
      "['Benitez, Alvaro J.', 'Winchell, Jonas M.']"
   ],
   "id": "https://www.ncbi.nlm.nih.gov/pmc/articles/PMC3536254"
}