{
   "source_x": "PMC",
   "title": "Epitope Mapping of Broadly Neutralizing HIV-2 Human Monoclonal Antibodies",
   "doi": "http://dx.doi.org/10.1128/JVI.01632-12",
   "pmcid": "PMC3486499",
   "abstract": "Recent studies have shown that natural infection by HIV-2 leads to the elicitation of high titers of broadly neutralizing antibodies (NAbs) against primary HIV-2 strains (T. I. de Silva, et al., J. Virol. 86:930\u2013946, 2012; R. Kong, et al., J. Virol. 86:947\u2013960, 2012; G. Ozkaya Sahin, et al., J. Virol. 86:961\u2013971, 2012). Here, we describe the envelope (Env) binding and neutralization properties of 15 anti-HIV-2 human monoclonal antibodies (MAbs), 14 of which were newly generated from 9 chronically infected subjects. All 15 MAbs bound specifically to HIV-2 gp120 monomers and neutralized heterologous primary virus strains HIV-2(7312A) and HIV-2(ST). Ten of 15 MAbs neutralized a third heterologous primary virus strain, HIV-2(UC1). The median 50% inhibitory concentrations (IC(50)s) for these MAbs were surprisingly low, ranging from 0.007 to 0.028 \u03bcg/ml. Competitive Env binding studies revealed three MAb competition groups: CG-I, CG-II, and CG-III. Using peptide scanning, site-directed mutagenesis, chimeric Env constructions, and single-cycle virus neutralization assays, we mapped the epitope of CG-I antibodies to a linear region in variable loop 3 (V3), the epitope of CG-II antibodies to a conformational region centered on the carboxy terminus of V4, and the epitope(s) of CG-III antibodies to conformational regions associated with CD4- and coreceptor-binding sites. HIV-2 Env is thus highly immunogenic in vivo and elicits antibodies having diverse epitope specificities, high potency, and wide breadth. In contrast to the HIV-1 Env trimer, which is generally well shielded from antibody binding and neutralization, HIV-2 is surprisingly vulnerable to broadly reactive NAbs. The availability of 15 human MAbs targeting diverse HIV-2 Env epitopes can facilitate comparative studies of HIV/SIV Env structure, function, antigenicity, and immunogenicity.",
   "authors": [
      "['Kong, Rui', 'Li, Hui', 'Georgiev, Ivelin', 'Changela, Anita', 'Bibollet-Ruche, Frederic', 'Decker, Julie M.', 'Rowland-Jones, Sarah L.', 'Jaye, Assan', 'Guan, Yongjun', 'Lewis, George K.', 'Langedijk, Johannes P. M.', 'Hahn, Beatrice H.', 'Kwong, Peter D.', 'Robinson, James E.', 'Shaw, George M.']"
   ],
   "id": "https://www.ncbi.nlm.nih.gov/pmc/articles/PMC3486499"
}