{
   "sha": "e74b146de222afb1af191265d849fc86048712bc",
   "source_x": "PMC",
   "title": "Nano-ZnO Catalyzed Multicomponent One-Pot Synthesis of Novel Spiro(indoline-pyranodioxine) Derivatives",
   "doi": "10.1155/2014/427195",
   "pmcid": "PMC3933407",
   "pubmed_id": "24683341",
   "license": "cc-by",
   "abstract": "A simple catalytic protocol for the synthesis of novel spiro[indoline-pyranodioxine] derivatives has been developed using ZnO nanoparticle as an efficient, green, and reusable catalyst. The derivatives are obtained in moderate to excellent yield by one-pot three-component reaction of an isatin, malononitrile/ethylcyanoacetate, and 2,2-dimethyl-1,3-dioxane-4,6-dione in absolute ethanol under conventional heating and microwave irradiation. The catalyst was recovered by filtration from the reaction mixture and reused during five consecutive runs without any apparent loss of activity for the same reaction. The mild reaction conditions and recyclability of the catalyst make it environmentally benign synthetic procedure.",
   "publish_time": "2014 Feb 5",
   "authors": [
      "Sachdeva, Harshita",
      "Saroj, Rekha",
      "Dwivedi, Diksha"
   ],
   "journal": "ScientificWorldJournal",
   "has_full_text": "True",
   "full_text_file": "comm_use_subset",
   "id": "https://doi.org/10.1155/2014/427195",
   "pubtator": "PMC3933407",
   "fhir_link": [
      "Commercial/Composition/e74b146de222afb1af191265d849fc86048712bc"
   ]
}