{
   "sha": "563e6df04e2efbfd35ad7e35818145febb7568d1",
   "source_x": "Elsevier",
   "title": "Canada, Health System of",
   "doi": "10.1016/B978-012373960-5.00302-6",
   "license": "els-covid",
   "abstract": "This article describes how health care, including public health, is financed, organized, and delivered in Canada. Particular attention is paid to recent developments and reforms that have led to greater integration of public health into provincial and regional health-care systems as well as the establishment of the Public Health Agency of Canada (PHAC) at the national level.",
   "publish_time": "2008-12-31",
   "authors": [
      "Marchildon, G.P."
   ],
   "journal": "International Encyclopedia of Public Health",
   "has_full_text": "True",
   "full_text_file": "custom_license",
   "id": "https://doi.org/10.1016/B978-012373960-5.00302-6",
   "fhir_link": [
      "PMC/Composition/563e6df04e2efbfd35ad7e35818145febb7568d1"
   ]
}