{
   "source_x": "PMC",
   "title": "Visualizing Production of Beta Interferon by Astrocytes and Microglia in Brain of La Crosse Virus-Infected Mice",
   "doi": "http://dx.doi.org/10.1128/JVI.01093-12",
   "pmcid": "PMC3457137",
   "abstract": "Beta interferon (IFN-\u03b2) is a major component of innate immunity in mammals, but information on the in vivo source of this cytokine after pathogen infection is still scarce. To identify the cell types responsible for IFN-\u03b2 production during viral encephalitis, we used reporter mice that express firefly luciferase under the control of the IFN-\u03b2 promoter and stained organ sections with luciferase-specific antibodies. Numerous luciferase-positive cells were detected in regions of La Crosse virus (LACV)-infected mouse brains that contained many infected cells. Double-staining experiments with cell-type-specific markers revealed that similar numbers of astrocytes and microglia of infected brains were luciferase positive, whereas virus-infected neurons rarely contained detectable levels of luciferase. Interestingly, if a mutant LACV unable of synthesizing the IFN-antagonistic factor NSs was used for challenge, the vast majority of the IFN-\u03b2-producing cells in infected brains were astrocytes rather than microglia. Similar conclusions were reached in a second series of experiments in which conditional reporter mice expressing the luciferase reporter gene solely in defined cell types were infected with wild-type or mutant LACV. Collectively, our data suggest that glial cells rather than infected neurons represent the major source of IFN-\u03b2 in LACV-infected mouse brains. They further indicate that IFN-\u03b2 synthesis in astrocytes and microglia is differentially affected by the viral IFN antagonist, presumably due to differences in LACV susceptibility of these two cell types.",
   "authors": [
      "['Kallfass, Carsten', 'Ackerman, Andreas', 'Lienenklaus, Stefan', 'Weiss, Siegfried', 'Heimrich, Bernd', 'Staeheli, Peter']"
   ],
   "id": "https://www.ncbi.nlm.nih.gov/pmc/articles/PMC3457137"
}