{
   "sha": "6081206484e5e671f9a73195a8b1fac39e456a3e",
   "source_x": "PMC",
   "title": "Ethical Alternatives to Experiments with Novel Potential Pandemic Pathogens",
   "doi": "10.1371/journal.pmed.1001646",
   "pmcid": "PMC4028196",
   "pubmed_id": "24844931",
   "license": "cc-by",
   "abstract": "Please see later in the article for the Editors' Summary",
   "publish_time": "2014 May 20",
   "authors": [
      "Lipsitch, Marc",
      "Galvani, Alison P."
   ],
   "journal": "PLoS Med",
   "has_full_text": "True",
   "full_text_file": "comm_use_subset",
   "id": "https://doi.org/10.1371/journal.pmed.1001646",
   "pubtator": "PMC4028196",
   "fhir_link": [
      "Commercial/Composition/6081206484e5e671f9a73195a8b1fac39e456a3e"
   ]
}