{
   "sha": "0326bf875d2a22d7c4a4328dcd34c2d801fd110e",
   "source_x": "PMC",
   "title": "Neglected Zoonotic Diseases\u2014The Long and Winding Road to Advocacy",
   "doi": "10.1371/journal.pntd.0002800",
   "pmcid": "PMC4046968",
   "pubmed_id": "24901769",
   "license": "cc-by",
   "abstract": "BACKGROUND: Years of advocacy for the neglected tropical diseases (NTDs) have focused the world's attention on these diseases of the poor, resulting most recently in the 2012 \u201cLondon Declaration\u201d and the recent World Health Assembly Resolution WHA66.12 on NTDs in May 2013. Control of the endemic neglected zoonotic diseases (NZDs) would benefit from a similar campaign, which needs the support of a global community. METHODOLOGY/PRINCIPAL FINDINGS: The resolutions from all 66 World Health Assembly (WHA) meetings held between 1948 and 2013 were examined to determine how many contain a specific focus on any of the following eight NZDs as defined by the World Health Organisation (WHO): anthrax, bovine tuberculosis (TB), brucellosis, Taenia solium cysticercosis, cystic echinococcosis (hydatidosis), leishmaniasis, rabies, and zoonotic human African trypanosomiasis (HAT or sleeping sickness). Twenty-one resolutions adopted in the 16 assemblies between 1948 and 2013 targeted one or more of these eight NZDs, representing 4% of the total resolutions on infectious diseases passed to date. The 2013 adoption of Resolution WHA66.12 targeting all 17 NTDs marks a change in approach by the WHA. Whereas previous resolutions have targeted the NTDs as separate entities, the new approach of the combined resolution will help increase the overall momentum to target these ancient diseases as coendemic clusters in endemic countries. However, three major NZDs remain outside this recent resolution: anthrax, brucellosis, and bovine TB. CONCLUSIONS AND SIGNIFICANCE: The recent adoption of a specific resolution at the WHA in 2013 that emphasises a One Health approach for the successful control of 17 NTDs is a major development in advocacy. However, recognition of the importance of three major NZDs to public health in endemic countries\u2014anthrax, brucellosis, and bovine tuberculosis\u2014is still lacking despite being prioritised by the WHA as early as the 1950s. Global advocacy for control of the NZDs as a whole would similarly benefit from adoption of a One Health approach as is promoted for the NTDs under WHA66.12.",
   "publish_time": "2014 Jun 5",
   "authors": [
      "Mableson, Hayley E.",
      "Okello, Anna",
      "Picozzi, Kim",
      "Welburn, Susan Christina"
   ],
   "journal": "PLoS Negl Trop Dis",
   "has_full_text": "True",
   "full_text_file": "comm_use_subset",
   "id": "https://doi.org/10.1371/journal.pntd.0002800",
   "pubtator": "PMC4046968",
   "fhir_link": [
      "Commercial/Composition/0326bf875d2a22d7c4a4328dcd34c2d801fd110e"
   ]
}