{
   "sha": "ef58c6e2790539f30df14acc260ae2af4b5f3d1f",
   "source_x": "PMC",
   "title": "Can\u2019t RIDD off viruses",
   "doi": "10.3389/fmicb.2014.00292",
   "pmcid": "PMC4061530",
   "pubmed_id": "24995003",
   "license": "cc-by",
   "abstract": "The mammalian genome has evolved to encode a battery of mechanisms, to mitigate a progression in the life cycle of an invasive viral pathogen. Although apparently disadvantaged by their dependence on the host biosynthetic processes, an immensely faster rate of evolution provides viruses with an edge in this conflict. In this review, I have discussed the potential anti-virus activity of inositol-requiring enzyme 1 (IRE1), a well characterized effector of the cellular homeostatic response to an overloading of the endoplasmic reticulum (ER) protein-folding capacity. IRE1, an ER-membrane-resident ribonuclease (RNase), upon activation catalyses regulated cleavage of select protein-coding and non-coding host RNAs, using an RNase domain which is homologous to that of the known anti-viral effector RNaseL. The latter operates as part of the Oligoadenylate synthetase OAS/RNaseL system of anti-viral defense mechanism. Protein-coding RNA substrates are differentially treated by the IRE1 RNase to either augment, through cytoplasmic splicing of an intron in the Xbp1 transcript, or suppress gene expression. This referred suppression of gene expression is mediated through degradative cleavage of a select cohort of cellular RNA transcripts, initiating the regulated IRE1-dependent decay (RIDD) pathway. The review first discusses the anti-viral mechanism of the OAS/RNaseL system and evasion tactics employed by different viruses. This is followed by a review of the RIDD pathway and its potential effect on the stability of viral RNAs. I conclude with a comparison of the enzymatic activity of the two RNases followed by deliberations on the physiological consequences of their activation.",
   "publish_time": "2014 Jun 18",
   "authors": [
      "Bhattacharyya, Sankar"
   ],
   "journal": "Front Microbiol",
   "has_full_text": "True",
   "full_text_file": "comm_use_subset",
   "id": "https://doi.org/10.3389/fmicb.2014.00292",
   "pubtator": "PMC4061530",
   "fhir_link": [
      "Commercial/Composition/ef58c6e2790539f30df14acc260ae2af4b5f3d1f"
   ]
}