{
   "sha": "938354ea93017c47a439518c4d67178f63e70088",
   "source_x": "PMC",
   "title": "Recent advances in live cell imaging of hepatoma cells",
   "doi": "10.1186/1471-2121-15-26",
   "pmcid": "PMC4108253",
   "pubmed_id": "25005127",
   "license": "cc-by",
   "abstract": "Live cell imaging enables the study of dynamic processes of living cells in real time by use of suitable reporter proteins and the staining of specific cellular structures and/or organelles. With the availability of advanced optical devices and improved cell culture protocols it has become a rapidly growing research methodology. The success of this technique relies mainly on the selection of suitable reporter proteins, construction of recombinant plasmids possessing cell type specific promoters as well as reliable methods of gene transfer. This review aims to provide an overview of the recent developments in the field of marker proteins (bioluminescence and fluorescent) and methodologies (fluorescent resonance energy transfer, fluorescent recovery after photobleaching and proximity ligation assay) employed as to achieve an improved imaging of biological processes in hepatoma cells. Moreover, different expression systems of marker proteins and the modes of gene transfer are discussed with emphasis on the study of lipid droplet formation in hepatocytes as an example.",
   "publish_time": "2014 Jul 8",
   "authors": [
      "Salipalli, Sandeep",
      "Singh, Prafull Kumar",
      "Borlak, J\u00fcrgen"
   ],
   "journal": "BMC Cell Biol",
   "has_full_text": "True",
   "full_text_file": "comm_use_subset",
   "id": "https://doi.org/10.1186/1471-2121-15-26",
   "pubtator": "PMC4108253",
   "fhir_link": [
      "Commercial/Composition/938354ea93017c47a439518c4d67178f63e70088"
   ]
}