{
   "source_x": "PMC",
   "title": "Interferon-inducible effector mechanisms in cell-autonomous immunity",
   "doi": "http://dx.doi.org/10.1038/nri3210",
   "pmcid": "PMC4150610",
   "abstract": "Interferons (IFNs) induce the expression of hundreds of genes as part of an elaborate antimicrobial programme designed to combat infection in all nucleated cells \u2014 a process termed cell-autonomous immunity. As described in this Review, recent genomic and subgenomic analyses have begun to assign functional properties to novel IFN-inducible effector proteins that restrict bacteria, protozoa and viruses in different subcellular compartments and at different stages of the pathogen life cycle. Several newly described host defence factors also participate in canonical oxidative and autophagic pathways by spatially coordinating their activities to enhance microbial killing. Together, these IFN-induced effector networks help to confer vertebrate host resistance to a vast and complex microbial world.",
   "authors": [
      "MacMicking, John D."
   ],
   "id": "https://www.ncbi.nlm.nih.gov/pmc/articles/PMC4150610"
}