{
   "sha": "ba7a60024505cd93efc22344fc0c956bad66d6e8",
   "source_x": "PMC",
   "title": "Mouse Hepatitis Virus Infection Upregulates Genes Involved in Innate Immune Responses",
   "doi": "10.1371/journal.pone.0111351",
   "pmcid": "PMC4216085",
   "pubmed_id": "25360880",
   "license": "cc-by",
   "abstract": "Neurotropic recombinant strain of Mouse Hepatitis Virus, RSA59, induces meningo-encephalitis, myelitis and demyelination following intracranial inoculation. RSA59 induced neuropathology is partially caused by activation of CNS resident microglia, as demonstrated by changes in cellular morphology and increased expression of a microglia/macrophage specific calcium ion binding factor, Iba1. Affymetrix Microarray analysis for mRNA expression data reveals expression of inflammatory mediators that are known to be released by activated microglia. Microglia-specific cell surface molecules, including CD11b, CD74, CD52 and CD68, are significantly upregulated in contrast to CD4, CD8 and CD19. Protein analysis of spinal cord extracts taken from mice 6 days post-inoculation, the time of peak inflammation, reveals robust expression of IFN-\u03b3, IL-12 and mKC. Data suggest that activated microglia and inflammatory mediators contribute to a local CNS microenvironment that regulates viral replication and IFN-\u03b3 production during the acute phase of infection, which in turn can cause phagolysosome maturation and phagocytosis of the myelin sheath, leading to demyelination.",
   "publish_time": "2014 Oct 31",
   "authors": [
      "Chatterjee, Dhriti",
      "Addya, Sankar",
      "Khan, Reas S.",
      "Kenyon, Lawrence C.",
      "Choe, Alexander",
      "Cohrs, Randall J.",
      "Shindler, Kenneth S.",
      "Sarma, Jayasri Das"
   ],
   "journal": "PLoS One",
   "has_full_text": "True",
   "full_text_file": "comm_use_subset",
   "id": "https://doi.org/10.1371/journal.pone.0111351",
   "pubtator": "PMC4216085",
   "fhir_link": [
      "Commercial/Composition/ba7a60024505cd93efc22344fc0c956bad66d6e8"
   ]
}