{
   "source_x": "PMC",
   "title": "Effective virus inactivation and removal by steps of Biotest Pharmaceuticals IGIV production process",
   "doi": "http://dx.doi.org/10.1016/j.rinim.2012.01.002",
   "pmcid": "PMC3862342",
   "abstract": "The virus validation of three steps of Biotest Pharmaceuticals IGIV production process is described here. The steps validated are precipitation and removal of fraction III of the cold ethanol fractionation process, solvent/detergent treatment and 35\u00a0nm virus filtration. Virus validation was performed considering combined worst case conditions. By these validated steps sufficient virus inactivation/removal is achieved, resulting in a virus safe product.",
   "authors": [
      "['Dichtelm\u00fcller, Herbert O.', 'Flechsig, Eckhard', 'Sananes, Frank', 'Kretschmar, Michael', 'Dougherty, Christopher J.']"
   ],
   "id": "https://www.ncbi.nlm.nih.gov/pmc/articles/PMC3862342"
}