{
   "source_x": "PMC",
   "title": "Sensing of RNA Viruses: a Review of Innate Immune Receptors Involved in Recognizing RNA Virus Invasion",
   "doi": "http://dx.doi.org/10.1128/JVI.05738-11",
   "pmcid": "PMC3302314",
   "abstract": "Our knowledge regarding the contribution of the innate immune system in recognizing and subsequently initiating a host response to an invasion of RNA virus has been rapidly growing over the last decade. Descriptions of the receptors involved and the molecular mechanisms they employ to sense viral pathogen-associated molecular patterns have emerged in great detail. This review presents an overview of our current knowledge regarding the receptors used to detect RNA virus invasion, the molecular structures these receptors sense, and the involved downstream signaling pathways.",
   "authors": [
      "['Jensen, S\u00f8ren', 'Thomsen, Allan Randrup']"
   ],
   "id": "https://www.ncbi.nlm.nih.gov/pmc/articles/PMC3302314"
}