{
   "source_x": "PMC",
   "title": "Synthesis of benzopolycyclic cage amines: NMDA receptor antagonist, trypanocidal and antiviral activities",
   "doi": "http://dx.doi.org/10.1016/j.bmc.2011.11.050",
   "pmcid": "PMC3353318",
   "abstract": "The synthesis of several 6,7,8,9,10,11-hexahydro-9-methyl-5,7:9,11-dimethano-5H-benzocyclononen-7-amines is reported. Several of them display low micromolar NMDA receptor antagonist and/or trypanocidal activities. Two compounds are endowed with micromolar anti vesicular stomatitis virus activity, while only one compound shows micromolar anti-influenza activity. The anti-influenza activity of this compound does not seem to be mediated by blocking of the M2 protein.",
   "authors": [
      "['Torres, Eva', 'Duque, Mar\u00eda D.', 'L\u00f3pez-Querol, Marta', 'Taylor, Martin C.', 'Naesens, Lieve', 'Ma, Chunlong', 'Pinto, Lawrence H.', 'Sureda, Francesc X.', 'Kelly, John M.', 'V\u00e1zquez, Santiago']"
   ],
   "id": "https://www.ncbi.nlm.nih.gov/pmc/articles/PMC3353318"
}