{
   "source_x": "PMC",
   "title": "Cytokines and brain excitability",
   "doi": "http://dx.doi.org/10.1016/j.yfrne.2011.12.002",
   "pmcid": "PMC3547977",
   "abstract": "Cytokines are molecules secreted by peripheral immune cells, microglia, astrocytes and neurons in the central nervous system. Peripheral or central inflammation is characterized by an upregulation of cytokines and their receptors in the brain. Emerging evidence indicates that pro-inflammatory cytokines modulate brain excitability. Findings from both the clinical literature and from in vivo and in vitro laboratory studies suggest that cytokines can increase seizure susceptibility and may be involved in epileptogenesis. Cellular mechanisms that underlie these effects include upregulation of excitatory glutamatergic transmission and downregulation of inhibitory GABAergic transmission.",
   "authors": [
      "['Galic, Michael A.', 'Riazi, Kiarash', 'Pittman, Quentin J.']"
   ],
   "id": "https://www.ncbi.nlm.nih.gov/pmc/articles/PMC3547977"
}