{
   "sha": "7992401d6ef4c8a20818079438362577895f25b7",
   "source_x": "PMC",
   "title": "Biosecurity and Dual-Use Research: Gaining Function \u2013 But at What Cost?",
   "doi": "10.3389/fpubh.2015.00013",
   "pmcid": "PMC4313596",
   "pubmed_id": "25699244",
   "license": "cc-by",
   "publish_time": "2015 Feb 2",
   "authors": [
      "Vogel, Kathleen M.",
      "Ozin, Amanda J.",
      "Suk, Jonathan E."
   ],
   "journal": "Front Public Health",
   "has_full_text": "True",
   "full_text_file": "comm_use_subset",
   "id": "https://doi.org/10.3389/fpubh.2015.00013",
   "pubtator": "PMC4313596",
   "fhir_link": [
      "Commercial/Composition/7992401d6ef4c8a20818079438362577895f25b7"
   ]
}