{
   "sha": "6bd542932368c6d6a32847714e3327136f3c4bd8",
   "source_x": "PMC",
   "title": "Pseudotype-Based Neutralization Assays for Influenza: A Systematic Analysis",
   "doi": "10.3389/fimmu.2015.00161",
   "pmcid": "PMC4413832",
   "pubmed_id": "25972865",
   "license": "cc-by",
   "abstract": "The use of vaccination against the influenza virus remains the most effective method of mitigating the significant morbidity and mortality caused by this virus. Antibodies elicited by currently licensed influenza vaccines are predominantly hemagglutination-inhibition (HI)-competent antibodies that target the globular head of hemagglutinin (HA) thus inhibiting influenza virus entry into target cells. These antibodies predominantly confer homosubtypic/strain specific protection and only rarely confer heterosubtypic protection. However, recent academia or pharma-led R&D toward the production of a \u201cuniversal vaccine\u201d has centered on the elicitation of antibodies directed against the stalk of the influenza HA that has been shown to confer broad protection across a range of different subtypes (H1\u2013H16). The accurate and sensitive measurement of antibody responses elicited by these \u201cnext-generation\u201d influenza vaccines is, however, hampered by the lack of sensitivity of the traditional influenza serological assays HI, single radial hemolysis, and microneutralization. Assays utilizing pseudotypes, chimeric viruses bearing influenza glycoproteins, have been shown to be highly efficient for the measurement of homosubtypic and heterosubtypic broadly neutralizing antibodies, making them ideal serological tools for the study of cross-protective responses against multiple influenza subtypes with pandemic potential. In this review, we will analyze and compare literature involving the production of influenza pseudotypes with particular emphasis on their use in serum antibody neutralization assays. This will enable us to establish the parameters required for optimization and propose a consensus protocol to be employed for the further deployment of these assays in influenza vaccine immunogenicity studies.",
   "publish_time": "2015 Apr 29",
   "authors": [
      "Carnell, George William",
      "Ferrara, Francesca",
      "Grehan, Keith",
      "Thompson, Craig Peter",
      "Temperton, Nigel James"
   ],
   "journal": "Front Immunol",
   "has_full_text": "True",
   "full_text_file": "comm_use_subset",
   "id": "https://doi.org/10.3389/fimmu.2015.00161",
   "pubtator": "PMC4413832",
   "fhir_link": [
      "Commercial/Composition/6bd542932368c6d6a32847714e3327136f3c4bd8"
   ]
}