{
   "sha": "2a1a6e2c13a047dc158f18ce4aff7e3974c97808",
   "source_x": "Elsevier",
   "title": "Torovirus",
   "doi": "10.1016/B978-012374410-4.00516-1",
   "license": "els-covid",
   "abstract": "Toroviruses are single-stranded RNA viruses with a peplomer-bearing envelope that have been associated with enteric disease in cattle and possibly humans. Toroviruses appear to occur worldwide, and torovirus-like particles in fecal preparations have been reported from Europe, the Americas, Asia, New Zealand, and South Africa. These viruses have a unique C-shape or open torus morphology in the extracellular environment. There are four recognized species in the genus Torovirus (family Coronaviridae, order Nidovirales): Equine torovirus, Bovine torovirus, Human torovirus, and Porcine torovirus. Among them there is little genetic divergence (20\u201340%). Antigenic cross-reactivity has revealed a relationship between equine torovirus (EToV), bovine torovirus (BToV), and human torovirus (HToV). The torovirus genome contains six open reading frames (ORFs), which are transcribed as a 3\u2032 co-terminal nested set of four mRNAs. ORF1a and -1b encode the replicase, and ORFs 2\u20135 encode the spike (S), membrane (M), hemagglutinin-esterase (HE), and nucleocapsid (N) proteins, respectively. EToV is apathogenic, and the only torovirus that has been grown in vitro. All BToV strains are pathogenic, causing diarrhea in experimentally or naturally infected calves. HToVs have been associated with gastroenteritis and diarrhea in children, as well as with nosocomial infections in infants with necrotizing enterocolitis.",
   "publish_time": "2008-12-31",
   "authors": [
      "Hoet, A.E.",
      "Horzinek, M.C."
   ],
   "journal": "Encyclopedia of Virology",
   "has_full_text": "True",
   "full_text_file": "custom_license",
   "id": "https://doi.org/10.1016/B978-012374410-4.00516-1",
   "fhir_link": [
      "PMC/Composition/2a1a6e2c13a047dc158f18ce4aff7e3974c97808"
   ]
}