{
   "sha": "dff25248c855cb84f8a9c5e07c1a220675c023d7",
   "source_x": "Elsevier",
   "title": "Membrane Fusion",
   "doi": "10.1016/B978-012374410-4.00659-2",
   "license": "els-covid",
   "abstract": "Membrane fusion of enveloped viruses with cellular membranes is mediated by viral glycoproteins, which are activated by proteolytic cleavage and/or interaction with cellular receptors. Fusion entails extensive conformational changes of the fusion protein that initially anchors to cellular membranes thus bridging two bilayers. Further refolding into a hairpin-like structure pulls viral and cellular membranes into close proximity to permit lipid bilayer fusion. Refolding provides the energy for fusion, which follows several defined lipidic intermediate states occurring concomitantly with refolding. Although different classes of fusion proteins use different structural motifs, the principle of repositioning both membrane anchors, the transmembrane and the fusion peptide region, at the same end of an elongated hairpin structure generated by receptor binding is maintained in all known viral fusion protein structures, suggesting that they follow similar principles to achieve lipid bilayer fusion.",
   "publish_time": "2008-12-31",
   "authors": [
      "Hinz, A.",
      "Weissenhorn, W."
   ],
   "journal": "Encyclopedia of Virology",
   "has_full_text": "True",
   "full_text_file": "custom_license",
   "id": "https://doi.org/10.1016/B978-012374410-4.00659-2",
   "fhir_link": [
      "PMC/Composition/dff25248c855cb84f8a9c5e07c1a220675c023d7"
   ]
}