{
   "sha": "616eb9a60a8da572b0a60b6d33f4618c91c7b55c",
   "source_x": "PMC",
   "title": "Genomic Analysis of 15 Human Coronaviruses OC43 (HCoV-OC43s) Circulating in France from 2001 to 2013 Reveals a High Intra-Specific Diversity with New Recombinant Genotypes",
   "doi": "10.3390/v7052358",
   "pmcid": "PMC4452910",
   "pubmed_id": "26008694",
   "license": "cc-by",
   "abstract": "Human coronavirus OC43 (HCoV-OC43) is one of five currently circulating human coronaviruses responsible for respiratory infections. Like all coronaviruses, it is characterized by its genome\u2019s high plasticity. The objectives of the current study were to detect genetically distinct genotypes and eventually recombinant genotypes in samples collected in Lower Normandy between 2001 and 2013. To this end, we sequenced complete nsp12, S, and N genes of 15 molecular isolates of HCoV-OC43 from clinical samples and compared them to available data from the USA, Belgium, and Hong-Kong. A new cluster E was invariably detected from nsp12, S, and N data while the analysis of nsp12 and N genes revealed the existence of new F and G clusters respectively. The association of these different clusters of genes in our specimens led to the description of thirteen genetically distinct genotypes, among which eight recombinant viruses were discovered. Identification of these recombinant viruses, together with temporal analysis and tMRCA estimation, provides important information for understanding the dynamics of the evolution of these epidemic coronaviruses.",
   "publish_time": "2015 May 7",
   "authors": [
      "Kin, Nathalie",
      "Miszczak, Fabien",
      "Lin, Wei",
      "Ar Gouilh, Meriadeg",
      "Vabret, Astrid"
   ],
   "journal": "Viruses",
   "has_full_text": "True",
   "full_text_file": "comm_use_subset",
   "id": "https://doi.org/10.3390/v7052358",
   "pubtator": "PMC4452910",
   "fhir_link": [
      "Commercial/Composition/616eb9a60a8da572b0a60b6d33f4618c91c7b55c"
   ]
}