{
   "sha": "293e8a49b5c0ee33d5e1098b3f4ca9b613c516fd",
   "source_x": "PMC",
   "title": "Homology-Independent Metrics for Comparative Genomics",
   "doi": "10.1016/j.csbj.2015.04.005",
   "pmcid": "PMC4446528",
   "pubmed_id": "26029354",
   "license": "cc-by",
   "abstract": "A mainstream procedure to analyze the wealth of genomic data available nowadays is the detection of homologous regions shared across genomes, followed by the extraction of biological information from the patterns of conservation and variation observed in such regions. Although of pivotal importance, comparative genomic procedures that rely on homology inference are obviously not applicable if no homologous regions are detectable. This fact excludes a considerable portion of \u201cgenomic dark matter\u201d with no significant similarity \u2014 and, consequently, no inferred homology to any other known sequence \u2014 from several downstream comparative genomic methods. In this review we compile several sequence metrics that do not rely on homology inference and can be used to compare nucleotide sequences and extract biologically meaningful information from them. These metrics comprise several compositional parameters calculated from sequence data alone, such as GC content, dinucleotide odds ratio, and several codon bias metrics. They also share other interesting properties, such as pervasiveness (patterns persist on smaller scales) and phylogenetic signal. We also cite examples where these homology-independent metrics have been successfully applied to support several bioinformatics challenges, such as taxonomic classification of biological sequences without homology inference. They where also used to detect higher-order patterns of interactions in biological systems, ranging from detecting coevolutionary trends between the genomes of viruses and their hosts to characterization of gene pools of entire microbial communities. We argue that, if correctly understood and applied, homology-independent metrics can add important layers of biological information in comparative genomic studies without prior homology inference.",
   "publish_time": "2015 May 4",
   "authors": [
      "Coutinho, Tarcisio Jos\u00e9 Domingos",
      "Franco, Gl\u00f3ria Regina",
      "Lobo, Francisco Pereira"
   ],
   "journal": "Comput Struct Biotechnol J",
   "has_full_text": "True",
   "full_text_file": "comm_use_subset",
   "id": "https://doi.org/10.1016/j.csbj.2015.04.005",
   "pubtator": "PMC4446528",
   "fhir_link": [
      "Commercial/Composition/293e8a49b5c0ee33d5e1098b3f4ca9b613c516fd"
   ]
}