{
   "sha": "3bfdf7dff1f50821c7fd782b0c6c0b4d56bf1815",
   "source_x": "PMC",
   "title": "Promoting public health legal preparedness for emergencies: review of current trends and their relevance in light of the Ebola crisis",
   "doi": "10.3402/gha.v8.28871",
   "pmcid": "PMC4598337",
   "pubmed_id": "26449204",
   "license": "cc-by",
   "abstract": "BACKGROUND: Public health legal preparedness (PHLP) for emergencies is a core component of the health system response. However, the implementation of health legal preparedness differs between low- and middle-income countries (LMIC) and developed countries. OBJECTIVE: This paper examines recent trends regarding public health legal preparedness for emergencies and discusses its role in the recent Ebola outbreak. DESIGN: A rigorous literature review was conducted using eight electronic databases as well as Google Scholar. The results encompassed peer-reviewed English articles, reports, theses, and position papers dating from 2011 to 2014. Earlier articles concerning regulatory actions were also examined. RESULTS: The importance of PHLP has grown during the past decade and focuses mainly on infection\u2013disease scenarios. Amid LMICs, it mostly refers to application of international regulations, whereas in developed states, it focuses on independent legislation and creation of conditions optimal to promoting an effective emergency management. Among developed countries, the United States\u2019 utilisation of health legal preparedness is the most advanced, including the creation of a model comprising four elements: law, competencies, information, and coordination. Only limited research has been conducted in this field to date. Nevertheless, in both developed and developing states, studies that focused on regulations and laws activated in health systems during emergencies, identified inconsistency and incoherence. The Ebola outbreak plaguing West Africa since 2014 has global implications, challenges and paralleling results, that were identified in this review. CONCLUSIONS: The review has shown the need to broaden international regulations, to deepen reciprocity between countries, and to consider LMICs health capacities, in order to strengthen the national health security. Adopting elements of the health legal preparedness model is recommended.",
   "publish_time": "2015 Oct 7",
   "authors": [
      "Cohen, Odeya",
      "Feder-Bubis, Paula",
      "Bar-Dayan, Yaron",
      "Adini, Bruria"
   ],
   "journal": "Glob Health Action",
   "has_full_text": "True",
   "full_text_file": "comm_use_subset",
   "id": "https://doi.org/10.3402/gha.v8.28871",
   "pubtator": "PMC4598337",
   "fhir_link": [
      "Commercial/Composition/3bfdf7dff1f50821c7fd782b0c6c0b4d56bf1815"
   ]
}