{
   "sha": "dde2f725f681ca3d6af28e816b5b58db9fe56551",
   "source_x": "PMC",
   "title": "Social support and HIV/STDs infections among a probability-based sample of rural married migrant women in Shandong Province, China",
   "doi": "10.1186/s12889-015-2508-5",
   "pmcid": "PMC4658759",
   "pubmed_id": "26603036",
   "license": "cc-by",
   "abstract": "BACKGROUND: The increasing population of marriage-based migrant women is disproportionally affected by AIDS/STDs in China, and social support plays a critical role. This study aims to describe the social support level received by married migrant women in rural areas in Shandong province in comparison to non-migrant local women, identifies the relevant factors of this social support condition among married migrant women, and observes the correlation between social support level and infection status of AIDS and STDs among this group. METHODS: A probability-based sample of 1,076 migrant and 1,195 local women were included in the study. A pre-tested field questionnaire was administered to participants through a direct face-to-face interview. Questionnaire contained questions on socio-demographic information, AIDS and STDs prevalence information and Social Support Rating Scale (SSRS) which measures objective support, subjective support, and utilization of social support. RESULTS: Compared to local women, married migrant women had lower levels of social support in most dimensions. Multi-variable analysis revealed that relationship with spouse, family average income, number of children, education, engagement and claimed reasons of moving have various correlations with one or all dimensions of social support scores. Higher social support is also related to awareness of infection status of HIV and STDs among this group. CONCLUSION: Our findings provide further evidence that married migrant women have lower levels of social support which may be related to some social characteristics and their awareness status of AIDS and STDs infection status and that targeted interventions need to be developed for this population.",
   "publish_time": "2015 Nov 24",
   "authors": [
      "Ma, Wenkang",
      "Kang, Dianmin",
      "Song, Yapei",
      "Wei, Chongyi",
      "Marley, Gifty",
      "Ma, Wei"
   ],
   "journal": "BMC Public Health",
   "has_full_text": "True",
   "full_text_file": "comm_use_subset",
   "id": "https://doi.org/10.1186/s12889-015-2508-5",
   "pubtator": "PMC4658759",
   "fhir_link": [
      "Commercial/Composition/dde2f725f681ca3d6af28e816b5b58db9fe56551"
   ]
}