{
   "sha": "c3b24e7070067eba2414138f7532d66ae829f9be",
   "source_x": "PMC",
   "title": "Viral aetiology of common colds of outpatient children at primary care level and the use of antibiotics",
   "doi": "10.1590/0074-02760150154",
   "pmcid": "PMC4660617",
   "pubmed_id": "26560978",
   "license": "cc-by",
   "abstract": "Although antibiotics are ineffective against viral respiratory infections, studies have shown high rates of prescriptions worldwide. We conducted a study in Brazil to determine the viral aetiologies of common colds in children and to describe the use of antibiotics for these patients. Children up to 12 years with common colds were enrolled from March 2008-February 2009 at a primary care level facility and followed by regular telephone calls and medical consultations. A nasopharyngeal wash was obtained at enrollment and studied by direct fluorescence assay and polymerase chain reaction for nine different types of virus. A sample of 134 patients was obtained, median age 2.9 years (0.1-11.2 y). Respiratory viruses were detected in 73.9% (99/134) with a coinfection rate of 30.3% (30/99). Rhinovirus was the most frequent virus (53/134; 39.6%), followed by influenza (33/134; 24.6%) and respiratory syncytial virus (8/134; 13.4%). Antibiotic prescription rate was 39.6% (53/134) and 69.8% (37/53) were considered inappropriate. Patients with influenza infection received antibiotics inappropriately in a greater proportion of cases when compared to respiratory syncytial virus and rhinovirus infections (p = 0.016). The rate of inappropriate use of antibiotics was very high and patients with influenza virus infection were prescribed antibiotics inappropriately in a greater proportion of cases.",
   "publish_time": "2015 Nov",
   "authors": [
      "Kamikawa, Janete",
      "Granato, Celso Francisco Hernandes",
      "Bellei, Nancy"
   ],
   "journal": "Mem Inst Oswaldo Cruz",
   "has_full_text": "True",
   "full_text_file": "comm_use_subset",
   "id": "https://doi.org/10.1590/0074-02760150154",
   "pubtator": "PMC4660617",
   "fhir_link": [
      "Commercial/Composition/c3b24e7070067eba2414138f7532d66ae829f9be"
   ]
}