{
   "sha": "d9d2f8f421d0290a8dbf0ec92cbbe1ad2d93a694",
   "source_x": "PMC",
   "title": "Alphacoronaviruses Detected in French Bats Are Phylogeographically Linked to Coronaviruses of European Bats",
   "doi": "10.3390/v7122937",
   "pmcid": "PMC4690861",
   "pubmed_id": "26633467",
   "license": "cc-by",
   "abstract": "Bats are a reservoir for a diverse range of viruses, including coronaviruses (CoVs). To determine the presence of CoVs in French bats, fecal samples were collected between July and August of 2014 from four bat species in seven different locations around the city of Bourges in France. We present for the first time the presence of alpha-CoVs in French Pipistrellus pipistrellus bat species with an estimated prevalence of 4.2%. Based on the analysis of a fragment of the RNA-dependent RNA polymerase (RdRp) gene, phylogenetic analyses show that alpha-CoVs sequences detected in French bats are closely related to other European bat alpha-CoVs. Phylogeographic analyses of RdRp sequences show that several CoVs strains circulate in European bats: (i) old strains detected that have probably diverged a long time ago and are detected in different bat subspecies; (ii) strains detected in Myotis and Pipistrellus bat species that have more recently diverged. Our findings support previous observations describing the complexity of the detected CoVs in bats worldwide.",
   "publish_time": "2015 Dec 2",
   "authors": [
      "Goffard, Anne",
      "Demanche, Christine",
      "Arthur, Laurent",
      "Pin\u00e7on, Claire",
      "Michaux, Johan",
      "Dubuisson, Jean"
   ],
   "journal": "Viruses",
   "has_full_text": "True",
   "full_text_file": "comm_use_subset",
   "id": "https://doi.org/10.3390/v7122937",
   "pubtator": "PMC4690861",
   "fhir_link": [
      "Commercial/Composition/d9d2f8f421d0290a8dbf0ec92cbbe1ad2d93a694"
   ]
}