{
   "sha": "2b0d5260ad731335898da719538d30d414a9e39f",
   "source_x": "PMC",
   "title": "Mixed infections with Chlamydia and porcine epidemic diarrhea virus - a new in vitro model of chlamydial persistence",
   "doi": "http://dx.doi.org/10.1186/1471-2180-10-201",
   "pmcid": "PMC2919482",
   "pubmed_id": "20663197",
   "license": "CC BY",
   "abstract": "BACKGROUND: Chlamydiae induce persistent infections, which have been associated with a wide range of chronic diseases in humans and animals. Mixed infections with Chlamydia and porcine epidemic diarrhea virus (PEDV) may result in generation of persistent chlamydial infections. To test this hypothesis, an in vitro model of dual infection with cell culture-adapted PEDV and Chlamydia abortus or Chlamydia pecorum in Vero cells was established. RESULTS: Infected cultures were investigated by immunofluorescence (IF), transmission electron microscopy (TEM) and re-infection experiments. By IF, Chlamydia-infected cells showed normal inclusions after 39 hpi. Dual infections with Chlamydia abortus revealed a heterogenous mix of inclusion types including small inclusions consisting of aberrant bodies (ABs), medium-sized inclusions consisting of ABs and reticulate bodies and normal inclusions. Only aberrant inclusions were observable in dual infection experiments with Chlamydia pecorum and PEDV. TEM examinations of mixed infections with Chlamydia abortus and Chlamydia pecorum revealed aberrant chlamydial inclusions containing reticulate-like, pleomorphic ABs, which were up to 2 \u03bcm in diameter. No re-differentiation into elementary bodies (EBs) was detected. In re-infection experiments, co-infected cells produced fewer EBs than monoinfected cells. CONCLUSIONS: In the present study we confirm that PEDV co-infection alters the developmental cycle of member species of the family Chlamydiaceae, in a similar manner to other well-described persistence induction methods. Interestingly, this effect appears to be partially species-specific as Chlamydia pecorum appears more sensitive to PEDV co-infection than Chlamydia abortus, as evidenced by TEM and IF observations of a homogenous population of aberrant inclusions in PEDV - Chlamydia pecorum co-infections.",
   "publish_time": "2010 Jul 27",
   "authors": [
      "['Borel, Nicole', 'Dumrese, Claudia', 'Ziegler, Urs', 'Schifferli, Andrea', 'Kaiser, Carmen', 'Pospischil, Andreas']"
   ],
   "journal": "BMC Microbiol",
   "has_full_text": "True",
   "id": "2b0d5260ad731335898da719538d30d414a9e39f",
   "fhir_link": "Commercial/Composition/2b0d5260ad731335898da719538d30d414a9e39f.json"
}