{
   "sha": "57b8e034f902f2883dbbafaeef554cb2deb64963",
   "source_x": "PMC",
   "title": "Silver Nanoparticles Induce HePG-2 Cells Apoptosis Through ROS-Mediated Signaling Pathways",
   "doi": "10.1186/s11671-016-1419-4",
   "pmcid": "PMC4830774",
   "pubmed_id": "27075340",
   "license": "cc-by",
   "abstract": "Recently, silver nanoparticles (AgNPs) have been shown to provide a novel approach to overcome tumors, especially those of hepatocarcinoma. However, the anticancer mechanism of silver nanoparticles is unclear. Thus, the purpose of this study was to estimate the effect of AgNPs on proliferation and activation of ROS-mediated signaling pathway on human hepatocellular carcinoma HePG-2 cells. A simple chemical method for preparing AgNPs with superior anticancer activity has been showed in this study. AgNPs were detected by transmission electronic microscopy (TEM) and energy dispersive X-ray (EDX). The size distribution and zeta potential of silver nanoparticles were detected by Zetasizer Nano. The average size of AgNPs (2 nm) observably increased the cellular uptake by endocytosis. AgNPs markedly inhibited the proliferation of HePG-2 cells through induction of apoptosis with caspase-3 activation and PARP cleavage. AgNPs with dose-dependent manner significantly increased the apoptotic cell population (sub-G1). Furthermore, AgNP-induced apoptosis was found dependent on the overproduction of reactive oxygen species (ROS) and affecting of MAPKs and AKT signaling and DNA damage-mediated p53 phosphorylation to advance HePG-2 cells apoptosis. Therefore, our results show that the mechanism of ROS-mediated signaling pathways may provide useful information in AgNP-induced HePG-2 cell apoptosis.",
   "publish_time": "2016 Apr 14",
   "authors": [
      "Zhu, Bing",
      "Li, Yinghua",
      "Lin, Zhengfang",
      "Zhao, Mingqi",
      "Xu, Tiantian",
      "Wang, Changbing",
      "Deng, Ning"
   ],
   "journal": "Nanoscale Res Lett",
   "has_full_text": "True",
   "full_text_file": "comm_use_subset",
   "id": "https://doi.org/10.1186/s11671-016-1419-4",
   "pubtator": "PMC4830774",
   "fhir_link": [
      "Commercial/Composition/57b8e034f902f2883dbbafaeef554cb2deb64963"
   ]
}