{
   "source_x": "PMC",
   "title": "A role of apolipoprotein D in triglyceride metabolism",
   "doi": "http://dx.doi.org/10.1194/jlr.M001206",
   "pmcid": "PMC3035493",
   "abstract": "Apolipoproteins (apo) are constituents of lipoproteins crucial for lipid homeostasis. Aberrant expression of apolipoproteins is associated with metabolic abnormalities. Here we characterized apolipoprotein D (apoD) in triglyceride metabolism. Unlike canonical apolipoproteins that are mainly produced in the liver, apoD is an atypical apolipoprotein with broad tissue distribution. We show that circulating apoD is present mainly in HDL and, to a lesser extent, in LDL and VLDL and that its plasma levels were reduced in db/db mice with visceral obesity and altered lipid metabolism. Elevated apoD production, derived from adenovirus-mediated gene transfer, resulted in significant reduction in plasma triglyceride levels in mice. This effect was attributable to en\u00adhanced LPL activity and improved catabolism of triglyceride-rich particles. In contrast, VLDL triglyceride production remained unchanged in response to elevated apoD production. These findings were recapitulated in high-fat\u2013induced obese mice. Obese mice with elevated apoD production exhibited significantly improved triglyceride profiles, correlating with increased plasma LPL activity and enhanced postprandial fat tolerance. ApoD was shown to promote LPL-mediated hydrolysis of VLDL in vitro, correlating with its TG-lowering action in vivo. Apolipoprotein D plays a significant role in lipid metabolism. These data provide important clues to clinical observations that genetic variants of apoD are associated with abnormal lipid metabolism and increased risk of metabolic syndrome.",
   "authors": [
      "['Perdomo, German', 'Kim, Dae Hyun', 'Zhang, Ting', 'Qu, Shen', 'Thomas, Elizabeth A.', 'Toledo, Frederico G. S.', 'Slusher, Sandra', 'Fan, Yong', 'Kelley, David E.', 'Dong, H. Henry']"
   ],
   "id": "https://www.ncbi.nlm.nih.gov/pmc/articles/PMC3035493"
}