{
   "sha": "f39671c6a9f5a19d6db58094f4a8f07f6e036085",
   "source_x": "PMC",
   "title": "The host immune response in respiratory virus infection: balancing virus clearance and immunopathology",
   "doi": "10.1007/s00281-016-0558-0",
   "pmcid": "PMC4896975",
   "pubmed_id": "26965109",
   "license": "cc-by",
   "abstract": "The respiratory tract is constantly exposed to the external environment, and therefore, must be equipped to respond to and eliminate pathogens. Viral clearance and resolution of infection requires a complex, multi-faceted response initiated by resident respiratory tract cells and innate immune cells and ultimately resolved by adaptive immune cells. Although an effective immune response to eliminate viral pathogens is essential, a prolonged or exaggerated response can damage the respiratory tract. Immune-mediated pulmonary damage is manifested clinically in a variety of ways depending on location and extent of injury. Thus, the antiviral immune response represents a balancing act between the elimination of virus and immune-mediated pulmonary injury. In this review, we highlight major components of the host response to acute viral infection and their role in contributing to mitigating respiratory damage. We also briefly describe common clinical manifestations of respiratory viral infection and morphological correlates. The continuing threat posed by pandemic influenza as well as the emergence of novel respiratory viruses also capable of producing severe acute lung injury such as SARS-CoV, MERS-CoV, and enterovirus D68, highlights the need for an understanding of the immune mechanisms that contribute to virus elimination and immune-mediated injury.",
   "publish_time": "2016 Mar 10",
   "authors": [
      "Newton, Amy H.",
      "Cardani, Amber",
      "Braciale, Thomas J."
   ],
   "journal": "Semin Immunopathol",
   "has_full_text": "True",
   "full_text_file": "comm_use_subset",
   "id": "https://doi.org/10.1007/s00281-016-0558-0",
   "pubtator": "PMC4896975",
   "fhir_link": [
      "Commercial/Composition/f39671c6a9f5a19d6db58094f4a8f07f6e036085"
   ]
}