{
   "source_x": "PMC",
   "title": "Cell replacement therapies to promote remyelination in a viral model of demyelination",
   "doi": "http://dx.doi.org/10.1016/j.jneuroim.2010.05.013",
   "pmcid": "PMC2919340",
   "abstract": "Persistent infection of the central nervous system (CNS) of mice with the neuroadapted JHM strain of mouse hepatitis (MHV) is characterized by ongoing demyelination mediated by inflammatory T cells and macrophages that is similar both clinically and histologically with the human demyelinating disease multiple sclerosis (MS). Although extensive demyelination occurs in mice persistently-infected with MHV there is only limited remyelination. Therefore, the MHV model of demyelination is a relevant model for studying disease and evaluating therapeutic approaches to protect cells of the oligodendrocyte lineage and promote remyelination. This concept is further highlighted as the etiology of MS remains enigmatic, but viruses have long been considered as potential triggering agents in initiating and/or maintaining MS symptoms. As such, understanding mechanisms associated with promoting repair within the CNS in the context of a persistent viral infection is critical given the possible viral eitiology of MS. This review focuses on recent studies using either mouse neural stem cells (NSCs) or human oligodendrocyte progenitor cells (OPCs) derived from human embryonic stem cell (hESCs) to promote remyelination in mice persistently infected with MHV. In addition, the potential role for chemokines in positional migration of transplanted cells is addressed.",
   "authors": [
      "['Tirotta, Emanuele', 'Carbajal, Kevin S.', 'Schaumburg, Chris S.', 'Whitman, Lucia', 'Lane, Thomas E.']"
   ],
   "id": "https://www.ncbi.nlm.nih.gov/pmc/articles/PMC2919340"
}