{
   "sha": "714e40f88f6e629f0f63574ec52ea967aeee4065",
   "source_x": "PMC",
   "title": "Cryo-electron Microscopy Structure of the Native Prototype Foamy Virus Glycoprotein and Virus Architecture",
   "doi": "10.1371/journal.ppat.1005721",
   "pmcid": "PMC4939959",
   "pubmed_id": "27399201",
   "license": "cc-by",
   "abstract": "Foamy viruses (FV) belong to the genus Spumavirus, which forms a distinct lineage in the Retroviridae family. Although the infection in natural hosts and zoonotic transmission to humans is asymptomatic, FVs can replicate well in human cells making it an attractive gene therapy vector candidate. Here we present cryo-electron microscopy and (cryo-)electron tomography ultrastructural data on purified prototype FV (PFV) and PFV infected cells. Mature PFV particles have a distinct morphology with a capsid of constant dimension as well as a less ordered shell of density between the capsid and the membrane likely formed by the Gag N-terminal domain and the cytoplasmic part of the Env leader peptide gp18(LP). The viral membrane contains trimeric Env glycoproteins partly arranged in interlocked hexagonal assemblies. In situ 3D reconstruction by subtomogram averaging of wild type Env and of a Env gp48(TM)- gp80(SU) cleavage site mutant showed a similar spike architecture as well as stabilization of the hexagonal lattice by clear connections between lower densities of neighboring trimers. Cryo-EM was employed to obtain a 9 \u00c5 resolution map of the glycoprotein in its pre-fusion state, which revealed extensive trimer interactions by the receptor binding subunit gp80(SU) at the top of the spike and three central helices derived from the fusion protein subunit gp48(TM). The lower part of Env, presumably composed of interlaced parts of gp48(TM), gp80(SU) and gp18(LP) anchors the spike at the membrane. We propose that the gp48(TM) density continues into three central transmembrane helices, which interact with three outer transmembrane helices derived from gp18(LP). Our ultrastructural data and 9 \u00c5 resolution glycoprotein structure provide important new insights into the molecular architecture of PFV and its distinct evolutionary relationship with other members of the Retroviridae.",
   "publish_time": "2016 Jul 11",
   "authors": [
      "Effantin, Gr\u00e9gory",
      "Estrozi, Leandro F.",
      "Aschman, Nick",
      "Renesto, Patricia",
      "Stanke, Nicole",
      "Lindemann, Dirk",
      "Schoehn, Guy",
      "Weissenhorn, Winfried"
   ],
   "journal": "PLoS Pathog",
   "has_full_text": "True",
   "full_text_file": "comm_use_subset",
   "id": "https://doi.org/10.1371/journal.ppat.1005721",
   "pubtator": "PMC4939959",
   "fhir_link": [
      "Commercial/Composition/714e40f88f6e629f0f63574ec52ea967aeee4065"
   ]
}