{
   "source_x": "PMC",
   "title": "Evaluation of New Rapid Antigen Test for Detection of Pandemic Influenza A/H1N1 2009 Virus",
   "doi": "http://dx.doi.org/10.1128/JCM.02392-09",
   "pmcid": "PMC2884507",
   "abstract": "We evaluated the SD Bioline Influenza Ag A/B/A(H1N1) Pandemic test kit and compared it with real-time reverse transcriptase PCR (RT-PCR) for its ability to detect H1N1 2009. The sensitivity and specificity of the test kit for H1N1 2009 were 77% and 100%, respectively.",
   "authors": [
      "['Choi, Young Jin', 'Kim, Hwi Jun', 'Park, Joon Soo', 'Oh, Myung Ho', 'Nam, Hae Seon', 'Kim, Yong Bae', 'Cho, Byung Ki', 'Ji, Mi Jung', 'Oh, Jin Sik']"
   ],
   "id": "https://www.ncbi.nlm.nih.gov/pmc/articles/PMC2884507"
}