{
   "source_x": "PMC",
   "title": "Receptor mimicry as novel therapeutic treatment for biothreat agents",
   "doi": "http://dx.doi.org/10.4161/bbug.1.1.10049",
   "pmcid": "PMC3035151",
   "abstract": "The specter of intentional release of pathogenic microbes and their toxins is a real threat. This article reviews the literature on adhesins of biothreat agents, their interactions with oligosaccharides and the potential for anti-adhesion compounds as an alternative to conventional therapeutics. The minimal binding structure of ricin has been well characterised and offers the best candidate for successful anti-adhesion therapy based on the Gal\u03b21-4GlcNAc structure. The botulinum toxin serotypes A\u2013F bind to a low number of gangliosides (GT1b, GQ1b, GD1a and GD1b) hence it should be possible to determine the minimal structure for binding. The minimal disaccharide sequence of GalNAc\u03b21-4Gal found in the gangliosides asialo-GM1 and asialo-GM2 is required for adhesion for many respiratory pathogens. Although a number of adhesins have been identified in bacterial biothreat agents such as Yersinia pestis, Bacillus anthracis, Francisella tularensis, Brucella species and Burkholderia pseudomallei, specific information regarding their in vivo expression during pneumonic infection is lacking. Limited oligosaccharide inhibition studies indicate the potential of GalNAc\u03b21-4Gal, GalNAc\u03b2-3Gal and the hydrophobic compound, para-nitrophenol as starting points for the rational design of generic anti-adhesion compounds. A cocktail of multivalent oligosaccharides based on the minimal binding structures of identified adhesins would offer the best candidates for anti-adhesion therapy.",
   "authors": [
      "Thomas, Richard J"
   ],
   "id": "https://www.ncbi.nlm.nih.gov/pmc/articles/PMC3035151"
}