{
   "source_x": "PMC",
   "title": "Exploring Peptide Mimics for the Production of Antibodies Against Discontinuous Protein Epitopes",
   "doi": "http://dx.doi.org/10.1016/j.molimm.2009.10.015",
   "pmcid": "PMC2821332",
   "abstract": "Peptide \u201cmimics\u201d (mimotopes) of linear protein epitopes and carbohydrate epitopes have been successfully used as immunogens to elicit cross-reactive antibodies against their cognate epitopes; however, immunogenic mimicry has been difficult to achieve for discontinuous protein epitopes. To explore this, we developed from phage-displayed peptide libraries optimized peptide mimics for three well-characterized discontinuous epitopes on hen egg lysozyme and horse cytochrome C. The peptides competed with their cognate antigens for antibody binding, displayed affinities in the nM range, and shared critical binding residues with their native epitopes. Yet, while immunogenic, none of the peptides elicited antibodies that cross-reacted with their cognate antigens. We analyzed the 3-D structure of the site within each discontinuous epitope that shared critical binding residues with its peptide mimic, and observed that in each case it formed a ridge-like patch on the epitope; in no case did it cover most or all of the epitope. Thus, the peptides\u2019 lack of immunogenic mimicry could be attributed to their inability to recapitulate the topological features of their cognate epitopes. Our results suggest that direct peptide immunizations are not a practical strategy for generating targeted antibody responses against discontinuous epitopes.",
   "authors": [
      "['Irving, Melita B.', 'Craig, Lisa', 'Menendez, Alfredo', 'Gangadhar, Beechanahalli P.', 'Montero, Marinieve', 'van Houten, Nienke E.', 'Scott, Jamie K.']"
   ],
   "id": "https://www.ncbi.nlm.nih.gov/pmc/articles/PMC2821332"
}