{
   "sha": "891be4e9dc60d9b0c9ff79d35e11576ceeb8a592",
   "source_x": "PMC",
   "title": "Role of Antioxidants and Natural Products in Inflammation",
   "doi": "10.1155/2016/5276130",
   "pmcid": "PMC5075620",
   "pubmed_id": "27803762",
   "license": "cc-by",
   "abstract": "Inflammation is a comprehensive array of physiological response to a foreign organism, including human pathogens, dust particles, and viruses. Inflammations are mainly divided into acute and chronic inflammation depending on various inflammatory processes and cellular mechanisms. Recent investigations have clarified that inflammation is a major factor for the progression of various chronic diseases/disorders, including diabetes, cancer, cardiovascular diseases, eye disorders, arthritis, obesity, autoimmune diseases, and inflammatory bowel disease. Free radical productions from different biological and environmental sources are due to an imbalance of natural antioxidants which further leads to various inflammatory associated diseases. In this review article, we have outlined the inflammatory process and its cellular mechanisms involved in the progression of various chronic modern human diseases. In addition, we have discussed the role of free radicals-induced tissue damage, antioxidant defence, and molecular mechanisms in chronic inflammatory diseases/disorders. The systematic knowledge regarding the role of inflammation and its associated adverse effects can provide a clear understanding in the development of innovative therapeutic targets from natural sources that are intended for suppression of various chronic inflammations associated diseases.",
   "publish_time": "2016 Oct 10",
   "authors": [
      "Arulselvan, Palanisamy",
      "Fard, Masoumeh Tangestani",
      "Tan, Woan Sean",
      "Gothai, Sivapragasam",
      "Fakurazi, Sharida",
      "Norhaizan, Mohd Esa",
      "Kumar, S. Suresh"
   ],
   "journal": "Oxid Med Cell Longev",
   "has_full_text": "True",
   "full_text_file": "comm_use_subset",
   "id": "https://doi.org/10.1155/2016/5276130",
   "pubtator": "PMC5075620",
   "fhir_link": [
      "Commercial/Composition/891be4e9dc60d9b0c9ff79d35e11576ceeb8a592"
   ]
}