{
   "sha": "92af993d895fbe5ec7c8ba631624b1a66171a7c8",
   "source_x": "PMC",
   "title": "Screening and Identification of APOC1 as a Novel Potential Biomarker for Differentiate of Mycoplasma pneumoniae in Children",
   "doi": "10.3389/fmicb.2016.01961",
   "pmcid": "PMC5156883",
   "pubmed_id": "28018301",
   "license": "cc-by",
   "abstract": "Background: Although Mycoplasma pneumoniae (MP) is a common cause of community-acquired pneumonia (CAP) in children, the currently used diagnostic methods are not optimal. Proteomics is increasingly being used to study the biomarkers of infectious diseases. Methods: Label-free quantitative proteomics and liquid chromatography-mass/mass spectrometry were used to analyze the fold change of protein expression in plasma of children with MP pneumonia (MPP), infectious disease control (IDC), and healthy control (HC) groups. Selected proteins that can distinguish MPP from HC and IDC were further validated by enzyme-linked immunosorbent assay (ELISA). Results: After multivariate analyses, 27 potential plasma biomarkers were identified to be expressed differently among child MPP, HC, and IDC groups. Among these proteins, SERPINA3, APOC1, ANXA6, KNTC1, and CFLAR were selected for ELISA verification. SERPINA3, APOC1, and CFLAR levels were significantly different among the three groups and the ratios were consistent with the trends of proteomics results. A comparison of MPP patients and HC showed APOC1 had the largest area under the curve (AUC) of 0.853, with 77.6% sensitivity and 81.1% specificity. When APOC1 levels were compared between MPP and IDC patients, it also showed a relatively high AUC of 0.882, with 77.6% sensitivity and 85.3% specificity. Conclusion: APOC1 is a potential biomarker for the rapid and noninvasive diagnosis of MPP in children. The present finding may offer new insights into the pathogenesis and biomarker selection of MPP in children.",
   "publish_time": "2016 Dec 15",
   "authors": [
      "Li, Jieqiong",
      "Sun, Lin",
      "Xu, Fang",
      "Qi, Hui",
      "Shen, Chen",
      "Jiao, Weiwei",
      "Xiao, Jing",
      "Li, Qinjing",
      "Xu, Baoping",
      "Shen, Adong"
   ],
   "journal": "Front Microbiol",
   "has_full_text": "True",
   "full_text_file": "comm_use_subset",
   "id": "https://doi.org/10.3389/fmicb.2016.01961",
   "pubtator": "PMC5156883",
   "fhir_link": [
      "Commercial/Composition/92af993d895fbe5ec7c8ba631624b1a66171a7c8"
   ]
}