{
   "source_x": "PMC",
   "title": "Interferon priming enables cells to partially overturn the SARS coronavirus-induced block in innate immune activation",
   "doi": "http://dx.doi.org/10.1099/vir.0.013599-0",
   "pmcid": "PMC2888313",
   "abstract": "SARS coronavirus (SARS-CoV) is known to efficiently suppress the induction of antiviral type I interferons (IFN-\u03b1/\u03b2) in non-lymphatic cells through inhibition of the transcription factor IRF-3. Plasmacytoid dendritic cells, in contrast, respond to infection with production of high levels of IFNs. Here, we show that pretreatment of non-lymphatic cells with small amounts of IFN-\u03b1 (IFN priming) partially overturns the block in IFN induction imposed by SARS-CoV. IFN priming combined with SARS-CoV infection substantially induced genes for IFN induction, IFN signalling, antiviral effector proteins, ubiquitination and ISGylation, antigen presentation and other cytokines and chemokines, whereas each individual treatment had no major effect. Curiously, however, despite this typical IFN response, neither IRF-3 nor IRF-7 was transported to the nucleus as a sign of activation. Taken together, our results suggest that (i) IFN, as it is produced by plasmacytoid dendritic cells, could enable tissue cells to launch a host response to SARS-CoV, (ii) IRF-3 and IRF-7 may be active at subdetectable levels, and (iii) SARS-CoV does not activate IRF-7.",
   "authors": [
      "['Kuri, Thomas', 'Zhang, Xiaonan', 'Habjan, Matthias', 'Mart\u00ednez-Sobrido, Luis', 'Garc\u00eda-Sastre, Adolfo', 'Yuan, Zhenghong', 'Weber, Friedemann']"
   ],
   "id": "https://www.ncbi.nlm.nih.gov/pmc/articles/PMC2888313"
}