{
   "source_x": "PMC",
   "title": "Prevalence of bovine viral diarrhea virus (BVDV) in persistently infected cattle and BVDV subtypes in affected cattle in beef herds in south central United States",
   "pmcid": "PMC2757709",
   "abstract": "The prevalence of bovine viral diarrhea virus (BVDV) in persistently infected (PI) cattle in beef breeding herds was determined using 30 herds with 4530 calves. The samples were collected by ear notches and tested for BVDV antigens using immunohistochemistry (IHC) and antigen capture enzyme-linked immunosorbent assay (ACE). Animals with initial positives on both IHC and ACE were sampled again using both tests and serums were collected for viral propagation and sequencing of a viral genomic region, 5\u2032-untranslated region (5\u2032-UTR) for viral subtyping. Samples were also collected from the dams of PI calves. There were 25 PI calves from 4530 samples (0.55%) and these PI calves were from 5 of the 30 herds (16.7%). Two herds had multiple PI calves and 3 herds had only 1 PI calf. Only 1 of the 25 dams with a PI calf was also PI (4.0%). The subtype of all the PI isolates was BVDV1b. Histories of the ranches indicated 23 out of 30 had herd additions of untested breeding females. Twenty-four of the 30 herds had adult cowherd vaccinations against BVDV, primarily using killed BVDV vaccines at pregnancy examination.",
   "authors": [
      "['Fulton, Robert W.', 'Whitley, Evan M.', 'Johnson, Bill J.', 'Ridpath, Julia F.', 'Kapil, Sanjay', 'Burge, Lurinda J.', 'Cook, Billy J.', 'Confer, Anthony W.']"
   ],
   "id": "https://www.ncbi.nlm.nih.gov/pmc/articles/PMC2757709"
}