{
   "sha": "c6bfe832f2dd36a5c86f548138c96883ce0f46b7",
   "source_x": "PMC",
   "title": "The pathogens profile in children with otitis media with effusion and adenoid hypertrophy",
   "doi": "10.1371/journal.pone.0171049",
   "pmcid": "PMC5322954",
   "pubmed_id": "28231295",
   "license": "cc-by",
   "abstract": "OBJECTIVES: To evaluate the presence of viruses and bacteria in middle ear and adenoids of patients with and without otitis media with effusion (OME). METHODS: Adenoid samples and middle ear washes (MEW) were obtained from children with OME associated with adenoid hypertrophy undergoing adenoidectomy and tympanostomy, and compared to those obtained from patients undergoing cochlear implant surgery, as a control group. Specific DNA or RNA of 9 respiratory viruses (rhinovirus, influenza virus, picornavirus, syncytial respiratory virus, metapneumovirus, coronavirus, enterovirus, adenovirus and bocavirus) and 5 bacteria (S. pneumoniae, H. influenzae, M. catarrhalis, P. aeruginosa and S. aureus) were extracted and quantified by real-time PCR. RESULTS: 37 OME and 14 cochlear implant children were included in the study. At the adenoid, virus and bacteria were similarly detected in both OME and control patients. At the middle ear washes, however, a higher prevalence of bacteria was observed in patients with OME (p = 0.01). S. pneumoniae (p = 0.01) and M. catarrhalis (p = 0.022) were the bacteria responsible for this difference. Although total virus detection was not statistically different from controls at the middle ear washes (p = 0.065), adenovirus was detected in higher proportions in adenoid samples of OME patients than controls (p = 0.019). CONCLUSIONS: Despite both OME and control patients presented similar rates of viruses and bacteria at the adenoid, children with OME presented higher prevalence of S. pneumonia, M. catarrhalis in middle ear and adenovirus in adenoids when compared to controls. These findings could suggest that these pathogens could contribute to the fluid persistence in the middle ear.",
   "publish_time": "2017 Feb 23",
   "authors": [
      "Buzatto, G. P.",
      "Tamashiro, E.",
      "Proenca-Modena, J. L.",
      "Saturno, T. H.",
      "Prates, M. C.",
      "Gagliardi, T. B.",
      "Carenzi, L. R.",
      "Massuda, E. T.",
      "Hyppolito, M. A.",
      "Valera, F. C. P.",
      "Arruda, E.",
      "Anselmo-Lima, W. T."
   ],
   "journal": "PLoS One",
   "has_full_text": "True",
   "full_text_file": "comm_use_subset",
   "id": "https://doi.org/10.1371/journal.pone.0171049",
   "pubtator": "PMC5322954",
   "fhir_link": [
      "Commercial/Composition/c6bfe832f2dd36a5c86f548138c96883ce0f46b7"
   ]
}