{
   "source_x": "PMC",
   "title": "The Influenza Virus Enigma",
   "doi": "http://dx.doi.org/10.1016/j.cell.2009.01.029",
   "pmcid": "PMC2971533",
   "abstract": "Both seasonal and pandemic influenza continue to challenge both scientists and clinicians. Drug-resistant H1N1 influenza viruses have dominated the 2009 flu season, and the H5N1 avian influenza virus continues to kill both people and poultry in Eurasia. Here, we discuss the pathogenesis and transmissibility of influenza viruses and we emphasize the need to find better predictors of both seasonal and potentially pandemic influenza.",
   "authors": [
      "['Salomon, Rachelle', 'Webster, Robert G.']"
   ],
   "id": "https://www.ncbi.nlm.nih.gov/pmc/articles/PMC2971533"
}