{
   "source_x": "PMC",
   "title": "Autophagy, antiviral immunity, and viral countermeasures",
   "doi": "http://dx.doi.org/10.1016/j.bbamcr.2009.02.008",
   "pmcid": "PMC2739265",
   "abstract": "The autophagy pathway likely evolved not only to maintain cellular and tissue homeostasis but also to protect cells against microbial attack. This conserved mechanism by which cytoplasmic cargo is delivered to the endolysosomal system is now recognized as a central player in coordinating the host response to diverse intracellular pathogens, including viruses. As an endolysosomal delivery system, autophagy functions in the transfer of viruses from the cytoplasm to the lysosome where they are degraded, in the transfer of viral nucleic acids to endosomal sensors for the activation of innate immunity, and in the transfer of endogenous viral antigens to MHC class II compartments for the activation of adaptive immunity. Viruses have, in turn, evolved different strategies to antagonize, and potentially, to exploit the host autophagic machinery. Moreover, through mechanisms not yet well understood, autophagy may dampen host innate immune and inflammatory responses to viral infection. This review highlights the roles of autophagy in antiviral immunity, viral strategies to evade autophagy, and potential negative feedback functions of autophagy in the host antiviral response.",
   "authors": [
      "['Shoji-Kawata, Sanae', 'Levine, Beth']"
   ],
   "id": "https://www.ncbi.nlm.nih.gov/pmc/articles/PMC2739265"
}