{
   "source_x": "PMC",
   "title": "Translation Elongation Factor 1A is a component of the tombusvirus replicase complex and affects the stability of the p33 replication co-factor",
   "doi": "http://dx.doi.org/10.1016/j.virol.2008.11.041",
   "pmcid": "PMC2785496",
   "abstract": "Host RNA-binding proteins are likely to play multiple, integral roles during replication of plus-strand RNA viruses. To identify host proteins that bind to viral RNAs, we took a global approach based on the yeast proteome microarray, which contains 4080 purified yeast proteins. The biotin-labeled RNA probes included two distantly related RNA viruses, namely Tomato bushy stunt virus (TBSV) and Brome mosaic virus (BMV). Altogether, we have identified 57 yeast proteins that bound to TBSV RNA and/or BMV RNA. Among the identified host proteins, eleven bound to TBSV RNA and seven bound to BMV RNA with high selectivity, whereas the remaining 39 host proteins bound to both viral RNAs. The interaction between the TBSV replicon RNA and five of the identified host proteins were confirmed via gel-mobility shift and co-purification experiments from yeast. Over-expression of the host proteins in yeast, a model host for TBSV, revealed that 4 host proteins that enhanced TBSV replication as well as 14 proteins that inhibited replication. Detailed analysis of one of the identified yeast proteins binding to TBSV RNA, namely translation elongation factor eEF1A, revealed that it is present in the highly purified tombusvirus replicase complex. We also demonstrate binding of eEF1A to the p33 replication protein and a known cis-acting element at the 3\u2032 end of TBSV RNA. Using a functional mutant of eEF1A, we provide evidence on the involvement of eEF1A in TBSV replication.",
   "authors": [
      "['Li, Zhenghe', 'Pogany, Judit', 'Panavas, Tadas', 'Xu, Kai', 'Esposito, Anthony M.', 'Kinzy, Terri Gross', 'Nagy, Peter D.']"
   ],
   "id": "https://www.ncbi.nlm.nih.gov/pmc/articles/PMC2785496"
}