{
   "source_x": "PMC",
   "title": "Immunity from Smallpox Vaccine Persists for Decades: A Longitudinal Study",
   "doi": "http://dx.doi.org/10.1016/j.amjmed.2008.08.019",
   "pmcid": "PMC2610468",
   "abstract": "PURPOSE: The threat of smallpox resulting from bioterrorist action has prompted a reassessment of the level of immunity in current populations. METHODS: We have examined the magnitude and duration of antiviral antibody immunity conferred by smallpox vaccination in 246 participants of the Baltimore Longitudinal Study of Aging. Of this population, 209 subjects were vaccinated one or more times 13 to 88 years before this evaluation, and stored serum samples were available at various intervals after vaccination. An additional 8 subjects who had documented childhood smallpox infection and 29 subjects with no history of infection or vaccination were included. We quantified the total vaccinia IgG and neutralizing antibody titers in each of these subgroups of participants over time. RESULTS: Vaccinated participants maintained antivaccinia IgG and neutralizing antibody titers above 3 natural logs essentially indefinitely. The absolute titer of antivaccinia antibody was only slightly higher after multiple vaccinations. In 97% of the participants, no decrease in vaccinia-specific antibody titers was noted with age over a follow-up period of up to 88 years. Moreover, Baltimore Longitudinal Study of Aging participants who survived active smallpox infections in their youth retained antivaccinia antibody titers that were similar to the levels detected in vaccinated subjects. CONCLUSION: These data suggest that multiple or recent vaccinations are not essential to maintain vaccinia-specific antibody responses in human subjects. Scarce vaccine supplies should be applied first to individuals who have not previously been vaccinated.",
   "authors": [
      "['Taub, Dennis D.', 'Ershler, William B.', 'Janowski, Mark', 'Artz, Andrew', 'Key, Michael L.', 'McKelvey, Julie', 'Muller, Denis', 'Moss, Bernard', 'Ferrucci, Luigi', 'Duffey, Patricia L.', 'Longo, Dan L.']"
   ],
   "id": "https://www.ncbi.nlm.nih.gov/pmc/articles/PMC2610468"
}