{
   "source_x": "PMC",
   "title": "DNA Polymerases as Therapeutic Targets",
   "doi": "http://dx.doi.org/10.1021/bi801179f",
   "pmcid": "PMC2692436",
   "abstract": "Numerous pathological states including cancer, autoimmune diseases, and viral/bacterial infections are often attributed to uncontrollable DNA replication. Inhibiting this essential biological process provides an obvious therapeutic target against these diseases. A logical target is the DNA polymerase, the enzyme responsible for catalyzing the addition of mononucleotides into a growing polymer using a DNA or RNA template as a guide for directing each incorporation event. This review provides a summary of therapeutic agents that target polymerase activity. A discussion of the biological function and mechanism of polymerases is first provided to illustrate the strategy for therapeutic intervention as well as the rational design of various nucleoside analogs that inhibit various polymerases associated with viral infections and cancer. The development of nucleoside and non-nucleoside inhibitors as anti-viral agents is discussed with particular emphasis on their mechanism of action, structure-activity relationships, toxicity, and mechanism of resistance. In addition, commonly used anti-cancer agents are described to illustrate the similarities and differences associated with various nucleoside analogs as therapeutic agents. Finally, new therapeutic approaches are discussed that include the inhibition of selective polymerases involved in DNA repair and/or translesion DNA synthesis as anti-cancer agents.",
   "authors": [
      "Berdis, Anthony J."
   ],
   "id": "https://www.ncbi.nlm.nih.gov/pmc/articles/PMC2692436"
}