{
   "sha": "b936109e0b0de2cb59b2ed271614bb710e8e04af",
   "source_x": "PMC",
   "title": "Thermal Image Scanning for Influenza Border Screening: Results of an Airport Screening Study",
   "doi": "http://dx.doi.org/10.1371/journal.pone.0014490",
   "pmcid": "PMC3016318",
   "pubmed_id": "21245928",
   "license": "CC BY",
   "abstract": "BACKGROUND: Infrared thermal image scanners (ITIS) appear an attractive option for the mass screening of travellers for influenza, but there are no published data on their performance in airports. METHODS: ITIS was used to measure cutaneous temperature in 1275 airline travellers who had agreed to tympanic temperature measurement and respiratory sampling. The prediction by ITIS of tympanic temperature (37.8\u00b0C and 37.5\u00b0C) and of influenza infection was assessed using Receiver Operating Characteristic (ROC) curves and estimated sensitivity, specificity and positive predictive value (PPV). FINDINGS: Using front of face ITIS for prediction of tympanic temperature \u226537.8\u00b0C, the area under the ROC curve was 0.86 (95%CI 0.75\u20130.97) and setting sensitivity at 86% gave specificity of 71%. The PPV in this population of travellers, of whom 0.5% were febrile using this definition, was 1.5%. We identified influenza virus infection in 30 travellers (3 Type A and 27 Type B). For ITIS prediction of influenza infection the area under the ROC curve was 0.66 (0.56\u20130.75), a sensitivity of 87% gave specificity of 39%, and PPV of 2.8%. None of the 30 influenza-positive travellers had tympanic temperature \u226537.8\u00b0C at screening (95%CI 0% to 12%); three had no influenza symptoms. CONCLUSION: ITIS performed moderately well in detecting fever but in this study, during a seasonal epidemic of predominantly influenza type B, the proportion of influenza-infected travellers who were febrile was low and ITIS were not much better than chance at identifying travellers likely to be influenza-infected. Although febrile illness is more common in influenza A infections than influenza B infections, many influenza A infections are afebrile. Our findings therefore suggest that ITIS is unlikely to be effective for entry screening of travellers to detect influenza infection with the intention of preventing entry of the virus into a country.",
   "publish_time": "2011 Jan 5",
   "authors": [
      "['Priest, Patricia C.', 'Duncan, Alasdair R.', 'Jennings, Lance C.', 'Baker, Michael G.']"
   ],
   "journal": "PLoS One",
   "has_full_text": "True",
   "id": "b936109e0b0de2cb59b2ed271614bb710e8e04af",
   "fhir_link": "Commercial/Composition/b936109e0b0de2cb59b2ed271614bb710e8e04af.json"
}