{
   "sha": "125b3f6dd69d07e5dac7fa45b6567008bd1244ae",
   "source_x": "PMC",
   "title": "Hazard Characterization of Modified Vaccinia Virus Ankara Vector: What Are the Knowledge Gaps?",
   "doi": "10.3390/v9110318",
   "pmcid": "PMC5707525",
   "pubmed_id": "29109380",
   "license": "cc-by",
   "abstract": "Modified vaccinia virus Ankara (MVA) is the vector of choice for human and veterinary applications due to its strong safety profile and immunogenicity in vivo. The use of MVA and MVA-vectored vaccines against human and animal diseases must comply with regulatory requirements as they pertain to environmental risk assessment, particularly the characterization of potential adverse effects to humans, animals and the environment. MVA and recombinant MVA are widely believed to pose low or negligible risk to ecosystem health. However, key aspects of MVA biology require further research in order to provide data needed to evaluate the potential risks that may occur due to the use of MVA and MVA-vectored vaccines. The purpose of this paper is to identify knowledge gaps in the biology of MVA and recombinant MVA that are of relevance to its hazard characterization and discuss ongoing and future experiments aimed at providing data necessary to fill in the knowledge gaps. In addition, we presented arguments for the inclusion of uncertainty analysis and experimental investigation of verifiable worst-case scenarios in the environmental risk assessment of MVA and recombinant MVA. These will contribute to improved risk assessment of MVA and recombinant MVA vaccines.",
   "publish_time": "2017 Oct 29",
   "authors": [
      "Okeke, Malachy I.",
      "Okoli, Arinze S.",
      "Diaz, Diana",
      "Offor, Collins",
      "Oludotun, Taiwo G.",
      "Tryland, Morten",
      "B\u00f8hn, Thomas",
      "Moens, Ugo"
   ],
   "journal": "Viruses",
   "has_full_text": "True",
   "full_text_file": "comm_use_subset",
   "id": "https://doi.org/10.3390/v9110318",
   "pubtator": "PMC5707525",
   "fhir_link": [
      "Commercial/Composition/125b3f6dd69d07e5dac7fa45b6567008bd1244ae"
   ]
}