{
   "source_x": "PMC",
   "title": "Intervening to Reduce Inequalities in Infections in Europe",
   "doi": "http://dx.doi.org/10.2105/AJPH.2007.120329",
   "pmcid": "PMC2374832",
   "abstract": "The European Centre for Disease Prevention and Control was founded in response to newly emerging infections such as severe acute respiratory syndrome and avian influenza. However, Europe faces other communicable disease challenges that have proven to be remarkably resilient to public health interventions. We present examples of communicable diseases with inequitable distribution among those with poor educational attainment, low income, or other socioeconomic factors in every European country. Because these findings are incompatible with social justice and fairness, we examine strategic interventions targeting upstream causes of communicable disease transmission keeping in mind 10 indispensable public health functions essential to reach marginalized groups. These interventions have to be tailored to the socio-political context and rely on community-based decision-making and intersectorial collaboration.",
   "authors": [
      "['Semenza, Jan C.', 'Giesecke, Johan']"
   ],
   "id": "https://www.ncbi.nlm.nih.gov/pmc/articles/PMC2374832"
}