{
   "sha": "1763110ecc1742f6158f410a0c4f0b923118fd79",
   "source_x": "PMC",
   "title": "The Ras\u2013PI3K Signaling Pathway Is Involved in Clathrin-Independent Endocytosis and the Internalization of Influenza Viruses",
   "doi": "http://dx.doi.org/10.1371/journal.pone.0016324",
   "pmcid": "PMC3024431",
   "pubmed_id": "21283725",
   "license": "CC BY",
   "abstract": "BACKGROUND: Influenza virus infection causes highly contagious, severe respiratory disorders and gives rise to thousands of deaths every year; however, the efficacy of currently approved defense strategies, including vaccines and neuraminidase inhibitors, is limited because the virus frequently acquires resistance via antigen drift and reassortment. It is therefore important to establish a novel, effective therapeutic strategy that is effective irrespective of viral subtype. METHODOLOGY/PRINCIPAL FINDINGS: Here, we identify the Ras\u2013phosphoinositide 3-kinase (PI3K) signaling pathway as a host-cell regulatory mechanism for influenza virus entry. The binding of Ras to PI3K is specifically involved in clathrin-independent endocytosis, endosomal maturation, and intracellular transport of viruses, which result in decreased infectious efficacy of different subtypes of influenza viruses in cells lacking the Ras\u2013PI3K interaction. Moreover, influenza virus infection indeed triggered Ras activation and subsequent PI3K activation in early endosomes. CONCLUSIONS/SIGNIFICANCE: Taken together, these results demonstrate that the Ras\u2013PI3K signaling axis acts as a host-oriented mechanism for viral internalization. Given that virus incorporation is a process conserved among virus subtypes and species, this signaling pathway may provide a target for potent, well-tolerated prophylactics and therapeutics against a broad range of viruses.",
   "publish_time": "2011 Jan 20",
   "authors": [
      "['Fujioka, Yoichiro', 'Tsuda, Masumi', 'Hattori, Tomoe', 'Sasaki, Junko', 'Sasaki, Takehiko', 'Miyazaki, Tadaaki', 'Ohba, Yusuke']"
   ],
   "journal": "PLoS One",
   "has_full_text": "True",
   "id": "1763110ecc1742f6158f410a0c4f0b923118fd79",
   "fhir_link": "Commercial/Composition/1763110ecc1742f6158f410a0c4f0b923118fd79"
}