{
   "source_x": "PMC",
   "title": "An optimized electrofusion-based protocol for generating virus-specific human monoclonal antibodies",
   "doi": "http://dx.doi.org/10.1016/j.jim.2008.04.008",
   "pmcid": "PMC2519117",
   "abstract": "We sought to develop and optimize a hybridoma-based technology for generating human hybridomas that secrete virus-specific monoclonal antibodies for clinical diagnosis and therapy. We developed a novel electrofusion protocol for efficiently fusing Epstein-Barr virus (EBV)-transformed human B cells with myeloma partners. We tested seven myeloma cell lines and achieved highest efficiency when the HMMA 2.5 line was used. We optimized the electrofusion process by improving cell treatments before and after electrofusion as well as varying cell ratios, fusion medium and other experimental parameters. Our fusion efficiency increased remarkably to 0.43%, a significant improvement over the efficiency of previous PEG-based or other electrofusion methods. Using the optimized protocol, we obtained human hybridomas that secrete fully human monoclonal antibodies against two major human respiratory pathogens: respiratory syncytial virus (RSV) and an influenza H3N2 vaccine virus strain. In conclusion, we have developed an efficient and routine approach for the generation of human hybridomas secreting functional human virus-specific monoclonal antibodies.",
   "authors": [
      "['Yu, Xiaocong', 'McGraw, Patricia A.', 'House, Frances S.', 'Crowe, James E.']"
   ],
   "id": "https://www.ncbi.nlm.nih.gov/pmc/articles/PMC2519117"
}