{
   "source_x": "PMC",
   "title": "Hematopoietic cell transplantation provides an immune-tolerant platform for myoblast transplantation in dystrophic dogs",
   "doi": "http://dx.doi.org/10.1038/mt.2008.102",
   "pmcid": "PMC2536604",
   "abstract": "Duchenne Muscular Dystrophy (DMD) is the most common and severe form of muscular dystrophy in humans. The goal of myogenic stem cell transplant therapy for DMD is to increase dystrophin expression in existing muscle fibers and provide a source of stem cells for future muscle generation. Although syngeneic myogenic stem cell transplants have been successful in mice, allogeneic transplants of myogenic stem cells were ineffective in several human trials. To determine whether allogeneic muscle progenitor cells can be successfully transplanted in an immune tolerant recipient, we induced immune tolerance in two DMD affected (xmd) dogs through hematopoietic cell transplantation (HCT). Injection of freshly isolated muscle-derived cells from the HCT donor into either fully or partially chimeric xmd recipients restored dystrophin expression up to 6.72% of wild-type levels, reduced the number of centrally located nuclei, and improved muscle structure. Dystrophin expression was maintained for at least 24 weeks. Taken together, these data indicate that immune tolerance to donor myoblasts provides an important platform from which to further improve myoblast transplantation, with the goal of restoring dystrophin expression to patients with DMD.",
   "authors": [
      "['Parker, Maura H.', 'Kuhr, Christian', 'Tapscott, Stephen J.', 'Storb, Rainer']"
   ],
   "id": "https://www.ncbi.nlm.nih.gov/pmc/articles/PMC2536604"
}