{
   "source_x": "PMC",
   "title": "Survival of Influenza Virus on Banknotes",
   "doi": "http://dx.doi.org/10.1128/AEM.00076-08",
   "pmcid": "PMC2394922",
   "abstract": "Successful control of a viral disease requires knowledge of the different vectors that could promote its transmission among hosts. We assessed the survival of human influenza viruses on banknotes given that billions of these notes are exchanged daily worldwide. Banknotes were experimentally contaminated with representative influenza virus subtypes at various concentrations, and survival was tested after different time periods. Influenza A viruses tested by cell culture survived up to 3 days when they were inoculated at high concentrations. The same inoculum in the presence of respiratory mucus showed a striking increase in survival time (up to 17 days). Similarly, B/Hong Kong/335/2001 virus was still infectious after 1 day when it was mixed with respiratory mucus. When nasopharyngeal secretions of naturally infected children were used, influenza virus survived for at least 48 h in one-third of the cases. The unexpected stability of influenza virus in this nonbiological environment suggests that unusual environmental contamination should be considered in the setting of pandemic preparedness.",
   "authors": [
      "['Thomas, Yves', 'Vogel, Guido', 'Wunderli, Werner', 'Suter, Patricia', 'Witschi, Mark', 'Koch, Daniel', 'Tapparel, Caroline', 'Kaiser, Laurent']"
   ],
   "id": "https://www.ncbi.nlm.nih.gov/pmc/articles/PMC2394922"
}