{
   "source_x": "PMC",
   "title": "Building Global Health Through a Center-Without-Walls: The Vanderbilt Institute for Global Health",
   "doi": "http://dx.doi.org/10.1097/ACM.0b013e318160b76c",
   "pmcid": "PMC2564795",
   "abstract": "The Institute for Global Health at Vanderbilt enables the expansion and coordination of global health research, service, and training, reflecting the university's commitment to improve health services and outcomes in resource-limited settings. Global health encompasses both prevention via public health and treatment via medical care, all nested within a broader community-development context. This has fostered university-wide collaborations to address education, business/economics, engineering, nursing, and language training, among others. The institute is a natural facilitator for team building and has been especially helpful in organizing institutional responses to global health solicitations from the National Institutes of Health (NIH), Centers for Disease Control (CDC), and other funding agencies. This center-without-walls philosophy nurtures noncompetitive partnerships among and within departments and schools. With extramural support from the NIH and from endowment and developmental investments from the school of medicine, the institute funds new pilot projects to nurture global educational and research exchanges related to health and development. Vanderbilt's newest programs are a CDC-supported HIV/AIDS service initiative in Africa and an overseas research training program for health science graduate students and clinical fellows. New opportunities are available for Vanderbilt students, staff, and faculty to work abroad in partnership with international health projects through a number of Tennessee institutions now networked with the institute. A center-without-walls may be a model for institutions contemplating strategic investments to better organize service and teaching opportunities abroad, and to achieve greater successes in leveraging extramural support for overseas and domestic work focused on tropical medicine and global health.",
   "authors": [
      "['Vermund, Sten H.', 'Sahasrabuddhe, Vikrant V.', 'Khedkar, Sheetal', 'Jia, Yujiang', 'Etherington, Carol', 'Vergara, Alfredo']"
   ],
   "id": "https://www.ncbi.nlm.nih.gov/pmc/articles/PMC2564795"
}