{
   "sha": "c26196c940aab1a9c43e70d5428672644d1e0972",
   "source_x": "PMC",
   "title": "Abstracts from the 25th European Society for Animal Cell Technology Meeting: Cell Technologies for Innovative Therapies: Lausanne, Switzerland. 14-17 May 2017",
   "doi": "10.1186/s12919-018-0097-x",
   "pmcid": "PMC5861492",
   "license": "cc-by",
   "publish_time": "2018 Mar 15",
   "journal": "BMC Proc",
   "has_full_text": "True",
   "full_text_file": "comm_use_subset",
   "id": "https://doi.org/10.1186/s12919-018-0097-x",
   "pubtator": "PMC5861492",
   "fhir_link": [
      "Commercial/Composition/c26196c940aab1a9c43e70d5428672644d1e0972"
   ]
}