{
   "sha": "552ee0cc0a8266b6c22dbc287bd080513a3374fb",
   "source_x": "PMC",
   "title": "Prolonging herd immunity to cholera via vaccination: Accounting for human mobility and waning vaccine effects",
   "doi": "10.1371/journal.pntd.0006257",
   "pmcid": "PMC5847240",
   "pubmed_id": "29489815",
   "license": "cc-by",
   "abstract": "BACKGROUND: Oral cholera vaccination is an approach to preventing outbreaks in at-risk settings and controlling cholera in endemic settings. However, vaccine-derived herd immunity may be short-lived due to interactions between human mobility and imperfect or waning vaccine efficacy. As the supply and utilization of oral cholera vaccines grows, critical questions related to herd immunity are emerging, including: who should be targeted; when should revaccination be performed; and why have cholera outbreaks occurred in recently vaccinated populations? METHODS AND FINDINGS: We use mathematical models to simulate routine and mass oral cholera vaccination in populations with varying degrees of migration, transmission intensity, and vaccine coverage. We show that migration and waning vaccine efficacy strongly influence the duration of herd immunity while birth and death rates have relatively minimal impacts. As compared to either periodic mass vaccination or routine vaccination alone, a community could be protected longer by a blended \u201cMass and Maintain\u201d strategy. We show that vaccination may be best targeted at populations with intermediate degrees of mobility as compared to communities with very high or very low population turnover. Using a case study of an internally displaced person camp in South Sudan which underwent high-coverage mass vaccination in 2014 and 2015, we show that waning vaccine direct effects and high population turnover rendered the camp over 80% susceptible at the time of the cholera outbreak beginning in October 2016. CONCLUSIONS: Oral cholera vaccines can be powerful tools for quickly protecting a population for a period of time that depends critically on vaccine coverage, vaccine efficacy over time, and the rate of population turnover through human mobility. Due to waning herd immunity, epidemics in vaccinated communities are possible but become less likely through complementary interventions or data-driven revaccination strategies.",
   "publish_time": "2018 Feb 28",
   "authors": [
      "Peak, Corey M.",
      "Reilly, Amanda L.",
      "Azman, Andrew S.",
      "Buckee, Caroline O."
   ],
   "journal": "PLoS Negl Trop Dis",
   "has_full_text": "True",
   "full_text_file": "comm_use_subset",
   "id": "https://doi.org/10.1371/journal.pntd.0006257",
   "pubtator": "PMC5847240",
   "fhir_link": [
      "Commercial/Composition/552ee0cc0a8266b6c22dbc287bd080513a3374fb"
   ]
}