{
   "sha": "95375dac99b10d7628f9c154db3799825c2f101f",
   "source_x": "PMC",
   "title": "Distinct Epitopes on CD13 Mediate Opposite Consequences for Cell Adhesion",
   "doi": "10.1155/2018/4093435",
   "pmcid": "PMC5896358",
   "pubmed_id": "29789790",
   "license": "cc-by",
   "abstract": "CD13 is a membrane glycoprotein with aminopeptidase activity, expressed on several cell types, including myeloid cells (dendritic cells, monocytes, macrophages, neutrophils, etc.). CD13 participates in several functions such as proteolytic regulation of bioactive peptides, viral receptor, angiogenesis, and tumor metastasis. CD13 has also been proposed to participate in cell adhesion, as crosslinking of CD13 by certain CD13-specific antibodies induces homotypic aggregation of monocytes and heterotypic adhesion of monocytes to endothelial cells. We generated two monoclonal antibodies (mAbs C and E) that block homotypic aggregation of U-937 monocytic cells induced by CD13-specific mAb 452. Moreover, the mAbs cause detachment of cells whose aggregation was induced by CD13 crosslinking. Both mAbs also inhibit heterotypic adhesion of U-937 monocytes to endothelial cells. mAbs C and E recognize membrane CD13 but bind to epitopes different from that recognized by mAb 452. Crosslinking of CD13 by mAb C or E is required to inhibit adhesion, as monovalent Fab fragments are not sufficient. Thus, C and E antibodies recognize a distinct epitope on CD13, and binding to this epitope interferes with both CD13-mediated cell adhesion and enzymatic activity. These antibodies may represent important tools to study cell-cell interactions mediated by CD13 in physiological and pathological conditions.",
   "publish_time": "2018 Mar 29",
   "authors": [
      "Garay-Canales, Claudia A.",
      "Licona-Lim\u00f3n, Ileana",
      "Ortega, Enrique"
   ],
   "journal": "Biomed Res Int",
   "has_full_text": "True",
   "full_text_file": "comm_use_subset",
   "id": "https://doi.org/10.1155/2018/4093435",
   "pubtator": "PMC5896358",
   "fhir_link": [
      "Commercial/Composition/95375dac99b10d7628f9c154db3799825c2f101f"
   ]
}