{
   "source_x": "PMC",
   "title": "Structure-based Design, Synthesis and Biological Evaluation of Peptidomimetic SARS-CoV 3CLpro Inhibitors",
   "doi": "http://dx.doi.org/10.1016/j.bmcl.2007.08.031",
   "pmcid": "PMC2112940",
   "abstract": "Structure-based design, synthesis and biological evaluation of a series of peptidomimetic severe acute respiratory syndrome-coronavirus chymotrypsin-like protease inhibitors is described. These inhibitors were designed and synthesized based upon our X-ray crystal structure of inhibitor 1 bound to SARS-CoV 3CLpro. Incorporation of Boc-Ser as the P4-ligand resulted in enhanced SARS-CoV 3CLpro inhibitory activity. Structural analysis of inhibitor-bound X-ray structure revealed high binding affinity towards the enzyme.",
   "authors": [
      "['Ghosh, Arun K.', 'Xi, Kai', 'Grum-Tokars, Valerie', 'Xu, Xiaoming', 'Ratia, Kiira', 'Fu, Wentao', 'Houser, Katherine V.', 'Baker, Susan C.', 'Johnson, Michael E.', 'Mesecar, Andrew D.']"
   ],
   "id": "https://www.ncbi.nlm.nih.gov/pmc/articles/PMC2112940"
}