{
   "sha": "d05ba19fb87837ac31ae8501669bb7f74fd5739f",
   "source_x": "PMC",
   "title": "Complete Genome Sequences of Four Novel Human Coronavirus OC43 Isolates Associated with Severe Acute Respiratory Infection",
   "doi": "10.1128/genomeA.00452-18",
   "pmcid": "PMC5968726",
   "pubmed_id": "29798929",
   "license": "cc-by",
   "abstract": "We report here the complete genome sequences of four human coronavirus (HCoV) OC43 isolates generated using targeted viral nucleic acid capture and next-generation sequencing; the isolates were collected in New Mexico and Arkansas, USA, in February (HCoV-OC43/USA/TCNP_0070/2016) and March (HCoV-OC43/USA/ACRI_0052/2016) 2016 and January 2017 (HCoV-OC43/USA/TCNP_00204/2017 and HCoV-OC43/USA/TCNP_00212/2017).",
   "publish_time": "2018 May 24",
   "authors": [
      "Dinwiddie, Darrell L.",
      "Hardin, Olga",
      "Denson, Jesse L.",
      "Kincaid, John C.",
      "Schwalm, Kurt C.",
      "Stoner, Ashley N.",
      "Abramo, Thomas J.",
      "Thompson, Tonya M.",
      "Putt, Claire M.",
      "Young, Stephen A.",
      "Dehority, Walter N.",
      "Kennedy, Joshua L."
   ],
   "journal": "Genome Announc",
   "has_full_text": "True",
   "full_text_file": "comm_use_subset",
   "id": "https://doi.org/10.1128/genomeA.00452-18",
   "pubtator": "PMC5968726",
   "fhir_link": [
      "Commercial/Composition/d05ba19fb87837ac31ae8501669bb7f74fd5739f"
   ]
}