{
   "source_x": "PMC",
   "title": "SIMULATION AND VISUALIZATION OF FLOW PATTERN IN MICROARRAYS FOR LIQUID PHASE OLIGONUCLEOTIDE AND PEPTIDE SYNTHESIS",
   "doi": "http://dx.doi.org/10.1021/bp060363o",
   "pmcid": "PMC2531222",
   "abstract": "Microfluidic microarrays have been developed for economical and rapid parallel synthesis of oligonucleotide and peptide libraries. For a synthesis system to be reproducible and uniform, it is crucial to have a uniform reagent delivery throughout the system. Computational fluid dynamics (CFD) is used to model and simulate the microfluidic microarrays to study geometrical effects on flow patterns. By proper design geometry, flow uniformity could be obtained in every microreactor in the microarrays.",
   "authors": [
      "['O-Charoen, Sirimon', 'Srivannavit, Onnop', 'Gulari, Erdogan']"
   ],
   "id": "https://www.ncbi.nlm.nih.gov/pmc/articles/PMC2531222"
}