{
   "sha": "778e81157f2312199105d67938e88bf0ec559130",
   "source_x": "PMC",
   "title": "Stabilizing HIV-1 envelope glycoprotein trimers to induce neutralizing antibodies",
   "doi": "10.1186/s12977-018-0445-y",
   "pmcid": "PMC6134781",
   "pubmed_id": "30208933",
   "license": "cc-by",
   "abstract": "An effective HIV-1 vaccine probably will need to be able to induce broadly neutralizing HIV-1 antibodies (bNAbs) in order to be efficacious. The many bNAbs that have been isolated from HIV-1 infected patients illustrate that the human immune system is able to elicit this type of antibodies. The elucidation of the structure of the HIV-1 envelope glycoprotein (Env) trimer has further fueled the search for Env immunogens that induce bNAbs, but while native Env trimer mimetics are often capable of inducing strain-specific neutralizing antibodies (NAbs) against the parental virus, they have not yet induced potent bNAb responses. To improve the performance of Env trimer immunogens, researchers have studied the immune responses that Env trimers have induced in animals; they have evaluated how to best use Env trimers in various immunization regimens; and they have engineered increasingly stabilized Env trimer variants. Here, we review the different approaches that have been used to increase the stability of HIV-1 Env trimer immunogens with the aim of improving the induction of NAbs. In particular, we draw parallels between the various approaches to stabilize Env trimers and ones that have been used by nature in extremophile microorganisms in order to survive in extreme environmental conditions.",
   "publish_time": "2018 Sep 12",
   "authors": [
      "Torrents de la Pe\u00f1a, Alba",
      "Sanders, Rogier W."
   ],
   "journal": "Retrovirology",
   "has_full_text": "True",
   "full_text_file": "comm_use_subset",
   "id": "https://doi.org/10.1186/s12977-018-0445-y",
   "pubtator": "PMC6134781",
   "fhir_link": [
      "Commercial/Composition/778e81157f2312199105d67938e88bf0ec559130"
   ]
}