{
   "sha": "f3b46e7e8f58799207cc44515f859c1daf5e4dfc",
   "source_x": "PMC",
   "title": "Exhaled breath condensate sampling is not a new method for detection of respiratory viruses",
   "doi": "http://dx.doi.org/10.1186/1743-422X-8-98",
   "pmcid": "PMC3059288",
   "pubmed_id": "21375748",
   "license": "CC BY",
   "abstract": "BACKGROUND: Exhaled breath condensate (EBC) sampling has been considered an inventive and novel method for the isolation of respiratory viruses. METHODS: In our study, 102 volunteers experiencing upper airway infection were recruited over the winter and early spring of 2008/2009 and the first half of the winter of 2009/2010. Ninety-nine EBCs were successfully obtained and screened for 14 commonly circulating respiratory viruses. To investigate the efficiency of virus isolation from EBC, a nasal swab was taken in parallel from a subset of volunteers. The combined use of the ECoVent device with the RTube\u2122 allowed the registration of the exhaled volume and breathing frequency during collection. In this way, the number of exhaled viral particles per liter air or per minute can theoretically be estimated. RESULTS: Viral screening resulted in the detection of 4 different viruses in EBC and/or nasal swabs: Rhinovirus, Human Respiratory Syncytial Virus B, Influenza A and Influenza B. Rhinovirus was detected in 6 EBCs and 1 EBC was Influenza B positive. We report a viral detection rate of 7% for the EBCs, which is much lower than the detection rate of 46.8% observed using nasal swabs. CONCLUSION: Although very promising, EBC collection using the RTube\u2122 is not reliable for diagnosis of respiratory infections.",
   "publish_time": "2011 Mar 4",
   "authors": [
      "['Houspie, Lieselot', 'De Coster, Sarah', 'Keyaerts, Els', 'Narongsack, Phouthalack', 'De Roy, Rikka', 'Talboom, Ive', 'Sisk, Maura', 'Maes, Piet', 'Verbeeck, Jannick', 'Van Ranst, Marc']"
   ],
   "journal": "Virol J",
   "has_full_text": "True",
   "id": "f3b46e7e8f58799207cc44515f859c1daf5e4dfc",
   "fhir_link": "Commercial/f3b46e7e8f58799207cc44515f859c1daf5e4dfc"
}