{
   "sha": "16874a8b95e04383b0ee7049220a36354ffab2ea",
   "source_x": "PMC",
   "title": "Inhibition of Homophilic Interactions and Ligand Binding of the Receptor for Advanced Glycation End Products by Heparin and Heparin-Related Carbohydrate Structures",
   "doi": "10.3390/medicines5030079",
   "pmcid": "PMC6165534",
   "pubmed_id": "30061484",
   "license": "cc-by",
   "abstract": "Background: Heparin and heparin-related sulphated carbohydrates inhibit ligand binding of the receptor for advanced glycation end products (RAGE). Here, we have studied the ability of heparin to inhibit homophilic interactions of RAGE in living cells and studied how heparin related structures interfere with RAGE\u2013ligand interactions. Methods: Homophilic interactions of RAGE were studied with bead aggregation and living cell protein-fragment complementation assays. Ligand binding was analyzed with microwell binding and chromatographic assays. Cell surface advanced glycation end product binding to RAGE was studied using PC3 cell adhesion assay. Results: Homophilic binding of RAGE was mediated by V(1)- and modulated by C(2)-domain in bead aggregation assay. Dimerisation of RAGE on the living cell surface was inhibited by heparin. Sulphated K5 carbohydrate fragments inhibited RAGE binding to amyloid \u03b2-peptide and HMGB1. The inhibition was dependent on the level of sulfation and the length of the carbohydrate backbone. \u03b1-d-Glucopyranosiduronic acid (glycyrrhizin) inhibited RAGE binding to advanced glycation end products in PC3 cell adhesion and protein binding assays. Further, glycyrrhizin inhibited HMGB1 and HMGB1 A-box binding to heparin. Conclusions: Our results show that K5 polysaccharides and glycyrrhizin are promising candidates for RAGE targeting drug development.",
   "publish_time": "2018 Jul 30",
   "authors": [
      "Rouhiainen, Ari",
      "Nyk\u00e4nen, Niko-Petteri",
      "Kuja-Panula, Juha",
      "Vanttola, P\u00e4ivi",
      "Huttunen, Henri J.",
      "Rauvala, Heikki"
   ],
   "journal": "Medicines (Basel)",
   "has_full_text": "True",
   "full_text_file": "comm_use_subset",
   "id": "https://doi.org/10.3390/medicines5030079",
   "pubtator": "PMC6165534",
   "fhir_link": [
      "Commercial/Composition/16874a8b95e04383b0ee7049220a36354ffab2ea"
   ]
}