{
   "source_x": "PMC",
   "title": "The Influence of a Sense of Time on Human Development",
   "doi": "http://dx.doi.org/10.1126/science.1127488",
   "pmcid": "PMC2790864",
   "abstract": "The subjective sense of future time plays an essential role in human motivation. Gradually, time left becomes a better predictor than chronological age for a range of cognitive, emotional, and motivational variables. Socioemotional selectivity theory maintains that constraints on time horizons shift motivational priorities in such a way that the regulation of emotional states becomes more important than other types of goals. This motivational shift occurs with age but also appears in other contexts (for example, geographical relocations, illnesses, and war) that limit subjective future time.",
   "authors": [
      "Carstensen, Laura L."
   ],
   "id": "https://www.ncbi.nlm.nih.gov/pmc/articles/PMC2790864"
}