{
   "source_x": "PMC",
   "title": "Specific epitopes of the structural and hypothetical proteins elicit variable humoral responses in SARS patients",
   "doi": "http://dx.doi.org/10.1136/jcp.2005.029868",
   "pmcid": "PMC1860290",
   "abstract": "BACKGROUND: Severe acute respiratory syndrome (SARS) is an infectious disease which was caused by a novel coronavirus (SARS\u2010CoV). SARS has caused an outbreak in the world during 2003 and 2004, with 8098 individuals being infected and a death toll of 774 in 28 regions around the world. Specific humoral responses to viral infection remain unclear. OBJECTIVE: To analyse the antigenicity of the SARS\u2010CoV genome and identify potential antigenic epitopes in the structural proteins. METHODS: Potential antigenic epitopes were identified in the structural proteins (nucleocapsid, membrane, spike, and small envelope proteins) and hypothetical proteins (SARS3a, 3b, 6, 7a, and 9b) that are specific for SARS\u2010CoV. A peptide chip platform was created and the profiles of antibodies to these epitopes were investigated in 59 different SARS patients' sera obtained 6\u2013103\u2005days after the onset of the illness. Serial sera from five additional patients were also studied. RESULTS: Epitopes at the N\u2010terminus of the membrane protein and the C\u2010terminus of nucleocapsid protein elicited strong antibody responses. Epitopes on the spike protein were only moderately immunogenic but the effects were persistent. Antibodies were also detected for some putative proteins, noticeably the C\u2010termini of SARS3a and SARS6. CONCLUSIONS: Important epitopes of the SARS\u2010CoV genome that may serve as potential markers for the viral infection are identified. These specific antigenic sites may also be important for vaccine development against this new fatal infectious disease.",
   "authors": [
      "['Chow, S C S', 'Ho, C Y S', 'Tam, T T Y', 'Wu, C', 'Cheung, T', 'Chan, P K S', 'Ng, M H L', 'Hui, P K', 'Ng, H K', 'Au, D M Y', 'Lo, A W I']"
   ],
   "id": "https://www.ncbi.nlm.nih.gov/pmc/articles/PMC1860290"
}