{
   "sha": "25b2a50598fe741c4092ca239bacca5e72e79972",
   "source_x": "PMC",
   "title": "A Review and Update on Waterborne Viral Diseases Associated with Swimming Pools",
   "doi": "10.3390/ijerph16020166",
   "pmcid": "PMC6352248",
   "pubmed_id": "30634384",
   "license": "cc-by",
   "abstract": "Infectious agents, including bacteria, viruses, protozoa, and molds, may threaten the health of swimming pool bathers. Viruses are a major cause of recreationally-associated waterborne diseases linked to pools, lakes, ponds, thermal pools/spas, rivers, and hot springs. They can make their way into waters through the accidental release of fecal matter, body fluids (saliva, mucus), or skin flakes by symptomatic or asymptomatic carriers. We present an updated overview of epidemiological data on viral outbreaks, a project motivated, among other things, by the availability of improved viral detection methodologies. Special attention is paid to outbreak investigations (source of the outbreak, pathways of transmission, chlorination/disinfection). Epidemiological studies on incidents of viral contamination of swimming pools under non-epidemic conditions are also reviewed.",
   "publish_time": "2019 Jan 9",
   "authors": [
      "Bonadonna, Lucia",
      "La Rosa, Giuseppina"
   ],
   "journal": "Int J Environ Res Public Health",
   "has_full_text": "True",
   "full_text_file": "comm_use_subset",
   "id": "https://doi.org/10.3390/ijerph16020166",
   "pubtator": "PMC6352248",
   "fhir_link": [
      "Commercial/Composition/25b2a50598fe741c4092ca239bacca5e72e79972"
   ]
}