{
   "sha": "b128c844332f52b348e2d35863b3d0cfcbc78bf9",
   "source_x": "PMC",
   "title": "The Airplane Cabin Microbiome",
   "doi": "10.1007/s00248-018-1191-3",
   "pmcid": "PMC6318343",
   "pubmed_id": "29876609",
   "license": "cc-by",
   "abstract": "Serving over three billion passengers annually, air travel serves as a conduit for infectious disease spread, including emerging infections and pandemics. Over two dozen cases of in-flight transmissions have been documented. To understand these risks, a characterization of the airplane cabin microbiome is necessary. Our study team collected 229 environmental samples on ten transcontinental US flights with subsequent 16S rRNA sequencing. We found that bacterial communities were largely derived from human skin and oral commensals, as well as environmental generalist bacteria. We identified clear signatures for air versus touch surface microbiome, but not for individual types of touch surfaces. We also found large flight-to-flight beta diversity variations with no distinguishing signatures of individual flights, rather a high between-flight diversity for all touch surfaces and particularly for air samples. There was no systematic pattern of microbial community change from pre- to post-flight. Our findings are similar to those of other recent studies of the microbiome of built environments. In summary, the airplane cabin microbiome has immense airplane to airplane variability. The vast majority of airplane-associated microbes are human commensals or non-pathogenic, and the results provide a baseline for non-crisis-level airplane microbiome conditions. ELECTRONIC SUPPLEMENTARY MATERIAL: The online version of this article (10.1007/s00248-018-1191-3) contains supplementary material, which is available to authorized users.",
   "publish_time": "2019 Jun 6",
   "authors": [
      "Weiss, Howard",
      "Hertzberg, Vicki Stover",
      "Dupont, Chris",
      "Espinoza, Josh L.",
      "Levy, Shawn",
      "Nelson, Karen",
      "Norris, Sharon"
   ],
   "journal": "Microb Ecol",
   "has_full_text": "True",
   "full_text_file": "comm_use_subset",
   "id": "https://doi.org/10.1007/s00248-018-1191-3",
   "pubtator": "PMC6318343",
   "fhir_link": [
      "Commercial/Composition/b128c844332f52b348e2d35863b3d0cfcbc78bf9"
   ]
}