{
   "sha": "e192e65a6546583fe49086c4d3ac29a0620d5bd5",
   "source_x": "PMC",
   "title": "Effect of Pullet Vaccination on Development and Longevity of Immunity",
   "doi": "10.3390/v11020135",
   "pmcid": "PMC6409539",
   "pubmed_id": "30717342",
   "license": "cc-by",
   "abstract": "Avian respiratory disease causes significant economic losses in commercial poultry. Because of the need to protect long-lived poultry against respiratory tract pathogens from an early age, vaccination programs for pullets typically involve serial administration of a variety of vaccines, including infectious bronchitis virus (IBV), Newcastle disease virus (NDV), and infectious laryngotracheitis virus (ILTV). Often the interval between vaccinations is only a matter of weeks, yet it is unknown whether the development of immunity and protection against challenge when vaccines are given in short succession occurs in these birds, something known as viral interference. Our objective was to determine whether serially administered, live attenuated vaccines against IBV, NDV, and ILTV influence the development and longevity of immunity and protection against challenge in long-lived birds. Based on a typical pullet vaccination program, specific-pathogen-free white leghorns were administered multiple live attenuated vaccines against IBV, NDV, and ILTV until 16 weeks of age (WOA), after which certain groups were challenged with IBV, NDV, or ILTV at 20, 24, 28, 32, and 36 WOA. Five days post-challenge, viral load, clinical signs, ciliostasis, tracheal histopathology, and antibody titers in serum and tears were evaluated. We demonstrate that pullets serially administered live attenuated vaccines against IBV, NDV, and ILTV were protected against homologous challenge with IBV, NDV, or ILTV for at least 36 weeks, and conclude that the interval between vaccinations used in this study (at least 2 weeks) did not interfere with protection. This information is important because it shows that a typical pullet vaccination program consisting of serially administered live attenuated vaccines against multiple respiratory pathogens can result in the development of protective immunity against each disease agent.",
   "publish_time": "2019 Feb 2",
   "authors": [
      "Aston, Emily J.",
      "Jordan, Brian J.",
      "Williams, Susan M.",
      "Garc\u00eda, Maricarmen",
      "Jackwood, Mark W."
   ],
   "journal": "Viruses",
   "has_full_text": "True",
   "full_text_file": "comm_use_subset",
   "id": "https://doi.org/10.3390/v11020135",
   "pubtator": "PMC6409539",
   "fhir_link": [
      "Commercial/Composition/e192e65a6546583fe49086c4d3ac29a0620d5bd5"
   ]
}