{
   "sha": "0fe7a393c5db38f3913c46f25a3ed75d14f76900",
   "source_x": "PMC",
   "title": "Zika Virus Infection, Basic and Clinical Aspects: A Review Article",
   "pmcid": "PMC6401583",
   "pubmed_id": "30847308",
   "license": "cc-by",
   "abstract": "BACKGROUND: Zika virus infection has recently attracted the attention of medical community. While clinical manifestations of the infection in adult cases are not severe and disease is not associated with high mortality rates, Zika virus infection can have an impact on fetal development and lead to severe neurodevelopmental abnormalities. METHODS: To gain insight into different aspects of Zika virus infection, a comprehensive literature review was performed. With regard to epidemiology and geographical distribution of Zika virus infection, relevant information was extracted from CDC and WHO websites. RESULTS: In this review, we discuss different basic and clinical aspects of Zika virus infection including virology, epidemiology and pathogenesis of disease. Laboratory methods required for the diagnosis of disease together with ethical issues associated with Zika virus infection will also be discussed in detail. CONCLUSION: Herein, we have tried to provide a multi-faceted view of Zika virus infection, with greater emphasis on disease status in Eastern Mediterranean Region.",
   "publish_time": "2019 Jan",
   "authors": [
      "NOORBAKHSH, Farshid",
      "ABDOLMOHAMMADI, Kamal",
      "FATAHI, Yousef",
      "DALILI, Hossein",
      "RASOOLINEJAD, Mehrnaz",
      "REZAEI, Farshid",
      "SALEHI-VAZIRI, Mostafa",
      "SHAFIEI-JANDAGHI, Nazanin Zahra",
      "GOOSHKI, Ehsan Shamsi",
      "ZAIM, Morteza",
      "NICKNAM, Mohammad Hossein"
   ],
   "journal": "Iran J Public Health",
   "has_full_text": "True",
   "full_text_file": "comm_use_subset",
   "id": "https://www.ncbi.nlm.nih.gov/pubmed/30847308",
   "pubtator": "PMC6401583",
   "fhir_link": [
      "Commercial/Composition/0fe7a393c5db38f3913c46f25a3ed75d14f76900"
   ]
}