{
   "source_x": "Elsevier",
   "title": "Further characterization of mouse hepatitis virus RNA-dependent RNA polymerases",
   "doi": "10.1016/0042-6822(84)90439-2",
   "pubmed_id": "6322429",
   "license": "els-covid",
   "abstract": "Abstract Two temporally and enzymatically distinct RNA-dependent RNA polymerase activities associated with membranes of the mouse hepatitis virus (MHV)-infected cells have been identified previously [Brayton et al., J. Virol. 42, 847\u2013853 (1982)]. In this paper, the subcellular distribution and functions of these two polymerases were examined. Fractionation of the postnuclear membranes by sucrose gradient sedimentation showed that the early polymerase activity (detected at 1 hr p.i.) was homogeneous, while the late polymeras e (6 hr p.i.) was associated with two distinct membrane fractions. The early polymerase synthesized a single RNA species of viral genomic size and negative sense. In contrast, the light peak of the late polymerase synthesized genomic-sized RNA of positive sense, while the heavy peak of the activity synthesized positive-sensed genomic and subgenomic mRNAs. These findings suggest that the light peak of the late polymerase represents a replication complex while the heavy peak represents a transcription complex. They also establish the essential features of the mode of replication of MHV.",
   "publish_time": "1984-02-29",
   "authors": [
      "Brayton, Peter R.",
      "Stohlman, Stephen A.",
      "Lai, Michael M.C."
   ],
   "journal": "Virology",
   "has_full_text": "False",
   "full_text_file": "custom_license",
   "id": "https://doi.org/10.1016/0042-6822(84)90439-2"
}