{
   "sha": "c6efc774a6d8d192e884408a84c8aa69ff385055",
   "source_x": "PMC",
   "title": "Quantitative Subcellular Proteome and Secretome Profiling of Influenza A Virus-Infected Human Primary Macrophages",
   "doi": "http://dx.doi.org/10.1371/journal.ppat.1001340",
   "pmcid": "PMC3093355",
   "pubmed_id": "21589892",
   "license": "CC BY",
   "abstract": "Influenza A viruses are important pathogens that cause acute respiratory diseases and annual epidemics in humans. Macrophages recognize influenza A virus infection with their pattern recognition receptors, and are involved in the activation of proper innate immune response. Here, we have used high-throughput subcellular proteomics combined with bioinformatics to provide a global view of host cellular events that are activated in response to influenza A virus infection in human primary macrophages. We show that viral infection regulates the expression and/or subcellular localization of more than one thousand host proteins at early phases of infection. Our data reveals that there are dramatic changes in mitochondrial and nuclear proteomes in response to infection. We show that a rapid cytoplasmic leakage of lysosomal proteins, including cathepsins, followed by their secretion, contributes to inflammasome activation and apoptosis seen in the infected macrophages. Also, our results demonstrate that P2X(7) receptor and src tyrosine kinase activity are essential for inflammasome activation during influenza A virus infection. Finally, we show that influenza A virus infection is associated with robust secretion of different danger-associated molecular patterns (DAMPs) suggesting an important role for DAMPs in host response to influenza A virus infection. In conclusion, our high-throughput quantitative proteomics study provides important new insight into host-response against influenza A virus infection in human primary macrophages.",
   "publish_time": "2011 May 12",
   "authors": [
      "['Lietz\u00e9n, Niina', '\u00d6hman, Tiina', 'Rintahaka, Johanna', 'Julkunen, Ilkka', 'Aittokallio, Tero', 'Matikainen, Sampsa', 'Nyman, Tuula A.']"
   ],
   "journal": "PLoS Pathog",
   "has_full_text": "False",
   "id": "c6efc774a6d8d192e884408a84c8aa69ff385055"
}