{
   "sha": "f81e9eb1b488b5a21f7bfbe5ece67dbd80425f86",
   "source_x": "PMC",
   "title": "A Novel Immunochromatographic Strip for Antigen Detection of Avian Infectious Bronchitis Virus",
   "doi": "10.3390/ijms20092216",
   "pmcid": "PMC6540333",
   "pubmed_id": "31064083",
   "license": "cc-by",
   "abstract": "Avian infectious bronchitis virus (IBV) causes considerable economic losses in the poultry industry worldwide, including Taiwan. IBV is among the most important pathogens in chickens, and it spreads rapidly among flocks. In addition to dozens of known serotypes, new viral variants have emerged due to the viral evolution and antigenic variation in IBVs. Therefore, the development of a sensitive, specific, and easily performed assay is crucial for the rapid detection and surveillance of IBV infections. A rapid and simple immunochromatographic strip (ICS) was developed in this study by employing monoclonal antibodies against spike and nucleocapsid proteins of IBV as the tracer and the capture antibody. The ICS showed high specificity in detecting IBV antigens, including several IBV genotypes and novel variants, as opposed to three other common avian respiratory viruses. The detection limit of the strip reached 10(4.4) 50% embryo-infective dose. Moreover, in the experimental chicken model, the strip test demonstrated consistency in detecting IBV with RT-PCR gene detection. Taken together, this antigen detection strip has the potential to serve as an on-farm rapid test for IBV; therefore, it may facilitate surveillance and control of the disease.",
   "publish_time": "2019 May 6",
   "authors": [
      "Liu, I-Li",
      "Lin, Yi-Chun",
      "Lin, Yong-Chong",
      "Jian, Cai-Zhen",
      "Cheng, Ivan-Chen",
      "Chen, Hui-Wen"
   ],
   "journal": "Int J Mol Sci",
   "has_full_text": "True",
   "full_text_file": "comm_use_subset",
   "id": "https://doi.org/10.3390/ijms20092216",
   "pubtator": "PMC6540333",
   "fhir_link": [
      "Commercial/Composition/f81e9eb1b488b5a21f7bfbe5ece67dbd80425f86"
   ]
}