{
   "source_x": "PMC",
   "title": "DC-SIGN and DC-SIGNR Interact with the Glycoprotein of Marburg Virus and the S Protein of Severe Acute Respiratory Syndrome Coronavirus",
   "doi": "http://dx.doi.org/10.1128/JVI.78.21.12090-12095.2004",
   "pmcid": "PMC523257",
   "abstract": "The lectins DC-SIGN and DC-SIGNR can augment viral infection; however, the range of pathogens interacting with these attachment factors is incompletely defined. Here we show that DC-SIGN and DC-SIGNR enhance infection mediated by the glycoprotein (GP) of Marburg virus (MARV) and the S protein of severe acute respiratory syndrome coronavirus and might promote viral dissemination. SIGNR1, a murine DC-SIGN homologue, also enhanced infection driven by MARV and Ebola virus GP and could be targeted to assess the role of attachment factors in filovirus infection in vivo.",
   "authors": [
      "['Marzi, Andrea', 'Gramberg, Thomas', 'Simmons, Graham', 'M\u00f6ller, Peggy', 'Rennekamp, Andrew J.', 'Krumbiegel, Mandy', 'Geier, Martina', 'Eisemann, Jutta', 'Turza, Nadine', 'Saunier, Bertrand', 'Steinkasserer, Alexander', 'Becker, Stephan', 'Bates, Paul', 'Hofmann, Heike', 'P\u00f6hlmann, Stefan']"
   ],
   "id": "https://www.ncbi.nlm.nih.gov/pmc/articles/PMC523257"
}