{
   "sha": "44dd2bffc40a5e211d8a9c2b080b93570671d703",
   "source_x": "PMC",
   "title": "China's Response to the 2014 Ebola Outbreak in West Africa",
   "doi": "10.1002/gch2.201600001",
   "pmcid": "PMC6607196",
   "pubmed_id": "31565261",
   "license": "cc-by",
   "abstract": "Beginning in March 2014, West Africa has endured the largest outbreak of Ebola viral disease (EVD) in history. The crisis highlighted the role of China in addressing public health emergencies of international concern (PHEIC). Through bilateral and multilateral channels, China kicked off its largest ever humanitarian mission in addressing a PHEIC. The unprecedented generosity served the domestic needs to prevent EVD from spreading into China, but it was also consistent with China's foreign policy objective to pursue soft power in Africa. While its total funding to EVD control in West Africa was no match of top donors like the United States, it becomes much more impressive when adjusted for gross domestic product (GDP) per capita. As Beijing becomes more sensitive to disease outbreaks overseas and as the scope of its humanitarian engagement grows and diversifies, the space for China's cooperation with international actors over global health governance is expected to further expand.",
   "publish_time": "2017 Jan 30",
   "authors": [
      "Huang, Yanzhong"
   ],
   "journal": "Glob Chall",
   "has_full_text": "True",
   "full_text_file": "comm_use_subset",
   "id": "https://doi.org/10.1002/gch2.201600001",
   "pubtator": "PMC6607196",
   "fhir_link": [
      "Commercial/Composition/44dd2bffc40a5e211d8a9c2b080b93570671d703"
   ]
}