{
   "sha": "d6ea115f3fa7ea76715b04ee4a3f3a55add45397",
   "source_x": "PMC",
   "title": "Biological Function and Application of Picornaviral 2B Protein: A New Target for Antiviral Drug Development",
   "doi": "10.3390/v11060510",
   "pmcid": "PMC6630369",
   "pubmed_id": "31167361",
   "license": "cc-by",
   "abstract": "Picornaviruses are associated with acute and chronic diseases. The clinical manifestations of infections are often mild, but infections may also lead to respiratory symptoms, gastroenteritis, myocarditis, meningitis, hepatitis, and poliomyelitis, with serious impacts on human health and economic losses in animal husbandry. Thus far, research on picornaviruses has mainly focused on structural proteins such as VP1, whereas the non-structural protein 2B, which plays vital roles in the life cycle of the viruses and exhibits a viroporin or viroporin-like activity, has been overlooked. Viroporins are viral proteins containing at least one amphipathic \u03b1-helical structure, which oligomerizes to form transmembrane hydrophilic pores. In this review, we mainly summarize recent research data on the viroporin or viroporin-like activity of 2B proteins, which affects the biological function of the membrane, regulates cell death, and affects the host immune response. Considering these mechanisms, the potential application of the 2B protein as a candidate target for antiviral drug development is discussed, along with research challenges and prospects toward realizing a novel treatment strategy for picornavirus infections.",
   "publish_time": "2019 Jun 4",
   "authors": [
      "Li, Zengbin",
      "Zou, Zixiao",
      "Jiang, Zeju",
      "Huang, Xiaotian",
      "Liu, Qiong"
   ],
   "journal": "Viruses",
   "has_full_text": "True",
   "full_text_file": "comm_use_subset",
   "id": "https://doi.org/10.3390/v11060510",
   "pubtator": "PMC6630369",
   "fhir_link": [
      "Commercial/Composition/d6ea115f3fa7ea76715b04ee4a3f3a55add45397"
   ]
}