{
   "sha": "970790b80b63946d9926865c2e6bdd23d366aa2d",
   "source_x": "Elsevier",
   "title": "Chapter 8 Control of SPF Conditions FELASA Standards",
   "doi": "10.1016/B978-012426400-7.50047-9",
   "license": "els-covid",
   "abstract": "Publisher Summary Only experimental animals of a good microbiological quality will give any kind of guarantee of an experiment undisturbed by health hazards. It is for this reason that so-called (specific pathogen free) SPF animals are used for animal experiments. Certain requirements are necessary to maintain the desired SPF organism. Physical barriers together with appropriate operating methods aim at preventing contamination with pathogens and penetration by wild rodents. As a consequence, barrier units are not easily accessible for personnel, which is sometimes considered a disadvantage by experimenters. Finally, monitoring programs help to detect and control potential sources of contamination and may therefore be of crucial importance for the management of a facility housing animals of a good microbiological quality. The main purpose of health monitoring is to detect or prevent infections, which might influence physiological characteristics of animals or their health. Appropriate health monitoring helps to avoid imprecise results and allows all the experiments necessary to be carried out with a minimum number of animal. It is found that sufficient number of animals have to be monitored to obtain relevant information on a given population. It is important that the monitoring must be performed on a regular basis to detect unwanted microorganisms in good time. The recommended frequency is every 12 week.",
   "publish_time": "2000-12-31",
   "authors": [
      "Kunstyr, Ivo",
      "Nicklas, Werner"
   ],
   "journal": "The Laboratory Rat",
   "has_full_text": "True",
   "full_text_file": "custom_license",
   "id": "https://doi.org/10.1016/B978-012426400-7.50047-9",
   "fhir_link": [
      "PMC/Composition/970790b80b63946d9926865c2e6bdd23d366aa2d"
   ]
}