{
   "sha": "58072613e14774fd4f9bfc63ee4b2d6ef78811ac",
   "source_x": "PMC",
   "title": "Lessons from an active surveillance pilot to assess the pneumonia of unknown etiology surveillance system in China, 2016: the need to increase clinician participation in the detection and reporting of emerging respiratory infectious diseases",
   "doi": "10.1186/s12879-019-4345-0",
   "pmcid": "PMC6724368",
   "pubmed_id": "31481020",
   "license": "cc-by",
   "abstract": "BACKGROUND: We sought to assess reporting in China\u2019s Pneumonia of Unknown Etiology (PUE) passive surveillance system for emerging respiratory infections and to identify ways to improve the PUE surveillance system\u2019s detection of respiratory infections of public health significance. METHODS: From February 29\u2013May 29, 2016, we actively identified and enrolled patients in two hospitals with acute respiratory infections (ARI) that met all PUE case criteria. We reviewed medical records for documented exposure history associated with respiratory infectious diseases, collected throat samples that were tested for seasonal and avian influenza, and interviewed clinicians regarding reasons for reporting or not reporting PUE cases. We described and analyzed the proportion of PUE cases reported and clinician awareness of and practices related to the PUE system. RESULTS: Of 2619 ARI admissions in two hospitals, 335(13%) met the PUE case definition; none were reported. Of 311 specimens tested, 18(6%) were seasonal influenza virus-positive; none were avian influenza-positive. < 10% PUE case medical records documented whether or not there were exposures to animals or others with respiratory illness. Most commonly cited reasons for not reporting cases were no awareness of the PUE system (76%) and not understanding the case definition (53%). CONCLUSIONS: Most clinicians have limited awareness of and are not reporting to the PUE system. Exposures related to respiratory infections are rarely documented in medical records. Increasing clinicians\u2019 awareness of the PUE system and including relevant exposure items in standard medical records may increase reporting. ELECTRONIC SUPPLEMENTARY MATERIAL: The online version of this article (10.1186/s12879-019-4345-0) contains supplementary material, which is available to authorized users.",
   "publish_time": "2019 Sep 3",
   "authors": [
      "Xiang, Nijuan",
      "Song, Ying",
      "Wang, Yu",
      "Wu, Jiabing",
      "Millman, Alexander J.",
      "Greene, Carolyn M.",
      "Ding, Zhentao",
      "Sun, Jie",
      "Yang, Wei",
      "Guo, Guoxia",
      "Wang, Ruirui",
      "Guo, Ping",
      "Ren, Zhixing",
      "Gong, Lei",
      "Xu, Pengpeng",
      "Zhou, Suizan",
      "Lin, Dan",
      "Ni, Daxin",
      "Feng, Zijian",
      "Li, Qun"
   ],
   "journal": "BMC Infect Dis",
   "has_full_text": "True",
   "full_text_file": "comm_use_subset",
   "id": "https://doi.org/10.1186/s12879-019-4345-0",
   "pubtator": "PMC6724368",
   "fhir_link": [
      "Commercial/Composition/58072613e14774fd4f9bfc63ee4b2d6ef78811ac"
   ]
}