{
   "source_x": "PMC",
   "title": "Sputum cytology of patients with severe acute respiratory syndrome (SARS)",
   "doi": "http://dx.doi.org/10.1136/jcp.2003.012948",
   "pmcid": "PMC1770235",
   "abstract": "Background: Severe acute respiratory syndrome (SARS) is a newly described form of atypical pneumonia linked to a novel coronavirus. Aims: To review the sputum cytology of 15 patients who fulfilled the World Health Organisation clinical criteria for SARS in an attempt to evaluate whether early diagnosis is feasible with routine sputum examination. Methods: All sputum samples from patients with SARS from the four major hospitals in Hong Kong were reviewed; abnormalities were sought in the cellular component, including abnormal numbers and morphology of the component cells compared with those from age matched controls taken over the same period one year ago. Results: Fifteen sputum samples from patients were compared with 25 control samples. In the patients with SARS, loose aggregates of macrophages were seen more frequently in the sputum. These macrophages frequently showed morphological changes, such as cytoplasmic foaminess, vacuole formation, and nuclear changes (including multinucleation and a ground glass appearance) when compared with the control samples. Conclusions: The cytological features of SARS are non-specific, but the observation of any of the described features should prompt further investigations, especially in patients with suspicious clinical features.",
   "authors": [
      "['Tse, G M K', 'Hui, P-K', 'Ma, T K F', 'Lo, A W I', 'To, K-F', 'Chan, W Y', 'Chow, L T C', 'Ng, H-K']"
   ],
   "id": "https://www.ncbi.nlm.nih.gov/pmc/articles/PMC1770235"
}