{
   "source_x": "PMC",
   "title": "Tracking the Evolution of the SARS Coronavirus Using High-Throughput, High-Density Resequencing Arrays",
   "doi": "http://dx.doi.org/10.1101/gr.2141004",
   "pmcid": "PMC353227",
   "abstract": "Mutations in the SARS-Coronavirus (SARS-CoV) can alter its clinical presentation, and the study of its mutation patterns in human populations can facilitate contact tracing. Here, we describe the development and validation of an oligonucleotide resequencing array for interrogating the entire 30-kb SARS-CoV genome in a rapid, cost-effective fashion. Using this platform, we sequenced SARS-CoV genomes from Vero cell culture isolates of 12 patients and directly from four patient tissues. The sequence obtained from the array is highly reproducible, accurate (>99.99% accuracy) and capable of identifying known and novel variants of SARS-CoV. Notably, we applied this technology to a field specimen of probable SARS and rapidly deduced its infectious source. We demonstrate that array-based resequencing-by-hybridization is a fast, reliable, and economical alternative to capillary sequencing for obtaining SARS-CoV genomic sequence on a population scale, making this an ideal platform for the global monitoring of SARS-CoV and other small-genome pathogens.",
   "authors": [
      "['Wong, Christopher W.', 'Albert, Thomas J.', 'Vega, Vinsensius B.', 'Norton, Jason E.', 'Cutler, David J.', 'Richmond, Todd A.', 'Stanton, Lawrence W.', 'Liu, Edison T.', 'Miller, Lance D.']"
   ],
   "id": "https://www.ncbi.nlm.nih.gov/pmc/articles/PMC353227"
}