{
   "sha": "d408854267a5f3330fab52531265d9a38a91e60f",
   "source_x": "PMC",
   "title": "Feline Infectious Peritonitis as a Systemic Inflammatory Disease: Contribution of Liver and Heart to the Pathogenesis",
   "doi": "10.3390/v11121144",
   "pmcid": "PMC6949997",
   "pubmed_id": "31835559",
   "license": "cc-by",
   "abstract": "Feline infectious peritonitis (FIP) is a fatal immune-mediated disease of cats, induced by feline coronavirus (FCoV). A combination of as yet poorly understood host and viral factors combine to cause a minority of FCoV-infected cats to develop FIP. Clinicopathological features include fever, vasculitis, and serositis, with or without effusions; all of which indicate a pro-inflammatory state with cytokine release. As a result, primary immune organs, as well as circulating leukocytes, have thus far been of most interest in previous studies to determine the likely sources of these cytokines. Results have suggested that these tissues alone may not be sufficient to induce the observed inflammation. The current study therefore focussed on the liver and heart, organs with a demonstrated ability to produce cytokines and therefore with huge potential to exacerbate inflammatory processes. The IL-12:IL-10 ratio, a marker of the immune system\u2019s inflammatory balance, was skewed towards the pro-inflammatory IL-12 in the liver of cats with FIP. Both organs were found to upregulate mRNA expression of the inflammatory triad of cytokines IL-1\u03b2, IL-6, and TNF-\u03b1 in FIP. This amplifying step may be one of the missing links in the pathogenesis of this enigmatic disease.",
   "publish_time": "2019 Dec 10",
   "authors": [
      "Malbon, Alexandra J",
      "Fonfara, Sonja",
      "Meli, Marina L",
      "Hahn, Shelley",
      "Egberink, Herman",
      "Kipar, Anja"
   ],
   "journal": "Viruses",
   "has_full_text": "True",
   "full_text_file": "comm_use_subset",
   "id": "https://doi.org/10.3390/v11121144",
   "pubtator": "PMC6949997",
   "fhir_link": [
      "Commercial/Composition/d408854267a5f3330fab52531265d9a38a91e60f"
   ]
}