{
   "source_x": "PMC",
   "title": "A Hepadnavirus Regulatory Element Enhances Expression of a Type 2 Bovine Viral Diarrhea Virus E2 Protein from a Bovine Herpesvirus 1 Vector",
   "doi": "http://dx.doi.org/10.1128/JVI.77.16.8775-8782.2003",
   "pmcid": "PMC167231",
   "abstract": "Recently, the possibility of using virus vectors to immunize cattle against selected bovine viral diarrhea virus (BVDV) genes has gained widespread interest. However, when we attempted to express the E2 protein from type 2 (890 strain) BVDV in a bovine herpesvirus 1 (BHV1) vector, we observed that expression was poor. This often happens when genes from a cytoplasmic virus are expressed in the cell nucleus. To counter this effect, we attempted to enhance expression by a strategy employed by viruses. RNAs of retroviruses and hepadnaviruses contain cis-acting elements that facilitate expression of RNAs that otherwise are degraded or retained within the nucleus. In Mason-Pfizer monkey virus, the required RNA sequence element is known as a constitutive transport element (CTE). A related element from woodchuck hepatitis virus is known as the woodchuck posttranscriptional regulatory element (WPRE). We tested the ability of the CTE, the WPRE, and introns to enhance expression of E2. All three elements stimulated expression of E2 from plasmids. The combination of the WPRE and an intron yielded the highest level of E2 expression in plasmids. However, when E2 was expressed from a BHV1 vector, the presence of an intron was inhibitory. In contrast, the WPRE was very efficient at stimulating E2 expression from a BHV1 vector. This result represents the first expression of a type 2 BVDV E2 protein from a mammalian virus vector and raises the possibility that the WPRE may provide a general method of enhancing foreign gene expression from BHV1 and other herpesvirus vectors.",
   "authors": [
      "['Wang, Lingshu', 'Menon, Sreekumar', 'Bolin, Steven R.', 'Bello, Leonard J.']"
   ],
   "id": "https://www.ncbi.nlm.nih.gov/pmc/articles/PMC167231"
}