{
   "sha": "e9c51ce7b8c15bff3f9cb4de5afc2c862d5544bf",
   "source_x": "PMC",
   "title": "Screening of Natural Extracts for Inhibitors against Japanese Encephalitis Virus Infection",
   "doi": "10.1128/AAC.02373-19",
   "pmcid": "PMC7038234",
   "pubmed_id": "31871089",
   "license": "cc-by",
   "abstract": "The mosquito-borne Japanese encephalitis virus (JEV) causes serious illness worldwide that is associated with high morbidity and mortality. Currently, there are no effective drugs approved for the treatment of JEV infection. Drug-repurposing screening is an alternative approach to discover potential antiviral agents. In this study, high-content screening (HCS) of a natural extracts library was performed, and two hit FDA-approved Na(+)/K(+)-ATPase inhibitors, ouabain and digoxin, were identified as having robust efficiency against JEV infection with the selectivity indexes over 1,000. The results indicated that ouabain and digoxin blocked the JEV infection at the replication stage by targeting the Na(+)/K(+)-ATPase. Furthermore, it was proven that ouabain significantly reduced the morbidity and mortality caused by JEV in a BALB/c mouse model. This work demonstrated that Na(+)/K(+)-ATPase could serve as the target of treatment of JEV infection, and ouabain has the potential to be developed as an effective anti-JEV drug.",
   "publish_time": "2020 Feb 21",
   "authors": [
      "Guo, Jiao",
      "Jia, Xiaoying",
      "Liu, Yang",
      "Wang, Shaobo",
      "Cao, Junyuan",
      "Zhang, Bo",
      "Xiao, Gengfu",
      "Wang, Wei"
   ],
   "journal": "Antimicrob Agents Chemother",
   "has_full_text": "True",
   "full_text_file": "comm_use_subset",
   "id": "https://doi.org/10.1128/AAC.02373-19",
   "pubtator": "PMC7038234",
   "fhir_link": [
      "Commercial/Composition/e9c51ce7b8c15bff3f9cb4de5afc2c862d5544bf"
   ]
}