{
   "sha": "25fd0362dfe0a62ca9ee6f9f634e24ef9a527dfc",
   "source_x": "PMC",
   "title": "The gene of an archaeal \u03b1-l-fucosidase is expressed by translational frameshifting",
   "doi": "10.1093/nar/gkl574",
   "pmcid": "PMC1616953",
   "pubmed_id": "16920738",
   "license": "cc-by-nc",
   "abstract": "The standard rules of genetic translational decoding are altered in specific genes by different events that are globally termed recoding. In Archaea recoding has been unequivocally determined so far only for termination codon readthrough events. We study here the mechanism of expression of a gene encoding for a \u03b1-l-fucosidase from the archaeon Sulfolobus solfataricus (fucA1), which is split in two open reading frames separated by a \u22121 frameshifting. The expression in Escherichia coli of the wild-type split gene led to the production by frameshifting of full-length polypeptides with an efficiency of 5%. Mutations in the regulatory site where the shift takes place demonstrate that the expression in vivo occurs in a programmed way. Further, we identify a full-length product of fucA1 in S.solfataricus extracts, which translate this gene in vitro by following programmed \u22121 frameshifting. This is the first experimental demonstration that this kind of recoding is present in Archaea.",
   "publish_time": "2006 Sep 18",
   "authors": [
      "Cobucci-Ponzano, Beatrice",
      "Conte, Fiorella",
      "Benelli, Dario",
      "Londei, Paola",
      "Flagiello, Angela",
      "Monti, Maria",
      "Pucci, Piero",
      "Rossi, Mos\u00e8",
      "Moracci, Marco"
   ],
   "journal": "Nucleic Acids Res",
   "has_full_text": "True",
   "full_text_file": "noncomm_use_subset",
   "id": "https://doi.org/10.1093/nar/gkl574",
   "pubtator": "PMC1616953",
   "fhir_link": [
      "Non-comercial/Composition/25fd0362dfe0a62ca9ee6f9f634e24ef9a527dfc"
   ]
}