{
   "sha": "810e609cbc20ab7c1543f7131f18b7fd0a3e2ca8",
   "source_x": "PMC",
   "title": "Dual priming oligonucleotide system for the multiplex detection of respiratory viruses and SNP genotyping of CYP2C19 gene",
   "doi": "10.1093/nar/gkm051",
   "pmcid": "PMC1874606",
   "pubmed_id": "17287288",
   "license": "cc-by-nc",
   "abstract": "Successful PCR starts with proper priming between an oligonucleotide primer and the template DNA. However, the inevitable risk of mismatched priming cannot be avoided in the currently used primer system, even though considerable time and effort are devoted to primer design and optimization of reaction conditions. Here, we report a novel dual priming oligonucleotide (DPO) which contains two separate priming regions joined by a polydeoxyinosine linker. The linker assumes a bubble-like structure which itself is not involved in priming, but rather delineates the boundary between the two parts of the primer. This structure results in two primer segments with distinct annealing properties: a longer 5\u2032-segment that initiates stable priming, and a short 3\u2032-segment that determines target-specific extension. This DPO-based system is a fundamental tool for blocking extension of non-specifically primed templates, and thereby generates consistently high PCR specificity even under less than optimal PCR conditions. The strength and utility of the DPO system are demonstrated here using multiplex PCR and SNP genotyping PCR.",
   "publish_time": "2007 Mar 7",
   "authors": [
      "Chun, Jong-Yoon",
      "Kim, Kyoung-Joong",
      "Hwang, In-Taek",
      "Kim, Yun-Jee",
      "Lee, Dae-Hoon",
      "Lee, In-Kyoung",
      "Kim, Jong-Kee"
   ],
   "journal": "Nucleic Acids Res",
   "has_full_text": "True",
   "full_text_file": "noncomm_use_subset",
   "id": "https://doi.org/10.1093/nar/gkm051",
   "pubtator": "PMC1874606",
   "fhir_link": [
      "Non-comercial/Composition/810e609cbc20ab7c1543f7131f18b7fd0a3e2ca8"
   ]
}