{
   "source_x": "PMC",
   "title": "Human Coronavirus 229E: Receptor Binding Domain and Neutralization by Soluble Receptor at 37\u00b0C",
   "doi": "http://dx.doi.org/10.1128/JVI.77.7.4435-4438.2003",
   "pmcid": "PMC150646",
   "abstract": "Truncated human coronavirus HCoV-229E spike glycoproteins containing amino acids 407 to 547 bound to purified, soluble virus receptor, human aminopeptidase N (hAPN). Soluble hAPN neutralized the infectivity of HCoV-229E virions at 37\u00b0C, but not 4\u00b0C. Binding of hAPN may therefore trigger conformational changes in the viral spike protein at 37\u00b0C that facilitate virus entry.",
   "authors": [
      "['Breslin, Jamie J.', 'M\u00f8rk, Irene', 'Smith, M. K.', 'Vogel, Lotte K.', 'Hemmila, Erin M.', 'Bonavia, Aurelio', 'Talbot, Pierre J.', 'Sj\u00f6str\u00f6m, Hans', 'Nor\u00e9n, Ove', 'Holmes, Kathryn V.']"
   ],
   "id": "https://www.ncbi.nlm.nih.gov/pmc/articles/PMC150646"
}