{
   "sha": "13e6c9b0730b53139910cfa6835ae4c460a30851",
   "source_x": "PMC",
   "title": "IFN-\u03b3\u2013 and IL-10\u2013expressing virus epitope-specific Foxp3(+) T reg cells in the central nervous system during encephalomyelitis",
   "doi": "10.1084/jem.20110236",
   "pmcid": "PMC3149215",
   "pubmed_id": "21746812",
   "license": "cc-by-nc-sa",
   "abstract": "Foxp3(+) CD4 regulatory T cells (T reg cells) are important in limiting immunopathology in infections. However, identifying pathogen-specific epitopes targeted by these cells has been elusive. Using MHC class II/peptide tetramers and intracellular cytokine staining, we identify T reg cells recognizing two virus-specific CD4 T cell epitopes in the coronavirus-infected central nervous system as well as naive T cell precursor pools. These T reg cells are detected at the same time as effector T cells (T eff cells) exhibiting the same specificity and can suppress T eff cell proliferation after stimulation with cognate peptide. These virus-specific T reg cells may be especially effective in inhibiting the immune response during the peak of infection, when virus antigen is maximal. Furthermore, these T reg cells express both IL-10 and IFN-\u03b3 after peptide stimulation. IFN-\u03b3 expression is maintained during both acute and chronic phases of infection. Identification of T reg cell target epitopes by cytokine production is also applicable in autoimmune disease because myelin oligodendrocyte glycoprotein\u2013specific Foxp3(+) T reg cells express IL-10 and IL-17 at the peak of disease in mice with experimental autoimmune encephalomyelitis. These results show that pathogen epitope-specific Foxp3(+) T reg cells can be identified on the basis of cytokine production.",
   "publish_time": "2011 Aug 1",
   "authors": [
      "Zhao, Jingxian",
      "Zhao, Jincun",
      "Fett, Craig",
      "Trandem, Kathryn",
      "Fleming, Erica",
      "Perlman, Stanley"
   ],
   "journal": "J Exp Med",
   "has_full_text": "True",
   "full_text_file": "noncomm_use_subset",
   "id": "https://doi.org/10.1084/jem.20110236",
   "pubtator": "PMC3149215",
   "fhir_link": [
      "Non-comercial/Composition/13e6c9b0730b53139910cfa6835ae4c460a30851"
   ]
}