{
   "sha": "3d6462be232a3f4b4aab41386a74bb8e6a118b44",
   "source_x": "PMC",
   "title": "Incidence and Mortality Rates of Disasters and Mass Casualty Incidents in Korea: A Population-Based Cross-Sectional Study, 2000-2009",
   "doi": "10.3346/jkms.2013.28.5.658",
   "pmcid": "PMC3653076",
   "pubmed_id": "23678255",
   "license": "cc-by-nc",
   "abstract": "The objective of study was to evaluate the incidence and mortality rates of disasters and mass casualty incidents (MCIs) over the past 10 yr in the administrative system of Korea administrative system and to examine their relationship with population characteristics. This was a population-based cross-sectional study. We calculated the nationwide incidence, as well as the crude mortality and injury incidence rates, of disasters and MCIs. The data were collected from the administrative database of the National Emergency Management Agency (NEMA) and from provincial fire departments from January 2000 to December 2009. A total of 47,169 events were collected from the NEMA administrative database. Of these events, 115 and 3,079 cases were defined as disasters and MCIs that occurred in Korea, respectively. The incidence of technical disasters/MCIs was approximately 12.7 times greater than that of natural disasters/MCIs. Over the past 10 yr, the crude mortality rates for disasters and MCIs were 2.36 deaths per 100,000 persons and 6.78 deaths per 100,000 persons, respectively. The crude injury incidence rates for disasters and MCIs were 25.47 injuries per 100,000 persons and 152 injuries per 100,000 persons, respectively. The incidence and mortality of disasters/MCIs in Korea seem to be low compared to that of trend around the world.",
   "publish_time": "2013 May 2",
   "authors": [
      "Kim, Soo Jin",
      "Kim, Chu Hyun",
      "Shin, Sang Do",
      "Lee, Seung Chul",
      "Park, Ju Ok",
      "Sung, Joohon"
   ],
   "journal": "J Korean Med Sci",
   "has_full_text": "True",
   "full_text_file": "noncomm_use_subset",
   "id": "https://doi.org/10.3346/jkms.2013.28.5.658",
   "pubtator": "PMC3653076",
   "fhir_link": [
      "Non-comercial/Composition/3d6462be232a3f4b4aab41386a74bb8e6a118b44"
   ]
}