{
   "sha": "b9bca46e86a4f2ff88b88154c8db5ddbe9c329b9",
   "source_x": "PMC",
   "title": "Drugs to cure avian influenza infection \u2013 multiple ways to prevent cell death",
   "doi": "10.1038/cddis.2013.367",
   "pmcid": "PMC3824676",
   "pubmed_id": "24091678",
   "license": "cc-by-nc-sa",
   "abstract": "New treatments and new drugs for avian influenza virus (AIV) infection are developed continually, but there are still high mortality rates. The main reason may be that not all cell death pathways induced by AIV were blocked by the current therapies. In this review, drugs for AIV and associated acute respiratory distress syndrome (ARDS) are summarized. The roles of antioxidant (vitamin C) and multiple immunomodulators (such as Celecoxib, Mesalazine and Eritoran) are discussed. The clinical care of ARDS may result in ischemia reperfusion injury to poorly ventilated alveolar cells. Cyclosporin A should effectively inhibit this kind of damages and, therefore, may be the key drug for the survival of patients with virus-induced ARDS. Treatment with protease inhibitor Ulinastatin could also protect lysosome integrity after the infection. Through these analyses, a large drug combination is proposed, which may hypothetically greatly reduce the mortality rate.",
   "publish_time": "2013 Oct 3",
   "authors": [
      "Yuan, S"
   ],
   "journal": "Cell Death Dis",
   "has_full_text": "True",
   "full_text_file": "noncomm_use_subset",
   "id": "https://doi.org/10.1038/cddis.2013.367",
   "pubtator": "PMC3824676",
   "fhir_link": [
      "Non-comercial/Composition/b9bca46e86a4f2ff88b88154c8db5ddbe9c329b9"
   ]
}