{
   "sha": "d74ca96879ef6d9982cb7ddaf5396940697dc8dc",
   "source_x": "PMC",
   "title": "Imino sugar glucosidase inhibitors as broadly active anti-filovirus agents",
   "doi": "10.1038/emi.2013.77",
   "pmcid": "PMC3924557",
   "pubmed_id": "26038444",
   "license": "cc-by-nc-sa",
   "abstract": "Ebola virus and Marburg virus are members of the family of Filoviridae and are etiological agents of a deadly hemorrhagic fever disease. The clinical symptoms of Ebola and Marburg hemorrhagic fevers are difficult to distinguish and there are currently no specific antiviral therapies against either of the viruses. Therefore, a drug that is safe and effective against both would be an enormous breakthrough. We and others have shown that the folding of the glycoproteins of many enveloped viruses, including the filoviruses, is far more dependent upon the calnexin pathway of protein folding than are most host glycoproteins. Drugs that inhibit this pathway would be expected to be selectively antiviral. Indeed, as we summarize in this review, imino sugars that are competitive inhibitors of the host endoplasmic reticular \u03b1-glucosidases I and II, which are enzymes that process N-glycan on nascent glycoproteins and thereby inhibit calnexin binding to the nascent glycoproteins, have been shown to have antiviral activity against a number of enveloped viruses including filoviruses. In this review, we describe the state of development of imino sugars for use against the filoviruses, and provide an explanation for the basis of their antiviral activity as well as limitations.",
   "publish_time": "2013 Nov 20",
   "authors": [
      "Chang, Jinhong",
      "Guo, Ju-Tao",
      "Du, Yanming",
      "Block, Timothy"
   ],
   "journal": "Emerg Microbes Infect",
   "has_full_text": "True",
   "full_text_file": "noncomm_use_subset",
   "id": "https://doi.org/10.1038/emi.2013.77",
   "pubtator": "PMC3924557",
   "fhir_link": [
      "Non-comercial/Composition/d74ca96879ef6d9982cb7ddaf5396940697dc8dc"
   ]
}