{
   "sha": "8bb9d8f7eeb8272924275f349e5c63a5bb006445",
   "source_x": "PMC",
   "title": "Annexin A2 Binds RNA and Reduces the Frameshifting Efficiency of Infectious Bronchitis Virus",
   "doi": "http://dx.doi.org/10.1371/journal.pone.0024067",
   "pmcid": "PMC3168876",
   "pubmed_id": "21918681",
   "license": "CC BY",
   "abstract": "Annexin A2 (ANXA2) is a protein implicated in diverse cellular functions, including exocytosis, DNA synthesis and cell proliferation. It was recently proposed to be involved in RNA metabolism because it was shown to associate with some cellular mRNA. Here, we identified ANXA2 as a RNA binding protein (RBP) that binds IBV (Infectious Bronchitis Virus) pseudoknot RNA. We first confirmed the binding of ANXA2 to IBV pseudoknot RNA by ultraviolet crosslinking and showed its binding to RNA pseudoknot with ANXA2 protein in vitro and in the cells. Since the RNA pseudoknot located in the frameshifting region of IBV was used as bait for cellular RBPs, we tested whether ANXA2 could regulate the frameshfting of IBV pseudoknot RNA by dual luciferase assay. Overexpression of ANXA2 significantly reduced the frameshifting efficiency from IBV pseudoknot RNA and knockdown of the protein strikingly increased the frameshifting efficiency. The results suggest that ANXA2 is a cellular RBP that can modulate the frameshifting efficiency of viral RNA, enabling it to act as an anti-viral cellular protein, and hinting at roles in RNA metabolism for other cellular mRNAs.",
   "publish_time": "2011 Aug 30",
   "authors": [
      "['Kwak, Hoyun', 'Park, Min Woo', 'Jeong, Sunjoo']"
   ],
   "journal": "PLoS One",
   "has_full_text": "True",
   "id": "8bb9d8f7eeb8272924275f349e5c63a5bb006445",
   "fhir_link": "Commercial/Composition/8bb9d8f7eeb8272924275f349e5c63a5bb006445"
}