{
   "source_x": "PMC",
   "title": "Transmissible Gastroenteritis Coronavirus Induces Programmed Cell Death in Infected Cells through a Caspase-Dependent Pathway",
   "pmcid": "PMC110052",
   "abstract": "In this report, we show that apoptosis (or programmed cell death) is induced in different cell lines infected with a coronavirus, the porcine transmissible gastroenteritis virus (TGEV). Kinetic analysis of internucleosomal DNA cleavage by agarose gel electrophoresis and flow cytometry or cytometric monitoring of the mitochondrial transmembrane potential showed that, for ST cells infected with TGEV, the first overt signs of apoptosis appeared from 10 to 12 h postinfection on. They preceded morphological changes characteristic of cells undergoing apoptosis, as observed by light and electron microscopy. The tripeptide pan-ICE (caspase) inhibitor N-benzyloxycarbonyl-Val-Ala-Asp-fluoromethylketone blocked TGEV-induced apoptosis with no effect on virus production. The thiol agent pyrrolidine dithiocarbamate inhibited apoptosis, suggesting that TGEV infection may lead to apoptosis via cellular oxidative stress. The effect of TGEV infection on activation of NF-\u03baB, a transcription factor known to be activated by oxidative stress, was examined. NF-\u03baB DNA binding was shown to be strongly and quickly induced by TGEV infection. However, transcription factor decoy experiments showed that NF-\u03baB activation is not critical for TGEV-induced apoptosis.",
   "authors": [
      "['Eleouet, Jean-Fran\u00e7ois', 'Chilmonczyk, Stefan', 'Besnardeau, Lydia', 'Laude, Hubert']"
   ],
   "id": "https://www.ncbi.nlm.nih.gov/pmc/articles/PMC110052"
}