{
   "sha": "091b857ba8a07eca145ae411f7202ca3a4d970df",
   "source_x": "PMC",
   "title": "Virus-induced secondary bacterial infection: a concise review",
   "doi": "10.2147/TCRM.S87789",
   "pmcid": "PMC4554399",
   "pubmed_id": "26345407",
   "license": "cc-by-nc",
   "abstract": "Respiratory diseases are a very common source of morbidity and mortality among children. Health care providers often face a dilemma when encountering a febrile infant or child with respiratory tract infection. The reason expressed by many clinicians is the trouble to confirm whether the fever is caused by a virus or a bacterium. The aim of this review is to update the current evidence on the virus-induced bacterial infection. We present several clinical as well in vitro studies that support the correlation between virus and secondary bacterial infections. In addition, we discuss the pathophysiology and prevention modes of the virus\u2013bacterium coexistence. A search of the PubMed and MEDLINE databases was carried out for published articles covering bacterial infections associated with respiratory viruses. This review should provide clinicians with a comprehensive idea of the range of bacterial and viral coinfections or secondary infections that could present with viral respiratory illness.",
   "publish_time": "2015 Aug 24",
   "authors": [
      "Hendaus, Mohamed A",
      "Jomha, Fatima A",
      "Alhammadi, Ahmed H"
   ],
   "journal": "Ther Clin Risk Manag",
   "has_full_text": "True",
   "full_text_file": "noncomm_use_subset",
   "id": "https://doi.org/10.2147/TCRM.S87789",
   "pubtator": "PMC4554399",
   "fhir_link": [
      "Non-comercial/Composition/091b857ba8a07eca145ae411f7202ca3a4d970df"
   ]
}