{
   "sha": "85dfb59af4c4ec824f1f62c645e5b91a6e3cc814",
   "source_x": "PMC",
   "title": "2015 ACVIM Forum Research Abstract Program",
   "doi": "10.1111/jvim.12609",
   "pmcid": "PMC4895366",
   "license": "cc-by-nc",
   "publish_time": "2015 May 27 Jul-Aug",
   "journal": "J Vet Intern Med",
   "has_full_text": "True",
   "full_text_file": "noncomm_use_subset",
   "id": "https://doi.org/10.1111/jvim.12609",
   "pubtator": "PMC4895366",
   "fhir_link": [
      "Non-comercial/Composition/85dfb59af4c4ec824f1f62c645e5b91a6e3cc814"
   ]
}