{
   "sha": "01aa247284f0baf43293d8ea335b70781365a985",
   "source_x": "PMC",
   "title": "Comparative Evaluation of Three Homogenization Methods for Isolating Middle East Respiratory Syndrome Coronavirus Nucleic Acids From Sputum Samples for Real-Time Reverse Transcription PCR",
   "doi": "10.3343/alm.2016.36.5.457",
   "pmcid": "PMC4940489",
   "pubmed_id": "27374711",
   "license": "cc-by-nc",
   "abstract": "BACKGROUND: Real-time reverse transcription PCR (rRT-PCR) of sputum samples is commonly used to diagnose Middle East respiratory syndrome coronavirus (MERS-CoV) infection. Owing to the difficulty of extracting RNA from sputum containing mucus, sputum homogenization is desirable prior to nucleic acid isolation. We determined optimal homogenization methods for isolating viral nucleic acids from sputum. METHODS: We evaluated the following three sputum-homogenization methods: proteinase K and DNase I (PK-DNase) treatment, phosphate-buffered saline (PBS) treatment, and N-acetyl-L-cysteine and sodium citrate (NALC) treatment. Sputum samples were spiked with inactivated MERS-CoV culture isolates. RNA was extracted from pretreated, spiked samples using the easyMAG system (bioM\u00e9rieux, France). Extracted RNAs were then subjected to rRT-PCR for MERS-CoV diagnosis (DiaPlex Q MERS-coronavirus, SolGent, Korea). RESULTS: While analyzing 15 spiked sputum samples prepared in technical duplicate, false-negative results were obtained with five (16.7%) and four samples (13.3%), respectively, by using the PBS and NALC methods. The range of threshold cycle (Ct) values observed when detecting upE in sputum samples was 31.1\u201335.4 with the PK-DNase method, 34.7\u201339.0 with the PBS method, and 33.9\u201338.6 with the NALC method. Compared with the control, which were prepared by adding a one-tenth volume of 1:1,000 diluted viral culture to PBS solution, the ranges of Ct values obtained by the PBS and NALC methods differed significantly from the mean control Ct of 33.2 (both P<0.0001). CONCLUSIONS: The PK-DNase method is suitable for homogenizing sputum samples prior to RNA extraction.",
   "publish_time": "2016 Sep 24",
   "authors": [
      "Sung, Heungsup",
      "Yong, Dongeun",
      "Ki, Chang-Seok",
      "Kim, Jae-Seok",
      "Seong, Moon-Woo",
      "Lee, Hyukmin",
      "Kim, Mi-Na"
   ],
   "journal": "Ann Lab Med",
   "has_full_text": "True",
   "full_text_file": "noncomm_use_subset",
   "id": "https://doi.org/10.3343/alm.2016.36.5.457",
   "pubtator": "PMC4940489",
   "fhir_link": [
      "Non-comercial/Composition/01aa247284f0baf43293d8ea335b70781365a985"
   ]
}