{
   "sha": "3062fc222bccc8c520612d9d6c9b91f048be12b8",
   "source_x": "PMC",
   "title": "Propagation of Human Embryonic Stem Cells on Human Amniotic Fluid Cells as Feeder Cells in Xeno-Free Culture Conditions",
   "doi": "10.12717/DR.2016.20.1.063",
   "pmcid": "PMC4899559",
   "pubmed_id": "27294211",
   "license": "cc-by-nc",
   "abstract": "Human embryonic stem cells (hESCs) have been routinely cultured on mouse embryonic fibroblast feederlayers with a medium containing animal materials. For clinical application of hESCs, animal-derived products from the animal feeder cells, animal substrates such as gelatin or Matrigel and animal serum are strictly to be eliminated in the culture system. In this study, we performed that SNUhES32 and H1 were cultured on human amniotic fluid cells (hAFCs) with KOSR XenoFree and a humanized substrate. All of hESCs were relatively well propagated on hAFCs feeders with xeno-free conditions and they expressed pluripotent stem cell markers, alkaline phosphatase, SSEA-4, TRA1-60, TRA1-81, Oct-4, and Nanog like hESCs cultured on STO or human foreskin fibroblast feeders. In addition, we observed the expression of nonhuman N-glycolylneuraminic acid (Neu5GC) molecules by flow cytometry, which was xenotransplantation components of contamination in hESCs cultured on animal feeder conditions, was not detected in this xeno-free condition. In conclusion, SNUhES32 and H1 could be maintained on hAFCs for humanized culture conditions, therefore, we suggested that new xenofree conditions for clinical grade hESCs culture will be useful data in future clinical studies.",
   "publish_time": "2016 Mar",
   "authors": [
      "Jung, Juwon",
      "Baek, Jin Ah",
      "Seol, Hye Won",
      "Choi, Young Min"
   ],
   "journal": "Dev Reprod",
   "has_full_text": "True",
   "full_text_file": "noncomm_use_subset",
   "id": "https://doi.org/10.12717/DR.2016.20.1.063",
   "pubtator": "PMC4899559",
   "fhir_link": [
      "Non-comercial/Composition/3062fc222bccc8c520612d9d6c9b91f048be12b8"
   ]
}