{
   "source_x": "Elsevier",
   "title": "Chapter 4 Antiviral Immunity and Virus Vaccines",
   "doi": "10.1016/B978-0-12-800946-8.00004-0",
   "license": "els-covid",
   "abstract": "Abstract This chapter describes mechanisms of antiviral immunity and prophylaxis, including innate and acquired host immunity and vaccination.",
   "publish_time": "2017-12-31",
   "journal": "Fenner's Veterinary Virology",
   "has_full_text": "False",
   "full_text_file": "custom_license",
   "id": "https://doi.org/10.1016/B978-0-12-800946-8.00004-0"
}