{
   "sha": "d1b24d21f2004ee1ed983d5fd7526ff2809443e6",
   "source_x": "PMC",
   "title": "Plant-made vaccines and reagents for the One Health initiative",
   "doi": "10.1080/21645515.2017.1356497",
   "pmcid": "PMC5718809",
   "pubmed_id": "28846485",
   "license": "cc-by-nc-nd",
   "abstract": "The One Health initiative is increasingly becoming a prominent discussion topic in animal and human health, with its focus on prevention of spread of zoonotic diseases, both in animals, and from animals to humans. An important part of One Health is that diagnostics and vaccines for diseases may be the same thing \u2013 and be used for both humans and animals. One potential problem standing in the way of wider adoption of One Health principles, though, is that use of conventional cell fermentation systems for production of the recombinant proteins that could be used as diagnostics or vaccines is often expensive and is not easily scalable. A solution to this may be the use of plants or plant cells as bioreactors: molecular farming, or the production of biologics in plants, is now a well-established science with many proofs of principle and important proofs of efficacy for especially animal vaccines. This review discusses how molecular farming could enable important advances in One Health, using as examples plant-made vacccines, reagents and therapeutics for influenza viruses, ebolaviruses, rabies virus, bunyaviruses and flaviviruses.",
   "publish_time": "2017 Aug 28",
   "authors": [
      "Rybicki, Edward Peter"
   ],
   "journal": "Hum Vaccin Immunother",
   "has_full_text": "True",
   "full_text_file": "noncomm_use_subset",
   "id": "https://doi.org/10.1080/21645515.2017.1356497",
   "pubtator": "PMC5718809",
   "fhir_link": [
      "Non-comercial/Composition/d1b24d21f2004ee1ed983d5fd7526ff2809443e6"
   ]
}