{
   "sha": "b3ed8e8e1f4e6bb576910bc4506303b525c2a1e5",
   "source_x": "PMC",
   "title": "Enhancing \u2018Whole-of-Government\u2019 Response to Biological Events in Korea: Able Response 2014",
   "doi": "10.24171/j.phrp.2018.9.1.06",
   "pmcid": "PMC5831680",
   "pubmed_id": "29503803",
   "license": "cc-by-nc-nd",
   "abstract": "Since 2011, the Republic of Korea (ROK) and United States (U.S.) have been collaborating to conduct inter- and intra-governmental exercises to jointly respond to biological events in Korea. These exercises highlight U.S. interest in increasing its global biosurveillance capability and the ROK\u2019s interest in improving cooperation among ministries to respond to crises. With Able Response (AR) exercises, the ROK and U.S. have improved coordination among US and ROK government and defense agencies responding to potential bio-threats and identified additional areas on which to apply refinements in policies and practices. In 2014, the AR exercise employed a Biosurveillance Portal (BSP) to facilitate more effective communication among participating agencies and countries including Australia. In the present paper, we seek to provide a comprehensive assessment of the AR 2014 (AR14) exercise and make recommendations for future improvements. Incorporating a more realistic response in future scenarios by integrating a tactical response episode in the exercise is recommended.",
   "publish_time": "2018 Feb",
   "authors": [
      "Tak, Sangwoo",
      "Jareb, Anton",
      "Choi, Suon",
      "Sikes, Marvin",
      "Choi, Yeon Hwa",
      "Boo, Hyeong-wook"
   ],
   "journal": "Osong Public Health Res Perspect",
   "has_full_text": "True",
   "full_text_file": "noncomm_use_subset",
   "id": "https://doi.org/10.24171/j.phrp.2018.9.1.06",
   "pubtator": "PMC5831680",
   "fhir_link": [
      "Non-comercial/Composition/b3ed8e8e1f4e6bb576910bc4506303b525c2a1e5"
   ]
}