{
   "sha": "3e3f1f1b1f7f02523bc38fc9a0c321d1ccc9e1b8",
   "source_x": "PMC",
   "title": "Zinc Deficiency\u2010Like Syndrome in Fleckvieh Calves: Clinical and Pathological Findings and Differentiation from Bovine Hereditary Zinc Deficiency",
   "doi": "10.1111/jvim.15040",
   "pmcid": "PMC5866964",
   "pubmed_id": "29424482",
   "license": "cc-by-nc",
   "abstract": "BACKGROUND: Zinc deficiency\u2010like (ZDL) syndrome is an inherited defect of Fleckvieh calves, with striking similarity to bovine hereditary zinc deficiency (BHZD). However, the causative mutation in a phospholipase D4 encoding gene (PLD4) shows no connection to zinc metabolism. OBJECTIVES: To describe clinical signs, laboratory variables, and pathological findings of ZDL syndrome and their utility to differentiate ZDL from BHZD and infectious diseases with similar phenotype. ANIMALS: Nine hospitalized calves with crusting dermatitis and confirmed mutation in PLD4 and medical records from 25 calves with crusting dermatitis or suspected zinc deficiency. METHODS: Prospective and retrospective case series. RESULTS: The 9 calves (age: 5\u201353 weeks) displayed a moderate to severe crusting dermatitis mainly on the head, ventrum, and joints. Respiratory and digestive tract inflammations were frequently observed. Zinc supplementation did not lead to remission of clinical signs in 4 calves. Laboratory variables revealed slight anemia in 8 calves, hypoalbuminemia in 6 calves, but reduced serum zinc concentrations in only 3 calves. Mucosal erosions/ulcerations were present in 7 calves and thymus atrophy or reduced thymic weights in 8 calves. Histologically, skin lesions were indistinguishable from BHZD. Retrospective analysis of medical records revealed the presence of this phenotype since 1988 and pedigree analysis revealed a common ancestor of several affected calves. CONCLUSIONS AND CLINICAL IMPORTANCE: ZDL syndrome should be suspected in Fleckvieh calves with crusting dermatitis together with diarrhea or respiratory tract inflammations without response to oral zinc supplementation. Definite diagnosis requires molecular genetic confirmation of the PLD4 mutation.",
   "publish_time": "2018 Feb 9 Mar-Apr",
   "authors": [
      "Langenmayer, M.C.",
      "Jung, S.",
      "Majzoub\u2010Altweck, M.",
      "Trefz, F.M.",
      "Seifert, C.",
      "Knubben\u2010Schweizer, G.",
      "Fries, R.",
      "Hermanns, W.",
      "Gollnick, N.S."
   ],
   "journal": "J Vet Intern Med",
   "has_full_text": "True",
   "full_text_file": "noncomm_use_subset",
   "id": "https://doi.org/10.1111/jvim.15040",
   "pubtator": "PMC5866964",
   "fhir_link": [
      "Non-comercial/Composition/3e3f1f1b1f7f02523bc38fc9a0c321d1ccc9e1b8"
   ]
}