{
   "source_x": "PMC",
   "title": "Minus-strand copies of replicating coronavirus mRNAs contain antileaders.",
   "pmcid": "PMC240520",
   "abstract": "The 5' leader sequence on mRNAs of the porcine transmissible gastroenteritis coronavirus was determined and found to be 90 nucleotides in length. An oligodeoxynucleotide with a sequence from within the leader was used as a probe in Northern analysis on RNA from infected cells, and an antileader (a minus-strand copy of the leader sequence) was shown to be present on all mRNA minus-strand species. RNase protection analysis showed the antileader to be approximately the same length as the leader. The kinetics of antileader appearance was the same as that for the appearance of minus-strand RNA species. This, along with a demonstration that viral mRNAs become packaged, gives further support to the idea that coronavirus mRNAs can undergo replication via subgenomic mRNA-length replicative intermediates, and that input mRNAs from infecting virions may serve as initial templates for their own replication. In this sense, then, coronaviruses behave in part like RNA viruses with segmented genomes.",
   "authors": [
      "['Sethna, P B', 'Hofmann, M A', 'Brian, D A']"
   ],
   "id": "https://www.ncbi.nlm.nih.gov/pmc/articles/PMC240520"
}