{
   "sha": "29445ecd280247f79d6cebe0c3b4d06796e72eb9",
   "source_x": "PMC",
   "title": "Isolation and characterization of Korean porcine deltacoronavirus strain KNU16-07",
   "doi": "10.4142/jvs.2018.19.4.577",
   "pmcid": "PMC6070590",
   "pubmed_id": "29695146",
   "license": "cc-by-nc",
   "abstract": "Porcine deltacoronavirus (PDCoV) has emerged in several pig-raising countries and has been a causative pathogen associated with diarrheal diseases in South Korea since 2014. In the present study, we were able to isolate and cultivate a Korean PDCoV strain (KNU16-07) in cell culture and investigate its pathogenicity. PDCoV-inoculated piglets showed watery diarrhea accompanied by acute enteritis in the natural host. Sequencing analysis demonstrated the genetic stability of KNU16-07 for at least thirty serial passages.",
   "publish_time": "2018 Jul 26",
   "authors": [
      "Jang, Guehwan",
      "Kim, Seong-Hee",
      "Lee, Yoo Jin",
      "Kim, Seungjoon",
      "Lee, Du Sik",
      "Lee, Kyoung-Ki",
      "Lee, Changhee"
   ],
   "journal": "J Vet Sci",
   "has_full_text": "True",
   "full_text_file": "noncomm_use_subset",
   "id": "https://doi.org/10.4142/jvs.2018.19.4.577",
   "pubtator": "PMC6070590",
   "fhir_link": [
      "Non-comercial/Composition/29445ecd280247f79d6cebe0c3b4d06796e72eb9"
   ]
}