{
   "sha": "aa92ab17aef0b2ef391bad5a3590956c72794948",
   "source_x": "PMC",
   "title": "Estimating Infection Attack Rates and Severity in Real Time during an Influenza Pandemic: Analysis of Serial Cross-Sectional Serologic Surveillance Data",
   "doi": "http://dx.doi.org/10.1371/journal.pmed.1001103",
   "pmcid": "PMC3186812",
   "pubmed_id": "21990967",
   "license": "CC BY",
   "abstract": "BACKGROUND: In an emerging influenza pandemic, estimating severity (the probability of a severe outcome, such as hospitalization, if infected) is a public health priority. As many influenza infections are subclinical, sero-surveillance is needed to allow reliable real-time estimates of infection attack rate (IAR) and severity. METHODS AND FINDINGS: We tested 14,766 sera collected during the first wave of the 2009 pandemic in Hong Kong using viral microneutralization. We estimated IAR and infection-hospitalization probability (IHP) from the serial cross-sectional serologic data and hospitalization data. Had our serologic data been available weekly in real time, we would have obtained reliable IHP estimates 1 wk after, 1\u20132 wk before, and 3 wk after epidemic peak for individuals aged 5\u201314 y, 15\u201329 y, and 30\u201359 y. The ratio of IAR to pre-existing seroprevalence, which decreased with age, was a major determinant for the timeliness of reliable estimates. If we began sero-surveillance 3 wk after community transmission was confirmed, with 150, 350, and 500 specimens per week for individuals aged 5\u201314 y, 15\u201319 y, and 20\u201329 y, respectively, we would have obtained reliable IHP estimates for these age groups 4 wk before the peak. For 30\u201359 y olds, even 800 specimens per week would not have generated reliable estimates until the peak because the ratio of IAR to pre-existing seroprevalence for this age group was low. The performance of serial cross-sectional sero-surveillance substantially deteriorates if test specificity is not near 100% or pre-existing seroprevalence is not near zero. These potential limitations could be mitigated by choosing a higher titer cutoff for seropositivity. If the epidemic doubling time is longer than 6 d, then serial cross-sectional sero-surveillance with 300 specimens per week would yield reliable estimates when IAR reaches around 6%\u201310%. CONCLUSIONS: Serial cross-sectional serologic data together with clinical surveillance data can allow reliable real-time estimates of IAR and severity in an emerging pandemic. Sero-surveillance for pandemics should be considered. Please see later in the article for the Editors' Summary",
   "publish_time": "2011 Oct 4",
   "authors": [
      "['Wu, Joseph T.', 'Ho, Andrew', 'Ma, Edward S. K.', 'Lee, Cheuk Kwong', 'Chu, Daniel K. W.', 'Ho, Po-Lai', 'Hung, Ivan F. N.', 'Ho, Lai Ming', 'Lin, Che Kit', 'Tsang, Thomas', 'Lo, Su-Vui', 'Lau, Yu-Lung', 'Leung, Gabriel M.', 'Cowling, Benjamin J.', 'Peiris, J. S. Malik']"
   ],
   "journal": "PLoS Med",
   "has_full_text": "True",
   "id": "aa92ab17aef0b2ef391bad5a3590956c72794948",
   "fhir_link": "Commercial/Composition/aa92ab17aef0b2ef391bad5a3590956c72794948.json"
}