{
   "sha": "5072f11488276a2dc8171394942364d59373c743",
   "source_x": "PMC",
   "title": "Performance evaluation of antimicrobial peptide ll-37 and hepcidin and \u03b2-defensin-2 secreted by mesenchymal stem cells",
   "doi": "10.1016/j.heliyon.2019.e02652",
   "pmcid": "PMC6820248",
   "pubmed_id": "31687504",
   "license": "cc-by-nc-nd",
   "abstract": "Peptides are secreted by different cell types and are trendy therapeutic agents that have attracted attention for the treatment of several diseases such as infections. Antimicrobial peptides exert various mechanisms such as changing cell membrane permeability which leads to inhibition or death of bacterial cells. mesenchymal stem cells (MSCs) are key to produce antimicrobial peptides and to inhibit the growth of pathogens. These cells have been shown to be capable of producing antimicrobial peptides upon exposure to different bacteria. As a result, antimicrobial peptides can be considered as novel agents for the treatment of infectious diseases. The purpose of this review was to investigate the targets and mechanisms of antimicrobial peptides secreted by MSCs.",
   "publish_time": "2019 Oct 23",
   "authors": [
      "Esfandiyari, Reza",
      "Halabian, Raheleh",
      "Behzadi, Elham",
      "Sedighian, Hamid",
      "Jafari, Ramezan",
      "Imani Fooladi, Abbas Ali"
   ],
   "journal": "Heliyon",
   "has_full_text": "True",
   "full_text_file": "noncomm_use_subset",
   "id": "https://doi.org/10.1016/j.heliyon.2019.e02652",
   "pubtator": "PMC6820248",
   "fhir_link": [
      "Non-comercial/Composition/5072f11488276a2dc8171394942364d59373c743"
   ]
}