{
   "source_x": "PMC",
   "title": "1675. Implementation of Electronic Travel History Screening at an Urban Medical Center",
   "doi": "10.1093/ofid/ofz360.1539",
   "pmcid": "PMC6809912",
   "license": "cc-by-nc-nd",
   "abstract": "BACKGROUND: Middle East Respiratory Syndrome (MERS), caused by a novel coronavirus, can lead to severe respiratory failure and death. CDC recommends screening patients who traveled to endemic countries for fever, respiratory symptoms, and exposure to MERS-positive contacts and healthcare facilities. UCLA is a large, academic, medical center located in a diverse city with frequent international travel. We implemented a travel screening (TS) questionnaire in our electronic medical record (EMR) (Figure 1) to identify high-risk patients in order to implement early isolation practices and testing. This study describes the use and performance of our TS for identifying suspect MERS cases. METHODS: An EMR-based tool prompts nurses to ask patients at triage or admission whether they have traveled out of the country in the past 30 days (Figure 1). If patients answer affirmatively, the EMR prompts nurses to inquire about travel to specific high-risk countries and to review symptoms and exposure risks. Upon notification of a potential MERS case, the EID physician on-call reviews the TS, clinical history, epidemiologic risks, and makes a determination whether further evaluation and/or isolation for suspect MERS is necessary. We reviewed travel history, demographics, and symptoms of patients who triggered a positive TS from April 2017 to September 2018. RESULTS: The ED completed 115,815 distinct TS on 81,197 individuals during this time period. The median time from ED arrival to TS completion was 6.4 minutes. 308 ED encounters triggered a positive TS; an additional 257 encounters in other units triggered a positive TS, resulting in 565 positive TS (Table 1). 122 (22%) expressed \u22651 MERS symptom and 29 (24%) expressed both fever and respiratory symptoms. Of these symptomatic patients, 0 had a history of contact with a MERS case; 3 had a history of contact with a healthcare facility while traveling; and 4 had a history of contact with camels. No patients were diagnosed with MERS (Table 2). CONCLUSION: A history of travel to the MERS endemic countries is relatively common at a large urban hospital. Routine electronic screening of patients is an efficient way to identify high-risk travelers. This EMR tool could be modified for other emerging pathogens, such as measles or Ebola, to identify high-risk patients. [Image: see text] [Image: see text] [Image: see text] DISCLOSURES: All authors: No reported disclosures.",
   "publish_time": "2019 Oct 23",
   "authors": [
      "de St. Maurice, Annabelle M",
      "Martinez, Sandra",
      "Sweeney, Sarah",
      "Genta, Elizabeth",
      "Walton, Shaunte",
      "Rubin, Zachary A",
      "Uslan, Daniel"
   ],
   "journal": "Open Forum Infect Dis",
   "has_full_text": "False",
   "full_text_file": "noncomm_use_subset",
   "id": "https://doi.org/10.1093/ofid/ofz360.1539",
   "pubtator": "PMC6809912"
}