{
   "sha": "be627fe6c9548119d3357c35c9964ad795203329",
   "source_x": "PMC",
   "title": "IFITM3 Inhibits Influenza A Virus Infection by Preventing Cytosolic Entry",
   "doi": "http://dx.doi.org/10.1371/journal.ppat.1002337",
   "pmcid": "PMC3203188",
   "pubmed_id": "22046135",
   "license": "CC BY",
   "abstract": "To replicate, viruses must gain access to the host cell's resources. Interferon (IFN) regulates the actions of a large complement of interferon effector genes (IEGs) that prevent viral replication. The interferon inducible transmembrane protein family members, IFITM1, 2 and 3, are IEGs required for inhibition of influenza A virus, dengue virus, and West Nile virus replication in vitro. Here we report that IFN prevents emergence of viral genomes from the endosomal pathway, and that IFITM3 is both necessary and sufficient for this function. Notably, viral pseudoparticles were inhibited from transferring their contents into the host cell cytosol by IFN, and IFITM3 was required and sufficient for this action. We further demonstrate that IFN expands Rab7 and LAMP1-containing structures, and that IFITM3 overexpression is sufficient for this phenotype. Moreover, IFITM3 partially resides in late endosomal and lysosomal structures, placing it in the path of invading viruses. Collectively our data are consistent with the prediction that viruses that fuse in the late endosomes or lysosomes are vulnerable to IFITM3's actions, while viruses that enter at the cell surface or in the early endosomes may avoid inhibition. Multiple viruses enter host cells through the late endocytic pathway, and many of these invaders are attenuated by IFN. Therefore these findings are likely to have significance for the intrinsic immune system's neutralization of a diverse array of threats.",
   "publish_time": "2011 Oct 27",
   "authors": [
      "['Feeley, Eric M.', 'Sims, Jennifer S.', 'John, Sinu P.', 'Chin, Christopher R.', 'Pertel, Thomas', 'Chen, Li-Mei', 'Gaiha, Gaurav D.', 'Ryan, Bethany J.', 'Donis, Ruben O.', 'Elledge, Stephen J.', 'Brass, Abraham L.']"
   ],
   "journal": "PLoS Pathog",
   "has_full_text": "False",
   "id": "be627fe6c9548119d3357c35c9964ad795203329"
}