{
   "sha": "8d3800d0ab71b59ea6a298927762a3fd09655107",
   "source_x": "PMC",
   "title": "Anaplasma phagocytophilum Infection in North Norway. The First Laboratory Confirmed Case",
   "doi": "10.1186/1751-0147-46-167",
   "pmcid": "PMC1624813",
   "pubmed_id": "16261930",
   "license": "no-cc",
   "publish_time": "2005 Sep 30",
   "authors": [
      "Stuen, S",
      "Oppegaard, A Solli",
      "Bergstr\u00f6m, K",
      "Moum, T"
   ],
   "journal": "Acta Vet Scand",
   "has_full_text": "True",
   "full_text_file": "custom_license",
   "id": "https://doi.org/10.1186/1751-0147-46-167",
   "pubtator": "PMC1624813",
   "fhir_link": [
      "PMC/Composition/8d3800d0ab71b59ea6a298927762a3fd09655107"
   ]
}