{
   "sha": "42822532587ea4f62ac2b8df0502ac1db09a9552",
   "source_x": "PMC",
   "title": "Clinical review: Influenza pandemic \u2013 physicians and their obligations",
   "doi": "10.1186/cc6918",
   "pmcid": "PMC2481470",
   "pubmed_id": "18598380",
   "license": "no-cc",
   "abstract": "An influenza pandemic threatens to be the most lethal public health crisis to confront the world. Physicians will have critical roles in diagnosis, containment and treatment of influenza, and their commitment to treat despite increased personal risks is essential for a successful public health response. The obligations of the medical profession stem from the unique skills of its practitioners, who are able to provide more effective aid than the general public in a medical emergency. The free choice of profession and the societal contract from which doctors derive substantial benefits affirm this commitment. In hospitals, the duty will fall upon specialties that are most qualified to deal with an influenza pandemic, such as critical care, pulmonology, anesthesiology and emergency medicine. It is unrealistic to expect that this obligation to treat should be burdened with unlimited risks. Instead, risks should be minimized and justified against the effectiveness of interventions. Institutional and public cooperation in logistics, remuneration and psychological/legal support may help remove the barriers to the ability to treat. By stepping forward in duty during such a pandemic, physicians will be able to reaffirm the ethical center of the profession and lead the rest of the healthcare team in overcoming the medical crisis.",
   "publish_time": "2008 Jun 24",
   "authors": [
      "Anantham, Devanand",
      "McHugh, Wendy",
      "O'Neill, Stephen",
      "Forrow, Lachlan"
   ],
   "journal": "Crit Care",
   "has_full_text": "True",
   "full_text_file": "custom_license",
   "id": "https://doi.org/10.1186/cc6918",
   "pubtator": "PMC2481470",
   "fhir_link": [
      "PMC/Composition/42822532587ea4f62ac2b8df0502ac1db09a9552"
   ]
}