{
   "sha": "98e85066186167e53509cadef5d5389f2087da2e",
   "source_x": "PMC",
   "title": "Mesodynamics in the SARS nucleocapsid measured by NMR field cycling",
   "doi": "10.1007/s10858-009-9347-6",
   "pmcid": "PMC2728245",
   "pubmed_id": "19641854",
   "license": "no-cc",
   "abstract": "Protein motions on all timescales faster than molecular tumbling are encoded in the spectral density. The dissection of complex protein dynamics is typically performed using relaxation rates determined at high and ultra-high field. Here we expand this range of the spectral density to low fields through field cycling using the nucleocapsid protein of the SARS coronavirus as a model system. The field-cycling approach enables site-specific measurements of R(1) at low fields with the sensitivity and resolution of a high-field magnet. These data, together with high-field relaxation and heteronuclear NOE, provide evidence for correlated rigid-body motions of the entire \u03b2-hairpin, and corresponding motions of adjacent loops with a time constant of 0.8 ns (mesodynamics). MD simulations substantiate these findings and provide direct verification of the time scale and collective nature of these motions.",
   "publish_time": "2009 Sep 30",
   "authors": [
      "Clarkson, Michael W.",
      "Lei, Ming",
      "Eisenmesser, Elan Z.",
      "Labeikovsky, Wladimir",
      "Redfield, Alfred",
      "Kern, Dorothee"
   ],
   "journal": "J Biomol NMR",
   "has_full_text": "True",
   "full_text_file": "custom_license",
   "id": "https://doi.org/10.1007/s10858-009-9347-6",
   "pubtator": "PMC2728245",
   "fhir_link": [
      "PMC/Composition/98e85066186167e53509cadef5d5389f2087da2e"
   ]
}