{
   "sha": "3e6e8f31ed44595ef47bb2d50934901e5d681654",
   "source_x": "PMC",
   "title": "An optimized microarray platform for assaying genomic variation in Plasmodium falciparum field populations",
   "doi": "http://dx.doi.org/10.1186/gb-2011-12-4-r35",
   "pmcid": "PMC3218861",
   "pubmed_id": "21477297",
   "license": "CC BY",
   "abstract": "We present an optimized probe design for copy number variation (CNV) and SNP genotyping in the Plasmodium falciparum genome. We demonstrate that variable length and isothermal probes are superior to static length probes. We show that sample preparation and hybridization conditions mitigate the effects of host DNA contamination in field samples. The microarray and workflow presented can be used to identify CNVs and SNPs with 95% accuracy in a single hybridization, in field samples containing up to 92% human DNA contamination.",
   "publish_time": "2011 Apr 8",
   "authors": [
      "['Tan, John C', 'Miller, Becky A', 'Tan, Asako', 'Patel, Jigar J', 'Cheeseman, Ian H', 'Anderson, Tim JC', 'Manske, Magnus', 'Maslen, Gareth', 'Kwiatkowski, Dominic P', 'Ferdig, Michael T']"
   ],
   "journal": "Genome Biol",
   "has_full_text": "True",
   "id": "3e6e8f31ed44595ef47bb2d50934901e5d681654",
   "fhir_link": "Commercial/Composition/3e6e8f31ed44595ef47bb2d50934901e5d681654.json"
}