{
   "sha": "276d1d1c20336ca2a6f54c7a95507001917e4c44",
   "source_x": "PMC",
   "title": "Tracing SARS-Coronavirus Variant with Large Genomic Deletion",
   "doi": "10.3201/eid1101.040544",
   "pmcid": "PMC3294368",
   "pubmed_id": "15714661",
   "license": "no-cc",
   "publish_time": "2005 Jan",
   "authors": [
      "Chiu, Rossa W.K.",
      "Chim, Stephen S.C.",
      "Tong, Yu-kwan",
      "Fung, Kitty S.C.",
      "Chan, Paul K.S.",
      "Zhao, Guo-ping",
      "Lo, Y.M. Dennis"
   ],
   "journal": "Emerg Infect Dis",
   "has_full_text": "True",
   "full_text_file": "custom_license",
   "id": "https://doi.org/10.3201/eid1101.040544",
   "pubtator": "PMC3294368",
   "fhir_link": [
      "PMC/Composition/276d1d1c20336ca2a6f54c7a95507001917e4c44"
   ]
}