{
   "source_x": "PMC",
   "title": "Detection of Coronavirus Strain 692 by Immune Electron Microscopy",
   "pmcid": "PMC422645",
   "abstract": "Utilization of the technique of immune electron microscopy has enabled the detection of a coronavirus in organ culture harvests derived from a washing from an adult with an acute upper respiratory tract illness; convalescent serum was the source of specific antibody.",
   "authors": [
      "['Kapikian, Albert Z.', 'James, Harvey D.', 'Kelly, Sara J.', 'Vaughn, Annie L.']"
   ],
   "id": "https://www.ncbi.nlm.nih.gov/pmc/articles/PMC422645"
}