{
   "sha": "13b6abc1061e1cb04624b733ae472952f741e17f",
   "source_x": "PMC",
   "title": "Fever Screening at Airports and Imported Dengue",
   "doi": "10.3201/eid1103.040420",
   "pmcid": "PMC3298237",
   "pubmed_id": "15757566",
   "license": "no-cc",
   "abstract": "Airport fever screening in Taiwan, July 2003\u2013June 2004, identified 40 confirmed dengue cases. Results obtained by capture immunoglobulin (Ig) M and IgG enzyme-linked immunoassay, real time 1-step polymerase chain reaction, and virus isolation showed that 33 (82.5%) of 40 patients were viremic. Airport fever screening can thus quickly identify imported dengue cases.",
   "publish_time": "2005 Mar",
   "authors": [
      "Shu, Pei-Yun",
      "Chien, Li-Jung",
      "Chang, Shu-Fen",
      "Su, Chien-Ling",
      "Kuo, Yu-Chung",
      "Liao, Tsai-Ling",
      "Ho, Mei-Shang",
      "Lin, Ting-Hsiang",
      "Huang, Jyh-Hsiung"
   ],
   "journal": "Emerg Infect Dis",
   "has_full_text": "True",
   "full_text_file": "custom_license",
   "id": "https://doi.org/10.3201/eid1103.040420",
   "pubtator": "PMC3298237",
   "fhir_link": [
      "PMC/Composition/13b6abc1061e1cb04624b733ae472952f741e17f"
   ]
}