{
   "sha": "1a9c229f4f866db4f9c23a77b8c1275b52407c64",
   "source_x": "biorxiv",
   "title": "Early in planta detection of Xanthomonas axonopodis pv. punicae in pomegranate using enhanced loop-mediated isothermal amplification assay",
   "doi": "doi.org/10.1101/328674",
   "license": "See https://www.biorxiv.org/about-biorxiv",
   "abstract": "Bacterial blight in pomegranate caused by Xanthomonas axonopodis pv. punicae (Xap) is an increasing threat for pomegranate cultivation in India. To prevent the economic losses, it is pivotal to detect the infection in latent stages rather than in later stages. We have developed an enhanced method termed as loop-mediated isothermal amplification (LAMP) technique to evaluate for the latent detection of Xap in pomegranate using six set of specific primers. Three DNA intercalating dyes were used, such as Ethidium bromide, hydroxynaphthol blue (HNB) and SYBR Green resulted in visualising the positivity for LAMP assay. The reaction time and temperature were to be 65{degrees}C from 30 min onwards, for the dyes and its sensitivity was observed up to 10-7 ng in the LAMP assay. For field applicability, LAMP assay detected Xap on 7th day post infection while the PCR amplified Xap after 11th day post infection. Finally, the specificity of LAMP assay was validated to be positive with ten Xap isolates for its accuracy and 29 non-Xap bacterial isolates showed negative results. Moreover, this method could be used as a better alternative to PCR based methods, for early detection of the pathogens.",
   "publish_time": "2018-05-22",
   "authors": [
      "Prasanna Kumar, M. K.",
      "Parivallal, P. B.",
      "Manjunath, C.",
      "Mahesh, H.",
      "Narayan, K. S.",
      "babu, g. v.",
      "priyanka, K.",
      "Puneeth, M. E.",
      "Rangaswamy, K. T."
   ],
   "has_full_text": "True",
   "id": "1a9c229f4f866db4f9c23a77b8c1275b52407c64",
   "fhir_link": "bioRxiv-medRxiv/1a9c229f4f866db4f9c23a77b8c1275b52407c64"
}