{
   "sha": "b8fd340a501c5be1a51a01ccf88b43254aab3491",
   "source_x": "Elsevier",
   "title": "Chapter 1 Seeds of Destruction",
   "doi": "10.1016/B978-0-12-802029-6.00001-3",
   "license": "els-covid",
   "abstract": "Abstract This chapter provides the reader with an understanding and appreciation for the scope and importance of biological threats and the opportunity to see where they may be and have become the desire of terrorist groups and the makings of weapons of mass destruction. The history of biological warfare is covered in depth. These major events are important in helping us understand the issues related to using biological substances against an adversary. The difference between biosecurity and biodefense are explained and then related to homeland security and homeland defense, respectively. This chapter also details how expensive these programs are, with nearly $80billion having been spent on civilian biodefense since fiscal year 2001 in the United States alone. As discussed herein, there is a significant difference in the reality and the potential of bioterrorism. Bioterrorism on a large scale is a low-probability event. Bioterrorism on a small scale is a fairly routine occurrence with little potential. Biological threats remain very much in the news. Recent examples, such as laboratory incidents, the Ebola outbreak of 2014, and other emerging threats, are covered in this chapter.",
   "publish_time": "2016-12-31",
   "authors": [
      "Ryan, Jeffrey R."
   ],
   "journal": "Biosecurity and Bioterrorism",
   "has_full_text": "True",
   "full_text_file": "custom_license",
   "id": "https://doi.org/10.1016/B978-0-12-802029-6.00001-3",
   "fhir_link": [
      "PMC/Composition/b8fd340a501c5be1a51a01ccf88b43254aab3491"
   ]
}