{
   "sha": "27cf8042e0891da58b8c21c382a78efdb76110bc",
   "source_x": "PMC",
   "title": "Are SARS Superspreaders Cloud Adults?",
   "doi": "10.3201/eid1104.040639",
   "pmcid": "PMC3320342",
   "pubmed_id": "15834986",
   "license": "no-cc",
   "publish_time": "2005 Apr",
   "authors": [
      "Bassetti, Stefano",
      "Bischoff, Werner E.",
      "Sherertz, Robert J."
   ],
   "journal": "Emerg Infect Dis",
   "has_full_text": "True",
   "full_text_file": "custom_license",
   "id": "https://doi.org/10.3201/eid1104.040639",
   "pubtator": "PMC3320342",
   "fhir_link": [
      "PMC/Composition/27cf8042e0891da58b8c21c382a78efdb76110bc"
   ]
}