{
   "sha": "f7d1b521f0668811e2435b60cce4657ff769f457",
   "source_x": "PMC",
   "title": "Early Defervescence and SARS Recovery",
   "doi": "10.3201/eid1003.030500",
   "pmcid": "PMC3322783",
   "pubmed_id": "15116707",
   "license": "no-cc",
   "publish_time": "2004 Mar",
   "authors": [
      "Wang, Jann-Tay",
      "Wang, Jiun-Ling",
      "Fang, Chi-Tai",
      "Chang, Shan-Chwen"
   ],
   "journal": "Emerg Infect Dis",
   "has_full_text": "True",
   "full_text_file": "custom_license",
   "id": "https://doi.org/10.3201/eid1003.030500",
   "pubtator": "PMC3322783",
   "fhir_link": [
      "PMC/Composition/f7d1b521f0668811e2435b60cce4657ff769f457"
   ]
}