{
   "sha": "80d9d5734676b9a27d165dbb2826d4ba1da23da5",
   "source_x": "PMC",
   "title": "Virus-specific RNA and Antibody from Convalescent-phase SARS Patients Discharged from Hospital",
   "doi": "10.3201/eid1010.040026",
   "pmcid": "PMC3323266",
   "pubmed_id": "15504259",
   "license": "no-cc",
   "abstract": "Severe acute respiratory syndrome (SARS) is caused by a novel coronavirus (SARS-CoV). In a longitudinal cross-sectional study, we determined the prevalence of virus in bodily excretions and time of seroconversion in discharged patients with SARS. Conjunctival, throat, stool, and urine specimens were collected weekly from 64 patients and tested for SARS-CoV RNA by real-time polymerase chain reaction; serum samples were collected weekly and tested for SARS-CoV antibody with indirect enzyme immunoassay and immunofluorescence assay. In total, 126 conjunctival, 124 throat swab, 116 stool, and 124 urine specimens were analyzed. Five patients had positive stool samples, collected in weeks 5\u20139. Two patients seroconverted in weeks 7 and 8; the others were seropositive at the first serum sample collection. In this study, 5 (7.8%) of 64 patients continued to shed viral RNA in stool samples only, for up to week 8 of illness. Most seroconversions occurred by week 6 of illness.",
   "publish_time": "2004 Oct",
   "authors": [
      "Leong, Hoe Nam",
      "Chan, Kwai Peng",
      "Khan, Ali S.",
      "Oon, Lynette",
      "Se-Thoe, Su Yun",
      "Bai, Xin Lai",
      "Yeo, Daniel",
      "Leo, Yee Sin",
      "Ang, Brenda",
      "Ksiazek, Thomas G.",
      "Ling, Ai Ee"
   ],
   "journal": "Emerg Infect Dis",
   "has_full_text": "True",
   "full_text_file": "custom_license",
   "id": "https://doi.org/10.3201/eid1010.040026",
   "pubtator": "PMC3323266",
   "fhir_link": [
      "PMC/Composition/80d9d5734676b9a27d165dbb2826d4ba1da23da5"
   ]
}