{
   "sha": "aad76905ce54679c80b75e4ee35717c30e7e1099",
   "source_x": "biorxiv",
   "title": "Using pan RNA-seq analysis to reveal the ubiquitous existence of 5' and 3' end small RNAs",
   "doi": "doi.org/10.1101/444117",
   "license": "See https://www.biorxiv.org/about-biorxiv",
   "abstract": "In this study, we used pan RNA-seq analysis to reveal the ubiquitous existence of 5 end and 3 end small RNAs. 5 and 3 sRNAs alone can be used to annotate mitochondrial with 1-bp resolution and nuclear non-coding genes and identify new steady-state RNAs, which are usually from functional genes. Using 5, 3 and intronic sRNAs, we revealed that the enzymatic dsRNA cleavage and RNAi could involve in the RNA degradation and gene expression regulation of U1 snRNA in human. The further study of 5, 3 and intronic sRNAs help rediscover double-stranded RNA (dsRNA) cleavage, RNA interference (RNAi) and the regulation of gene expression, which challenges the classical theories. In this study, we provided a simple and cost effective way for the annotation of mitochondrial and nuclear non-coding genes and the identification of new steady-state RNAs, particularly long non-coding RNAs (lncRNAs). We also provided a different point of view for cancer and virus, based on the new discoveries of dsRNA cleavage, RNAi and the regulation of gene expression.",
   "publish_time": "2019-01-31",
   "authors": [
      "Xu, X.",
      "Ji, H.",
      "Cheng, Z.",
      "Jin, X.",
      "Yao, X.",
      "Liu, Y.",
      "Zhao, Q.",
      "Zhang, T.",
      "Ruan, J.",
      "Bu, W.",
      "Chen, Z.",
      "Shan, G."
   ],
   "has_full_text": "True",
   "id": "aad76905ce54679c80b75e4ee35717c30e7e1099",
   "fhir_link": "bioRxiv-medRxiv/Composition/aad76905ce54679c80b75e4ee35717c30e7e1099"
}