{
   "sha": "189b6018d5c5a6c07a3a7f33911d9302bbc3f2c0",
   "source_x": "Elsevier",
   "title": "Chapter 9 Edible Vaccines",
   "doi": "10.1016/B978-0-12-802221-4.00009-1",
   "license": "els-covid",
   "abstract": "Abstract Vaccines are considered primary tools for health intervention in both humans and animals. Vaccines can be used more widely, especially in developing countries, if their cost of production can be reduced and they can be preserved without refrigeration. In developing countries certain limitations, like vaccine affordability, the need for \u201ccold chains\u201d from the producer to the site of use of the vaccine, and the dependence on injection, are barriers to health care services. Plant-derived vaccines do not face such limitations. Research under way is dedicated to solving these limitations by finding ways to produce oral (edible) vaccines from transgenic plants. Plant-derived vaccines offer increased safety, envisage low-cost programs for mass vaccination, and propose a wider use of vaccination for veterinary use.",
   "publish_time": "2015-12-31",
   "authors": [
      "Bhatia, Saurabh",
      "Dahiya, Randhir"
   ],
   "journal": "Modern Applications of Plant Biotechnology in Pharmaceutical Sciences",
   "has_full_text": "True",
   "full_text_file": "custom_license",
   "id": "https://doi.org/10.1016/B978-0-12-802221-4.00009-1",
   "fhir_link": [
      "PMC/Composition/189b6018d5c5a6c07a3a7f33911d9302bbc3f2c0"
   ]
}