{
   "sha": "50aa3305f87a409bd1601bdec5d3cd404fe825a3",
   "source_x": "biorxiv",
   "title": "HUMAN BOCAVIRUS PREVALENCE IN CHILDREN WITH ACUTE GASTROENTERITIS FROM RURAL COMMUNITIES IN THE NORTHEN REGION OF SOUTH AFRICA",
   "doi": "doi.org/10.1101/830281",
   "license": "See https://www.biorxiv.org/about-biorxiv",
   "abstract": "BACKGROUNDAcute gastroenteritis (AGE) is a leading cause of morbidity and mortality in young children worldwide. Human Bocavirus (HBoV) is an emerging virus globally associated with diarrhea. The aim of this study was to demonstrate the prevalence of HBoV genotypes in children ([&le;]5 years) from rural communities in South Africa (SA) suffering from AGE.\\n\\nMATERIAL AND METHODA total of 141 fecal samples of children [&le;]5 years with acute gastroenteritis (AGE) were collected from rural Primary Health Care facilities in the Vhembe district of SA between June 2017 and July 2018. Clinical symptoms and demographic data were also recorded. A total of 102 (72%) were outpatients and 39 (28%) were hospitalized patients. Human Bocavirus (HBoV) genotypes were determined using Real-Time Multiplex PCR. DNA extracts of positive samples were confirmed by conventional PCR targeting the NS1 gene. Co-infection with other enteric viruses were determined in HBoV positive samples using Real-Time PCR.\\n\\nRESULTSHBoV was detected in 8 (5.7%) children with AGE. Children were in the age group between 1-24 months. HBoV1 and HBoV3 genotypes were each detected in 3 (37.5%) stool samples and HBoV2 in 2 (25%) stool samples. Co-infection with other enteric viruses included Rotavirus (37.5%); Adenovirus (37.5%); Norovirus (25%) and Astrovirus (12.5%).\\n\\nCONCLUSIONHBoV infections could be seen as a potential emerging diarrheal pathogen in South Africa. Further studies are required to understand the role of HBoV infections in children and adults with acute gastroenteritis.\\n\\nAuthor summaryAcute gastroenteritis (AGE) is recognized as a major cause for mortality in children [&le;]5 years of age in Africa and other developing countries. Viruses known to be involved in AGE includes Rotavirus, Norovirus, Astrovirus and Adenovirus and have been reported globally. Recently the Human Bocavirus (HBoV) have been reported in numerous studies globally as a potential cause of diarrhea. In this study, the prevalence and genetic diversity of human Bocavirus in children with AGE from rural communities in Limpopo, South Africa were investigated. In total, 141 stool samples from children [&le;] 5 years with AGE were assessed for the presence of HBoV using Real-Time PCR. HBoV were detected in 8 (5.7%) patients and included 3 positive samples for HBoV1 and HBoV3 respectively and 2 positive for HBoV2. No HBoV4 were detected. Among the 8 positive HBoV samples, co-infection with other enteric viruses were found in 7 (87.5%) samples, while mono infection with HBoV alone was detected in 1 (12.5%) patient. HBoV mixed infection with Rotavirus (3/8; 37.5%); Adenovirus (3/8; 37.5%); Norovirus (2/8; 25%) and Astrovirus (1/8; 12.5%) were observed in this study. This study reported for the first time on the prevalence of human Bocavirus in children with AGE from rural communities in South Africa.",
   "publish_time": "2019-11-04",
   "authors": [
      "Rikhotso, M.",
      "Khumela, R.",
      "Kabue, J. P.",
      "Traore, A. N.",
      "Potgieter, N."
   ],
   "has_full_text": "True",
   "id": "50aa3305f87a409bd1601bdec5d3cd404fe825a3",
   "fhir_link": "bioRxiv-medRxiv/50aa3305f87a409bd1601bdec5d3cd404fe825a3"
}