{
   "sha": "147048173a533a2503ddabbd4aedadd921ecb82c",
   "source_x": "PMC",
   "title": "Laboratory Testing for Middle East Respiratory Syndrome Coronavirus, California, USA, 2013\u20132014",
   "doi": "10.3201/eid2109.150476",
   "pmcid": "PMC4550170",
   "pubmed_id": "26291839",
   "license": "no-cc",
   "abstract": "Since Middle East respiratory syndrome coronavirus (MERS-CoV) first emerged, the California Department of Public Health has coordinated efforts to identify possible cases in travelers to California, USA, from affected areas. During 2013\u20132014, the department investigated 54 travelers for MERS-CoV; none tested positive, but 32 (62%) of 52 travelers with suspected MERS-CoV had other respiratory viruses.",
   "publish_time": "2015 Sep",
   "authors": [
      "Shahkarami, Mahtab",
      "Yen, Cynthia",
      "Glaser, Carol",
      "Xia, Dongxiang",
      "Watt, James",
      "Wadford, Debra A."
   ],
   "journal": "Emerg Infect Dis",
   "has_full_text": "True",
   "full_text_file": "custom_license",
   "id": "https://doi.org/10.3201/eid2109.150476",
   "pubtator": "PMC4550170",
   "fhir_link": [
      "PMC/Composition/147048173a533a2503ddabbd4aedadd921ecb82c"
   ]
}