{
   "sha": "017ca5bdac589a37196df7b8e077c4c371ab32da",
   "source_x": "PMC",
   "title": "Pro/con clinical debate: Isolation precautions for all intensive care unit patients with methicillin-resistant Staphylococcus aureus colonization are essential",
   "doi": "10.1186/cc2817",
   "pmcid": "PMC468889",
   "pubmed_id": "15153232",
   "license": "no-cc",
   "abstract": "Antibiotic-resistant bacteria are an increasingly common problem in intensive care units (ICUs), and they are capable of impacting on patient outcome, the ICU's budget and bed availability. This issue, coupled with recent outbreaks of illnesses that pose a direct risk to ICU staff (such as SARS [severe acute respiratory syndrome]), has led to renewed emphasis on infection control measures and practitioners in the ICU. Infection control measures frequently cause clinicians to practice in a more time consuming way. As a result it is not surprising that ensuring compliance with these measures is not always easy, particularly when their benefit is not immediately obvious. In this issue of Critical Care, two experts face off over the need to isolate patients infected with methicillin-resistant Staphylococcus aureus.",
   "publish_time": "2004 Feb 19",
   "authors": [
      "Farr, Barry M",
      "Bellingan, Geoffrey"
   ],
   "journal": "Crit Care",
   "has_full_text": "True",
   "full_text_file": "custom_license",
   "id": "https://doi.org/10.1186/cc2817",
   "pubtator": "PMC468889",
   "fhir_link": [
      "PMC/Composition/017ca5bdac589a37196df7b8e077c4c371ab32da"
   ]
}