{
   "sha": "5b4118a71d2dc9dae927ebd17ba9dcaa22f57ce2",
   "source_x": "PMC",
   "title": "Thin-Section Computed Tomography Manifestations During Convalescence and Long-Term Follow-Up of Patients with Severe Acute Respiratory Syndrome (SARS)",
   "doi": "10.12659/MSM.896985",
   "pmcid": "PMC4982531",
   "pubmed_id": "27501327",
   "license": "no-cc",
   "abstract": "BACKGROUND: SARS is not only an acute disease, but also leads to long-term impaired lung diffusing capacity in some survivors. However, there is a paucity of data regarding long-term CT findings in survivors after SARS. The aim of this study was to assess the changes in lung function and lung thin-section computed tomography (CT) features in patients recovering from severe acute respiratory syndrome (SARS), especially the dynamic changes in ground-glass opacity (GGO). MATERIAL/METHODS: Clinical and radiological data from 11 patients with SARS were collected. The serial follow-up thin-section CTs were evaluated at 3, 6, and 84 months after SARS presentation. The distribution and predominant thin-section CT findings of lesions were evaluated. RESULTS: The extent of the lesions on the CT scans of the 11 patients decreased at 6 and 84 months compared to 3 months. The number of segments involved on 84-month follow-up CTs was less than those at 6 months (P<0.05). The predominant thin-section CT manifestation at 84 months (intralobular and interlobular septal thickening) was different than that at 6 months, at which GGO was predominant. CONCLUSIONS: During convalescence after SARS, GGO and intralobular and interlobular septal thickening were the main thin-section CT manifestation. Intralobular and interlobular septal thickening predominated over GGO at 84 months.",
   "publish_time": "2016 Aug 8",
   "authors": [
      "Wu, Xiaohua",
      "Dong, Dawei",
      "Ma, Daqing"
   ],
   "journal": "Med Sci Monit",
   "has_full_text": "True",
   "full_text_file": "custom_license",
   "id": "https://doi.org/10.12659/MSM.896985",
   "pubtator": "PMC4982531",
   "fhir_link": [
      "PMC/Composition/5b4118a71d2dc9dae927ebd17ba9dcaa22f57ce2"
   ]
}