{
   "sha": "8856e1f2644acc2d51c57d3ead6dd14a929a014b",
   "source_x": "PMC",
   "title": "Interferon Lambda: A New Sword in Cancer Immunotherapy",
   "doi": "http://dx.doi.org/10.1155/2011/349575",
   "pmcid": "PMC3235441",
   "pubmed_id": "22190970",
   "license": "CC BY",
   "abstract": "The discovery of the interferon-lambda (IFN-\u03bb) family has considerably contributed to our understanding of the role of interferon not only in viral infections but also in cancer. IFN-\u03bb proteins belong to the new type III IFN group. Type III IFN is structurally similar to type II IFN (IFN-\u03b3) but functionally identical to type I IFN (IFN-\u03b1/\u03b2). However, in contrast to type I or type II IFNs, the response to type III IFN is highly cell-type specific. Only epithelial-like cells and to a lesser extent some immune cells respond to IFN-\u03bb. This particular pattern of response is controlled by the differential expression of the IFN-\u03bb receptor, which, in contrast to IFN-\u03b1, should result in limited side effects in patients. Recently, we and other groups have shown in several animal models a potent antitumor role of IFN-\u03bb that will open a new challenging era for the current IFN therapy.",
   "publish_time": "2011 Dec 6",
   "authors": [
      "['Lasfar, Ahmed', 'Abushahba, Walid', 'Balan, Murugabaskar', 'Cohen-Solal, Karine A.']"
   ],
   "journal": "Clin Dev Immunol",
   "has_full_text": "True",
   "id": "8856e1f2644acc2d51c57d3ead6dd14a929a014b",
   "fhir_link": "Commercial/8856e1f2644acc2d51c57d3ead6dd14a929a014b"
}