{
   "sha": "8b71ce92ec03e066eca7792bfd17e2f210d50ce3",
   "source_x": "medrxiv",
   "title": "Optimizing diagnostic strategy for novel coronavirus pneumonia, a multi-center study in Eastern China",
   "doi": "doi.org/10.1101/2020.02.13.20022673",
   "license": "See https://www.medrxiv.org/submit-a-manuscript",
   "abstract": "<jats:p>COVID-19 caused by a novel coronavirus SARS-CoV-2 emerged in Wuhan, Hubei province since December 2019, and caused a rapid outbreak throughout China and globally. Cities outside Hubei are also facing great challenge and require implementing of effective and feasible strategy in precision diagnosing novel coronavirus pneumonia (NCP).  We described a multicenter prospective study on diagnostic strategy of suspected NCP patients from January 22nd to February 9th, 2020 in Eastern China cities. Nasopharyngeal swabs were collected from the patients. The epidemiological characteristics, clinical symptoms, laboratory assessments, and computed tomographic (CT) scans were obtained. Pathogen screen were performed including RT-PCR, multiplex PCR, rapid flu antigen tests and mNGS.  We enrolled 53 suspected NCP patients, among whom 20 were laboratory-confirmed. Fourteen (70%) and 3 (15%) patients were positive for the first and second SARS-CoV-2 RT-PCR test, respectively. All NCP patients were positive for mNGS. Chest CT images and the symptoms of early stage NCP patients were similar to other viral pneumonia patients. We identified 11 of 20 co-infections in NCP cases, including regular respiratory virus, fungi and bacteria synchronously. Genomic analysis showed that 8 of 10 cases had no mutation in virus genome, while 2 cases had only one single mutation in N gene.  Our study discovered that a combination of chest CT, SARS-CoV-2 RT-PCR and multi-plex PCR is recommended in regions outside Hubei province. Co-infection of other pathogens with SARS-CoV-2 exists and should be acknowledged. Repeated sampling, change of specimen type or metagenomics sequencing could further facilitate during critical clinical cases.</jats:p>",
   "publish_time": "2020-02-17",
   "authors": [
      "['Jing-Wen Ai', 'Hao-Cheng Zhang', 'Teng Xu', 'Jing Wu', 'Mengqi Zhu', 'Yi-Qi Yu', 'Han-Yue Zhang', 'Zhongliang Shen', 'Yang Li', 'Xian Zhou', 'Guo-Qing Zang', 'Jie Xu', 'Wen-Jing Chen', 'Yong-Jun Li', 'De-Sheng Xie', 'Ming-Zhe Zhou', 'Jing-Ying Sun', 'Jia-Zhen Chen', 'Wen-Hong Zhang']"
   ],
   "has_full_text": "True",
   "id": "8b71ce92ec03e066eca7792bfd17e2f210d50ce3",
   "fhir_link": "bioRxiv-medRxiv/8b71ce92ec03e066eca7792bfd17e2f210d50ce3"
}