{
   "sha": "672ca9b6e50e26c49fc7be2ef3b4f685badf9db1",
   "source_x": "medrxiv",
   "title": "Modeling and Prediction of the 2019 Coronavirus Disease Spreading in China Incorporating Human Migration Data",
   "doi": "doi.org/10.1101/2020.02.18.20024570",
   "license": "See https://www.medrxiv.org/submit-a-manuscript",
   "abstract": "<jats:p>This study integrates the daily intercity migration data with the classic Susceptible-Exposed-Infected-Removed (SEIR) model to construct a new model suitable for describing the dynamics of epidemic spreading of Coronavirus Disease 2019 (COVID-19) in China. Daily intercity migration data for 367 cities in China are collected from Baidu Migration, a mobile-app based human migration tracking data system. Historical data of infected, recovered and death cases from official source are used for model fitting. The set of model parameters obtained from best data fitting using a constrained nonlinear optimization procedure is used for estimation of the dynamics of epidemic spreading in the coming weeks. Our results show that the number of infections in most cities in China will peak between mid February to early March 2020, with about 0.8%, less than 0.1% and less than 0.01% of  the population eventually infected in Wuhan, Hubei Province and the rest of China, respectively.</jats:p>",
   "publish_time": "2020-02-20",
   "authors": [
      "['Choujun Zhan', 'Chi K. Tse', 'Yuxia Fu', 'Zhikang Lai', 'Haijun Zhang']"
   ],
   "has_full_text": "True",
   "id": "672ca9b6e50e26c49fc7be2ef3b4f685badf9db1",
   "fhir_link": "bioRxiv-medRxiv/Composition/672ca9b6e50e26c49fc7be2ef3b4f685badf9db1"
}