{
   "sha": "d7701711485f822c0f43df58b48faf6a433028c4",
   "source_x": "medrxiv",
   "title": "Transmission potential of the novel coronavirus (COVID-19) onboard the Diamond Princess Cruises Ship, 2020",
   "doi": "doi.org/10.1101/2020.02.24.20027649",
   "license": "See https://www.medrxiv.org/submit-a-manuscript",
   "abstract": "<jats:p>An outbreak of COVID-19 developed aboard the Princess Cruises Ship during January-February 2020. Using mathematical modeling and time-series incidence data describing the trajectory of the outbreak among passengers and crew members, we characterize how the transmission potential varied over the course of the outbreak. Our estimate of the mean reproduction number in the confined setting reached values as high as ~11, which is higher than mean estimates reported from community-level transmission dynamics in China and Singapore (approximate range: 1.1-7). Our findings suggest that Rt decreased substantially compared to values during the early phase after the Japanese government implemented an enhanced quarantine control. Most recent estimates of Rt reached values largely below the epidemic threshold, indicating that a secondary outbreak of the novel coronavirus was unlikely to occur aboard the Diamond Princess Ship.</jats:p>",
   "publish_time": "2020-02-27",
   "authors": [
      "['Kenji Mizumoto', 'Gerardo Chowell']"
   ],
   "has_full_text": "True",
   "id": "d7701711485f822c0f43df58b48faf6a433028c4",
   "fhir_link": "bioRxiv-medRxiv/Composition/d7701711485f822c0f43df58b48faf6a433028c4"
}