{
   "source_x": "PMC",
   "title": "Antibody-Induced Internalization of HIV-1 Env Proteins Limits Surface Expression of the Closed Conformation of Env",
   "doi": "10.1128/JVI.00293-19",
   "pmcid": "PMC6532100",
   "license": "unk",
   "abstract": "To minimize immune responses against infected cells, HIV-1 limits the surface expression of its envelope glycoprotein (Env). Here, we demonstrate that this mechanism is specific for the Env conformation and affects the efficiency of antibody-dependent cellular cytotoxicity (ADCC). Using flow cytometry and confocal microscopy, we show that broadly neutralizing antibodies (bNAbs) targeting the \u201cclosed\u201d conformation of Env induce its internalization from the surface. In contrast, non-neutralizing antibodies (nNAbs) are displayed on the cell surface for prolonged period of times. The bNAb-induced Env internalization can be decreased by blocking dynamin function, which translates into higher susceptibilities of infected cells to ADCC. Our results suggest that antibody-mediated Env internalization is a mechanism used by HIV-1 to evade immune responses against the \u201cclosed\u201d conformation of Env expressed on HIV-1-infected cells. IMPORTANCE HIV-1 has evolved to acquire several strategies to limit the exposure of its envelope glycoproteins (Env) on the surface of infected cells. In this study, we show that antibody-induced Env internalization is conformation specific and reduces the susceptibility of infected cells to antibody-dependent cellular cytotoxicity (ADCC). Thus, a better understanding of this mechanism might help develop antibodies with improved capacities to mediate ADCC.",
   "authors": [
      "Anand, Sai Priya",
      "Grover, Jonathan R.",
      "Tolbert, William D.",
      "Pr\u00e9vost, J\u00e9r\u00e9mie",
      "Richard, Jonathan",
      "Ding, Shilei",
      "Baril, Sophie",
      "Medjahed, Halima",
      "Evans, David T.",
      "Pazgier, Marzena",
      "Mothes, Walther",
      "Finzi, Andr\u00e9s"
   ],
   "has_full_text": "False",
   "id": "https://doi.org/10.1128/JVI.00293-19",
   "pubtator": "PMC6532100"
}