{
   "sha": "6f53b9dff58818839c45410d11b58f0f3e327d8a",
   "source_x": "medrxiv",
   "title": "Estimation of risk factors for COVID-19 mortality - preliminary results",
   "doi": "doi.org/10.1101/2020.02.24.20027268",
   "license": "See https://www.medrxiv.org/submit-a-manuscript",
   "abstract": "<jats:p>Since late December 2019 a new epidemic outbreak has emerged from Whuhan, China. Rapidly the new coronavirus has spread worldwide. China CDC has reported results of a descriptive exploratory analysis of all cases diagnosed until the 11th February 2020, presenting the epidemiologic curves and geo-temporal spread of COVID-19 along with case fatality rate according to some baseline characteristics, such as age, gender and several well-established high prevalence comorbidities. Despite this, we intend to increase even further the predictive value of that manuscript by presenting the odds ratio for mortality due to COVID-19 adjusted for the presence of those comorbidities and baseline characteristics such as age and gender.  Besides, we present a way to determine the risk of each particular patient, given his characteristics. We found that age is the variable that presents higher risk of COVID-19 mortality, where 60 or older patients have an OR = 18.8161 (CI95%[7.1997; 41.5517]). Regarding comorbidities, cardiovascular disease appears to be the riskiest (OR=12.8328 CI95%[10.2736; 15.8643], along with chronic respiratory disease (OR=7.7925 CI95%[5.5446; 10.4319]). Males are more likely to die from COVID-19 (OR=1.8518 (CI95%[1.5996; 2.1270]). Some limitations such as the lack of information about the correct prevalence of gender per age or about comorbidities per age and gender or the assumption of independence between risk factors are expected to have a small impact on results. A final point of paramount importance is that the equation presented here can be used to determine the probability of dying from COVID-19 for a particular patient, given its age interval, gender and comorbidities associated.</jats:p>",
   "publish_time": "2020-02-25",
   "authors": [
      "['Francisco Caramelo', 'Nuno Ferreira', 'Barbara Oliveiros']"
   ],
   "has_full_text": "True",
   "id": "6f53b9dff58818839c45410d11b58f0f3e327d8a",
   "fhir_link": "bioRxiv-medRxiv/Composition/6f53b9dff58818839c45410d11b58f0f3e327d8a"
}