{
   "sha": "e0a53c258ee0483666329ccab591c0753ff49531",
   "source_x": "medrxiv",
   "title": "Key Points of Clinical and CT Imaging Features of 2019 Novel Coronavirus (2019-nCoV) Imported Pneumonia Based On 21 Cases Analysis",
   "doi": "doi.org/10.1101/2020.03.03.20030775",
   "license": "See https://www.medrxiv.org/submit-a-manuscript",
   "abstract": "<jats:p>Background and Objective: WHO Director-General declared that the 2019-nCoV outbreak constitutes a Public Health Emergency of International Concern,and the outbreak is still on-going.Chest CT had been a key component of the diagnostic workup for patients with suspected infection. In this retrospective study, we attempt to summarize and analyze the chest CT features of 2019-nCov infections, and to identify the typical features to improved the diagnostic accuracy of new coronavirus pneumonia (NCP). Methods:Chest CT scans and Clinical data of 21 patients confirmed NCP in our hospital were enrolled.These patients were divided into mild and sever group according to clinical manifestations described by the 6th clinical practice guideline of NCP in China. Main clinical and chest CT features were analyzed and identify. Results: Fever (85.7%) and cough (80.9%) were the two main symptoms of NCP patients.More significantly higher incidence (85.7%) of shortness of breath in the severe cases. Multiple lesions in both lungs and with incidence of GGO(100%),vascular enlargement (76.5%) and cobblestone/reticular pattern(70.6%) were the major feature.The incidence of consolidation, mixed pattern and vascular enlargement features were up to 100% in the severe group, significantly higher than that of patients in mild group. In addition, the incidence of air-bronchogram, dilated bronchi with thickened wall and fibrosis in the severe group was significantly higher than that in the mild group. Conclusions: Fever and cough are the typical clinical features of NCP patients, and chest CT mainly manifested as multiple lesions in both lungs, often accompanied by GGO, vascular enlargement and cobblestone/reticular pattern.Changes in these main CT features can indicate development of the disease.</jats:p>",
   "publish_time": "2020-03-06",
   "authors": [
      "['wenxiu Wu', 'zhifeng xu', 'yabin Jin', 'aizhen Pan']"
   ],
   "has_full_text": "True",
   "id": "e0a53c258ee0483666329ccab591c0753ff49531",
   "fhir_link": "bioRxiv-medRxiv/e0a53c258ee0483666329ccab591c0753ff49531"
}