{
   "source_x": "PMC",
   "title": "Principles for targeting RNA with drug-like small molecules",
   "doi": "10.1038/nrd.2018.93",
   "pmcid": "PMC6420209",
   "license": "unk",
   "abstract": "RNA molecules are essential for cellular information transfer and gene regulation, and RNAs have been implicated in many human diseases. Messenger and non-coding RNAs contain highly structured elements, and evidence suggests that many of these structures are important for function. Targeting these RNAs with small molecules offers opportunities to therapeutically modulate numerous cellular processes, including those linked to \u201cundruggable\u201d protein targets. Despite this promise, there is currently only a single class of human-designed small molecules that target RNA used clinically \u2013 the linezolid antibiotics. A growing number of small-molecule RNA ligands are being identified, however, leading to burgeoning interest in the field. Here, we discuss principles for discovering small-molecule drugs that target RNA and argue that the overarching challenge is to identify appropriate target structures \u2013 namely in disease-causing RNAs that have high information content, and consequently appropriate ligand binding pockets. If focus is placed on such druggable binding sites in RNA, extensive knowledge of the kinds of molecules that comprise conventional drugs could then enable small-molecule drug discovery for RNA targets to become (only) roughly as difficult as for protein targets.",
   "authors": [
      "Warner, Katherine Deigan",
      "Hajdin, Christine E.",
      "Weeks, Kevin M."
   ],
   "has_full_text": "False",
   "id": "https://doi.org/10.1038/nrd.2018.93",
   "pubtator": "PMC6420209"
}