{
   "source_x": "PMC",
   "title": "What Is a Host? Attributes of Individual Susceptibility",
   "doi": "10.1128/IAI.00636-17",
   "pmcid": "PMC5778373",
   "license": "unk",
   "abstract": "In every epidemic some individuals become sick and some may die, whereas others recover from illness and still others show no signs or symptoms of disease. These differences highlight a fundamental question of microbial pathogenesis: why are some individuals susceptible to infectious diseases while others who acquire the same microbe remain well? For most of human history, the answer assumed the hand of providence. With the advent of the germ theory of disease, the focus on disease causality became the microbe, but this did not explain how there can be different outcomes of infection in different individuals with the same microbe. Here we examine the attributes of susceptibility in the context of the \u201cdamage-response framework\u201d of microbial pathogenesis. We identify 11 attributes that, although not independent, are sufficiently distinct to be considered separately: microbiome, inoculum, sex, temperature, environment, age, chance, history, immunity, nutrition, and genetics. We use the first letter of each to create the mnemonic MISTEACHING, underscoring the need for caution in accepting dogma and attributing disease causality to any single factor. For both populations and individuals, variations in the attributes that assemble into MISTEACHING can create an enormity of combinations that can in turn translate into different outcomes of host-microbe encounters. Combinatorial diversity among the 11 attributes makes identifying \u201csignatures\u201d of susceptibility possible. However, with their inevitable uncertainties and propensity to change, there may still be a low likelihood for prediction with regard to individual host-microbe interactions, although probabilistic prediction may be possible.",
   "authors": [
      "Casadevall, Arturo",
      "Pirofski, Liise-anne"
   ],
   "has_full_text": "False",
   "id": "https://doi.org/10.1128/IAI.00636-17",
   "pubtator": "PMC5778373"
}