{
   "sha": "0428e40ab214b4133e308633148ef1e469519d3f",
   "source_x": "Elsevier",
   "title": "Transmissible Gastroenteritis Virus of Pigs and Porcine Epidemic Diarrhea Virus",
   "doi": "10.1016/B978-0-12-809633-8.20928-X",
   "license": "els-covid",
   "abstract": "Abstract TGEV and PEDV are porcine coronaviruses with typical coronavirus virion structures and replication cycles. Both viruses cause diarrhea in pigs with similar clinical symptoms. Disease severity is inversely related to the age of animals. While TGEV infections are currently under control, recent emergence of virulent PEDV strains results in significant mortality. No effective treatments are available once animals are infected. Detection of viral antigen and/or genomic RNA is required for diagnosis. Prevention measures include enhanced biosecurity and vaccination with the latter being the most effective approach. Commercial vaccines for both viruses are available and numerous experimental vaccines are in development.",
   "publish_time": "2019-12-31",
   "authors": [
      "Liu, Qiang",
      "Gerdts, Volker"
   ],
   "journal": "Reference Module in Life Sciences",
   "has_full_text": "True",
   "full_text_file": "custom_license",
   "id": "https://doi.org/10.1016/B978-0-12-809633-8.20928-X",
   "fhir_link": [
      "PMC/Composition/0428e40ab214b4133e308633148ef1e469519d3f"
   ]
}