{
   "source_x": "PMC",
   "title": "Characterization of Aerosols Generated During Patient Care Activities",
   "doi": "10.1093/cid/cix535",
   "pmcid": "PMC6248660",
   "license": "unk",
   "abstract": "BACKGROUND: Questions remain about the degree to which aerosols are generated during routine patient care activities and whether such aerosols could transmit viable pathogens to healthcare personnel (HCP). The objective of this study was to measure aerosol production during multiple patient care activities and to examine the samples for bacterial pathogens. METHODS: Five aerosol characterization instruments were used to measure aerosols during 7 patient care activities: patient bathing, changing bed linens, pouring and flushing liquid waste, bronchoscopy, noninvasive ventilation, and nebulized medication administration (NMA). Each procedure was sampled 5 times. An SKC BioSampler was used for pathogen recovery. Bacterial cultures were performed on the sampling solution. Patients on contact precautions for drug-resistant organisms were selected for most activity sampling. Any patient undergoing bronchoscopy was eligible. RESULTS: Of 35 sampling episodes, only 2 procedures showed a significant increase in particle concentrations over baseline: NMA and bronchoscopy with NMA. Bronchoscopy without NMA and noninvasive ventilation did not generate significant aerosols. Of 78 cultures from the impinger samples, 6 of 28 baseline samples (21.4%) and 14 of 50 procedure samples (28.0%) were positive. CONCLUSIONS: In this study, significant aerosol generation was only observed during NMA, both alone and during bronchoscopy. Minimal viable bacteria were recovered, mostly common environmental organisms. Although more research is needed, these data suggest that some of the procedures considered to be aerosol-generating may pose little infection risk to HCP.",
   "authors": [
      "O\u2019Neil, Caroline A",
      "Li, Jiayu",
      "Leavey, Anna",
      "Wang, Yang",
      "Hink, Matthew",
      "Wallace, Meghan",
      "Biswas, Pratim",
      "Burnham, Carey-Ann D",
      "Babcock, Hilary M"
   ],
   "has_full_text": "False",
   "id": "https://doi.org/10.1093/cid/cix535",
   "pubtator": "PMC6248660"
}