{
   "source_x": "PMC",
   "title": "Multiplex Respiratory Virus Testing for Antimicrobial Stewardship: A Prospective Assessment of Antimicrobial Use and Clinical Outcomes Among Hospitalized Adults",
   "doi": "10.1093/infdis/jix288",
   "pmcid": "PMC5853820",
   "license": "unk",
   "abstract": "BACKGROUND: Respiratory tract infections are frequent causes of hospitalization and initiation of empirical antimicrobial therapy. Testing for a broad panel of respiratory viruses has been advocated as a useful tool for antibiotic stewardship. We conducted a prospective observational study to assess the impact of rapid viral test results on antimicrobial prescriptions and clinical outcomes among hospitalized adults. METHODS: Eight hundred patients admitted with respiratory symptoms were tested by a 12-virus respiratory panel (RVP) during 3 consecutive winters in Montreal, Canada. The primary outcome measure was change in antimicrobial prescriptions (ie, de-escalation of empirical antimicrobial therapy or commencement of new antimicrobial therapy) after RVP results were available. Clinical outcomes were also assessed. RESULTS: Influenza virus was identified in 53% of individuals in the study population, and other viruses were identified in 10%. Influenza virus positivity was associated with shorter duration of hospitalization and appropriate antiviral management. Antibiotic management was most significantly correlated with radiographic suspicion of pneumonia and less so with results of the RVP. Positivity for viruses other than influenza virus was not correlated with significantly different outcomes. CONCLUSIONS: Physicians respond to results of testing for influenza virus when managing hospitalized adult patients but respond less to test results for other viruses. These data can inform the design of stewardship interventions and the selection of viral testing panels for hospitalized patients.",
   "authors": [
      "Semret, Makeda",
      "Schiller, Ian",
      "Jardin, Barbara Ann",
      "Frenette, Charles",
      "Loo, Vivian G",
      "Papenburg, Jesse",
      "McNeil, Shelly A",
      "Dendukuri, Nandini"
   ],
   "has_full_text": "False",
   "id": "https://doi.org/10.1093/infdis/jix288",
   "pubtator": "PMC5853820"
}