{
   "source_x": "PMC",
   "title": "Sex-based differences in susceptibility to SARS-CoV infection",
   "doi": "10.4049/jimmunol.1601896",
   "pmcid": "PMC5450662",
   "license": "unk",
   "abstract": "Pathogenic human coronaviruses such as the severe acute respiratory syndrome coronavirus (SARS-CoV) and the Middle East respiratory syndrome coronavirus (MERS-CoV) cause acute respiratory illness. Epidemiological data from the 2002-2003 SARS epidemic and recent MERS indicate that there may be sex-dependent differences in disease outcomes. To investigate these differences, we infected male and female mice of different age groups with SARS-CoV and analyzed their susceptibility to the infection. Our results showed that male mice were more susceptible to SARS-CoV infection compared to age matched females. The degree of sex-bias to SARS-CoV infection increased with advancing age such that middle-aged mice showed much more pronounced differences compared to young mice. Enhanced susceptibility of male mice to SARS-CoV was associated with elevated virus titers, enhanced vascular leakage and alveolar edema. These changes were accompanied by increased accumulation of inflammatory monocyte macrophages (IMMs) and neutrophils in the lungs of male mice and depletion of IMMs partially protected these mice from lethal SARS. Moreover, the sex-specific differences were independent of T and B cell responses. Furthermore, ovariectomy or treating female mice with an estrogen receptor antagonist increased mortality indicating a protective effect for estrogen receptor signaling in mice infected with SARS-CoV. Together, these data suggest that sex differences in susceptibility to SARS-CoV in mice parallel those observed in patients and also identify estrogen receptor signaling as critical for protection in females.",
   "authors": [
      "Channappanavar, Rudragouda",
      "Fett, Craig",
      "Mack, Matthias",
      "Ten Eyck, Patrick P",
      "Meyerholz, David K",
      "Perlman, Stanley"
   ],
   "has_full_text": "False",
   "id": "https://doi.org/10.4049/jimmunol.1601896",
   "pubtator": "PMC5450662"
}