{
   "source_x": "PMC",
   "title": "IRF5 governs liver macrophage activation that promotes hepatic fibrosis in mice and humans",
   "doi": "10.1172/jci.insight.88689",
   "pmcid": "PMC5135279",
   "license": "unk",
   "abstract": "Hepatic fibrosis arises from inflammation in the liver initiated by resident macrophage activation and massive leukocyte accumulation. Hepatic macrophages hold a central position in maintaining homeostasis in the liver and in the pathogenesis of acute and chronic liver injury linked to fibrogenesis. Interferon regulatory factor 5 (IRF5) has recently emerged as an important proinflammatory transcription factor involved in macrophage activation under acute and chronic inflammation. Here, we revealed that IRF5 is significantly induced in liver macrophages from human subjects developing liver fibrosis from nonalcoholic fatty liver disease or hepatitis C virus infection. Furthermore, IRF5 expression positively correlated with clinical markers of liver damage, such as plasma transaminase and bilirubin levels. Interestingly, mice lacking IRF5 in myeloid cells (MKO) were protected from hepatic fibrosis induced by metabolic or toxic stresses. Transcriptional reprogramming of macrophages lacking IRF5 was characterized by immunosuppressive and antiapoptotic properties. Consequently, IRF5 MKO mice respond to hepatocellular stress by promoting hepatocyte survival, leading to complete protection from hepatic fibrogenesis. Our findings reveal a regulatory network, governed by IRF5, that mediates hepatocyte death and liver fibrosis in mice and humans. Therefore, modulating IRF5 function may be an attractive approach to experimental therapeutics in fibroinflammatory liver disease.",
   "authors": [
      "Alzaid, Fawaz",
      "Lagadec, Floriane",
      "Albuquerque, Miguel",
      "Ballaire, Rapha\u00eblle",
      "Orliaguet, Lucie",
      "Hainault, Isabelle",
      "Blugeon, Corinne",
      "Lemoine, Sophie",
      "Lehuen, Agn\u00e8s",
      "Saliba, David G.",
      "Udalova, Irina A.",
      "Paradis, Val\u00e9rie",
      "Foufelle, Fabienne",
      "Venteclef, Nicolas"
   ],
   "has_full_text": "False",
   "id": "https://doi.org/10.1172/jci.insight.88689",
   "pubtator": "PMC5135279"
}