{
   "source_x": "PMC",
   "title": "Autophagy postpones apoptotic cell death in PRRSV infection through Bad-Beclin1 interaction",
   "doi": "10.1080/21505594.2015.1131381",
   "pmcid": "PMC4994821",
   "license": "unk",
   "abstract": "Autophagy and apoptosis play significant roles in PRRSV infection and replication. However, the interaction between these 2 processes in PRRSV replication is still far from been completely understood. In our studies, the exposure of MARC-145 cells to PRRSV confirmed the activation of autophagy and subsequent induction of apoptosis. The inhibition of autophagy by 3-methyladenine (3-MA) caused a significant increase in PRRSV-induced apoptosis, showing a potential connection between both mechanisms. Moreover, we observed an increase in Bad expression (a pro-apoptotic protein) and Beclin1 (an autophagy regulator) in virus-infected cells up to 36h. Co-immunoprecipitation assays showed the formation of Bad and Beclin1 complex in PRRSV infected cells. Accordingly, Bad co-localized with Beclin1 in MARC-145 infected cells. Knockdown of Beclin1 significantly decreased PRRSV replication and PRRSV-induced autophagy, while Bad silencing resulted in increased autophagy and enhanced viral replication. Furthermore, PRRSV infection phosphorylated Bad (Ser112) to promote cellular survival. These results demonstrate that autophagy can favor PRRSV replication by postponing apoptosis through the formation of a Bad-Beclin1 complex.",
   "authors": [
      "Zhou, Ao",
      "Li, Shuaifeng",
      "Khan, Faheem Ahmed",
      "Zhang, Shujun"
   ],
   "has_full_text": "False",
   "id": "https://doi.org/10.1080/21505594.2015.1131381",
   "pubtator": "PMC4994821"
}