{
   "source_x": "PMC",
   "title": "Symptomatic Respiratory Virus Infection and Chronic Lung Allograft Dysfunction",
   "doi": "10.1093/cid/civ871",
   "pmcid": "PMC4706632",
   "license": "unk",
   "abstract": "Background. Chronic lung allograft dysfunction (CLAD) is a major cause of allograft loss post-lung transplantation. Prior studies have examined the association between respiratory virus infection (RVI) and CLAD were limited by older diagnostic techniques, study design, and case numbers. We examined the association between symptomatic RVI and CLAD using modern diagnostic techniques in a large contemporary cohort of lung transplant recipients (LTRs). Methods. We retrospectively assessed clinical variables including acute rejection, cytomegalovirus pneumonia, upper and lower RVI, and the primary endpoint of CLAD (determined by 2 independent reviewers) in 250 LTRs in a single university transplantation program. Univariate and multivariate Cox models were used to analyze the relationship between RVI and CLAD in a time-dependent manner, incorporating different periods of risk following RVI diagnosis. Results. Fifty patients (20%) were diagnosed with CLAD at a median of 95 weeks post-transplantation, and 79 (32%) had 114 episodes of RVI. In multivariate analysis, rejection and RVI were independently associated with CLAD (adjusted hazard ratio [95% confidence interval]) 2.2 (1.2\u20133.9), P = .01 and 1.9 (1.1\u20133.5), P = .03, respectively. The association of RVI with CLAD was stronger the more proximate the RVI episode: 4.8 (1.9\u201311.6), P < .01; 3.4 (1.5\u20137.5), P < .01; and 2.4 (1.2\u20135.0), P = .02 in multivariate analysis for 3, 6, and 12 months following RVI, respectively. Conclusions. Symptomatic RVI is independently associated with development of CLAD, with increased risk at shorter time periods following RVI. Prospective studies to characterize the virologic determinants of CLAD and define the underlying mechanisms are warranted.",
   "authors": [
      "Fisher, Cynthia E.",
      "Preiksaitis, Carl M.",
      "Lease, Erika D.",
      "Edelman, Jeffrey",
      "Kirby, Katharine A.",
      "Leisenring, Wendy M.",
      "Raghu, Ganesh",
      "Boeckh, Michael",
      "Limaye, Ajit P."
   ],
   "has_full_text": "False",
   "id": "https://doi.org/10.1093/cid/civ871",
   "pubtator": "PMC4706632"
}