{
   "sha": "6c9c09c364d2fbd8d8f319029e60693060b6c756",
   "source_x": "PMC",
   "title": "A Caprine Herpesvirus 1 Vaccine Adjuvanted with MF59\u2122 Protects against Vaginal Infection and Interferes with the Establishment of Latency in Goats",
   "doi": "http://dx.doi.org/10.1371/journal.pone.0034913",
   "pmcid": "PMC3325274",
   "pubmed_id": "22511971",
   "license": "CC BY",
   "abstract": "The immunogenicity and the efficacy of a beta-propiolactone-inactivated caprine herpesvirus 1 (CpHV-1) vaccine adjuvanted with MF59\u2122 were tested in goats. Following two subcutaneous immunizations, goats developed high titers of CpHV-1-specific serum and vaginal IgG and high serum virus neutralization (VN) titers. Peripheral blood mononuclear cells (PBMC) stimulated in vitro with inactivated CpHV-1 produced high levels of soluble IFN-gamma and exhibited high frequencies of IFN-gamma producing cells while soluble IL-4 was undetectable. On the other hand, control goats receiving the inactivated CpHV-1 vaccine without adjuvant produced only low serum antibody responses. A vaginal challenge with virulent CpHV-1 was performed in all vaccinated goats and in na\u00efve goats to assess the efficacy of the two vaccines. Vaginal disease was not detected in goats vaccinated with inactivated CpHV-1 plus MF59\u2122 and these animals had undetectable levels of infectious challenge virus in their vaginal washes. Goats vaccinated with inactivated CpHV-1 in the absence of adjuvant exhibited a less severe disease when compared to na\u00efve goats but shed titers of challenge virus that were similar to those of na\u00efve goats. Detection and quantitation of latent CpHV-1 DNA in sacral ganglia in challenged goats revealed that the inactivated CpHV-1 plus MF59\u2122 vaccine was able to significantly reduce the latent viral load when compared either to the na\u00efve goats or to the goats vaccinated with inactivated CpHV-1 in the absence of adjuvant. Thus, a vaccine composed of inactivated CpHV-1 plus MF59\u2122 as adjuvant was strongly immunogenic and induced effective immunity against vaginal CpHV-1 infection in goats.",
   "publish_time": "2012 Apr 12",
   "authors": [
      "['Marinaro, Mariarosaria', 'Rezza, Giovanni', 'Del Giudice, Giuseppe', 'Colao, Valeriana', 'Tarsitano, Elvira', 'Camero, Michele', 'Losurdo, Michele', 'Buonavoglia, Canio', 'Tempesta, Maria']"
   ],
   "journal": "PLoS One",
   "has_full_text": "True",
   "id": "6c9c09c364d2fbd8d8f319029e60693060b6c756",
   "fhir_link": "Commercial/Composition/6c9c09c364d2fbd8d8f319029e60693060b6c756.json"
}