{
   "source_x": "PMC",
   "title": "Why infectious disease research needs community ecology",
   "doi": "10.1126/science.1259504",
   "pmcid": "PMC4863701",
   "license": "unk",
   "abstract": "Infectious diseases often emerge from interactions among multiple species and across nested levels of biological organization. Threats as diverse as Ebola virus, human malaria, and bat white-nose syndrome illustrate the need for a mechanistic understanding of the ecological interactions underlying emerging infections. We describe how recent advances in community ecology can be adopted to address contemporary challenges in disease research. These analytical tools can identify the factors governing complex assemblages of multiple hosts, parasites, and vectors, and reveal how processes link across scales from individual hosts to regions. They can also determine the drivers of heterogeneities among individuals, species, and regions to aid targeting of control strategies. We provide examples where these principles have enhanced disease management and illustrate how they can be further extended.",
   "authors": [
      "Johnson, Pieter T. J.",
      "de Roode, Jacobus C.",
      "Fenton, Andy"
   ],
   "has_full_text": "False",
   "id": "https://doi.org/10.1126/science.1259504",
   "pubtator": "PMC4863701"
}