{
   "source_x": "PMC",
   "title": "Ebola virus entry into host cells: identifying therapeutic strategies",
   "doi": "10.1007/s40588-015-0021-3",
   "pmcid": "PMC4617201",
   "license": "unk",
   "abstract": "Filoviruses cause severe hemorrhagic fever in humans. The archetypal virus of this group, Ebola virus, is responsible for the current filovirus epidemic in West Africa. Filoviruses infect most mammalian cells, resulting in broad species tropism and likely contributing to rapid spread of virus throughout the body. A thorough understanding of filovirus entry events will facilitate the development of therapeutics against these critical steps in the viral life cycle. This review summarizes the current understanding of filovirus entry and discusses some of the recent advancements in therapeutic strategies that target entry.",
   "authors": [
      "Rhein, Bethany A.",
      "Maury, Wendy J."
   ],
   "has_full_text": "False",
   "id": "https://doi.org/10.1007/s40588-015-0021-3",
   "pubtator": "PMC4617201"
}