{
   "source_x": "PMC",
   "title": "Immunological profiling in chronic rhinosinusitis with nasal polyps reveals distinct VEGF and GMCSF signatures during symptomatic exacerbations",
   "doi": "10.1111/cea.12463",
   "pmcid": "PMC4459602",
   "license": "unk",
   "abstract": "BACKGROUND: The mechanisms and immune pathways associated with chronic rhinosinusitis (CRS) are not fully understood. Immunological changes during acute exacerbation of CRS may provide valuable clues to the pathogenesis and perpetuation of the disease. OBJECTIVE: To characterize local and systemic immune responses associated with acute worsening of sinonasal symptoms during exacerbation in CRS with nasal polyps (CRSwNP) compared to controls. METHODS: This was a noninterventional prospective study of individuals with CRSwNP and normal controls. Subjects underwent a baseline visit with collection of nasal secretions, nasal washes, and serum specimens. Within 3 days of acute worsening of sinonasal symptoms, subjects underwent a study visit, followed by a post-visit 2 weeks later. The Sinonasal Outcome Test-22 (SNOT-22) scores and immunological parameters in the specimens were analyzed using a novel, unsupervised learning method and by conventional univariate analysis. RESULTS: Both CRSwNP patients and control subjects showed a significant increase in SNOT-22 scores during acute exacerbation. Increased nasal levels of IL-6, IL-5, and eosinophil major basic protein were observed in CRSwNP patients. A network analysis of serum specimens revealed changes in a set of immunological parameters, which are distinctly associated with CRSwNP but not with controls. In particular, systemic increases in VEGF and GM-CSF levels were notable and were validated by a conventional analysis. CONCLUSIONS: CRSwNP patients demonstrate distinct immunological changes locally and systemically during acute exacerbation. Growth factors VEGF and GM-CSF may be involved in the immunopathogenesis of subjects with CRS and nasal polyps experiencing exacerbation.",
   "authors": [
      "Divekar, Rohit D.",
      "Samant, Shefali",
      "Rank, Matthew A.",
      "Hagan, John",
      "Lal, Devyani",
      "O\u2019Brien, Erin K.",
      "Kita, Hirohito"
   ],
   "has_full_text": "False",
   "id": "https://doi.org/10.1111/cea.12463",
   "pubtator": "PMC4459602"
}