{
   "source_x": "PMC",
   "title": "Effect of Temperature and Relative Humidity on the Survival of Foodborne Viruses during Food Storage",
   "doi": "10.1128/AEM.04093-14",
   "pmcid": "PMC4345369",
   "license": "unk",
   "abstract": "Millions of people suffer from foodborne diseases throughout the world every year, and the importance of food safety has grown worldwide in recent years. The aim of this study was to investigate the survival of hepatitis A virus (HAV) and viral surrogates of human norovirus (HuNoV) (bacteriophage MS2 and murine norovirus [MNV]) in food over time. HAV, MNV, and MS2 were inoculated onto either the digestive gland of oysters or the surface of fresh peppers, and their survival on these food matrices was measured under various temperature (4\u00b0C, 15\u00b0C, 25\u00b0C, and 40\u00b0C) and relative humidity (RH) (50% and 70%) conditions. Inoculated viruses were recovered from food samples and quantified by a plaque assay at predetermined time points over 2 weeks (0, 1, 3, 7, 10, and 14 days). Virus survival was influenced primarily by temperature. On peppers at 40\u00b0C and at 50% RH, >4- and 6-log reductions of MNV and HAV, respectively, occurred within 1 day. All three viruses survived better on oysters. In addition, HAV survived better at 70% RH than at 50% RH. The survival data for HAV, MS2, and MNV were fit to three different mathematical models (linear, Weibull, and biphasic models). Among them, the biphasic model was optimum in terms of goodness of fit. The results of this study suggest that major foodborne viruses such as HAV and HuNoV can survive over prolonged periods of time with a limited reduction in numbers. Because a persistence of foodborne virus on contaminated foods was observed, precautionary preventive measures should be performed.",
   "authors": [
      "Lee, Su Jin",
      "Si, Jiyeon",
      "Yun, Hyun Sun",
      "Ko, GwangPyo"
   ],
   "has_full_text": "False",
   "id": "https://doi.org/10.1128/AEM.04093-14",
   "pubtator": "PMC4345369"
}