{
   "source_x": "PMC",
   "title": "Changing Faces in Virology: The Dutch Shift from Oncogenic to Oncolytic Viruses",
   "doi": "10.1089/hum.2014.092",
   "pmcid": "PMC4180303",
   "license": "unk",
   "abstract": "Viruses have two opposing faces. On the one hand, they can cause harm and disease. A virus may manifest directly as a contagious disease with a clinical pathology of varying significance. A viral infection can also have delayed consequences, and in rare cases may cause cellular transformation and cancer. On the other hand, viruses may provide hope: hope for an efficacious treatment of serious disease. Examples of the latter are the use of viruses as a vaccine, as transfer vector for therapeutic genes in a gene therapy setting, or, more directly, as therapeutic anticancer agent in an oncolytic-virus therapy setting. Already there is evidence for antitumor activity of oncolytic viruses. The antitumor efficacy seems linked to their capacity to induce a tumor-directed immune response. Here, we will provide an overview on the development of oncolytic viruses and their clinical evaluation from the Dutch perspective.",
   "authors": [
      "Belcaid, Zineb",
      "Lamfers, Martine L.M.",
      "van Beusechem, Victor W.",
      "Hoeben, Rob C."
   ],
   "has_full_text": "False",
   "id": "https://doi.org/10.1089/hum.2014.092",
   "pubtator": "PMC4180303"
}