{
   "source_x": "PMC",
   "title": "Misfolded Proteins Induce Aggregation of the Lectin Yos9",
   "doi": "10.1074/jbc.M114.583344",
   "pmcid": "PMC4162170",
   "license": "unk",
   "abstract": "A substantial fraction of nascent proteins delivered into the endoplasmic reticulum (ER) never reach their native conformations. Eukaryotes use a series of complementary pathways to efficiently recognize and dispose of these terminally misfolded proteins. In this process, collectively termed ER-associated degradation (ERAD), misfolded proteins are retrotranslocated to the cytosol, polyubiquitinated, and degraded by the proteasome. Although there has been great progress in identifying ERAD components, how these factors accurately identify substrates remains poorly understood. The targeting of misfolded glycoproteins in the ER lumen for ERAD requires the lectin Yos9, which recognizes the glycan species found on terminally misfolded proteins. In a role that remains poorly characterized, Yos9 also binds the protein component of ERAD substrates. Here, we identified a 45-kDa domain of Yos9, consisting of residues 22\u2013421, that is proteolytically stable, highly structured, and able to fully support ERAD in vivo. In vitro binding studies show that Yos9(22\u2013421) exhibits sequence-specific recognition of linear peptides from the ERAD substrate, carboxypeptidase Y G255R (CPY*), and binds a model unfolded peptide \u0394EspP and protein \u0394131\u0394 in solution. Binding of Yos9 to these substrates results in their cooperative aggregation. Although the physiological consequences of this substrate-induced aggregation remain to be seen, it has the potential to play a role in the regulation of ERAD.",
   "authors": [
      "Smith, Melanie H.",
      "Rodriguez, Edwin H.",
      "Weissman, Jonathan S."
   ],
   "has_full_text": "False",
   "id": "https://doi.org/10.1074/jbc.M114.583344",
   "pubtator": "PMC4162170"
}