{
   "sha": "86431a5391ad8d12589fe686d0486cf2a0e912f0",
   "source_x": "PMC",
   "title": "The Sigma Class Glutathione Transferase from the Liver Fluke Fasciola hepatica",
   "doi": "http://dx.doi.org/10.1371/journal.pntd.0001666",
   "pmcid": "PMC3362645",
   "pubmed_id": "22666515",
   "license": "CC BY",
   "abstract": "BACKGROUND: Liver fluke infection of livestock causes economic losses of over US$ 3 billion worldwide per annum. The disease is increasing in livestock worldwide and is a re-emerging human disease. There are currently no commercial vaccines, and only one drug with significant efficacy against adult worms and juveniles. A liver fluke vaccine is deemed essential as short-lived chemotherapy, which is prone to resistance, is an unsustainable option in both developed and developing countries. Protein superfamilies have provided a number of leading liver fluke vaccine candidates. A new form of glutathione transferase (GST) family, Sigma class GST, closely related to a leading Schistosome vaccine candidate (Sm28), has previously been revealed by proteomics in the liver fluke but not functionally characterised. METHODOLOGY/PRINCIPAL FINDINGS: In this manuscript we show that a purified recombinant form of the F. hepatica Sigma class GST possesses prostaglandin synthase activity and influences activity of host immune cells. Immunocytochemistry and western blotting have shown the protein is present near the surface of the fluke and expressed in eggs and newly excysted juveniles, and present in the excretory/secretory fraction of adults. We have assessed the potential to use F. hepatica Sigma class GST as a vaccine in a goat-based vaccine trial. No significant reduction of worm burden was found but we show significant reduction in the pathology normally associated with liver fluke infection. CONCLUSIONS/SIGNIFICANCE: We have shown that F. hepatica Sigma class GST has likely multi-functional roles in the host-parasite interaction from general detoxification and bile acid sequestration to PGD synthase activity.",
   "publish_time": "2012 May 29",
   "authors": [
      "['LaCourse, E. James', 'Perally, Samirah', 'Morphew, Russell M.', 'Moxon, Joseph V.', 'Prescott, Mark', 'Dowling, David J.', \"O'Neill, Sandra M.\", 'Kipar, Anja', 'Hetzel, Udo', 'Hoey, Elizabeth', 'Zafra, Rafael', 'Buffoni, Leandro', 'P\u00e9rez Ar\u00e9valo, Jos\u00e9', 'Brophy, Peter M.']"
   ],
   "journal": "PLoS Negl Trop Dis",
   "has_full_text": "True",
   "id": "86431a5391ad8d12589fe686d0486cf2a0e912f0",
   "fhir_link": "Commercial/Composition/86431a5391ad8d12589fe686d0486cf2a0e912f0"
}