{
   "source_x": "PMC",
   "title": "Transactivation of programmed ribosomal frameshifting by a viral protein",
   "doi": "10.1073/pnas.1321930111",
   "pmcid": "PMC4040542",
   "license": "unk",
   "abstract": "Programmed \u22121 ribosomal frameshifting (\u22121 PRF) is a widely used translational mechanism facilitating the expression of two polypeptides from a single mRNA. Commonly, the ribosome interacts with an mRNA secondary structure that promotes \u22121 frameshifting on a homopolymeric slippery sequence. Recently, we described an unusual \u22122 frameshifting (\u22122 PRF) signal directing efficient expression of a transframe protein [nonstructural protein 2TF (nsp2TF)] of porcine reproductive and respiratory syndrome virus (PRRSV) from an alternative reading frame overlapping the viral replicase gene. Unusually, this arterivirus PRF signal lacks an obvious stimulatory RNA secondary structure, but as confirmed here, can also direct the occurrence of \u22121 PRF, yielding a third, truncated nsp2 variant named \u201cnsp2N.\u201d Remarkably, we now show that both \u22122 and \u22121 PRF are transactivated by a protein factor, specifically a PRRSV replicase subunit (nsp1\u03b2). Embedded in nsp1\u03b2\u2019s papain-like autoproteinase domain, we identified a highly conserved, putative RNA-binding motif that is critical for PRF transactivation. The minimal RNA sequence required for PRF was mapped within a 34-nt region that includes the slippery sequence and a downstream conserved CCCANCUCC motif. Interaction of nsp1\u03b2 with the PRF signal was demonstrated in pull-down assays. These studies demonstrate for the first time, to our knowledge, that a protein can function as a transactivator of ribosomal frameshifting. The newly identified frameshifting determinants provide potential antiviral targets for arterivirus disease control and prevention. Moreover, protein-induced transactivation of frameshifting may be a widely used mechanism, potentially including previously undiscovered viral strategies to regulate viral gene expression and/or modulate host cell translation upon infection.",
   "authors": [
      "Li, Yanhua",
      "Treffers, Emmely E.",
      "Napthine, Sawsan",
      "Tas, Ali",
      "Zhu, Longchao",
      "Sun, Zhi",
      "Bell, Susanne",
      "Mark, Brian L.",
      "van Veelen, Peter A.",
      "van Hemert, Martijn J.",
      "Firth, Andrew E.",
      "Brierley, Ian",
      "Snijder, Eric J.",
      "Fang, Ying"
   ],
   "has_full_text": "False",
   "id": "https://doi.org/10.1073/pnas.1321930111",
   "pubtator": "PMC4040542"
}