{
   "source_x": "PMC",
   "title": "The use of facemasks to prevent respiratory infection: a literature review in the context of the Health Belief Model",
   "doi": "10.11622/smedj.2014037",
   "pmcid": "PMC4293989",
   "license": "unk",
   "abstract": "INTRODUCTION: Acute respiratory infections are prevalent and pose a constant threat to society. While the use of facemasks has proven to be an effective barrier to curb the aerosol spread of such diseases, its use in the local community is uncommon, resulting in doubts being cast on its effectiveness in preventing airborne infections during epidemics. We thus aimed to conduct a literature review to determine the factors that influence the use of facemasks as a primary preventive health measure in the community. METHODS: A search for publications relating to facemask usage was performed on Medline, PubMed, Google, World Health Organization and Singapore government agencies\u2019 websites, using search terms such as \u2018facemask\u2019, \u2018mask\u2019, \u2018influenza\u2019, \u2018respiratory infection\u2019, \u2018personal protective equipment\u2019, \u2018disease prevention\u2019, \u2018compliance\u2019 and \u2018adherence\u2019. Findings were framed under five components of the Health Belief Model perceived susceptibility, perceived benefits, perceived severity, perceived barriers and cues to action. RESULTS: We found that individuals are more likely to wear facemasks due to the perceived susceptibility and perceived severity of being afflicted with life-threatening diseases. Although perceived susceptibility appeared to be the most significant factor determining compliance, perceived benefits of mask-wearing was found to have significant effects on mask-wearing compliance as well. Perceived barriers include experience or perception of personal discomfort and sense of embarrassment. Media blitz and public health promotion activities supported by government agencies provide cues to increase the public\u2019s usage of facemasks. CONCLUSION: Complex interventions that use multipronged approaches targeting the five components of the Health Belief Model, especially perceived susceptibility, are needed to increase the use of facemasks in the community. Further studies are required to evaluate the effectiveness of implemented interventions.",
   "authors": [
      "Sim, Shin Wei",
      "Moey, Kirm Seng Peter",
      "Tan, Ngiap Chuan"
   ],
   "has_full_text": "False",
   "id": "https://doi.org/10.11622/smedj.2014037",
   "pubtator": "PMC4293989"
}