{
   "sha": "0f48ba54e2976264796ac7496f9080b52568fb51",
   "source_x": "PMC",
   "title": "Respiratory viral pathogens associated with lower respiratory tract disease among young children in the highlands of Papua New Guinea",
   "doi": "http://dx.doi.org/10.1016/j.jcv.2012.04.008",
   "pmcid": "PMC3383990",
   "pubmed_id": "22595309",
   "license": "CC BY",
   "abstract": "BACKGROUND: Acute lower respiratory tract infections (ALRI) commonly result in fatal outcomes in the young children of Papua New Guinea (PNG). However, comprehensive studies of the viral aetiology of ALRI have not been conducted in PNG for almost 30 years. OBJECTIVES: To determine the viruses associated with ALRI among children living in the PNG highlands using sensitive molecular detection techniques. STUDY DESIGN: Pernasal swabs were collected routinely between 1 week and 18 months of age and also during episodes of ALRI, as part of a neonatal pneumococcal conjugate vaccine trial. A tandem multiplex real-time PCR assay was used to test for a comprehensive range of respiratory viruses in samples collected from 221 young children. Picornavirus typing was supported by DNA sequence analysis. RESULTS: Recognized pathogenic respiratory viruses were detected in 198/273 (73%) samples collected from children with no evidence of ALRI and 69/80 (86%) samples collected during ALRI episodes. Human rhinoviruses (HRV) species A, B and C were detected in 152 (56%) samples from non-ALRI children and 50 (63%) samples collected during ALRI episodes. Partial structural region sequences for two new species C rhinoviruses were added to the GenBank database. ALRI was associated with detection of adenovirus species B (p\u00a0<\u00a00.01) or C (p\u00a0<\u00a00.05), influenza A (p\u00a0<\u00a00.0001) or respiratory syncytial virus (p\u00a0<\u00a00.0001). Multiple viruses were detected more often during ALRI episodes (49%) than when children displayed no symptoms of ALRI (18%) (p\u00a0<\u00a00.0001). CONCLUSIONS: The burden of infection with respiratory viruses remains significant in young children living in the PNG highlands.",
   "publish_time": "2012 Jul",
   "authors": [
      "['Chidlow, Glenys R.', 'Laing, Ingrid A.', 'Harnett, Gerald B.', 'Greenhill, Andrew R.', 'Phuanukoonnon, Suparat', 'Siba, Peter M.', 'Pomat, William S.', 'Shellam, Geoffrey R.', 'Smith, David W.', 'Lehmann, Deborah']"
   ],
   "journal": "J Clin Virol",
   "has_full_text": "False",
   "id": "0f48ba54e2976264796ac7496f9080b52568fb51"
}