{
   "source_x": "PMC",
   "title": "Antenatal betamethasone exposure is associated with lower ANG-(1\u20137) and increased ACE in the CSF of adult sheep",
   "doi": "10.1152/ajpregu.00321.2013",
   "pmcid": "PMC3798802",
   "license": "unk",
   "abstract": "Antenatal betamethasone (BM) therapy accelerates lung development in preterm infants but may induce early programming events with long-term cardiovascular consequences. To elucidate these events, we developed a model of programming whereby pregnant ewes are administered BM (2 doses of 0.17 mg/kg) or vehicle at the 80th day of gestation and offspring are delivered at term. BM-exposed (BMX) offspring develop elevated blood pressure; decreased baroreflex sensitivity; and alterations in the circulating, renal, and brain renin-angiotensin systems (RAS) by 6 mo of age. We compared components of the choroid plexus fourth ventricle (ChP4) and cerebral spinal fluid (CSF) RAS between control and BMX male offspring at 6 mo of age. In the choroid plexus, high-molecular-weight renin protein and ANG I-intact angiotensinogen were unchanged between BMX and control animals. Angiotensin-converting enzyme 2 (ACE2) activity was threefold higher than either neprilysin (NEP) or angiotensin 1-converting enzyme (ACE) in control and BMX animals. Moreover, all three enzymes were equally enriched by approximately 2.5-fold in ChP4 brush-border membrane preparations. CSF ANG-(1\u20137) levels were significantly lower in BMX animals (351.8 \u00b1 76.8 vs. 77.5 \u00b1 29.7 fmol/mg; P < 0.05) and ACE activity was significantly higher (6.6 \u00b1 0.5 vs. 8.9 \u00b1 0.5 fmol\u00b7min(\u22121)\u00b7ml(\u22121); P < 0.05), whereas ACE2 and NEP activities were below measurable limits. A thiol-sensitive peptidase contributed to the majority of ANG-(1\u20137) metabolism in the CSF, with higher activity in BMX animals. We conclude that in utero BM exposure alters CSF but not ChP RAS components, resulting in lower ANG-(1\u20137) levels in exposed animals.",
   "authors": [
      "Marshall, Allyson C.",
      "Shaltout, Hossam A.",
      "Pirro, Nancy T.",
      "Rose, James C.",
      "Diz, Debra I.",
      "Chappell, Mark C."
   ],
   "has_full_text": "False",
   "id": "https://doi.org/10.1152/ajpregu.00321.2013",
   "pubtator": "PMC3798802"
}