{
   "source_x": "PMC",
   "title": "Mutations in the Capsid Protein of Brome Mosaic Virus Affecting Encapsidation Eliminate Vesicle Induction In Planta: Implications for Virus Cell-to-Cell Spread",
   "doi": "10.1128/JVI.01253-13",
   "pmcid": "PMC3754083",
   "license": "unk",
   "abstract": "Positive-strand RNA viruses are known to rearrange the endomembrane network to make it more conducive for replication, maturation, or egress. Our previous transmission electron microscopic (TEM) analysis showed that ectopic expression of wild-type (wt) capsid protein (CP) of Brome mosaic virus (BMV) has an intrinsic property of modifying the endoplasmic reticulum (ER) to induce vesicles similar to those present in wt BMV infection. In this study, we evaluated the functional significance of CP-mediated vesicle induction to the BMV infection cycle in planta. Consequently, the cytopathologic changes induced by wt CP or its mutants defective in virion assembly due to mutations engineered in either N- or C-proximal domains were comparatively analyzed by TEM in two susceptible (Nicotiana benthamiana and Chenopodium quinoa) and one nonhost (N. clevelandii) plant species. The results showed that in susceptible hosts, CP-mediated ER-derived vesicle induction is contingent on the expression of encapsidation-competent CP. In contrast, unlike in N. benthamiana and C. quinoa, transient expression of wt CP in nonhost N. clevelandii plants eliminated vesicle induction. Additionally, comparative source-to-sink analysis of virus spread in leaves of N. benthamiana and N. clevelandii coexpressing wt BMV and Cucumber mosaic virus (CMV) showed that despite trans-encapsidation, CMV failed to complement the defective cell-to-cell movement of BMV. The significance and relation of CP-mediated vesicle induction to virus cell-to-cell movement are discussed.",
   "authors": [
      "Bamunusinghe, Devinka",
      "Chaturvedi, Sonali",
      "Seo, Jang-Kyun",
      "Rao, A. L. N."
   ],
   "has_full_text": "False",
   "id": "https://doi.org/10.1128/JVI.01253-13",
   "pubtator": "PMC3754083"
}