{
   "sha": "bf0c3f90978f7e4794dfe1dd2d90ddb592fc6549",
   "source_x": "PMC",
   "title": "Influence of Mabs on PrP(Sc) Formation Using In Vitro and Cell-Free Systems",
   "doi": "http://dx.doi.org/10.1371/journal.pone.0041626",
   "pmcid": "PMC3407222",
   "pubmed_id": "22848548",
   "license": "CC BY",
   "abstract": "PrP(Sc) is believed to serve as a template for the conversion of PrP(C) to the abnormal isoform. This process requires contact between the two proteins and implies that there may be critical contact sites that are important for conversion. We hypothesized that antibodies binding to either PrP(c)or PrP(Sc) would hinder or prevent the formation of the PrP(C)\u2013PrP(Sc) complex and thus slow down or prevent the conversion process. Two systems were used to analyze the effect of different antibodies on PrP(Sc) formation: (i) neuroblastoma cells persistently infected with the 22L mouse-adapted scrapie stain, and (ii) protein misfolding cyclic amplification (PMCA), which uses PrP(Sc) as a template or seed, and a series of incubations and sonications, to convert PrP(C) to PrP(Sc). The two systems yielded similar results, in most cases, and demonstrate that PrP-specific monoclonal antibodies (Mabs) vary in their ability to inhibit the PrP(C)\u2013PrP(Sc) conversion process. Based on the numerous and varied Mabs analyzed, the inhibitory effect does not appear to be epitope specific, related to PrP(C) conformation, or to cell membrane localization, but is influenced by the targeted PrP region (amino vs carboxy).",
   "publish_time": "2012 Jul 27",
   "authors": [
      "['Chang, Binggong', 'Petersen, Robert', 'Wisniewski, Thomas', 'Rubenstein, Richard']"
   ],
   "journal": "PLoS One",
   "has_full_text": "True",
   "id": "bf0c3f90978f7e4794dfe1dd2d90ddb592fc6549",
   "fhir_link": "Commercial/Composition/bf0c3f90978f7e4794dfe1dd2d90ddb592fc6549"
}