{
   "source_x": "PMC",
   "title": "Entry and exit screening of airline travellers during the A(H1N1) 2009 pandemic: a retrospective evaluation",
   "doi": "10.2471/BLT.12.114777",
   "pmcid": "PMC3646347",
   "license": "unk",
   "abstract": "OBJECTIVE: To evaluate the screening measures that would have been required to assess all travellers at risk of transporting A(H1N1)pdm09 out of Mexico by air at the start of the 2009 pandemic. METHODS: Data from flight itineraries for travellers who flew from Mexico were used to estimate the number of international airports where health screening measures would have been needed, and the number of travellers who would have had to be screened, to assess all air travellers who could have transported the H1N1 influenza virus out of Mexico during the initial stages of the 2009 A(H1N1) pandemic. FINDINGS: Exit screening at 36 airports in Mexico, or entry screening of travellers arriving on direct flights from Mexico at 82 airports in 26 other countries, would have resulted in the assessment of all air travellers at risk of transporting A(H1N1)pdm09 out of Mexico at the start of the pandemic. Entry screening of 116 travellers arriving from Mexico by direct or connecting flights would have been necessary for every one traveller at risk of transporting A(H1N1)pdm09. Screening at just eight airports would have resulted in the assessment of 90% of all air travellers at risk of transporting A(H1N1)pdm09 out of Mexico in the early stages of the pandemic. CONCLUSION: During the earliest stages of the A(H1N1) pandemic, most public health benefits potentially attainable through the screening of air travellers could have been achieved by screening travellers at only eight airports.",
   "authors": [
      "Khan, Kamran",
      "Eckhardt, Rose",
      "Brownstein, John S",
      "Naqvi, Raza",
      "Hu, Wei",
      "Kossowsky, David",
      "Scales, David",
      "Arino, Julien",
      "MacDonald, Michael",
      "Wang, Jun",
      "Sears, Jennifer",
      "Cetron, Martin S"
   ],
   "has_full_text": "False",
   "id": "https://doi.org/10.2471/BLT.12.114777",
   "pubtator": "PMC3646347"
}