{
   "source_x": "PMC",
   "title": "Serologic Evidence of Pandemic Influenza Virus H1N1 2009 Infection in Cats in China",
   "doi": "10.1128/CVI.00618-12",
   "pmcid": "PMC3535780",
   "license": "unk",
   "abstract": "Infection of domestic cats with (H1N1) pandemic 2009 (pdm09) influenza A virus has recently been documented. In this paper, we report for the first time the sporadically current seroprevalence of (H1N1) pdm09 influenza A virus infection in cats in China. Thirteen of 1,080 sera were found positive by nucleoprotein (NP)-specific enzyme-linked immunosorbent assays (ELISAs) in different cat populations in southern China. It is very important to stress further surveillance of pandemic (H1N1) 2009 influenza A virus in cats in southern China.",
   "authors": [
      "Su, Shuo",
      "Yuan, Liguo",
      "Li, Huatao",
      "Chen, Jidang",
      "Xie, Jiexiong",
      "Huang, Zhen",
      "Jia, Kun",
      "Li, Shoujun"
   ],
   "has_full_text": "False",
   "id": "https://doi.org/10.1128/CVI.00618-12",
   "pubtator": "PMC3535780"
}