{
   "source_x": "PMC",
   "title": "Sequence and immunogenicity of a clinically approved novel measles virus vaccine vector",
   "doi": "10.4161/hv.23242",
   "pmcid": "PMC3891718",
   "license": "unk",
   "abstract": "The measles virus vaccine (MVbv) is a clinically certified and well-tolerated vaccine strain that has been given both parenterally and mucosally. It has been extensively used in children and has proven to be safe and effective in eliciting protective immunity. This specific strain was therefore chosen to generate a measles viral vector. The genome of the commercial MVbv vaccine strain was isolated, sequenced and a plasmid, p(+)MVb, enabling transcription of the viral antigenome and rescue of MVb, was constructed. Phylogenic and phenotypic analysis revealed that MVbv and the rescued MVb constitute another evolutionary branch within the hitherto classified measles vaccines. Plasmid p(+)MVb was modified by insertion of artificial MV-type transcription units (ATUs) for the generation of recombinant viruses (rMVb) expressing additional proteins. Replication characteristics and immunogenicity of rMVb vectors were similar to the parental MVbv and to other vaccine strains. The expression of the additional proteins was stable over 10 serial virus transfers, which corresponds to an amplification greater than 10(20). The excellent safety record and its efficient application as aerosol may add to the usefulness of the derived vectors.",
   "authors": [
      "Zuniga, Amando",
      "Liniger, Mathias",
      "Morin, Teldja Neige Azzouz",
      "Marty, Ren\u00e9 R.",
      "Wiegand, Marian",
      "Ilter, Orhan",
      "Weibel, Sara",
      "Billeter, Martin A.",
      "Knuchel, Marlyse C.",
      "Naim, Hussein Y."
   ],
   "has_full_text": "False",
   "id": "https://doi.org/10.4161/hv.23242",
   "pubtator": "PMC3891718"
}