{
   "sha": "92e99304d6df52227598a5da5996127ee119f6fa",
   "source_x": "PMC",
   "title": "Quantitative and Chemical Fingerprint Analysis for the Quality Evaluation of Isatis indigotica based on Ultra-Performance Liquid Chromatography with Photodiode Array Detector Combined with Chemometric Methods",
   "doi": "http://dx.doi.org/10.3390/ijms13079035",
   "pmcid": "PMC3430281",
   "pubmed_id": "22942750",
   "license": "CC BY",
   "abstract": "A simple and reliable method of ultra-performance liquid chromatography with photodiode array detector (UPLC-PDA) was developed to control the quality of Radix Isatidis (dried root of Isatis indigotica) for chemical fingerprint analysis and quantitative analysis of eight bioactive constituents, including R,S-goitrin, progoitrin, epiprogoitrin, gluconapin, adenosine, uridine, guanosine, and hypoxanthine. In quantitative analysis, the eight components showed good regression (R > 0.9997) within test ranges, and the recovery method ranged from 99.5% to 103.0%. The UPLC fingerprints of the Radix Isatidis samples were compared by performing chemometric procedures, including similarity analysis, hierarchical clustering analysis, and principal component analysis. The chemometric procedures classified Radix Isatidis and its finished products such that all samples could be successfully grouped according to crude herbs, prepared slices, and adulterant Baphicacanthis cusiae Rhizoma et Radix. The combination of quantitative and chromatographic fingerprint analysis can be used for the quality assessment of Radix Isatidis and its finished products.",
   "publish_time": "2012 Jul 20",
   "authors": [
      "['Shi, Yan-Hong', 'Xie, Zhi-Yong', 'Wang, Rui', 'Huang, Shan-Jun', 'Li, Yi-Ming', 'Wang, Zheng-Tao']"
   ],
   "journal": "Int J Mol Sci",
   "has_full_text": "True",
   "id": "92e99304d6df52227598a5da5996127ee119f6fa",
   "fhir_link": "Commercial/Composition/92e99304d6df52227598a5da5996127ee119f6fa.json"
}