{
   "source_x": "PMC",
   "title": "CD147 and AGR2 expression promote cellular proliferation and metastasis of Head and Neck Squamous Cell Carcinoma",
   "doi": "10.1016/j.yexcr.2012.04.022",
   "pmcid": "PMC3951318",
   "license": "unk",
   "abstract": "The signaling pathways facilitating metastasis of head and neck squamous cell carcinoma (HNSCC) cells are not fully understood. CD147 is a transmembrane glycoprotein known to induce cell migration and invasion. AGR2 is a secreted peptide also known to promote cell metastasis. Here we describe their importance in the migration and invasion of HNSCC cells (FADU and OSC-19) in vitro and in vivo. In vitro, knockdown of CD147 or AGR2 decreased cellular proliferation, migration and invasion. In vivo, knockdown of CD147 or AGR2 expression decreased primary tumor growth as well as regional and distant metastasis.",
   "authors": [
      "Sweeny, Larissa",
      "Liu, Zhiyong",
      "Bush, Benjamin D.",
      "Hartman, Yolanda",
      "Zhou, Tong",
      "Rosenthal, Eben L."
   ],
   "has_full_text": "False",
   "id": "https://doi.org/10.1016/j.yexcr.2012.04.022",
   "pubtator": "PMC3951318"
}