{
   "source_x": "PMC",
   "title": "A novel full-length isoform of murine pregnancy-specific glycoprotein 16 (psg16) is expressed in the brain but does not mediate murine coronavirus (MHV) entry",
   "doi": "10.1007/s13365-012-0081-6",
   "pmcid": "PMC3368079",
   "license": "unk",
   "abstract": "The mouse pregnancy-specific glycoprotein 16 (PSG16) has been reported to be an alternative receptor for mouse hepatitis virus (MHV), some strains of which cause encephalitis in mice lacking the canonical receptor CEACAM1a. The known isoforms of PSG16 are N-terminally truncated relative to other PSG family proteins and are expressed in neurons as well as in the placenta. We have cloned a novel full-length isoform of psg16 that is also expressed in the brain, placenta, and retina but, like the truncated form, lacks MHV receptor activity when expressed on 293T cells, suggesting that PSG16 does not mediate CEACAM1a-independent spread of MHV.",
   "authors": [
      "Phillips, Judith M.",
      "Kuo, I-Ting",
      "Richardson, Chelsea",
      "Weiss, Susan R."
   ],
   "has_full_text": "False",
   "id": "https://doi.org/10.1007/s13365-012-0081-6",
   "pubtator": "PMC3368079"
}