{
   "source_x": "PMC",
   "title": "Mathematical Modeling of Viral Zoonoses in Wildlife",
   "doi": "10.1111/j.1939-7445.2011.00104.x",
   "pmcid": "PMC3358807",
   "license": "unk",
   "abstract": "Zoonoses are a worldwide public health concern, accounting for approximately 75% of human infectious diseases. In addition, zoonoses adversely affect agricultural production and wildlife. We review some mathematical models developed for the study of viral zoonoses in wildlife and identify areas where further modeling efforts are needed.",
   "authors": [
      "Allen, L. J. S.",
      "Brown, V. L.",
      "Jonsson, C. B.",
      "Klein, S. L.",
      "Laverty, S. M.",
      "Magwedere, K.",
      "Owen, J. C.",
      "van den Driessche, P."
   ],
   "has_full_text": "False",
   "id": "https://doi.org/10.1111/j.1939-7445.2011.00104.x",
   "pubtator": "PMC3358807"
}