{
   "sha": "7a1329845e6f9569ebad76566c23cf88fd8d5508",
   "source_x": "PMC",
   "title": "The VP3 Factor from Viruses of Birnaviridae Family Suppresses RNA Silencing by Binding Both Long and Small RNA Duplexes",
   "doi": "http://dx.doi.org/10.1371/journal.pone.0045957",
   "pmcid": "PMC3458112",
   "pubmed_id": "23049903",
   "license": "CC BY",
   "abstract": "RNA silencing is directly involved in antiviral defense in a wide variety of eukaryotic organisms, including plants, fungi, invertebrates, and presumably vertebrate animals. The study of RNA silencing-mediated antiviral defences in vertebrates is hampered by the overlap with other antiviral mechanisms; thus, heterologous systems are often used to study the interplay between RNA silencing and vertebrate-infecting viruses. In this report we show that the VP3 protein of the avian birnavirus Infectious bursal disease virus (IBDV) displays, in addition to its capacity to bind long double-stranded RNA, the ability to interact with double-stranded small RNA molecules. We also demonstrate that IBDV VP3 prevents the silencing mediated degradation of a reporter mRNA, and that this silencing suppression activity depends on its RNA binding ability. Furthermore, we find that the anti-silencing activity of IBDV VP3 is shared with the homologous proteins expressed by both insect- and fish-infecting birnaviruses. Finally, we show that IBDV VP3 can functionally replace the well-characterized HCPro silencing suppressor of Plum pox virus, a potyvirus that is unable to infect plants in the absence of an active silencing suppressor. Altogether, our results support the idea that VP3 protects the viral genome from host sentinels, including those of the RNA silencing machinery.",
   "publish_time": "2012 Sep 25",
   "authors": [
      "['Valli, Adrian', 'Busnadiego, Idoia', 'Maliogka, Varvara', 'Ferrero, Diego', 'Cast\u00f3n, Jos\u00e9 R.', 'Rodr\u00edguez, Jos\u00e9 Francisco', 'Garc\u00eda, Juan Antonio']"
   ],
   "journal": "PLoS One",
   "has_full_text": "True",
   "id": "7a1329845e6f9569ebad76566c23cf88fd8d5508",
   "fhir_link": "Commercial/Composition/7a1329845e6f9569ebad76566c23cf88fd8d5508.json"
}