{
   "source_x": "PMC",
   "title": "Unravelling transmission trees of infectious diseases by combining genetic and epidemiological data",
   "doi": "10.1098/rspb.2011.0913",
   "pmcid": "PMC3234549",
   "license": "unk",
   "abstract": "Knowledge on the transmission tree of an epidemic can provide valuable insights into disease dynamics. The transmission tree can be reconstructed by analysing either detailed epidemiological data (e.g. contact tracing) or, if sufficient genetic diversity accumulates over the course of the epidemic, genetic data of the pathogen. We present a likelihood-based framework to integrate these two data types, estimating probabilities of infection by taking weighted averages over the set of possible transmission trees. We test the approach by applying it to temporal, geographical and genetic data on the 241 poultry farms infected in an epidemic of avian influenza A (H7N7) in The Netherlands in 2003. We show that the combined approach estimates the transmission tree with higher correctness and resolution than analyses based on genetic or epidemiological data alone. Furthermore, the estimated tree reveals the relative infectiousness of farms of different types and sizes.",
   "authors": [
      "Ypma, R. J. F.",
      "Bataille, A. M. A.",
      "Stegeman, A.",
      "Koch, G.",
      "Wallinga, J.",
      "van Ballegooijen, W. M."
   ],
   "has_full_text": "False",
   "id": "https://doi.org/10.1098/rspb.2011.0913",
   "pubtator": "PMC3234549"
}