{
   "source_x": "PMC",
   "title": "Identification of a Dendrimeric Heparan Sulfate-Binding Peptide That Inhibits Infectivity of Genital Types of Human Papillomaviruses",
   "doi": "10.1128/AAC.00471-10",
   "pmcid": "PMC2944621",
   "license": "unk",
   "abstract": "Peptide dendrimers consist of a peptidyl branching core and/or covalently attached surface functional units. They show a variety of biological properties, including antiviral activity. In this study, a minilibrary of linear, dimeric, and dendrimeric peptides containing clusters of basic amino acids was evaluated for in vitro activity against human papillomaviruses (HPVs). The peptide dendrimer SB105-A10 was found to be a potent inhibitor of genital HPV types (i.e., types 16, 18, and 6) in pseudovirus-based neutralization assays. The 50% inhibitory concentration was between 2.8 and 4.2 \u03bcg/ml (0.59 and 0.88 \u03bcM), and no evidence of cytotoxicity was observed. SB105-A10 interacts with immobilized heparin and with heparan sulfates exposed on the cell surface, most likely preventing virus attachment. The findings from this study indicate SB105-A10 to be a leading candidate compound for further development as an active ingredient of a topical microbicide against HPV and other sexually transmitted viral infections.",
   "authors": [
      "Donalisio, Manuela",
      "Rusnati, Marco",
      "Civra, Andrea",
      "Bugatti, Antonella",
      "Allemand, Donatella",
      "Pirri, Giovanna",
      "Giuliani, Andrea",
      "Landolfo, Santo",
      "Lembo, David"
   ],
   "has_full_text": "False",
   "id": "https://doi.org/10.1128/AAC.00471-10",
   "pubtator": "PMC2944621"
}