{
   "source_x": "PMC",
   "title": "Platform technology to deliver prophylactic molecules orally: an example using the Class A select agent Yersinia pestis",
   "doi": "10.1016/j.vaccine.2010.07.084",
   "pmcid": "PMC2942074",
   "license": "unk",
   "authors": [
      "del Rio, Beatriz",
      "Fuente, Jesus Lajara",
      "Neves, Vera",
      "Dattwyler, Raymond",
      "Seegers, Jos F.M.L.",
      "Gomes-Solecki, Maria"
   ],
   "has_full_text": "False",
   "id": "https://doi.org/10.1016/j.vaccine.2010.07.084",
   "pubtator": "PMC2942074"
}