{
   "source_x": "PMC",
   "title": "Feline Lectin Activity Is Critical for the Cellular Entry of Feline Infectious Peritonitis Virus",
   "doi": "10.1128/JVI.00964-10",
   "pmcid": "PMC2897608",
   "license": "unk",
   "abstract": "Feline infectious peritonitis is a lethal disease of felids caused by systemic infection with a feline coronavirus. Here, we report identification and analysis of the feline homologue to the human lectin DC-SIGN and show that it is a coreceptor for virulent strains of serotype 1 and serotype 2 feline coronaviruses.",
   "authors": [
      "Regan, Andrew D.",
      "Ousterout, David G.",
      "Whittaker, Gary R."
   ],
   "has_full_text": "False",
   "id": "https://doi.org/10.1128/JVI.00964-10",
   "pubtator": "PMC2897608"
}