{
   "sha": "02628c450bf9e8c1aa9a1f36d3b89615dc7874a6",
   "source_x": "Elsevier",
   "title": "Chapter 11 Ferrets",
   "doi": "10.1016/B978-0-323-44450-7.00011-4",
   "license": "els-covid",
   "publish_time": "2018-12-31",
   "authors": [
      "Morrisey, James K.",
      "Johnston, Matthew S."
   ],
   "journal": "Exotic Animal Formulary",
   "has_full_text": "True",
   "full_text_file": "custom_license",
   "id": "https://doi.org/10.1016/B978-0-323-44450-7.00011-4",
   "fhir_link": [
      "PMC/Composition/02628c450bf9e8c1aa9a1f36d3b89615dc7874a6"
   ]
}