{
   "source_x": "PMC",
   "title": "The Open Reading Frame 3a Protein of Severe Acute Respiratory Syndrome-Associated Coronavirus Promotes Membrane Rearrangement and Cell Death",
   "doi": "10.1128/JVI.01662-09",
   "pmcid": "PMC2798367",
   "license": "unk",
   "abstract": "The genome of the severe acute respiratory syndrome-associated coronavirus (SARS-CoV) contains eight open reading frames (ORFs) that encode novel proteins. These accessory proteins are dispensable for in vitro and in vivo replication and thus may be important for other aspects of virus-host interactions. We investigated the functions of the largest of the accessory proteins, the ORF 3a protein, using a 3a-deficient strain of SARS-CoV. Cell death of Vero cells after infection with SARS-CoV was reduced upon deletion of ORF 3a. Electron microscopy of infected cells revealed a role for ORF 3a in SARS-CoV induced vesicle formation, a prominent feature of cells from SARS patients. In addition, we report that ORF 3a is both necessary and sufficient for SARS-CoV-induced Golgi fragmentation and that the 3a protein accumulates and localizes to vesicles containing markers for late endosomes. Finally, overexpression of ADP-ribosylation factor 1 (Arf1), a small GTPase essential for the maintenance of the Golgi apparatus, restored Golgi morphology during infection. These results establish an important role for ORF 3a in SARS-CoV-induced cell death, Golgi fragmentation, and the accumulation of intracellular vesicles.",
   "authors": [
      "Freundt, Eric C.",
      "Yu, Li",
      "Goldsmith, Cynthia S.",
      "Welsh, Sarah",
      "Cheng, Aaron",
      "Yount, Boyd",
      "Liu, Wei",
      "Frieman, Matthew B.",
      "Buchholz, Ursula J.",
      "Screaton, Gavin R.",
      "Lippincott-Schwartz, Jennifer",
      "Zaki, Sherif R.",
      "Xu, Xiao-Ning",
      "Baric, Ralph S.",
      "Subbarao, Kanta",
      "Lenardo, Michael J."
   ],
   "has_full_text": "False",
   "id": "https://doi.org/10.1128/JVI.01662-09",
   "pubtator": "PMC2798367"
}