{
   "sha": "04c80346278c76be38e11fba9ee1a0fccc13c57f",
   "source_x": "PMC",
   "title": "Candidiasis and other oral mucosal lesions during and after interferon therapy for HCV-related chronic liver diseases",
   "doi": "http://dx.doi.org/10.1186/1471-230X-12-155",
   "pmcid": "PMC3503792",
   "pubmed_id": "23122361",
   "license": "CC BY",
   "abstract": "BACKGROUND: Oral lichen planus (OLP) is seen frequently in patients with hepatitis C virus (HCV) infection. The aim of this study was to evaluate the occurrence of oral candidiasis, other mucosal lesions, and xerostomia during interferon (IFN) therapy for HCV infection. METHODS: Of 124 patients with HCV-infected liver diseases treated with IFN therapy in our hospital, 14 (mean age 56.00 \u00b1 12.94 years) who attended to receive administration of IFN once a week were identified and examined for Candida infection and other oral lesions and for the measurement of salivary flow. Serological assays also were carried out. RESULTS: Cultures of Candida from the tongue surfaces were positive in 7 (50.0%) of the 14 patients with HCV infection at least once during IFN therapy. C. albicans was the most common species isolated. The incidence of Candida during treatment with IFN did not increase above that before treatment. Additional oral mucosal lesions were observed in 50.0% (7/14) of patients: OLP in three (21.4%), angular cheilitis in three (21.4%) and recurrent aphthous stomatitis in one (7.1%). OLP occurred in one patient before treatment with IFN, in one during treatment and in one at the end of treatment. 85.7% of the oral lesions were treated with topical steroids. We compared the characteristics of the 7 patients in whom Candida was detected at least once during IFN therapy (group 1) and the 7 patients in whom Candida was not detected during IFN therapy (group 2). The prevalence of oral mucosal lesions (P=0.0075) and incidence of external use of steroids (P=0.0308) in group 1 were significantly higher than in group 2. The average body weight of group 1 decreased significantly compared to group 2 (P=0.0088). Salivary flow decreased in all subjects throughout the course of IFN treatment and returned at 6(th) months after the end of treatment. In group 1, the level of albumin at the beginning of the 6(th) month of IFN administration was lower than in group 2 (P=0.0550). According to multivariate analysis, one factor, the presence of oral mucosal lesions, was associated with the detection of Candida. The adjusted odds ratio for the factor was 36.00 (95% confidence interval 2.68-1485.94). CONCLUSION: We should pay more attention to oral candidiasis as well as other oral mucosal lesions, in patients with weight loss during IFN treatment.",
   "publish_time": "2012 Nov 2",
   "authors": [
      "['Nagao, Yumiko', 'Hashimoto, Kouji', 'Sata, Michio']"
   ],
   "journal": "BMC Gastroenterol",
   "has_full_text": "True",
   "id": "04c80346278c76be38e11fba9ee1a0fccc13c57f",
   "fhir_link": "Commercial/Composition/04c80346278c76be38e11fba9ee1a0fccc13c57f"
}