{
   "source_x": "PMC",
   "title": "Timing and severity of community acquired respiratory virus infections after myeloablative versus non-myeloablative hematopoietic stem cell transplantation",
   "doi": "10.3324/haematol.2008.003186",
   "pmcid": "PMC2719033",
   "license": "unk",
   "abstract": "BACKGROUND: Respiratory virus infections are important causes of morbidity and mortality after hematopoietic cell transplantation. Their clinical course can be severe with progression to lower respiratory tract infection, co-infection with serious pulmonary co-pathogens, and high mortality. Non-myeloablative conditioning regimens achieve engraftment without eradication of host hematopoietic cells, which potentially allows for protection against infections commonly seen in hematopoietic cell transplantation patients treated with standard intensity conditioning regimens. DESIGN AND METHODS: We performed a retrospective cohort study to measure the incidence and severity of parainfluenza types 1\u20134, influenza (A and B), respiratory syncitial virus and human rhinovirus disease in myeloablative versus non-myeloablative versus autologous hematopoietic cell transplantation patients. RESULTS: The incidences of all respiratory virus infections were similar in the non-myeloablative and myeloablative cohorts but less in the autologous cohort (33/420 [7.9%], 150/1593 [9.4%], and 37/751 [4.9%], respectively, p<0.0001). However, respiratory virus lower tract infections were significantly less common during the first 100 days after transplantation in non-myeloablative patients compared to myeloablative and autologous patients (1/420 [0.2%], 34/1593 [2.1%] and 16/751 [2.1%], respectively, p=0.005. Respiratory virus lower tract infection had high co-infection and attributable mortality rates. CONCLUSIONS: Respiratory virus lower tract infection during the first 100 days after hematopoietic cell transplantation was less common in persons receiving non-myeloablative conditioning regimens compared to myeloablative conditioning, despite a similar overall rate of acquisition.",
   "authors": [
      "Schiffer, Joshua T.",
      "Kirby, Kate",
      "Sandmaier, Brenda",
      "Storb, Rainer",
      "Corey, Lawrence",
      "Boeckh, Michael"
   ],
   "has_full_text": "False",
   "id": "https://doi.org/10.3324/haematol.2008.003186",
   "pubtator": "PMC2719033"
}