{
   "sha": "961c4882b3c6af77ba090fa446c154907e8297a5",
   "source_x": "Elsevier",
   "title": "42 An Overview of Middle East Respiratory Syndrome in the Middle East",
   "doi": "10.1016/B978-0-323-55228-8.00042-4",
   "license": "els-covid",
   "publish_time": "2019-12-31",
   "authors": [
      "Toosy, Arshad Haroon",
      "O'sullivan, Sean"
   ],
   "journal": "Fowler's Zoo and Wild Animal Medicine Current Therapy, Volume 9",
   "has_full_text": "True",
   "full_text_file": "custom_license",
   "id": "https://doi.org/10.1016/B978-0-323-55228-8.00042-4",
   "fhir_link": [
      "PMC/Composition/961c4882b3c6af77ba090fa446c154907e8297a5"
   ]
}