{
   "source_x": "PMC",
   "title": "West Nile Virus Entry Requires Cholesterol-Rich Membrane Microdomains and Is Independent of \u03b1v\u03b23 Integrin",
   "doi": "10.1128/JVI.00008-08",
   "pmcid": "PMC2395215",
   "license": "unk",
   "abstract": "West Nile virus (WNV) has been the leading cause of viral encephalitis in the United States since 1999. The endocytic processes involved in the internalization of infectious WNV by various cell types are not well characterized, and the involvement of cholesterol-rich membrane microdomains, or lipid rafts, in the life cycle of WNV has not been investigated previously. In this study, we found that the depletion of cellular cholesterol levels by brief treatment with methyl-\u03b2-cyclodextrin resulted in a 100-fold reduction of the titers of infectious WNV released into the culture supernatant, as well as a reduction in the number of WNV genome copies in the cholesterol-depleted cells. The addition of exogenous cholesterol to cholesterol-depleted cells reversed this effect. Cholesterol depletion postinfection did not affect WNV growth, suggesting that the effect occurs at the level of WNV entry. We also showed that while WNV entry did not require \u03b1v\u03b23 integrin and focal adhesion kinase, WNV particles failed to be internalized by cholesterol-depleted cells. Finally, we showed the colocalization of the WNV envelope protein and cholera toxin B, which is internalized in a lipid raft-dependent pathway, in microdomain clusters at the plasma membrane. These data suggest that WNV utilizes lipid rafts during initial stages of internalization and that the lipid rafts may contain a factor(s) that may enhance WNV endocytosis.",
   "authors": [
      "Medigeshi, Guruprasad R.",
      "Hirsch, Alec J.",
      "Streblow, Daniel N.",
      "Nikolich-Zugich, Janko",
      "Nelson, Jay A."
   ],
   "has_full_text": "False",
   "id": "https://doi.org/10.1128/JVI.00008-08",
   "pubtator": "PMC2395215"
}