{
   "sha": "b0889b0058183e21ed81e8b41414fd4cc450ce84",
   "source_x": "PMC",
   "title": "Adjuvant Activity of Sargassum pallidum Polysaccharides against Combined Newcastle Disease, Infectious Bronchitis and Avian Influenza Inactivated Vaccines",
   "doi": "http://dx.doi.org/10.3390/md10122648",
   "pmcid": "PMC3528116",
   "pubmed_id": "23342387",
   "license": "CC BY",
   "abstract": "This study evaluates the effects of Sargassum pallidum polysaccharides (SPP) on the immune responses in a chicken model. The adjuvanticity of Sargassum pallidum polysaccharides in Newcastle disease (ND), infectious bronchitis (IB) and avian influenza (AI) was investigated by examining the antibody titers and lymphocyte proliferation following immunization in chickens. The chickens were administrated combined ND, IB and AI inactivated vaccines containing SPP at 10, 30 and 50 mg/mL, using an oil adjuvant vaccine as a control. The ND, IB and AI antibody titers and the lymphocyte proliferation were enhanced at 30 mg/mL SPP. In conclusion, an appropriate dose of SPP may be a safe and efficacious immune stimulator candidate that is suitable for vaccines to produce early and persistent prophylaxis.",
   "publish_time": "2012 Nov 22",
   "authors": [
      "['Li, Li-Jie', 'Li, Ming-Yi', 'Li, Yan-Tuan', 'Feng, Jing-Jing', 'Hao, Feng-Qiang', 'Zhang, Lun']"
   ],
   "journal": "Mar Drugs",
   "has_full_text": "True",
   "id": "b0889b0058183e21ed81e8b41414fd4cc450ce84",
   "fhir_link": "Commercial/Composition/b0889b0058183e21ed81e8b41414fd4cc450ce84.json"
}