{
   "source_x": "PMC",
   "title": "Strong and Selective Inhibitors of Hepatitis B Virus Replication among Novel N(4)-Hydroxy- and 5-Methyl-\u03b2-l-Deoxycytidine Analogues",
   "doi": "10.1128/AAC.00001-07",
   "pmcid": "PMC1913238",
   "license": "unk",
   "abstract": "Novel N(4)-hydroxy- and 5-methyl-modified \u03b2-l-deoxycytidine analogues were synthesized and evaluated as anti-hepatitis B virus (HBV) agents. Their in vitro efficiencies were investigated in HepG2.2.15 cells stably transfected with HBV. \u03b2-l-2\u2032,3\u2032-Didehydro-2\u2032,3\u2032-dideoxy-N(4)-hydroxycytidine (\u03b2-l-Hyd4C) was most effective in reducing secreted HBV DNA (50% effective concentration [EC(50)], 0.03 \u03bcM), followed by \u03b2-l-2\u2032,3\u2032-dideoxy-3\u2032-thia-N(4)-hydroxycytidine (EC(50), 0.51 \u03bcM), \u03b2-l-2\u2032,3\u2032-dideoxy-N(4)-hydroxycytidine (EC(50), 0.55 \u03bcM), and \u03b2-l-5-methyl-2\u2032-deoxycytidine (EC(50), 0.9 \u03bcM). The inhibition of the presumed target, the HBV DNA polymerase, by the triphosphates of some of the \u03b2-l-cytidine derivatives was also assessed. In accordance with the cell culture data, \u03b2-l-Hyd4C triphosphate was the most active inhibitor, with a 50% inhibitory concentration of 0.21 \u03bcM. The cytotoxicities of some of the 4-NHOH-modified \u03b2-l-nucleosides were dramatically lower than those of the corresponding cytidine analogues with the unmodified 4-NH(2) group. The 50% cytotoxic concentrations for \u03b2-l-Hyd4C in HepG2 and HL-60 cells were 2,500 \u03bcM and 3,500 \u03bcM, respectively. In summary, our results demonstrate that at least \u03b2-l-Hyd4C can be recommended as a highly efficient and extremely selective inhibitor of HBV replication for further investigations.",
   "authors": [
      "Matthes, E.",
      "Funk, A.",
      "Krahn, I.",
      "Gaertner, K.",
      "von Janta-Lipinski, M.",
      "Lin, L.",
      "Will, H.",
      "Sirma, H."
   ],
   "has_full_text": "False",
   "id": "https://doi.org/10.1128/AAC.00001-07",
   "pubtator": "PMC1913238"
}