{
   "source_x": "PMC",
   "title": "STRUCTURE OF A HIGH-AFFINITY \u201cMIMOTOPE\u201d PEPTIDE BOUND TO HIV-1-NEUTRALIZING ANTIBODY b12 EXPLAINS ITS INABILITY TO ELICIT gp120 CROSS-REACTIVE ANTIBODIES",
   "doi": "10.1016/j.jmb.2007.01.060",
   "pmcid": "PMC1995417",
   "license": "unk",
   "abstract": "The human antibody b12 recognizes a discontinuous epitope on gp120 and is one of the rare monoclonal antibodies that neutralize a broad range of primary HIV-1 isolates. We previously reported the isolation of B2.1, a dimeric peptide that binds with high specificity to b12 and competes with gp120 for b12 antibody binding. Here, we show that the affinity of B2.1 was improved 60-fold over its synthetic-peptide counterpart by fusing it to the N-terminus of a soluble protein. This affinity, which is within an order of magnitude of that of gp120, probably more closely reflects the affinity of the phage-borne peptide. The crystal structure of a complex between Fab of b12 and B2.1 was determined at 1.8 \u212b resolution. The structural data allowed the differentiation of residues that form critical contacts with b12 from those required for maintenance of the antigenic structure of the peptide, and revealed that three contiguous residues mediate B2.1's critical contacts with b12. This single region of critical contact between the B2.1 peptide and the b12 paratope is unlikely to mimic the discontinuous key binding residues involved in the full b12 epitope for gp120, as previously identified by alanine scanning substitutions on the gp120 surface. These structural observations are supported by experiments that demonstrate that B2.1 is an ineffective immunogenic mimic of the b12 epitope on gp120. Indeed, an extensive series of immunizations with B2.1 in various forms failed to produce gp120 cross-reactive sera. The functional and structural data presented here, however, suggest that the mechanism by which b12 recognizes the two antigens is very different. Here, we present the first crystal structure of peptide bound to an antibody that was originally raised against a discontinuous protein epitope. Our results highlight the challenge of producing immunogens that mimic discontinuous protein epitopes, and the necessity of combining complementary experimental approaches in analyzing the antigenic and immunogenic properties of putative molecular mimics.",
   "authors": [
      "Saphire, Erica Ollmann",
      "Montero, Marinieve",
      "Menendez, Alfredo",
      "van Houten, Nienke E.",
      "Irving, Melita B.",
      "Pantophlet, Ralph",
      "Zwick, Michael B.",
      "Parren, Paul W. H. I.",
      "Burton, Dennis R.",
      "Scott, Jamie K.",
      "Wilson, Ian A."
   ],
   "has_full_text": "False",
   "id": "https://doi.org/10.1016/j.jmb.2007.01.060",
   "pubtator": "PMC1995417"
}