{
   "source_x": "PMC",
   "title": "What is the best control strategy for multiple infectious disease outbreaks?",
   "doi": "10.1098/rspb.2006.0015",
   "pmcid": "PMC2093965",
   "license": "unk",
   "abstract": "Effective control of infectious disease outbreaks is an important public health goal. In a number of recent studies, it has been shown how different intervention measures like travel restrictions, school closures, treatment and prophylaxis might allow us to control outbreaks of diseases, such as SARS, pandemic influenza and others. In these studies, control of a single outbreak is considered. It is, however, not clear how one should handle a situation where multiple outbreaks are likely to occur. Here, we identify the best control strategy for such a situation. We further discuss ways in which such a strategy can be implemented to achieve additional public health objectives.",
   "authors": [
      "Handel, Andreas",
      "Longini, Ira M",
      "Antia, Rustom"
   ],
   "has_full_text": "False",
   "id": "https://doi.org/10.1098/rspb.2006.0015",
   "pubtator": "PMC2093965"
}