{
   "source_x": "PMC",
   "title": "Comparison of the inhibitory effects of interferon alfacon-1 and ribavirin on yellow fever virus infection in a hamster model",
   "doi": "10.1016/j.antiviral.2006.08.008",
   "pmcid": "PMC1828627",
   "license": "unk",
   "abstract": "Antiviral compounds were evaluated for efficacy against yellow fever virus (YFV) in a hamster model of YFV-induced liver disease. Challenge with a 10(2) 50% cell culture infectious doses of YFV resulted in a 50\u201380% mortality rate in female hamsters. Virus was detected by QRT-PCR in liver, kidney, spleen, and serum with peak titers on 4\u20136 days post-viral challenge (dpi). Serum levels of alkaline phosphatase, alanine aminotransferase (ALT), bilirubin, blood urea nitrogen, potassium, and creatinine were significantly elevated, while serum levels of albumin, amylase, glucose, calcium, globulin, phosphorus, sodium, and total protein were significantly reduced. Packed cell volume and white blood cell count were significantly elevated during the course of the infection. Intraperitoneal treatment of hamsters with 0.5\u20135 \u03bcg/kg/d interferon (IFN) alfacon-1, 100 mg/kg/d viramidine, or 50 mg/kg/d ribavirin, initiated 4 h prior to YFV challenge, resulted in significant improvement in survival and serum ALT levels. Treatment with IFN alfacon-1 or ribavirin starting 2 dpi, also significantly improved survival and serum ALT levels in hamsters challenged with YFV. Pre- and post-virus exposure treatment with IFN alfacon-1 was efficacious in improving disease in YFV-infected hamsters.",
   "authors": [
      "Julander, Justin G.",
      "Morrey, John D.",
      "Blatt, Lawrence M.",
      "Schafer, Kristiina",
      "Sidwell, Robert W."
   ],
   "has_full_text": "False",
   "id": "https://doi.org/10.1016/j.antiviral.2006.08.008",
   "pubtator": "PMC1828627"
}