{
   "sha": "fdd06eeb020a963754fee36852a5918a93f7856d",
   "source_x": "PMC",
   "title": "Initial Antihypertensive Prescription and Switching: A 5 Year Cohort Study from 250,851 Patients",
   "doi": "http://dx.doi.org/10.1371/journal.pone.0053625",
   "pmcid": "PMC3544913",
   "pubmed_id": "23341959",
   "license": "CC BY",
   "abstract": "PURPOSE: Adverse effects of antihypertensive therapy incur substantial cost. We evaluated whether any major classes of antihypertensive drugs were significantly associated with switching as a proxy measure of medication side effects in a large Chinese population in Hong Kong. METHODS: From a clinical database, all adult patients newly prescribed an antihypertensive mono-therapy in Hong Kong between the years 2001\u20132003 and 2005 were included. Those who paid only one visit, died or stayed in the cohort for <180 days after the prescription, or prescribed more than one antihypertensive agent were excluded. The factors associated with switching at 180 days were evaluated by multivariate regression analyses. Age, gender, payment status, service type, district of residence, drug class, systolic and diastolic blood pressure levels were predictor variables. RESULTS: From 250,851 subjects, 159,813 patients were eligible. A total of 6,163 (3.9%) switched their medications within 180 days. Patients prescribed thiazide diuretics had the highest switching rate (5.6%), followed by ACEIs (4.5%), CCBs (4.4%) and beta-blockers (3.2%). When compared with ACEIs, patients on thiazide diuretics were significantly more likely to be switchers (adjusted odds ratio [AOR] 1.49, 95% C.I. 1.31\u20131.69, p<0.001), whilst patients prescribed CCBs and beta-blockers were similarly likely to have switching. Following these patients up for 5 years showed that thiazide had the most marked increase in switching rate. CONCLUSIONS: The higher rates of switching among thiazide diuretics in this study might raise a probably greater incidence of their adverse effects in this Chinese population, yet other factors might also influence switching rates. Patients prescribed thiazide diuretics for longer term should be observed for their intolerability.",
   "publish_time": "2013 Jan 14",
   "authors": [
      "['Wong, Martin C. S.', 'Tam, Wilson W. S.', 'Cheung, Clement S. K.', 'Tong, Ellen L. H.', 'Sek, Antonio C. H.', 'John, George', 'Cheung, N. T.', 'Yan, Bryan P. Y.', 'Yu, C. M.', 'Leeder, Stephen', 'Griffiths, Sian']"
   ],
   "journal": "PLoS One",
   "has_full_text": "True",
   "id": "fdd06eeb020a963754fee36852a5918a93f7856d",
   "fhir_link": "Commercial/fdd06eeb020a963754fee36852a5918a93f7856d"
}