{
   "source_x": "PMC",
   "title": "Dodecamer Structure of Severe Acute Respiratory Syndrome Coronavirus Nonstructural Protein nsp10",
   "doi": "10.1128/JVI.00483-06",
   "pmcid": "PMC1563834",
   "license": "unk",
   "abstract": "The severe acute respiratory syndrome coronavirus (SARS-CoV) nonstructural proteins nsp1 to nsp16 have been implicated by genetic analysis in the assembly of a functional replication/transcription complex. We report the crystal structure of nsp10 from SARS-CoV at 2.1-\u00c5 resolution. The nsp10 structure has a novel fold, and 12 identical subunits assemble to form a unique spherical dodecameric architecture. Two zinc fingers have been identified from the nsp10 monomer structure with the sequence motifs C-(X)(2)-C-(X)(5)-H-(X)(6)-C and C-(X)(2)-C-(X)(7)-C-(X)-C. The nsp10 crystal structure is the first of a new class of zinc finger protein three-dimensional structures to be revealed experimentally. The zinc finger sequence motifs are conserved among all three coronavirus antigenic groups, implicating an essential function for nsp10 in all coronaviruses. Based on the structure, we propose that nsp10 is a transcription factor for coronavirus replication/transcription.",
   "authors": [
      "Su, Dan",
      "Lou, Zhiyong",
      "Sun, Fei",
      "Zhai, Yujia",
      "Yang, Haitao",
      "Zhang, Rongguang",
      "Joachimiak, Andrzej",
      "Zhang, Xuejun C.",
      "Bartlam, Mark",
      "Rao, Zihe"
   ],
   "has_full_text": "False",
   "id": "https://doi.org/10.1128/JVI.00483-06",
   "pubtator": "PMC1563834"
}