{
   "source_x": "PMC",
   "title": "Molecular Evolution Analysis and Geographic Investigation of Severe Acute Respiratory Syndrome Coronavirus-Like Virus in Palm Civets at an Animal Market and on Farms",
   "doi": "10.1128/JVI.01072-06",
   "pmcid": "PMC1563723",
   "license": "unk",
   "authors": [
      "Kan, Biao",
      "Wang, Ming",
      "Jing, Huaiqi",
      "Xu, Huifang",
      "Jiang, Xiugao",
      "Yan, Meiying",
      "Liang, Weili",
      "Zheng, Han",
      "Wan, Kanglin",
      "Liu, Qiyong",
      "Cui, Buyun",
      "Xu, Yanmei",
      "Zhang, Enmin",
      "Wang, Hongxia",
      "Ye, Jingrong",
      "Li, Guichang",
      "Li, Machao",
      "Cui, Zhigang",
      "Qi, Xiaobao",
      "Chen, Kai",
      "Du, Lin",
      "Gao, Kai",
      "Zhao, Yu-teng",
      "Zou, Xiao-zhong",
      "Feng, Yue-Ju",
      "Gao, Yu-Fan",
      "Hai, Rong",
      "Yu, Dongzhen",
      "Guan, Yi",
      "Xu, Jianguo"
   ],
   "has_full_text": "False",
   "id": "https://doi.org/10.1128/JVI.01072-06",
   "pubtator": "PMC1563723"
}