{
   "source_x": "PMC",
   "title": "Cytokine Responses in Severe Acute Respiratory Syndrome Coronavirus-Infected Macrophages In Vitro: Possible Relevance to Pathogenesis",
   "doi": "10.1128/JVI.79.12.7819-7826.2005",
   "pmcid": "PMC1143636",
   "license": "unk",
   "abstract": "The pathogenesis of severe acute respiratory syndrome (SARS) remains unclear. Macrophages are key sentinel cells in the respiratory system, and it is therefore relevant to compare the responses of human macrophages to infections with the SARS coronavirus (SARS-CoV) and other respiratory viruses. Primary human monocyte-derived macrophages were infected with SARS-CoV in vitro. Virus replication was monitored by measuring the levels of positive- and negative-strand RNA, by immunofluorescence detection of the SARS-CoV nucleoprotein, and by titration of the infectious virus. The gene expression profiles of macrophages infected with SARS-CoV, human coronavirus 229E, and influenza A (H1N1) virus were compared by using microarrays and real-time quantitative reverse transcriptase PCR. Secreted cytokines were measured with an enzyme-linked immunosorbent assay. SARS-CoV initiated viral gene transcription and protein synthesis in macrophages, but replication was abortive and no infectious virus was produced. In contrast to the case with human coronavirus 229E and influenza A virus, there was little or no induction of beta interferon (IFN-\u03b2) in SARS-CoV-infected macrophages. Furthermore, SARS-CoV induced the expression of chemokines such as CXCL10/IFN-\u03b3-inducible protein 10 and CCL2/monocyte chemotactic protein 1. The poor induction of IFN-\u03b2, a key component of innate immunity, and the ability of the virus to induce chemokines could explain aspects of the pathogenesis of SARS.",
   "authors": [
      "Cheung, Chung Y.",
      "Poon, Leo L. M.",
      "Ng, Iris H. Y.",
      "Luk, Winsie",
      "Sia, Sin-Fun",
      "Wu, Mavis H. S.",
      "Chan, Kwok-Hung",
      "Yuen, Kwok-Yung",
      "Gordon, Siamon",
      "Guan, Yi",
      "Peiris, Joseph S. M."
   ],
   "has_full_text": "False",
   "id": "https://doi.org/10.1128/JVI.79.12.7819-7826.2005",
   "pubtator": "PMC1143636"
}