{
   "source_x": "PMC",
   "title": "Aged BALB/c Mice as a Model for Increased Severity of Severe Acute Respiratory Syndrome in Elderly Humans",
   "doi": "10.1128/JVI.79.9.5833-5838.2005",
   "pmcid": "PMC1082763",
   "license": "unk",
   "abstract": "Advanced age has repeatedly been identified as an independent correlate of adverse outcome and a predictor of mortality in cases of severe acute respiratory syndrome (SARS). SARS-associated mortality may exceed 50% for persons aged 60 years or older. Heightened susceptibility of the elderly to severe SARS and the ability of SARS coronavirus to replicate in mice led us to examine whether aged mice might be susceptible to disease. We report here that viral replication in aged mice was associated with clinical illness and pneumonia, demonstrating an age-related susceptibility to SARS disease in animals that parallels the human experience.",
   "authors": [
      "Roberts, Anjeanette",
      "Paddock, Christopher",
      "Vogel, Leatrice",
      "Butler, Emily",
      "Zaki, Sherif",
      "Subbarao, Kanta"
   ],
   "has_full_text": "False",
   "id": "https://doi.org/10.1128/JVI.79.9.5833-5838.2005",
   "pubtator": "PMC1082763"
}