{
   "sha": "a33e3ade1bf2a47195051d6d458baa2001ab72a5",
   "source_x": "PMC",
   "title": "Prescription Surveillance and Polymerase Chain Reaction Testing to Identify Pathogens during Outbreaks of Infection",
   "doi": "http://dx.doi.org/10.1155/2013/746053",
   "pmcid": "PMC3581269",
   "pubmed_id": "23509772",
   "license": "CC BY",
   "abstract": "Syndromic surveillance, including prescription surveillance, offers a rapid method for the early detection of agents of bioterrorism and emerging infectious diseases. However, it has the disadvantage of not considering definitive diagnoses. Here, we attempted to definitively diagnose pathogens using polymerase chain reaction (PCR) immediately after the prescription surveillance system detected an outbreak. Specimens were collected from 50 patients with respiratory infections. PCR was used to identify the pathogens, which included 14 types of common respiratory viruses and Mycoplasma pneumoniae. Infectious agents including M. pneumoniae, respiratory syncytial virus (RSV), rhinovirus, enterovirus, and parainfluenza virus were detected in 54% of patients. For the rapid RSV diagnosis kit, sensitivity was 80% and specificity was 85%. For the rapid adenovirus diagnosis kit, no positive results were obtained; therefore, sensitivity could not be calculated and specificity was 100%. Many patients were found to be treated for upper respiratory tract infections without the diagnosis of a specific pathogen. In Japan, an outbreak of M. pneumoniae infection began in 2011, and our results suggested that this outbreak may have included false-positive cases. By combining syndromic surveillance and PCR, we were able to rapidly and accurately identify causative pathogens during a recent respiratory infection outbreak.",
   "publish_time": "2013 Feb 7",
   "authors": [
      "['Sugiura, Hiroaki', 'Fujimoto, Tsuguto', 'Sugawara, Tamie', 'Hanaoka, Nozomu', 'Konagaya, Masami', 'Kikuchi, Kiyoshi', 'Hanada, Eisuke', 'Okabe, Nobuhiko', 'Ohkusa, Yasushi']"
   ],
   "journal": "Biomed Res Int",
   "has_full_text": "True",
   "id": "a33e3ade1bf2a47195051d6d458baa2001ab72a5",
   "fhir_link": "Commercial/Composition/a33e3ade1bf2a47195051d6d458baa2001ab72a5"
}