{
   "source_x": "PMC",
   "title": "Membrane-bound carboxypeptidase E facilitates the entry of eosinophil cationic protein into neuroendocrine cells",
   "doi": "10.1042/BJ20040894",
   "pmcid": "PMC1133959",
   "license": "unk",
   "abstract": "ECP (eosinophil cationic protein) is a major component of eosinophil granule proteins, and is used as a clinical biomarker for asthma and allergic inflammatory disease. ECP has been implicated in damage to the cell membrane of many tissue types, but the mechanism is not well known. In the present study, mECP\u2013eGFP\u20136H, a recombinant fusion protein containing mature ECP (mECP), enhanced green fluorescence protein (eGFP) and a His(6) tag (6H), has been expressed, purified and added to GH3 neuroendocrine cells to study the internalization ability of ECP. We found that mECP\u2013eGFP\u20136H entered into GH3 neuroendocrine cells and inhibited the growth of the cells with an IC(50) of 0.8 \u03bcM. By yeast two-hybrid screening and immunoprecipitation, we have identified a specific protein\u2013protein interaction between mECP and CPE (carboxypeptidase E), a well characterized metalloprotease. Further in vivo yeast two-hybrid screening has also revealed that residues 318\u2013387 located in a region of unknown function in mature CPE are indispensable for association with mECP. In addition, the uptake of mECP\u2013eGFP\u20136H is suppressed by dominant-negative expression of the recycling defect mutant pre-pro-HA\u2013CPE(S471A,E472A) in GH3 cells, suggesting that the entry of mECP\u2013eGFP\u20136H is associated with the recycling of CPE in GH3 cells. Taken together, we have demonstrated that CPE possesses a novel function to facilitate the entry of ECP to neuroendocrine cells, and such an endocytotic process allows the cytotoxic ECP to inhibit growth of the target cells.",
   "authors": [
      "Wu, Chia-Mao",
      "Chang, Hao-Teng",
      "Chang, Margaret\u00a0Dah-Tsyr"
   ],
   "has_full_text": "False",
   "id": "https://doi.org/10.1042/BJ20040894",
   "pubtator": "PMC1133959"
}