{
   "source_x": "PMC",
   "title": "Variable Sensitivity to Substitutions in the N-Terminal Heptad Repeat of Mason-Pfizer Monkey Virus Transmembrane Protein",
   "doi": "10.1128/JVI.77.14.7779-7785.2003",
   "pmcid": "PMC161947",
   "license": "unk",
   "abstract": "The transmembrane protein of Mason-Pfizer monkey virus contains two heptad repeats that are predicted to form amphipathic \u03b1-helices that mediate the conformational change necessary for membrane fusion. To analyze the relative sensitivity of the predicted hydrophobic face of the N-terminal heptad repeat to the insertion of uncharged, polar, and charged substitutions, mutations that introduced alanine, serine, or glutamic acid into positions 436, 443, 450, and 457 of the envelope protein were examined. Novel systems using Tat protein and the GHOST cell line were developed to test and quantitate the effects of the mutations on Env-mediated fusion and infectivity of the virus. While no single amino acid change at any of the positions interfered significantly with the synthesis, processing, or transport to the plasma membrane of glycoprotein complexes, 9 of the 12 nonconservative mutations in these residues completely abolished fusion activity and virus infectivity. Mutations in the central positions (443 and 450) of the heptad repeat region were the most detrimental to Env function, and even single alanine substitutions in these positions dramatically altered the fusogenicity of the protein. These results demonstrate that this N-terminal heptad repeat plays a critical role in Env-mediated membrane fusion and highlight the key function of central hydrophobic residues in this process and the sensitivity of all positions to charge substitutions.",
   "authors": [
      "Song, Chisu",
      "Hunter, Eric"
   ],
   "has_full_text": "False",
   "id": "https://doi.org/10.1128/JVI.77.14.7779-7785.2003",
   "pubtator": "PMC161947"
}