{
   "sha": "15640dc97f36ae7b410f731003235ee8a3cae495",
   "source_x": "PMC",
   "title": "Downregulation of Signaling-active IGF-1 by Dipeptidyl Peptidase IV (DPP-IV)",
   "pmcid": "PMC3615292",
   "pubmed_id": "23675206",
   "license": "CC BY",
   "abstract": "Functioning as an extracellular protease, dipeptidyl peptidase IV (DPP-IV) preferentially cleaves the peptide bond after the penultimate proline residue. We report here that DPP-IV cleaves the first two amino acids from insulin-like growth factor 1 (IGF-1), revealed by mass spectrometry. The kinetic parameters of the proteolytic cleavage indicate that this reaction is physiologically relevant. Interestingly, truncated IGF-1 is less potent than the full-length protein in activating the IGF-1R, but binds more readily to IGF-binding protein 3 (IGFBP3). Quantitative RT\u2013PCR showed that the level of DPP-IV mRNA is dramatically lower in lung squamous cell carcinoma tissues than in adjacent nonneoplastic lung tissues. However, this reduction was not observed in lung adenocarcinoma tissues. Our study suggests a possible link between IGF-1 and DPP-IV in cancer development in a specific tumor niche. A DPP-IV-related pathway may be important in mitigating IGF-1 signaling. Consequently, a robust IGF signaling pathway may accelerate early carcinogenesis in environments lacking DPP-IV.",
   "publish_time": "2010 Dec",
   "authors": [
      "['Lin, Ching-Ting', 'Tang, Hsiang-Yun', 'Han, Yu-San', 'Liu, Hui-Ping', 'Huang, Shiu-Feng', 'Chien, Chia-Hui', 'Shyy, John', 'Chiu, Jeng-Jian', 'Chen, Xin']"
   ],
   "journal": "Int J Biomed Sci",
   "has_full_text": "True",
   "id": "15640dc97f36ae7b410f731003235ee8a3cae495",
   "fhir_link": "Commercial/15640dc97f36ae7b410f731003235ee8a3cae495"
}