{
   "source_x": "PMC",
   "title": "High-Magnitude, Virus-Specific CD4 T-Cell Response in the Central Nervous System of Coronavirus-Infected Mice",
   "doi": "10.1128/JVI.75.6.3043-3047.2001",
   "pmcid": "PMC115934",
   "license": "unk",
   "abstract": "The neurotropic JHM strain of mouse hepatitis virus (MHV) causes acute encephalitis and chronic demyelinating encephalomyelitis in rodents. Previous results indicated that CD8 T cells infiltrating the central nervous system (CNS) were largely antigen specific in both diseases. Herein we show that by 7 days postinoculation, nearly 30% of the CD4 T cells in the acutely infected CNS were MHV specific by using intracellular gamma interferon (IFN-\u03b3) staining assays. In mice with chronic demyelination, 10 to 15% of the CD4 T cells secreted IFN-\u03b3 in response to MHV-specific peptides. Thus, these results show that infection of the CNS is characterized by a large influx of CD4 T cells specific for MHV and that these cells remain functional, as measured by cytokine secretion, in mice with chronic demyelination.",
   "authors": [
      "Haring, Jodie S.",
      "Pewe, Lecia L.",
      "Perlman, Stanley"
   ],
   "has_full_text": "False",
   "id": "https://doi.org/10.1128/JVI.75.6.3043-3047.2001",
   "pubtator": "PMC115934"
}