{
   "source_x": "PMC",
   "title": "Heterogeneous nuclear ribonucleoprotein A1 regulates RNA synthesis of a cytoplasmic virus",
   "doi": "10.1093/emboj/19.17.4701",
   "pmcid": "PMC302072",
   "license": "unk",
   "abstract": "Heterogeneous nuclear ribonucleoprotein (hnRNP A1) is involved in pre-mRNA splicing in the nucleus and translational regulation in the cytoplasm. In the present study, we demonstrate that hnRNP A1 also participates in the transcription and replication of a cytoplasmic RNA virus, mouse hepatitis virus (MHV). Overexpression of hnRNP A1 accelerated the kinetics of viral RNA synthesis, whereas the expression in the cytoplasm of a dominant-negative hnRNP A1 mutant that lacks the nuclear transport domain significantly delayed it. The hnRNP A1 mutant caused a global inhibition of viral mRNA transcription and genomic replication, and also a preferential inhibition of the replication of defective-interfering RNAs. Similar to the wild-type hnRNP A1, the hnRNP A1 mutant complexed with an MHV polymerase gene product, the nucleocapsid protein and the viral RNA. However, in contrast to the wild-type hnRNP A1, the mutant protein failed to bind a 250 kDa cellular protein, suggesting that the recruitment of cellular proteins by hnRNP A1 is important for MHV RNA synthesis. Our findings establish the importance of cellular factors in viral RNA-dependent RNA synthesis.",
   "authors": [
      "Shi, Stephanie T.",
      "Huang, Peiyong",
      "Li, Hsin-Pai",
      "Lai, Michael M.C."
   ],
   "has_full_text": "False",
   "id": "https://doi.org/10.1093/emboj/19.17.4701",
   "pubtator": "PMC302072"
}