{
   "source_x": "PMC",
   "title": "Characterization of a Monoclonal Antibody and Its Single-Chain Antibody Fragment Recognizing the Nucleoside Triphosphatase/Helicase Domain of the Hepatitis C Virus Nonstructural 3 Protein",
   "pmcid": "PMC95823",
   "license": "unk",
   "abstract": "We have produced a murine monoclonal antibody (MAb), ZX10, recognizing the NTPase/helicase domain of the hepatitis C virus (HCV) nonstructural 3 protein (NS3), from which we designed a single-chain variable fragment (ScFv). The ZX10 MAb recognized a discontinuous epitope of the NTPase/helicase domain, of which the linear sequence GEIPFYGKAIPL at residues 1371 to 1382 constitutes one part. cDNAs from variable regions coding for the heavy and light chains were cloned, sequenced, and assembled into the NS3-ScFv, which was inserted into procaryotic and eucaryotic expression vectors. Escherichia coli-expressed NS3-ScFv inhibited the binding of the ZX10 MAb to NS3, confirming a retained specificity. However, the ability to bind the peptide 1371\u20131382 had been lost. In vitro-translated NS3-ScFv and HCV NS3/NS4A were coprecipitated by antibodies to HCV NS4A, confirming the in vitro activity of the NS3 ScFv. Thus, we have designed a functional NS3 NTPase/helicase domain-specific ScFv which should be evaluated further with respect to disturbing enzymatic functions of the NS3 protein.",
   "authors": [
      "Zhang, Zhu-Xu",
      "Lazdina, Una",
      "Chen, Margaret",
      "Peterson, Darrell L.",
      "S\u00e4llberg, Matti"
   ],
   "has_full_text": "False",
   "id": "https://www.ncbi.nlm.nih.gov/pmc/articles/PMC95823",
   "pubtator": "PMC95823"
}