{
   "source_x": "Elsevier",
   "title": "CHAPTER 2 The Perfect Storm Climate, Ecosystems and Infectious Diseases",
   "doi": "10.1016/B978-0-7020-3935-5.00002-1",
   "license": "els-covid",
   "publish_time": "2011-12-31",
   "authors": [
      "Torres-V\u00e9lez, Fernando J.",
      "Brown, Corrie"
   ],
   "journal": "Tropical Infectious Diseases: Principles, Pathogens and Practice",
   "has_full_text": "False",
   "full_text_file": "custom_license",
   "id": "https://doi.org/10.1016/B978-0-7020-3935-5.00002-1"
}