{
   "source_x": "PMC",
   "title": "Isotype-specific antibody responses to foot-and-mouth disease virus in sera and secretions of \"carrier' and \"non-carrier' cattle.",
   "pmcid": "PMC2271708",
   "license": "unk",
   "abstract": "Isotype-specific antibody responses to foot-and-mouth disease virus (FMDV) were measured in the sera and upper respiratory tract secretions of vaccinated and susceptible cattle challenged with FMDV by direct contact or by intranasal inoculation. A comparison was made between cattle that eliminated FMDV and those that developed and maintained a persistent infection. Serological and mucosal antibody responses were detected in all animals after challenge. IgA and IgM were detected before the development of IgG1 and IgG2 responses. IgM was not detected in vaccinated cattle. Challenge with FMDV elicited a prolonged biphasic secretory antibody response in FMDV \"carrier' animals only. The response was detected as FMDV-specific IgA in both mucosal secretions and serum samples, which gained statistical significance (P < 0.05) by 5 weeks after challenge. This observation could represent the basis of a test to differentiate vaccinated and/or recovered convalescent cattle from FMDV \"carriers'.",
   "authors": [
      "Salt, J. S.",
      "Mulcahy, G.",
      "Kitching, R. P."
   ],
   "has_full_text": "False",
   "id": "https://www.ncbi.nlm.nih.gov/pmc/articles/PMC2271708",
   "pubtator": "PMC2271708"
}