{
   "source_x": "PMC",
   "title": "The nucleic acid-binding zinc finger protein of potato virus M is translated by internal initiation as well as by ribosomal frameshifting involving a shifty stop codon and a novel mechanism of P-site slippage.",
   "pmcid": "PMC308388",
   "license": "unk",
   "abstract": "The genes for the capsid protein CP and the nucleic acid-binding 12K protein (pr12) of potato virus M (PVM) constitute the 3' terminal gene cluster of the PVM RNA genome. Both proteins are presumably translated from a single subgenomic RNA. We have identified two translational strategies operating in pr12 gene expression. Internal initiation at the first and the second AUG codon of the pr12 coding sequence results in the synthesis of the 12K protein. In addition the protein is produced as a CP/12K transframe protein by ribosomal frameshifting. For these studies parts of the CP and pr12 coding sequences including the putative frameshift region were introduced into an internal position of the beta-glucuronidase gene. Mutational analyses in conjunction with in vitro translation experiments identified a homopolymeric string of four adenosine nucleotides which together with a 3' flanking UGA stop codon were required for efficient frameshifting. The signal AAAAUGA is the first frameshift signal with a shifty stop codon to be analyzed in the eukaryotic system. Substitution of the four consecutive adenosine nucleotides by UUUU increased the efficiency of frameshifting, while substitution by GGGG or CCCC dramatically reduced the synthesis of the transframe protein. Also, UAA and UAG could replace the opal stop codon without effect on the frameshifting event, but mutation of UGA to the sense codon UGG inhibited transframe protein formation. These findings suggest that the mechanism of ribosomal frameshifting at the PVM signal is different from the one described by the 'simultaneous slippage' model in that only the string of four adenosine nucleotides represents the slippery sequence involved in a -1 P-site slippage.",
   "authors": [
      "Gramstat, A",
      "Pr\u00fcfer, D",
      "Rohde, W"
   ],
   "has_full_text": "False",
   "id": "https://www.ncbi.nlm.nih.gov/pmc/articles/PMC308388",
   "pubtator": "PMC308388"
}