{
   "sha": "1d825b62269d880d74b9c86622ebd565e3a15df8",
   "source_x": "Elsevier",
   "title": "Chapter 6 Integumentary System",
   "doi": "10.1016/B978-0-7020-5317-7.00006-0",
   "license": "els-covid",
   "publish_time": "2016-12-31",
   "authors": [
      "Mauldin, Elizabeth A.",
      "Peters-Kennedy, Jeanine"
   ],
   "journal": "Jubb, Kennedy & Palmer's Pathology of Domestic Animals: Volume 1",
   "has_full_text": "True",
   "full_text_file": "custom_license",
   "id": "https://doi.org/10.1016/B978-0-7020-5317-7.00006-0",
   "fhir_link": [
      "PMC/Composition/1d825b62269d880d74b9c86622ebd565e3a15df8"
   ]
}