{
   "sha": "af5ac6d8e177f588034d75237f65dc8d6c0deb2f",
   "source_x": "PMC",
   "title": "Impact of genotype 1 and 2 of porcine reproductive and respiratory syndrome viruses on interferon-\u03b1 responses by plasmacytoid dendritic cells",
   "doi": "http://dx.doi.org/10.1186/1297-9716-44-33",
   "pmcid": "PMC3672080",
   "pubmed_id": "23675981",
   "license": "CC BY",
   "abstract": "Porcine reproductive and respiratory syndrome (PRRS) virus (PRRSV) infections are characterized by prolonged viremia and viral shedding consistent with incomplete immunity. Type I interferons (IFN) are essential for mounting efficient antiviral innate and adaptive immune responses, but in a recent study, North American PRRSV genotype 2 isolates did not induce, or even strongly inhibited, IFN-\u03b1 in plasmacytoid dendritic cells (pDC), representing \u201cprofessional IFN-\u03b1-producing cells\u201d. Since inhibition of IFN-\u03b1 expression might initiate PRRSV pathogenesis, we further characterized PRRSV effects and host modifying factors on IFN-\u03b1 responses of pDC. Surprisingly, a variety of type 1 and type 2 PRRSV directly stimulated IFN-\u03b1 secretion by pDC. The effect did not require live virus and was mediated through the TLR7 pathway. Furthermore, both IFN-\u03b3 and IL-4 significantly enhanced the pDC production of IFN-\u03b1 in response to PRRSV exposure. PRRSV inhibition of IFN-\u03b1 responses from enriched pDC stimulated by CpG oligodeoxynucleotides was weak or absent. VR-2332, the prototype genotype 2 PRRSV, only suppressed the responses by 34%, and the highest level of suppression (51%) was induced by a Chinese highly pathogenic PRRSV isolate. Taken together, these findings demonstrate that pDC respond to PRRSV and suggest that suppressive activities on pDC, if any, are moderate and strain-dependent. Thus, pDC may be a source of systemic IFN-\u03b1 responses reported in PRRSV-infected animals, further contributing to the puzzling immunopathogenesis of PRRS.",
   "publish_time": "2013 May 15",
   "authors": [
      "['Baumann, Arnaud', 'Mateu, Enric', 'Murtaugh, Michael P', 'Summerfield, Artur']"
   ],
   "journal": "Vet Res",
   "has_full_text": "True",
   "id": "af5ac6d8e177f588034d75237f65dc8d6c0deb2f",
   "fhir_link": "Commercial/Composition/af5ac6d8e177f588034d75237f65dc8d6c0deb2f.json"
}