{
   "sha": "efcb1c935852d2560bb475d2f49dae8703c5ae55",
   "source_x": "Elsevier",
   "title": "Chapter 54 Immunopathogenesis of Asthma",
   "doi": "10.1016/B978-0-7216-3695-5.50058-4",
   "license": "els-covid",
   "publish_time": "2006-12-31",
   "authors": [
      "Platts-Mills, Thomas A.E.",
      "Heymann, Peter W."
   ],
   "journal": "Kendig's Disorders of the Respiratory Tract in Children",
   "has_full_text": "True",
   "full_text_file": "custom_license",
   "id": "https://doi.org/10.1016/B978-0-7216-3695-5.50058-4",
   "fhir_link": [
      "PMC/Composition/efcb1c935852d2560bb475d2f49dae8703c5ae55"
   ]
}