{
   "sha": "80cd29a0c5a24f4800179164335ba04cf502d689",
   "source_x": "Elsevier",
   "title": "Chapter 6 Acute Medical Diseases of the Small Intestine",
   "doi": "10.1016/B978-0-7216-8676-9.50010-7",
   "license": "els-covid",
   "publish_time": "2003-12-31",
   "authors": [
      "Triolo, Andrew",
      "Lappin, Michael R."
   ],
   "journal": "Handbook of Small Animal Gastroenterology",
   "has_full_text": "True",
   "full_text_file": "custom_license",
   "id": "https://doi.org/10.1016/B978-0-7216-8676-9.50010-7",
   "fhir_link": [
      "PMC/Composition/80cd29a0c5a24f4800179164335ba04cf502d689"
   ]
}