{
   "sha": "fe82f6e8d1a8144c8d4de65cb971b8c96fb1cb57",
   "source_x": "PMC",
   "title": "In Vitro Activity of Sodium New Houttuyfonate Alone and in Combination with Oxacillin or Netilmicin against Methicillin-Resistant Staphylococcus aureus",
   "doi": "http://dx.doi.org/10.1371/journal.pone.0068053",
   "pmcid": "PMC3699466",
   "pubmed_id": "23844154",
   "license": "CC BY",
   "abstract": "BACKGROUND: Staphylococcus aureus can cause severe infections, including bacteremia and sepsis. The spread of methicillin-resistant Staphylococcus aureus (MRSA) highlights the need for novel treatment options. Sodium new houttuyfonate (SNH) is an analogue of houttuynin, the main antibacterial ingredient of Houttuynia cordata Thunb. The aim of this study was to evaluate in vitro activity of SNH and its potential for synergy with antibiotics against hospital-associated MRSA. METHODOLOGY: A total of 103 MRSA clinical isolates recovered in two hospitals in Beijing were evaluated for susceptibility to SNH, oxacillin, cephalothin, meropenem, vancomycin, levofloxacin, minocycline, netilmicin, and trimethoprim/sulfamethoxazole by broth microdilution. Ten isolates were evaluated for potential for synergy between SNH and the antibiotics above by checkerboard assay. Time-kill analysis was performed in three isolates to characterize the kill kinetics of SNH alone and in combination with the antibiotics that engendered synergy in checkerboard assays. Besides, two reference strains were included in all assays. PRINCIPAL FINDINGS: SNH inhibited all test strains with minimum inhibitory concentrations (MICs) ranging from 16 to 64 \u00b5g/mL in susceptibility tests, and displayed inhibition to bacterial growth in concentration-dependent manner in time-kill analysis. In synergy studies, the combinations of SNH-oxacillin, SNH-cephalothin, SNH-meropenem and SNH-netilmicin showed synergistic effects against 12 MRSA strains with median fractional inhibitory concentration (FIC) indices of 0.38, 0.38, 0.25 and 0.38 in checkerboard assays. In time-kill analysis, SNH at 1/2 MIC in combination with oxacillin at 1/128 to 1/64 MIC or netilmicin at 1/8 to 1/2 MIC decreased the viable colonies by \u22652log(10) CFU/mL. CONCLUSIONS/SIGNIFICANCE: SNH demonstrated in vitro antibacterial activity against 103 hospital-associated MRSA isolates. Combinations of sub-MIC levels of SNH and oxacillin or netilmicin significantly improved the in vitro antibacterial activity against MRSA compared with either drug alone. The SNH-based combinations showed promise in combating MRSA.",
   "publish_time": "2013 Jul 2",
   "authors": [
      "['Lu, Xi', 'Yang, Xinyi', 'Li, Xue', 'Lu, Yun', 'Ren, Zhitao', 'Zhao, Longyin', 'Hu, Xinxin', 'Jiang, Jiandong', 'You, Xuefu']"
   ],
   "journal": "PLoS One",
   "has_full_text": "False",
   "id": "fe82f6e8d1a8144c8d4de65cb971b8c96fb1cb57"
}