{
   "source_x": "PMC",
   "title": "Viral hepatitis and tests for the Australia (hepatitis-associated) antigen and antibody",
   "pmcid": "PMC2427559",
   "license": "unk",
   "abstract": "\u201dAustralia\u201d antigen has been shown to be closely associated with serum hepatitis. The presence of the antigen and its corresponding antiserum can be detected in human beings (and in certain primates) by a number of laboratory tests. This is of great potential importance to blood transfusion and similar services because detection and exclusion of blood donors carrying the antigen might significantly reduce the risk of hepatitis from transfusions and other procedures. In this paper the present state of knowledge of \u201dAustralia\u201d or \u201dhepatitis-associated\u201d antigen is reviewed. The currently employed tests are described in detail and their use, interpretation and limitations are discussed. Though it appears from early studies that the application of routine screening tests to blood donors would only reduce the risk to recipients by less than 25%, the more sensitive tests becoming available may increase this percentage and it is recommended that where competent laboratory services are available steps should be taken to set up a scheme for testing donors\u2014provided that the current limitations of such a scheme are clearly recognized.",
   "has_full_text": "False",
   "id": "https://www.ncbi.nlm.nih.gov/pmc/articles/PMC2427559",
   "pubtator": "PMC2427559"
}