{
   "sha": "b1e7752cbf528db99723a3a67b49b9b5c6e449af",
   "source_x": "biorxiv",
   "title": "Host shifts result in parallel genetic changes when viruses evolve in closely related species",
   "doi": "10.1101/226175",
   "license": "biorxiv",
   "abstract": "Host shifts, where a pathogen invades and establishes in a new host species, are a major source of emerging infectious diseases. They frequently occur between related host species and often rely on the pathogen evolving adaptations that increase their fitness in the novel host species. To investigate genetic changes in novel hosts, we experimentally evolved replicate lineages of an RNA virus (Drosophila C Virus) in 19 different species of Drosophilidae and deep sequenced the viral genomes. We found a strong pattern of parallel evolution, where viral lineages from the same host were genetically more similar to each other than to lineages from other host species. When we compared viruses that had evolved in different host species, we found that parallel genetic changes were more likely to occur if the two host species were closely related. This suggests that when a virus adapts to one host it might also become better adapted to closely related host species. This may explain in part why host shifts tend to occur between related species, and may mean that when a new pathogen appears in a given species, closely related species may become vulnerable to the new disease.",
   "publish_time": "2018-01-12",
   "authors": [
      "Longdon, B.",
      "Day, J. P.",
      "Alves, J. M.",
      "Smith, S. C.",
      "Houslay, T. M.",
      "McGonigle, J. E.",
      "Tagliaferri, L.",
      "Jiggins, F. M."
   ],
   "has_full_text": "True",
   "full_text_file": "biorxiv_medrxiv",
   "id": "https://doi.org/10.1101/226175",
   "fhir_link": [
      "bioRxiv-medRxiv/Composition/b1e7752cbf528db99723a3a67b49b9b5c6e449af"
   ]
}