{
   "sha": "b6d2052bb9aef4f3b1d21e86ca164cd43d020857",
   "source_x": "biorxiv",
   "title": "Transmission of human-associated microbiota along family and social networks",
   "doi": "10.1101/540252",
   "license": "biorxiv",
   "abstract": "The human microbiome, described as an accessory organ because of the crucial functions it provides, is composed of species that are uniquely found in humans1,2. Yet, surprisingly little is known about the impact of routine interpersonal contacts in shaping microbiome composition. In a relatively closed cohort of 287 people from the Fiji Islands, where common barriers to bacterial transmission are absent, we examine putative bacterial transmission in individuals gut and oral microbiomes using strain-level data from both core SNPs and flexible genomic regions. We find a weak signal of transmission, defined by the inferred sharing of genotypes, across many organisms that, in aggregate, reveals strong transmission patterns, most notably within households and between spouses. We find that women harbor strains more closely related to those harbored by their familial and social contacts than men; and that transmission patterns of oral- and gut-associated microbiota need not be the same. Using strain-level data alone, we are able to confidently predict a subset of spouses, highlighting the role of shared susceptibilities, behaviors or social interactions that distinguish specific links in the social network.",
   "publish_time": "2019-02-05",
   "authors": [
      "Brito, I. L.",
      "Gurry, T.",
      "Zhao, S.",
      "Huang, K.",
      "Young, S.",
      "Shea, T.",
      "Naisilisili, W.",
      "Jenkins, A.",
      "Jupiter, S.",
      "Gevers, D.",
      "Alm, E. J."
   ],
   "has_full_text": "True",
   "full_text_file": "biorxiv_medrxiv",
   "id": "https://doi.org/10.1101/540252",
   "fhir_link": [
      "bioRxiv-medRxiv/Composition/b6d2052bb9aef4f3b1d21e86ca164cd43d020857"
   ]
}