{
   "sha": "a6b05fa393f9404c906099e179ca476294068394",
   "source_x": "biorxiv",
   "title": "Kinetic Analysis of Bacteriophage Sf6 Binding to Outer Membrane Protein A Using Whole Virions",
   "doi": "10.1101/509141",
   "license": "biorxiv",
   "abstract": "For successful infection, viruses must recognize their respective host cells. A common mechanism of host recognition by viruses is to utilize a portion of the host cell as a receptor. Bacteriophage Sf6, which infects Shigella flexneri, uses lipopolysaccharide as a primary receptor and then requires interaction with a secondary receptor, a role that can be fulfilled by either outer membrane proteins (Omp) A or C. Our previous work showed that specific residues in the loops of OmpA mediate Sf6 infection. To better understand Sf6 interactions with OmpA loop variants, we determined the kinetics of these interactions through the use of biolayer interferometry, an optical biosensing technique that yields data similar to surface plasmon resonance. Here, we successfully tethered whole Sf6 virions, determined the binding constant of Sf6 to OmpA to be 36 nM. Additionally, we showed that Sf6 bound to five variant OmpAs and the resulting kinetic parameters varied only slightly. Based on these data, we propose a model in which Sf6: Omp receptor recognition is not solely based on kinetics, but likely also on the ability of an Omp to induce a conformational change that results in productive infection.",
   "publish_time": "2019-01-02",
   "authors": [
      "Hubbs, N. B.",
      "Whisby-Pitts, M. M.",
      "McMurry, J. L."
   ],
   "has_full_text": "True",
   "full_text_file": "biorxiv_medrxiv",
   "id": "https://doi.org/10.1101/509141",
   "fhir_link": [
      "bioRxiv-medRxiv/Composition/a6b05fa393f9404c906099e179ca476294068394"
   ]
}