{
   "sha": "ff54e3e961a72eb1d2500166809b3651b2f98cf6",
   "source_x": "biorxiv",
   "title": "Predicting commercially available antiviral drugs that may act on the novel coronavirus (2019-nCoV), Wuhan, China through a drug-target interaction deep learning model",
   "doi": "10.1101/2020.01.31.929547",
   "license": "biorxiv",
   "abstract": "The infection of a novel coronavirus found in Wuhan of China (2019-nCoV) is rapidly spreading, and the incidence rate is increasing worldwide. Due to the lack of effective treatment options for 2019-nCoV, various strategies are being tested in China, including drug repurposing. In this study, we used our pretrained deep learning-based drug-target interaction model called Molecule Transformer-Drug Target Interaction (MT-DTI) to identify commercially available drugs that could act on viral proteins of 2019-nCoV. The result showed that atazanavir, an antiretroviral medication used to treat and prevent the human immunodeficiency virus (HIV), is the best chemical compound, showing a inhibitory potency with Kd of 94.94 nM against the 2019-nCoV 3C-like proteinase, followed by efavirenz (199.17 nM), ritonavir (204.05 nM), and dolutegravir (336.91 nM). Interestingly, lopinavir, ritonavir, and darunavir are all designed to target viral proteinases. However, in our prediction, they may also bind to the replication complex components of 2019-nCoV with an inhibitory potency with Kd < 1000 nM. In addition, we also found that several antiviral agents, such as Kaletra, could be used for the treatment of 2019-nCoV, although there is no real-world evidence supporting the prediction. Overall, we suggest that the list of antiviral drugs identified by the MT-DTI model should be considered, when establishing effective treatment strategies for 2019-nCoV.",
   "publish_time": "2020-02-02",
   "authors": [
      "Beck, B. R.",
      "Shin, B.",
      "Choi, Y.",
      "Park, S.",
      "Kang, K."
   ],
   "has_full_text": "True",
   "full_text_file": "biorxiv_medrxiv",
   "id": "https://doi.org/10.1101/2020.01.31.929547",
   "fhir_link": [
      "bioRxiv-medRxiv/Composition/ff54e3e961a72eb1d2500166809b3651b2f98cf6"
   ]
}