{
   "sha": "15bad8368522a05f32dee771e5a8259f0e9cbbfd",
   "source_x": "biorxiv",
   "title": "The SARS-CoV-2 exerts a distinctive strategy for interacting with the ACE2 human receptor",
   "doi": "10.1101/2020.03.10.986398",
   "license": "biorxiv",
   "abstract": "AbstractThe COVID-19 disease has plagued over 110 countries and has resulted in over 4,000 deaths within 10 weeks. We compare the interaction between the human ACE2 receptor and the SARS-CoV-2 spike protein with that of other pathogenic coronaviruses using molecular dynamics simulations. SARS-CoV, SARS-CoV-2, and HCoV-NL63 recognize ACE2 as the natural receptor but present a distinct binding interface to ACE2 and a different network of residue-residue contacts. SARS-CoV and SARS-CoV-2 have comparable binding affinities achieved by balancing energetics and dynamics. The SARS-CoV-2\u2013ACE2 complex contains a higher number of contacts, a larger interface area, and decreased interface residue fluctuations relative to SARS-CoV. These findings expose an exceptional evolutionary exploration exerted by coronaviruses toward host recognition. We postulate that the versatility of cell receptor binding strategies has immediate implications on therapeutic strategies.One Sentence SummaryMolecular dynamics simulations reveal a temporal dimension of coronaviruses interactions with the host receptor.",
   "publish_time": "2020-03-12",
   "authors": [
      "Esther S. Brielle",
      "Dina Schneidman-Duhovny",
      "Michal Linial"
   ],
   "has_full_text": "True",
   "full_text_file": "biorxiv_medrxiv",
   "id": "https://doi.org/10.1101/2020.03.10.986398",
   "fhir_link": [
      "bioRxiv-medRxiv/Composition/15bad8368522a05f32dee771e5a8259f0e9cbbfd"
   ]
}