{
   "sha": "dcd7a1235ea74e3ef71d051103bf8a64c3c8f457",
   "source_x": "medrxiv",
   "title": "The lockdown of Hubei Province causing different transmission dynamics of the novel coronavirus (2019-nCoV) in Wuhan and Beijing",
   "doi": "10.1101/2020.02.09.20021477",
   "license": "medrvix",
   "abstract": "Background: After the outbreak of novel coronavirus (2019-nCoV) starting in late 2019, a number of researchers have reported the predicted the virus transmission dynamics. However, under the strict control policy the novel coronavirus does not spread naturally outside Hubei Province, and none of the prediction closes to the real situation. Methods and findings: We used the traditional SEIR model, fully estimated the effect of control measures, to predict the virus transmission in Wuhan, the capital city of Hubei Province, and Beijing. We forecast that the outbreak of 2019-nCoV would reach its peak around March 6\u00b110 in Wuhan and March 20\u00b116 in Beijing, respectively. The infectious population in Beijing would be much less (only 0.3%) than those in Wuhan at the peak of this transmission wave. The number of confirmed cases in cities inside Hubei Province grow exponentially, whereas those in cities outside the province increase linearly. Conclusions: The unprecedented province lockdown substantially suspends the national and global outbreak of 2019-nCoV.",
   "publish_time": "2020-02-11",
   "authors": [
      "Xinhai Li",
      "Xumao Zhao",
      "Yuehua Sun"
   ],
   "has_full_text": "True",
   "full_text_file": "biorxiv_medrxiv",
   "id": "https://doi.org/10.1101/2020.02.09.20021477",
   "fhir_link": [
      "bioRxiv-medRxiv/Composition/dcd7a1235ea74e3ef71d051103bf8a64c3c8f457"
   ]
}