{
   "source_x": "CZI",
   "title": "Clinical manifestations and outcome of SARS-CoV-2 infection during pregnancy",
   "doi": "10.1016/j.jinf.2020.02.028",
   "abstract": "Tang and colleagues, in this Journal, drew readers attention to emerging COVID19.1 We focused on the pregnant COVID19 patients. Given the maternal physiologic and immune function changes in pregnancy,2 pregnant individuals might face greater risk of getting infected by SARS-CoV-2 and might have more complicated clinical events. We described epidemiological, clinical characteristics, pregnancy and perinatal outcomes of all hospitalized pregnant patients diagnosed with COVID-19 in China. We identified all hospitalized pregnant patients with laboratory-confirmed SARS-CoV-2 infection between December 8, 2019, and February 25, 2020 officially reported by the central government, in areas outside Wuhan, China. Information including age, geographic location, epidemiological history, prenatal course, maternal and newborn hospital course, discharge data and outcome were obtained by Centers for Disease Control and Prevention and Local Health Commission. When necessary, we attempted to contact local hospital or patients by telephone to supply missing information. This investigation was part of an emergency public health outbreak investigation and therefore not subject to institutional review board. There were a total of 13 Chinese patients with SARS-CoV-2 admitted to hospitals outside of Wuhan (Table 1). There were 3 patients from Zhejiang, 3 from other cities of Hubei and 1 each from Fujian, Shanxi, Beijing, Guangdong, Jiangxi, Heilongjiang and Anhui. The maternal age ranged between 22 to 36 years. Two women were less than 28 weeks of gestation and the other 11 patients were in their third trimesters at presentation. None of the patients had underlying medical disease.",
   "authors": [
      "Liu, Yangli",
      "Chen, Haihong",
      "Tang, Kejing",
      "Guo, Yubiao"
   ],
   "journal": "Journal of Infection",
   "Microsoft Academic Paper ID": "2279386236",
   "WHO #Covidence": "#3797",
   "id": "https://doi.org/10.1016/j.jinf.2020.02.028"
}