{
   "sha": "f14434d7d3b68f4fe7f68adba747b7700ccdd6ac",
   "source_x": "medrxiv",
   "title": "Prolonged presence of SARS-CoV-2 in feces of pediatric patients during the convalescent phase",
   "doi": "10.1101/2020.03.11.20033159",
   "license": "medrvix",
   "abstract": "Background: Severe acute respiratory coronavirus 2 (SARS-CoV-2) is a newly identified virus which mainly spreads from person-to-person. Fecal shedding of SARS-CoV-2 has been constantly reported in patients with coronavirus disease 2019 (COVID-19). Most published studies focus on adult populations, whereas data concerning pediatric patients is relatively scarce. Methods: From January 17, 2020 to March 6, 2020, three pediatric cases of COVID-19 were reported in Qingdao, Shandong Province, China. Epidemiological, clinical, laboratory, and radiological characteristics and treatment data of these children were collected. Real-time fluorescence reverse-transcriptase-polymerase-chain reaction (RT-PCR) was performed to detect SARS-CoV-2 RNA in throat swabs and fecal specimens. Results: All the three pediatric cases were household contacts of adults whose symptoms developed earlier. There has been no evidence showing the virus was transmitted from the children to others. Severity of disease of these children was mild to moderate and fever was the most consistent and predominant symptom at onset of illness (two cases had body temperature higher than 38.5 Celsius). All children showed increased lymphocytes (>4.4*109/L) with normal white blood cell counts on admission. One child had elevated serum levels of procalcitonin and C-reaction protein. Radiological changes were not typical for COVID-19. All children showed good response to supportive treatment. Clearance of SARS-CoV-2 in respiratory tract occurred within two weeks after abatement of fever, whereas persistent presence of viral RNA was found in stools of all children. One case had fecal SARS-CoV-2 turned negative 8 days after throat swabs showing negative, while that of another child lagged behind for 20 days. At the time of writing, one child still had positive results for RT-PCR analysis in stools after negative conversion of viral RNA in respiratory samples (over 19 days behind). Conclusions: Pediatric patients with COVID-19 are very different from adult patients in regards to epidemiological, clinical, laboratory, and radiological characteristics. Prolonged shedding of SARS-CoV-2 in stools of infected children indicates the potential for the virus to be transmitted through fecal excretion. Massive efforts should be made at all levels to prevent spreading of the infection among children after reopening of kindergartens and schools.",
   "publish_time": "2020-03-13",
   "authors": [
      "Yuhan Xing",
      "Wei Ni",
      "Qin Wu",
      "Wenjie Li",
      "Guoju Li",
      "Jianning Tong",
      "Xiufeng Song",
      "Quansheng Xing"
   ],
   "has_full_text": "True",
   "full_text_file": "biorxiv_medrxiv",
   "id": "https://doi.org/10.1101/2020.03.11.20033159",
   "fhir_link": [
      "bioRxiv-medRxiv/Composition/f14434d7d3b68f4fe7f68adba747b7700ccdd6ac"
   ]
}