{
   "sha": "715842fa536064980818ad7e31ce511272a4b6bc; 995e8964959188fdd8a8c7b813717e1f3cf714d3",
   "source_x": "PMC",
   "title": "The coronavirus 2019-nCoV epidemic: Is hindsight 20/20?",
   "doi": "10.1016/j.eclinm.2020.100289",
   "pmcid": "PMC7057189",
   "license": "cc-by-nc-nd",
   "publish_time": "2020 Mar 3",
   "authors": [
      "Malta, Monica",
      "Rimoin, Anne W.",
      "Strathdee, Steffanie A."
   ],
   "journal": "EClinicalMedicine",
   "Microsoft Academic Paper ID": "3004912618",
   "WHO #Covidence": "#3333",
   "has_full_text": "True",
   "full_text_file": "noncomm_use_subset",
   "id": "https://doi.org/10.1016/j.eclinm.2020.100289",
   "pubtator": "PMC7057189",
   "fhir_link": [
      "Non-comercial/Composition/715842fa536064980818ad7e31ce511272a4b6bc",
      "Non-comercial/Composition/995e8964959188fdd8a8c7b813717e1f3cf714d3"
   ]
}