{
   "sha": "7f67a850db06d9b9e3f63d9943e2b1fc5a72ca8f",
   "source_x": "PMC",
   "title": "Illuminating pathogen\u2013host intimacy through optogenetics",
   "doi": "10.1371/journal.ppat.1007046",
   "pmcid": "PMC6042787",
   "pubmed_id": "30001435",
   "license": "cc-by",
   "abstract": "The birth and subsequent evolution of optogenetics has resulted in an unprecedented advancement in our understanding of the brain. Its outstanding success does usher wider applications; however, the tool remains still largely relegated to neuroscience. Here, we introduce selected aspects of optogenetics with potential applications in infection biology that will not only answer long-standing questions about intracellular pathogens (parasites, bacteria, viruses) but also broaden the dimension of current research in entwined models. In this essay, we illustrate how a judicious integration of optogenetics with routine methods can illuminate the host\u2013pathogen interactions in a way that has not been feasible otherwise.",
   "publish_time": "2018 Jul 12",
   "authors": [
      "Arroyo-Olarte, Ruben Dario",
      "Thurow, Laura",
      "Kozjak-Pavlovic, Vera",
      "Gupta, Nishith"
   ],
   "journal": "PLoS Pathog",
   "has_full_text": "True",
   "full_text_file": "comm_use_subset",
   "id": "https://doi.org/10.1371/journal.ppat.1007046",
   "pubtator": "PMC6042787",
   "fhir_link": [
      "Commercial/Composition/7f67a850db06d9b9e3f63d9943e2b1fc5a72ca8f"
   ]
}