{
   "sha": "eddb4ccfc3420d4cdaafabbc081bec8758930e53; b42f394d5ea15733d96063ffabef231a98ce5429",
   "source_x": "PMC",
   "title": "A structure-based rationale for sialic acid independent host-cell entry of Sosuga virus",
   "doi": "10.1073/pnas.1906717116",
   "pmcid": "PMC6815108",
   "pubmed_id": "31591233",
   "license": "cc-by",
   "abstract": "The bat-borne paramyxovirus, Sosuga virus (SosV), is one of many paramyxoviruses recently identified and classified within the newly established genus Pararubulavirus, family Paramyxoviridae. The envelope surface of SosV presents a receptor-binding protein (RBP), SosV-RBP, which facilitates host-cell attachment and entry. Unlike closely related hemagglutinin neuraminidase RBPs from other genera of the Paramyxoviridae, SosV-RBP and other pararubulavirus RBPs lack many of the stringently conserved residues required for sialic acid recognition and hydrolysis. We determined the crystal structure of the globular head region of SosV-RBP, revealing that while the glycoprotein presents a classical paramyxoviral six-bladed \u03b2-propeller fold and structurally classifies in close proximity to paramyxoviral RBPs with hemagglutinin-neuraminidase (HN) functionality, it presents a receptor-binding face incongruent with sialic acid recognition. Hemadsorption and neuraminidase activity analysis confirms the limited capacity of SosV-RBP to interact with sialic acid in vitro and indicates that SosV-RBP undergoes a nonclassical route of host-cell entry. The close overall structural conservation of SosV-RBP with other classical HN RBPs supports a model by which pararubulaviruses only recently diverged from sialic acid binding functionality.",
   "publish_time": "2019 Oct 22",
   "authors": [
      "Stelfox, Alice J.",
      "Bowden, Thomas A."
   ],
   "journal": "Proc Natl Acad Sci U S A",
   "has_full_text": "True",
   "full_text_file": "comm_use_subset",
   "id": "https://doi.org/10.1073/pnas.1906717116",
   "pubtator": "PMC6815108",
   "fhir_link": [
      "Commercial/Composition/eddb4ccfc3420d4cdaafabbc081bec8758930e53",
      "Commercial/Composition/b42f394d5ea15733d96063ffabef231a98ce5429"
   ]
}