{
   "sha": "0238ae6d1d1c154d0bb2708c03c9da07f9c55e05",
   "source_x": "Elsevier",
   "title": "High titers of IgE antibody to dust mite allergen and risk for wheezing among asthmatic children infected with rhinovirus",
   "doi": "10.1016/j.jaci.2012.03.040",
   "pmcid": "PMC3792652",
   "pubmed_id": "22560151",
   "license": "els-covid",
   "abstract": "Background The relevance of allergic sensitization, as judged by titers of serum IgE antibodies, to the risk of an asthma exacerbation caused by rhinovirus is unclear. Objective We sought to examine the prevalence of rhinovirus infections in relation to the atopic status of children treated for wheezing in Costa Rica, a country with an increased asthma burden. Methods The children enrolled (n = 287) were 7 through 12 years old. They included 96 with acute wheezing, 65 with stable asthma, and 126 nonasthmatic control subjects. PCR methods, including gene sequencing to identify rhinovirus strains, were used to identify viral pathogens in nasal washes. Results were examined in relation to wheezing, IgE, allergen-specific IgE antibody, and fraction of exhaled nitric oxide levels. Results Sixty-four percent of wheezing children compared with 13% of children with stable asthma and 13% of nonasthmatic control subjects had positive test results for rhinovirus (P < .001 for both comparisons). Among wheezing subjects, 75% of the rhinoviruses detected were group C strains. High titers of IgE antibodies to dust mite allergen (especially Dermatophagoides species) were common and correlated significantly with total IgE and fraction of exhaled nitric oxide levels. The greatest risk for wheezing was observed among children with titers of IgE antibodies to dust mite of 17.5 IU/mL or greater who tested positive for rhinovirus (odds ratio for wheezing, 31.5; 95% CI, 8.3-108; P < .001). Conclusions High titers of IgE antibody to dust mite allergen were common and significantly increased the risk for acute wheezing provoked by rhinovirus among asthmatic children.",
   "publish_time": "2012-06-30",
   "authors": [
      "Soto-Quiros, Manuel",
      "Avila, Lydiana",
      "Platts-Mills, Thomas A.E.",
      "Hunt, John F.",
      "Erdman, Dean D.",
      "Carper, Holliday",
      "Murphy, Deborah D.",
      "Odio, Silvia",
      "James, Hayley R.",
      "Patrie, James T.",
      "Hunt, William",
      "O'Rourke, Ashli K.",
      "Davis, Michael D.",
      "Steinke, John W.",
      "Lu, Xiaoyan",
      "Kennedy, Joshua",
      "Heymann, Peter W."
   ],
   "journal": "Journal of Allergy and Clinical Immunology",
   "has_full_text": "True",
   "full_text_file": "custom_license",
   "id": "https://doi.org/10.1016/j.jaci.2012.03.040",
   "pubtator": "PMC3792652",
   "fhir_link": [
      "PMC/Composition/0238ae6d1d1c154d0bb2708c03c9da07f9c55e05"
   ]
}