{
   "sha": "684dc6fccb8e9d754f09076c6a122bc0eead903f",
   "source_x": "PMC",
   "title": "Treatment with hyperimmune equine immunoglobulin or immunoglobulin fragments completely protects rodents from Ebola virus infection",
   "doi": "10.1038/srep24179",
   "pmcid": "PMC4828711",
   "pubmed_id": "27067649",
   "license": "cc-by",
   "abstract": "Recent successes with monoclonal antibody cocktails ZMapp(TM) and MIL77 against Ebola virus (EBOV) infections have reignited interest in antibody-based therapeutics. Since the production process for monoclonal antibodies can be prolonged and costly, alternative treatments should be investigated. We produced purified equine antisera from horses hyperimmunized with EBOV virus-like particles, and tested the post-exposure efficacy of the antisera in a mouse model of infection. BALB/c mice were given up to 2 mg of purified equine antisera per animal, at 30 minutes, 1 or 2 days post-infection (dpi), in which all animals survived. To decrease the possibility of serum sickness, the equine antisera was digested with pepsin to generate F(ab\u2032)(2) fragments, with in vitro neutralizing activity comparable to whole immunoglobulin. Full protection was achieved with when treatment was initiated at 1 dpi, but the suboptimal protection observed with the 30 minute and 2 dpi groups demonstrate that in addition to virus neutralization, other Fc-dependent antibody mechanisms may also contribute to survival. Guinea pigs given 20 mg of antisera or F(ab\u2032)(2) at or starting at 1 or 2 dpi were also fully protected from EBOV infection. These results justify future efficacy studies for purified equine products in NHPs.",
   "publish_time": "2016 Apr 12",
   "authors": [
      "Zheng, Xuexing",
      "Wong, Gary",
      "Zhao, Yongkun",
      "Wang, Hualei",
      "He, Shihua",
      "Bi, Yuhai",
      "Chen, Weijin",
      "Jin, Hongli",
      "Gai, Weiwei",
      "Chu, Di",
      "Cao, Zengguo",
      "Wang, Chong",
      "Fan, Quanshui",
      "Chi, Hang",
      "Gao, Yuwei",
      "Wang, Tiecheng",
      "Feng, Na",
      "Yan, Feihu",
      "Huang, Geng",
      "Zheng, Ying",
      "Li, Nan",
      "Li, Yuetao",
      "Qian, Jun",
      "Zou, Yong",
      "Kobinger, Gary",
      "Gao, George Fu",
      "Qiu, Xiangguo",
      "Yang, Songtao",
      "Xia, Xianzhu"
   ],
   "journal": "Sci Rep",
   "has_full_text": "True",
   "full_text_file": "comm_use_subset",
   "id": "https://doi.org/10.1038/srep24179",
   "pubtator": "PMC4828711",
   "fhir_link": [
      "Commercial/Composition/684dc6fccb8e9d754f09076c6a122bc0eead903f"
   ]
}