{
   "sha": "19edc993e0fc21b85b38701af9c3d995271d17c2",
   "source_x": "Elsevier",
   "title": "CHAPTER 33 Diseases of the Small Intestines",
   "doi": "10.1016/B978-1-4160-3949-5.50037-6",
   "license": "els-covid",
   "publish_time": "2008-12-31",
   "authors": [
      "Zoran, Debra L."
   ],
   "journal": "Handbook of Small Animal Practice",
   "has_full_text": "True",
   "full_text_file": "custom_license",
   "id": "https://doi.org/10.1016/B978-1-4160-3949-5.50037-6",
   "fhir_link": [
      "PMC/Composition/19edc993e0fc21b85b38701af9c3d995271d17c2"
   ]
}