{
   "sha": "1d17c2d96333b07394615a6f8fa1f9201a6e0742",
   "source_x": "Elsevier",
   "title": "Lipids in Innate Antiviral Defense",
   "doi": "10.1016/j.chom.2013.09.010",
   "pmcid": "PMC3850052",
   "pubmed_id": "24139397",
   "license": "els-covid",
   "abstract": "It is becoming apparent that infections by a major class of viruses, those with envelopes, can be inhibited during their entry at the step of fusion with cellular membranes. In this review, we discuss multiple innate immune mechanisms that have evolved to modify the lipid composition of cellular and viral membranes to inhibit virion fusion of enveloped viruses.",
   "publish_time": "2013-10-16",
   "authors": [
      "Schoggins, John\u00a0W.",
      "Randall, Glenn"
   ],
   "journal": "Cell Host & Microbe",
   "has_full_text": "True",
   "full_text_file": "custom_license",
   "id": "https://doi.org/10.1016/j.chom.2013.09.010",
   "pubtator": "PMC3850052",
   "fhir_link": [
      "PMC/Composition/1d17c2d96333b07394615a6f8fa1f9201a6e0742"
   ]
}