{
   "sha": "3c108eda9908302f73c23405e4401ebcdabeca58",
   "source_x": "Elsevier",
   "title": "An overview of enzymatic reagents for the removal of affinity tags",
   "doi": "10.1016/j.pep.2011.08.005",
   "pmcid": "PMC3195948",
   "pubmed_id": "21871965",
   "license": "els-covid",
   "abstract": "Abstract Although they are often exploited to facilitate the expression and purification of recombinant proteins, every affinity tag, whether large or small, has the potential to interfere with the structure and function of its fusion partner. For this reason, reliable methods for removing affinity tags are needed. Only enzymes have the requisite specificity to be generally useful reagents for this purpose. In this review, the advantages and disadvantages of some commonly used endo- and exoproteases are discussed in light of the latest information.",
   "publish_time": "2011-12-31",
   "authors": [
      "Waugh, David S."
   ],
   "journal": "Protein Expression and Purification",
   "has_full_text": "True",
   "full_text_file": "custom_license",
   "id": "https://doi.org/10.1016/j.pep.2011.08.005",
   "pubtator": "PMC3195948",
   "fhir_link": [
      "PMC/Composition/3c108eda9908302f73c23405e4401ebcdabeca58"
   ]
}