{
   "sha": "2d1c0935153f0c1139529c1c05373504028abd4a; da309b7481a117d1aad2212d42ad3b7c0c68abf3",
   "source_x": "PMC",
   "title": "Crystal Structure of the Full-Length Japanese Encephalitis Virus NS5 Reveals a Conserved Methyltransferase-Polymerase Interface",
   "doi": "10.1371/journal.ppat.1003549",
   "pmcid": "PMC3738499",
   "pubmed_id": "23950717",
   "license": "cc-by",
   "abstract": "The flavivirus NS5 harbors a methyltransferase (MTase) in its N-terminal \u2248265 residues and an RNA-dependent RNA polymerase (RdRP) within the C-terminal part. One of the major interests and challenges in NS5 is to understand the interplay between RdRP and MTase as a unique natural fusion protein in viral genome replication and cap formation. Here, we report the first crystal structure of the full-length flavivirus NS5 from Japanese encephalitis virus. The structure completes the vision for polymerase motifs F and G, and depicts defined intra-molecular interactions between RdRP and MTase. Key hydrophobic residues in the RdRP-MTase interface are highly conserved in flaviviruses, indicating the biological relevance of the observed conformation. Our work paves the way for further dissection of the inter-regulations of the essential enzymatic activities of NS5 and exploration of possible other conformations of NS5 under different circumstances.",
   "publish_time": "2013 Aug 8",
   "authors": [
      "Lu, Guoliang",
      "Gong, Peng"
   ],
   "journal": "PLoS Pathog",
   "has_full_text": "True",
   "full_text_file": "comm_use_subset",
   "id": "https://doi.org/10.1371/journal.ppat.1003549",
   "pubtator": "PMC3738499",
   "fhir_link": [
      "Commercial/Composition/2d1c0935153f0c1139529c1c05373504028abd4a",
      "Commercial/Composition/da309b7481a117d1aad2212d42ad3b7c0c68abf3"
   ]
}