{
   "sha": "4fa899cfc3a16a61f3f33a66eb381d924c34cac9",
   "source_x": "Elsevier",
   "title": "1 Tropical Lung Diseases",
   "doi": "10.1016/B978-1-4160-4390-4.00001-1",
   "license": "els-covid",
   "publish_time": "2013-12-31",
   "authors": [
      "Papanikolaou, Ilias C",
      "Sharma, Om P"
   ],
   "journal": "Hunter's Tropical Medicine and Emerging Infectious Disease",
   "has_full_text": "True",
   "full_text_file": "custom_license",
   "id": "https://doi.org/10.1016/B978-1-4160-4390-4.00001-1",
   "fhir_link": [
      "PMC/Composition/4fa899cfc3a16a61f3f33a66eb381d924c34cac9"
   ]
}