{
   "sha": "069bf4da8f0f4f540b9f6a16021e007442e7e027; 53da3d32d1193129d3366af8aee4bc9a4224aa46",
   "source_x": "PMC",
   "title": "MyD88-dependent influx of monocytes and neutrophils impairs lymph node B cell responses to chikungunya virus infection via Irf5, Nos2 and Nox2",
   "doi": "10.1371/journal.ppat.1008292",
   "pmcid": "PMC7012455",
   "pubmed_id": "31999809",
   "license": "cc0",
   "abstract": "Humoral immune responses initiate in the lymph node draining the site of viral infection (dLN). Some viruses subvert LN B cell activation; however, our knowledge of viral hindrance of B cell responses of important human pathogens is lacking. Here, we define mechanisms whereby chikungunya virus (CHIKV), a mosquito-transmitted RNA virus that causes outbreaks of acute and chronic arthritis in humans, hinders dLN antiviral B cell responses. Infection of WT mice with pathogenic, but not acutely cleared CHIKV, induced MyD88-dependent recruitment of monocytes and neutrophils to the dLN. Blocking this influx improved lymphocyte accumulation, dLN organization, and CHIKV-specific B cell responses. Both inducible nitric oxide synthase (iNOS) and the phagocyte NADPH oxidase (Nox2) contributed to impaired dLN organization and function. Infiltrating monocytes expressed iNOS through a local IRF5- and IFNAR1-dependent pathway that was partially TLR7-dependent. Together, our data suggest that pathogenic CHIKV triggers the influx and activation of monocytes and neutrophils in the dLN that impairs virus-specific B cell responses.",
   "publish_time": "2020 Jan 30",
   "authors": [
      "McCarthy, Mary K.",
      "Reynoso, Glennys V.",
      "Winkler, Emma S.",
      "Mack, Matthias",
      "Diamond, Michael S.",
      "Hickman, Heather D.",
      "Morrison, Thomas E."
   ],
   "journal": "PLoS Pathog",
   "has_full_text": "True",
   "full_text_file": "comm_use_subset",
   "id": "https://doi.org/10.1371/journal.ppat.1008292",
   "pubtator": "PMC7012455",
   "fhir_link": [
      "Commercial/Composition/069bf4da8f0f4f540b9f6a16021e007442e7e027",
      "Commercial/Composition/53da3d32d1193129d3366af8aee4bc9a4224aa46"
   ]
}