{
   "sha": "b0218dd5c965f2c92348a50f46ea2e271a56c7c8; c235de11eceb5f9f55e0b361818e959d4482b621",
   "source_x": "PMC",
   "title": "Persistent Infection and Promiscuous Recombination of Multiple Genotypes of an RNA Virus within a Single Host Generate Extensive Diversity",
   "doi": "10.1371/journal.pone.0000917",
   "pmcid": "PMC1975466",
   "pubmed_id": "17878952",
   "license": "cc-by",
   "abstract": "Recombination and reassortment of viral genomes are major processes contributing to the creation of new, emerging viruses. These processes are especially significant in long-term persistent infections where multiple viral genotypes co-replicate in a single host, generating abundant genotypic variants, some of which may possess novel host-colonizing and pathogenicity traits. In some plants, successive vegetative propagation of infected tissues and introduction of new genotypes of a virus by vector transmission allows for viral populations to increase in complexity for hundreds of years allowing co-replication and subsequent recombination of the multiple viral genotypes. Using a resequencing microarray, we examined a persistent infection by a Citrus tristeza virus (CTV) complex in citrus, a vegetatively propagated, globally important fruit crop, and found that the complex comprised three major and a number of minor genotypes. Subsequent deep sequencing analysis of the viral population confirmed the presence of the three major CTV genotypes and, in addition, revealed that the minor genotypes consisted of an extraordinarily large number of genetic variants generated by promiscuous recombination between the major genotypes. Further analysis provided evidence that some of the recombinants underwent subsequent divergence, further increasing the genotypic complexity. These data demonstrate that persistent infection of multiple viral genotypes within a host organism is sufficient to drive the large-scale production of viral genetic variants that may evolve into new and emerging viruses.",
   "publish_time": "2007 Sep 19",
   "authors": [
      "Weng, Ziming",
      "Barthelson, Roger",
      "Gowda, Siddarame",
      "Hilf, Mark E.",
      "Dawson, William O.",
      "Galbraith, David W.",
      "Xiong, Zhongguo"
   ],
   "journal": "PLoS One",
   "has_full_text": "True",
   "full_text_file": "comm_use_subset",
   "id": "https://doi.org/10.1371/journal.pone.0000917",
   "pubtator": "PMC1975466",
   "fhir_link": [
      "Commercial/Composition/b0218dd5c965f2c92348a50f46ea2e271a56c7c8",
      "Commercial/Composition/c235de11eceb5f9f55e0b361818e959d4482b621"
   ]
}