{
   "sha": "78c991a34ec87c73006a683cd641762d15597890",
   "source_x": "PMC",
   "title": "Detection and Molecular Diversity of Spike Gene of Porcine Epidemic Diarrhea Virus in China",
   "doi": "http://dx.doi.org/10.3390/v5102601",
   "pmcid": "PMC3814607",
   "pubmed_id": "24153062",
   "license": "CC BY",
   "abstract": "Since late 2010, porcine epidemic diarrhea virus (PEDV) has rapidly disseminated all over the China and caused considerable morbidity and high mortality (up to 100%) in neonatal piglets. 79.66% (141 of 177) pig farms in 29 provinces (excluding Tibet and Hainan, China) and 72.27% (417 of 577) samples were positive for PEDV confirmed by reverse transcription-polymerase chain reaction (RT-PCR). The full-length S genes of representative field strains were sequenced. 33 field strains share 93.5%\u201399.9% homologies with each other at the nucleotide sequence level and 92.3%\u201399.8% homologies with each other at the amino acids sequence level. Most field strains have nucleotide deletion and insertion regions, and show lower homologies (93.5%\u201394.2%) with Chinese classical strain CH/S, however higher homologies (97.1%\u201399.3%) with recent strain CHGD-1. The phylogenetic analysis showed there are classical strains and variants prevailing in pig herd in China. PEDV has a high detection rate in pig herds in China. Sequence analysis indicated the S genes of recent field strains have heterogeneity and the variants are predominant.",
   "publish_time": "2013 Oct 22",
   "authors": [
      "['Chen, Jianfei', 'Liu, Xiaozhen', 'Shi, Da', 'Shi, Hongyan', 'Zhang, Xin', 'Li, Changlong', 'Chi, Yanbin', 'Feng, Li']"
   ],
   "journal": "Viruses",
   "has_full_text": "True",
   "id": "78c991a34ec87c73006a683cd641762d15597890",
   "fhir_link": "Commercial/Composition/78c991a34ec87c73006a683cd641762d15597890"
}