{
   "sha": "db4a4b2bde1bf1bb981bf87f9c6c25462834a25e",
   "source_x": "PMC",
   "title": "Intracellular Vesicle Fusion Requires a Membrane-Destabilizing Peptide Located at the Juxtamembrane Region of the v-SNARE",
   "doi": "10.1016/j.celrep.2019.11.107",
   "pmcid": "PMC6990648",
   "pubmed_id": "31875562",
   "license": "cc-by-nc-nd",
   "abstract": "Intracellular vesicle fusion is mediated by soluble N-ethylmaleimide sensitive factor attachment protein receptors (SNAREs) and Sec1/Munc18 (SM) proteins. It is generally accepted that membrane fusion occurs when the vesicle and target membranes are brought into close proximity by SNAREs and SM proteins. In this work, we demonstrate that, for fusion to occur, membrane bilayers must be destabilized by a conserved membrane-embedded motif located at the juxtamembrane region of the vesicle-anchored v-SNARE. Comprised of basic and hydrophobic residues, the juxtamembrane motif perturbs the lipid bilayer structure and promotes SNARE-SM-mediated membrane fusion. The juxtamembrane motif can be functionally substituted with an unrelated membrane-disrupting peptide in the membrane fusion reaction. These findings establish the juxtamembrane motif of the v-SNARE as a membrane-destabilizing peptide. Requirement of membrane-destabilizing peptides is likely a common feature of biological membrane fusion.",
   "publish_time": "2019 Dec 24",
   "authors": [
      "Rathore, Shailendra S.",
      "Liu, Yinghui",
      "Yu, Haijia",
      "Wan, Chun",
      "Lee, MyeongSeon",
      "Yin, Qian",
      "Stowell, Michael H.B.",
      "Shen, Jingshi"
   ],
   "journal": "Cell Rep",
   "has_full_text": "True",
   "full_text_file": "noncomm_use_subset",
   "id": "https://doi.org/10.1016/j.celrep.2019.11.107",
   "pubtator": "PMC6990648",
   "fhir_link": [
      "Non-comercial/Composition/db4a4b2bde1bf1bb981bf87f9c6c25462834a25e"
   ]
}