{
   "sha": "e9c9b0ae161292a02df40687664ee8175e6c7468",
   "source_x": "Elsevier",
   "title": "The structure and functions of coronavirus genomic 3\u2032 and 5\u2032 ends",
   "doi": "10.1016/j.virusres.2015.02.025",
   "pmcid": "PMC4476908",
   "license": "els-covid",
   "abstract": "Abstract Coronaviruses (CoVs) are an important cause of illness in humans and animals. Most human coronaviruses commonly cause relatively mild respiratory illnesses; however two zoonotic coronaviruses, SARS-CoV and MERS-CoV, can cause severe illness and death. Investigations over the past 35 years have illuminated many aspects of coronavirus replication. The focus of this review is the functional analysis of conserved RNA secondary structures in the 5\u2032 and 3\u2032 of the betacoronavirus genomes. The 5\u2032 350 nucleotides folds into a set of RNA secondary structures which are well conserved, and reverse genetic studies indicate that these structures play an important role in the discontinuous synthesis of subgenomic RNAs in the betacoronaviruses. These cis-acting elements extend 3\u2032 of the 5\u2032UTR into ORF1a. The 3\u2032UTR is similarly conserved and contains all of the cis-acting sequences necessary for viral replication. Two competing conformations near the 5\u2032 end of the 3\u2032UTR have been shown to make up a potential molecular switch. There is some evidence that an association between the 3\u2032 and 5\u2032UTRs is necessary for subgenomic RNA synthesis, but the basis for this association is not yet clear. A number of host RNA proteins have been shown to bind to the 5\u2032 and 3\u2032 cis-acting regions, but the significance of these in viral replication is not clear. Two viral proteins have been identified as binding to the 5\u2032 cis-acting region, nsp1 and N protein. A genetic interaction between nsp8 and nsp9 and the region of the 3\u2032UTR that contains the putative molecular switch suggests that these two proteins bind to this region.",
   "publish_time": "2015-08-03",
   "authors": [
      "Yang, Dong",
      "Leibowitz, Julian L."
   ],
   "journal": "Virus Research",
   "has_full_text": "True",
   "full_text_file": "custom_license",
   "id": "https://doi.org/10.1016/j.virusres.2015.02.025",
   "pubtator": "PMC4476908",
   "fhir_link": [
      "PMC/Composition/e9c9b0ae161292a02df40687664ee8175e6c7468"
   ]
}