{
   "sha": "0f15655bda78c3a62a03a19d8028f8f5cf5a1ef5",
   "source_x": "Elsevier",
   "title": "Clinical characteristics and intrauterine vertical transmission potential of COVID-19 infection in nine pregnant women: a retrospective review of medical records",
   "doi": "10.1016/S0140-6736(20)30360-3",
   "license": "els-covid",
   "abstract": "Summary Background Previous studies on the pneumonia outbreak caused by the 2019 novel coronavirus disease (COVID-19) were based on information from the general population. Limited data are available for pregnant women with COVID-19 pneumonia. This study aimed to evaluate the clinical characteristics of COVID-19 in pregnancy and the intrauterine vertical transmission potential of COVID-19 infection. Methods Clinical records, laboratory results, and chest CT scans were retrospectively reviewed for nine pregnant women with laboratory-confirmed COVID-19 pneumonia (ie, with maternal throat swab samples that were positive for severe acute respiratory syndrome coronavirus 2 [SARS-CoV-2]) who were admitted to Zhongnan Hospital of Wuhan University, Wuhan, China, from Jan 20 to Jan 31, 2020. Evidence of intrauterine vertical transmission was assessed by testing for the presence of SARS-CoV-2 in amniotic fluid, cord blood, and neonatal throat swab samples. Breastmilk samples were also collected and tested from patients after the first lactation. Findings All nine patients had a caesarean section in their third trimester. Seven patients presented with a fever. Other symptoms, including cough (in four of nine patients), myalgia (in three), sore throat (in two), and malaise (in two), were also observed. Fetal distress was monitored in two cases. Five of nine patients had lymphopenia (<1\u00b70 \u00d7 10\u2079 cells per L). Three patients had increased aminotransferase concentrations. None of the patients developed severe COVID-19 pneumonia or died, as of Feb 4, 2020. Nine livebirths were recorded. No neonatal asphyxia was observed in newborn babies. All nine livebirths had a 1-min Apgar score of 8\u20139 and a 5-min Apgar score of 9\u201310. Amniotic fluid, cord blood, neonatal throat swab, and breastmilk samples from six patients were tested for SARS-CoV-2, and all samples tested negative for the virus. Interpretation The clinical characteristics of COVID-19 pneumonia in pregnant women were similar to those reported for non-pregnant adult patients who developed COVID-19 pneumonia. Findings from this small group of cases suggest that there is currently no evidence for intrauterine infection caused by vertical transmission in women who develop COVID-19 pneumonia in late pregnancy. Funding Hubei Science and Technology Plan, Wuhan University Medical Development Plan.",
   "publish_time": "2020-03-13",
   "authors": [
      "Chen, Huijun",
      "Guo, Juanjuan",
      "Wang, Chen",
      "Luo, Fan",
      "Yu, Xuechen",
      "Zhang, Wei",
      "Li, Jiafu",
      "Zhao, Dongchi",
      "Xu, Dan",
      "Gong, Qing",
      "Liao, Jing",
      "Yang, Huixia",
      "Hou, Wei",
      "Zhang, Yuanzhen"
   ],
   "journal": "The Lancet",
   "Microsoft Academic Paper ID": "3005679569",
   "WHO #Covidence": "#789",
   "has_full_text": "True",
   "full_text_file": "custom_license",
   "id": "https://doi.org/10.1016/S0140-6736(20)30360-3",
   "fhir_link": [
      "PMC/Composition/0f15655bda78c3a62a03a19d8028f8f5cf5a1ef5"
   ]
}