{
   "source_x": "CZI",
   "title": "The epidemic of 2019-novel-coronavirus (2019-nCoV) pneumonia and insights for emerging infectious diseases in the future",
   "doi": "10.1016/j.micinf.2020.02.002",
   "abstract": "At the end of December 2019, a novel coronavirus, 2019-nCoV, caused an outbreak of pneumonia spreading from Wuhan, Hubei province, to the whole country of China, which has posed great threats to public health and attracted enormous attention around the world. To date, there are no clinically approved vaccines or antiviral drugs available for these human coronavirus infections. Intensive research on the novel emerging human infectious coronaviruses is urgently needed to elucidate their route of transmission and pathogenic mechanisms, and to identify potential drug targets, which would promote the development of effective preventive and therapeutic countermeasures. Herein, we describe the epidemic and etiological characteristics of 2019-nCoV, discuss its essential biological features, including tropism and receptor usage, summarize approaches for disease prevention and treatment, and speculate on the transmission route of 2019-nCoV.",
   "publish_time": "2020",
   "authors": [
      "Li, Jin-Yan",
      "You, Zhi",
      "Wang, Qiong",
      "Zhou, Zhi-Jian",
      "Qiu, Ye",
      "Luo, Rui",
      "Ge, Xing-Yi"
   ],
   "journal": "Microbes and Infection",
   "Microsoft Academic Paper ID": "3004668429",
   "WHO #Covidence": "#1384",
   "id": "https://doi.org/10.1016/j.micinf.2020.02.002"
}