{
   "sha": "cecaf7baf9be88a3eacb74b51eb71c380102e167",
   "source_x": "Elsevier",
   "title": "Role of protein kinase R in double-stranded RNA-induced expression of nitric oxide synthase in human astroglia",
   "doi": "10.1016/S0014-5793(04)00302-3",
   "pmcid": "PMC1986658",
   "pubmed_id": "15063753",
   "license": "els-covid",
   "abstract": "Abstract Environmental factor(s), such as viral infection, has been implicated as one of the triggering events leading to neuroinflammation in multiple sclerosis. This study underlines the importance of double-stranded RNA (dsRNA), the active component of a viral infection, in inducing the expression of inducible nitric oxide synthase (iNOS) in human astroglia. DsRNA in the form of synthetic polyinosinic-polycytidylic acid (poly IC) induced expression of iNOS and iNOS promoter-driven luciferase activity through activation of nuclear factor (NF)-\u03baB and CCAAT/enhancer-binding protein\u03b2 (C/EBP\u03b2). In addition, we show that inhibitors of protein kinase R attenuated iNOS by suppressing the activation of NF-\u03baB but not C/EBP\u03b2. In contrast, knock down of p38 mitogen-activated protein kinase (MAPK) attenuated iNOS by suppressing the activation of C/EBP\u03b2 but not NF-\u03baB. This study delineates a novel role of dsRNA in inducing the expression of iNOS through dsRNA-activated protein kinase (PKR)-mediated activation of NF-\u03baB and p38-mediated activation of C/EBP\u03b2 in human astroglia that may participate in virus-induced neurological abnormalities.",
   "publish_time": "2004-04-09",
   "authors": [
      "Auch, Corey J",
      "Saha, Ramendra N",
      "Sheikh, Faruk G",
      "Liu, Xiaojuan",
      "Jacobs, Bertram L",
      "Pahan, Kalipada"
   ],
   "journal": "FEBS Letters",
   "has_full_text": "True",
   "full_text_file": "custom_license",
   "id": "https://doi.org/10.1016/S0014-5793(04)00302-3",
   "pubtator": "PMC1986658",
   "fhir_link": [
      "PMC/Composition/cecaf7baf9be88a3eacb74b51eb71c380102e167"
   ]
}