{
   "sha": "f7f482ba4aaa3ef0d620d9aad8c9635f88806d8e",
   "source_x": "PMC",
   "title": "The autophagy elongation complex (ATG5-12/16L1) positively regulates HCV replication and is required for wild-type membranous web formation",
   "doi": "10.1038/srep40351",
   "pmcid": "PMC5220323",
   "pubmed_id": "28067309",
   "license": "cc-by",
   "abstract": "Hepatitis C virus (HCV) infection induces intracellular membrane rearrangements, thus forming a membranous web (MW) in which HCV replication and assembly occur. The HCV-induced MW is primarily composed of double membrane vesicles (DMVs) transfused by multi-membrane vesicles. The autophagy machinery has been proposed to participate in the formation of such vesicles. However, no clear evidence has been found linking autophagy to the formation of these DMVs. In this study, we evaluated the role of the autophagy elongation complex (ATG5-12/16L1) in HCV replication and MW formation. Using a dominant negative form of ATG12 and an siRNA approach, we demonstrated that the ATG5-12 conjugate, but not LC3-II formation, is crucial for efficient viral replication. Furthermore, purification of HCV MW revealed the presence of ATG5-12 and ATG16L1 along with HCV nonstructural proteins. Interestingly, LC3 was not recruited along with the elongation complex to the site of viral replication. Finally, inhibition of the elongation complex, but not LC3, greatly impaired the formation of the wild-type MW phenotype. To our knowledge, this study provides the first evidence of the involvement of autophagy proteins in the formation of wild-type MWs.",
   "publish_time": "2017 Jan 9",
   "authors": [
      "Fahmy, Ahmed M.",
      "Labont\u00e9, Patrick"
   ],
   "journal": "Sci Rep",
   "has_full_text": "True",
   "full_text_file": "comm_use_subset",
   "id": "https://doi.org/10.1038/srep40351",
   "pubtator": "PMC5220323",
   "fhir_link": [
      "Commercial/Composition/f7f482ba4aaa3ef0d620d9aad8c9635f88806d8e"
   ]
}