{
   "sha": "287efc07973e7b2d046c7664771dc2e2a00b501b",
   "source_x": "PMC",
   "title": "First infection by all four non-severe acute respiratory syndrome human coronaviruses takes place during childhood",
   "doi": "http://dx.doi.org/10.1186/1471-2334-13-433",
   "pmcid": "PMC3848659",
   "pubmed_id": "24040960",
   "license": "CC BY",
   "abstract": "BACKGROUND: Non-severe acute respiratory syndrome (non-SARS)-related human coronaviruses (HCoVs), including HCoV-229E, -HKU1, -NL63, and -OC43, have been detected in respiratory tract samples from children and adults. However, the natural prevalence of antibodies against these viruses in serum among population is unknown. METHODS: To measure antibodies to the spike (S) protein of the four common non-SARS HCoVs, recombinant S proteins of the four HCoVs were expressed and characterised in 293\u00a0T cell. An S-protein-based indirect immunofluorescence assay (IFA) was then developed to detect anti-S IgG and IgM for the four individual HCoVs and applied to serum samples from a general asymptomatic population (218 children and 576 adults) in Beijing. RESULTS: Of 794 blood samples tested, only 29 (3.65%) were negative for anti-S IgG. The seropositivity of the four anti-S IgG antibodies was >70% within the general population. The majority of seroconversions to four-HCoV positivity first occurred in children. Both S-IgG and S-IgM antibodies were detectable among children and increased with age, reaching a plateau at 6\u00a0years of age. However, no anti-S IgM was detected in healthy adults. CONCLUSION: Large proportions of children and adults in Beijing have evidence of anti-S IgG against four the HCoVs, and first infections by all four non-SARS HCoVs takes place during childhood.",
   "publish_time": "2013 Sep 16",
   "authors": [
      "['Zhou, Weimin', 'Wang, Wen', 'Wang, Huijuan', 'Lu, Roujian', 'Tan, Wenjie']"
   ],
   "journal": "BMC Infect Dis",
   "has_full_text": "True",
   "id": "287efc07973e7b2d046c7664771dc2e2a00b501b",
   "fhir_link": "Commercial/Composition/287efc07973e7b2d046c7664771dc2e2a00b501b.json"
}