{
   "sha": "ae259a3fbe7fe1269fb1fa49803adb40316e3c3e; 42f1a4559a7a54113e1d9b341cf6cb6815c0e023",
   "source_x": "PMC",
   "title": "Isolation of Porcine Epidemic Diarrhea Virus during Outbreaks in South Korea, 2013\u20132014",
   "doi": "10.3201/eid2112.150437",
   "pmcid": "PMC4672425",
   "pubmed_id": "26584230",
   "license": "no-cc",
   "publish_time": "2015 Dec",
   "authors": [
      "Chung, Hee-Chun",
      "Nguyen, Van Giap",
      "Moon, Hyoung-Joon",
      "Lee, Jee-Hoon",
      "Park, Seong-Jun",
      "Lee, Ga-Eun",
      "Kim, Hye-Kwon",
      "Noh, You-Shun",
      "Lee, Chan-Hee",
      "Goede, Dane",
      "Park, Bong Kyun"
   ],
   "journal": "Emerg Infect Dis",
   "has_full_text": "True",
   "full_text_file": "custom_license",
   "id": "https://doi.org/10.3201/eid2112.150437",
   "pubtator": "PMC4672425",
   "fhir_link": [
      "PMC/Composition/ae259a3fbe7fe1269fb1fa49803adb40316e3c3e",
      "PMC/Composition/42f1a4559a7a54113e1d9b341cf6cb6815c0e023"
   ]
}