{
   "sha": "6c74f0ac502880132d804a983574f2b76adc0b23",
   "source_x": "Elsevier",
   "title": "Monomerization of Viral Entry Inhibitor Griffithsin Elucidates the Relationship between Multivalent Binding to Carbohydrates and anti-HIV Activity",
   "doi": "10.1016/j.str.2010.05.016",
   "pmcid": "PMC3399781",
   "pubmed_id": "20826337",
   "license": "els-covid",
   "abstract": "Summary Mutations were introduced to the domain-swapped homodimer of the antiviral lectin griffithsin (GRFT). Whereas several single and double mutants remained dimeric, insertion of either two or four amino acids at the dimerization interface resulted in a monomeric form of the protein (mGRFT). Monomeric character of the modified proteins was confirmed by sedimentation equilibrium ultracentrifugation and by their high resolution X-ray crystal structures, whereas their binding to carbohydrates was assessed by isothermal titration calorimetry. Cell-based antiviral activity assays utilizing different variants of mGRFT indicated that the monomeric form of the lectin had greatly reduced activity against HIV-1, suggesting that the antiviral activity of GRFT stems from crosslinking and aggregation of viral particles via multivalent interactions between GRFT and oligosaccharides present on HIV envelope glycoproteins. Atomic resolution crystal structure of a complex between mGRFT and nonamannoside revealed that a single mGRFT molecule binds to two different nonamannoside molecules through all three carbohydrate-binding sites present on the monomer.",
   "publish_time": "2010-09-08",
   "authors": [
      "Moulaei, Tinoush",
      "Shenoy, Shilpa R.",
      "Giomarelli, Barbara",
      "Thomas, Cheryl",
      "McMahon, James B.",
      "Dauter, Zbigniew",
      "O'Keefe, Barry R.",
      "Wlodawer, Alexander"
   ],
   "journal": "Structure",
   "has_full_text": "True",
   "full_text_file": "custom_license",
   "id": "https://doi.org/10.1016/j.str.2010.05.016",
   "pubtator": "PMC3399781",
   "fhir_link": [
      "PMC/Composition/6c74f0ac502880132d804a983574f2b76adc0b23"
   ]
}