{
   "sha": "773219a6abb0977144db395a5d94f63ce2eb03c6; ec09394ffef7660b3a7013dda8e10786bb51e3d6",
   "source_x": "PMC",
   "title": "Stabilized coronavirus spikes are resistant to conformational changes induced by receptor recognition or proteolysis",
   "doi": "10.1038/s41598-018-34171-7",
   "pmcid": "PMC6200764",
   "pubmed_id": "30356097",
   "license": "cc-by",
   "abstract": "Severe acute respiratory syndrome coronavirus (SARS-CoV) emerged in 2002 as a highly transmissible pathogenic human betacoronavirus. The viral spike glycoprotein (S) utilizes angiotensin-converting enzyme 2 (ACE2) as a host protein receptor and mediates fusion of the viral and host membranes, making S essential to viral entry into host cells and host species tropism. As SARS-CoV enters host cells, the viral S is believed to undergo a number of conformational transitions as it is cleaved by host proteases and binds to host receptors. We recently developed stabilizing mutations for coronavirus spikes that prevent the transition from the pre-fusion to post-fusion states. Here, we present cryo-EM analyses of a stabilized trimeric SARS-CoV S, as well as the trypsin-cleaved, stabilized S, and its interactions with ACE2. Neither binding to ACE2 nor cleavage by trypsin at the S1/S2 cleavage site impart large conformational changes within stabilized SARS-CoV S or expose the secondary cleavage site, S2\u2032.",
   "publish_time": "2018 Oct 24",
   "authors": [
      "Kirchdoerfer, Robert N.",
      "Wang, Nianshuang",
      "Pallesen, Jesper",
      "Wrapp, Daniel",
      "Turner, Hannah L.",
      "Cottrell, Christopher A.",
      "Corbett, Kizzmekia S.",
      "Graham, Barney S.",
      "McLellan, Jason S.",
      "Ward, Andrew B."
   ],
   "journal": "Sci Rep",
   "has_full_text": "True",
   "full_text_file": "comm_use_subset",
   "id": "https://doi.org/10.1038/s41598-018-34171-7",
   "pubtator": "PMC6200764",
   "fhir_link": [
      "Commercial/Composition/773219a6abb0977144db395a5d94f63ce2eb03c6",
      "Commercial/Composition/ec09394ffef7660b3a7013dda8e10786bb51e3d6"
   ]
}