{
   "sha": "f2af8027b6801850481d09ad0d4c5eb8e31c7d7f",
   "source_x": "PMC",
   "title": "The Evolutionary Dynamics of the Lion Panthera leo Revealed by Host and Viral Population Genomics",
   "doi": "10.1371/journal.pgen.1000251",
   "pmcid": "PMC2572142",
   "pubmed_id": "18989457",
   "license": "cc0",
   "abstract": "The lion Panthera leo is one of the world's most charismatic carnivores and is one of Africa's key predators. Here, we used a large dataset from 357 lions comprehending 1.13 megabases of sequence data and genotypes from 22 microsatellite loci to characterize its recent evolutionary history. Patterns of molecular genetic variation in multiple maternal (mtDNA), paternal (Y-chromosome), and biparental nuclear (nDNA) genetic markers were compared with patterns of sequence and subtype variation of the lion feline immunodeficiency virus (FIV(Ple)), a lentivirus analogous to human immunodeficiency virus (HIV). In spite of the ability of lions to disperse long distances, patterns of lion genetic diversity suggest substantial population subdivision (mtDNA \u03a6(ST) = 0.92; nDNA F (ST) = 0.18), and reduced gene flow, which, along with large differences in sero-prevalence of six distinct FIV(Ple) subtypes among lion populations, refute the hypothesis that African lions consist of a single panmictic population. Our results suggest that extant lion populations derive from several Pleistocene refugia in East and Southern Africa (\u223c324,000\u2013169,000 years ago), which expanded during the Late Pleistocene (\u223c100,000 years ago) into Central and North Africa and into Asia. During the Pleistocene/Holocene transition (\u223c14,000\u20137,000 years), another expansion occurred from southern refugia northwards towards East Africa, causing population interbreeding. In particular, lion and FIV(Ple) variation affirms that the large, well-studied lion population occupying the greater Serengeti Ecosystem is derived from three distinct populations that admixed recently.",
   "publish_time": "2008 Nov 7",
   "authors": [
      "Antunes, Agostinho",
      "Troyer, Jennifer L.",
      "Roelke, Melody E.",
      "Pecon-Slattery, Jill",
      "Packer, Craig",
      "Winterbach, Christiaan",
      "Winterbach, Hanlie",
      "Hemson, Graham",
      "Frank, Laurence",
      "Stander, Philip",
      "Siefert, Ludwig",
      "Driciru, Margaret",
      "Funston, Paul J.",
      "Alexander, Kathy A.",
      "Prager, Katherine C.",
      "Mills, Gus",
      "Wildt, David",
      "Bush, Mitch",
      "O'Brien, Stephen J.",
      "Johnson, Warren E."
   ],
   "journal": "PLoS Genet",
   "has_full_text": "True",
   "full_text_file": "comm_use_subset",
   "id": "https://doi.org/10.1371/journal.pgen.1000251",
   "pubtator": "PMC2572142",
   "fhir_link": [
      "Commercial/Composition/f2af8027b6801850481d09ad0d4c5eb8e31c7d7f"
   ]
}