{
   "sha": "9dd6218b259ce897b69fe6ef6696508c388c1e27",
   "source_x": "Elsevier",
   "title": "Recognition of Lys48-Linked Di-ubiquitin and Deubiquitinating Activities of the SARS Coronavirus Papain-like Protease",
   "doi": "10.1016/j.molcel.2016.04.016",
   "pmcid": "PMC4875570",
   "pubmed_id": "27203180",
   "license": "els-covid",
   "abstract": "Summary Deubiquitinating enzymes (DUBs) recognize and cleave linkage-specific polyubiquitin (polyUb) chains, but mechanisms underlying specificity remain elusive in many cases. The severe acute respiratory syndrome (SARS) coronavirus papain-like protease (PLpro) is a DUB that cleaves ISG15, a two-domain Ub-like protein, and Lys48-linked polyUb chains, releasing diUbLys48 products. To elucidate this specificity, we report the 2.85 \u00c5 crystal structure of SARS PLpro bound to a diUbLys48 activity-based probe. SARS PLpro binds diUbLys48 in an extended conformation via two contact sites, S1 and S2, which are proximal and distal to the active site, respectively. We show that specificity for polyUbLys48 chains is predicated on contacts in the S2 site and enhanced by an S1-S1\u2032 preference for a Lys48 linkage across the active site. In contrast, ISG15 specificity is dominated by contacts in the S1 site. Determinants revealed for polyUbLys48 specificity should prove useful in understanding PLpro deubiquitinating activities in coronavirus infections.",
   "publish_time": "2016-05-19",
   "authors": [
      "B\u00e9k\u00e9s, Mikl\u00f3s",
      "van\u00a0der\u00a0Heden\u00a0van\u00a0Noort, Gerbrand\u00a0J.",
      "Ekkebus, Reggy",
      "Ovaa, Huib",
      "Huang, Tony\u00a0T.",
      "Lima, Christopher\u00a0D."
   ],
   "journal": "Molecular Cell",
   "has_full_text": "True",
   "full_text_file": "custom_license",
   "id": "https://doi.org/10.1016/j.molcel.2016.04.016",
   "pubtator": "PMC4875570",
   "fhir_link": [
      "PMC/Composition/9dd6218b259ce897b69fe6ef6696508c388c1e27"
   ]
}