{
   "sha": "25affabb80bcf3e1a60c00fc09fd5d2e8f89ec48",
   "source_x": "PMC",
   "title": "Do Intensive Care Data on Respiratory Infections Reflect Influenza Epidemics?",
   "doi": "http://dx.doi.org/10.1371/journal.pone.0083854",
   "pmcid": "PMC3877112",
   "pubmed_id": "24391837",
   "license": "CC BY",
   "abstract": "OBJECTIVES: Severe influenza can lead to Intensive Care Unit (ICU) admission. We explored whether ICU data reflect influenza like illness (ILI) activity in the general population, and whether ICU respiratory infections can predict influenza epidemics. METHODS: We calculated the time lag and correlation between ILI incidence (from ILI sentinel surveillance, based on general practitioners (GP) consultations) and percentages of ICU admissions with a respiratory infection (from the Dutch National Intensive Care Registry) over the years 2003\u20132011. In addition, ICU data of the first three years was used to build three regression models to predict the start and end of influenza epidemics in the years thereafter, one to three weeks ahead. The predicted start and end of influenza epidemics were compared with observed start and end of such epidemics according to the incidence of ILI. RESULTS: Peaks in respiratory ICU admissions lasted longer than peaks in ILI incidence rates. Increases in ICU admissions occurred on average two days earlier compared to ILI. Predicting influenza epidemics one, two, or three weeks ahead yielded positive predictive values ranging from 0.52 to 0.78, and sensitivities from 0.34 to 0.51. CONCLUSIONS: ICU data was associated with ILI activity, with increases in ICU data often occurring earlier and for a longer time period. However, in the Netherlands, predicting influenza epidemics in the general population using ICU data was imprecise, with low positive predictive values and sensitivities.",
   "publish_time": "2013 Dec 31",
   "authors": [
      "['Koetsier, Antonie', 'van Asten, Liselotte', 'Dijkstra, Frederika', 'van der Hoek, Wim', 'Snijders, Bianca E.', 'van den Wijngaard, Cees C.', 'Boshuizen, Hendriek C.', 'Donker, G\u00e9 A.', 'de Lange, Dylan W.', 'de Keizer, Nicolette F.', 'Peek, Niels']"
   ],
   "journal": "PLoS One",
   "has_full_text": "True",
   "id": "25affabb80bcf3e1a60c00fc09fd5d2e8f89ec48",
   "fhir_link": "Commercial/25affabb80bcf3e1a60c00fc09fd5d2e8f89ec48"
}