{
   "sha": "9f13bcae6ae451b9a0c4d2f22c6557fcfbc2c3f7; 44cbdded77107e8c97330deef77b1b761a9bb229",
   "source_x": "PMC",
   "title": "Differential expression of lncRNAs during the HIV replication cycle: an underestimated layer in the HIV-host interplay",
   "doi": "10.1038/srep36111",
   "pmcid": "PMC5080576",
   "pubmed_id": "27782208",
   "license": "cc-by",
   "abstract": "Studying the effects of HIV infection on the host transcriptome has typically focused on protein-coding genes. However, recent advances in the field of RNA sequencing revealed that long non-coding RNAs (lncRNAs) add an extensive additional layer to the cell\u2019s molecular network. Here, we performed transcriptome profiling throughout a primary HIV infection in vitro to investigate lncRNA expression at the different HIV replication cycle processes (reverse transcription, integration and particle production). Subsequently, guilt-by-association, transcription factor and co-expression analysis were performed to infer biological roles for the lncRNAs identified in the HIV-host interplay. Many lncRNAs were suggested to play a role in mechanisms relying on proteasomal and ubiquitination pathways, apoptosis, DNA damage responses and cell cycle regulation. Through transcription factor binding analysis, we found that lncRNAs display a distinct transcriptional regulation profile as compared to protein coding mRNAs, suggesting that mRNAs and lncRNAs are independently modulated. In addition, we identified five differentially expressed lncRNA-mRNA pairs with mRNA involvement in HIV pathogenesis with possible cis regulatory lncRNAs that control nearby mRNA expression and function. Altogether, the present study demonstrates that lncRNAs add a new dimension to the HIV-host interplay and should be further investigated as they may represent targets for controlling HIV replication.",
   "publish_time": "2016 Oct 26",
   "authors": [
      "Trypsteen, Wim",
      "Mohammadi, Pejman",
      "Van Hecke, Clarissa",
      "Mestdagh, Pieter",
      "Lefever, Steve",
      "Saeys, Yvan",
      "De Bleser, Pieter",
      "Vandesompele, Jo",
      "Ciuffi, Angela",
      "Vandekerckhove, Linos",
      "De Spiegelaere, Ward"
   ],
   "journal": "Sci Rep",
   "has_full_text": "True",
   "full_text_file": "comm_use_subset",
   "id": "https://doi.org/10.1038/srep36111",
   "pubtator": "PMC5080576",
   "fhir_link": [
      "Commercial/Composition/9f13bcae6ae451b9a0c4d2f22c6557fcfbc2c3f7",
      "Commercial/Composition/44cbdded77107e8c97330deef77b1b761a9bb229"
   ]
}