{
   "sha": "93425e3efc7561514451b9ea0d4cad0789c42017",
   "source_x": "Elsevier",
   "title": "Molecular virology of hepatitis E virus",
   "doi": "10.1016/j.virusres.2011.02.011",
   "pmcid": "PMC3130092",
   "license": "els-covid",
   "abstract": "Abstract This review details the molecular virology of the hepatitis E virus (HEV). While replicons and in vitro infection systems have recently become available, a lot of information on HEV has been generated through comparisons with better-studied positive-strand RNA viruses and through subgenomic expression of viral open reading frames. These models are now being verified with replicon and infection systems. We provide here the current knowledge on the HEV genome and its constituent proteins \u2013 ORF1, ORF2 and ORF3. Based on the available information, we also modify the existing model of the HEV life cycle.",
   "publish_time": "2011-10-31",
   "authors": [
      "Ahmad, Imran",
      "Holla, R. Prasida",
      "Jameel, Shahid"
   ],
   "journal": "Virus Research",
   "has_full_text": "True",
   "full_text_file": "custom_license",
   "id": "https://doi.org/10.1016/j.virusres.2011.02.011",
   "pubtator": "PMC3130092",
   "fhir_link": [
      "PMC/Composition/93425e3efc7561514451b9ea0d4cad0789c42017"
   ]
}