{
   "sha": "97c615d915000b15e55f71d20e045bf939c6bca5",
   "source_x": "PMC",
   "title": "In-vitro renal epithelial cell infection reveals a viral kidney tropism as a potential mechanism for acute renal failure during Middle East Respiratory Syndrome (MERS) Coronavirus infection",
   "doi": "http://dx.doi.org/10.1186/1743-422X-10-359",
   "pmcid": "PMC3878046",
   "pubmed_id": "24364985",
   "license": "CC BY",
   "abstract": "BACKGROUND: The Middle East Respiratory Syndrome Coronavirus (MERS-CoV) causes symptoms similar to Severe Acute Respiratory Syndrome Coronavirus (SARS-CoV), yet involving an additional component of acute renal failure (ARF) according to several published case reports. Impairment of the kidney is not typically seen in Coronavirus infections. The role of kidney infection in MERS is not understood. FINDINGS: A systematic review of communicated and peer-reviewed case reports revealed differences in descriptions of kidney involvement in MERS versus SARS patients. In particular, ARF in MERS patients occurred considerably earlier after a median time to onset of 11\u00a0days (SD \u00b12,0\u00a0days) as opposed to 20\u00a0days for SARS, according to the literature. In-situ histological staining of the respective cellular receptors for MERS- and SARS-Coronavirus showed highly similar staining patterns with a focus of a receptor-specific signal in kidney epithelial cells. Comparative infection experiments with SARS- and MERS-CoV in primary human kidney cells versus primary human bronchial epithelial cells showed cytopathogenic infection only in kidney cells, and only if infected with MERS-CoV. Kidney epithelial cells produced almost 1000-fold more infectious MERS-CoV progeny than bronchial epithelial cells, while only a small difference was seen between cell types when infected with SARS-CoV. CONCLUSION: Epidemiological studies should analyze kidney impairment and its characteristics in MERS-CoV. Virus replication in the kidney with potential shedding in urine might constitute a way of transmission, and could explain untraceable transmission chains leading to new cases. Individual patients might benefit from early induction of renoprotective treatment.",
   "publish_time": "2013 Dec 23",
   "authors": [
      "['Eckerle, Isabella', 'M\u00fcller, Marcel A', 'Kallies, Stephan', 'Gotthardt, Daniel N', 'Drosten, Christian']"
   ],
   "journal": "Virol J",
   "has_full_text": "True",
   "id": "97c615d915000b15e55f71d20e045bf939c6bca5",
   "fhir_link": "Commercial/Composition/97c615d915000b15e55f71d20e045bf939c6bca5.json"
}