{
   "sha": "bfe6cc567549b7922e6d17d202e5e35501d4d606; a8dd4ad790014376cbea595be02bc5cade42104f",
   "source_x": "PMC",
   "title": "Antiviral Treatment Guidelines for Middle East Respiratory Syndrome",
   "doi": "10.3947/ic.2015.47.3.212",
   "pmcid": "PMC4607778",
   "pubmed_id": "26483999",
   "license": "cc-by-nc",
   "abstract": "Middle East respiratory syndrome (MERS) is an acute infectious disease of the respiratory system caused by the new betacoronavirus (MERS coronavirus, MERS-CoV), which shows high mortality rates. The typical symptoms of MERS are fever, cough, and shortness of breath, and it is often accompanied by pneumonia. The MERS-CoV was introduced to Republic of Korea in May 2015 by a patient returning from Saudi Arabia. The disease spread mostly through hospital infections, and by the time the epidemic ended in August, the total number of confirmed diagnoses was 186, among which 36 patients died. Reflecting the latest evidence for antiviral drugs in the treatment of MERS-CoV infection and the experiences of treating MERS patients in Republic of Korea, these guidelines focus on antiviral drugs to achieve effective treatment of MERS-CoV infections.",
   "publish_time": "2015 Sep 30",
   "authors": [
      "Chong, Yong Pil",
      "Song, Joon Young",
      "Seo, Yu Bin",
      "Choi, Jae-Phil",
      "Shin, Hyoung-Shik"
   ],
   "journal": "Infect Chemother",
   "has_full_text": "True",
   "full_text_file": "noncomm_use_subset",
   "id": "https://doi.org/10.3947/ic.2015.47.3.212",
   "pubtator": "PMC4607778",
   "fhir_link": [
      "Non-comercial/Composition/bfe6cc567549b7922e6d17d202e5e35501d4d606",
      "Non-comercial/Composition/a8dd4ad790014376cbea595be02bc5cade42104f"
   ]
}