{
   "sha": "a946582580b10f59b7267ae8e6e312a08fe90552",
   "source_x": "Elsevier",
   "title": "Sex difference and smoking predisposition in patients with COVID-19",
   "doi": "10.1016/S2213-2600(20)30117-X",
   "license": "els-covid",
   "abstract": "The outbreak of novel coronavirus disease 2019 (COVID-19) is quickly turning into a pandemic. Although the disease is now better contained in China, 32 702 cases remain as of March 2, 2020. 10 566 cases and 166 deaths outside of China had been reported as of March 3 (WHO situation report 43), which is a large increase from the 2918 cases and 44 deaths reported on Feb 26 (WHO situation report 37). Rapid progress has been made with diagnostic reagents (eg, nucleic acid and IgM or IgG detection, or both), drug repurposing (eg, remdesivir and chloroquine), and vaccine production. Studies on the biology of viral infection and clinical management of the disease have also been published, some of which have demonstrated that differences in COVID-19 disease prevalence and severity are associated with sex, and smoking is related to higher expression of ACE2 (the receptor for severe acute respiratory syndrome coronavirus 2 [SARS-CoV-2]), so that might also be a factor. One study (preprint),1 using single-cell sequencing, found that expression of ACE2 was more predominant in Asian men, which might be the reason for the higher prevalence of COVID-19 in this subgroup of patients than in women and patients of other ethnicities. One study of 140 patients with COVID-19 in China,2 found the sex distribution equal; whereas, in a study of critically ill patients,3 more men were affected (67%) than women. In a latest report4 of 1099 patients with COVID-19 from 552 hospitals in 30 provinces in China, 58% of the patients were men. Taken together, these data seem to indicate that there might be a sex predisposition to COVID-19, with men more prone to being affected. This sex predisposition might be associated with the much higher smoking rate in men than in women in China (288 million men vs 12\u00b76 million women were smokers in 2018). Of note, one study (preprint)5 found that although ACE2 expression was not significantly different between Asian and white people, men and women, or subgroups aged older and younger than 60 years, it was significantly higher in current smokers of Asian ethnicity than Asian non-smokers; although no difference was found between smokers and non-smokers who were white. Nonetheless, the current literature does not support smoking as a predisposing factor in men or any subgroup for infection with SARS-CoV-2. In the study by Zhang and colleagues,2 only 1\u00b74% of patients were current smokers, although this number was much higher at 12\u00b76% in the study by Guan and colleagues.4 The relatively small proportion of current smokers in each of these two studies compared with the proportion of male smokers in China (50\u00b75%) are unlikely to be associated with incidence or severity of COVID-19. A trend towards an association was seen between smoking and severity of COVID-19 in the study by Zhang and colleagues2 (11\u00b78% of smokers had non-severe disease vs 16\u00b79% of smokers with severe disease), but it was not significant. Without strong evidence of an association between smoking and prevalence or severity of COVID-19 in Asian men compared with other subgroups, no firm conclusions can be drawn. With more cases being examined from different ethnic and genetic backgrounds worldwide, ACE2 expression variation can be better analysed and compared to establish whether it contributes to susceptibility to COVID-19 across the different subgroups.",
   "publish_time": "2020-03-11",
   "authors": [
      "Cai, Hua"
   ],
   "journal": "The Lancet Respiratory Medicine",
   "WHO #Covidence": "#7486",
   "has_full_text": "True",
   "full_text_file": "custom_license",
   "id": "https://doi.org/10.1016/S2213-2600(20)30117-X",
   "fhir_link": [
      "PMC/Composition/a946582580b10f59b7267ae8e6e312a08fe90552"
   ]
}