{
   "sha": "5e8f40e1096456d1b5b0c24b57104bf15f45d37e",
   "source_x": "PMC",
   "title": "Two Different Conformations in Hepatitis C Virus p7 Protein Account for Proton Transport and Dye Release",
   "doi": "http://dx.doi.org/10.1371/journal.pone.0078494",
   "pmcid": "PMC3883635",
   "pubmed_id": "24409277",
   "license": "CC BY",
   "abstract": "The p7 protein from the hepatitis C virus (HCV) is a 63 amino acid long polypeptide that is essential for replication, and is involved in protein trafficking and proton transport. Therefore, p7 is a possible target for antivirals. The consensus model for the channel formed by p7 protein is a hexameric or heptameric oligomer of \u03b1-helical hairpin monomers, each having two transmembrane domains, TM1 and TM2, where the N-terminal TM1 would face the lumen of this channel. A reported high-throughput functional assay to search for p7 channel inhibitors is based on carboxyfluorescein (CF) release from liposomes after p7 addition. However, the rationale for the dual ability of p7 to serve as an ion or proton channel in the infected cell, and to permeabilize membranes to large molecules like CF is not clear. We have recreated both activities in vitro, examining the conformation present in these assays using infrared spectroscopy. Our results indicate that an \u03b1-helical form of p7, which can transport protons, is not able to elicit CF release. In contrast, membrane permeabilization to CF is observed when p7 contains a high percentage of \u03b2-structure, or when using a C-terminal fragment of p7, encompassing TM2. We propose that the reported inhibitory effect of some small compounds, e.g., rimantadine, on both CF release and proton transport can be explained via binding to the membrane-inserted C-terminal half of p7, increasing its rigidity, in a similar way to the influenza A M2-rimantadine interaction.",
   "publish_time": "2014 Jan 7",
   "authors": [
      "['Gan, Siok Wan', 'Surya, Wahyu', 'Vararattanavech, Ardcharaporn', 'Torres, Jaume']"
   ],
   "journal": "PLoS One",
   "has_full_text": "True",
   "id": "5e8f40e1096456d1b5b0c24b57104bf15f45d37e",
   "fhir_link": "Commercial/Composition/5e8f40e1096456d1b5b0c24b57104bf15f45d37e"
}