{
   "sha": "73cf0208a38f3deecde96ea5e25ee44457d3d961",
   "source_x": "Elsevier",
   "title": "CHAPTER 15 Management and medicine of backyard poultry",
   "doi": "10.1016/B978-1-4557-4671-2.00024-0",
   "license": "els-covid",
   "publish_time": "2016-12-31",
   "authors": [
      "Wakenell, Patricia"
   ],
   "journal": "Current Therapy in Avian Medicine and Surgery",
   "has_full_text": "True",
   "full_text_file": "custom_license",
   "id": "https://doi.org/10.1016/B978-1-4557-4671-2.00024-0",
   "fhir_link": [
      "PMC/Composition/73cf0208a38f3deecde96ea5e25ee44457d3d961"
   ]
}