{
   "sha": "948b45d3eca1a43e5358920f853e10106cc7cf57",
   "source_x": "Elsevier",
   "title": "Design, synthesis and antiviral efficacy of a series of potent chloropyridyl ester-derived SARS-CoV 3CLpro inhibitors",
   "doi": "10.1016/j.bmcl.2008.08.082",
   "pmcid": "PMC2745596",
   "pubmed_id": "18796354",
   "license": "els-covid",
   "abstract": "Abstract Design, synthesis and biological evaluation of a series of 5-chloropyridine ester-derived severe acute respiratory syndrome-coronavirus chymotrypsin-like protease inhibitors is described. Position of the carboxylate functionality is critical to potency. Inhibitor 10 with a 5-chloropyridinyl ester at position 4 of the indole ring is the most potent inhibitor with a SARS-CoV 3CLpro IC50 value of 30nM and an antiviral EC50 value of 6.9\u03bcM. Molecular docking studies have provided possible binding modes of these inhibitors.",
   "publish_time": "2008-10-15",
   "authors": [
      "Ghosh, Arun K.",
      "Gong, Gangli",
      "Grum-Tokars, Valerie",
      "Mulhearn, Debbie C.",
      "Baker, Susan C.",
      "Coughlin, Melissa",
      "Prabhakar, Bellur S.",
      "Sleeman, Katrina",
      "Johnson, Michael E.",
      "Mesecar, Andrew D."
   ],
   "journal": "Bioorganic & Medicinal Chemistry Letters",
   "has_full_text": "True",
   "full_text_file": "custom_license",
   "id": "https://doi.org/10.1016/j.bmcl.2008.08.082",
   "pubtator": "PMC2745596",
   "fhir_link": [
      "PMC/Composition/948b45d3eca1a43e5358920f853e10106cc7cf57"
   ]
}