{
   "sha": "9621a15c1ca99d31b54c20a6d3276ba7818b2c61",
   "source_x": "Elsevier",
   "title": "298 Ticks, Including Tick Paralysis",
   "doi": "10.1016/B978-1-4557-4801-3.00298-8",
   "license": "els-covid",
   "publish_time": "2015-12-31",
   "authors": [
      "Diaz, James H."
   ],
   "journal": "Mandell, Douglas, and Bennett's Principles and Practice of Infectious Diseases",
   "has_full_text": "True",
   "full_text_file": "custom_license",
   "id": "https://doi.org/10.1016/B978-1-4557-4801-3.00298-8",
   "fhir_link": [
      "PMC/Composition/9621a15c1ca99d31b54c20a6d3276ba7818b2c61"
   ]
}