{
   "sha": "dc267fc4d521c61d5e3c4dc01dce174ace774111",
   "source_x": "Elsevier",
   "title": "313 Infections in Solid-Organ Transplant Recipients",
   "doi": "10.1016/B978-1-4557-4801-3.00313-1",
   "license": "els-covid",
   "publish_time": "2015-12-31",
   "authors": [
      "Singh, Nina",
      "Limaye, Ajit P."
   ],
   "journal": "Mandell, Douglas, and Bennett's Principles and Practice of Infectious Diseases",
   "has_full_text": "True",
   "full_text_file": "custom_license",
   "id": "https://doi.org/10.1016/B978-1-4557-4801-3.00313-1",
   "fhir_link": [
      "PMC/Composition/dc267fc4d521c61d5e3c4dc01dce174ace774111"
   ]
}