{
   "sha": "28223ad437aa22ac2285bd9dd775e1415a69411a",
   "source_x": "PMC",
   "title": "Real-time tentative assessment of the epidemiological characteristics of novel coronavirus infections in Wuhan, China, as at 22 January 2020",
   "doi": "10.2807/1560-7917.ES.2020.25.3.2000044",
   "pmcid": "PMC6988272",
   "pubmed_id": "31992388",
   "license": "cc-by",
   "abstract": "A novel coronavirus (2019-nCoV) causing severe acute respiratory disease emerged recently in Wuhan, China. Information on reported cases strongly indicates human-to-human spread, and the most recent information is increasingly indicative of sustained human-to-human transmission. While the overall severity profile among cases may change as more mild cases are identified, we estimate a risk of fatality among hospitalised cases at 14% (95% confidence interval: 3.9\u201332%).",
   "publish_time": "2020 Jan 23",
   "authors": [
      "Wu, Peng",
      "Hao, Xinxin",
      "Lau, Eric H Y",
      "Wong, Jessica Y",
      "Leung, Kathy S M",
      "Wu, Joseph T",
      "Cowling, Benjamin J",
      "Leung, Gabriel M"
   ],
   "journal": "Euro Surveill",
   "WHO #Covidence": "#89",
   "has_full_text": "True",
   "full_text_file": "comm_use_subset",
   "id": "https://doi.org/10.2807/1560-7917.ES.2020.25.3.2000044",
   "pubtator": "PMC6988272",
   "fhir_link": [
      "Commercial/Composition/28223ad437aa22ac2285bd9dd775e1415a69411a"
   ]
}