{
   "sha": "15d49910a989d94ad9e7d7348a5a2668ad21bca1",
   "source_x": "Elsevier",
   "title": "Regulation of stress granules in virus systems",
   "doi": "10.1016/j.tim.2012.02.001",
   "pmcid": "PMC3322245",
   "pubmed_id": "22405519",
   "license": "els-covid",
   "abstract": "Virus infection initiates a number of cellular stress responses that modulate gene regulation and compartmentalization of RNA. Viruses must control host gene expression and the localization of viral RNAs to be successful parasites. RNA granules such as stress granules and processing bodies (PBs) contain translationally silenced messenger ribonucleoproteins (mRNPs) and serve as extensions of translation regulation in cells, storing transiently repressed mRNAs. New reports show a growing number of virus families modulate RNA granule function to maximize replication efficiency. This review summarizes recent advances in understanding the relationship between viruses and mRNA stress granules in animal cells and will discuss important questions that remain in this emerging field.",
   "publish_time": "2012-04-30",
   "authors": [
      "White, James P.",
      "Lloyd, Richard E."
   ],
   "journal": "Trends in Microbiology",
   "has_full_text": "True",
   "full_text_file": "custom_license",
   "id": "https://doi.org/10.1016/j.tim.2012.02.001",
   "pubtator": "PMC3322245",
   "fhir_link": [
      "PMC/Composition/15d49910a989d94ad9e7d7348a5a2668ad21bca1"
   ]
}