{
   "sha": "07e78e218a159c35e9599e3751a99551a271597b",
   "source_x": "Elsevier",
   "title": "Arenavirus reverse genetics: New approaches for the investigation of arenavirus biology and development of antiviral strategies",
   "doi": "10.1016/j.virol.2011.01.013",
   "pmcid": "PMC3057228",
   "pubmed_id": "21324503",
   "license": "els-covid",
   "abstract": "Abstract Several arenaviruses, chiefly Lassa virus, cause hemorrhagic fever disease in humans and pose a significant public health problem in their endemic regions. On the other hand the prototypic arenavirus LCMV is a superb workhorse for the investigation of virus\u2013host interactions and associated disease. The development of novel antiviral strategies to combat pathogenic arenaviruses would be facilitated by a detailed understanding of the arenavirus molecular and cell biology. To this end, the development of reverse genetic systems for several arenaviruses has provided investigators with novel and powerful approaches to dissect the functions of arenavirus proteins and their interactions with host factors required to complete each of the steps of the virus life cycle, as well as to cause disease.",
   "publish_time": "2011-03-15",
   "authors": [
      "Emonet, Sebastien E.",
      "Urata, Shuzo",
      "de la Torre, Juan C."
   ],
   "journal": "Virology",
   "has_full_text": "True",
   "full_text_file": "custom_license",
   "id": "https://doi.org/10.1016/j.virol.2011.01.013",
   "pubtator": "PMC3057228",
   "fhir_link": [
      "PMC/Composition/07e78e218a159c35e9599e3751a99551a271597b"
   ]
}