{
   "sha": "0335ec532e70623de8373e63f5b22d40604ad206",
   "source_x": "Elsevier",
   "title": "Chapitre 44 Traitement des infections respiratoires basses et hautes",
   "doi": "10.1016/B978-2-294-75077-9.00044-X",
   "license": "els-covid",
   "publish_time": "2018-12-31",
   "authors": [
      "Demor\u00e9, B\u00e9atrice",
      "Charmillon, Alexandre"
   ],
   "journal": "Pharmacie Clinique et Th\u00e9rapeutique",
   "has_full_text": "True",
   "full_text_file": "custom_license",
   "id": "https://doi.org/10.1016/B978-2-294-75077-9.00044-X",
   "fhir_link": [
      "PMC/Composition/0335ec532e70623de8373e63f5b22d40604ad206"
   ]
}