{
   "sha": "b9a7147127a2c50c1d64f8e0236738301c534be0",
   "source_x": "PMC",
   "title": "IFITM3 Restricts Influenza A Virus Entry by Blocking the Formation of Fusion Pores following Virus-Endosome Hemifusion",
   "doi": "http://dx.doi.org/10.1371/journal.ppat.1004048",
   "pmcid": "PMC3974867",
   "pubmed_id": "24699674",
   "license": "CC BY",
   "abstract": "Interferon-induced transmembrane proteins (IFITMs) inhibit infection of diverse enveloped viruses, including the influenza A virus (IAV) which is thought to enter from late endosomes. Recent evidence suggests that IFITMs block virus hemifusion (lipid mixing in the absence of viral content release) by altering the properties of cell membranes. Consistent with this mechanism, excess cholesterol in late endosomes of IFITM-expressing cells has been reported to inhibit IAV entry. Here, we examined IAV restriction by IFITM3 protein using direct virus-cell fusion assay and single virus imaging in live cells. IFITM3 over-expression did not inhibit lipid mixing, but abrogated the release of viral content into the cytoplasm. Although late endosomes of IFITM3-expressing cells accumulated cholesterol, other interventions leading to aberrantly high levels of this lipid did not inhibit virus fusion. These results imply that excess cholesterol in late endosomes is not the mechanism by which IFITM3 inhibits the transition from hemifusion to full fusion. The IFITM3's ability to block fusion pore formation at a post-hemifusion stage shows that this protein stabilizes the cytoplasmic leaflet of endosomal membranes without adversely affecting the lumenal leaflet. We propose that IFITM3 interferes with pore formation either directly, through partitioning into the cytoplasmic leaflet of a hemifusion intermediate, or indirectly, by modulating the lipid/protein composition of this leaflet. Alternatively, IFITM3 may redirect IAV fusion to a non-productive pathway, perhaps by promoting fusion with intralumenal vesicles within multivesicular bodies/late endosomes.",
   "publish_time": "2014 Apr 3",
   "authors": [
      "['Desai, Tanay M.', 'Marin, Mariana', 'Chin, Christopher R.', 'Savidis, George', 'Brass, Abraham L.', 'Melikyan, Gregory B.']"
   ],
   "journal": "PLoS Pathog",
   "has_full_text": "False",
   "id": "b9a7147127a2c50c1d64f8e0236738301c534be0"
}