{
   "sha": "d4190432c724cc90504db6a90053c0a61057eb7c",
   "source_x": "PMC",
   "title": "Detection of the Influenza A(H1N1)pdm09 Virus Carrying the K-15E, P83S and Q293H Mutations in Patients Who Have Undergone Bone Marrow Transplant",
   "doi": "http://dx.doi.org/10.1371/journal.pone.0094822",
   "pmcid": "PMC3989246",
   "pubmed_id": "24740088",
   "license": "CC BY",
   "abstract": "The 2009 pandemic influenza A(H1N1)pdm09 virus emerged and caused considerable morbidity and mortality in the third world, especially in Brazil. Although circulating strains of A(H1N1)pdm09 are A/California/04/2009-like (CA-04-like) viruses, various studies have suggested that some mutations in the viral hemagglutinin (HA) may be associated with enhanced severity and fatality. This phenomenon is particularly challenging for immunocompromised individuals, such as those who have undergone bone marrow transplant (BMT), because they are more likely to display worse clinical outcomes to influenza infection than non-immunocompromised individuals. We studied the clinical and viral aspects of post-BMT patients with confirmed A(H1N1)pdm09 diagnosis in the largest cancer hospital in Brazil. We found a viral strain with K-15E, P83S and Q293H polymorphisms in the HA, which is presumably more virulent, in these individuals. Despite that, these patients showed only mild symptoms of infection. Our findings complement the discovery of mild cases of infection with the A(H1N1)pdm09 virus with the K-15E, P83S and Q293H mutations in Brazil and oppose other studies that have linked these changes with increased disease severity. These results could be important for a better comprehension of the impact of the pandemic influenza in the context of BMT.",
   "publish_time": "2014 Apr 16",
   "authors": [
      "['Mesquita, Milene', 'Resende, Paola', 'Marttorelli, Andressa', 'Machado, Viviane', 'Sacramento, Carolina Q.', 'Fintelman-Rodrigues, Natalia', 'Abrantes, Juliana L.', 'Tavares, Rita', 'Schirmer, Marcelo', 'Siqueira, Marilda M.', 'Souza, Thiago Moreno L.']"
   ],
   "journal": "PLoS One",
   "has_full_text": "True",
   "id": "d4190432c724cc90504db6a90053c0a61057eb7c",
   "fhir_link": "Commercial/d4190432c724cc90504db6a90053c0a61057eb7c"
}