{
   "sha": "840d3e4b80e8b97434e978b626630bbd4266fc18",
   "source_x": "Elsevier",
   "title": "Getting Buzzed on Innovative Leadership",
   "doi": "10.1016/j.aorn.2015.01.020",
   "pubmed_id": "25835005",
   "license": "els-covid",
   "publish_time": "2015-04-30",
   "authors": [
      "Baker, Joy Don"
   ],
   "journal": "AORN Journal",
   "has_full_text": "True",
   "full_text_file": "custom_license",
   "id": "https://doi.org/10.1016/j.aorn.2015.01.020",
   "fhir_link": [
      "PMC/Composition/840d3e4b80e8b97434e978b626630bbd4266fc18"
   ]
}