{
   "sha": "77c00f061173a53319283189f32268e24ea9e107",
   "source_x": "Elsevier",
   "title": "Aerosols and splatter in dentistry A brief review of the literature and infection control implications",
   "doi": "10.14219/jada.archive.2004.0207",
   "license": "els-covid",
   "abstract": "ABSTRACT Background Aerosols and droplets are produced during many dental procedures. With the advent of the droplet-spread disease severe acute respiratory syndrome, or SARS, a review of the infection control procedures for aerosols is warranted. Types of Studies Reviewed The authors reviewed representative medical and dental literature for studies and reports that documented the spread of disease through an airborne route. They also reviewed the dental literature for representative studies of contamination from various dental procedures and methods of reducing airborne contamination from those procedures. Results The airborne spread of measles, tuberculosis and SARS is well-documented in the medical literature. The dental literature shows that many dental procedures produce aerosols and droplets that are contaminated with bacteria and blood. These aerosols represent a potential route for disease transmission. The literature also documents that airborne contamination can be minimized easily and inexpensively by layering several infection control steps into the routine precautions used during all dental procedures. Clinical Implications In addition to the routine use of standard barriers such as masks and gloves, the universal use of pre-procedural rinses and high-volume evacuation is recommended.",
   "publish_time": "2004-04-30",
   "authors": [
      "HARREL, STEPHEN K.",
      "MOLINARI, JOHN"
   ],
   "journal": "The Journal of the American Dental Association",
   "has_full_text": "True",
   "full_text_file": "custom_license",
   "id": "https://doi.org/10.14219/jada.archive.2004.0207",
   "fhir_link": [
      "PMC/Composition/77c00f061173a53319283189f32268e24ea9e107"
   ]
}