{
   "sha": "ab8da309a4060c4f4a3774c3ec9e7ebdc5a3a74e",
   "source_x": "PMC",
   "title": "\u03b14-integrins control viral meningoencephalitis through differential recruitment of T helper cell subsets",
   "doi": "http://dx.doi.org/10.1186/2051-5960-2-27",
   "pmcid": "PMC4029267",
   "pubmed_id": "24606807",
   "license": "CC BY",
   "abstract": "INTRODUCTION: Natalizumab blocks \u03b14-integrins and is a prototypic agent for a series of anti-inflammatory drugs that impair trafficking of immune cells into the CNS. However, modulation of the access of immune cells to the CNS is associated with impaired immune surveillance and detrimental viral infections of the CNS. Here, we explored the potency of cellular immune responses within the CNS to protect against viral encephalitis in mice with T cell conditional disruption of VLA-4 integrin (\u03b14\u03b21) expression. RESULTS: While VLA-4 expression in virus specific Th1 cells is non-redundant for their ability to access the CNS, \u03b14-integrin deficient Th17 cells enter the CNS compartment and generate an inflammatory milieu upon intrathecal vaccinia virus (VV) infection. However, in contrast to Th1 cells that can adopt direct cytotoxic properties, Th17 cells fail to clear the virus due to insufficient Eomes induced perforin-1 expression. CONCLUSION: The quality of the intrathecal cellular antiviral response under conditions of impaired VLA-4 function jeopardizes host protection. Our functional in vivo data extend our mechanistic understanding of anti-viral immunity in the CNS and help to estimate the risk potential of upcoming therapeutic agents that target the trafficking of immune cells into distinct anatomical compartments.",
   "publish_time": "2014 Mar 7",
   "authors": [
      "['Rothhammer, Veit', 'Muschaweckh, Andreas', 'Gasteiger, Georg', 'Petermann, Franziska', 'Heink, Sylvia', 'Busch, Dirk H', 'Heikenw\u00e4lder, Mathias', 'Hemmer, Bernhard', 'Drexler, Ingo', 'Korn, Thomas']"
   ],
   "journal": "Acta Neuropathol Commun",
   "has_full_text": "True",
   "id": "ab8da309a4060c4f4a3774c3ec9e7ebdc5a3a74e",
   "fhir_link": "Commercial/Composition/ab8da309a4060c4f4a3774c3ec9e7ebdc5a3a74e"
}