{
   "sha": "c79d2ac4cb00d29c92dea1fcbcb0e9ad352c668f",
   "source_x": "Elsevier",
   "title": "Combination of multiplex reverse-transcription loop-mediated isothermal amplification with an immunochromatographic strip for subtyping influenza A virus",
   "doi": "10.1016/j.aca.2014.10.020",
   "pubmed_id": "25467501",
   "license": "els-covid",
   "abstract": "Abstract Considering the fatal human victims and economic loss by the annual epidemic influenza virus, the development of a rapid and convenient genetic analysis methodology is demanding for timely on-site pathogen detection. In this study, we utilized reverse-transcription loop-mediated isothermal amplification (RT-LAMP) for multiplex target gene amplification, and the resultant amplicons were analyzed on the immunochromatographic strip (ICS) for subtyping influenza A virus. Through the optimized primer design, reaction temperature and time, and concentration of enzymes (Bst DNA polymerase and AMV reverse transcriptase) and dNTP, the HA (H1, H3, and H5 gene) and conserved M gene were amplified. The ICS contains two test lines in addition to a control line in order to detect the presence of the HA and M gene, thereby informing us of influenza virus A type as well as its subtype (H1N1, H3N2, and H5N1). The combination of the multiplex RT-LAMP with the ICS could be complete in 40min and the pathotyping and subtyping of influenza A virus were performed even with 10 copies of viral RNA templates. Moreover, the subtyping of clinical samples, which were obtained from patients infected by influenza A virus was successfully confirmed using the multiplex RT-LAMP and ICS techniques, showing great feasibility of our methodology for real sample analysis with high speed, simplicity and sensitivity.",
   "publish_time": "2015-01-01",
   "authors": [
      "Jung, Jae Hwan",
      "Oh, Seung Jun",
      "Kim, Yong Tae",
      "Kim, So Yeon",
      "Kim, Won-Jung",
      "Jung, Jaean",
      "Seo, Tae Seok"
   ],
   "journal": "Analytica Chimica Acta",
   "has_full_text": "True",
   "full_text_file": "custom_license",
   "id": "https://doi.org/10.1016/j.aca.2014.10.020",
   "fhir_link": [
      "PMC/Composition/c79d2ac4cb00d29c92dea1fcbcb0e9ad352c668f"
   ]
}