{
   "sha": "94c31275838b6ba8d2e8fc5b7e7504f573567695",
   "source_x": "Elsevier",
   "title": "Characterization of BIV Env core: Implication for mechanism of BIV-mediated cell fusion",
   "doi": "10.1016/j.bbrc.2005.01.160",
   "pubmed_id": "15737628",
   "license": "els-covid",
   "abstract": "Abstract Entry of lentiviruses, such as human immunodeficiency virus type 1 (HIV-1) and simian immunodeficiency virus (SIV), requires folding of two heptad repeat regions (HR1 and HR2) of gp41 into a trimer-of-hairpins, which subsequently brings virus and cell membrane into fusion. This motif is a generalized feature of viral fusion proteins and has been exploited in generating antiviral fusion agents. In the present paper, we report structural characters of Env protein from another lentivirus, bovine immunodeficiency virus (BIV), which contributes to a good animal model of HIV. BIV HR1 and HR2 regions are predicted by two different programs and expressed separately or conjointly in Escherichia coli. Biochemical and biophysical analyses show that the predicted HRs of BIV Env can form a stable trimer-of-hairpins or six-helix bundle just like that formed by feline immunodeficiency virus Env. Cell fusion assay demonstrates that the HR2 peptide of BIV can efficiently inhibit the virus-mediated cell fusion.",
   "publish_time": "2005-04-08",
   "authors": [
      "Li, Shu",
      "Zhu, Jieqing",
      "Peng, Yu",
      "Cui, Shanshan",
      "Wang, Chunping",
      "Gao, George F.",
      "Tien, Po"
   ],
   "journal": "Biochemical and Biophysical Research Communications",
   "has_full_text": "True",
   "full_text_file": "custom_license",
   "id": "https://doi.org/10.1016/j.bbrc.2005.01.160",
   "fhir_link": [
      "PMC/Composition/94c31275838b6ba8d2e8fc5b7e7504f573567695"
   ]
}