{
   "sha": "482ceb8b002b0c3f8ec6f26fc0093dd90cec2b0c",
   "source_x": "PMC",
   "title": "Bioassay Directed Isolation and Biological Evaluation of Compounds Isolated from Rubus fairholmianus Gard.",
   "doi": "http://dx.doi.org/10.1155/2014/204340",
   "pmcid": "PMC4165380",
   "pubmed_id": "25254204",
   "license": "CC BY",
   "abstract": "The in vitro and in silico analysis of Rubus fairholmianus acetone extract for antioxidant, antiproliferative, and anti-inflammatory activity led to the isolation of six compounds. Amongst all the six isolated compounds tested, 1-(2-hydroxyphenyl)-4-methylpentan-1-one (compound 1) and 2-[(3-methylbutoxy) carbonyl] benzoic acid (compound 2) were found to be more active in inhibiting BRCA and COX target proteins, which also showed the better results for DPPH and ABTS radical scavenging assays. The promising results of this investigation emphasize the importance of using R. fairholmianus in the treatment of radical generated disorders mainly cancer and other inflammatory diseases.",
   "publish_time": "2014 Sep 1",
   "authors": [
      "['Plackal George, Blassan', 'Thangaraj, Parimelazhagan', 'Sulaiman, Cheruthazhakkatt', 'Piramanayagam, Shanmughavel', 'Ramaswamy, Sathish Kumar']"
   ],
   "journal": "Biomed Res Int",
   "has_full_text": "True",
   "id": "482ceb8b002b0c3f8ec6f26fc0093dd90cec2b0c",
   "fhir_link": "Commercial/Composition/482ceb8b002b0c3f8ec6f26fc0093dd90cec2b0c"
}