{
   "sha": "2a2a3087f3f753cbfdab460a0a31c0ac64b0cc52",
   "source_x": "PMC",
   "title": "Not all cows are epidemiologically equal: quantifying the risks of bovine viral diarrhoea virus (BVDV) transmission through cattle movements",
   "doi": "http://dx.doi.org/10.1186/s13567-014-0110-y",
   "pmcid": "PMC4206702",
   "pubmed_id": "25323831",
   "license": "CC BY",
   "abstract": "Many economically important cattle diseases spread between herds through livestock movements. Traditionally, most transmission models have assumed that all purchased cattle carry the same risk of generating outbreaks in the destination herd. Using data on bovine viral diarrhoea virus (BVDV) in Scotland as a case example, this study provides empirical and theoretical evidence that the risk of disease transmission varies substantially based on the animal and herd demographic characteristics at the time of purchase. Multivariable logistic regression analysis revealed that purchasing pregnant heifers and open cows sold with a calf at foot were associated with an increased risk of beef herds being seropositive for BVDV. Based on the results from a dynamic within-herd simulation model, these findings may be partly explained by the age-related probability of animals being persistently infected with BVDV as well as the herd demographic structure at the time of animal introductions. There was also evidence that an epidemiologically important network statistic, \u201cbetweenness centrality\u201d (a measure frequently associated with the potential for herds to acquire and transmit disease), was significantly higher for herds that supplied these particular types of replacement beef cattle. The trends for dairy herds were not as clear, although there was some evidence that open heifers and open lactating cows were associated with an increased risk of BVDV. Overall, these findings have important implications for developing simulation models that more accurately reflect the industry-level transmission dynamics of infectious cattle diseases.",
   "publish_time": "2014 Oct 17",
   "authors": [
      "['Gates, M Carolyn', 'Humphry, Roger W', 'Gunn, George J', 'Woolhouse, Mark E J']"
   ],
   "journal": "Vet Res",
   "has_full_text": "True",
   "id": "2a2a3087f3f753cbfdab460a0a31c0ac64b0cc52",
   "fhir_link": "Commercial/Composition/2a2a3087f3f753cbfdab460a0a31c0ac64b0cc52.json"
}