{
   "sha": "7efffb907dcb780f0ec8c2d1574117193c6aa75e",
   "source_x": "Elsevier",
   "title": "Applications of Luminex\u00ae xMAP\u2122 technology for rapid, high-throughput multiplexed nucleic acid detection",
   "doi": "10.1016/j.cccn.2005.06.023",
   "pubmed_id": "16102740",
   "license": "els-covid",
   "abstract": "Abstract Background As we enter the post-genome sequencing era and begin to sift through the enormous amount of genetic information now available, the need for technologies that allow rapid, cost-effective, high-throughput detection of specific nucleic acid sequences becomes apparent. Multiplexing technologies, which allow for simultaneous detection of multiple nucleic acid sequences in a single reaction, can greatly reduce the time, cost and labor associated with single reaction detection technologies. Methods The Luminex\u00ae xMAP\u2122 system is a multiplexed microsphere-based suspension array platform capable of analyzing and reporting up to 100 different reactions in a single reaction vessel. This technology provides a new platform for high-throughput nucleic acid detection and is being utilized with increasing frequency. Here we review specific applications of xMAP technology for nucleic acid detection in the areas of single nucleotide polymorphism (SNP) genotyping, genetic disease screening, gene expression profiling, HLA DNA typing and microbial detection. Conclusions These studies demonstrate the speed, efficiency and utility of xMAP technology for simultaneous, rapid, sensitive and specific nucleic acid detection, and its capability to meet the current and future requirements of the molecular laboratory for high-throughput nucleic acid detection.",
   "publish_time": "2006-01-31",
   "authors": [
      "Dunbar, Sherry A."
   ],
   "journal": "Clinica Chimica Acta",
   "has_full_text": "True",
   "full_text_file": "custom_license",
   "id": "https://doi.org/10.1016/j.cccn.2005.06.023",
   "fhir_link": [
      "PMC/Composition/7efffb907dcb780f0ec8c2d1574117193c6aa75e"
   ]
}