{
   "sha": "77f34000cd69ab822903562a0004012eeebe7605",
   "source_x": "PMC",
   "title": "Angiotensin-converting enzyme 2 (ACE2) mediates influenza H7N9 virus-induced acute lung injury",
   "doi": "http://dx.doi.org/10.1038/srep07027",
   "pmcid": "PMC4229671",
   "pubmed_id": "25391767",
   "license": "CC BY",
   "abstract": "Since March 2013, the emergence of an avian-origin influenza A (H7N9) virus has raised concern in China. Although most infections resulted in respiratory illness, some severe cases resulted in acute respiratory distress syndrome (ARDS), which is a severe form of acute lung injury (ALI) that further contributes to morbidity. To date, no effective drugs that improve the clinical outcome of influenza A (H7N9) virus-infected patients have been identified. Angiotensin-converting enzyme (ACE) and ACE2 are involved in several pathologies such as cardiovascular functions, renal disease, and acute lung injury. In the current study, we report that ACE2 could mediate the severe acute lung injury induced by influenza A (H7N9) virus infection in an experimental mouse model. Moreover, ACE2 deficiency worsened the disease pathogenesis markedly, mainly by targeting the angiotensin II type 1 receptor (AT1). The current findings demonstrate that ACE2 plays a critical role in influenza A (H7N9) virus-induced acute lung injury, and suggest that might be a useful potential therapeutic target for future influenza A (H7N9) outbreaks.",
   "publish_time": "2014 Nov 13",
   "authors": [
      "['Yang, Penghui', 'Gu, Hongjing', 'Zhao, Zhongpeng', 'Wang, Wei', 'Cao, Bin', 'Lai, Chengcai', 'Yang, Xiaolan', 'Zhang, LiangYan', 'Duan, Yueqiang', 'Zhang, Shaogeng', 'Chen, Weiwen', 'Zhen, Wenbo', 'Cai, Maosheng', 'Penninger, Josef M.', 'Jiang, Chengyu', 'Wang, Xiliang']"
   ],
   "journal": "Sci Rep",
   "has_full_text": "True",
   "id": "77f34000cd69ab822903562a0004012eeebe7605",
   "fhir_link": "Commercial/Composition/77f34000cd69ab822903562a0004012eeebe7605.json"
}