{
   "sha": "9127740196cb4abcd32f1c4947ca9b1766738ae5",
   "source_x": "Elsevier",
   "title": "Viral Community-Acquired Pneumonia If We Do Not Diagnose It and Do Not Treat It, Can It Still Hurt Us?",
   "doi": "10.1378/chest.10-0820",
   "pubmed_id": "20923793",
   "license": "els-covid",
   "publish_time": "2010-10-31",
   "authors": [
      "Niederman, Michael S."
   ],
   "journal": "Chest",
   "has_full_text": "True",
   "full_text_file": "custom_license",
   "id": "https://doi.org/10.1378/chest.10-0820",
   "fhir_link": [
      "PMC/Composition/9127740196cb4abcd32f1c4947ca9b1766738ae5"
   ]
}