{
   "sha": "f9d6e5fb4fae744453c7fab76bd30e4cc6b1e1e0",
   "source_x": "Elsevier",
   "title": "SARS, Pneumothorax, and Our Response to Epidemics",
   "doi": "10.1378/chest.125.6.1982",
   "pubmed_id": "15189911",
   "license": "els-covid",
   "publish_time": "2004-06-30",
   "authors": [
      "Filice, Gregory A."
   ],
   "journal": "Chest",
   "has_full_text": "True",
   "full_text_file": "custom_license",
   "id": "https://doi.org/10.1378/chest.125.6.1982",
   "fhir_link": [
      "PMC/Composition/f9d6e5fb4fae744453c7fab76bd30e4cc6b1e1e0"
   ]
}