{
   "sha": "74ae0a295f3618631d0646dc0e127d8d2905c17f",
   "source_x": "Elsevier",
   "title": "Identification of a novel protein 3a from severe acute respiratory syndrome coronavirus",
   "doi": "10.1016/j.febslet.2004.03.086",
   "license": "els-covid",
   "abstract": "Abstract The open reading frame 3 of the severe acute respiratory syndrome coronavirus (SARS-CoV) genome encodes a predicted protein 3a, consisting of 274 amino acids, that lacks any significant similarities to any known protein. We generated specific antibodies against SARS protein 3a by using a synthetic peptide (P2) corresponding to amino acids 261\u2013274 of the putative protein. Anti-P2 antibodies and the sera from SARS patients could specifically detect the recombinant SARS protein 3a expressed in Escherichia coli and in Vero E6 cells. Expression of SARS protein 3a was detected at 8\u201312 h after infection and reached a higher level after \u223c24 h in SARS-CoV-infected Vero E6 cells. Protein 3a was also detected in the alveolar lining pneumocytes and some intra-alveolar cells of a SARS-CoV-infected patient's lung specimen. Recombinant protein 3a expressed in Vero E6 cells and protein 3a in the SARS-CoV-infected cells was distributed over the cytoplasm in a fine punctate pattern with partly concentrated staining in the Golgi apparatus. Our study demonstrates that SARS-CoV indeed expresses a novel protein 3a, which is present only in SARS-CoV and not in other known CoVs.",
   "publish_time": "2004-05-07",
   "authors": [
      "Yu, Chia-Jung",
      "Chen, Yee-Chun",
      "Hsiao, Cheng-Hsiang",
      "Kuo, Tse-Chun",
      "Chang, Shin C.",
      "Lu, Chun-Yi",
      "Wei, Wen-Chin",
      "Lee, Chia-Huei",
      "Huang, Li-Min",
      "Chang, Ming-Fu",
      "Ho, Hong-Nerng",
      "Lee, Fang-Jen S."
   ],
   "journal": "FEBS Letters",
   "has_full_text": "True",
   "full_text_file": "custom_license",
   "id": "https://doi.org/10.1016/j.febslet.2004.03.086",
   "fhir_link": [
      "PMC/Composition/74ae0a295f3618631d0646dc0e127d8d2905c17f"
   ]
}