{
   "sha": "758d365d79d74aee483623c5abeab0c682bf1ad3",
   "source_x": "PMC",
   "title": "CEACAM1 induces B-cell survival and is essential for protective antiviral antibody production",
   "doi": "http://dx.doi.org/10.1038/ncomms7217",
   "pmcid": "PMC4346637",
   "pubmed_id": "25692415",
   "license": "CC BY",
   "abstract": "B cells are essential for antiviral immune defence because they produce neutralizing antibodies, present antigen and maintain the lymphoid architecture. Here we show that intrinsic signalling of CEACAM1 is essential for generating efficient B-cell responses. Although CEACAM1 exerts limited influence on the proliferation of B cells, expression of CEACAM1 induces survival of proliferating B cells via the BTK/Syk/NF-\u03baB-axis. The absence of this signalling cascade in naive Ceacam1(\u2212/\u2212) mice limits the survival of B cells. During systemic infection with cytopathic vesicular stomatitis virus, Ceacam1(\u2212/\u2212) mice can barely induce neutralizing antibody responses and die early after infection. We find, therefore, that CEACAM1 is a crucial regulator of B-cell survival, influencing B-cell numbers and protective antiviral antibody responses.",
   "publish_time": "2015 Feb 18",
   "authors": [
      "['Khairnar, Vishal', 'Duhan, Vikas', 'Maney, Sathish Kumar', 'Honke, Nadine', 'Shaabani, Namir', 'Pandyra, Aleksandra A.', 'Seifert, Marc', 'Pozdeev, Vitaly', 'Xu, Haifeng C.', 'Sharma, Piyush', 'Baldin, Fabian', 'Marquardsen, Florian', 'Merches, Katja', 'Lang, Elisabeth', 'Kirschning, Carsten', 'Westendorf, Astrid M.', 'H\u00e4ussinger, Dieter', 'Lang, Florian', 'Dittmer, Ulf', 'K\u00fcppers, Ralf', 'Recher, Mike', 'Hardt, Cornelia', 'Scheffrahn, Inka', 'Beauchemin, Nicole', 'G\u00f6thert, Joachim R.', 'Singer, Bernhard B.', 'Lang, Philipp A.', 'Lang, Karl S.']"
   ],
   "journal": "Nat Commun",
   "has_full_text": "True",
   "id": "758d365d79d74aee483623c5abeab0c682bf1ad3",
   "fhir_link": "Commercial/Composition/758d365d79d74aee483623c5abeab0c682bf1ad3"
}