{
   "sha": "97d1af515c43a768c3b46d22e69a2bcddd764ceb",
   "source_x": "PMC",
   "title": "The Porcine MicroRNA Transcriptome Response to Transmissible Gastroenteritis Virus Infection",
   "doi": "http://dx.doi.org/10.1371/journal.pone.0120377",
   "pmcid": "PMC4363316",
   "pubmed_id": "25781021",
   "license": "CC BY",
   "abstract": "Transmissible gastroenteritis virus (TGEV; Coronaviridae family) causes huge economic losses to the swine industry. MicroRNAs (miRNAs) play a regulatory role in viral infection and may be involved in the mammalian immune response. Here, we report a comprehensive analysis of host miRNA expression in TGEV-infected swine testis (ST) cells. Deep sequencing generated 3,704,353 and 2,763,665 reads from uninfected ST cells and infected ST cells, respectively. The reads were aligned to known Sus scrofa pre-miRNAs in miRBase 19, identifying 284 annotated miRNAs. Certain miRNAs were differentially regulated during TGEV infection. 59 unique miRNAs displayed significant differentially expression between the normal and TGEV-infected ST cell samples: 15 miRNAs were significantly up-regulated and 44 were significantly down-regulated. Stem-loop RT-PCR was carried out to determine the expression levels of specific miRNAs in the two samples, and the results were consistent with those of sequencing. Gene ontology enrichment analysis of host target genes demonstrated that the differentially expressed miRNAs are involved in regulatory networks, including cellular process, metabolic process, immune system process. This is the first report of the identification of ST cell miRNAs and the comprehensive analysis of the miRNA regulatory mechanism during TGEV infection, which revealed the miRNA molecular regulatory mechanisms for the viral infection, expression of viral genes and the expression of immune-related genes. The results presented here will aid research on the prevention and treatment of viral diseases.",
   "publish_time": "2015 Mar 17",
   "authors": [
      "['Liu, Xiao', 'Zhu, Ling', 'Liao, Shan', 'Xu, Zhiwen', 'Zhou, Yuancheng']"
   ],
   "journal": "PLoS One",
   "has_full_text": "False",
   "id": "97d1af515c43a768c3b46d22e69a2bcddd764ceb"
}