{
   "sha": "18e4419762c2aa263e4b3695666d1dd945fb61bf",
   "source_x": "Elsevier",
   "title": "Pathogenesis of Aujeszky's disease virus infection in swine tracheal organ culture",
   "doi": "10.1016/S0021-9975(08)80113-2",
   "pubmed_id": "1663139",
   "license": "els-covid",
   "abstract": "Summary Two different strains of Aujeszky's disease virus (ADV) were inoculated into swine tracheal organ culture. Both viruses replicated in and destroyed the tracheal epithelium and epithelial cells. ADV antigen was first localized in ciliated epithelial cells by fluorescent antibody and immunoperoxidase examinations. Corresponding to the distribution of ADV antigen, many ADV particles were observed in ciliated epithelial cells. Results demonstrated that the tracheal epithelium infected with ADV is reduced in its ciliary activity.",
   "publish_time": "1991-11-30",
   "authors": [
      "Narita, M.",
      "Imada, T.",
      "Kobayashi, M."
   ],
   "journal": "Journal of Comparative Pathology",
   "has_full_text": "True",
   "full_text_file": "custom_license",
   "id": "https://doi.org/10.1016/S0021-9975(08)80113-2",
   "fhir_link": [
      "PMC/Composition/18e4419762c2aa263e4b3695666d1dd945fb61bf"
   ]
}