{
   "sha": "4f462b846636ba6022852c5f97982f6e27e15d2f",
   "source_x": "Elsevier",
   "title": "Koch's Postulates and the Pathogenesis of Comparative Infectious Disease Causation Associated with Bartonella species",
   "doi": "10.1016/j.jcpa.2012.12.003",
   "pubmed_id": "23453733",
   "license": "els-covid",
   "abstract": "Summary In his homage to Lucretius (\u2018Georgica\u2019), Vergil is credited with stating: \u2018Felix qui potuit rerum cognoscere causas\u2019 (\u2018Fortunate is he who knows the causes of things\u2019). Based on numerous commentaries and publications it is obvious that clinicians, diagnosticians and biomedical research scientists continue to struggle with disease causation, particularly in the assessment of the pathogenic role of \u2018stealth pathogens\u2019 that produce persistent infections in the host. Bartonella species, because of their evolutionary ability to induce persistent intravascular infections, present substantial challenges for researchers attempting to clarify the ability of these stealth bacteria to cause disease. By studying the comparative biological and pathological behaviour of microbes across mammalian genera, researchers might be able more rapidly to advance medical science and, subsequently, patient care by undertaking focused research efforts involving a single mammalian species or by attempting to recapitulate a complex disease in an rodent model. Therefore, in an effort to further assist in the establishment of disease causation by stealth pathogens, we use recent research observations involving the genus Bartonella to propose an additional postulate of comparative infectious disease causation to Koch's postulates.",
   "publish_time": "2013-04-30",
   "authors": [
      "Breitschwerdt, E.B.",
      "Linder, K.L.",
      "Day, M.J.",
      "Maggi, R.G.",
      "Chomel, B.B.",
      "Kempf, V.A.J."
   ],
   "journal": "Journal of Comparative Pathology",
   "has_full_text": "True",
   "full_text_file": "custom_license",
   "id": "https://doi.org/10.1016/j.jcpa.2012.12.003",
   "fhir_link": [
      "PMC/Composition/4f462b846636ba6022852c5f97982f6e27e15d2f"
   ]
}