{
   "sha": "a93c74bb95bce91a99f39cb01bbe5b5935f4bbd7",
   "source_x": "Elsevier",
   "title": "The Pathology and Pathogenesis of Experimental Severe Acute Respiratory Syndrome and Influenza in Animal Models",
   "doi": "10.1016/j.jcpa.2014.01.004",
   "pubmed_id": "24581932",
   "license": "els-covid",
   "abstract": "Summary Respiratory viruses that emerge in the human population may cause high morbidity and mortality, as well as concern about pandemic spread. Examples are severe acute respiratory syndrome coronavirus (SARS-CoV) and novel variants of influenza A virus, such as H5N1 and pandemic H1N1. Different animal models are used to develop therapeutic and preventive measures against such viruses, but it is not clear which are most suitable. Therefore, this review compares animal models of SARS and influenza, with an emphasis on non-human primates, ferrets and cats. Firstly, the pathology and pathogenesis of SARS and influenza are compared. Both diseases are similar in that they affect mainly the respiratory tract and cause inflammation and necrosis centred on the pulmonary alveoli and bronchioles. Important differences are the presence of multinucleated giant cells and intra-alveolar fibrosis in SARS and more fulminant necrotizing and haemorrhagic pneumonia in H5N1 influenza. Secondly, the pathology and pathogenesis of SARS and influenza in man and experimental animals are compared. Host species, host age, route of inoculation, location of sampling and timing of sampling are important to design an animal model that most closely mimics human disease. The design of appropriate animal models requires an accurate pathological description of human cases, as well as a good understanding of the effect of experimental variables on disease outcome.",
   "publish_time": "2014-07-31",
   "authors": [
      "van den Brand, J.M.A.",
      "Haagmans, B.L.",
      "van Riel, D.",
      "Osterhaus, A.D.M.E.",
      "Kuiken, T."
   ],
   "journal": "Journal of Comparative Pathology",
   "has_full_text": "True",
   "full_text_file": "custom_license",
   "id": "https://doi.org/10.1016/j.jcpa.2014.01.004",
   "fhir_link": [
      "PMC/Composition/a93c74bb95bce91a99f39cb01bbe5b5935f4bbd7"
   ]
}