{
   "sha": "7a56bbe48ac55b02cc7f091e52615234011fc842",
   "source_x": "Elsevier",
   "title": "Effect of multiple intravenous injections of butaphosphan and cyanocobalamin on the metabolism of periparturient dairy cows 1",
   "doi": "10.3168/jds.2009-2914",
   "pubmed_id": "20723690",
   "license": "els-covid",
   "abstract": "Abstract Numerous adjunct therapeutic agents have been investigated for the treatment or control of fat mobilization syndrome in periparturient dairy cows. The aim of this study was to determine the effects of multiple i.v. injections of 10% butaphosphan and 0.005% cyanocobalamin combination (Catosal, Bayer Animal Health, Leverkusen, Germany) between 1 and 2 wk antepartum (a.p.) on the metabolism and health of dairy cows. Forty-five late-gestation Holstein-Friesian cows (second pregnancy) were allocated randomly to 1 of 3 groups with 15 cows/group: group C6 (6 daily i.v. injections of butaphosphan at 10mg/kg of body weight (BW) and cyanocobalamin at 5\u03bcg/kg of BW in the last 2 wk of gestation); group C3 (3 daily i.v. injections of butaphosphan at 10mg/kg of BW and cyanocobalamin at 5\u03bcg/kg of BW in the last week of gestation); and group C0 (equivolume daily i.v. injections of 0.9% NaCl solution). Serum biochemical analysis was performed on jugular venous blood samples that were periodically obtained a.p. and postpartum (p.p.). Health status and milk production were monitored p.p. Serum cyanocobalamin concentration increased in groups C6 and C3 p.p. Multiple daily i.v. injections of Catosal before parturition increased p.p. glucose availability, as evaluated by p.p. serum glucose concentration, and decreased peripheral fat mobilization and ketone body formation, as evaluated by p.p. serum nonesterified fatty acid and \u03b2-OH butyrate concentrations. The number of puerperal infections in the first 5 d after calving was decreased in group C6, relative to group C0. We conclude that multiple injections of Catosal during the close-up period have a beneficial effect on the metabolism of periparturient dairy cows. Our results are consistent with the hypothesis that high-producing dairy cows in early lactation may have a relative or actual deficiency of cyanocobalamin.",
   "publish_time": "2010-09-30",
   "authors": [
      "F\u00fcrll, M.",
      "Deniz, A.",
      "Westphal, B.",
      "Illing, C.",
      "Constable, P.D."
   ],
   "journal": "Journal of Dairy Science",
   "has_full_text": "True",
   "full_text_file": "custom_license",
   "id": "https://doi.org/10.3168/jds.2009-2914",
   "fhir_link": [
      "PMC/Composition/7a56bbe48ac55b02cc7f091e52615234011fc842"
   ]
}