{
   "sha": "07420d39191900a262a4c5afff61e0ef80eac575",
   "source_x": "PMC",
   "title": "Regulatory Role of Small Nucleolar RNAs in Human Diseases",
   "doi": "http://dx.doi.org/10.1155/2015/206849",
   "pmcid": "PMC4427830",
   "pubmed_id": "26060813",
   "license": "CC BY",
   "abstract": "Small nucleolar RNAs (snoRNAs) are appreciable players in gene expression regulation in human cells. The canonical function of box C/D and box H/ACA snoRNAs is posttranscriptional modification of ribosomal RNAs (rRNAs), namely, 2\u2032-O-methylation and pseudouridylation, respectively. A series of independent studies demonstrated that snoRNAs, as well as other noncoding RNAs, serve as the source of various short regulatory RNAs. Some snoRNAs and their fragments can also participate in the regulation of alternative splicing and posttranscriptional modification of mRNA. Alterations in snoRNA expression in human cells can affect numerous vital cellular processes. SnoRNA level in human cells, blood serum, and plasma presents a promising target for diagnostics and treatment of human pathologies. Here we discuss the relation between snoRNAs and oncological, neurodegenerative, and viral diseases and also describe changes in snoRNA level in response to artificial stress and some drugs.",
   "publish_time": "2015 Apr 28",
   "authors": [
      "['Stepanov, Grigory A.', 'Filippova, Julia A.', 'Komissarov, Andrey B.', 'Kuligina, Elena V.', 'Richter, Vladimir A.', 'Semenov, Dmitry V.']"
   ],
   "journal": "Biomed Res Int",
   "has_full_text": "True",
   "id": "07420d39191900a262a4c5afff61e0ef80eac575",
   "fhir_link": "Commercial/Composition/07420d39191900a262a4c5afff61e0ef80eac575.json"
}