{
   "sha": "dce282b1db646a3374f7ee146629d58ab90a95ad",
   "source_x": "Elsevier",
   "title": "Manure and Microbes: Public and Animal Health Problem?",
   "doi": "10.3168/jds.S0022-0302(97)76227-1",
   "pubmed_id": "9361239",
   "license": "els-covid",
   "abstract": "Abstract Most environmental concerns about waste management either have focused on the effects of nutrients, especially N and P, on water quality or have emphasized odor problems and air quality. Microbes from manure are often low on the priority list for control and remediation, despite the fact that several out-breaks of gastroenteritis have been traced to livestock operations. The pathogens discussed in this paper include protozoans (Cryptosporidium parvum, Giardia spp.), bacteria (Listeria monocytogenes, Escherichia coli O157:H7, Salmonella spp., and Mycobacterium paratuberculosis), and some enteric viruses. Clinical symptoms, prospects for zoonotic infection, and control methods other than the use of antimicrobials are considered. Recommendations to avoid disease transmission include taking steps to ensure the provision of clean, unstressful environments to reduce disease susceptibility and the careful handling and spreading of manure from animals at high risk for infection, especially young calves. Composting and drying of manure decrease the number of viable pathogens. Environmental controls, such as filter strips, also reduce the risk of water contamination.",
   "publish_time": "1997-10-31",
   "authors": [
      "Pell, Alice N."
   ],
   "journal": "Journal of Dairy Science",
   "has_full_text": "True",
   "full_text_file": "custom_license",
   "id": "https://doi.org/10.3168/jds.S0022-0302(97)76227-1",
   "fhir_link": [
      "PMC/Composition/dce282b1db646a3374f7ee146629d58ab90a95ad"
   ]
}