{
   "sha": "4ebd433402347026455ef1cf7863b31305a85fb4",
   "source_x": "Elsevier",
   "title": "Global stability for an HIV-1 infection model including an eclipse stage of infected cells",
   "doi": "10.1016/j.jmaa.2011.07.006",
   "license": "els-covid",
   "abstract": "Abstract We consider the mathematical model for the viral dynamics of HIV-1 introduced in Rong et al. (2007) [37]. One main feature of this model is that an eclipse stage for the infected cells is included and cells in this stage may revert to the uninfected class. The viral dynamics is described by four nonlinear ordinary differential equations. In Rong et al. (2007) [37], the stability of the infected equilibrium has been analyzed locally. Here, we perform the global stability analysis using two techniques, the Lyapunov direct method and the geometric approach to stability, based on the higher-order generalization of Bendixson\u02bcs criterion. We obtain sufficient conditions written in terms of the system parameters. Numerical simulations are also provided to give a more complete representation of the system dynamics.",
   "publish_time": "2012-01-15",
   "authors": [
      "Buonomo, Bruno",
      "Vargas-De-Le\u00f3n, Cruz"
   ],
   "journal": "Journal of Mathematical Analysis and Applications",
   "has_full_text": "True",
   "full_text_file": "custom_license",
   "id": "https://doi.org/10.1016/j.jmaa.2011.07.006",
   "fhir_link": [
      "PMC/Composition/4ebd433402347026455ef1cf7863b31305a85fb4"
   ]
}