{
   "source_x": "Elsevier",
   "title": "5419907 Pathogenic porcine respiratory coronavirus Paul Prem S; Vaughn Eric M; Halbur Patrick G Ames, IA, United States Assigned to Iowa State University Research Foundation Inc",
   "doi": "10.1016/0147-9571(96)86845-7",
   "license": "els-covid",
   "publish_time": "1996-02-29",
   "journal": "Comparative Immunology, Microbiology and Infectious Diseases",
   "has_full_text": "False",
   "full_text_file": "custom_license",
   "id": "https://doi.org/10.1016/0147-9571(96)86845-7"
}