{
   "sha": "2405180506967da1f4007e49ad653c3c356a823a",
   "source_x": "PMC",
   "title": "LeishVet update and recommendations on feline leishmaniosis",
   "doi": "http://dx.doi.org/10.1186/s13071-015-0909-z",
   "pmcid": "PMC4462189",
   "pubmed_id": "26041555",
   "license": "CC BY",
   "abstract": "Limited data is available on feline leishmaniosis (FeL) caused by Leishmania infantum worldwide. The LeishVet group presents in this report a review of the current knowledge on FeL, the epidemiological role of the cat in L. infantum infection, clinical manifestations, and recommendations on diagnosis, treatment and monitoring, prognosis and prevention of infection, in order to standardize the management of this disease in cats. The consensus of opinions and recommendations was formulated by combining a comprehensive review of evidence-based studies and case reports, clinical experience and critical consensus discussions. While subclinical feline infections are common in areas endemic for canine leishmaniosis, clinical illness due to L. infantum in cats is rare. The prevalence rates of feline infection with L. infantum in serological or molecular-based surveys range from 0\u00a0% to more than 60\u00a0%. Cats are able to infect sand flies and, therefore, they may act as a secondary reservoir, with dogs being the primary natural reservoir. The most common clinical signs and clinicopathological abnormalities compatible with FeL include lymph node enlargement and skin lesions such as ulcerative, exfoliative, crusting or nodular dermatitis (mainly on the head or distal limbs), ocular lesions (mainly uveitis), feline chronic gingivostomatitis syndrome, mucocutaneous ulcerative or nodular lesions, hypergammaglobulinaemia and mild normocytic normochromic anaemia. Clinical illness is frequently associated with impaired immunocompetence, as in case of retroviral coinfections or immunosuppressive therapy. Diagnosis is based on serology, polymerase chain reaction (PCR), cytology, histology, immunohistochemistry (IHC) or culture. If serological testing is negative or low positive in a cat with clinical signs compatible with FeL, the diagnosis of leishmaniosis should not be excluded and additional diagnostic methods (cytology, histology with IHC, PCR, culture) should be employed. The most common treatment used is allopurinol. Meglumine antimoniate has been administered in very few reported cases. Both drugs are administered alone and most cats recover clinically after therapy. Follow-up of treated cats with routine laboratory tests, serology and PCR is essential for prevention of clinical relapses. Specific preventative measures for this infection in cats are currently not available.",
   "publish_time": "2015 Jun 4",
   "authors": [
      "['Pennisi, Maria-Grazia', 'Cardoso, Lu\u00eds', 'Baneth, Gad', 'Bourdeau, Patrick', 'Koutinas, Alek', 'Mir\u00f3, Guadalupe', 'Oliva, Gaetano', 'Solano-Gallego, Laia']"
   ],
   "journal": "Parasit Vectors",
   "has_full_text": "True",
   "id": "2405180506967da1f4007e49ad653c3c356a823a",
   "fhir_link": "Commercial/2405180506967da1f4007e49ad653c3c356a823a"
}