{
   "sha": "9450e90f9c678f1eb0ce33caac814ebc1b2e97e7",
   "source_x": "PMC",
   "title": "The Emerging Roles of Viroporins in ER Stress Response and Autophagy Induction during Virus Infection",
   "doi": "http://dx.doi.org/10.3390/v7062749",
   "pmcid": "PMC4488716",
   "pubmed_id": "26053926",
   "license": "CC BY",
   "abstract": "Viroporins are small hydrophobic viral proteins that oligomerize to form aqueous pores on cellular membranes. Studies in recent years have demonstrated that viroporins serve important functions during virus replication and contribute to viral pathogenicity. A number of viroporins have also been shown to localize to the endoplasmic reticulum (ER) and/or its associated membranous organelles. In fact, replication of most RNA viruses is closely linked to the ER, and has been found to cause ER stress in the infected cells. On the other hand, autophagy is an evolutionarily conserved \u201cself-eating\u201d mechanism that is also observed in cells infected with RNA viruses. Both ER stress and autophagy are also known to modulate a wide variety of signaling pathways including pro-inflammatory and innate immune response, thereby constituting a major aspect of host-virus interactions. In this review, the potential involvement of viroporins in virus-induced ER stress and autophagy will be discussed.",
   "publish_time": "2015 Jun 4",
   "authors": [
      "['Fung, To Sing', 'Torres, Jaume', 'Liu, Ding Xiang']"
   ],
   "journal": "Viruses",
   "has_full_text": "True",
   "id": "9450e90f9c678f1eb0ce33caac814ebc1b2e97e7",
   "fhir_link": "Commercial/Composition/9450e90f9c678f1eb0ce33caac814ebc1b2e97e7.json"
}