{
   "sha": "ae3d16cad153ad376ec5782d74688a6f93093c37",
   "source_x": "PMC",
   "title": "Resistance to Rhabdoviridae Infection and Subversion of Antiviral Responses",
   "doi": "http://dx.doi.org/10.3390/v7072794",
   "pmcid": "PMC4517123",
   "pubmed_id": "26198243",
   "license": "CC BY",
   "abstract": "Interferon (IFN) treatment induces the expression of hundreds of IFN-stimulated genes (ISGs). However, only a selection of their products have been demonstrated to be responsible for the inhibition of rhabdovirus replication in cultured cells; and only a few have been shown to play a role in mediating the antiviral response in vivo using gene knockout mouse models. IFNs inhibit rhabdovirus\u00a0 replication at different stages via the induction of a variety of ISGs. This review will discuss how individual ISG products confer resistance to rhabdoviruses by blocking viral entry, degrading single stranded viral RNA, inhibiting viral translation or preventing release of virions from the cell. Furthermore, this review will highlight how these viruses counteract the host IFN system.",
   "publish_time": "2015 Jul 7",
   "authors": [
      "['Blondel, Danielle', 'Maarifi, Ghizlane', 'Nisole, S\u00e9bastien', 'Chelbi-Alix, Mounira K.']"
   ],
   "journal": "Viruses",
   "has_full_text": "True",
   "id": "ae3d16cad153ad376ec5782d74688a6f93093c37",
   "fhir_link": "Commercial/Composition/ae3d16cad153ad376ec5782d74688a6f93093c37"
}