{
   "sha": "556e48d9685a2e212757cc015b35c203ecf31487",
   "source_x": "Elsevier",
   "title": "At the epicenter of severe acute respiratory syndrome",
   "doi": "10.1016/j.jtcvs.2004.03.002",
   "pubmed_id": "15173706",
   "license": "els-covid",
   "publish_time": "2004-06-30",
   "authors": [
      "Wan, Song",
      "Yim, Anthony P.C"
   ],
   "journal": "The Journal of Thoracic and Cardiovascular Surgery",
   "has_full_text": "True",
   "full_text_file": "custom_license",
   "id": "https://doi.org/10.1016/j.jtcvs.2004.03.002",
   "fhir_link": [
      "PMC/Composition/556e48d9685a2e212757cc015b35c203ecf31487"
   ]
}