{
   "sha": "1e3a5d2550f0100585c11f215235646b1862d435",
   "source_x": "Elsevier",
   "title": "Chemokine-like factor 1 is a functional ligand for CC chemokine receptor 4 (CCR4)",
   "doi": "10.1016/j.lfs.2005.05.070",
   "license": "els-covid",
   "abstract": "Abstract Chemokine-like factor 1 (CKLF1) exhibits chemotactic effects on leukocytes. Its amino acid sequence shares similarity with those of TARC/CCL17 and MDC/CCL22, the cognate ligands for CCR4. The chemotactic effects of CKLF1 for CCR4-transfected cells could be desensitized by TARC/CCL17 and markedly inhibited by PTX. CKLF1 induced a calcium flux in CCR4-transfected cells and fully desensitized a subsequent response to TARC/CCL17, and TARC/CCL17 could partly desensitize the response to CKLF1. CKLF1 caused significant receptor internalization in pCCR4-EGFP transfected cells. Taken together, CKLF1 is a novel functional ligand for CCR4.",
   "publish_time": "2006-01-02",
   "authors": [
      "Wang, Ying",
      "Zhang, Yingmei",
      "Yang, Xue",
      "Han, Wenling",
      "Liu, Yanan",
      "Xu, Qianmei",
      "Zhao, Rui",
      "Di, Chunhui",
      "Song, Quansheng",
      "Ma, Dalong"
   ],
   "journal": "Life Sciences",
   "has_full_text": "True",
   "full_text_file": "custom_license",
   "id": "https://doi.org/10.1016/j.lfs.2005.05.070",
   "fhir_link": [
      "PMC/Composition/1e3a5d2550f0100585c11f215235646b1862d435"
   ]
}