{
   "sha": "9d2660d9eac18d42bcfabc57c3507ad0943887dd",
   "source_x": "Elsevier",
   "title": "Comparison of the blastogenic response of peripheral blood lymphocytes from canine parvovirus-positive and -negative outbred dogs",
   "doi": "10.1016/0165-2427(84)90054-0",
   "pubmed_id": "6091321",
   "license": "els-covid",
   "abstract": "Abstract Lymphocyte blast transformation assays (LBT) were performed on canine parvovirus (CPV) -positive and -negative mongrel dogs randomly selected from a humane facility. Concanavalin A as well as Phytohemagglutinin P stimulation was depressed (p<0.001) in the group of animals shedding CPV compared to CPV-negative dogs.",
   "publish_time": "1984-07-31",
   "authors": [
      "Olsen, Cynthia G.",
      "Stiff, Mary I.",
      "Olsen, Richard G."
   ],
   "journal": "Veterinary Immunology and Immunopathology",
   "has_full_text": "True",
   "full_text_file": "custom_license",
   "id": "https://doi.org/10.1016/0165-2427(84)90054-0",
   "fhir_link": [
      "PMC/Composition/9d2660d9eac18d42bcfabc57c3507ad0943887dd"
   ]
}