{
   "sha": "b70d27459fd8143edf76721da40cdbca399c9fb1",
   "source_x": "CZI",
   "title": "Science in the fight against the novel coronavirus disease",
   "doi": "10.1097/CM9.0000000000000777",
   "pubmed_id": "32118642",
   "license": "cc-by-nc-nd",
   "publish_time": "2020",
   "authors": [
      "Wang, Jian-Wei",
      "Cao, Bin",
      "Wang, Chen"
   ],
   "journal": "Chin Med J (Engl)",
   "Microsoft Academic Paper ID": "2120794924",
   "WHO #Covidence": "#3282",
   "has_full_text": "True",
   "id": "b70d27459fd8143edf76721da40cdbca399c9fb1",
   "fhir_link": "Non-comercial/Composition/b70d27459fd8143edf76721da40cdbca399c9fb1"
}