{
   "sha": "fe2ad749589ac1371ec020700775e8de3c809f41",
   "source_x": "PMC",
   "title": "The early immune response to infection of chickens with Infectious Bronchitis Virus (IBV) in susceptible and resistant birds",
   "doi": "http://dx.doi.org/10.1186/s12917-015-0575-6",
   "pmcid": "PMC4600211",
   "pubmed_id": "26452558",
   "license": "CC BY",
   "abstract": "BACKGROUND: Infectious Bronchitis is a highly contagious respiratory disease which causes tracheal lesions and also affects the reproductive tract and is responsible for large economic losses to the poultry industry every year. This is due to both mortality (either directly provoked by IBV itself or due to subsequent bacterial infection) and lost egg production. The virus is difficult to control by vaccination, so new methods to curb the impact of the disease need to be sought. Here, we seek to identify genes conferring resistance to this coronavirus, which could help in selective breeding programs to rear chickens which do not succumb to the effects of this disease. METHODS: Whole genome gene expression microarrays were used to analyse the gene expression differences, which occur upon infection of birds with Infectious Bronchitis Virus (IBV). Tracheal tissue was examined from control and infected birds at 2, 3 and 4\u00a0days post-infection in birds known to be either susceptible or resistant to the virus. The host innate immune response was evaluated over these 3\u00a0days and differences between the susceptible and resistant lines examined. RESULTS: Genes and biological pathways involved in the early host response to IBV infection were determined andgene expression differences between susceptible and resistant birds were identified. Potential candidate genes for resistance to IBV are highlighted. CONCLUSIONS: The early host response to IBV is analysed and potential candidate genes for disease resistance are identified. These putative resistance genes can be used as targets for future genetic and functional studies to prove a causative link with resistance to IBV. ELECTRONIC SUPPLEMENTARY MATERIAL: The online version of this article (doi:10.1186/s12917-015-0575-6) contains supplementary material, which is available to authorized users.",
   "publish_time": "2015 Oct 9",
   "authors": [
      "['Smith, Jacqueline', 'Sadeyen, Jean-Remy', 'Cavanagh, David', 'Kaiser, Pete', 'Burt, David W.']"
   ],
   "journal": "BMC Vet Res",
   "has_full_text": "False",
   "id": "fe2ad749589ac1371ec020700775e8de3c809f41"
}