{
   "sha": "906246292449c131afd43009c5863e51ab99efc1",
   "source_x": "PMC",
   "title": "Why Do We Feel Sick When Infected\u2014Can Altruism Play a Role?",
   "doi": "http://dx.doi.org/10.1371/journal.pbio.1002276",
   "pmcid": "PMC4608734",
   "pubmed_id": "26474156",
   "license": "CC BY",
   "abstract": "When we contract an infection, we typically feel sick and behave accordingly. Symptoms of sickness behavior (SB) include anorexia, hypersomnia, depression, and reduced social interactions. SB affects species spanning from arthropods to vertebrates, is triggered nonspecifically by viruses, bacteria, and parasites, and is orchestrated by a complex network of cytokines and neuroendocrine pathways; clearly, it has been naturally selected. Nonetheless, SB seems evolutionarily costly: it promotes starvation and predation and reduces reproductive opportunities. How could SB persist? Former explanations focused on individual fitness, invoking improved resistance to pathogens. Could prevention of disease transmission, propagating in populations through kin selection, also contribute to SB?",
   "publish_time": "2015 Oct 16",
   "authors": [
      "['Shakhar, Keren', 'Shakhar, Guy']"
   ],
   "journal": "PLoS Biol",
   "has_full_text": "True",
   "id": "906246292449c131afd43009c5863e51ab99efc1",
   "fhir_link": "Commercial/Composition/906246292449c131afd43009c5863e51ab99efc1.json"
}