{
   "sha": "243532558bf1aeed5200836620159cf37f91ab26",
   "source_x": "PMC",
   "title": "Non-periodic outbreaks of recurrent epidemics and its network modelling",
   "doi": "http://dx.doi.org/10.1038/srep16010",
   "pmcid": "PMC4629194",
   "pubmed_id": "26521709",
   "license": "CC BY",
   "abstract": "The study of recurrent epidemic outbreaks has been attracting great attention for decades, but its underlying mechanism is still under debate. Based on a large number of real data from different cities, we find that besides the seasonal periodic outbreaks of influenza, there are also non-periodic outbreaks, i.e. non-seasonal or non-annual behaviors. To understand how the non-periodicity shows up, we present a network model of SIRS epidemic with both time-dependent infection rate and a small possibility of persistent epidemic seeds, representing the influences from the larger annual variation of environment and the infection generated spontaneously in nature, respectively. Our numerical simulations reveal that the model can reproduce the non-periodic outbreaks of recurrent epidemics with the main features of real influenza data. Further, we find that the recurrent outbreaks of epidemic depend not only on the infection rate but also on the density of susceptible agents, indicating that they are both the necessary conditions for the recurrent epidemic patterns with non-periodicity. A theoretical analysis based on Markov dynamics is presented to explain the numerical results. This finding may be of significance to the control of recurrent epidemics.",
   "publish_time": "2015 Nov 2",
   "authors": [
      "['Zheng, Muhua', 'Wang, Chaoqing', 'Zhou, Jie', 'Zhao, Ming', 'Guan, Shuguang', 'Zou, Yong', 'Liu, Zonghua']"
   ],
   "journal": "Sci Rep",
   "has_full_text": "True",
   "id": "243532558bf1aeed5200836620159cf37f91ab26",
   "fhir_link": "Commercial/Composition/243532558bf1aeed5200836620159cf37f91ab26"
}