{
   "sha": "daaec14976912ed3829f0ab8044a77c473578c67",
   "source_x": "Elsevier",
   "title": "Solid phase immune electron microscopy for diagnosis of transmissible gastroenteritis in pigs",
   "doi": "10.1016/S0034-5288(18)30859-2",
   "license": "els-covid",
   "abstract": "A serological trapping technique is described for detecting transmissible gastroenteritis (tge) virus in faeces. The technique involves the coating of electron microscope grids with protein A and specific tge virus antiserum. Optimal conditions for performing this solid phase immune electron microscopy technique were a concentration 250 \u00b5g ml\u22121 of protein A; 1:100 diluted rabbit anti-tge virus hyperimmune serum for coating the grids and overnight incubation with virus samples. The possibility of detecting coronavirus in crude faeces was highly improved with solid phase immune electron microscopy, compared with conventional negative staining electron microscopy, by specific trapping of virus and prevention of adsorption of contaminants. The sensitivity of the method was evaluated by coded investigation of a dilution series of stock virus mixed with different pools of faeces. The improvement of virus detection in faeces by solid phase immune electron microscopy, compared with standard electron microscopy was at least 100-fold. Faecal shedding of coronavirus by pigs infected with virulent and attenuated strains of tge virus was studied. Virus detection in faeces by a standard electron microscopy technique was not practical, since the virus was obscured by a large quantity of debris in the faeces. By using solid phase immune electron microscopy, however, the aspect of the specimens on the grids improved so much that, in addition to more common immunofluorescence, the technique might be useful as a diagnostic test for tge. Virus was detected in daily faecal samples from one or two days after experimental infection with virulent tge virus, until death in five out of eight animals. Unlike immunofluorescence, solid phase immune electron microscopy may be used for diagnosis in living animals.",
   "publish_time": "1988-05-31",
   "authors": [
      "VAN NIEUWSTADT, A.P.",
      "CORNELISSEN, J.B.W.J.",
      "VREESWIJK, J."
   ],
   "journal": "Research in Veterinary Science",
   "has_full_text": "True",
   "full_text_file": "custom_license",
   "id": "https://doi.org/10.1016/S0034-5288(18)30859-2",
   "fhir_link": [
      "PMC/Composition/daaec14976912ed3829f0ab8044a77c473578c67"
   ]
}