{
   "sha": "6fe8d33a03f951e2b85def26fa987ea1e98d5c0e",
   "source_x": "PMC",
   "title": "Assessing Ebola-related web search behaviour: insights and implications from an analytical study of Google Trends-based query volumes",
   "doi": "http://dx.doi.org/10.1186/s40249-015-0090-9",
   "pmcid": "PMC4674955",
   "pubmed_id": "26654247",
   "license": "CC BY",
   "abstract": "BACKGROUND: The 2014 Ebola epidemic in West Africa has attracted public interest worldwide, leading to millions of Ebola-related Internet searches being performed during the period of the epidemic. This study aimed to evaluate and interpret Google search queries for terms related to the Ebola outbreak both at the global level and in all countries where primary cases of Ebola occurred. The study also endeavoured to look at the correlation between the number of overall and weekly web searches and the number of overall and weekly new cases of Ebola. METHODS: Google Trends (GT) was used to explore Internet activity related to Ebola. The study period was from 29 December 2013 to 14 June 2015. Pearson\u2019s correlation was performed to correlate Ebola-related relative search volumes (RSVs) with the number of weekly and overall Ebola cases. Multivariate regression was performed using Ebola-related RSV as a dependent variable, and the overall number of Ebola cases and the Human Development Index were used as predictor variables. RESULTS: The greatest RSV was registered in the three West African countries mainly affected by the Ebola epidemic. The queries varied in the different countries. Both quantitative and qualitative differences between the affected African countries and other Western countries with primary cases were noted, in relation to the different flux volumes and different time courses. In the affected African countries, web query search volumes were mostly concentrated in the capital areas. However, in Western countries, web queries were uniformly distributed over the national territory. In terms of the three countries mainly affected by the Ebola epidemic, the correlation between the number of new weekly cases of Ebola and the weekly GT index varied from weak to moderate. The correlation between the number of Ebola cases registered in all countries during the study period and the GT index was very high. CONCLUSION: Google Trends showed a coarse-grained nature, strongly correlating with global epidemiological data, but was weaker at country level, as it was prone to distortions induced by unbalanced media coverage and the digital divide. Global and local health agencies could usefully exploit GT data to identify disease-related information needs and plan proper communication strategies, particularly in the case of health-threatening events. ELECTRONIC SUPPLEMENTARY MATERIAL: The online version of this article (doi:10.1186/s40249-015-0090-9) contains supplementary material, which is available to authorized users.",
   "publish_time": "2015 Dec 10",
   "authors": [
      "['Alicino, Cristiano', 'Bragazzi, Nicola Luigi', 'Faccio, Valeria', 'Amicizia, Daniela', 'Panatto, Donatella', 'Gasparini, Roberto', 'Icardi, Giancarlo', 'Orsi, Andrea']"
   ],
   "journal": "Infect Dis Poverty",
   "has_full_text": "False",
   "id": "6fe8d33a03f951e2b85def26fa987ea1e98d5c0e"
}