{
   "sha": "4c6efd303141e36db6479eda5dc5d2a379e6bcd9",
   "source_x": "PMC",
   "title": "Evolutionary Insights into IL17A in Lagomorphs",
   "doi": "http://dx.doi.org/10.1155/2015/367670",
   "pmcid": "PMC4692990",
   "pubmed_id": "26788019",
   "license": "CC BY",
   "abstract": "In leporids, IL17A had been implicated in the host defense against extracellular pathogens, such as Francisella tularensis that infects hares and rabbits and causes the zoonotic disease tularemia. Here, we studied IL17A from five lagomorphs, European rabbit, pygmy rabbit, brush rabbit, European brown hare, and American pika. We observed that this protein is highly conserved between these species, with a similarity of 97\u201399% in leporids and ~88% between leporids and American pika. The exon/intron structure, N-glycosylation sites, and cysteine residues are conserved between lagomorphs. However, at codon 88, one of the interaction sites between IL17A and its receptor IL17RA, there is an Arg>Pro mutation that only occurs in European rabbit and European brown hare. This could induce critical alterations in the IL17A structure and conformation and consequently modify its function. The differences observed between leporids and humans or rodents might also represent important alterations in protein structure and function. In addition, as for other interleukins, IL17A sequences of human and European rabbit are more closely related than the sequences of human and mouse or European rabbit and mouse. This study gives further support to the hypothesis that European rabbit might be a more suitable animal model for studies on human IL17.",
   "publish_time": "2015 Dec 15",
   "authors": [
      "['Neves, Fabiana', 'Abrantes, Joana', 'Almeida, Tereza', 'Costa, Paulo P.', 'Esteves, Pedro J.']"
   ],
   "journal": "Mediators Inflamm",
   "has_full_text": "True",
   "id": "4c6efd303141e36db6479eda5dc5d2a379e6bcd9",
   "fhir_link": "Commercial/4c6efd303141e36db6479eda5dc5d2a379e6bcd9"
}