{
   "sha": "0ef00193253adac155755ab427cefe87e0672a58",
   "source_x": "Elsevier",
   "title": "Identification of nucleolus localization signal of betanodavirus GGNNV protein \u03b1",
   "doi": "10.1016/S0042-6822(02)00081-8",
   "pubmed_id": "12642096",
   "license": "els-covid",
   "abstract": "Abstract Betanodavirus greasy grouper (Epinephelus tauvina) nervous necrosis viruses (GGNNV) protein \u03b1, a virus capsid protein, was detected in both nucleolus and cytoplasm of infected cells of Asian sea bass (SB) and transfected cells of SB and Cos-7 with pcDNA3.1/RNA2. To study its subcellular localization, ORF of protein \u03b1 with 338 aa was fused with enhanced green fluorescent protein (EGFP) gene and was detected in transfected cells in the absence of other viral proteins. In both SB and Cos-7 cells, protein \u03b1 was found to localize EGFP to the nucleolus and cytoplasm. Deletion mutants of protein \u03b1 indicated that N-terminal 43 amino acid residues were required to import EGFP-\u03b1 protein into the nucleolus. Further deletions within the 43 amino acid backbone, EGFP/33aa(1\u201333) and EGFP/30aa(14\u201343), localized to the nucleolus, suggesting that the 20 amino acids from 14 to 33 of protein \u03b1 were the domain of nucleolus localization. To further determine the nucleolus targeting sequence, deletion mutations within the 20 amino acids of protein \u03b1 were constructed. It was found that the deletion of 23RRR25, 29RRR31, or 23RRRANNRRR31 prevented the accumulation of EGFP fusion proteins into the nucleolus, demonstrating that 23RRRANNRRR31 contain the signal required for nucleolar localization. A similar distribution pattern of localization of protein \u03b1 and its deletion mutants in SB and Cos-7 cells suggested that N-terminal residues of protein \u03b1 23RRRANNRRR31 constitute a nucleolus localization signal that functions in both fish and mammalian cells.",
   "publish_time": "2003-02-15",
   "authors": [
      "Guo, Yan Xiang",
      "Dallmann, Klara",
      "Kwang, Jimmy"
   ],
   "journal": "Virology",
   "has_full_text": "True",
   "full_text_file": "custom_license",
   "id": "https://doi.org/10.1016/S0042-6822(02)00081-8",
   "fhir_link": [
      "PMC/Composition/0ef00193253adac155755ab427cefe87e0672a58"
   ]
}