{
   "sha": "f1d92c740ecb6d711507ed6e483472c8e1ecb3a6",
   "source_x": "PMC",
   "title": "One health \u2013 an ecological and evolutionary framework for tackling Neglected Zoonotic Diseases",
   "doi": "http://dx.doi.org/10.1111/eva.12341",
   "pmcid": "PMC4721077",
   "pubmed_id": "26834828",
   "license": "CC BY",
   "abstract": "Understanding the complex population biology and transmission ecology of multihost parasites has been declared as one of the major challenges of biomedical sciences for the 21st century and the Neglected Zoonotic Diseases (NZDs) are perhaps the most neglected of all the Neglected Tropical Diseases (NTDs). Here we consider how multihost parasite transmission and evolutionary dynamics may affect the success of human and animal disease control programmes, particularly neglected diseases of the developing world. We review the different types of zoonotic interactions that occur, both ecological and evolutionary, their potential relevance for current human control activities, and make suggestions for the development of an empirical evidence base and theoretical framework to better understand and predict the outcome of such interactions. In particular, we consider whether preventive chemotherapy, the current mainstay of NTD control, can be successful without a One Health approach. Transmission within and between animal reservoirs and humans can have important ecological and evolutionary consequences, driving the evolution and establishment of drug resistance, as well as providing selective pressures for spill\u2010over, host switching, hybridizations and introgressions between animal and human parasites. Our aim here is to highlight the importance of both elucidating disease ecology, including identifying key hosts and tailoring control effort accordingly, and understanding parasite evolution, such as precisely how infectious agents may respond and adapt to anthropogenic change. Both elements are essential if we are to alleviate disease risks from NZDs in humans, domestic animals and wildlife.",
   "publish_time": "2016 Jan 8",
   "authors": [
      "['Webster, Joanne P.', 'Gower, Charlotte M.', 'Knowles, Sarah C. L.', 'Molyneux, David H.', 'Fenton, Andy']"
   ],
   "journal": "Evol Appl",
   "has_full_text": "True",
   "id": "f1d92c740ecb6d711507ed6e483472c8e1ecb3a6",
   "fhir_link": "Commercial/f1d92c740ecb6d711507ed6e483472c8e1ecb3a6"
}