{
   "sha": "293bebb82f2e4687a1d257e75483a2e150de41b1",
   "source_x": "PMC",
   "title": "Lessons learned from new emerging infectious disease, Middle East Respiratory Syndrome coronavirus outbreak in Korea",
   "doi": "http://dx.doi.org/10.4178/epih/e2015051",
   "pmcid": "PMC4722224",
   "pubmed_id": "26725227",
   "license": "CC BY",
   "publish_time": "2015 Nov 17",
   "authors": [
      "Kim, Joung Soon"
   ],
   "journal": "Epidemiol Health",
   "has_full_text": "False",
   "id": "293bebb82f2e4687a1d257e75483a2e150de41b1"
}