{
   "sha": "70f46350581472d42770f3c0c7391658eeeddf90",
   "source_x": "Elsevier",
   "title": "TNF-alpha, produced by feline infectious peritonitis virus (FIPV)-infected macrophages, upregulates expression of type II FIPV receptor feline aminopeptidase N in feline macrophages",
   "doi": "10.1016/j.virol.2007.02.006",
   "pubmed_id": "17382365",
   "license": "els-covid",
   "abstract": "Abstract The pathogenicity of feline infectious peritonitis virus (FIPV) is known to depend on macrophage tropism, and this macrophage infection is enhanced by mediation via anti-S antibody (antibody-dependent enhancement, ADE). In this study, we found that TNF-alpha production was increased with viral replication in macrophages inoculated with a mixture of FIPV and anti-S antibody, and demonstrated that this culture supernatant had feline PBMC apoptosis-inducing activity. We also demonstrated that the expression level of the FIPV virus receptor, feline aminopeptidase N (fAPN), was increased in macrophages of FIP cats. For upregulation of TNF-alpha and fAPN in macrophages, viral replication in macrophages is necessary, and their expressions were increased by ADE of FIPV infection. It was demonstrated that a heat-resistant fAPN-inducing factor was present in the culture supernatant of FIPV-infected macrophages, and this factor was TNF-alpha: fAPN expression was upregulated in recombinant feline TNF-alpha-treated macrophages, and FIPV infectivity was increased in these macrophages. These findings suggested that FIPV replication in macrophages increases TNF-alpha production in macrophages, and the produced TNF-alpha acts and upregulates fAPN expression, increasing FIPV sensitivity.",
   "publish_time": "2007-07-20",
   "authors": [
      "Takano, Tomomi",
      "Hohdatsu, Tsutomu",
      "Toda, Ayako",
      "Tanabe, Maki",
      "Koyama, Hiroyuki"
   ],
   "journal": "Virology",
   "has_full_text": "True",
   "full_text_file": "custom_license",
   "id": "https://doi.org/10.1016/j.virol.2007.02.006",
   "fhir_link": [
      "PMC/Composition/70f46350581472d42770f3c0c7391658eeeddf90"
   ]
}