{
   "sha": "b8f9525f63118ab787c2f81dc9fff88cba0eecc7",
   "source_x": "Elsevier",
   "title": "Identification and functional characterization of regions that can be crosslinked to RNA in the helicase-like domain of BaMV replicase",
   "doi": "10.1016/j.virol.2009.04.013",
   "license": "els-covid",
   "abstract": "Abstract The helicase-like domain of the Bamboo mosaic virus replicase catalyzes the release of 5\u2032-\u03b3-phosphate from both ATP and 5\u2032-triphosphated RNA by an identical set of catalytic residues with a presumably larger binding pocket for RNA. In this study, the peptidyl regions involved in RNA binding were mapped by reversible formaldehyde crosslinking and mass spectrometry. Eleven residues within these regions were examined by mutational analysis. H636A, Y704A, and K706A greatly diminished the enzymatic activities and were unable to support the viral replication in Nicotiana benthamiana protoplasts. K843A decreased activity toward the RNA substrate to 17% of WT, and \u223c20% replication efficiency was retained in protoplasts. R597A and K610A retained \u223c50 and \u223c90% of the enzymatic activities, respectively. However, replication in protoplasts of these mutants was extremely limited. Proteins with the mutations K603A, R628A, R645A, H794A, and R799A were present at levels 30\u201369% of WT in protoplasts. However, the fates of these mutations in plants were different. Viral cell-to-cell movement was limited by the K603A and R628A mutations, while systemic movement was restricted by R645A and H794A. The implications of the helicase-like domain in the viral replication and movement are discussed.",
   "publish_time": "2009-07-05",
   "authors": [
      "Han, Yu-Tsung",
      "Hsu, Yau-Heiu",
      "Lo, Chia-Wen",
      "Meng, Menghsiao"
   ],
   "journal": "Virology",
   "has_full_text": "True",
   "full_text_file": "custom_license",
   "id": "https://doi.org/10.1016/j.virol.2009.04.013",
   "fhir_link": [
      "PMC/Composition/b8f9525f63118ab787c2f81dc9fff88cba0eecc7"
   ]
}