{
   "sha": "ef39c95cda9c94452dc64147ea7d9c825e03b8bb",
   "source_x": "PMC",
   "title": "Perception, Price and Preference: Consumption and Protection of Wild Animals Used in Traditional Medicine",
   "doi": "http://dx.doi.org/10.1371/journal.pone.0145901",
   "pmcid": "PMC4773180",
   "pubmed_id": "26930487",
   "license": "CC BY",
   "abstract": "A wide array of wildlife species, including many animals, are used in traditional medicines across many medicinal systems, including in Traditional Chinese Medicine (TCM). Due to over-exploitation and habitat loss, the populations of many animals commonly used in TCM have declined and are unable to meet market demand. A number of measures have been taken to try to reduce the impact that this large and growing market for TCM may have on wild animal species. Consumer preferences and behavior are known to play an important role in the consumption and protection of wild animals used in traditional medicine, and thus are likely to be an important factor in the success of many of these mechanisms\u2014particularly given the significant percentage of TCMs that are over-the-counter products (access to which is not mediated by practitioners). In this study we conducted questionnaires and designed stated preference experiments embodying different simulation scenarios using a random sample of the population in Beijing to elicit individuals\u2019 knowledge, perceptions and preferences toward wild or farmed animal materials and their substitutes used in traditional Chinese medicine. We found that respondents had a stated preference for wild materials over farm-raised and other alternatives because they believe that the effectiveness of wild-sourced materials is more credible than that of other sources. However, we also found that, although respondents used TCM products, they had a poor understanding of the function or composition of either traditional Chinese medicines or proprietary Chinese medicines (PCM), and paid little attention to the composition of products when making purchasing decisions. Furthermore, awareness of the need for species protection, or \u201cconservation consciousness\u201d was found to play an important role in willingness to accept substitutions for wild animal materials, while traditional animal medicinal materials (TAMs) derived from well-known endangered species, such as bear bile and tiger bone, show relatively higher substitutability. These results suggest that there is still hope for conservation measures which seek to promote a transition to farmed animal, plant and synthetic ingredients and provide clear directions for future social marketing, education and engagement efforts.",
   "publish_time": "2016 Mar 1",
   "authors": [
      "['Liu, Zhao', 'Jiang, Zhigang', 'Fang, Hongxia', 'Li, Chunwang', 'Mi, Aizi', 'Chen, Jing', 'Zhang, Xiaowei', 'Cui, Shaopeng', 'Chen, Daiqiang', 'Ping, Xiaoge', 'Li, Feng', 'Li, Chunlin', 'Tang, Songhua', 'Luo, Zhenhua', 'Zeng, Yan', 'Meng, Zhibin']"
   ],
   "journal": "PLoS One",
   "has_full_text": "True",
   "id": "ef39c95cda9c94452dc64147ea7d9c825e03b8bb",
   "fhir_link": "Commercial/Composition/ef39c95cda9c94452dc64147ea7d9c825e03b8bb"
}