{
   "sha": "f7b30ee89775bc82607cc6bc87feb5934b47625f",
   "source_x": "PMC",
   "title": "Viruses Causing Gastroenteritis: The Known, The New and Those Beyond",
   "doi": "http://dx.doi.org/10.3390/v8020042",
   "pmcid": "PMC4776197",
   "pubmed_id": "26867198",
   "license": "CC BY",
   "abstract": "The list of recently discovered gastrointestinal viruses is expanding rapidly. Whether these agents are actually involved in a disease such as diarrhea is the essential question, yet difficult to answer. In this review a summary of all viruses found in diarrhea is presented, together with the current knowledge about their connection to disease.",
   "publish_time": "2016 Feb 19",
   "authors": [
      "['Oude Munnink, Bas B.', 'van der Hoek, Lia']"
   ],
   "journal": "Viruses",
   "has_full_text": "True",
   "id": "f7b30ee89775bc82607cc6bc87feb5934b47625f",
   "fhir_link": "Commercial/Composition/f7b30ee89775bc82607cc6bc87feb5934b47625f.json"
}