{
   "sha": "5864eb909b8a0b74359b9d4ae2ace23e41287159",
   "source_x": "PMC",
   "title": "Chances and challenges in China",
   "doi": "http://dx.doi.org/10.1007/s13238-015-0235-4",
   "pmcid": "PMC4818847",
   "pubmed_id": "26687390",
   "license": "CC BY",
   "publish_time": "2016 Apr 19",
   "authors": [
      "Tefsen, Boris"
   ],
   "journal": "Protein Cell",
   "has_full_text": "True",
   "id": "5864eb909b8a0b74359b9d4ae2ace23e41287159",
   "fhir_link": "Commercial/Composition/5864eb909b8a0b74359b9d4ae2ace23e41287159.json"
}