{
   "sha": "0257e6797e12beb91a4a4fcd7130f90d84260718",
   "source_x": "PMC",
   "title": "Integrated sequence and immunology filovirus database at Los Alamos",
   "doi": "http://dx.doi.org/10.1093/database/baw047",
   "pmcid": "PMC4839628",
   "pubmed_id": "27103629",
   "license": "CC BY",
   "abstract": "The Ebola outbreak of 2013\u201315 infected more than 28\u2009000 people and claimed more lives than all previous filovirus outbreaks combined. Governmental agencies, clinical teams, and the world scientific community pulled together in a multifaceted response ranging from prevention and disease control, to evaluating vaccines and therapeutics in human trials. As this epidemic is finally coming to a close, refocusing on long-term prevention strategies becomes paramount. Given the very real threat of future filovirus outbreaks, and the inherent uncertainty of the next outbreak virus and geographic location, it is prudent to consider the extent and implications of known natural diversity in advancing vaccines and therapeutic approaches. To facilitate such consideration, we have updated and enhanced the content of the filovirus portion of Los Alamos Hemorrhagic Fever Viruses Database. We have integrated and performed baseline analysis of all family Filoviridae sequences deposited into GenBank, with associated immune response data, and metadata, and we have added new computational tools with web-interfaces to assist users with analysis. Here, we (i) describe the main features of updated database, (ii) provide integrated views and some basic analyses summarizing evolutionary patterns as they relate to geo-temporal data captured in the database and (iii) highlight the most conserved regions in the proteome that may be useful for a T cell vaccine strategy. Database URL: www.hfv.lanl.gov",
   "publish_time": "2016 Apr 21",
   "authors": [
      "['Yusim, Karina', 'Yoon, Hyejin', 'Foley, Brian', 'Feng, Shihai', 'Macke, Jennifer', 'Dimitrijevic, Mira', 'Abfalterer, Werner', 'Szinger, James', 'Fischer, Will', 'Kuiken, Carla', 'Korber, Bette']"
   ],
   "journal": "Database (Oxford)",
   "has_full_text": "True",
   "id": "0257e6797e12beb91a4a4fcd7130f90d84260718",
   "fhir_link": "Commercial/Composition/0257e6797e12beb91a4a4fcd7130f90d84260718"
}