{
   "sha": "e6e00bfca850f42e1b2baa9ce190d37554f4a42e",
   "source_x": "PMC",
   "title": "Genome Sequencing and Analysis of Catopsilia pomona nucleopolyhedrovirus: A Distinct Species in Group I Alphabaculovirus",
   "doi": "http://dx.doi.org/10.1371/journal.pone.0155134",
   "pmcid": "PMC4864199",
   "pubmed_id": "27166956",
   "license": "CC BY",
   "abstract": "The genome sequence of Catopsilia pomona nucleopolyhedrovirus (CapoNPV) was determined by the Roche 454 sequencing system. The genome consisted of 128,058 bp and had an overall G+C content of 40%. There were 130 hypothetical open reading frames (ORFs) potentially encoding proteins of more than 50 amino acids and covering 92% of the genome. Among all the hypothetical ORFs, 37 baculovirus core genes, 23 lepidopteran baculovirus conserved genes and 10 genes conserved in Group I alphabaculoviruses were identified. In addition, the genome included regions of 8 typical baculoviral homologous repeat sequences (hrs). Phylogenic analysis showed that CapoNPV was in a distinct branch of clade \u201ca\u201d in Group I alphabaculoviruses. Gene parity plot analysis and overall similarity of ORFs indicated that CapoNPV is more closely related to the Group I alphabaculoviruses than to other baculoviruses. Interesting, CapoNPV lacks the genes encoding the fibroblast growth factor (fgf) and ac30, which are conserved in most lepidopteran and Group I baculoviruses, respectively. Sequence analysis of the F-like protein of CapoNPV showed that some amino acids were inserted into the fusion peptide region and the pre-transmembrane region of the protein. All these unique features imply that CapoNPV represents a member of a new baculovirus species.",
   "publish_time": "2016 May 11",
   "authors": [
      "['Wang, Jun', 'Zhu, Zheng', 'Zhang, Lei', 'Hou, Dianhai', 'Wang, Manli', 'Arif, Basil', 'Kou, Zheng', 'Wang, Hualin', 'Deng, Fei', 'Hu, Zhihong']"
   ],
   "journal": "PLoS One",
   "has_full_text": "True",
   "id": "e6e00bfca850f42e1b2baa9ce190d37554f4a42e",
   "fhir_link": "Commercial/Composition/e6e00bfca850f42e1b2baa9ce190d37554f4a42e"
}