{
   "sha": "4ef86c928be12807b78ebc327eb41f0380cf0b75",
   "source_x": "PMC",
   "title": "Reverse transcription strand invasion based amplification (RT-SIBA): a method for rapid detection of influenza A and B",
   "doi": "http://dx.doi.org/10.1007/s00253-016-7491-y",
   "pmcid": "PMC4875950",
   "pubmed_id": "27063012",
   "license": "CC BY",
   "abstract": "Rapid and accurate diagnosis of influenza viruses plays an important role in infection control, as well as in preventing the misuse of antibiotics. Isothermal nucleic acid amplification methods offer significant advantages over the polymerase chain reaction (PCR), since they are more rapid and do not require the sophisticated instruments needed for thermal cycling. We previously described a novel isothermal nucleic acid amplification method, \u2018Strand Invasion Based Amplification\u2019 (SIBA\u00ae), with high analytical sensitivity and specificity, for the detection of DNA. In this study, we describe the development of a variant of the SIBA method, namely, reverse transcription SIBA (RT-SIBA), for the rapid detection of viral RNA targets. The RT-SIBA method includes a reverse transcriptase enzyme that allows one-step reverse transcription of RNA to complementary DNA (cDNA) and simultaneous amplification and detection of the cDNA by SIBA under isothermal reaction conditions. The RT-SIBA method was found to be more sensitive than PCR for the detection of influenza A and B and could detect 100 copies of influenza RNA within 15\u00a0min. The development of RT-SIBA will enable rapid and accurate diagnosis of viral RNA targets within point-of-care or central laboratory settings. ELECTRONIC SUPPLEMENTARY MATERIAL: The online version of this article (doi:10.1007/s00253-016-7491-y) contains supplementary material, which is available to authorized users.",
   "publish_time": "2016 Apr 11",
   "authors": [
      "['Eboigbodin, Kevin', 'Fil\u00e9n, Sanna', 'Ojalehto, Tuomas', 'Brummer, Mirko', 'Elf, Sonja', 'Pousi, Kirsi', 'Hoser, Mark']"
   ],
   "journal": "Appl Microbiol Biotechnol",
   "has_full_text": "True",
   "id": "4ef86c928be12807b78ebc327eb41f0380cf0b75",
   "fhir_link": "Commercial/4ef86c928be12807b78ebc327eb41f0380cf0b75"
}