{
   "sha": "91f08a1a02ed51a781b1265d345b60cc63ff32fe",
   "source_x": "Elsevier",
   "title": "Toward a quantification of risks at the nexus of conservation and health: The case of bushmeat markets in Lao PDR",
   "doi": "10.1016/j.scitotenv.2019.04.266",
   "pubmed_id": "31054417",
   "license": "els-covid",
   "abstract": "Abstract Trade of bushmeat and other wildlife for human consumption presents a unique set of challenges to policy-makers who are confronted with multiple trade-offs between conservation, food security, food safety, culture and tradition. In the face of these complex issues, risk assessments supported by quantitative information would facilitate evidence-based decision making. We propose a conceptual model for disease transmission risk analysis, inclusive of these multiple other facets. To quantify several processes included in this conceptual model we conducted questionnaire surveys with wildlife consumers and vendors in semi-urban centers in Lao People's Democratic Republic (Lao PDR, Laos) and direct observations of consumer behaviors. Direct observation of market stalls indicated an estimated average of 10 kg bushmeat biomass per stall per hour. The socio-demographic data suggested that consumption of bushmeat in urban areas was not for subsistence but rather driven by dietary preference and tradition. Consumer behavioral observations indicated that each animal receives an average of 7 contacts per hour. We provide other key parameters to estimate the risk of disease transmission from bushmeat consumption and illustrate their use in assessing the total public health and socio-economic impact of bushmeat consumption. Pursuing integrative approaches to the study of bushmeat consumption is essential to develop effective and balanced policies that support conservation, public health, and rural development goals.",
   "publish_time": "2019-08-01",
   "authors": [
      "Pruvot, Mathieu",
      "Khammavong, Kongsy",
      "Milavong, Phonesavanh",
      "Philavong, Chanfong",
      "Reinharz, Daniel",
      "Mayxay, Mayfong",
      "Rattanavong, Sayapeth",
      "Horwood, Paul",
      "Dussart, Philippe",
      "Douangngeun, Bounlom",
      "Theppangna, Watthana",
      "Fine, Amanda E.",
      "Olson, Sarah H.",
      "Robinson, Matthew",
      "Newton, Paul"
   ],
   "journal": "Science of The Total Environment",
   "has_full_text": "True",
   "full_text_file": "custom_license",
   "id": "https://doi.org/10.1016/j.scitotenv.2019.04.266",
   "fhir_link": [
      "PMC/Composition/91f08a1a02ed51a781b1265d345b60cc63ff32fe"
   ]
}