{
   "sha": "cf6dbaad6eab542c67cde5670d0fa0a2a65248f8",
   "source_x": "PMC",
   "title": "Alphacoronavirus in urban Molossidae and Phyllostomidae bats, Brazil",
   "doi": "http://dx.doi.org/10.1186/s12985-016-0569-4",
   "pmcid": "PMC4920988",
   "pubmed_id": "27342195",
   "license": "CC BY",
   "abstract": "BACKGROUND: Bats have been implicated as the main reservoir of coronavirus (CoV). Thus the role of these hosts on the evolution and spread of CoVs currently deserve the attention of emerging diseases surveillance programs. On the view of the interest on and importance of CoVs in bats the occurrence and molecular characterization of CoV were conducted in bats from Brazil. FINDINGS: Three hundred five enteric contents of 29 bat species were tested using a panCoV nested RT-PCR. Nine specimens were positive and eight was suitable for RdRp gene sequencing. RdRp gene phylogeny showed that all CoVs strains from this study cluster in Alphacoronavirus genus, with one Molossidae and one Phlyllostomidae-CoV specific groups. Phylogenetic analyses of two S gene sequences showed a large diversity within the Alphacoronavirus genus. CONCLUSIONS: This study indicated a CoV-to-host specificity and draws attention for CoV detection in Cynomops sp, a potential new reservoir. The phylogenetic analyses indicate that diversity of CoV in bats is higher than previously known.",
   "publish_time": "2016 Jun 24",
   "authors": [
      "['Asano, Karen Miyuki', 'Hora, Aline Santana', 'Scheffer, Karin C\u00f4rrea', 'Fahl, Willian Oliveira', 'Iamamoto, Keila', 'Mori, Enio', 'Brand\u00e3o, Paulo Eduardo']"
   ],
   "journal": "Virol J",
   "has_full_text": "True",
   "id": "cf6dbaad6eab542c67cde5670d0fa0a2a65248f8",
   "fhir_link": "Commercial/Composition/cf6dbaad6eab542c67cde5670d0fa0a2a65248f8"
}