{
   "sha": "c760ba658ba0d10b96cf738e04f83f22bd15f3a3",
   "source_x": "PMC",
   "title": "Evidence of Aujeszky\u2019s disease in wild boar in Serbia",
   "doi": "http://dx.doi.org/10.1186/s12917-016-0758-9",
   "pmcid": "PMC4928280",
   "pubmed_id": "27357597",
   "license": "CC BY",
   "abstract": "BACKGROUND: Aujeszky\u2019s disease is a viral disease of suids caused by Suid Herpesvirus 1. The disease has worldwide distribution with significant economic impact. In Serbia, there is neither an Aujeszky\u2019s disease eradication nor national vaccination programme of domestic pigs. Since clinical symptoms of Aujeszky\u2019s disease are not specific, it is important to establish a link between clinical signs and presence of ADV active infection in wild boars. The aim of this study was to investigate the possibility of active infection within wild boar showing signs of ADV and also to examine relationship between isolates from domestic pigs and wild boar. Having in mind that virus has not been previously isolated from wild boars in Serbia, we report the first isolation of Suid Herpesvirus 1 from this species in Serbia. RESULTS: Tissue and serum samples from 40 wild boars from eastern Serbia were examined for evidence of Aujeszky\u2019s disease (AD). Suid Herpesvirus 1 (SHV1), the cause of AD was isolated on PK15 cell line from three tissue samples, inducing cytopathic effect (CPE) with syncytia forming, and viral genome was detected by polymerase chain reaction (PCR) in eight samples. Genetic analysis of us4, us9 and ul49.5 partial sequences showed high homology between ADV isolates from wild boars and between isolates from wild boars and domestic animals. Neutralizing antibodies were not detected by virus neutralisation test (VNT) in sera from four out of eight PCR positive wild boars suggesting recent infection in those animals. CONCLUSIONS: This is the first demonstration of Aujeszky\u2019s disease virus (ADV) in the wild boar population in Serbia although seroconversion has been detected previously.",
   "publish_time": "2016 Jun 30",
   "authors": [
      "['Milicevic, V.', 'Radojicic, S.', 'Valcic, M.', 'Ivovic, V.', 'Radosavljevic, V.']"
   ],
   "journal": "BMC Vet Res",
   "has_full_text": "True",
   "id": "c760ba658ba0d10b96cf738e04f83f22bd15f3a3",
   "fhir_link": "Commercial/c760ba658ba0d10b96cf738e04f83f22bd15f3a3"
}