{
   "sha": "a0668fe56c1799401afedf1f9c1927d5f9e6338f",
   "source_x": "Elsevier",
   "title": "Chapter Six A Perspective on Cryptosporidium and Giardia, with an Emphasis on Bovines and Recent Epidemiological Findings",
   "doi": "10.1016/bs.apar.2015.02.001",
   "pubmed_id": "25911369",
   "license": "els-covid",
   "abstract": "Abstract Cryptosporidium and Giardia are two common aetiological agents of infectious enteritis in humans and animals worldwide. These parasitic protists are usually transmitted by the faecal\u2013oral route, following the ingestion of infective stages (oocysts or cysts). An essential component of the control of these parasitic infections, from a public health perspective, is an understanding of the sources and routes of transmission in different geographical regions. Bovines are considered potential sources of infection for humans, because species and genotypes of Cryptosporidium and Giardia infecting humans have also been isolated from cattle in molecular parasitological studies. However, species and genotypes of Cryptosporidium and Giardia of bovids, and the extent of zoonotic transmission in different geographical regions in the world, are still relatively poorly understood. The purpose of this article is to (1) provide a brief background on Cryptosporidium and Giardia, (2) review some key aspects of the molecular epidemiology of cryptosporidiosis and giardiasis in animals, with an emphasis on bovines, (3) summarize research of Cryptosporidium and Giardia from cattle and water buffaloes in parts of Australasia and Sri Lanka, considering public health aspects and (4) provide a perspective on future avenues of study. Recent studies reinforce that bovines harbour Cryptosporidium and Giardia that likely pose a human health risk and highlight the need for future investigations of the biology, population genetics and transmission dynamics of Cryptosporidium and Giardia in cattle, water buffaloes and other ruminants in different geographical regions, the fate and transport of infective stages following their release into the environment, as well as for improved strategies for the control and prevention of cryptosporidiosis and giardiasis, guided by molecular epidemiological studies.",
   "publish_time": "2015-04-30",
   "authors": [
      "Abeywardena, Harshanie",
      "Jex, Aaron R.",
      "Gasser, Robin B."
   ],
   "journal": "Advances in Parasitology",
   "has_full_text": "True",
   "full_text_file": "custom_license",
   "id": "https://doi.org/10.1016/bs.apar.2015.02.001",
   "fhir_link": [
      "PMC/Composition/a0668fe56c1799401afedf1f9c1927d5f9e6338f"
   ]
}