{
   "source_x": "Elsevier",
   "title": "Immunoblot analysis of antiAChR antibodies in myasthenia gravis",
   "doi": "10.1016/0165-5728(88)90084-7",
   "license": "els-covid",
   "publish_time": "1988-02-29",
   "authors": [
      "Mantegazza, R.",
      "Romagnoli, P.",
      "Baggi, F.",
      "Simoncini, O.",
      "Neumann, D.",
      "Cornelio, F.",
      "Fuchs, S."
   ],
   "journal": "Journal of Neuroimmunology",
   "has_full_text": "False",
   "full_text_file": "custom_license",
   "id": "https://doi.org/10.1016/0165-5728(88)90084-7"
}