{
   "sha": "ebf7e1110aa56a3066f9590befe475eb12b3eaa1",
   "source_x": "PMC",
   "title": "Respiratory Syncytial Virus and Other Viral Infections among Children under Two Years Old in Southern Vietnam 2009-2010: Clinical Characteristics and Disease Severity",
   "doi": "http://dx.doi.org/10.1371/journal.pone.0160606",
   "pmcid": "PMC4976934",
   "pubmed_id": "27500954",
   "license": "CC BY",
   "abstract": "BACKGROUND: Despite a high burden of respiratory syncytial virus (RSV) infections among children, data on demographic and clinical characteristics of RSV are scarce in low and middle income countries. This study aims to describe the viral etiologies, the demographic, epidemiological, and clinical characteristics of children under two years of age who were hospitalized with a lower respiratory tract infections (LRTI), focusing on RSV (prevalence, seasonality, subgroups, viral load) and its association with disease severity. METHODS: A prospective study among children under two years of age, hospitalized with LRTI was conducted in two referral pediatric hospitals in Ho Chi Minh City, Vietnam, from May 2009 to December 2010. Socio-demographic, clinical data and nasopharyngeal swabs were collected on enrolment and discharge. Multiplex real-time RT-PCR (13 viruses) and quantitative RSV RT-PCR were used to identify viral pathogens, RSV load and subgroups. RESULTS: Among 632 cases, 48% were RSV positive. RSV infections occurred at younger age than three other leading viral infections i.e rhinovirus (RV), metapneumovirus (MPV), parainfluenza virus (PIV-3) and were significantly more frequent in the first 6 months of life. Clinical severity score of RSV infection was significantly higher than PIV-3 but not for RV or MPV. In multivariate analysis, RV infection was significantly associated with severity while RSV infection was not. Among RSV infections, neither viral load nor viral co-infections were significantly associated with severity. Young age and having fever at admission were significantly associated with both RSV and LRTI severity. A shift in RSV subgroup predominance was observed during two consecutive rainy seasons but was not associated with severity. CONCLUSION: We report etiologies, the epidemiological and clinical characteristics of LRTI among hospitalized children under two years of age and risk factors of RSV and LRTI severity.",
   "publish_time": "2016 Aug 8",
   "authors": [
      "['Do, Lien Anh Ha', 'Bryant, Juliet E.', 'Tran, Anh Tuan', 'Nguyen, Bach Hue', 'Tran, Thi Thu Loan', 'Tran, Quynh Huong', 'Vo, Quoc Bao', 'Tran Dac, Nguyen Anh', 'Trinh, Hong Nhien', 'Nguyen, Thi Thanh Hai', 'Le Binh, Bao Tinh', 'Le, Khanh', 'Nguyen, Minh Tien', 'Thai, Quang Tung', 'Vo, Thanh Vu', 'Ngo, Ngoc Quang Minh', 'Dang, Thi Kim Huyen', 'Cao, Ngoc Huong', 'Tran, Thu Van', 'Ho, Lu Viet', 'Farrar, Jeremy', 'de Jong, Menno', 'van Doorn, H. Rogier']"
   ],
   "journal": "PLoS One",
   "has_full_text": "True",
   "id": "ebf7e1110aa56a3066f9590befe475eb12b3eaa1",
   "fhir_link": "Commercial/Composition/ebf7e1110aa56a3066f9590befe475eb12b3eaa1"
}