{
   "sha": "74de948d0adbf472ee959b8521f40fb4a5aa034a",
   "source_x": "PMC",
   "title": "Moonshot Science\u2014Risks and Benefits",
   "doi": "http://dx.doi.org/10.1128/mBio.01381-16",
   "pmcid": "PMC4999558",
   "pubmed_id": "27578761",
   "license": "CC BY",
   "abstract": "Ever since the successful Apollo 11 Moon landing in 1969, a \u201cmoonshot\u201d has come to signify a bold effort to achieve a seemingly impossible task. The Obama administration recently called for a moonshot to cure cancer, an initiative that has elicited mixed responses from researchers who welcome additional funding but worry about raising expectations. We suggest that a successful moonshot requires a sufficient understanding of the basic science underlying a problem in question so that efforts can be focused on engineering a solution. Current gaps in our basic knowledge of cancer biology make the cancer moonshot a uniquely challenging endeavor. Nevertheless, history has shown that intensive research efforts have frequently yielded conceptual and technological breakthroughs with unanticipated benefits for society. We expect that this effort will be no different.",
   "publish_time": "2016 Aug 30",
   "authors": [
      "['Casadevall, Arturo', 'Fang, Ferric C.']"
   ],
   "journal": "mBio",
   "has_full_text": "True",
   "id": "74de948d0adbf472ee959b8521f40fb4a5aa034a",
   "fhir_link": "Commercial/74de948d0adbf472ee959b8521f40fb4a5aa034a"
}