{
   "sha": "cc7708fc85f71c1b8f9b3a339404f347b367db93",
   "source_x": "Elsevier",
   "title": "Quaternary ammonium-based biomedical materials: State-of-the-art, toxicological aspects and antimicrobial resistance",
   "doi": "10.1016/j.progpolymsci.2017.03.001",
   "license": "els-covid",
   "abstract": "Abstract Microbial infections affect humans worldwide. Many quaternary ammonium compounds have been synthesized that are not only antibacterial, but also possess antifungal, antiviral and anti-matrix metalloproteinase capabilities. Incorporation of quaternary ammonium moieties into polymers represents one of the most promising strategies for preparation of antimicrobial biomaterials. Various polymerization techniques have been employed to prepare antimicrobial surfaces with quaternary ammonium functionalities; in particular, syntheses involving controlled radical polymerization techniques enable precise control over macromolecular structure, order and functionality. Although recent publications report exciting advances in the biomedical field, some of these technological developments have also been accompanied by potential toxicological and antimicrobial resistance challenges. Recent evidenced-based data on the biomedical applications of antimicrobial quaternary ammonium-containing biomaterials that are based on randomized human clinical trials, the golden standard in contemporary medicinal science, are included in the present review. This should help increase visibility, stimulate debates and spur conversations within a wider scientific community on the implications and plausibility for future developments of quaternary ammonium-based antimicrobial biomaterials.",
   "publish_time": "2017-08-31",
   "authors": [
      "Jiao, Yang",
      "Niu, Li-na",
      "Ma, Sai",
      "Li, Jing",
      "Tay, Franklin R.",
      "Chen, Ji-hua"
   ],
   "journal": "Progress in Polymer Science",
   "has_full_text": "True",
   "full_text_file": "custom_license",
   "id": "https://doi.org/10.1016/j.progpolymsci.2017.03.001",
   "fhir_link": [
      "PMC/Composition/cc7708fc85f71c1b8f9b3a339404f347b367db93"
   ]
}