{
   "sha": "16d71b326ed3fda741745313417f49f57fd3bfcf",
   "source_x": "Elsevier",
   "title": "Autophagy: Nobel Prize 2016 and allergy and asthma research",
   "doi": "10.1016/j.jaci.2017.03.021",
   "pubmed_id": "28400114",
   "license": "els-covid",
   "publish_time": "2017-12-31",
   "authors": [
      "Renz, Harald"
   ],
   "journal": "Journal of Allergy and Clinical Immunology",
   "has_full_text": "True",
   "full_text_file": "custom_license",
   "id": "https://doi.org/10.1016/j.jaci.2017.03.021",
   "fhir_link": [
      "PMC/Composition/16d71b326ed3fda741745313417f49f57fd3bfcf"
   ]
}