{
   "source_x": "Elsevier",
   "title": "Microbiology Select",
   "doi": "10.1016/j.cell.2010.06.038",
   "license": "els-covid",
   "abstract": "The interactions between virus proteins and host cells are intricate and impact diverse processes. Recent papers explored in this issue's Microbiology Select reveal unexpected mechanisms by which viruses interact with host cells to facilitate infection, promote replication of their genomes, and foster horizontal gene transfer.",
   "publish_time": "2010-07-09",
   "journal": "Cell",
   "has_full_text": "False",
   "full_text_file": "custom_license",
   "id": "https://doi.org/10.1016/j.cell.2010.06.038"
}