{
   "sha": "2ebddcd114c08628f8127529a8fa27209e1684f0",
   "source_x": "Elsevier",
   "title": "Ebola Viral Glycoprotein Bound to Its Endosomal Receptor Niemann-Pick C1",
   "doi": "10.1016/j.cell.2015.12.044",
   "license": "els-covid",
   "abstract": "Summary Filoviruses, including Ebola and Marburg, cause fatal hemorrhagic fever in humans and primates. Understanding how these viruses enter host cells could help to develop effective therapeutics. An endosomal protein, Niemann-Pick C1 (NPC1), has been identified as a necessary entry receptor for this process, and priming of the viral glycoprotein (GP) to a fusion-competent state is a prerequisite for NPC1 binding. Here, we have determined the crystal structure of the primed GP (GPcl) of Ebola virus bound to domain C of NPC1 (NPC1-C) at a resolution of 2.3 \u00c5. NPC1-C utilizes two protruding loops to engage a hydrophobic cavity on head of GPcl. Upon enzymatic cleavage and NPC1-C binding, conformational change in the GPcl further affects the state of the internal fusion loop, triggering membrane fusion. Our data therefore provide structural insights into filovirus entry in the late endosome and the molecular basis for design of therapeutic inhibitors of viral entry.",
   "publish_time": "2016-01-14",
   "authors": [
      "Wang, Han",
      "Shi, Yi",
      "Song, Jian",
      "Qi, Jianxun",
      "Lu, Guangwen",
      "Yan, Jinghua",
      "Gao, George\u00a0F."
   ],
   "journal": "Cell",
   "has_full_text": "True",
   "full_text_file": "custom_license",
   "id": "https://doi.org/10.1016/j.cell.2015.12.044",
   "fhir_link": [
      "PMC/Composition/2ebddcd114c08628f8127529a8fa27209e1684f0"
   ]
}