{
   "sha": "d09b4a75ec07b2369281492d99c716bc3e0eba5e",
   "source_x": "PMC",
   "title": "Preparedness for Zika virus testing in the World Health Organization Western Pacific Region",
   "doi": "http://dx.doi.org/10.5365/WPSAR.2016.7.1.007",
   "pmcid": "PMC5052899",
   "pubmed_id": "27757256",
   "license": "CC BY",
   "abstract": "On 1 February 2016, the World Health Organization (WHO) declared that clusters of microcephaly cases and other neurological disorders occurring in Zika virus (ZIKV)-affected areas constituted a public health emergency of international concern. Increased surveillance of the virus, including the requirement for laboratory confirmation of infection, was recommended. The WHO Regional Office for the Western Pacific therefore initiated a rapid survey among national-level public health laboratories in 19 countries and areas to determine regional capacity for ZIKV detection. The survey indicated that 16/19 (84%) countries had capacity for molecular detection of ZIKV while others facilitated testing through referral. These results suggest that robust laboratory capacity is in place to support ZIKV surveillance in the Western Pacific Region.",
   "publish_time": "2016 Mar 31",
   "authors": [
      "['Squires, Raynal C', 'Konings, Frank', None]"
   ],
   "journal": "Western Pac Surveill Response J",
   "has_full_text": "True",
   "id": "d09b4a75ec07b2369281492d99c716bc3e0eba5e",
   "fhir_link": "Commercial/Composition/d09b4a75ec07b2369281492d99c716bc3e0eba5e"
}