{
   "sha": "e28eedb8b780c3b08fa6a3d7d4c617f9587adc9a",
   "source_x": "PMC",
   "title": "Viral vector-based influenza vaccines",
   "doi": "http://dx.doi.org/10.1080/21645515.2016.1210729",
   "pmcid": "PMC5137548",
   "pubmed_id": "27455345",
   "license": "CC BY",
   "abstract": "Antigenic drift of seasonal influenza viruses and the occasional introduction of influenza viruses of novel subtypes into the human population complicate the timely production of effective vaccines that antigenically match the virus strains that cause epidemic or pandemic outbreaks. The development of game-changing vaccines that induce broadly protective immunity against a wide variety of influenza viruses is an unmet need, in which recombinant viral vectors may provide. Use of viral vectors allows the delivery of any influenza virus antigen, or derivative thereof, to the immune system, resulting in the optimal induction of virus-specific B- and T-cell responses against this antigen of choice. This systematic review discusses results obtained with vectored influenza virus vaccines and advantages and disadvantages of the currently available viral vectors.",
   "publish_time": "2016 Jul 25",
   "authors": [
      "['de Vries, Rory D.', 'Rimmelzwaan, Guus F.']"
   ],
   "journal": "Hum Vaccin Immunother",
   "has_full_text": "True",
   "id": "e28eedb8b780c3b08fa6a3d7d4c617f9587adc9a",
   "fhir_link": "Commercial/Composition/e28eedb8b780c3b08fa6a3d7d4c617f9587adc9a.json"
}