{
   "sha": "7044a0c756ba23b2d38769fa409ed1fea89aa350",
   "source_x": "Elsevier",
   "title": "Global health and moral values",
   "doi": "10.1016/S0140-6736(04)17063-3",
   "pubmed_id": "15380967",
   "license": "els-covid",
   "publish_time": "2004-09-24",
   "authors": [
      "Alkire, Sabina",
      "Chen, Lincoln"
   ],
   "journal": "The Lancet",
   "has_full_text": "True",
   "full_text_file": "custom_license",
   "id": "https://doi.org/10.1016/S0140-6736(04)17063-3",
   "fhir_link": [
      "PMC/Composition/7044a0c756ba23b2d38769fa409ed1fea89aa350"
   ]
}