{
   "sha": "598ddd8b75f629d5b8d5d214f2c3485179c7833a",
   "source_x": "Elsevier",
   "title": "Evolution of China's response to HIV/AIDS",
   "doi": "10.1016/S0140-6736(07)60315-8",
   "pubmed_id": "17321313",
   "license": "els-covid",
   "abstract": "Summary Four factors have driven China's response to the HIV/AIDS pandemic: (1) existing government structures and networks of relationships; (2) increasing scientific information; (3) external influences that underscored the potential consequences of an HIV/AIDS pandemic and thus accelerated strategic planning; and (4) increasing political commitment at the highest levels. China's response culminated in legislation to control HIV/AIDS\u2014the AIDS Prevention and Control Regulations. Three major initiatives are being scaled up concurrently. First, the government has prioritised interventions to control the epidemic in injection drug users, sex workers, men who have sex with men, and plasma donors. Second, routine HIV testing is being implemented in populations at high risk of infection. Third, the government is providing treatment for infected individuals. These bold programmes have emerged from a process of gradual and prolonged dialogue and collaboration between officials at every level of government, researchers, service providers, policymakers, and politicians, and have led to decisive action.",
   "publish_time": "2007-03-02",
   "authors": [
      "Wu, Zunyou",
      "Sullivan, Sheena G",
      "Wang, Yu",
      "Rotheram-Borus, Mary Jane",
      "Detels, Roger"
   ],
   "journal": "The Lancet",
   "has_full_text": "True",
   "full_text_file": "custom_license",
   "id": "https://doi.org/10.1016/S0140-6736(07)60315-8",
   "fhir_link": [
      "PMC/Composition/598ddd8b75f629d5b8d5d214f2c3485179c7833a"
   ]
}