{
   "sha": "82009d2b6ae6ffc4372b1d4ecc9cfa7037cb8aa0",
   "source_x": "PMC",
   "title": "A Review of Functional Motifs Utilized by Viruses",
   "doi": "http://dx.doi.org/10.3390/proteomes4010003",
   "pmcid": "PMC5217368",
   "pubmed_id": "28248213",
   "license": "CC BY",
   "abstract": "Short linear motifs (SLiM) are short peptides that facilitate protein function and protein-protein interactions. Viruses utilize these motifs to enter into the host, interact with cellular proteins, or egress from host cells. Studying functional motifs may help to predict protein characteristics, interactions, or the putative cellular role of a protein. In virology, it may reveal aspects of the virus tropism and help find antiviral therapeutics. This review highlights the recent understanding of functional motifs utilized by viruses. Special attention was paid to the function of proteins harboring these motifs, and viruses encoding these proteins. The review highlights motifs involved in (i) immune response and post-translational modifications (e.g., ubiquitylation, SUMOylation or ISGylation); (ii) virus-host cell interactions, including virus attachment, entry, fusion, egress and nuclear trafficking; (iii) virulence and antiviral activities; (iv) virion structure; and (v) low-complexity regions (LCRs) or motifs enriched with residues (Xaa-rich motifs).",
   "publish_time": "2016 Jan 21",
   "authors": [
      "Sobhy, Haitham"
   ],
   "journal": "Proteomes",
   "has_full_text": "False",
   "id": "82009d2b6ae6ffc4372b1d4ecc9cfa7037cb8aa0"
}