{
   "sha": "0072159e1ebecc889e9bcabb58bb45c47e18a403",
   "source_x": "PMC",
   "title": "Chaperone-Mediated Autophagy Protein BAG3 Negatively Regulates Ebola and Marburg VP40-Mediated Egress",
   "doi": "http://dx.doi.org/10.1371/journal.ppat.1006132",
   "pmcid": "PMC5226679",
   "pubmed_id": "28076420",
   "license": "CC BY",
   "abstract": "Ebola (EBOV) and Marburg (MARV) viruses are members of the Filoviridae family which cause outbreaks of hemorrhagic fever. The filovirus VP40 matrix protein is essential for virus assembly and budding, and its PPxY L-domain motif interacts with WW-domains of specific host proteins, such as Nedd4 and ITCH, to facilitate the late stage of virus-cell separation. To identify additional WW-domain-bearing host proteins that interact with VP40, we used an EBOV PPxY-containing peptide to screen an array of 115 mammalian WW-domain-bearing proteins. Using this unbiased approach, we identified BCL2 Associated Athanogene 3 (BAG3), a member of the BAG family of molecular chaperone proteins, as a specific VP40 PPxY interactor. Here, we demonstrate that the WW-domain of BAG3 interacts with the PPxY motif of both EBOV and MARV VP40 and, unexpectedly, inhibits budding of both eVP40 and mVP40 virus-like particles (VLPs), as well as infectious VSV-EBOV recombinants. BAG3 is a stress induced protein that regulates cellular protein homeostasis and cell survival through chaperone-mediated autophagy (CMA). Interestingly, our results show that BAG3 alters the intracellular localization of VP40 by sequestering VP40 away from the plasma membrane. As BAG3 is the first WW-domain interactor identified that negatively regulates budding of VP40 VLPs and infectious virus, we propose that the chaperone-mediated autophagy function of BAG3 represents a specific host defense strategy to counteract the function of VP40 in promoting efficient egress and spread of virus particles.",
   "publish_time": "2017 Jan 11",
   "authors": [
      "['Liang, Jingjing', 'Sagum, Cari A.', 'Bedford, Mark T.', 'Sidhu, Sachdev S.', 'Sudol, Marius', 'Han, Ziying', 'Harty, Ronald N.']"
   ],
   "journal": "PLoS Pathog",
   "has_full_text": "True",
   "id": "0072159e1ebecc889e9bcabb58bb45c47e18a403",
   "fhir_link": "Commercial/Composition/0072159e1ebecc889e9bcabb58bb45c47e18a403"
}