{
   "sha": "8b55c76d8f4ffb6394995b9563d5e55c13682f06",
   "source_x": "Elsevier",
   "title": "Virus\u2013host interaction in feline immunodeficiency virus (FIV) infection",
   "doi": "10.1016/j.cimid.2013.07.001",
   "pubmed_id": "23910598",
   "license": "els-covid",
   "abstract": "Abstract Feline immunodeficiency virus (FIV) infection has been the focus of several studies because this virus exhibits genetic and pathogenic characteristics that are similar to those of the human immunodeficiency virus (HIV). FIV causes acquired immunodeficiency syndrome (AIDS) in cats, nevertheless, a large fraction of infected cats remain asymptomatic throughout life despite of persistent chronic infection. This slow disease progression may be due to the presence of factors that are involved in the natural resistance to infection and the immune response that is mounted by the animals, as well as due to the adaptation of the virus to the host. Therefore, the study of virus\u2013host interaction is essential to the understanding of the different patterns of disease course and the virus persistence in the host, and to help with the development of effective vaccines and perhaps the cure of FIV and HIV infections.",
   "publish_time": "2013-12-31",
   "authors": [
      "Taniwaki, Sueli Akemi",
      "Figueiredo, Andreza Soriano",
      "Araujo Jr., Jo\u00e3o Pessoa"
   ],
   "journal": "Comparative Immunology, Microbiology and Infectious Diseases",
   "has_full_text": "True",
   "full_text_file": "custom_license",
   "id": "https://doi.org/10.1016/j.cimid.2013.07.001",
   "fhir_link": [
      "PMC/Composition/8b55c76d8f4ffb6394995b9563d5e55c13682f06"
   ]
}