{
   "sha": "7d4fc3715d86426fd7c0a3e998e27a8c6e6330b5",
   "source_x": "Elsevier",
   "title": "Perceptions of importance and what safety is enough",
   "doi": "10.1016/j.jbusres.2011.07.013",
   "license": "els-covid",
   "abstract": "Abstract This research explores perceived importance of safety and security measures from the perspectives of tourists and service providers. Use of face-to-face-semi structured interviews with supply side providers in Thailand results in recognizing safety measures to ask tourists about, other than those found in the literature. Researchers collected questionnaire data from international leisure and business tourists to Thailand on importance of safety and security measures. Analysis of the importance of 23 safety and security measures show a six factor pattern in thinking about measures. However, the most important measure is not in a factor. Therefore, the study considers analysis method issues and raises questions about the value of structured data and merits of the recognition of if-then conditions by research methods such as long interviews. Examination of practical, theoretical and methodological values of findings includes considering research needed and the utility of safety measure information in business decision making.",
   "publish_time": "2012-01-31",
   "authors": [
      "Rittichainuwat, Bongkosh N.",
      "Chakraborty, Goutam"
   ],
   "journal": "Journal of Business Research",
   "has_full_text": "True",
   "full_text_file": "custom_license",
   "id": "https://doi.org/10.1016/j.jbusres.2011.07.013",
   "fhir_link": [
      "PMC/Composition/7d4fc3715d86426fd7c0a3e998e27a8c6e6330b5"
   ]
}