{
   "sha": "3534d9445c578cdc048c8b7f7ace2384f58636ea",
   "source_x": "Elsevier",
   "title": "Structural basis for the function of anti-idiotypic antibody in immune memory",
   "doi": "10.1016/j.molimm.2008.11.019",
   "pubmed_id": "19157554",
   "license": "els-covid",
   "abstract": "Abstract We had earlier proposed a hypothesis to explain the mechanism of perpetuation of immunological memory based on the operation of idiotypic network in the complete absence of antigen. Experimental evidences were provided for memory maintenance through anti-idiotypic antibody (Ab2) carrying the internal image of the antigen. In the present work, we describe a structural basis for such memory perpetuation by molecular modeling and structural analysis studies. A three-dimensional model of Ab2 was generated and the structure of the antigenic site on the hemagglutinin protein H of Rinderpest virus was modeled using the structural template of hemagglutinin protein of Measles virus. Our results show that a large portion of heavy chain containing the CDR regions of Ab2 resembles the domain of the hemagglutinin housing the epitope regions. The similarity demonstrates that an internal image of the H antigen is formed in Ab2, which provides a structural basis for functional mimicry demonstrated earlier. This work brings out the importance of the structural similarity between a domain of hemagglutinin protein to that of its corresponding Ab2. It provides evidence that Ab2 is indeed capable of functioning as surrogate antigen and provides support to earlier proposed relay hypothesis which has provided a mechanism for the maintenance of immunological memory.",
   "publish_time": "2009-03-31",
   "authors": [
      "Vani, J.",
      "Chatterjee, Jhinuk",
      "Shaila, M.S.",
      "Nayak, R.",
      "Chandra, Nagasuma R."
   ],
   "journal": "Molecular Immunology",
   "has_full_text": "True",
   "full_text_file": "custom_license",
   "id": "https://doi.org/10.1016/j.molimm.2008.11.019",
   "fhir_link": [
      "PMC/Composition/3534d9445c578cdc048c8b7f7ace2384f58636ea"
   ]
}