{
   "sha": "63f675b756e21a4b0f8038679217a30f48d9f308",
   "source_x": "Elsevier",
   "title": "Influence of the probiotic Bacillus cereus var. toyoi on the intestinal immunity of piglets",
   "doi": "10.1016/j.vetimm.2007.07.015",
   "pubmed_id": "17870185",
   "license": "els-covid",
   "abstract": "Abstract In a feeding trial, sows and piglets were fed with the probiotic bacterium Bacillus cereus var. toyoi as a feed additive, and the effects on immune cell populations were examined. The development of the gut immune system was determined for piglets at the ages of 14, 28, 35 and 56 days post partum. Tissue samples of the Jejunum and the continuous Peyer's patch were used for enumeration of intraepithelial lymphocyte populations by fluorescence activated flow cytometry and fluorescence microscopy. Both independent methods of investigation led to similar results: the population of intraepithelial CD8+ T cells was significantly enhanced in the probiotic group piglets (p \u22640.05), and the numbers of \u03b3\u03b4 T cells tended to be higher in the intestinal epithelium (p <0.1) at the time of weaning (day 28). Lamina propria lymphocytes were also influenced by the treatment. Application of B. cereus var. toyoi resulted in significantly more CD25+ lymphocytes and \u03b3\u03b4 T cells in the probiotic group post-weaning. The occurrence of pathogenic Escherichia coli serogroups was also less frequent in the feces of piglets from the probiotic group. The finding that the CD8+ T cell population in the intestinal mucosa showed changes on day 28 indicated that the influence of B. cereus var. toyoi supplementation on the intestinal immune system started before weaning, an observation supported by changes in the intestinal microflora observed during the suckling-period. The results suggest that feeding of B. cereus var. toyoi to sows may result in beneficial effects on piglet health status independent of their feed supplementation.",
   "publish_time": "2007-12-15",
   "authors": [
      "Scharek, L.",
      "Altherr, B.J.",
      "T\u00f6lke, C.",
      "Schmidt, M.F.G."
   ],
   "journal": "Veterinary Immunology and Immunopathology",
   "has_full_text": "True",
   "full_text_file": "custom_license",
   "id": "https://doi.org/10.1016/j.vetimm.2007.07.015",
   "fhir_link": [
      "PMC/Composition/63f675b756e21a4b0f8038679217a30f48d9f308"
   ]
}