{
   "sha": "fd6a5e41d7c2ffcd1079e540927707456897b6a8",
   "source_x": "PMC",
   "title": "Infants hospitalized for Bordetella pertussis infection commonly have respiratory viral coinfections",
   "doi": "http://dx.doi.org/10.1186/s12879-017-2567-6",
   "pmcid": "PMC5506634",
   "pubmed_id": "28701160",
   "license": "CC BY",
   "abstract": "BACKGROUND: Whether viral coinfections cause more severe disease than Bordetella pertussis (B. pertussis) alone remains unclear. We compared clinical disease severity and sought clinical and demographic differences between infants with B. pertussis infection alone and those with respiratory viral coinfections. We also analyzed how respiratory infections were distributed during the 2\u00a0years study. METHODS: We enrolled 53 infants with pertussis younger than 180\u00a0days (median age 58\u00a0days, range 17\u2013109\u00a0days, 64.1% boys), hospitalized in the Pediatric Departments at \u201cSapienza\u201d University Rome and Bambino Ges\u00f9 Children\u2019s Hospital from August 2012 to November 2014. We tested in naso-pharyngeal washings B. pertussis and 14 respiratory viruses with real-time reverse-transcriptase-polymerase chain reaction. Clinical data were obtained from hospital records and demographic characteristics collected using a structured questionnaire. RESULTS: 28/53 infants had B. pertussis alone and 25 viral coinfection: 10 human rhinovirus (9 alone and 1 in coinfection with parainfluenza virus), 3 human coronavirus, 2 respiratory syncytial virus. No differences were observed in clinical disease severity between infants with B. pertussis infection alone and those with coinfections. Infants with B. pertussis alone were younger than infants with coinfections, and less often breastfeed at admission. CONCLUSIONS: In this descriptive study, no associations between clinical severity and pertussis with or without co-infections were found. TRIAL REGISTRATION: Policlinico Umberto I: protocol 213/14, 3085/13.02.2014, retrospectively registered. Bambino Ges\u00f9 Children\u2019s Hospital: protocol n. RF-2010-2317709.",
   "publish_time": "2017 Jul 12",
   "authors": [
      "['Frassanito, A.', 'Nenna, R.', 'Nicolai, A.', 'Pierangeli, A.', 'Tozzi, A. E.', 'Stefanelli, P.', 'Carsetti, R.', 'Concato, C.', 'Schiavoni, I.', 'Midulla, F.', None]"
   ],
   "journal": "BMC Infect Dis",
   "has_full_text": "True",
   "id": "fd6a5e41d7c2ffcd1079e540927707456897b6a8",
   "fhir_link": "Commercial/Composition/fd6a5e41d7c2ffcd1079e540927707456897b6a8"
}