{
   "source_x": "Elsevier",
   "title": "Identification of an immunodominant neutralising and protective epitope from measles virus fusion protein using acute post-infection human sera",
   "doi": "10.1016/S0165-2478(97)86225-6",
   "license": "els-covid",
   "publish_time": "1997-05-31",
   "authors": [
      "Atabani, S.F.",
      "Obeid, O.E.",
      "Chargelegue, D.",
      "Aaby, P.",
      "Whittle, H.C.",
      "Steward, M.W."
   ],
   "journal": "Immunology Letters",
   "has_full_text": "False",
   "full_text_file": "custom_license",
   "id": "https://doi.org/10.1016/S0165-2478(97)86225-6"
}