{
   "source_x": "Elsevier",
   "title": "T-cell responses to myelin oligodendrocyte glycoprotein (MOG) in multiple sclerosis",
   "doi": "10.1016/S0165-5728(98)91378-9",
   "license": "els-covid",
   "publish_time": "1998-09-01",
   "authors": [
      "Ewing, C.",
      "Honeyman, M.",
      "Harrison, L.C.",
      "Bettadapura, J.",
      "Menon, K.",
      "Bernard, C.C.A."
   ],
   "journal": "Journal of Neuroimmunology",
   "has_full_text": "False",
   "full_text_file": "custom_license",
   "id": "https://doi.org/10.1016/S0165-5728(98)91378-9"
}