{
   "sha": "e65248850b29893254da11cdcc1ca94c60845883",
   "source_x": "Elsevier",
   "title": "Point-of-care testing (POCT): Current techniques and future perspectives",
   "doi": "10.1016/j.trac.2011.01.019",
   "license": "els-covid",
   "abstract": "Abstract Point-of-care testing (POCT) is a laboratory-medicine discipline that is evolving rapidly in analytical scope and clinical application. In this review, we first describe the state of the art of medical-laboratory tests that can be performed near the patient. At present, POCT ranges from basic blood-glucose measurement to complex viscoelastic coagulation assays. POCT shortens the time to clinical decision-making about additional testing or therapy, as delays are no longer caused by transport and preparation of clinical samples, and biochemical-test results are rapidly available at the point of care. Improved medical outcome and lower costs may ensue. Recent, evolving technological advances enable the development of novel POCT instruments. We review the underlying analytical techniques. If new instruments are not yet in practical use, it is often hard to decide whether the underlying analytical principle has real advantage over former methods. However, future utilization of POCT also depends on health-care trends and new areas of application. But, even today, it can be assumed that, for certain applications, near-patient testing is a useful complement to conventional laboratory analyses.",
   "publish_time": "2011-06-30",
   "authors": [
      "Luppa, Peter B.",
      "M\u00fcller, Carolin",
      "Schlichtiger, Alice",
      "Schlebusch, Harald"
   ],
   "journal": "TrAC Trends in Analytical Chemistry",
   "has_full_text": "True",
   "full_text_file": "custom_license",
   "id": "https://doi.org/10.1016/j.trac.2011.01.019",
   "fhir_link": [
      "PMC/Composition/e65248850b29893254da11cdcc1ca94c60845883"
   ]
}