{
   "sha": "a2fc621a71cddf750d46902684501f5f18eba3a0",
   "source_x": "PMC",
   "title": "A novel neutralizing monoclonal antibody targeting the N-terminal domain of the MERS-CoV spike protein",
   "doi": "http://dx.doi.org/10.1038/emi.2017.18",
   "pmcid": "PMC5520482",
   "pubmed_id": "28536429",
   "license": "CC BY",
   "abstract": "Middle East respiratory syndrome coronavirus (MERS-CoV) has caused fatal infections, some through hospital-acquired transmission, in affected regions since its emergence in 2012. Although the virus is not pandemic among humans, it poses a great threat to public health due to its zoonotic origin. Thus, both preventative and therapeutic countermeasures are urgently needed. In this study, we discovered a panel of neutralizing monoclonal antibodies (mAbs) against MERS-CoV, which mapped to a wide range of regions on the spike (S) protein of the virus. In addition to mAbs with neutralizing epitopes located on the receptor-binding domain, one mAb, 5F9, which binds to the N-terminal domain (NTD) of the MERS-CoV S1 subunit, showed efficient neutralizing activity against the wild-type MERS-CoV strain EMC/2012, with a half maximal inhibitory concentration of 0.2\u2009\u03bcg/mL. We concluded that a novel neutralizing epitope for MERS-CoV also resides on the NTD of the S protein, indicating that the NTD might be important during the viral infection process. Our findings have significant implications for further vaccine design and for the development of prophylactic and therapeutic monoclonal immunotherapies against MERS-CoV infection.",
   "publish_time": "2017 May 24",
   "authors": [
      "['Chen, Yingzhu', 'Lu, Shuai', 'Jia, Hao', 'Deng, Yao', 'Zhou, Jianfang', 'Huang, Baoying', 'Yu, Yueyang', 'Lan, Jiaming', 'Wang, Wenling', 'Lou, Yongliang', 'Qin, Kun', 'Tan, Wenjie']"
   ],
   "journal": "Emerg Microbes Infect",
   "has_full_text": "True",
   "id": "a2fc621a71cddf750d46902684501f5f18eba3a0",
   "fhir_link": "Commercial/Composition/a2fc621a71cddf750d46902684501f5f18eba3a0"
}