{
   "source_x": "CZI",
   "title": "Coronavirus: doctor who faced backlash from police after warning of outbreak dies",
   "doi": "10.1136/bmj.m528",
   "abstract": "Li Wenliang\u2014a doctor from Wuhan, China, who said he was reprimanded by police for warning other doctors about novel coronavirus at the start of the outbreak\u2014has died after being infected with 2019-nCoV.When the first cases of a pneumonia-like condition appeared in a local hospital, Li sent messages to his medical school alumni group on the Chinese messaging app WeChat, warning that, from the test results he had \u2026",
   "publish_time": "2020",
   "authors": [
      "Mahase, Elisabeth"
   ],
   "journal": "BMJ",
   "Microsoft Academic Paper ID": "3004702727",
   "WHO #Covidence": "#388",
   "id": "https://doi.org/10.1136/bmj.m528"
}