{
   "source_x": "Elsevier",
   "title": "Corrigendum to \u201cConcentration and detection of SARS coronavirus in sewage from Xiao Tang Shan Hospital and the 309th Hospital\u201d [J. Virol. Methods 128 (2005) 156\u2013161]",
   "doi": "10.1016/j.jviromet.2005.08.010",
   "license": "els-covid",
   "publish_time": "2005-12-31",
   "authors": [
      "Wang, Xin-Wei",
      "Li, Jin-Song",
      "Guo, Ting-Kai",
      "Zhen, Bei",
      "Kong, Qing-Xin",
      "Yi, Bin",
      "Li, Zhong",
      "Song, Nong",
      "Jin, Min",
      "Xiao, Wen-Jun",
      "Zhu, Xiu-Mei",
      "Gu, Chang-Qing",
      "Yin, Jing",
      "Wei, Wei",
      "Yao, Wei",
      "Liu, Chao",
      "Li, Jian-Feng",
      "Ou, Guo-Rong",
      "Wang, Min-Nian",
      "Fang, Tong-Yu",
      "Wang, Gui-Jie",
      "Qiu, Yao-Hui",
      "Wu, Huai-Huan",
      "Chao, Fu-Huan",
      "Li, Jun-Wen"
   ],
   "journal": "Journal of Virological Methods",
   "has_full_text": "False",
   "full_text_file": "custom_license",
   "id": "https://doi.org/10.1016/j.jviromet.2005.08.010"
}