{
   "sha": "bbf36eb3250211e0c223d0c2a9c41abcaa32d11a",
   "source_x": "PMC",
   "title": "Novel in vitro booster vaccination to rapidly generate antigen-specific human monoclonal antibodies",
   "doi": "http://dx.doi.org/10.1084/jem.20170633",
   "pmcid": "PMC5551578",
   "pubmed_id": "28739603",
   "license": "CC BY",
   "abstract": "Vaccines remain the most effective tool to prevent infectious diseases. Here, we introduce an in vitro booster vaccination approach that relies on antigen-dependent activation of human memory B cells in culture. This stimulation induces antigen-specific B cell proliferation, differentiation of B cells into plasma cells, and robust antibody secretion after a few days of culture. We validated this strategy using cells from healthy donors to retrieve human antibodies against tetanus toxoid and influenza hemagglutinin (HA) from H1N1 and newly emergent subtypes such as H5N1 and H7N9. Anti-HA antibodies were cross-reactive against multiple subtypes, and some showed neutralizing activity. Although these antibodies may have arisen as a result of previous influenza infection, we also obtained gp120-reactive antibodies from non\u2013HIV-infected donors, indicating that we can generate antibodies without prior antigenic exposure. Overall, our novel approach can be used to rapidly produce therapeutic antibodies and has the potential to assess the immunogenicity of candidate antigens, which could be exploited in future vaccine development.",
   "publish_time": "2017 Aug 7",
   "authors": [
      "['Sanjuan Nandin, Irene', 'Fong, Carol', 'Deantonio, Cecilia', 'Torreno-Pina, Juan A.', 'Pecetta, Simone', 'Maldonado, Paula', 'Gasparrini, Francesca', 'Ordovas-Montanes, Jose', 'Kazer, Samuel W.', 'Kjaer, Svend', 'Borley, Daryl W.', 'Nair, Usha', 'Coleman, Julia A.', 'Lingwood, Daniel', 'Shalek, Alex K.', 'Meffre, Eric', 'Poignard, Pascal', 'Burton, Dennis R.', 'Batista, Facundo D.']"
   ],
   "journal": "J Exp Med",
   "has_full_text": "True",
   "id": "bbf36eb3250211e0c223d0c2a9c41abcaa32d11a",
   "fhir_link": "Commercial/Composition/bbf36eb3250211e0c223d0c2a9c41abcaa32d11a.json"
}