{
   "sha": "7f30c654e9e5f42fde4d09ee04d91b7f56b6b73e",
   "source_x": "PMC",
   "title": "One-domain CD4 Fused to Human Anti-CD16 Antibody Domain Mediates Effective Killing of HIV-1-Infected Cells",
   "doi": "http://dx.doi.org/10.1038/s41598-017-07966-3",
   "pmcid": "PMC5567353",
   "pubmed_id": "28831040",
   "license": "CC BY",
   "abstract": "Bispecific killer cells engagers (BiKEs) which can bind to natural killer (NK) cells through the activating receptor CD16A and guide them to cells expressing the HIV-1 envelope glycoprotein (Env) are a promising new weapon for elimination of infected cells and eradication of the virus. Here we report the design, generation and characterization of BiKEs which consist of CD16A binding human antibody domains fused through a flexible linker to an engineered one-domain soluble human CD4. In presence of cells expressing HIV-1 envelope glycoproteins (Envs), these BiKEs activated specifically CD16A-expressing Jurkat T cells, degranulated NK cells, induced cytokine production and killed Env-expressing cells. They also effectively mediated killing of chronically and acutely HIV-1 infected T cells by human peripheral blood mononuclear cells. The presumed ability of these CD4-based BiKEs to bind all HIV-1 isolates, their small size and fully human origin, combined with high efficacy suggest their potential for HIV-1 eradication.",
   "publish_time": "2017 Aug 22",
   "authors": [
      "['Li, Wei', 'Wu, Yanling', 'Kong, Desheng', 'Yang, Hongjia', 'Wang, Yanping', 'Shao, Jiping', 'Feng, Yang', 'Chen, Weizao', 'Ma, Liying', 'Ying, Tianlei', 'Dimitrov, Dimiter S.']"
   ],
   "journal": "Sci Rep",
   "has_full_text": "False",
   "id": "7f30c654e9e5f42fde4d09ee04d91b7f56b6b73e"
}