{
   "sha": "ea5af4dfac94330533affdcf7f2043d6038cbc11",
   "source_x": "Elsevier",
   "title": "Rapid and generic identification of influenza A and other respiratory viruses with mass spectrometry",
   "doi": "10.1016/j.jviromet.2014.11.014",
   "pubmed_id": "25500183",
   "license": "els-covid",
   "abstract": "Abstract The rapid identification of existing and emerging respiratory viruses is crucial in combating outbreaks and epidemics. Matrix-assisted laser desorption/ionization time-of-flight mass spectrometry (MALDI-TOF MS) is a rapid and reliable identification method in bacterial diagnostics, but has not been used in virological diagnostics. Mass spectrometry systems have been investigated for the identification of respiratory viruses. However, sample preparation methods were laborious and time-consuming. In this study, a reliable and rapid sample preparation method was developed allowing identification of cultured respiratory viruses. Tenfold serial dilutions of ten cultures influenza A strains, mixed samples of influenza A virus with human metapneumovirus or respiratory syncytial virus, and reconstituted clinical samples were treated with the developed sample preparation method. Subsequently, peptides were subjected to MALDI-TOF MS and liquid chromatography tandem mass spectrometry (LC\u2013MS/MS). The influenza A strains were identified to the subtype level within 3h with MALDI-TOF MS and 6h with LC\u2013MS/MS, excluding the culturing time. The sensitivity of LC\u2013MS/MS was higher compared to MALDI-TOF MS. In addition, LC\u2013MS/MS was able to discriminate between two viruses in mixed samples and was able to identify virus from reconstituted clinical samples. The development of an improved and rapid sample preparation method allowed generic and rapid identification of cultured respiratory viruses by mass spectrometry.",
   "publish_time": "2015-03-01",
   "authors": [
      "Majchrzykiewicz-Koehorst, Joanna A.",
      "Heikens, Esther",
      "Trip, Hein",
      "Hulst, Albert G.",
      "de Jong, Ad L.",
      "Viveen, Marco C.",
      "Sedee, Norbert J.A.",
      "van der Plas, Jan",
      "Coenjaerts, Frank E.J.",
      "Paauw, Armand"
   ],
   "journal": "Journal of Virological Methods",
   "has_full_text": "True",
   "full_text_file": "custom_license",
   "id": "https://doi.org/10.1016/j.jviromet.2014.11.014",
   "fhir_link": [
      "PMC/Composition/ea5af4dfac94330533affdcf7f2043d6038cbc11"
   ]
}