{
   "sha": "bea1d1d130b407ba7382f561d3d193f6d9d646c7",
   "source_x": "Elsevier",
   "title": "Rapid one-step construction of a Middle East Respiratory Syndrome (MERS-CoV) infectious clone system by homologous recombination",
   "doi": "10.1016/j.jviromet.2016.07.022",
   "pubmed_id": "27459876",
   "license": "els-covid",
   "abstract": "Abstract Background Viral Infectious clone systems serve as robust platforms to study viral gene or replicative function by reverse genetics, formulate vaccines and adapt a wild type-virus to an animal host. Since the development of the first viral infectious clone system for the poliovirus, novel strategies of viral genome construction have allowed for the assembly of viral genomes across the identified viral families. However, the molecular profiles of some viruses make their genome more difficult to construct than others. Two factors that affect the difficulty of infectious clone construction are genome length and genome complexity. Results This work examines the available strategies for overcoming the obstacles of assembling the long and complex RNA genomes of coronaviruses and reports one-step construction of an infectious clone system for the Middle East Respiratory Syndrome coronavirus (MERS-CoV) by homologous recombination in S. cerevisiae. Conclusions Future use of this methodology will shorten the time between emergence of a novel viral pathogen and construction of an infectious clone system. Completion of a viral infectious clone system facilitates further study of a virus\u2019s biology, improvement of diagnostic tests, vaccine production and the screening of antiviral compounds.",
   "publish_time": "2016-10-31",
   "authors": [
      "Nikiforuk, Aidan M.",
      "Leung, Anders",
      "Cook, Bradley W.M.",
      "Court, Deborah A.",
      "Kobasa, Darwyn",
      "Theriault, Steven S."
   ],
   "journal": "Journal of Virological Methods",
   "has_full_text": "True",
   "full_text_file": "custom_license",
   "id": "https://doi.org/10.1016/j.jviromet.2016.07.022",
   "fhir_link": [
      "PMC/Composition/bea1d1d130b407ba7382f561d3d193f6d9d646c7"
   ]
}