{
   "sha": "1477e7acddb857281705b48912ade3fd5b3f2a6e",
   "source_x": "PMC",
   "title": "Hepatitis A Virus: Essential Knowledge and a Novel Identify-Isolate-Inform Tool for Frontline Healthcare Providers",
   "doi": "http://dx.doi.org/10.5811/westjem.2017.10.35983",
   "pmcid": "PMC5654866",
   "pubmed_id": "29085529",
   "license": "CC BY",
   "abstract": "Infection with hepatitis A virus (HAV) causes a highly contagious illness that can lead to serious morbidity and occasional mortality. Although the overall incidence of HAV has been declining since the introduction of the HAV vaccine, there have been an increasing number of outbreaks within the United States and elsewhere between 2016 and 2017. These outbreaks have had far-reaching consequences, with a large number of patients requiring hospitalization and several deaths. Accordingly, HAV is proving to present a renewed public health challenge. Through use of the \u201cIdentify-Isolate-Inform\u201d tool as adapted for HAV, emergency physicians can become more familiar with the identification and management of patients presenting to the emergency department (ED) with exposure, infection, or risk of contracting disease. While it can be asymptomatic, HAV typically presents with a prodrome of fever, nausea/vomiting, and abdominal pain followed by jaundice. Healthcare providers should maintain strict standard precautions for all patients suspected of having HAV infection as well as contact precautions in special cases. Hand hygiene with soap and warm water should be emphasized, and affected patients should be counseled to avoid food preparation and close contact with vulnerable populations. Additionally, ED providers should offer post-exposure prophylaxis to exposed contacts and encourage vaccination as well as other preventive measures for at-risk individuals. ED personnel should inform local public health departments of any suspected case.",
   "publish_time": "2017 Oct 18",
   "authors": [
      "['Koenig, Kristi L.', 'Shastry, Siri', 'Burns, Michael J.']"
   ],
   "journal": "West J Emerg Med",
   "has_full_text": "True",
   "id": "1477e7acddb857281705b48912ade3fd5b3f2a6e",
   "fhir_link": "Commercial/Composition/1477e7acddb857281705b48912ade3fd5b3f2a6e"
}