{
   "sha": "5bd9a33c12874606f5cd2cf9ad4ee1baf09cf8fc",
   "source_x": "Elsevier",
   "title": "Identification and characterization of potent small molecule inhibitor of hemorrhagic fever New World arenaviruses",
   "doi": "10.1016/j.antiviral.2005.10.008",
   "pubmed_id": "16343651",
   "license": "els-covid",
   "abstract": "Abstract Category A arenaviruses as defined by the National Institute of Allergy and Infectious Diseases (NIAID) are human pathogens that could be weaponized by bioterrorists. Many of these deadly viruses require biosafety level-4 (BSL-4) containment for all laboratory work, which limits traditional laboratory high-throughput screening (HTS) for identification of small molecule inhibitors. For those reasons, a related BSL-2 New World arenavirus, Tacaribe virus, 67\u201378% identical to Jun\u00edn virus at the amino acid level, was used in a HTS campaign where approximately 400,000 small molecule compounds were screened in a Tacaribe virus-induced cytopathic effect (CPE) assay. Compounds identified in this screen showed antiviral activity and specificity against not only Tacaribe virus, but also the Category A New World arenaviruses (Jun\u00edn, Machupo, and Guanarito). Drug resistant variants were isolated, suggesting that these compounds act through inhibition of a viral protein, the viral glycoprotein (GP2), and not through cellular toxicity mechanisms. A lead compound, ST-294, has been chosen for drug development. This potent and selective compound, with good bioavailability, demonstrated protective anti-viral efficacy in a Tacaribe mouse challenge model. This series of compounds represent a new class of inhibitors that may warrant further development for potential inclusion in a strategic stockpile.",
   "publish_time": "2006-02-28",
   "authors": [
      "Bolken, Tove\u2032 C.",
      "Laquerre, Sylvie",
      "Zhang, Yuanming",
      "Bailey, Thomas R.",
      "Pevear, Daniel C.",
      "Kickner, Shirley S.",
      "Sperzel, Lindsey E.",
      "Jones, Kevin F.",
      "Warren, Travis K.",
      "Amanda Lund, S.",
      "Kirkwood-Watts, Dana L.",
      "King, David S.",
      "Shurtleff, Amy C.",
      "Guttieri, Mary C.",
      "Deng, Yijun",
      "Bleam, Maureen",
      "Hruby, Dennis E."
   ],
   "journal": "Antiviral Research",
   "has_full_text": "True",
   "full_text_file": "custom_license",
   "id": "https://doi.org/10.1016/j.antiviral.2005.10.008",
   "fhir_link": [
      "PMC/Composition/5bd9a33c12874606f5cd2cf9ad4ee1baf09cf8fc"
   ]
}