{
   "sha": "2efafa52eab6095a1d2e48ae5acd7f295b634db2",
   "source_x": "PMC",
   "title": "The direction of restructuring of a Korea field epidemiology training program through questionnaire survey among communicable disease response staff in Korea",
   "doi": "http://dx.doi.org/10.4178/epih.e2017032",
   "pmcid": "PMC5675987",
   "pubmed_id": "28774162",
   "license": "CC BY",
   "abstract": "We used a survey about the need for an educational training of infectious disease response staff in Korea Centers for Disease Control and Prevention (KCDC) and officer in metropolitan cities and provincial government to conduct field epidemiological investigation. The survey was conducted from January 25 to March 15, 2016. A total of 173 participants were selected from four different groups as follows: 27 clinical specialists, 22 Epidemic Intelligence Service (EIS) officers, 82 KCDC staff, and 42 local health department officials. Results revealed that 83% of KCDC staff and 95% of local health department officials agreed on the need for educational training to strengthen capability of personnel to conduct epidemic research and investigation. The level of their need for training was relatively high, while self-confidence levels of individuals to conduct epidemic research and investigation was low. It was concluded that there was a need to develop training programs to enhance the ability of public health officials, EIS officers, KCDC staff, and local health department personnel to conduct epidemic research and investigation.",
   "publish_time": "2017 Jul 24",
   "authors": [
      "['Lee, Moo-Sik', 'Lee, Kwan', 'Park, Ji-Hyuk', 'Hong, Jee-Young', 'Jang, Min Young', 'Jeon, Byoung-Hak', 'Cho, Sang Yun', 'Choi, Sun Ja', 'Hong, Jeong Ik']"
   ],
   "journal": "Epidemiol Health",
   "has_full_text": "True",
   "id": "2efafa52eab6095a1d2e48ae5acd7f295b634db2",
   "fhir_link": "Commercial/Composition/2efafa52eab6095a1d2e48ae5acd7f295b634db2.json"
}