{
   "sha": "848c234214cbc5eeb1d64a043ff097e32e8ebff0",
   "source_x": "PMC",
   "title": "Suppression and resolution of autoimmune arthritis by rhesus \u03b8-defensin-1, an immunomodulatory macrocyclic peptide",
   "doi": "http://dx.doi.org/10.1371/journal.pone.0187868",
   "pmcid": "PMC5690597",
   "pubmed_id": "29145473",
   "license": "CC BY",
   "abstract": "\u03b8-defensins constitute a family of macrocyclic peptides expressed exclusively in Old World monkeys. The peptides are pleiotropic effectors of innate immunity, possessing broad spectrum antimicrobial activities and immunoregulatory properties. Here we report that rhesus \u03b8-defensin 1 (RTD-1) is highly effective in arresting and reversing joint disease in a rodent model of rheumatoid arthritis (RA). Parenteral RTD-1 treatment of DA/OlaHsd rats with established pristane-induced arthritis (PIA) rapidly suppressed joint disease progression, restored limb mobility, and preserved normal joint architecture. RTD-1 significantly reduced joint IL-1\u03b2 levels compared with controls. RTD-1 dose-dependently inhibited fibroblast-like synoviocyte (FLS) invasiveness and FLS IL-6 production. Consistent with the inhibition of FLS invasiveness, RTD-1 was a potent inhibitor of arthritogenic proteases including ADAMs 17 and 10 which activate TNF\u03b1, and inhibited matrix metalloproteases, and cathepsin K. RTD-1 was non-toxic, non-immunogenic, and effective when administered as infrequently as once every five days. Thus \u03b8-defensins, which are absent in humans, have potential as retroevolutionary biologics for the treatment of RA.",
   "publish_time": "2017 Nov 16",
   "authors": [
      "['Schaal, Justin B.', 'Tran, Dat Q.', 'Subramanian, Akshay', 'Patel, Reshma', 'Laragione, Teresina', 'Roberts, Kevin D.', 'Trinh, Katie', 'Tongaonkar, Prasad', 'Tran, Patti A.', 'Minond, Dmitriy', 'Fields, Gregg B.', 'Beringer, Paul', 'Ouellette, Andr\u00e9 J.', 'Gulko, Percio S.', 'Selsted, Michael E.']"
   ],
   "journal": "PLoS One",
   "has_full_text": "True",
   "id": "848c234214cbc5eeb1d64a043ff097e32e8ebff0",
   "fhir_link": "Commercial/Composition/848c234214cbc5eeb1d64a043ff097e32e8ebff0"
}