{
   "sha": "714370d75af9d91c8812733f732d98ddfff8074a",
   "source_x": "PMC",
   "title": "Field-deployable, quantitative, rapid identification of active Ebola virus infection in unprocessed blood",
   "doi": "http://dx.doi.org/10.1039/c7sc03281a",
   "pmcid": "PMC5694917",
   "pubmed_id": "29163915",
   "license": "CC BY",
   "abstract": "The West African Ebola virus outbreak underlined the importance of delivering mass diagnostic capability outside the clinical or primary care setting in effectively containing public health emergencies caused by infectious disease. Yet, to date, there is no solution for reliably deploying at the point of need the gold standard diagnostic method, real time quantitative reverse transcription polymerase chain reaction (RT-qPCR), in a laboratory infrastructure-free manner. In this proof of principle work, we demonstrate direct performance of RT-qPCR on fresh blood using far-red fluorophores to resolve fluorogenic signal inhibition and controlled, rapid freeze/thawing to achieve viral genome extraction in a single reaction chamber assay. The resulting process is entirely free of manual or automated sample pre-processing, requires no microfluidics or magnetic/mechanical sample handling and thus utilizes low cost consumables. This enables a fast, laboratory infrastructure-free, minimal risk and simple standard operating procedure suited to frontline, field use. Developing this novel approach on recombinant bacteriophage and recombinant human immunodeficiency virus (HIV; Lentivirus), we demonstrate clinical utility in symptomatic EBOV patient screening using live, infectious Filoviruses and surrogate patient samples. Moreover, we evidence assay co-linearity independent of viral particle structure that may enable viral load quantification through pre-calibration, with no loss of specificity across an 8\u2009log-linear maximum dynamic range. The resulting quantitative rapid identification (QuRapID) molecular diagnostic platform, openly accessible for assay development, meets the requirements of resource-limited countries and provides a fast response solution for mass public health screening against emerging biosecurity threats.",
   "publish_time": "2017 Nov 1",
   "authors": [
      "['Shah, Kavit', 'Bentley, Emma', 'Tyler, Adam', 'Richards, Kevin S. R.', 'Wright, Edward', 'Easterbrook, Linda', 'Lee, Diane', 'Cleaver, Claire', 'Usher, Louise', 'Burton, Jane E.', 'Pitman, James K.', 'Bruce, Christine B.', 'Edge, David', 'Lee, Martin', 'Nazareth, Nelson', 'Norwood, David A.', 'Moschos, Sterghios A.']"
   ],
   "journal": "Chem Sci",
   "has_full_text": "True",
   "id": "714370d75af9d91c8812733f732d98ddfff8074a",
   "fhir_link": "Commercial/Composition/714370d75af9d91c8812733f732d98ddfff8074a"
}