{
   "sha": "7e94b71efcbef73a7a5c90a73322e31e504e3aa3",
   "source_x": "PMC",
   "title": "Clinical and virological factors associated with gastrointestinal symptoms in patients with acute respiratory infection: a two-year prospective study in general practice medicine",
   "doi": "http://dx.doi.org/10.1186/s12879-017-2823-9",
   "pmcid": "PMC5700681",
   "pubmed_id": "29166867",
   "license": "CC BY",
   "abstract": "BACKGROUND: Gastrointestinal (GI) symptoms, such as diarrhea, vomiting, abdominal pain and nausea are not an uncommon manifestation of an acute respiratory infection (ARI). We therefore evaluated clinical and microbiological factors associated with the presence of GI symptoms in patients consulting a general practitioner (GP) for ARI. METHODS: Nasopharyngeal swabs, stool specimens and clinical data from patients presenting to GPs with an ARI were prospectively collected during two winter seasons (2014-2016). Samples were tested by quantitative real-time PCR for 12 respiratory pathogen groups and for 12 enteric pathogens. RESULTS: Two hundred and four of 331 included patients (61.6%) were positive for at least one respiratory pathogen. Sixty-nine stools (20.8%) were positive for at least one pathogen (respiratory and/or enteric). GI symptoms were more likely declared in case of laboratory confirmed-enteric infection (adjusted odds ratio (aOR)\u2009=\u20093.2; 95% confidence interval [CI] [1.2\u20139.9]; p\u2009=\u20090.02) or human coronavirus (HCoV) infection (aOR\u2009=\u20092.7; [1.2\u20136.8]; p\u2009=\u20090.02). Consumption of antipyretic medication before the consultation seemed to reduce the risk of developing GI symptoms for patients with laboratory-confirmed influenza (aOR\u2009=\u20090.3; [0.1\u20130.6]; p\u2009=\u20090.002). CONCLUSIONS: The presence of GI symptoms in ARI patients could not be explained by the detection of respiratory pathogens in stools. However, the detection of enteric pathogens in stool samples could explained by the presence of GI symptoms in some of ARI cases. The biological mechanisms explaining the association between the presence of HCoVs in nasopharynx and GI symptoms need to be explored. ELECTRONIC SUPPLEMENTARY MATERIAL: The online version of this article (10.1186/s12879-017-2823-9) contains supplementary material, which is available to authorized users.",
   "publish_time": "2017 Nov 22",
   "authors": [
      "['Minodier, Laetitia', 'Masse, Shirley', 'Capai, Lisandru', 'Blanchon, Thierry', 'Ceccaldi, Pierre-Emmanuel', 'van der Werf, Sylvie', 'Hanslik, Thomas', 'Charrel, Remi', 'Falchi, Alessandra']"
   ],
   "journal": "BMC Infect Dis",
   "has_full_text": "False",
   "id": "7e94b71efcbef73a7a5c90a73322e31e504e3aa3"
}