{
   "sha": "ebc824ac4eef0e9f30adc378211f28f77e9fe5d9",
   "source_x": "Elsevier",
   "title": "Bovine respiratory syncytial virus and bovine coronavirus antibodies in bulk tank milk \u2013 risk factors and spatial analysis",
   "doi": "10.1016/j.prevetmed.2016.09.003",
   "pubmed_id": "27720029",
   "license": "els-covid",
   "abstract": "Abstract Bovine respiratory syncytial virus (BRSV) and bovine coronavirus (BCoV) are considered widespread among cattle in Norway and worldwide. This cross-sectional study was conducted based on antibody-ELISA of bulk tank milk (BTM) from 1347 herds in two neighboring counties in western Norway. The study aims were to determine the seroprevalence at herd level, to evaluate risk factors for BRSV and BCoV seropositivity, and to assess how these factors were associated with the spatial distribution of positive herds. The overall prevalence of BRSV and BCoV positive herds in the region was 46.2% and 72.2%, respectively. Isopleth maps of the prevalence risk distribution showed large differences in prevalence risk across the study area, with the highest prevalence in the northern region. Common risk factors of importance for both viruses were herd size, geographic location, and proximity to neighbors. Seropositivity for one virus was associated with increased odds of seropositivity for the other virus. Purchase of livestock was an additional risk factor for BCoV seropositivity, included in the model as in-degree, which was defined as the number of incoming movements from individual herds, through animal purchase, over a period of five years. Local dependence and the contribution of risk factors to this effect were assessed using the residuals from two logistic regression models for each virus. One model contained only the x- and y- coordinates as predictors, the other had all significant predictors included. Spatial clusters of high values of residuals were detected using the normal model of the spatial scan statistic and visualized on maps. Adjusting for the risk factors in the final models had different impact on the spatial clusters for the two viruses: For BRSV the number of clusters was reduced from six to four, for BCoV the number of clusters remained the same, however the log-likelihood ratios changed notably. This indicates that geographical differences in proximity to neighbors, herd size and animal movements explain some of the spatial clusters of BRSV- and BCoV seropositivity, but far from all. The remaining local dependence in the residuals show that the antibody status of one herd is influenced by the antibody status of its neighbors, indicating the importance of indirect transmission and that increased biosecurity routines might be an important preventive strategy.",
   "publish_time": "2016-10-01",
   "authors": [
      "Toftaker, Ingrid",
      "Sanchez, Javier",
      "Stokstad, Maria",
      "N\u00f8dtvedt, Ane"
   ],
   "journal": "Preventive Veterinary Medicine",
   "has_full_text": "True",
   "full_text_file": "custom_license",
   "id": "https://doi.org/10.1016/j.prevetmed.2016.09.003",
   "fhir_link": [
      "PMC/Composition/ebc824ac4eef0e9f30adc378211f28f77e9fe5d9"
   ]
}