{
   "sha": "85d7376aca04b7df9b23618734948c2814ccfe19",
   "source_x": "PMC",
   "title": "Immunostimulatory activity of water-extractable polysaccharides from Cistanche deserticola as a plant adjuvant in vitro and in vivo",
   "doi": "http://dx.doi.org/10.1371/journal.pone.0191356",
   "pmcid": "PMC5779666",
   "pubmed_id": "29360858",
   "license": "CC BY",
   "abstract": "A safe and effective vaccine adjuvant is important in modern vaccines. Various Chinese herbal polysaccharides can activate the immune system. Cistanche deserticola (CD) is a traditional Chinese herb and an adjuvant candidate. Here, we confirmed that water-extractable polysaccharides of CD (WPCD) could modulate immune responses in vitro and in vivo. In a dose-dependent manner, WPCD significantly promoted the maturation and function of murine marrow-derived dendritic cells (BM-DCs) through up-regulating the expression levels of MHC-II, CD86, CD80, and CD40, allogenic T cell proliferation, and the yields of IL-12 and TNF-\u03b1 via toll-like receptor4 (TLR4), as indicated by in vitro experiments. In addition, its immunomodulatory activity was also observed in mice. WPCD effectively improved the titers of IgG, IgG(1) and IgG(2a) and markedly enhanced the proliferation of T and B cells, the production of IFN-\u03b3 and IL-4 in CD4(+) T cells and the expression level of IFN-\u03b3 in CD8(+) T cells better than Alum. Furthermore, WPCD could markedly up-regulate the expression levels of CD40 and CD80 on DCs in spleen and down-regulate the Treg frequency. The study suggests that polysaccharides of Cistanche deserticola are a safe and effective vaccine adjuvant for eliciting both humoral immunity and cellular immunity by activating DCs via TLR4 signaling pathway.",
   "publish_time": "2018 Jan 23",
   "authors": [
      "['Zhang, Ailian', 'Yang, Xiumei', 'Li, Quanxiao', 'Yang, Yu', 'Zhao, Gan', 'Wang, Bin', 'Wu, Daocheng']"
   ],
   "journal": "PLoS One",
   "has_full_text": "True",
   "id": "85d7376aca04b7df9b23618734948c2814ccfe19",
   "fhir_link": "Commercial/Composition/85d7376aca04b7df9b23618734948c2814ccfe19"
}