{
   "sha": "ec28c11583a9a7f5e341574268bf81895bc32e04",
   "source_x": "Elsevier",
   "title": "Seamless cloning and gene fusion",
   "doi": "10.1016/j.tibtech.2005.02.008",
   "pubmed_id": "15780712",
   "license": "els-covid",
   "abstract": "Gene fusion technology is a key tool in facilitating gene function studies. Hybrid molecules in which all the components are joined precisely, without the presence of intervening and unwanted extraneous sequences, enable accurate studies of molecules and the characterization of individual components. This article reviews situations in which seamlessly fused genes and proteins are required or desired and describes molecular approaches that are available for generating these hybrid molecules.",
   "publish_time": "2005-04-30",
   "authors": [
      "Lu, Quinn"
   ],
   "journal": "Trends in Biotechnology",
   "has_full_text": "True",
   "full_text_file": "custom_license",
   "id": "https://doi.org/10.1016/j.tibtech.2005.02.008",
   "fhir_link": [
      "PMC/Composition/ec28c11583a9a7f5e341574268bf81895bc32e04"
   ]
}