{
   "sha": "b9b548e08e7fd9500365205b741df0d2bdb6affa",
   "source_x": "Elsevier",
   "title": "Smart business networks: Concepts and empirical evidence",
   "doi": "10.1016/j.dss.2009.05.002",
   "license": "els-covid",
   "publish_time": "2009-11-30",
   "authors": [
      "van Heck, Eric",
      "Vervest, Peter"
   ],
   "journal": "Decision Support Systems",
   "has_full_text": "True",
   "full_text_file": "custom_license",
   "id": "https://doi.org/10.1016/j.dss.2009.05.002",
   "fhir_link": [
      "PMC/Composition/b9b548e08e7fd9500365205b741df0d2bdb6affa"
   ]
}