{
   "sha": "bc504068da20e64ab3c30213366eaeda7809c74a",
   "source_x": "Elsevier",
   "title": "ECB12: 12th European Congess on Biotechnology",
   "doi": "10.1016/j.jbiotec.2005.06.005",
   "license": "els-covid",
   "publish_time": "2005-08-31",
   "journal": "Journal of Biotechnology",
   "has_full_text": "True",
   "full_text_file": "custom_license",
   "id": "https://doi.org/10.1016/j.jbiotec.2005.06.005",
   "fhir_link": [
      "PMC/Composition/bc504068da20e64ab3c30213366eaeda7809c74a"
   ]
}