{
   "sha": "c2fb6867057dd0152657070fde0a4ab564d375c2",
   "source_x": "PMC",
   "title": "Risk factors associated with exposure to bovine respiratory disease pathogens during the peri-weaning period in dairy bull calves",
   "doi": "http://dx.doi.org/10.1186/s12917-018-1372-9",
   "pmcid": "PMC5828089",
   "pubmed_id": "29482563",
   "license": "CC BY",
   "abstract": "BACKGROUND: Bovine respiratory disease (BRD) remains among the leading causes of death of cattle internationally. The objective of this study was to identify risk factors associated with exposure to BRD pathogens during the peri-weaning period (day (d)-14 to d 14 relative to weaning at 0) in dairy bull calves using serological responses to these pathogens as surrogate markers of exposure. Clinically normal Holstein-Friesian and Jersey breed bull calves (n\u2009=\u200972) were group housed in 4 pens using a factorial design with calves of different breeds and planes of nutrition in each pen. Intrinsic, management and clinical data were collected during the pre-weaning (d\u2009\u2212\u200956 to d\u2009\u2212\u200914) period. Calves were gradually weaned over 14\u00a0days (d\u2009\u2212\u200914 to d 0). Serological analysis for antibodies against key BRD pathogens (BRSV, BPI3V, BHV-1, BHV-4, BCoV, BVDV and H. somni) was undertaken at d\u2009\u2212\u200914 and d 14. Linear regression models (for BVDV, BPI3V, BHV-1, BHV-4, BCoV and H. somni) and a single mixed effect random variable model (for BRSV) were used to identify risk factors for changes in antibody levels to these pathogens. RESULTS: BRSV was the only pathogen which demonstrated clustering by pen. Jersey calves experienced significantly lower changes in BVDV S/P than Holstein-Friesian calves. Animals with a high maximum respiratory score (\u22658) recorded significant increases in H. somni S/P during the peri-weaning period when compared to those with respiratory scores of \u22643. Haptoglobin levels of between 1.32 and 1.60\u00a0mg/ml at d\u2009\u2212\u200914 were significantly associated with decreases in BHV-1\u00a0S/N during the peri-weaning period. Higher BVDV S/P ratios at d\u2009\u2212\u200914 were significantly correlated with increased changes in serological responses to BHV-4 over the peri-weaning period. CONCLUSIONS: Haptoglobin may have potential as a predictor of exposure to BHV-1. BRSV would appear to play a more significant role at the \u2018group\u2019 rather than \u2018individual animal\u2019 level. The significant associations between the pre-weaning levels of antibodies to certain BRD pathogens and changes in the levels of antibodies to the various pathogens during the peri-weaning period may reflect a cohort of possibly genetically linked \u2018better responders\u2019 among the study population.",
   "publish_time": "2018 Feb 27",
   "authors": [
      "['Murray, Gerard M.', 'More, Simon J.', 'Clegg, Tracy A.', 'Earley, Bernadette', 'O\u2019Neill, R\u00f3nan G.', 'Johnston, Dayle', 'Gilmore, John', 'Nosov, Mikhail', 'McElroy, M\u00e1ire C.', 'Inzana, Thomas J.', 'Cassidy, Joseph P.']"
   ],
   "journal": "BMC Vet Res",
   "has_full_text": "True",
   "id": "c2fb6867057dd0152657070fde0a4ab564d375c2",
   "fhir_link": "Commercial/Composition/c2fb6867057dd0152657070fde0a4ab564d375c2.json"
}