{
   "sha": "e7550f29f58fbad80ffeb364d7c9f25accf3578d",
   "source_x": "PMC",
   "title": "Combined use of protein biomarkers and network analysis unveils deregulated regulatory circuits in Duchenne muscular dystrophy",
   "doi": "http://dx.doi.org/10.1371/journal.pone.0194225",
   "pmcid": "PMC5846794",
   "pubmed_id": "29529088",
   "license": "CC BY",
   "abstract": "Although the genetic basis of Duchenne muscular dystrophy has been known for almost thirty years, the cellular and molecular mechanisms characterizing the disease are not completely understood and an efficacious treatment remains to be developed. In this study we analyzed proteomics data obtained with the SomaLogic technology from blood serum of a cohort of patients and matched healthy subjects. We developed a workflow based on biomarker identification and network-based pathway analysis that allowed us to describe different deregulated pathways. In addition to muscle-related functions, we identified other biological processes such as apoptosis, signaling in the immune system and neurotrophin signaling as significantly modulated in patients compared with controls. Moreover, our network-based analysis identified the involvement of FoxO transcription factors as putative regulators of different pathways. On the whole, this study provided a global view of the molecular processes involved in Duchenne muscular dystrophy that are decipherable from serum proteome.",
   "publish_time": "2018 Mar 12",
   "authors": [
      "['Parolo, Silvia', 'Marchetti, Luca', 'Lauria, Mario', 'Misselbeck, Karla', 'Scott-Boyer, Marie-Pier', 'Caberlotto, Laura', 'Priami, Corrado']"
   ],
   "journal": "PLoS One",
   "has_full_text": "False",
   "id": "e7550f29f58fbad80ffeb364d7c9f25accf3578d"
}