{
   "sha": "bcdb62d79ce8e195d6c3d271c40854411bfc0897",
   "source_x": "Elsevier",
   "title": "A compendium of reviews in biochemistry and molecular biology published in the second half of 1991",
   "doi": "10.1016/0020-711X(92)90199-B",
   "pubmed_id": "1644210",
   "license": "els-covid",
   "abstract": "Abstract 1. 1. A compendium of reviews and mini-reviews in Biochemistry and Molecular Biology published in the second half of 1991 is presented. In all 880 titles are listed from 108 different publications. 2. 2. This compendium presents the references by Journal Name-the most suitable format for a hardcopy of this information. Keywords have been included with each reference to increase the value of the collection. Keyword and author cross-reference indexes are not included but are available in the electronic database from which this version was constructed. Should anyone wish to have this information in electronic form it can be distributed on MS-DOS formatted flopppy disks in either Reference Manager or Medline format. The author should be contacted for details of the number of pre-formatted floppy disks required.",
   "publish_time": "1992-08-31",
   "authors": [
      "Giles, Ian G"
   ],
   "journal": "International Journal of Biochemistry",
   "has_full_text": "True",
   "full_text_file": "custom_license",
   "id": "https://doi.org/10.1016/0020-711X(92)90199-B",
   "fhir_link": [
      "PMC/Composition/bcdb62d79ce8e195d6c3d271c40854411bfc0897"
   ]
}