{
   "sha": "47f8170580c2db811285548d138b85705a1ea7fd",
   "source_x": "Elsevier",
   "title": "PKR activation enhances replication of classical swine fever virus in PK-15 cells",
   "doi": "10.1016/j.virusres.2015.04.012",
   "pubmed_id": "25899421",
   "license": "els-covid",
   "abstract": "Abstract Classical swine fever (CSF) is a highly contagious swine disease that is responsible for economic losses worldwide. Protein kinase R (PK)R is an important protein in the host viral response; however, the role of PKR in CSFV infection remains unknown. This issue was addressed in the present study using the PK-15 swine kidney cell line. We found that CSFV infection increased the phosphorylation of eukaryotic translation initiation factor (eIF)2\u03b1 and its kinase PKR. However, the expression of viral proteins continued to increase. Furthermore, PKR overexpression enhanced CSFV replication, while PKR inhibition resulted in reduced CSFV replication and an increase in interferon (IFN) induction. In addition, PKR was responsible for eIF2\u03b1 phosphorylation in CSFV-infected cells. These results suggest that the activation of PKR during CSFV infection is beneficial to the virus. The virus is able to commandeer the host cell's translation machinery for viral protein synthesis while evading innate immune defenses.",
   "publish_time": "2015-06-02",
   "authors": [
      "Liu, Wen-Jun",
      "Yang, You-Tian",
      "Zhao, Ming-Qiu",
      "Dong, Xiao-Ying",
      "Gou, Hong-Chao",
      "Pei, Jing-Jing",
      "Chen, Jin-Ding"
   ],
   "journal": "Virus Research",
   "has_full_text": "True",
   "full_text_file": "custom_license",
   "id": "https://doi.org/10.1016/j.virusres.2015.04.012",
   "fhir_link": [
      "PMC/Composition/47f8170580c2db811285548d138b85705a1ea7fd"
   ]
}