{
   "sha": "bbba4d1840ca85dea4a5f2ccabd9cc5aa267e43a",
   "source_x": "Elsevier",
   "title": "Antiviral activity of K22 against members of the order Nidovirales",
   "doi": "10.1016/j.virusres.2018.01.002",
   "pubmed_id": "29337162",
   "license": "els-covid",
   "abstract": "Abstract Recently, a novel antiviral compound (K22) that inhibits replication of a broad range of animal and human coronaviruses was reported to interfere with viral RNA synthesis by impairing double-membrane vesicle (DMV) formation (Lundin et al., 2014). Here we assessed potential antiviral activities of K22 against a range of viruses representing two (sub)families of the order Nidovirales, the Arteriviridae (porcine reproductive and respiratory syndrome virus [PRRSV], equine arteritis virus [EAV] and simian hemorrhagic fever virus [SHFV]), and the Torovirinae (equine torovirus [EToV] and White Bream virus [WBV]). Possible effects of K22 on nidovirus replication were studied in suitable cell lines. K22 concentrations significantly decreasing infectious titres of the viruses included in this study ranged from 25 to 50 \u03bcM. Reduction of double-stranded RNA intermediates of viral replication in nidovirus-infected cells treated with K22 confirmed the anti-viral potential of K22. Collectively, the data show that K22 has antiviral activity against diverse lineages of nidoviruses, suggesting that the inhibitor targets a critical and conserved step during nidovirus replication.",
   "publish_time": "2018-02-15",
   "authors": [
      "Rappe, Julie Christiane Fran\u00e7oise",
      "de Wilde, Adriaan",
      "Di, Han",
      "M\u00fcller, Christin",
      "Stalder, Hanspeter",
      "V\u2019kovski, Philip",
      "Snijder, Eric",
      "Brinton, Margo A.",
      "Ziebuhr, John",
      "Ruggli, Nicolas",
      "Thiel, Volker"
   ],
   "journal": "Virus Research",
   "has_full_text": "True",
   "full_text_file": "custom_license",
   "id": "https://doi.org/10.1016/j.virusres.2018.01.002",
   "fhir_link": [
      "PMC/Composition/bbba4d1840ca85dea4a5f2ccabd9cc5aa267e43a"
   ]
}