{
   "sha": "aea827ad6b4888677fad2702e41ef2b6d65e8141",
   "source_x": "PMC",
   "title": "Inhibition of Zika Virus Replication by Silvestrol",
   "doi": "http://dx.doi.org/10.3390/v10040149",
   "pmcid": "PMC5923443",
   "pubmed_id": "29584632",
   "license": "CC BY",
   "abstract": "The Zika virus (ZIKV) outbreak in 2016 in South America with specific pathogenic outcomes highlighted the need for new antiviral substances with broad-spectrum activities to react quickly to unexpected outbreaks of emerging viral pathogens. Very recently, the natural compound silvestrol isolated from the plant Aglaia foveolata was found to have very potent antiviral effects against the (\u2212)-strand RNA-virus Ebola virus as well as against Corona- and Picornaviruses with a (+)-strand RNA-genome. This antiviral activity is based on the impaired translation of viral RNA by the inhibition of the DEAD-box RNA helicase eukaryotic initiation factor-4A (eIF4A) which is required to unwind structured 5\u00b4-untranslated regions (5\u2032-UTRs) of several proto-oncogenes and thereby facilitate their translation. Zika virus is a flavivirus with a positive-stranded RNA-genome harboring a 5\u2032-capped UTR with distinct secondary structure elements. Therefore, we investigated the effects of silvestrol on ZIKV replication in A549 cells and primary human hepatocytes. Two different ZIKV strains were used. In both infected A549 cells and primary human hepatocytes, silvestrol has the potential to exert a significant inhibition of ZIKV replication for both analyzed strains, even though the ancestor strain from Uganda is less sensitive to silvestrol. Our data might contribute to identify host factors involved in the control of ZIKV infection and help to develop antiviral concepts that can be used to treat a variety of viral infections without the risk of resistances because a host protein is targeted.",
   "publish_time": "2018 Mar 27",
   "authors": [
      "['Elgner, Fabian', 'Sabino, Catarina', 'Basic, Michael', 'Ploen, Daniela', 'Gr\u00fcnweller, Arnold', 'Hildt, Eberhard']"
   ],
   "journal": "Viruses",
   "has_full_text": "True",
   "id": "aea827ad6b4888677fad2702e41ef2b6d65e8141",
   "fhir_link": "Commercial/aea827ad6b4888677fad2702e41ef2b6d65e8141"
}