{
   "sha": "2585403015b1b1b31ab187eace93d67f4441e3cf",
   "source_x": "PMC",
   "title": "Overview of Virus Metagenomic Classification Methods and Their Biological Applications",
   "doi": "http://dx.doi.org/10.3389/fmicb.2018.00749",
   "pmcid": "PMC5924777",
   "pubmed_id": "29740407",
   "license": "CC BY",
   "abstract": "Metagenomics poses opportunities for clinical and public health virology applications by offering a way to assess complete taxonomic composition of a clinical sample in an unbiased way. However, the techniques required are complicated and analysis standards have yet to develop. This, together with the wealth of different tools and workflows that have been proposed, poses a barrier for new users. We evaluated 49 published computational classification workflows for virus metagenomics in a literature review. To this end, we described the methods of existing workflows by breaking them up into five general steps and assessed their ease-of-use and validation experiments. Performance scores of previous benchmarks were summarized and correlations between methods and performance were investigated. We indicate the potential suitability of the different workflows for (1) time-constrained diagnostics, (2) surveillance and outbreak source tracing, (3) detection of remote homologies (discovery), and (4) biodiversity studies. We provide two decision trees for virologists to help select a workflow for medical or biodiversity studies, as well as directions for future developments in clinical viral metagenomics.",
   "publish_time": "2018 Apr 23",
   "authors": [
      "['Nooij, Sam', 'Schmitz, Dennis', 'Vennema, Harry', 'Kroneman, Annelies', 'Koopmans, Marion P. G.']"
   ],
   "journal": "Front Microbiol",
   "has_full_text": "True",
   "id": "2585403015b1b1b31ab187eace93d67f4441e3cf",
   "fhir_link": "Commercial/Composition/2585403015b1b1b31ab187eace93d67f4441e3cf"
}