{
   "sha": "4b178b4e517e56b75fbe603cfb177e4bf0fd61c4",
   "source_x": "PMC",
   "title": "Recyclable Keggin Heteropolyacids as an Environmentally Benign Catalyst for the Synthesis of New 2-Benzoylamino-N-phenyl-benzamide Derivatives under Microwave Irradiations at Solvent-Free Conditions and the Evaluation of Biological Activity",
   "doi": "http://dx.doi.org/10.3390/molecules23010008",
   "pmcid": "PMC5943967",
   "pubmed_id": "29267237",
   "license": "CC BY",
   "abstract": "2-Benzoylamino-N-phenyl-benzamide derivatives (5a\u2013h) were prepared from 2-phenyl-3,1-(4H)-benzoxazin-4-one 3 and substituted anilines 4a\u2013h in the presence of a Keggin-type heteropolyacids series (H(3)PW(12)O(40)\u00b713H(2)O; H(4)SiW(12)O(40)\u00b713H(2)O; H(4)SiMo(12)O(40)\u00b713H(2)O; and H(3)PMo(12)O(40)\u00b713H(2)O) as catalysts without solvent and under microwave irradiation. We found that the use of H(3)PW(12)O(40)\u00b713H(2)O acid coupled to microwave irradiation allowed obtaining a high-yielding reaction with a short time. The compound structures were established by (1)H-NMR and (13)C-NMR. The antibacterial and antifungal activities of the synthesized compounds exhibited an inhibition of the growth of bacteria and fungi.",
   "publish_time": "2017 Dec 21",
   "authors": [
      "['Ighilahriz-Boubchir, Karima', 'Boutemeur-Kheddis, Baya', 'Rabia, Cherifa', 'Makhloufi-Chebli, Malika', 'Hamdi, Maamar', 'Silva, Artur M. S.']"
   ],
   "journal": "Molecules",
   "has_full_text": "False",
   "id": "4b178b4e517e56b75fbe603cfb177e4bf0fd61c4"
}