{
   "sha": "409c387fb844383d955d8a6d7aace1a4d9e40e63",
   "source_x": "PMC",
   "title": "Lack of serological evidence of Middle East respiratory syndrome coronavirus infection in virus exposed camel abattoir workers in Nigeria, 2016",
   "doi": "http://dx.doi.org/10.2807/1560-7917.ES.2018.23.32.1800175",
   "pmcid": "PMC6092911",
   "pubmed_id": "30107872",
   "license": "CC BY",
   "abstract": "Middle East respiratory syndrome coronavirus (MERS-CoV) is a zoonotic threat of global public health concern and dromedary camels are the source of zoonotic infection. Although MERS-CoV is enzootic in dromedaries in Africa as well as the Middle East, zoonotic disease has not been reported in Africa. Methods: In an abattoir in Kano, Nigeria, we tested nasal swabs from camels and investigated 261 humans with repeated occupational exposure to camels, many of whom also reported drinking fresh camel milk (n\u2009=\u2009138) or urine (n\u2009=\u200994) or using camel urine for medicinal purposes (n\u2009=\u200996). Results: Weekly MERS-CoV RNA detection in January\u2013February 2016 ranged from 0\u20138.4% of camels sampled. None of the abattoir workers with exposure to camels had evidence of neutralising antibody to MERS-CoV. Conclusion: There is a need for more studies to investigate whether or not zoonotic transmission of MERS-CoV does take place in Africa.",
   "publish_time": "2018 Aug 9",
   "authors": [
      "['So, Ray TY', 'Perera, Ranawaka APM', 'Oladipo, Jamiu O', 'Chu, Daniel KW', 'Kuranga, Sulyman A', 'Chan, Kin-ho', 'Lau, Eric HY', 'Cheng, Samuel MS', 'Poon, Leo LM', 'Webby, Richard J', 'Peiris, Malik']"
   ],
   "journal": "Euro Surveill",
   "has_full_text": "True",
   "id": "409c387fb844383d955d8a6d7aace1a4d9e40e63",
   "fhir_link": "Commercial/409c387fb844383d955d8a6d7aace1a4d9e40e63"
}