{
   "source_x": "CZI",
   "title": "Detection of 2019-nCoV in the pathological paraffin embedded tissue",
   "doi": "10.3760/cma.j.cn112151.20200219.00001",
   "pubmed_id": "32084674",
   "publish_time": "2020",
   "authors": [
      "Xu, S. P.",
      " Kuang, D.",
      " Hu, Y.",
      " Liu, C.",
      " Duan, Y. Q.",
      " Wang, G. P."
   ],
   "journal": "Zhonghua Bing Li Xue Za Zhi",
   "Microsoft Academic Paper ID": "1757240742",
   "WHO #Covidence": "#1448",
   "id": "https://www.ncbi.nlm.nih.gov/pubmed/32084674"
}