{
   "sha": "1cf06efb631fff1394f207cd3ad09376ed85f8cb",
   "source_x": "CZI",
   "title": "2019 novel coronavirus disease (COVID-19) in Taiwan: Reports of two cases from Wuhan, China",
   "doi": "10.1016/j.jmii.2020.02.009",
   "license": "cc-by-nc-nd",
   "abstract": "We reported two cases with community-acquired pneumonia caused by severe acute respiratory syndrome coronavirus 2 (SARS-CoV-2) who returned from Wuhan, China in January, 2020. The reported cases highlight non-specific clinical presentations of 2019 novel coronavirus disease (COVID-19) as well as the importance of rapid laboratory-based diagnosis.",
   "publish_time": "2020",
   "authors": [
      "Huang, Wei-Hsuan",
      " Teng, Ling-Chiao",
      " Yeh, Ting-Kuang",
      " Chen, Yu-Jen",
      " Lo, Wei-Jung",
      " Wu, Ming-Ju",
      " Chin, Chun-Shih",
      " Tsan, Yu-Tse",
      " Lin, Tzu-Chieh",
      " Chai, Jyh-Wen",
      " Lin, Chin-Fu",
      " Tseng, Chien-Hao",
      " Liu, Chia-Wei",
      " Wu, Chi-Mei",
      " Chen, Po-Yen",
      " Shi, Zhi-Yuan",
      " Liu, Po-Yu"
   ],
   "journal": "Journal of Microbiology, Immunology and Infection",
   "Microsoft Academic Paper ID": "3005943294",
   "WHO #Covidence": "#1299",
   "has_full_text": "True",
   "id": "1cf06efb631fff1394f207cd3ad09376ed85f8cb",
   "fhir_link": "Non-comercial/1cf06efb631fff1394f207cd3ad09376ed85f8cb"
}