{
   "sha": "08a23c9d22d75baf28efcfd7aee03fdc8ed65058",
   "source_x": "PMC",
   "title": "Design of Wide-Spectrum Inhibitors Targeting Coronavirus Main Proteases",
   "doi": "http://dx.doi.org/10.1371/journal.pbio.0030324",
   "pmcid": "PMC1197287",
   "pubmed_id": "16128623",
   "license": "CC BY",
   "abstract": "The genus Coronavirus contains about 25 species of coronaviruses (CoVs), which are important pathogens causing highly prevalent diseases and often severe or fatal in humans and animals. No licensed specific drugs are available to prevent their infection. Different host receptors for cellular entry, poorly conserved structural proteins (antigens), and the high mutation and recombination rates of CoVs pose a significant problem in the development of wide-spectrum anti-CoV drugs and vaccines. CoV main proteases (M(pro)s), which are key enzymes in viral gene expression and replication, were revealed to share a highly conservative substrate-recognition pocket by comparison of four crystal structures and a homology model representing all three genetic clusters of the genus Coronavirus. This conclusion was further supported by enzyme activity assays. Mechanism-based irreversible inhibitors were designed, based on this conserved structural region, and a uniform inhibition mechanism was elucidated from the structures of M(pro)-inhibitor complexes from severe acute respiratory syndrome-CoV and porcine transmissible gastroenteritis virus. A structure-assisted optimization program has yielded compounds with fast in vitro inactivation of multiple CoV M(pro)s, potent antiviral activity, and extremely low cellular toxicity in cell-based assays. Further modification could rapidly lead to the discovery of a single agent with clinical potential against existing and possible future emerging CoV-related diseases.",
   "publish_time": "2005 Oct 6",
   "authors": [
      "['Yang, Haitao', 'Xie, Weiqing', 'Xue, Xiaoyu', 'Yang, Kailin', 'Ma, Jing', 'Liang, Wenxue', 'Zhao, Qi', 'Zhou, Zhe', 'Pei, Duanqing', 'Ziebuhr, John', 'Hilgenfeld, Rolf', 'Yuen, Kwok Yung', 'Wong, Luet', 'Gao, Guangxia', 'Chen, Saijuan', 'Chen, Zhu', 'Ma, Dawei', 'Bartlam, Mark', 'Rao, Zihe']"
   ],
   "journal": "PLoS Biol",
   "has_full_text": "False",
   "id": "08a23c9d22d75baf28efcfd7aee03fdc8ed65058"
}