{
   "sha": "4ba3e67b9c30e25eaa61701184afa5c58ed096b5",
   "source_x": "PMC",
   "title": "Ball Python Nidovirus: a Candidate Etiologic Agent for Severe Respiratory Disease in Python regius",
   "doi": "http://dx.doi.org/10.1128/mBio.01484-14",
   "pmcid": "PMC4173777",
   "pubmed_id": "25205093",
   "license": "CC BY-NC-SA",
   "abstract": "A severe, sometimes fatal respiratory disease has been observed in captive ball pythons (Python regius) since the late 1990s. In order to better understand this disease and its etiology, we collected case and control samples and performed pathological and diagnostic analyses. Electron micrographs revealed filamentous virus-like particles in lung epithelial cells of sick animals. Diagnostic testing for known pathogens did not identify an etiologic agent, so unbiased metagenomic sequencing was performed. Abundant nidovirus-like sequences were identified in cases and were used to assemble the genome of a previously unknown virus in the order Nidovirales. The nidoviruses, which were not previously known to infect nonavian reptiles, are a diverse order that includes important human and veterinary pathogens. The presence of the viral RNA was confirmed in all diseased animals (n = 8) but was not detected in healthy pythons or other snakes (n = 57). Viral RNA levels were generally highest in the lung and other respiratory tract tissues. The 33.5-kb viral genome is the largest RNA genome yet described and shares canonical characteristics with other nidovirus genomes, although several features distinguish this from related viruses. This virus, which we named ball python nidovirus (BPNV), will likely establish a new genus in Torovirinae subfamily. The identification of a novel nidovirus in reptiles contributes to our understanding of the biology and evolution of related viruses, and its association with lung disease in pythons is a promising step toward elucidating an etiology for this long-standing veterinary disease.",
   "publish_time": "2014 Sep 9",
   "authors": [
      "['Stenglein, Mark D.', 'Jacobson, Elliott R.', 'Wozniak, Edward J.', 'Wellehan, James F. X.', 'Kincaid, Anne', 'Gordon, Marcus', 'Porter, Brian F.', 'Baumgartner, Wes', 'Stahl, Scott', 'Kelley, Karen', 'Towner, Jonathan S.', 'DeRisi, Joseph L.']"
   ],
   "journal": "mBio",
   "has_full_text": "False",
   "id": "4ba3e67b9c30e25eaa61701184afa5c58ed096b5"
}