{
   "sha": "0f93d30fe8e5f0277c822d5cbc8c04cb5bb60d41",
   "source_x": "PMC",
   "title": "Systems Vaccinology Identifies an Early Innate Immune Signature as a Correlate of Antibody Responses to the Ebola Vaccine rVSV-ZEBOV",
   "doi": "http://dx.doi.org/10.1016/j.celrep.2017.08.023",
   "pmcid": "PMC5583508",
   "pubmed_id": "28854372",
   "license": "CC BY-NC-ND",
   "abstract": "Predicting vaccine efficacy remains a challenge. We used a systems vaccinology approach to identify early innate immune correlates of antibody induction in humans receiving the Ebola vaccine rVSV-ZEBOV. Blood samples from days 0, 1, 3, 7, and 14 were analyzed for changes in cytokine levels, innate immune cell subsets, and gene expression. Integrative statistical analyses with cross-validation identified a signature of 5 early innate markers correlating with antibody titers on day 28 and beyond. Among those, IP-10 on day 3 and MFI of CXCR6 on NK cells on day 1 were independent correlates. Consistently, we found an early gene expression signature linked to IP-10. This comprehensive characterization of early innate immune responses to the rVSV-ZEBOV vaccine in humans revealed immune signatures linked to IP-10. These results suggest correlates of vaccine-induced antibody induction and provide a rationale to explore strategies for augmenting the effectiveness of vaccines through manipulation of IP-10.",
   "publish_time": "2017 Aug 29",
   "authors": [
      "['Rechtien, Anne', 'Richert, Laura', 'Lorenzo, Hadrien', 'Martrus, Gloria', 'Hejblum, Boris', 'Dahlke, Christine', 'Kasonta, Rahel', 'Zinser, Madeleine', 'Stubbe, Hans', 'Matschl, Urte', 'Lohse, Ansgar', 'Kr\u00e4hling, Verena', 'Eickmann, Markus', 'Becker, Stephan', None, 'Thi\u00e9baut, Rodolphe', 'Altfeld, Marcus', 'Addo, Marylyn']"
   ],
   "journal": "Cell Rep",
   "has_full_text": "False",
   "id": "0f93d30fe8e5f0277c822d5cbc8c04cb5bb60d41"
}