{
   "sha": "72903336c1c94d9acc0491f7aadc93d7365a6934",
   "source_x": "PMC",
   "title": "Differences among Ophthalmology Patients Referred to Tertiary Medical Centers according to Referral Hospital",
   "doi": "http://dx.doi.org/10.3341/kjo.2017.0090",
   "pmcid": "PMC5990643",
   "pubmed_id": "29770642",
   "license": "CC BY-NC",
   "abstract": "PURPOSE: This study aimed to investigate the diagnosis and severity of patients who were referred to tertiary medical centers according to the type and function of the referral hospitals. METHODS: First-visit patients referred from July 2015 to June 2016 were retrospectively reviewed with regard to referral hospital, final diagnosis, treatment necessity, and medical fees for the six months after their first hospital visit. Based on these data, differences in type and function of medical institution were examined. RESULTS: In a comparison of hospitals according to their number of beds, clinics, hospitals and, tertiary hospitals had no differences in the ratio of patients who needed treatment (p = 0.075) and their medical fees over six months (p = 0.372). When hospitals were classified by functional capability in terms of doctors' medical specialty, increasing ratios of patients requiring medical treatment (p < 0.001) and medical fees for six months (p < 0.001) were found in the order of non-eye specialists, eye specialists, and eye specialists in trainee hospital. CONCLUSIONS: Efficient healthcare delivery systems should classify medical institutions by functionality capability based on medical specialties rather than hospital size according to the number of beds.",
   "publish_time": "2018 Jun 4",
   "authors": [
      "['Kim, Heesuk', 'Kim, Hong Kyu', 'Rim, Tyler Hyungtaek', 'Kim, Ji Won', 'Kim, Jin Hyung', 'Kim, Sung Soo']"
   ],
   "journal": "Korean J Ophthalmol",
   "has_full_text": "True",
   "id": "72903336c1c94d9acc0491f7aadc93d7365a6934",
   "fhir_link": "Non-comercial/72903336c1c94d9acc0491f7aadc93d7365a6934"
}