{
   "sha": "28f2a06fb16fdc5824d33e0d93c67e0aa1107ecc",
   "source_x": "PMC",
   "title": "In wound repair vimentin mediates the transition of mesenchymal leader cells to a myofibroblast phenotype",
   "doi": "http://dx.doi.org/10.1091/mbc.E17-06-0364",
   "pmcid": "PMC6080657",
   "pubmed_id": "29718762",
   "license": "CC BY-NC-SA",
   "abstract": "Following injury, mesenchymal repair cells are activated to function as leader cells that modulate wound healing. These cells have the potential to differentiate to myofibroblasts, resulting in fibrosis and scarring. The signals underlying these differing pathways are complex and incompletely understood. The ex vivo mock cataract surgery cultures are an attractive model with which to address this question. With this model we study, concurrently, the mechanisms that control mesenchymal leader cell function in injury repair within their native microenvironment and the signals that induce this same cell population to acquire a myofibroblast phenotype when these cells encounter the environment of the adjacent tissue culture platform. Here we show that on injury, the cytoskeletal protein vimentin is released into the extracellular space, binds to the cell surface of the mesenchymal leader cells located at the wound edge in the native matrix environment, and supports wound closure. In profibrotic environments, the extracellular vimentin pool also links specifically to the mesenchymal leader cells and has an essential role in signaling their fate change to a myofibroblast. These findings suggest a novel role for extracellular, cell-surface\u2013associated vimentin in mediating repair-cell function in wound repair and in transitioning these cells to a myofibroblast phenotype.",
   "publish_time": "2018 Jul 1",
   "authors": [
      "['Walker, J. L.', 'Bleaken, B. M.', 'Romisher, A. R.', 'Alnwibit, A. A.', 'Menko, A. S.']"
   ],
   "journal": "Mol Biol Cell",
   "has_full_text": "False",
   "id": "28f2a06fb16fdc5824d33e0d93c67e0aa1107ecc"
}