{
   "sha": "ec6675c47e1dc4e4227c9ed3345103a82baaf09b",
   "source_x": "PMC",
   "title": "Rapid Field Immunoassay for Detecting Antibody to Sin Nombre Virus in Deer Mice",
   "doi": "http://dx.doi.org/10.3201/eid1310.070383",
   "pmcid": "PMC2851528",
   "pubmed_id": "18258020",
   "license": "NO-CC CODE",
   "abstract": "We developed a 1-hour field enzyme immunoassay (EIA) for detecting antibody to Sin Nombre virus in deer mice (Peromyscus maniculatus). The assay specificity and sensitivity were comparable to those of a standard EIA. This test will permit identification of rodents with antibody to this and perhaps other hantaviruses.",
   "publish_time": "2007 Oct",
   "authors": [
      "['Schountz, Tony', 'Calisher, Charles H.', 'Richens, Tiffany R.', 'Rich, Audrey A.', 'Doty, Jeffrey B.', 'Hughes, Mark T.', 'Beaty, Barry J.']"
   ],
   "journal": "Emerg Infect Dis",
   "has_full_text": "True",
   "id": "ec6675c47e1dc4e4227c9ed3345103a82baaf09b",
   "fhir_link": "PMC/ec6675c47e1dc4e4227c9ed3345103a82baaf09b"
}