{
   "sha": "140e6d0298bfcd1e825a4b81dcabc50d1658357a",
   "source_x": "CZI",
   "title": "The Novel Coronavirus: A Bird's Eye View",
   "doi": "10.15171/ijoem.2020.1921",
   "pubmed_id": "32020915",
   "license": "cc-by-nc-sa",
   "abstract": "The novel coronavirus (2019-nCoV) outbreak, which initially began in China, has spread to many countries around the globe, with the number of confirmed cases increasing every day. With a death toll exceeding that of the SARS-CoV outbreak back in 2002 and 2003 in China, 2019-nCoV has led to a public health emergency of international concern, putting all health organizations on high alert. Herein, we present on an overview of the currently available information on the pathogenesis, epidemiology, clinical presentation, diagnosis, and treatment of this virus.",
   "publish_time": "2020",
   "authors": [
      "Habibzadeh, Parham",
      " Stoneman, Emily K."
   ],
   "journal": "Int J Occup Environ Med",
   "Microsoft Academic Paper ID": "3004735879",
   "WHO #Covidence": "#319",
   "has_full_text": "True",
   "id": "140e6d0298bfcd1e825a4b81dcabc50d1658357a",
   "fhir_link": "Non-comercial/140e6d0298bfcd1e825a4b81dcabc50d1658357a"
}