{
   "sha": "e8aba212b12646260213688399d736da078dd22a",
   "source_x": "PMC",
   "title": "Novel Lyssavirus in Bat, Spain",
   "doi": "http://dx.doi.org/10.3201/eid1905.121071",
   "pmcid": "PMC3647500",
   "pubmed_id": "23648051",
   "license": "NO-CC CODE",
   "abstract": "A new tentative lyssavirus, Lleida bat lyssavirus, was found in a bent-winged bat (Miniopterus schreibersii) in Spain. It does not belong to phylogroups I or II, and it seems to be more closely related to the West Causasian bat virus, and especially to the Ikoma lyssavirus.",
   "publish_time": "2013 May",
   "authors": [
      "['Ceballos, Nidia Ar\u00e9chiga', 'Mor\u00f3n, Sonia V\u00e1zquez', 'Berciano, Jos\u00e9 M.', 'Nicol\u00e1s, Olga', 'L\u00f3pez, Carolina Aznar', 'Juste, Javier', 'Nevado, Cristina Rodr\u00edguez', 'Seti\u00e9n, \u00c1lvaro Aguilar', 'Echevarr\u00eda, Juan E.']"
   ],
   "journal": "Emerg Infect Dis",
   "has_full_text": "False",
   "id": "e8aba212b12646260213688399d736da078dd22a"
}