{
   "sha": "8bcf19aa1484447b3f16aa39f5f6efdaedfa5a5d",
   "source_x": "PMC",
   "title": "Human Infection with MERS Coronavirus after Exposure to Infected Camels, Saudi Arabia, 2013",
   "doi": "http://dx.doi.org/10.3201/eid2006.140402",
   "pmcid": "PMC4036761",
   "pubmed_id": "24857749",
   "license": "NO-CC CODE",
   "abstract": "We investigated a case of human infection with Middle East respiratory syndrome coronavirus (MERS-CoV) after exposure to infected camels. Analysis of the whole human-derived virus and 15% of the camel-derived virus sequence yielded nucleotide polymorphism signatures suggestive of cross-species transmission. Camels may act as a direct source of human MERS-CoV infection.",
   "publish_time": "2014 Jun",
   "authors": [
      "['Memish, Ziad A.', 'Cotten, Matthew', 'Meyer, Benjamin', 'Watson, Simon J.', 'Alsahafi, Abdullah J.', 'Al Rabeeah, Abdullah A.', 'Corman, Victor Max', 'Sieberg, Andrea', 'Makhdoom, Hatem Q.', 'Assiri, Abdullah', 'Al Masri, Malaki', 'Aldabbagh, Souhaib', 'Bosch, Berend-Jan', 'Beer, Martin', 'M\u00fcller, Marcel A.', 'Kellam, Paul', 'Drosten, Christian']"
   ],
   "journal": "Emerg Infect Dis",
   "has_full_text": "True",
   "id": "8bcf19aa1484447b3f16aa39f5f6efdaedfa5a5d",
   "fhir_link": "PMC/8bcf19aa1484447b3f16aa39f5f6efdaedfa5a5d"
}