{
   "sha": "4c7f6c52fe043745887db5406196b1d5099c9614",
   "source_x": "PMC",
   "title": "Multiple Introductions of Domestic Cat Feline Leukemia Virus in Endangered Florida Panthers",
   "doi": "http://dx.doi.org/10.3201/eid2501.181347",
   "pmcid": "PMC6302599",
   "pubmed_id": "30561312",
   "license": "NO-CC CODE",
   "abstract": "The endangered Florida panther (Puma concolor coryi) had an outbreak of infection with feline leukemia virus (FeLV) in the early 2000s that resulted in the deaths of 3 animals. A vaccination campaign was instituted during 2003\u20132007 and no additional cases were recorded until 2010. During 2010\u20132016, six additional FeLV cases were documented. We characterized FeLV genomes isolated from Florida panthers from both outbreaks and compared them with full-length genomes of FeLVs isolated from contemporary Florida domestic cats. Phylogenetic analyses identified at least 2 circulating FeLV strains in panthers, which represent separate introductions from domestic cats. The original FeLV virus outbreak strain is either still circulating or another domestic cat transmission event has occurred with a closely related variant. We also report a case of a cross-species transmission event of an oncogenic FeLV recombinant (FeLV-B). Evidence of multiple FeLV strains and detection of FeLV-B indicate Florida panthers are at high risk for FeLV infection.",
   "publish_time": "2019 Jan",
   "authors": [
      "['Chiu, Elliott S.', 'Kraberger, Simona', 'Cunningham, Mark', 'Cusack, Lara', 'Roelke, Melody', 'VandeWoude, Sue']"
   ],
   "journal": "Emerg Infect Dis",
   "has_full_text": "True",
   "id": "4c7f6c52fe043745887db5406196b1d5099c9614",
   "fhir_link": "PMC/4c7f6c52fe043745887db5406196b1d5099c9614"
}