{
   "source_x": "PMC",
   "title": "Occupational adverse effects and protective factors in bronchoscopy",
   "doi": "http://dx.doi.org/10.21037/jtd.2019.03.73",
   "pmcid": "PMC6531707",
   "abstract": "The application of bronchoscopy has resolved a series of diagnostic and treatment challenges in pulmonary diseases. However, the occupational adverse effects experienced by healthcare workers in interventional pulmonology should receive increasing attention. Various aspects of adverse effects in bronchoscopy are often neglected, and healthcare workers frequently ignore guidelines for personal protection against factors such as radiation, smoke, pathogenic microbiological aerosols, cryogenic gas, etc. Thus, there is an urgent need to conduct additional research to establish standards for occupational adverse effects and protective measures related to bronchoscopy.",
   "authors": [
      "['Chen, Kai', 'Bai, Chong']"
   ],
   "id": "https://www.ncbi.nlm.nih.gov/pmc/articles/PMC6531707"
}