{
   "source_x": "PMC",
   "title": "Comprehensive viral enrichment enables sensitive respiratory virus genomic identification and analysis by next generation sequencing",
   "doi": "http://dx.doi.org/10.1101/gr.226316.117",
   "pmcid": "PMC5991510",
   "abstract": "Next generation sequencing (NGS) technologies have revolutionized the genomics field and are becoming more commonplace for identification of human infectious diseases. However, due to the low abundance of viral nucleic acids (NAs) in relation to host, viral identification using direct NGS technologies often lacks sufficient sensitivity. Here, we describe an approach based on two complementary enrichment strategies that significantly improves the sensitivity of NGS-based virus identification. To start, we developed two sets of DNA probes to enrich virus NAs associated with respiratory diseases. The first set of probes spans the genomes, allowing for identification of known viruses and full genome sequencing, while the second set targets regions conserved among viral families or genera, providing the ability to detect both known and potentially novel members of those virus groups. Efficiency of enrichment was assessed by NGS testing reference virus and clinical samples with known infection. We show significant improvement in viral identification using enriched NGS compared to unenriched NGS. Without enrichment, we observed an average of 0.3% targeted viral reads per sample. However, after enrichment, 50%\u201399% of the reads per sample were the targeted viral reads for both the reference isolates and clinical specimens using both probe sets. Importantly, dramatic improvements on genome coverage were also observed following virus-specific probe enrichment. The methods described here provide improved sensitivity for virus identification by NGS, allowing for a more comprehensive analysis of disease etiology.",
   "authors": [
      "[\"O'Flaherty, Brigid M.\", 'Li, Yan', 'Tao, Ying', 'Paden, Clinton R.', 'Queen, Krista', 'Zhang, Jing', 'Dinwiddie, Darrell L.', 'Gross, Stephen M.', 'Schroth, Gary P.', 'Tong, Suxiang']"
   ],
   "id": "https://www.ncbi.nlm.nih.gov/pmc/articles/PMC5991510"
}