{
   "source_x": "CZI",
   "title": "Characteristics of and Important Lessons From the Coronavirus Disease 2019 (COVID-19) Outbreak in China: Summary of a Report of 72\u202f314 Cases From the Chinese Center for Disease Control and Prevention",
   "doi": "10.1001/jama.2020.2648",
   "pubmed_id": "32091533",
   "publish_time": "2020",
   "authors": [
      "Wu, Zunyou",
      " McGoogan, Jennifer M."
   ],
   "journal": "JAMA",
   "WHO #Covidence": "#1741",
   "id": "https://www.ncbi.nlm.nih.gov/pubmed/32091533"
}