{
   "source_x": "PMC",
   "title": "Interferon Gamma Induces Protective Non-Canonical Signaling Pathways in Primary Neurons",
   "doi": "http://dx.doi.org/10.1111/jnc.13250",
   "pmcid": "PMC4809142",
   "abstract": "The signal transduction molecule, Stat1, is critical for the expression of type I and II interferon (IFN)-responsive genes in most cells; however, we previously showed that primary hippocampal mouse neurons express low basal Stat1, with delayed and attenuated expression of IFN-responsive genes. Moreover, IFN\u03b3-dependent resolution of a neurotropic viral challenge in permissive mice is Stat1-independent. Here, we show that exogenous INF\u03b3 has no deleterious impact on neuronal viability, and staurosporine-induced apoptosis in neurons is significantly blunted by the addition of INF\u03b3, suggesting that INF\u03b3 confers a pro-survival signal in neurons. To identify the pathways induced by INF\u03b3 in neurons, the activation of alternative signal transducers associated with INF\u03b3 signaling was assessed. Rapid and pronounced activation of extracellular signal regulated kinase (Erk1/2) was observed in neurons, compared to a modest response in fibroblasts. Moreover, the absence of Stat1 in primary fibroblasts led to enhanced Erk activation following IFN\u03b3 addition, implying that the cell-specific availability of signal transducers can diversify the cellular response following IFN engagement.",
   "authors": [
      "[\"O'Donnell, Lauren A.\", 'Henkins, Kristen M.', 'Kulkarni, Apurva', 'Matullo, Christine M.', 'Balachandran, Siddharth', 'Pattisapu, Anil K.', 'Rall, Glenn F.']"
   ],
   "id": "https://www.ncbi.nlm.nih.gov/pmc/articles/PMC4809142"
}