{
   "source_x": "PMC",
   "title": "THE DUALITY OF FGL2 - SECRETED IMMUNE CHECKPOINT REGULATOR VERSUS MEMBRANE-ASSOCIATED PROCOAGULANT: THERAPEUTIC POTENTIAL AND IMPLICATIONS",
   "doi": "http://dx.doi.org/10.3109/08830185.2014.956360",
   "pmcid": "PMC5257246",
   "abstract": "Fibrinogen-like protein 2 (Fgl2), a member of the fibrinogen family, can be expressed as a membrane-associated protein with coagulation activity or in a secreted form possessing unique immune suppressive functions. The biological importance of Fgl2 is evident within viral-induced fibrin depositing inflammatory diseases and malignancies and provides a compelling rationale for Fgl2 expression to not only be considered as a disease biomarker but also as a therapeutic target. This article will provide a comprehensive review of the currently known biological properties of Fgl2 and clarifies future scientific directives.",
   "authors": [
      "['Hu, Jiemiao', 'Yan, Jun', 'Rao, Ganesh', 'Latha, Khatri', 'Overwijk, Willem W.', 'Heimberger, Amy B', 'Li, Shulin']"
   ],
   "id": "https://www.ncbi.nlm.nih.gov/pmc/articles/PMC5257246"
}