{
   "source_x": "PMC",
   "title": "Emmprin and KSHV: new partners in viral cancer pathogenesis",
   "doi": "http://dx.doi.org/10.1016/j.canlet.2013.05.037",
   "pmcid": "PMC3728473",
   "abstract": "Emmprin (CD147; basigin) is a multifunctional glycoprotein expressed at higher levels by cancer cells and stromal cells in the tumor microenvironment. Through direct effects within tumor cells and promotion of tumor-stroma interactions, emmprin participates in induction of tumor cell invasiveness, angiogenesis, metastasis and chemoresistance. Although its contribution to cancer progression has been widely studied, the role of emmprin in viral oncogenesis still remains largely unclear, and only a small body of available literature implicates emmprin-associated mechanisms in viral pathogenesis and tumorigenesis. We summarize these data in this review, focusing on the role of emmprin in pathogenesis associated with the Kaposi sarcoma-associated herpesvirus (KSHV), a common etiology for cancers arising in the setting of immune suppression. We also discuss future directions for mechanistic studies exploring roles for emmprin in viral cancer pathogenesis.",
   "authors": [
      "['Dai, Lu', 'Bai, Lihua', 'Lu, Ying', 'Xu, Zengguang', 'Reiss, Krys', 'Valle, Luis Del', 'Kaleeba, Johnan', 'Toole, Bryan P.', 'Parsons, Chris', 'Qin, Zhiqiang']"
   ],
   "id": "https://www.ncbi.nlm.nih.gov/pmc/articles/PMC3728473"
}