{
   "source_x": "PMC",
   "title": "CD40-targeted adenoviral cancer vaccines: the long and winding road to the clinic",
   "doi": "http://dx.doi.org/10.1002/jgm.1648",
   "pmcid": "PMC3433169",
   "abstract": "The ability of Dendritic Cells (DC) to orchestrate innate and adaptive immune responses has been exploited to develop potent anti-cancer immunotherapies. Recent clinical trials exploring the efficacy of ex vivo modified autologous DC-based vaccines have reported some promising results. However, in vitro generation of autologous DC for clinical administration, their loading with tumor associated antigens (TAA) and their activation, is laborious and expensive, and, due to interindividual variability in the personalized vaccines, poorly standardized. An attractive alternative approach is to load resident DC in vivo by targeted delivery of TAA , using viral vectors and activating them simultaneously. To this end we have constructed genetically modified Adenoviral (Ad) vectors and bispecific adaptor molecules to retarget Ad vectors encoding TAA to the CD40 receptor on DC. Preclinical human and murine studies conducted so far have clearly demonstrated the suitability of a \u201ctwo-component\u201d, i.e. Ad and adaptor molecule, configuration for targeted modification of DC in vivo for cancer immunotherapy. This review summarizes recent progress in the development of CD40-targeted Ad-based cancer vaccines and highlights pre-clinical issues in clinical translation of this approach.",
   "authors": [
      "['Hangalapura, Basav N.', 'Timares, Laura', 'Oosterhoff, Dinja', 'Scheper, Rik J.', 'Curiel, David T.', 'de Gruijl, Tanja D.']"
   ],
   "id": "https://www.ncbi.nlm.nih.gov/pmc/articles/PMC3433169"
}