{
   "source_x": "PMC",
   "title": "Detection of Adeno-Associated Virus Viremia in Hematopoietic Cell Transplant Recipients",
   "doi": "http://dx.doi.org/10.1093/infdis/jir655",
   "pmcid": "PMC3203237",
   "abstract": "Adeno-associated virus (AAV) is widely considered to be nonpathogenic, but the clinical epidemiology of this virus is limited. By use of polymerase chain reaction assays, we investigated the incidence and clinical significance of AAV viremia in a population of consecutive recipients of a hematopoietic cell transplant (HCT). Four (2.8%) of 145 patients developed AAV viremia after HCT. Viremia was low level and transient in all patients. Two patients were admitted to the hospital and died in proximity to AAV viremia (<7 weeks between diagnosis and death); however, AAV was not detected in tissue specimens obtained at autopsy. Thus, AAV does not appear to play a pathogenic role in organ-specific illness, even in a highly immunocompromised population.",
   "authors": [
      "['Heugel, Judson', 'Boeckh, Michael', 'Huang, Meei-Li', 'Dierks, Becky', 'Hackman, Robert', 'Fredricks, David', 'Kuypers, Jane', 'Corey, Lawrence']"
   ],
   "id": "https://www.ncbi.nlm.nih.gov/pmc/articles/PMC3203237"
}