{
   "source_x": "PMC",
   "title": "A host-restricted viral vector for antigen-specific immunization against Lyme disease pathogen",
   "doi": "http://dx.doi.org/10.1016/j.vaccine.2011.05.010",
   "pmcid": "PMC3138909",
   "abstract": "Newcastle disease virus (NDV) is an avian virus that is attenuated in primates and is a potential vaccine vector for human use. We evaluated NDV as a vector for expressing selected antigens of the Lyme disease pathogen Borrelia burgdorferi. A series of recombinant NDVs were generated that expressed intracellular or extracellular forms of two Borrelia burgdorferi antigens: namely, the basic membrane protein A (BmpA) and the outer surface protein C (OspC). Expression of the intracellular and extracellular forms of these antigens was confirmed in cultured chicken cells. C3H or Balb/C mice that were immunized intranasally with the NDV vectors mounted vigorous serum antibody responses against the NDV vector, but failed to mount a robust response against either the intracellular or extracellular forms of BmpA or OspC. In contrast, a single immunization of hamsters with the NDV vectors via the intranasal, intramuscular, or intraperitoneal route resulted in rapid and rigorous antibody responses against the intracellular or extracellular forms of BmpA and OspC. When groups of hamsters were separately inoculated with various NDV vectors and challenged with B. burgdorferi (10(8) cells/animal), immunization with vector expressing either intracellular or extracellular BmpA was associated with a significant reduction of the pathogen load in the joints. Taken together, our studies highlighted the importance of NDV as vaccine vector that can be used for simple yet effective immunization of hosts against bacterial infections including Lyme disease.",
   "authors": [
      "['Xiao, Sa', 'Kumar, Manish', 'Yang, Xiuli', 'Akkoyunlu, Mustafa', 'Collins, Peter L.', 'Samal, Siba K.', 'Pal, Utpal']"
   ],
   "id": "https://www.ncbi.nlm.nih.gov/pmc/articles/PMC3138909"
}