{
   "sha": "34a95c9d94919eaef9a5bb6a863cf75a41d8e10a",
   "source_x": "PMC",
   "title": "High-Resolution Functional Mapping of the Venezuelan Equine Encephalitis Virus Genome by Insertional Mutagenesis and Massively Parallel Sequencing",
   "doi": "http://dx.doi.org/10.1371/journal.ppat.1001146",
   "pmcid": "PMC2954836",
   "pubmed_id": "20976195",
   "license": "CC0",
   "abstract": "We have developed a high-resolution genomic mapping technique that combines transposon-mediated insertional mutagenesis with either capillary electrophoresis or massively parallel sequencing to identify functionally important regions of the Venezuelan equine encephalitis virus (VEEV) genome. We initially used a capillary electrophoresis method to gain insight into the role of the VEEV nonstructural protein 3 (nsP3) in viral replication. We identified several regions in nsP3 that are intolerant to small (15 bp) insertions, and thus are presumably functionally important. We also identified nine separate regions in nsP3 that will tolerate small insertions at low temperatures (30\u00b0C), but not at higher temperatures (37\u00b0C, and 40\u00b0C). Because we found this method to be extremely effective at identifying temperature sensitive (ts) mutations, but limited by capillary electrophoresis capacity, we replaced the capillary electrophoresis with massively parallel sequencing and used the improved method to generate a functional map of the entire VEEV genome. We identified several hundred potential ts mutations throughout the genome and we validated several of the mutations in nsP2, nsP3, E3, E2, E1 and capsid using single-cycle growth curve experiments with virus generated through reverse genetics. We further demonstrated that two of the nsP3 ts mutants were attenuated for virulence in mice but could elicit protective immunity against challenge with wild-type VEEV. The recombinant ts mutants will be valuable tools for further studies of VEEV replication and virulence. Moreover, the method that we developed is applicable for generating such tools for any virus with a robust reverse genetics system.",
   "publish_time": "2010 Oct 14",
   "authors": [
      "['Beitzel, Brett F.', 'Bakken, Russell R.', 'Smith, Jeffrey M.', 'Schmaljohn, Connie S.']"
   ],
   "journal": "PLoS Pathog",
   "has_full_text": "False",
   "id": "34a95c9d94919eaef9a5bb6a863cf75a41d8e10a"
}