{
   "source_x": "PMC",
   "title": "Design of helical, oligomeric HIV-1 fusion inhibitor peptides with potent activity against enfuvirtide-resistant virus",
   "doi": "http://dx.doi.org/10.1073/pnas.0701478104",
   "pmcid": "PMC1937542",
   "abstract": "Enfuvirtide (ENF), the first approved fusion inhibitor (FI) for HIV, is a 36-aa peptide that acts by binding to the heptad repeat 1 (HR1) region of gp41 and preventing the interaction of the HR1 and HR2 domains, which is required for virus\u2013cell fusion. Treatment-acquired resistance to ENF highlights the need to create FI therapeutics with activity against ENF-resistant viruses and improved durability. Using rational design, we have made a series of oligomeric HR2 peptides with increased helical structure and with exceptionally high HR1/HR2 bundle stability. The engineered peptides are found to be as much as 3,600-fold more active than ENF against viruses that are resistant to the HR2 peptides ENF, T-1249, or T-651. Passaging experiments using one of these peptides could not generate virus with decreased sensitivity, even after >70 days in culture, suggesting superior durability as compared with ENF. In addition, the pharmacokinetic properties of the engineered peptides were improved up to 100-fold. The potent antiviral activity against resistant viruses, the difficulty in generating resistant virus, and the extended half-life in vivo make this class of fusion inhibitor peptide attractive for further development.",
   "authors": [
      "['Dwyer, John J.', 'Wilson, Karen L.', 'Davison, Donna K.', 'Freel, Stephanie A.', 'Seedorff, Jennifer E.', 'Wring, Stephen A.', 'Tvermoes, Nicolai A.', 'Matthews, Thomas J.', 'Greenberg, Michael L.', 'Delmedico, Mary K.']"
   ],
   "id": "https://www.ncbi.nlm.nih.gov/pmc/articles/PMC1937542"
}