{
   "source_x": "PMC",
   "title": "HUMAN CORONAVIRUS-NL63 INFECTION IS NOT ASSOCIATED WITH ACUTE KAWASAKI DISEASE",
   "doi": "http://dx.doi.org/10.1007/978-0-387-33012-9_94",
   "pmcid": "PMC2868826",
   "authors": [
      "['Baker, S. C.', 'Shimizu, C.', 'Shike, H.', 'Garcia, F.', 'van der Hoek, L.', 'Kuijper, T. W.', 'Reed, S. L.', 'Rowley, A. H.', 'Shulman, S. T.', 'Talbot, H. K. B.', 'Williams, J. V.', 'Burns, J. C.']"
   ],
   "id": "https://www.ncbi.nlm.nih.gov/pmc/articles/PMC2868826"
}