{
   "source_x": "PMC",
   "title": "Suspected Clostridium difficile-associated hemorrhagic diarrhea in a 1-week-old elk calf",
   "pmcid": "PMC1288420",
   "abstract": "Clostridium difficile-associated diarrhea was suspected in a 1-week-old elk (Cervus elaphus) calf. The isolation of a toxigenic strain of C. difficile from a diarrheic fecal sample, along with exclusion of other enteropathogens, formed the basis of this presumptive diagnosis. Further study is indicated to evaluate the role of C. difficile in neonatal diarrhea in elk.",
   "authors": [
      "['Arroyo, Luis G.', 'Rousseau, Joyce D.', 'Staempfli, Henry R.', 'Weese, J. Scott']"
   ],
   "id": "https://www.ncbi.nlm.nih.gov/pmc/articles/PMC1288420"
}