{
   "source_x": "PMC",
   "title": "Ribavirin is not a functional mimic of the 7-methyl guanosine mRNA cap",
   "doi": "http://dx.doi.org/10.1261/rna.2930805",
   "pmcid": "PMC1370807",
   "abstract": "Ribavirin is a guanosine ribonucleoside analog that displays broad-spectrum anti-viral activity and is currently used for the treatment of some viral infections. Ribavirin has recently been proposed to also be a mimic of the 7-methyl guanosine cap found at the 5\u2032 end of mRNAs. To obtain supporting functional data for this hypothesis, we assessed the ability of ribavirin triphosphate to interfere with the interaction between eIF4E and 7-methyl guanosine capped mRNA. In chemical cross-linking assays, cap-affinity chromatography, and cap-dependent translation assays, ribavirin was unable to function as a cap analog.",
   "authors": [
      "['YAN, YIFEI', 'SVITKIN, YURI', 'LEE, JOSEPH M.', 'BISAILLON, MARTIN', 'PELLETIER, JERRY']"
   ],
   "id": "https://www.ncbi.nlm.nih.gov/pmc/articles/PMC1370807"
}