{
   "source_x": "PMC",
   "title": "Preliminary characterization of the structural proteins of the coronaviruses, sialodacryoadenitis virus and Parker's rat coronavirus.",
   "pmcid": "PMC1263673",
   "abstract": "A procedure was developed for the partial purification of the rat coronaviruses, sialodacryoadenitis virus (SDAV) and Parker's rat coronavirus (PRC). The SDAV and PRC were replicated in L-2 cell monolayer cultures, precipitated with ammonium sulphate, and further concentrated using sucrose density gradient centrifugation. The major SDAV and PRC proteins were identified by immunoblotting and compared with those of the JHM strain of mouse hepatitis virus (MHV-JHM). Monoclonal antibodies (MAb) against the M protein of JHM recognized proteins interpreted to be slightly smaller in immunoblots of SDAV and PRC (22.8 vs 23K for JHM). Similarly, a monoclonal antibody against the JHM N protein reacted with proteins of 53K in SDAV and PRC (vs 56 K for JHM). Polyclonal antisera to all three viruses also cross-reacted with the M and N proteins. Some cross-reactivity amongst the S proteins was observed. Based on these data, the structural proteins of the rat coronaviruses, SDAV and PRC are closely related to those of MHV-JHM.",
   "authors": [
      "['Barker, M G', 'Percy, D H', 'Hovland, D J', 'MacInnes, J I']"
   ],
   "id": "https://www.ncbi.nlm.nih.gov/pmc/articles/PMC1263673"
}