{
   "sha": "815f653470c57a95b92e3857d8f5d038b4000d99",
   "source_x": "biorxiv",
   "title": "Processing of the SARS-CoV pp1a/ab nsp7-10 region",
   "doi": "doi.org/10.1101/860049",
   "license": "See https://www.biorxiv.org/about-biorxiv",
   "abstract": "1.1.Severe acute respiratory syndrome coronavirus (SARS-CoV) is the causative agent of a respiratory disease with a high case fatality rate. During the formation of the coronaviral replication/transcription complex (RTC), essential steps include processing of the conserved polyprotein nsp7-10 region by the main protease Mpro and subsequent complex formation of the released nsps. Here, we analyzed processing of the coronavirus nsp7-10 region using native mass spectrometry showing consumption of substrate, rise and fall of intermediate products and complexation. Importantly, there is a clear order of cleavage efficiencies, which is influenced by the polyprotein tertiary structure. Furthermore, the predominant product is an nsp7+8(2:2) hetero-tetramer with nsp8 scaffold. In conclusion, native MS, opposed to other methods, can expose the processing dynamics of viral polyproteins and the landscape of protein interactions in one set of experiments. Thereby, new insights into protein interactions, essential for generation of viral progeny, were provided, with relevance for development of antivirals.",
   "publish_time": "2019-12-04",
   "authors": [
      "Krichel, B.",
      " Falke, S.",
      " Hilgenfeld, R.",
      " Redecke, L.",
      " Uetrecht, C."
   ],
   "has_full_text": "True",
   "id": "815f653470c57a95b92e3857d8f5d038b4000d99",
   "fhir_link": "bioRxiv-medRxiv/815f653470c57a95b92e3857d8f5d038b4000d99"
}