{
   "sha": "b80d9de7750d627a0189fcd2dfd82c7efcb1c079",
   "source_x": "biorxiv",
   "title": "An interaction network of RNA-binding proteins involved in Drosophila oogenesis",
   "doi": "doi.org/10.1101/2020.01.08.899146",
   "license": "See https://www.biorxiv.org/about-biorxiv",
   "abstract": "During Drosophila oogenesis, the localization and translational regulation of maternal transcripts relies on RNA-binding proteins (RBPs). Many of these RBPs localize several mRNAs and may have additional direct interaction partners to regulate their functions. Using immunoprecipitation from whole Drosophila ovaries coupled to mass spectrometry, we examined protein-protein associations of 6 GFP-tagged RBPs expressed at physiological levels. Analysis of the interaction network and further validation in human cells allowed us to identify 26 previously unknown associations, besides recovering several well characterized interactions. We identified interactions between RBPs and several splicing factors, providing links between nuclear and cytoplasmic events of mRNA regulation. Additionally, components of the translational and RNA decay machineries were selectively co-purified with some baits, suggesting a mechanism for how RBPs may regulate maternal transcripts. Given the evolutionary conservation of the studied RBPs, the interaction network presented here provides the foundation for future functional and structural studies of mRNA localization across metazoans.",
   "publish_time": "2020-01-09",
   "authors": [
      "Bansal, P.",
      " Madlung, J.",
      " Schaaf, K.",
      " Macek, B.",
      " Bono, F."
   ],
   "has_full_text": "True",
   "id": "b80d9de7750d627a0189fcd2dfd82c7efcb1c079",
   "fhir_link": "bioRxiv-medRxiv/b80d9de7750d627a0189fcd2dfd82c7efcb1c079"
}