{
   "sha": "b9da9ffc87686c0c27666e5d6a9009b7f8b6289a",
   "source_x": "biorxiv",
   "title": "Rapid reconstruction of SARS-CoV-2 using a synthetic genomics platform",
   "doi": "doi.org/10.1101/2020.02.21.959817",
   "license": "See https://www.biorxiv.org/about-biorxiv",
   "abstract": "Reverse genetics has been an indispensable tool revolutionising our insights into viral pathogenesis and vaccine development. Large RNA virus genomes, such as from Coronaviruses, are cumbersome to clone and to manipulate in E. coli hosts due to size and occasional instability1-3. Therefore, an alternative rapid and robust reverse genetics platform for RNA viruses would benefit the research community. Here we show the full functionality of a yeast-based synthetic genomics platform for the genetic reconstruction of diverse RNA viruses, including members of the Coronaviridae, Flaviviridae and Paramyxoviridae families. Viral subgenomic fragments were generated using viral isolates, cloned viral DNA, clinical samples, or synthetic DNA, and reassembled in one step in Saccharomyces cerevisiae using transformation associated recombination (TAR) cloning to maintain the genome as a yeast artificial chromosome (YAC). T7-RNA polymerase has been used to generate infectious RNA, which was then used to rescue viable virus. Based on this platform we have been able to engineer and resurrect chemically-synthetized clones of the recent epidemic SARS-CoV-24 in only a week after receipt of the synthetic DNA fragments. The technical advance we describe here allows to rapidly responding to emerging viruses as it enables the generation and functional characterization of evolving RNA virus variants - in real-time - during an outbreak.",
   "publish_time": "2020-02-21",
   "authors": [
      "Thao, T. T. N.",
      " Labroussaa, F.",
      " Ebert, N.",
      " V'kovski, P.",
      " Stalder, H.",
      " Portmann, J.",
      " Kelly, J.",
      " Steiner, S.",
      " Holwerda, M.",
      " Kratzel, A.",
      " Gultom, M.",
      " Laloli, L.",
      " Huesser, L.",
      " Wider, M.",
      " Pfaender, S.",
      " Hirt, D.",
      " Cippa, V.",
      " Crespo-Pomar, S.",
      " Schroeder, S.",
      " Muth, D.",
      " Niemeyer, D.",
      " Mueller, M. A.",
      " Drosten, C.",
      " Dijkman, R.",
      " Jores, J.",
      " Thiel, V."
   ],
   "has_full_text": "False",
   "id": "b9da9ffc87686c0c27666e5d6a9009b7f8b6289a"
}