{
   "source_x": "CZI",
   "title": "Recent insights into 2019-nCoV: a brief but comprehensive review",
   "doi": "10.1016/j.jinf.2020.02.010",
   "abstract": "A novel coronavirus designated as 2019-nCoV hit the central Chinese city of Wuhan in late December 2019, and subsequently spread rapidly to all provinces of China and multiple countries. Up to 0:00 am February 9, 2020, a total of 37,287 cases have been confirmed infection of 2019-nCoV in China mainland, and 302 cases have also been cumulatively reported from 24 countries. According to the latest data, a total of 813 deaths occurred in China mainland, with the mortality reaching approximately 2.2%. At present, there is no vaccine or specific drugs for human coronavirus, so that it's critical to understand the nature of the virus and its clinical characteristics to response to the 2019-nCoV outbreak. Thus, we summarize the not much but timely reports on the 2019-nCoV in the present study, briefly but comprehensively.",
   "publish_time": "2020",
   "authors": [
      "Han, Qingmei",
      " Lin, Qingqing",
      " Jin, Shenhe",
      " You, Liangshun"
   ],
   "journal": "Journal of Infection",
   "Microsoft Academic Paper ID": "2978182211",
   "WHO #Covidence": "#1986",
   "id": "https://doi.org/10.1016/j.jinf.2020.02.010"
}