{
   "sha": "b2fde3b77f54db50b124bca17aaba10069e4424b",
   "source_x": "PMC",
   "title": "Estimating a Markovian Epidemic Model Using Household Serial Interval Data from the Early Phase of an Epidemic",
   "doi": "http://dx.doi.org/10.1371/journal.pone.0073420",
   "pmcid": "PMC3758268",
   "pubmed_id": "24023679",
   "license": "CC BY",
   "abstract": "The clinical serial interval of an infectious disease is the time between date of symptom onset in an index case and the date of symptom onset in one of its secondary cases. It is a quantity which is commonly collected during a pandemic and is of fundamental importance to public health policy and mathematical modelling. In this paper we present a novel method for calculating the serial interval distribution for a Markovian model of household transmission dynamics. This allows the use of Bayesian MCMC methods, with explicit evaluation of the likelihood, to fit to serial interval data and infer parameters of the underlying model. We use simulated and real data to verify the accuracy of our methodology and illustrate the importance of accounting for household size. The output of our approach can be used to produce posterior distributions of population level epidemic characteristics.",
   "publish_time": "2013 Aug 30",
   "authors": [
      "['Black, Andrew J.', 'Ross, Joshua V.']"
   ],
   "journal": "PLoS One",
   "has_full_text": "True",
   "id": "b2fde3b77f54db50b124bca17aaba10069e4424b",
   "fhir_link": "Commercial/b2fde3b77f54db50b124bca17aaba10069e4424b"
}