{
   "sha": "8ecf2ad1996b1e93edd3eb7a8b2207114a33818a",
   "source_x": "PMC",
   "title": "Epidemiology of Multi-Drug Resistant Organisms in a Teaching Hospital in Oman: A One-Year Hospital-Based Study",
   "doi": "http://dx.doi.org/10.1155/2014/157102",
   "pmcid": "PMC3914445",
   "pubmed_id": "24526881",
   "license": "CC BY",
   "abstract": "Background. Antimicrobial resistance is increasingly recognized as a global challenge. A few studies have emerged on epidemiology of multidrug resistant organisms in tertiary care settings in the Arabian Gulf. Aim. To describe the epidemiology of multi-drug resistant organisms (MDRO) at Sultan Qaboos University Hospital, a tertiary hospital in Oman. Methods. A retrospective review of MDRO records has been conducted throughout the period from January 2012 till December 2012. Organisms were identified and tested by an automated identification and susceptibility system, and the antibiotic susceptibility testing was confirmed by the disk diffusion method. Results. Out of the total of 29,245 admissions, there have been 315 patients registered as MDRO patients giving an overall prevalence rate of 10.8 (95% CI 9.3, 12.4) MDRO cases per 1000 admissions. In addition, the prevalence rate of MDRO isolates was 11.2 (95% CI 9.7, 12.9) per 1000 admissions. Overall, increasing trends in prevalence rates of MDRO patients and MDRO isolates were observed throughout the study period. Conclusion. Antimicrobial resistance is an emerging challenge in Oman. Continuous monitoring of antimicrobial susceptibility and strict adherence to infection prevention guidelines are essential to prevent proliferation of MDRO. Along such quest, stringent antibiotic prescription guidelines are needed in the country.",
   "publish_time": "2014 Jan 14",
   "authors": [
      "['Balkhair, Abdullah', 'Al-Farsi, Yahya M.', 'Al-Muharrmi, Zakariya', 'Al-Rashdi, Raiya', 'Al-Jabri, Mansoor', 'Neilson, Fatma', 'Al-Adawi, Sara S.', 'El-Beeli, Marah', 'Al-Adawi, Samir']"
   ],
   "journal": "ScientificWorldJournal",
   "has_full_text": "True",
   "id": "8ecf2ad1996b1e93edd3eb7a8b2207114a33818a",
   "fhir_link": "Commercial/8ecf2ad1996b1e93edd3eb7a8b2207114a33818a"
}