{
   "sha": "1c956bc94ce590a7ca6c2ace2c0766bbbbfaa0e3",
   "source_x": "PMC",
   "title": "Development of Lectin-Linked Immunomagnetic Separation for the Detection of Hepatitis A Virus",
   "doi": "http://dx.doi.org/10.3390/v6031037",
   "pmcid": "PMC3970137",
   "pubmed_id": "24599279",
   "license": "CC BY",
   "abstract": "The accuracy and sensitivity of PCR-based methods for detection of hepatitis A virus (HAV) are dependent on the methods used to separate and concentrate the HAV from the infected cells. The pH and ionic strength affect the binding affinity of the virus to cells. In this study, we initially investigated the effects of pH (4.0\u201310.0) and metal ions (Fe(2+), Co(2+), Cu(2+), Mg(2+), K(+), and Ca(2+)) on the binding of HAV to oyster digestive cells. The lowest relative binding (RB) of HAV to the cells was found at pH 4.0 and in FeSO(4) solution (64.6% and 68.1%, respectively). To develop an alternative to antibody-dependent immunomagnetic separation prior to detection of HAV using RT-PCR, the binding of HAV to five lectins, peanut agglutinin (PNA), Dolichos biflorus agglutinin (DBA), Helix pomatia agglutinin (HPA), Ulex europaeus agglutinin (UEA-1) and soybean agglutinin (SBA), was evaluated using ELISAs. SBA showed significantly higher RB to HAV than the other lectins tested. In addition, HAV could be concentrated within 30 min using SBA-linked magnetic bead separation (SMS) prior to the RT-PCR assay. Our findings demonstrate the feasibility of using SMS combined with RT-PCR to detect HAV at dilutions ranging from 10(\u22121)\u201310(\u22124) of a HAV stock (titer: 10(4) TCID(50)/mL).",
   "publish_time": "2014 Mar 4",
   "authors": [
      "['Ko, Sang-Mu', 'Kwon, Joseph', 'Vaidya, Bipin', 'Choi, Jong Soon', 'Lee, Hee-Min', 'Oh, Myung-Joo', 'Bae, Hyeun-Jong', 'Cho, Se-Young', 'Oh, Kyung-Seo', 'Kim, Duwoon']"
   ],
   "journal": "Viruses",
   "has_full_text": "True",
   "id": "1c956bc94ce590a7ca6c2ace2c0766bbbbfaa0e3",
   "fhir_link": "Commercial/1c956bc94ce590a7ca6c2ace2c0766bbbbfaa0e3"
}