{
   "sha": "b3873c777b754d108ce93d5feca0c3dff4a74564",
   "source_x": "PMC",
   "title": "A 60-year review on the changing epidemiology of measles in capital Beijing, China, 1951-2011",
   "doi": "http://dx.doi.org/10.1186/1471-2458-13-986",
   "pmcid": "PMC4016557",
   "pubmed_id": "24143899",
   "license": "CC BY",
   "abstract": "BACKGROUND: China pledged to join the global effort to eliminate measles by 2012. To improve measles control strategy, the epidemic trend and population immunity of measles were investigated in 1951\u20132011 in Beijing. METHODS: The changing trend of measles since 1951 was described based on measles surveillance data from Beijing Centre of Disease Control and Prevention (CDC). The measles vaccination coverage and antibody level were assessed by routinely reported measles vaccination data and twenty-one sero-epidemiological surveys. RESULTS: The incidence of measles has decreased significantly from 593.5/100,000 in 1951 (peaked at 2721.0/100,000 in 1955), to 0.5/100,000 in 2011 due to increasing vaccination coverage of 95%-99%. Incidence rebounded from 6.6/100,000 to 24.5/100,000 since 2005 and decreased after measles vaccine (MV) supplementary immunization activities (SIAs) in 2010. Measles antibody positive rate was 85%-95% in most of years since 1981. High-risk districts were spotted in Chaoyang, Fengtai and Changping districts in recent 15 years. Age-specific incidence and proportion of measles varied over time. The most affected population were younger children of 1\u20134 years before 1978, older children of 5\u201314 years in 1978\u20131996, infant of <1 years and adults of \u226515 years in period of aim to measles elimination. CONCLUSION: Strategies at different stages had a prevailing effect on the epidemic dynamics of measles in recent 60 years in Beijing. It will be essential to validate reported vaccination coverage, improve vaccination coverage in adults and strengthen measles surveillance in the anticipated elimination campaign for measles.",
   "publish_time": "2013 Oct 21",
   "authors": [
      "['Li, Juan', 'Lu, Li', 'Pang, Xinghuo', 'Sun, Meiping', 'Ma, Rui', 'Liu, Donglei', 'Wu, Jiang']"
   ],
   "journal": "BMC Public Health",
   "has_full_text": "True",
   "id": "b3873c777b754d108ce93d5feca0c3dff4a74564",
   "fhir_link": "Commercial/b3873c777b754d108ce93d5feca0c3dff4a74564"
}