{
   "sha": "49471df378964515ebc4e4f35f1248d84ac7d626",
   "source_x": "PMC",
   "title": "Cytokine systems approach demonstrates differences in innate and pro-inflammatory host responses between genetically distinct MERS-CoV isolates",
   "doi": "http://dx.doi.org/10.1186/1471-2164-15-1161",
   "pmcid": "PMC4522970",
   "pubmed_id": "25534508",
   "license": "CC BY",
   "abstract": "BACKGROUND: The recent emergence of a novel coronavirus in the Middle East (designated MERS-CoV) is a reminder of the zoonotic and pathogenic potential of emerging coronaviruses in humans. Clinical features of Middle East respiratory syndrome (MERS) include atypical pneumonia and progressive respiratory failure that is highly reminiscent of severe acute respiratory syndrome (SARS) caused by SARS-CoV. The host response is a key component of highly pathogenic respiratory virus infection. Here, we computationally analyzed gene expression changes in a human airway epithelial cell line infected with two genetically distinct MERS-CoV strains obtained from human patients, MERS-CoV SA 1 and MERS-CoV Eng 1. RESULTS: Using topological techniques, including persistence homology and filtered clustering, we performed a comparative transcriptional analysis of human Calu-3 cell host responses to the different MERS-CoV strains, with MERS-CoV Eng 1 inducing early kinetic changes, between 3 and 12\u00a0hours post infection, compared to MERS-CoV SA 1. Robust transcriptional changes distinguished the two MERS-CoV strains predominantly at the late time points. Combining statistical analysis of infection and cytokine-stimulated Calu-3 transcriptomics, we identified differential innate responses, including up-regulation of extracellular remodeling genes following MERS-CoV Eng 1 infection and differential pro-inflammatory responses. CONCLUSIONS: Through our genomics-based approach, we found topological differences in the kinetics and magnitude of the host response to MERS-CoV SA 1 and MERS-CoV Eng 1, with differential expression of innate immune and pro-inflammatory responsive genes as a result of IFN, TNF and IL-1\u03b1 signaling. Predicted activation for STAT3 mediating gene expression relevant for epithelial cell-to-cell adherens and junction signaling in MERS-CoV Eng 1 infection suggest that these transcriptional differences may be the result of amino acid differences in viral proteins known to modulate innate immunity during MERS-CoV infection. ELECTRONIC SUPPLEMENTARY MATERIAL: The online version of this article (doi:10.1186/1471-2164-15-1161) contains supplementary material, which is available to authorized users.",
   "publish_time": "2014 Dec 22",
   "authors": [
      "['Selinger, Christian', 'Tisoncik-Go, Jennifer', 'Menachery, Vineet D', 'Agnihothram, Sudhakar', 'Law, G Lynn', 'Chang, Jean', 'Kelly, Sara M', 'Sova, Pavel', 'Baric, Ralph S', 'Katze, Michael G']"
   ],
   "journal": "BMC Genomics",
   "has_full_text": "True",
   "id": "49471df378964515ebc4e4f35f1248d84ac7d626",
   "fhir_link": "Commercial/49471df378964515ebc4e4f35f1248d84ac7d626"
}