{
   "sha": "c1590dca1224c338b4163beacf9a838e7caec9c8",
   "source_x": "PMC",
   "title": "Affect of Early Life Oxygen Exposure on Proper Lung Development and Response to Respiratory Viral Infections",
   "doi": "http://dx.doi.org/10.3389/fmed.2015.00055",
   "pmcid": "PMC4530667",
   "pubmed_id": "26322310",
   "license": "CC BY",
   "abstract": "Children born preterm often exhibit reduced lung function and increased severity of response to respiratory viruses, suggesting that premature birth has compromised proper development of the respiratory epithelium and innate immune defenses. Increasing evidence suggests that premature birth promotes aberrant lung development likely due to the neonatal oxygen transition occurring before pulmonary development has matured. Given that preterm infants are born at a point of time where their immune system is also still developing, early life oxygen exposure may also be disrupting proper development of innate immunity. Here, we review current literature in hopes of stimulating research that enhances understanding of how the oxygen environment at birth influences lung development and host defense. This knowledge may help identify those children at risk for disease and ideally culminate in the development of novel therapies that improve their health.",
   "publish_time": "2015 Aug 10",
   "authors": [
      "['Domm, William', 'Misra, Ravi S.', 'O\u2019Reilly, Michael A.']"
   ],
   "journal": "Front Med (Lausanne)",
   "has_full_text": "True",
   "id": "c1590dca1224c338b4163beacf9a838e7caec9c8",
   "fhir_link": "Commercial/c1590dca1224c338b4163beacf9a838e7caec9c8"
}