{
   "sha": "3c568d47a1d134908dc09e454a5a52655d3a9434",
   "source_x": "PMC",
   "title": "The Acute Chest Syndrome in Cameroonian children living with sickle cell disease",
   "doi": "http://dx.doi.org/10.1186/s12887-015-0454-0",
   "pmcid": "PMC4578678",
   "pubmed_id": "26391669",
   "license": "CC BY",
   "abstract": "BACKGROUND: Although sub-Saharan Africa (SSA) is particularly affected by sickle cell disease (SCD), there is dearth of research on this topic in the region, specifically targeting the magnitude of SCD-related complications. We therefore conducted this study to determine the burden of acute chest syndrome (ACS) and describe its clinical and therapeutic aspects among SCD children in Cameroon, a SSA country. METHODS: This was a retrospective study carried-out from September 2013 to June 2014 at the SCD unit of the Mother and Child Centre of the Chantal Biya Foundation, a pediatric reference centre in Yaound\u00e9, Cameroon. We enrolled all SCD children with confirmed diagnosis of ACS, and recorded their clinical presentation at admission along with their evolution during hospitalization. RESULTS: Twenty one cases of ACS were identified during the study period, from 338 hospitalizations of children with SCD. Ages ranged from 11\u00a0months to 16\u00a0years with a mean (standard deviation) of 5.5 (3.4) years, and a male/female sex ratio of 3.2/1. We noticed relatively low levels of HbF, from 6.4 to 21.9\u00a0% with a mean of 14.6\u00a0% (6.0\u00a0%). The three main symptoms at admission were fever (90.5\u00a0%), cough (81\u00a0%) and chest pains (28.6\u00a0%). Two patients (9.5\u00a0%) developed ACS 2\u00a0days after admission. The mean values of leukocytes, neutrophils, serum CRP, serum LDH and hemoglobin were respectively 32479.4 (17862.3)/mm(3), 23476 (11543.7)/mm(3), 228.2 (132.6) mg/l, 3452.3 (2916.3) IU/l and 6.5 (1.2) g/dl. The main localizations of radiological alveolar consolidations were the lower lobes (90.5\u00a0%). Treatment associated broad-spectrum antibiotics (100\u00a0%), hydration (100\u00a0%), analgesics (43.2\u00a0%), whole blood transfusion (66.7\u00a0%), and oxygen supplementation (33.3\u00a0%). Blood transfusion significantly improved hemoglobin level (p\u2009=\u20090.039). The duration of hospitalization, the mean of which was 6.8 (3.1) days, was influenced by none of the tested variables (all p values\u2009>\u20090.05). CONCLUSION: ACS is frequent among SCD children in our milieu. Its etiologies seem to be multifactorial. Patients\u2019 parents should be educated to recognize early signs and symptoms of the disease, and consult rapidly. Additionally, clinicians must be trained to diagnose ACS, and manage it promptly and efficiently to avoid its related catastrophic consequences.",
   "publish_time": "2015 Sep 21",
   "authors": [
      "['Nansseu, Jobert Richie N.', 'Alima Yanda, Anastasie Nicole', 'Chelo, David', 'Tatah, Sandra A.', 'Mbassi Awa, Hubert D.', 'Seungue, Judith', 'Koki, Paul Olivier N.']"
   ],
   "journal": "BMC Pediatr",
   "has_full_text": "True",
   "id": "3c568d47a1d134908dc09e454a5a52655d3a9434",
   "fhir_link": "Commercial/3c568d47a1d134908dc09e454a5a52655d3a9434"
}