{
   "source_x": "CZI",
   "title": "A Locally Transmitted Case of SARS-CoV-2 Infection in Taiwan",
   "doi": "10.1056/NEJMc2001573",
   "abstract": "On January 25, 2020, a 52-year-old woman with a history of type 2 diabetes presented with fever to an emergency department in central Taiwan. She was admitted to the hospital because of suspicion of pneumonia associated with SARS-CoV-2 infection. She had lived in Wuhan from October 21, 2019, to January 20, 2020. She returned to Taiwan from Wuhan on January 20 on an airplane. On the same day, a throat swab was obtained from another passenger on that flight; that passenger was confirmed to have the first known imported case of SARS-CoV-2 infection in Taiwan when the swab was found to be positive for the virus on January 21.",
   "publish_time": "2020",
   "authors": [
      "Liu, Ying-Chu",
      " Liao, Ching-Hui",
      " Chang, Chin-Fu",
      " Chou, Chu-Chung",
      " Lin, Yan-Ren"
   ],
   "journal": "New England Journal of Medicine",
   "Microsoft Academic Paper ID": "3005688502",
   "WHO #Covidence": "#755",
   "id": "https://doi.org/10.1056/NEJMc2001573"
}