{
   "sha": "af59bab3c82817cf0ebe456cf3283a3d8217cabf",
   "source_x": "PMC",
   "title": "Syndromic surveillance in Vanuatu since Cyclone Pam: a descriptive study",
   "doi": "http://dx.doi.org/10.5365/WPSAR.2016.7.3.009",
   "pmcid": "PMC5330215",
   "pubmed_id": "28246576",
   "license": "CC BY",
   "abstract": "In 2012, Vanuatu designed and implemented a syndromic surveillance system based on the guidelines developed by the Pacific Community and the World Health Organization to provide early warning of outbreaks and other important public health events. Four core syndromes were endorsed for surveillance: acute fever and rash, prolonged fever, influenza-like illness and acute watery diarrhoea. In March 2015, Vanuatu was struck by Cyclone Pam, after which several important changes and improvements to the country\u2019s syndromic surveillance were made. To date, there has been no formal evaluation of whether regular reports are occurring or that core syndromes are being documented. We therefore carried out a descriptive study in the 11 sentinel sites in Vanuatu conducting syndromic surveillance between July and December 2015. There was a total of 53\u00a0822 consultations which were higher in the first 13 weeks (n\u00a0=\u00a029\u00a0622) compared with the last 13 weeks (n\u00a0=\u00a024\u00a0200). During the six months, there were no cases of acute fever and rash or prolonged fever. There were cases with influenza-like illness from week 27 to 35, but no case was reported after week 35. Acute watery diarrhoea occurred in one or two cases per week during the whole study period. For these two core syndromes, there were generally more females than males, and about one third were children aged under\u00a05\u00a0years. In conclusion, Vanuatu implemented changes to its new syndromic surveillance system from July to December 2015, although laboratory components had not yet been incorporated. The laboratory components are working in 2016 and will be the subject of a further report.",
   "publish_time": "2011 Dec 19",
   "authors": [
      "['Worwor, George', 'Harries, Anthony David', 'Merilles, Onofre Edwin', 'Viney, Kerri', 'Rory, Jean Jacques', 'Taleo, George', 'Guyant, Philippe']"
   ],
   "journal": "Western Pac Surveill Response J",
   "has_full_text": "True",
   "id": "af59bab3c82817cf0ebe456cf3283a3d8217cabf",
   "fhir_link": "Commercial/af59bab3c82817cf0ebe456cf3283a3d8217cabf"
}