{
   "source_x": "CZI",
   "title": "Labs scramble to produce new coronavirus diagnostics",
   "doi": "10.1126/science.367.6479.727",
   "abstract": "The seeming precision of the global tallies of cases and deaths caused by the novel coronavirus now spreading from Wuhan, China, belies an alarming fact. The world is in the dark about the epidemic's real scale and speed, because existing tests have limited powers\u2014and testing is far too spotty. \u201cWe are underestimating how common this infection is,\u201d cautions Jeremy Farrar, head of the Wellcome Trust. Within days of Chinese researchers releasing the sequence of the virus on 11 January, scientists developed tests capable of detecting genetic sequences that distinguish the new agent from other coronaviruses circulating in humans. By 28 January, China's National Medical Products Administration had approved diagnostic test kits from five companies. It was an astonishing pace for the response to a pathogen never seen before\u2014and yet it was only a beginning",
   "publish_time": "2020",
   "authors": [
      "Cohen, Jon",
      " Kupferschmidt, Kai"
   ],
   "journal": "Science",
   "Microsoft Academic Paper ID": "3006494401",
   "WHO #Covidence": "#821",
   "id": "https://doi.org/10.1126/science.367.6479.727"
}