{
   "sha": "1f31c7be736309949bbd0cf4a0c39841f3f67bd6",
   "source_x": "PMC",
   "title": "Novel approaches for Spatial and Molecular Surveillance of Porcine Reproductive and Respiratory Syndrome Virus (PRRSv) in the United States",
   "doi": "http://dx.doi.org/10.1038/s41598-017-04628-2",
   "pmcid": "PMC5489505",
   "pubmed_id": "28659596",
   "license": "CC BY",
   "abstract": "The US swine industry has been impaired over the last 25 years by the far-reaching financial losses caused by the porcine reproductive and respiratory syndrome (PRRS). Here, we explored the relations between the spatial risk of PRRS outbreaks and its phylodynamic history in the U.S during 1998\u20132016 using ORF5 sequences collected from swine farms in the Midwest region. We used maximum entropy and Bayesian phylodynamic models to generate risk maps for PRRS outbreaks and reconstructed the evolutionary history of three selected phylogenetic clades (A, B and C). High-risk areas for PRRS were best-predicted by pig density and climate seasonality and included Minnesota, Iowa and South Dakota. Phylodynamic models demonstrated that the geographical spread of the three clades followed a heterogeneous spatial diffusion process. Furthermore, PRRS viruses were characterized by typical seasonality in their population size. However, endemic strains were characterized by a substantially slower population growth and evolutionary rates, as well as smaller spatial dispersal rates when compared to emerging strains. We demonstrated the prospects of combining inferences derived from two unique analytical methods to inform decisions related to risk-based interventions of an important pathogen affecting one of the largest food animal industries in the world.",
   "publish_time": "2017 Jun 28",
   "authors": [
      "['Alkhamis, Moh A.', 'Arruda, Andreia G.', 'Morrison, Robert B.', 'Perez, Andres M.']"
   ],
   "journal": "Sci Rep",
   "has_full_text": "True",
   "id": "1f31c7be736309949bbd0cf4a0c39841f3f67bd6",
   "fhir_link": "Commercial/1f31c7be736309949bbd0cf4a0c39841f3f67bd6"
}