{
   "sha": "a4c0d3619ba273adce8a9d0df51eca6adaaf2f23",
   "source_x": "PMC",
   "title": "Complete Genome Sequence of a Recombinant Porcine Epidemic Diarrhea Virus Strain, CH/JXJA/2017, Isolated in Jiangxi, China, in 2017",
   "doi": "http://dx.doi.org/10.1128/genomeA.01590-17",
   "pmcid": "PMC5805890",
   "pubmed_id": "29439052",
   "license": "CC BY",
   "abstract": "The full-length genome sequence of a variant of porcine epidemic diarrhea virus (PEDV), that of strain CH/JXJA/2017, was highly homologous to CH/ZMDZY/11, a highly virulent Chinese PEDV strain. CH/JXJA/2017 had a distant relationship with the attenuated CV777 vaccine strain, but the insertion sites of the S1 gene were similar to those of the recombinant strain of CH/ZMDZY/11.",
   "publish_time": "2018 Feb 8",
   "authors": [
      "['Li, Kai', 'Song, Deping', 'Zhang, Fanfan', 'Gong, Wang', 'Guo, Nannan', 'Li, Anqi', 'Zhou, Xingrong', 'Huang, Dongyan', 'Ye, Yu', 'Tang, Yuxin']"
   ],
   "journal": "Genome Announc",
   "has_full_text": "True",
   "id": "a4c0d3619ba273adce8a9d0df51eca6adaaf2f23",
   "fhir_link": "Commercial/a4c0d3619ba273adce8a9d0df51eca6adaaf2f23"
}