{
   "sha": "7c693ae9e08e10d9c230c3d00ad7c6612fa13631",
   "source_x": "PMC",
   "title": "Mammarenaviral Infection Is Dependent on Directional Exposure to and Release from Polarized Intestinal Epithelia",
   "doi": "http://dx.doi.org/10.3390/v10020075",
   "pmcid": "PMC5850382",
   "pubmed_id": "29439402",
   "license": "CC BY",
   "abstract": "Mammarenavirusesare single-stranded RNA viruses with a bisegmented ambisense genome. Ingestion has been shown as a natural route of transmission for both Lassa virus (LASV) and Lymphocytic choriomeningitis virus (LCMV). Due to the mechanism of transmission, epithelial tissues are among the first host cells to come in contact with the viruses, and as such they potentially play a role in spread of virus to na\u00efve hosts. The role of the intestinal epithelia during arenavirus infection remains to be uncharacterized. We have utilized a well-established cell culture model, Caco-2, to investigate the role of intestinal epithelia during intragastric infection. We found that LCMV-Armstrong, LCMV-WE, and Mopeia (MOPV) release infectious progeny via similar patterns. However, the reassortant virus, ML-29, containing the L segment of MOPV and S segment of LASV, exhibits a unique pattern of viral release relative to LCMV and MOPV. Furthermore, we have determined attachment efficacy to Caco-2 cells is potentially responsible for observed replication kinetics of these viruses in a polarized Caco-2 cell model. Collectively, our data shows that viral dissemination and interaction with intestinal epithelia may be host, tissue, and viral specific.",
   "publish_time": "2018 Feb 10",
   "authors": [
      "['Warner, Nikole L.', 'Jokinen, Jenny D.', 'Beier, Juliane I.', 'Sokoloski, Kevin J.', 'Lukashevich, Igor S.']"
   ],
   "journal": "Viruses",
   "has_full_text": "True",
   "id": "7c693ae9e08e10d9c230c3d00ad7c6612fa13631",
   "fhir_link": "Commercial/7c693ae9e08e10d9c230c3d00ad7c6612fa13631"
}