{
   "source_x": "CZI",
   "title": "Wuhan 2019 Novel Coronavirus Pneumonia: A Case Report of Serial Computed Tomographic Findings in a Female Patient (Preprint)",
   "doi": "10.2196/18129",
   "abstract": "UNSTRUCTURED Background: From December 2019, the 2019 Novel Coronavirus (2019-nCoV) Pneumonia broke out in Wuhan, China. In this study, we present the finding of serial computed tomography in a female patient with 2019-nCoV. Case presentation: We report a 40-year-old female who presented with the symptoms of fever, chest tightness, and fatigue. She was further diagnosed with 2019-nCoV confirmed by rRT-PCR. In terms of her chest CT findings, patchy consolidation shadows, and ground-glass opacities (GGOs) rapidly progressed in both lungs, peripherally. After treatment, the previous lesions were almost absorbed, leaving the fibrous lesions. Conclusions: If there is a history of fever or contact with the epidemic area, combined with the above CT findings, it is necessary to detect the nucleic acid of new coronavirus in time.",
   "authors": [
      "Wei, Jiangping",
      " Xu, Huaxiang",
      " Xiong, Jingliang",
      " Shen, Qinglin",
      " Fan, Bing",
      " Ye, Chenglong",
      " Dong, Wentao",
      " Hu, Fangfang"
   ],
   "Microsoft Academic Paper ID": "3005148615",
   "WHO #Covidence": "#720",
   "id": "https://doi.org/10.2196/18129"
}