{
   "sha": "97d0e0033e74b01cefd3c71a23aa1fec45a72296",
   "source_x": "PMC",
   "title": "Characterization of patients transported with extracorporeal respiratory and/or cardiovascular support in the State of S\u00e3o Paulo, Brazil",
   "doi": "http://dx.doi.org/10.5935/0103-507X.20180052",
   "pmcid": "PMC6180471",
   "pubmed_id": "30328986",
   "license": "CC BY",
   "abstract": "OBJECTIVE: To characterize the transport of severely ill patients with extracorporeal respiratory or cardiovascular support. METHODS: A series of 18 patients in the state of S\u00e3o Paulo, Brazil is described. All patients were consecutively evaluated by a multidisciplinary team at the hospital of origin. The patients were rescued, and extracorporeal membrane oxygenation support was provided on site. The patients were then transported to referral hospitals for extracorporeal membrane oxygenation support. Data were retrieved from a prospectively collected database. RESULTS: From 2011 to 2017, 18 patients aged 29 (25 - 31) years with a SAPS 3 of 84 (68 - 92) and main primary diagnosis of leptospirosis and influenza A (H1N1) virus were transported to three referral hospitals in S\u00e3o Paulo. A median distance of 39 (15 - 82) km was traveled on each rescue mission during a period of 360 (308 - 431) min. A median of one (0 - 2) nurse, three (2 - 3) physicians, and one (0 - 1) physical therapist was present per rescue. Seventeen rescues were made by ambulance, and one rescue was made by helicopter. The observed complications were interruption in the energy supply to the pump in two cases (11%) and oxygen saturation < 70% in two cases. Thirteen patients (72%) survived and were discharged from the hospital. Among the nonsurvivors, there were two cases of brain death, two cases of multiple organ dysfunction syndrome, and one case of irreversible pulmonary fibrosis. CONCLUSIONS: Transportation with extracorporeal support occurred without serious complications, and the hospital survival rate was high.",
   "publish_time": "2018",
   "authors": [
      "['Li, Ho Yeh', 'Mendes, Pedro Vitale', 'Melro, Livia Maria Garcia', 'Joelsons, Daniel', 'Besen, Bruno Adler Maccagnan Pinheiro', 'Costa, Eduardo Leite Viera', 'Hirota, Adriana Sayuri', 'Barbosa, Edzangela Vasconcelos Santos', 'Foronda, Flavia Krepel', 'Azevedo, Luciano Cesar Pontes', 'Romano, Thiago Gomes', 'Park, Marcelo']"
   ],
   "journal": "Rev Bras Ter Intensiva",
   "has_full_text": "True",
   "id": "97d0e0033e74b01cefd3c71a23aa1fec45a72296",
   "fhir_link": "Commercial/97d0e0033e74b01cefd3c71a23aa1fec45a72296"
}