{
   "sha": "1703fbc6de47798061e7ec8d87182906fedab8e3",
   "source_x": "PMC",
   "title": "High Prevalence of MERS-CoV Infection in Camel Workers in Saudi Arabia",
   "doi": "http://dx.doi.org/10.1128/mBio.01985-18",
   "pmcid": "PMC6212820",
   "pubmed_id": "30377284",
   "license": "CC BY",
   "abstract": "Middle East respiratory syndrome (MERS), a highly lethal respiratory disease caused by a novel coronavirus (MERS-CoV), is an emerging disease with high potential for epidemic spread. It has been listed by the WHO and the Coalition for Epidemic Preparedness Innovations (CEPI) as an important target for vaccine development. While initially the majority of MERS cases were hospital acquired, continued emergence of MERS is attributed to community acquisition, with camels likely being the direct or indirect source. However, the majority of patients do not describe camel exposure, making the route of transmission unclear. Here, using sensitive immunological assays and a cohort of camel workers (CWs) with well-documented camel exposure, we show that approximately 50% of camel workers (CWs) in the Kingdom of Saudi Arabia (KSA) and 0% of controls were previously infected. We obtained blood samples from 30 camel herders, truck drivers, and handlers with well-documented camel exposure and from healthy donors, and measured MERS-CoV-specific enzyme-linked immunosorbent assay (ELISA), immunofluorescence assay (IFA), and neutralizing antibody titers, as well as T cell responses. Totals of 16/30 CWs and 0/30 healthy control donors were seropositive by MERS-CoV-specific ELISA and/or neutralizing antibody titer, and an additional four CWs were seronegative but contained virus-specific T cells in their blood. Although virus transmission from CWs has not been formally demonstrated, a possible explanation for repeated MERS outbreaks is that CWs develop mild disease and then transmit the virus to uninfected individuals. Infection of some of these individuals, such as those with comorbidities, results in severe disease and in the episodic appearance of patients with MERS.",
   "publish_time": "2018 Oct 30",
   "authors": [
      "['Alshukairi, Abeer N.', 'Zheng, Jian', 'Zhao, Jingxian', 'Nehdi, Atef', 'Baharoon, Salim A.', 'Layqah, Laila', 'Bokhari, Ahmad', 'Al Johani, Sameera M.', 'Samman, Nosaibah', 'Boudjelal, Mohamad', 'Ten Eyck, Patrick', 'Al-Mozaini, Maha A.', 'Zhao, Jincun', 'Perlman, Stanley', 'Alagaili, Abdulaziz N.']"
   ],
   "journal": "mBio",
   "has_full_text": "True",
   "id": "1703fbc6de47798061e7ec8d87182906fedab8e3",
   "fhir_link": "Commercial/1703fbc6de47798061e7ec8d87182906fedab8e3"
}