{
   "sha": "03ccecb9c291d5e8d7044d7855710690523b5152",
   "source_x": "PMC",
   "title": "Synthetic sulfonated derivatives of poly(allylamine hydrochloride) as inhibitors of human metapneumovirus",
   "doi": "http://dx.doi.org/10.1371/journal.pone.0214646",
   "pmcid": "PMC6438514",
   "pubmed_id": "30921418",
   "license": "CC BY",
   "abstract": "Human metapneumovirus (hMPV) is a widely distributed pathogen responsible for acute upper and lower respiratory infections of varying severity. Previously, we reported that N-sulfonated derivatives of poly(allylamine hydrochloride) (NSPAHs) efficiently inhibit replication of the influenza virus in vitro and ex vivo. Here, we show a dose dependent inhibition of hMPV infection by NSPAHs in LLC-MK2 cells. The results showed strong antiviral properties of NSPAHs. While the activity of NSPAHs is comparable to those of carrageenans, they show better physicochemical properties and may be delivered at high concentrations. The functional assays showed that tested polymers block hMPV release from infected cells and, consequently, constrain virus spread. Moreover, further studies on viruses utilizing different egress mechanisms suggest that observed antiviral effect depend on selective inhibition of viruses budding from the cell surface.",
   "publish_time": "2019 Mar 28",
   "authors": [
      "['Ciejka, Justyna', 'Botwina, Pawe\u0142', 'Nowakowska, Maria', 'Szczubia\u0142ka, Krzysztof', 'Pyrc, Krzysztof']"
   ],
   "journal": "PLoS One",
   "has_full_text": "False",
   "id": "03ccecb9c291d5e8d7044d7855710690523b5152"
}