{
   "sha": "a9389c989b9ce63db440a8c6a8baed8f38ad8638",
   "source_x": "PMC",
   "title": "Characterization of the Filovirus-Resistant Cell Line SH-SY5Y Reveals Redundant Role of Cell Surface Entry Factors",
   "doi": "http://dx.doi.org/10.3390/v11030275",
   "pmcid": "PMC6466046",
   "pubmed_id": "30893855",
   "license": "CC BY",
   "abstract": "Filoviruses infect a wide range of cell types with the exception of lymphocytes. The intracellular proteins cathepsin B and L, two-pore channel 1 and 2, and bona fide receptor Niemann\u2013Pick Disease C1 (NPC1) are essential for the endosomal phase of cell entry. However, earlier steps of filoviral infection remain poorly characterized. Numerous plasma membrane proteins have been implicated in attachment but it is still unclear which ones are sufficient for productive entry. To define a minimal set of host factors required for filoviral glycoprotein-driven cell entry, we screened twelve cell lines and identified the nonlymphocytic cell line SH-SY5Y to be specifically resistant to filovirus infection. Heterokaryons of SH-SY5Y cells fused to susceptible cells were susceptible to filoviruses, indicating that SH-SY5Y cells do not express a restriction factor but lack an enabling factor critical for filovirus entry. However, all tested cell lines expressed functional intracellular factors. Global gene expression profiling of known cell surface entry factors and protein expression levels of analyzed attachment factors did not reveal any correlation between susceptibility and expression of a specific host factor. Using binding assays with recombinant filovirus glycoprotein, we identified cell attachment as the step impaired in filovirus entry in SH-SY5Y cells. Individual overexpression of attachment factors T-cell immunoglobulin and mucin domain 1 (TIM-1), Axl, Mer, or dendritic cell-specific intercellular adhesion molecule-3-grabbing non-integrin (DC-SIGN) rendered SH-SY5Y cells susceptible to filovirus glycoprotein-driven transduction. Our study reveals that a lack of attachment factors limits filovirus entry and provides direct experimental support for a model of filoviral cell attachment where host factor usage at the cell surface is highly promiscuous.",
   "publish_time": "2019 Mar 19",
   "authors": [
      "['Zapatero-Belinch\u00f3n, Francisco J.', 'Dietzel, Erik', 'Dolnik, Olga', 'D\u00f6hner, Katinka', 'Costa, Rui', 'Hertel, Barbara', 'Veselkova, Barbora', 'Kirui, Jared', 'Klintworth, Anneke', 'Manns, Michael P.', 'P\u00f6hlmann, Stefan', 'Pietschmann, Thomas', 'Krey, Thomas', 'Ciesek, Sandra', 'Gerold, Gisa', 'Sodeik, Beate', 'Becker, Stephan', 'von Hahn, Thomas']"
   ],
   "journal": "Viruses",
   "has_full_text": "False",
   "id": "a9389c989b9ce63db440a8c6a8baed8f38ad8638"
}