{
   "source_x": "CZI",
   "title": "Advices on the prevention and control of nosocomial infection of novel coronavirus within children\u2019s hospitals",
   "abstract": "The pneumonia caused by the novel coronavirus (2019-nCoV), which began in December 2019, has become the most serious public health problem, threatening people's health and life. This threat is posing a severe challenge on the diagnosis and treatment of 2019-nCoV infection, the prevention and control of hospital cross infection of medical staff. It is suggested that in addition to strengthening the organization and leadership of the abovementioned work, establishing and improving the prevention and control mechanism deserve greater attention. Furthermore, special attention should be given to the safety of the medical staff, strengthening their infection monitoring and outbreak management. Medical staff in different work areas and positions should be placed under careful protection, cleaning and disinfection measures. The protection during specimen collection, transportation and medical waste management should also be prioritized. This paper also put forward management suggestions for the outpatient department, isolation ward and other key departments. These measures are proposed to provide a guidance for the prevention and control of 2019-nCoV nosocomial infection in the pediatric outpatient and ward.",
   "publish_time": "2020",
   "authors": [
      "XU, Hongzhen",
      " CHEN, Shuohui",
      " FU, Junfen",
      " SHU, Qiang",
      " CHEN, Zhimin",
      " SUN, Wei",
      " WANG, Dan",
      " ZHU, Haihong",
      " ZHOU, Hongqin",
      " HUANG, Guolan",
      " FU, Zangzang",
      " ZHAO, Hangyan",
      " WANG, Bin",
      " WU, Xiaoqing",
      " LIANG, Yuqin",
      " HUANG, Yufen",
      " GU, Meihong",
      " WANG, Wei"
   ],
   "journal": "Chinese Journal of Hospital Administration",
   "WHO #Covidence": "#2106"
}