{
   "sha": "7037e1fbb04e2f1299b12d0f5c7ee9a6d6c8973f",
   "source_x": "PMC",
   "title": "Novel Isoxazolidine and \u03b3-Lactam Analogues of Homonucleosides",
   "doi": "http://dx.doi.org/10.3390/molecules24224014",
   "pmcid": "PMC6891762",
   "pubmed_id": "31698778",
   "license": "CC BY",
   "abstract": "Homonucleoside analogues cis-16 and trans-17 having a (5-methoxycarbonyl)isoxazolidine framework were synthesized via the 1,3-dipolar cycloaddition of nucleobase-derived nitrones with methyl acrylate. Hydrogenolysis of the isoxazolidines containing thymine, dihydrouracil, theophylline and adenine moieties efficiently led to the formation of the respective \u03b3-lactam analogues. \u03b3-Lactam analogues having 5-bromouracil and 5-chlorouracil fragments were synthesized by treatment of uracil-containing \u03b3-lactams with NBS and NCS. Isoxazolidine and \u03b3-lactam analogues of homonucleosides obtained herein were evaluated for activity against a broad range of DNA and RNA viruses. None of the compounds that were tested exhibited antiviral or cytotoxic activity at concentrations up to 100 \u00b5M. The cytostatic activities of all compounds toward nine cancerous cell lines was tested. \u03b3-Lactams trans-15e (Cl-Ura) and cis-15h (Theo) appeared the most active toward pancreatic adenocarcinoma cells (Capan-1), showing IC(50) values 21.5 and 18.2 \u00b5M, respectively. Isoxazolidine cis-15e (Cl-Ura) inhibited the proliferation of colorectal carcinoma (HCT-116).",
   "publish_time": "2019 Nov 6",
   "authors": [
      "['Piotrowska, Dorota G.', 'G\u0142owacka, Iwona E.', 'Schols, Dominique', 'Snoeck, Robert', 'Andrei, Graciela', 'Gotkowska, Joanna']"
   ],
   "journal": "Molecules",
   "has_full_text": "False",
   "id": "7037e1fbb04e2f1299b12d0f5c7ee9a6d6c8973f"
}