{
   "sha": "687611906b82bcee9941de1cf6543e8e7871da06",
   "source_x": "PMC",
   "title": "IN VITRO INTERACTION OF MOUSE HEPATITIS VIRUS AND MACROPHAGES FROM GENETICALLY RESISTANT MICE : I. ADSORPTION OF VIRUS AND GROWTH CURVES",
   "pmcid": "PMC2138781",
   "pubmed_id": "4317219",
   "license": "CC BY-NC-SA",
   "abstract": "Peritoneal macrophages from genetically resistant C(3)H mice and genetically susceptible Princeton (PRI) mice adsorbed the MHV (PRI) strain of mouse hepatitis virus equally well. The difference between the permissive cells and the nonpermissive ones seems to reside in the ability of the former to \"eclipse\" the virus and, subsequently, support virus replication. C(3)H cells exposed to low multiplicities of the virus remained intact with no demonstrable viral replication. Virus, taken up by the resistant cells, was protected from heat and underwent slow inactivation while few or no virus particles were released into the medium.",
   "publish_time": "1970 Mar 31",
   "authors": [
      "['Shif, Ilan', 'Bang, Frederik B.']"
   ],
   "journal": "J Exp Med",
   "has_full_text": "True",
   "id": "687611906b82bcee9941de1cf6543e8e7871da06",
   "fhir_link": "Non-comercial/687611906b82bcee9941de1cf6543e8e7871da06"
}