{
   "sha": "c4bffc76026b935fe454f98878510ab490e75bff",
   "source_x": "PMC",
   "title": "ALV-J strain SCAU-HN06 induces innate immune responses in chicken primary monocyte-derived macrophages",
   "doi": "http://dx.doi.org/10.3382/ps/pew229",
   "pmcid": "PMC5161024",
   "pubmed_id": "27486255",
   "license": "CC BY-NC",
   "abstract": "Avian leucosis virus subgroup J (ALV-J) can cause lifelong infection and can escape from the host immune defenses in chickens. Since macrophages act as the important defense line against invading pathogens in host innate immunity, we investigated the function and innate immune responses of chicken primary monocyte-derived macrophages (MDM) after ALV-J infection in this study. Our results indicated that ALV-J was stably maintained in MDM cells but that the viral growth rate was significantly lower than that in DF-1 cells. We also found that ALV-J infection significantly increased nitric oxide (NO) production, but had no effect on MDM phagocytic capacity. Interestingly, infection with ALV-J rapidly promoted the expression levels of Myxovirus resistance 1 (Mx) (3\u00a0h, 6\u00a0h), ISG12 (6\u00a0h), and interleukin-1\u03b2 (IL-1\u03b2) (3\u00a0h, 12\u00a0h) at an early infection stage, whereas it sharply decreased the expression of Mx (24\u00a0h, 36\u00a0h), ISG12 (36\u00a0h), and made little change on IL-1\u03b2 (24\u00a0h, 36\u00a0h) production at a late infection stage in MDM cells. Moreover, the protein levels of interferon-\u03b2 (IFN-\u03b2) and interleukin-6 (IL-6) had sharply increased in infected MDM cells from 3 to 36\u00a0h post infection (hpi) of ALV-J. And, the protein level of interleukin-10 (IL-10) was dramatically decreased at 36\u00a0hpi in MDM cells infected with ALV-J. These results demonstrate that ALV-J can induce host innate immune responses and we hypothesize that macrophages play an important role in host innate immune attack and ALV-J immune escape.",
   "publish_time": "2017 Jan 2",
   "authors": [
      "['Feng, Min', 'Dai, Manman', 'Cao, Weisheng', 'Tan, Yan', 'Li, Zhenhui', 'Shi, Meiqing', 'Zhang, Xiquan']"
   ],
   "journal": "Poult Sci",
   "has_full_text": "True",
   "id": "c4bffc76026b935fe454f98878510ab490e75bff",
   "fhir_link": "Non-comercial/c4bffc76026b935fe454f98878510ab490e75bff"
}