{
   "sha": "69b46ece4c58dd1b2f507cca14cf0da14bb58387",
   "source_x": "PMC",
   "title": "EF-G catalyzed translocation dynamics in the presence of ribosomal frameshifting stimulatory signals",
   "doi": "http://dx.doi.org/10.1093/nar/gkw1020",
   "pmcid": "PMC5389563",
   "pubmed_id": "27799473",
   "license": "CC BY-NC",
   "abstract": "Programmed -1 ribosomal frameshifting (-1PRF) is tightly regulated by messenger RNA (mRNA) sequences and structures in expressing two or more proteins with precise ratios from a single mRNA. Using single-molecule fluorescence resonance energy transfer (smFRET) between (Cy5)EF-G and (Cy3)tRNA(Lys), we studied the translational elongation dynamics of -1PRF in the Escherichia coli dnaX gene, which contains three frameshifting signals: a slippery sequence (A AAA AAG), a Shine-Dalgarno (SD) sequence and a downstream hairpin. The frameshift promoting signals mostly impair the EF-G-catalyzed translocation step of the two tRNA(Lys) and the slippery codons from the A- and P- sites. The hairpin acts as a road block slowing the translocation rate. The upstream SD sequence together with the hairpin promotes dissociation of futile EF-G and thus causes multiple EF-G driven translocation attempts. A slippery sequence also helps dissociation of the EF-G by providing alternative base-pairing options. These results indicate that frameshifting takes place during the repetitive ribosomal conformational changes associated with EF-G dissociation upon unsuccessful translocation attempts of the second slippage codon from the A- to the P- sites.",
   "publish_time": "2017 Mar 17",
   "authors": [
      "['Kim, Hee-Kyung', 'Tinoco, Ignacio']"
   ],
   "journal": "Nucleic Acids Res",
   "has_full_text": "False",
   "id": "69b46ece4c58dd1b2f507cca14cf0da14bb58387"
}