{
   "sha": "9305dcf034dfe834775ad84358b90ae50092b829",
   "source_x": "PMC",
   "title": "Small-cell Lung Cancer Presenting as Fatal Pulmonary Hemorrhage",
   "doi": "http://dx.doi.org/10.1515/med-2018-0009",
   "pmcid": "PMC5874507",
   "pubmed_id": "29607415",
   "license": "CC BY-NC-ND",
   "abstract": "Small-cell lung cancer (SCLC) is a lung cancer histological subtype unusual in its favorable response to cytotoxic chemotherapy. Life-threatening manifestations at presentation are rarely reported and should be an important clinical concern. We report a case of a 63-year-old man presenting with rapid-onset refractory severe thrombocytopenia, development of massive hemoptysis, and death from respiratory failure. This case provides clinicians a reference for this unusual presentation and carries clinical implications for managing SCLC patients.",
   "publish_time": "2018 Mar 21",
   "authors": [
      "['Lim, Jun Hyeok', 'Ryu, Jeong-Seon', 'Cho, Sang Yong', 'Kim, Hyun-Jung', 'Jeon, Sang Hoon', 'Kim, Jung Soo', 'Nam, Hae-Seong', 'Cho, Jae Hwa', 'Kwak, Seung Min', 'Lee, Hong Lyeol']"
   ],
   "journal": "Open Med (Wars)",
   "has_full_text": "True",
   "id": "9305dcf034dfe834775ad84358b90ae50092b829",
   "fhir_link": "Non-comercial/9305dcf034dfe834775ad84358b90ae50092b829"
}