{
   "sha": "55eb127fae1e7e297c11baca53a758cac2a77329",
   "source_x": "PMC",
   "title": "The Functional Properties of Preserved Eggs: From Anti-cancer and Anti-inflammatory Aspects",
   "doi": "http://dx.doi.org/10.5851/kosfa.2018.38.3.615",
   "pmcid": "PMC6048375",
   "pubmed_id": "30018504",
   "license": "CC BY-NC",
   "abstract": "Preserved egg, a kind of alkaline-fermented food, is a traditional egg product in China. Here, we investigated the nutritional functions of preserved eggs by in vivo and in vitro experiments. The results of in vivo studies showed that the levels of triglycerides (TG), total cholesterol (TCHO) and low-density lipoprotein cholesterol/high density lipoprotein cholesterol (LDL-C/HDL-C) were significantly decreased (p<0.05) in the liver of rats treated with preserved eggs. Meanwhile, the levels of two important cancer markers, interleukin-6 (IL-6) and tumor necrosis factor-\u03b1 (TNF-\u03b1), were also significantly decreased (p<0.05) in treated rats. In vitro studies were performed on Caco-2 cells, a human epithelial colorectal adenocarcinoma cell line. It demonstrated that the gastrointestinal (GI) digests of preserved eggs significantly accelerated (p<0.05) the apoptosis by upregulating caspase-3 in the Caco-2 cells. Besides, after treated with preserved eggs, the half maximal inhibitory concentration (IC50) of preserved eggs digests to Caco-2 cells was 5.75 mg/mL, indicating the significant inhibition of cell proliferation provided by preserved eggs (p<0.05). The results shown in this study demonstrated that preserved eggs may be a novel functional food involved with antilipemic, anti-inflammatory activity as well as the effect on accelarating the apoptosis of Caco-2 cells.",
   "publish_time": "2018 Jul 31",
   "authors": [
      "['Mao, Changyi', 'Yu, Zhihui', 'Li, Chengliang', 'Jin, Yongguo', 'Ma, Meihu']"
   ],
   "journal": "Korean J Food Sci Anim Resour",
   "has_full_text": "True",
   "id": "55eb127fae1e7e297c11baca53a758cac2a77329",
   "fhir_link": "Non-comercial/55eb127fae1e7e297c11baca53a758cac2a77329"
}