{
   "sha": "ebe2d78994fb611b59146b5480d460b153b0af82",
   "source_x": "PMC",
   "title": "Antimicrobial activity of novel synthesized coumarin based transitional metal complexes",
   "doi": "http://dx.doi.org/10.1016/j.jtumed.2016.10.004",
   "pmcid": "PMC6694993",
   "pubmed_id": "31435225",
   "license": "CC BY-NC-ND",
   "abstract": "OBJECTIVES: To synthesize new transitional metal complexes derived from 3-aryl-azo-4-hydroxy coumarin analogues and to evaluate their antimicrobial activities. METHODS: The syntheses of complexes of coumarin analogues were accomplished by mixing a hydro-alcoholic solution of 3-aryl-azo-4-hydroxy coumarin analogues with transition metal chlorides. The structural environment of the synthesized molecules was characterized using different instrumental methods. The antimicrobial activity of the compounds was determined by the agar well diffusion method. RESULTS: The cobalt complexes of (E)-3-((4-chlorophenyl) diazenyl)-4-hydroxy-2H-chromen-2-one (HL(1)): (4a) and (E)-3-((4-methoxyphenyl) diazenyl)-4-hydroxy-2H-chromen-2-one (HL(2)): (4e) showed excellent antimicrobial activities compared with their ligands. CONCLUSION: The reports of the antimicrobial investigation showed that the cobalt complexes of 3-aryl-azo-4-hydroxy coumarin analogues exhibited potential antimicrobial activity that was stronger than that of their ligands.",
   "publish_time": "2016 Nov 24",
   "authors": [
      "['Sahoo, Jyotirmaya', 'Paidesetty, Sudhir K.']"
   ],
   "journal": "J Taibah Univ Med Sci",
   "has_full_text": "False",
   "id": "ebe2d78994fb611b59146b5480d460b153b0af82"
}