{
   "sha": "1a15f074b28cbfa5bb3c38b708117f2b7d85c5c2",
   "source_x": "PMC",
   "title": "Mental well-being of international migrants to Japan: a systematic review",
   "doi": "http://dx.doi.org/10.1136/bmjopen-2019-029988",
   "pmcid": "PMC6858191",
   "pubmed_id": "31685498",
   "license": "CC BY-NC",
   "abstract": "BACKGROUND: Migration is a stressful process of resettlement and acculturation that can often negatively impact the mental health of migrants. International migration to Japan, a country with dominant ethnic homogeneity, is growing steadily amid an ageing domestic population and severe labour shortages. OBJECTIVES: To identify the contemporary barriers to, and facilitators of, mental well-being among the migrant population in Japan. DESIGN: Systematic review DATA SOURCES: PubMed, ProQuest, Web of Science, Ichushi and J-Stage ELIGIBILITY CRITERIA: Research articles examining the mental well-being of international migrants in Japan that were published in English or Japanese between January 2000 and September 2018 were included. DATA EXTRACTION AND SYNTHESIS: Full texts of relevant articles were screened and references of the included studies were hand-searched for further admissible articles. Study characteristics, mental well-being facilitators and barriers, as well as policy recommendations were synthesised into categorical observations and were then thematically analysed. RESULTS: Fifty-five studies (23 published in English), surveying a total of 8649 migrants, were identified. The most commonly studied migrant nationalities were Brazilian (36%), followed by Chinese (27%) and Filipino (8%). Thematic analysis of barriers to mental well-being among migrants chiefly identified \u2018language difficulties\u2019, \u2018being female\u2019 and \u2018lack of social support\u2019, whereas the primary facilitators were \u2018social networks\u2019 followed by \u2018cultural identity\u2019. Policy recommendations for authorities generally described more migrant support services and cross-cultural awareness among the Japanese public. CONCLUSION: Access to social support networks of various types appears to be an influential factor affecting the mental well-being of international migrants in Japan. More research is necessary on how to promote such connections to foster a more inclusive and multicultural Japanese society amid rapid demographic change. PROSPERO REGISTRATION NUMBER: CRD42018108421.",
   "publish_time": "2019 Nov 3",
   "authors": [
      "['Miller, Russell', 'Tomita, Yuri', 'Ong, Ken Ing Cherng', 'Shibanuma, Akira', 'Jimba, Masamine']"
   ],
   "journal": "BMJ Open",
   "has_full_text": "False",
   "id": "1a15f074b28cbfa5bb3c38b708117f2b7d85c5c2"
}