{
   "sha": "ce4796d011abc721c271d969b7f3802e263a80b0",
   "source_x": "PMC",
   "title": "Clinical and Epidemiologic Characterization of WU Polyomavirus Infection, St. Louis, Missouri",
   "doi": "http://dx.doi.org/10.3201/eid1312.070977",
   "pmcid": "PMC2876771",
   "pubmed_id": "18258052",
   "license": "NO-CC CODE",
   "abstract": "WU polyomavirus is a recently described polyomavirus found in patients with respiratory infections. Of 2,637 respiratory samples tested in St. Louis, Missouri, 2.7% were positive for WU polyomavirus by PCR, and 71% were coinfected with other respiratory viruses. Persistent human infection with WU polyomavirus is described.",
   "publish_time": "2007 Dec",
   "authors": [
      "['Le, Binh-Minh', 'Demertzis, Lee M.', 'Wu, Guang', 'Tibbets, Robert J.', 'Buller, Richard', 'Arens, Max Q.', 'Gaynor, Anne M.', 'Storch, Gregory A.', 'Wang, David']"
   ],
   "journal": "Emerg Infect Dis",
   "has_full_text": "True",
   "id": "ce4796d011abc721c271d969b7f3802e263a80b0",
   "fhir_link": "PMC/ce4796d011abc721c271d969b7f3802e263a80b0"
}