{
   "sha": "943f2beb4d32bce84617c72677a277224b73fd8f",
   "source_x": "PMC",
   "title": "Lack of SARS Transmission among Public Hospital Workers, Vietnam",
   "doi": "http://dx.doi.org/10.3201/eid1002.030707",
   "pmcid": "PMC3322918",
   "pubmed_id": "15030695",
   "license": "NO-CC CODE",
   "abstract": "The severe acute respiratory syndrome (SARS) outbreak in Vietnam was amplified by nosocomial spread within hospital A, but no transmission was reported in hospital B, the second of two designated SARS hospitals. Our study documents lack of SARS-associated coronavirus transmission to hospital B workers, despite variable infection control measures and the use of personal protective equipment.",
   "publish_time": "2004 Feb",
   "authors": [
      "['Ha, Le Dang', 'Bloom, Sharon A.', 'Hien, Nguyen Quang', 'Maloney, Susan A.', 'Mai, Le Quynh', 'Leitmeyer, Katrin C.', 'Anh, Bach Huy', 'Reynolds, Mary G.', 'Montgomery, Joel M.', 'Comer, James A.', 'Horby, PeterW.', 'Plant, Aileen J.']"
   ],
   "journal": "Emerg Infect Dis",
   "has_full_text": "True",
   "id": "943f2beb4d32bce84617c72677a277224b73fd8f",
   "fhir_link": "PMC/943f2beb4d32bce84617c72677a277224b73fd8f"
}