{
   "sha": "c36cd2c280cc73cdb747ef5c6058b3657859c767",
   "source_x": "PMC",
   "title": "Improved microarray gene expression profiling of virus-infected cells after removal of viral RNA",
   "doi": "http://dx.doi.org/10.1186/1471-2164-9-221",
   "pmcid": "PMC2397413",
   "pubmed_id": "18479515",
   "license": "CC BY",
   "abstract": "BACKGROUND: Sensitivity and accuracy are key points when using microarrays to detect alterations in gene expression under different conditions. Critical to the acquisition of reliable results is the preparation of the RNA. In the field of virology, when analyzing the host cell's reaction to infection, the often high representation of viral RNA (vRNA) within total RNA preparations from infected cells is likely to interfere with microarray analysis. Yet, this effect has not been investigated despite the many reports that describe gene expression profiling of virus-infected cells using microarrays. RESULTS: In this study we used coronaviruses as a model to show that vRNA indeed interferes with microarray analysis, decreasing both sensitivity and accuracy. We also demonstrate that the removal of vRNA from total RNA samples, by means of virus-specific oligonucleotide capturing, significantly reduced the number of false-positive hits and increased the sensitivity of the method as tested on different array platforms. CONCLUSION: We therefore recommend the specific removal of vRNA, or of any other abundant 'contaminating' RNAs, from total RNA samples to improve the quality and reliability of microarray analyses.",
   "publish_time": "2008 May 14",
   "authors": [
      "['Raaben, Matthijs', 'Whitley, Penn', 'Bouwmeester, Diane', 'Setterquist, Robert A', 'Rottier, Peter JM', 'de Haan, Cornelis AM']"
   ],
   "journal": "BMC Genomics",
   "has_full_text": "False",
   "id": "c36cd2c280cc73cdb747ef5c6058b3657859c767"
}