{
   "sha": "35280a72bb06b25d4a02e38efd412e97a40883c5",
   "source_x": "PMC",
   "title": "Hepatitis E Virus Infection in Dromedaries, North and East Africa, United Arab Emirates, and Pakistan, 1983\u20132015",
   "doi": "http://dx.doi.org/10.3201/eid2207.160168",
   "pmcid": "PMC4918144",
   "pubmed_id": "27315454",
   "license": "NO-CC CODE",
   "abstract": "A new hepatitis E virus (HEV-7) was recently found in dromedaries and 1 human from the United Arab Emirates. We screened 2,438 dromedary samples from Pakistan, the United Arab Emirates, and 4 African countries. HEV-7 is long established, diversified and geographically widespread. Dromedaries may constitute a neglected source of zoonotic HEV infections.",
   "publish_time": "2016 Jul",
   "authors": [
      "['Rasche, Andrea', 'Saqib, Muhammad', 'Liljander, Anne M.', 'Bornstein, Set', 'Zohaib, Ali', 'Renneker, Stefanie', 'Steinhagen, Katja', 'Wernery, Renate', 'Younan, Mario', 'Gluecks, Ilona', 'Hilali, Mosaad', 'Musa, Bakri E.', 'Jores, Joerg', 'Wernery, Ulrich', 'Drexer, Jan Felix', 'Drosten, Christian', 'Corman, Victor Max']"
   ],
   "journal": "Emerg Infect Dis",
   "has_full_text": "True",
   "id": "35280a72bb06b25d4a02e38efd412e97a40883c5",
   "fhir_link": "PMC/35280a72bb06b25d4a02e38efd412e97a40883c5"
}