{
   "sha": "c094157a1b1ddbbf67f13fda164c3609d4b26039",
   "source_x": "PMC",
   "title": "Household Transmission of Human Adenovirus Type 55 in Case of Fatal Acute Respiratory Disease",
   "doi": "http://dx.doi.org/10.3201/eid2509.181937",
   "pmcid": "PMC6711205",
   "pubmed_id": "31441750",
   "license": "NO-CC CODE",
   "abstract": "We identified a case of fatal acute respiratory disease from household transmission of human adenovirus type 55 (HAdV-55) in Anhui Province, China. Computed tomography showed severe pneumonia. Comparative genomic analysis of HAdV-55 indicated the virus possibly originated in Shanxi Province, China. More attention should be paid to highly contagious HAdV-55.",
   "publish_time": "2019 Sep",
   "authors": [
      "['Jing, Shuping', 'Zhang, Jing', 'Cao, Mengchan', 'Liu, Minhong', 'Yan, Yuqian', 'Zhao, Shan', 'Cao, Na', 'Ou, Junxian', 'Ma, Kui', 'Cai, Xiangran', 'Wu, Jianguo', 'Mei, Ya-Fang', 'Zhang, Qiwei']"
   ],
   "journal": "Emerg Infect Dis",
   "has_full_text": "False",
   "id": "c094157a1b1ddbbf67f13fda164c3609d4b26039"
}