{
   "source_x": "PMC",
   "title": "COPD subpopulations and phenotyping",
   "doi": "http://dx.doi.org/10.1016/j.jaci.2018.02.035",
   "pmcid": "PMC5996762",
   "abstract": "The diagnosis and treatment of Chronic Obstructive Pulmonary Disease (COPD) has been largely based on a \u201cone size fits all\u201d approach. Diagnosis of COPD is based on meeting the physiological criteria of fixed obstruction in forced expiratory flows and treatment focus on symptomatic relief with limited effect on the overall prognosis. However, patients with COPD have distinct features that determine very different evolution of the disease. In this review, we highlight distinct subgroups of COPD characterized by unique pathophysiological derangements, response to treatment and disease progression. It is likely that identification of subgroups of COPD will lead to discovery of highly needed disease modifying therapeutic approaches. We argue that a precision approach that integrates multiple dimensions (clinical, physiological, imaging and endotyping) is needed to move the field forward in this disease.",
   "authors": [
      "['Segal, Leopoldo N.', 'Martinez, Fernando J.']"
   ],
   "id": "https://www.ncbi.nlm.nih.gov/pmc/articles/PMC5996762"
}