{
   "source_x": "PMC",
   "title": "Epidemiology and Clinical Features of Human Coronaviruses in the Pediatric Population",
   "doi": "http://dx.doi.org/10.1093/jpids/pix027",
   "pmcid": "PMC5954244",
   "abstract": "BACKGROUND: The epidemiology and clinical features of human coronaviruses (HCoVs) in children are not fully characterized. METHODS: A retrospective study of children with HCoV detected by reverse-transcriptase polymerase chain reaction (RT-PCR) was performed for a community cohort and a children\u2019s hospital in the same community from January 2013 to December 2014. The RT-PCR assay detected HCoV 229E, HKU1, NL63, and OC43 in nasal swabs from symptomatic children \u226418 years. Factors associated with increased severity of illness in hospitalized children were assessed by multivariable logistic regression. RESULTS: Human coronavirus was detected in 261 children, 49 and 212 from the community and hospital, respectively. The distribution of HCoV types and seasonal trends were similar in the community and hospital. Community cases were older than hospitalized cases (median age, 4.4 versus 1.7 years, respectively; P < .01), and a minority of community cases (26.5%) sought medical attention. Among the hospitalized children with HCoV detected, 39 (18.4%) received respiratory support and 24 (11.3%) were admitted to the pediatric intensive care unit (PICU). Age <2 years (odds ratio [OR] = 5.0; 95% confidence interval [CI], 1.9\u201313.1) and cardiovascular (OR = 3.9; 95% CI, 1.6\u20139.5), genetic/congenital (OR = 2.8; 95% CI, 1.1\u20137.0), and respiratory chronic complex conditions ([CCCs] OR = 4.5; 95% CI, 1.7\u201312.0) were associated with receiving respiratory support. Genetic/congenital (OR = 2.8; 95% CI, 1.1\u20137.4) CCCs were associated with PICU admission. Severity of illness was similar among hospitalized children with different HCoV types. CONCLUSIONS: Children in the community with HCoV detected generally had mild illness as demonstrated by few medically attended cases. In hospitalized children, young age and CCCs, but not HCoV type, were associated with increased severity of illness.",
   "authors": [
      "['Varghese, Litty', 'Zachariah, Philip', 'Vargas, Celibell', 'LaRussa, Philip', 'Demmer, Ryan T', 'Furuya, Yoko E', 'Whittier, Susan', 'Reed, Carrie', 'Stockwell, Melissa S', 'Saiman, Lisa']"
   ],
   "id": "https://www.ncbi.nlm.nih.gov/pmc/articles/PMC5954244"
}