{
   "source_x": "PMC",
   "title": "Apoptosis and necroptosis as host defense strategies to prevent viral infection",
   "doi": "http://dx.doi.org/10.1016/j.tcb.2017.05.007",
   "pmcid": "PMC5653411",
   "abstract": "Antiviral transcriptional responses and regulated cell death are critical components of the host response to virus infection. However, in contrast to the signaling pathways that promote antiviral transcription, those that initiate cell death following virus infection remain less understood. Several recent studies identified pattern recognition receptors (PRRs) of the mammalian innate immune system that activate cell death pathways. These same receptors also have established roles in the induction of antiviral gene expression. In this review, we discuss the mechanisms by which PRRs can serve dual roles as initiators of inflammatory gene expression and inducers of apoptosis and necroptosis following virus infection.",
   "authors": [
      "['Orzalli, Megan H.', 'Kagan, Jonathan C.']"
   ],
   "id": "https://www.ncbi.nlm.nih.gov/pmc/articles/PMC5653411"
}