{
   "source_x": "PMC",
   "title": "Novel Polyanions Inhibiting Replication of Influenza Viruses",
   "doi": "http://dx.doi.org/10.1128/AAC.02183-15",
   "pmcid": "PMC4808183",
   "abstract": "Novel sulfonated derivatives of poly(allylamine hydrochloride) (NSPAHs) and N-sulfonated chitosan (NSCH) have been synthesized, and their activity against influenza A and B viruses has been studied and compared with that of a series of carrageenans, marine polysaccharides of well-documented anti-influenza activity. NSPAHs were found to be nontoxic and very soluble in water, in contrast to gel-forming and thus generally poorly soluble carrageenans. In vitro and ex vivo studies using susceptible cells (Madin-Darby canine kidney epithelial cells and fully differentiated human airway epithelial cultures) demonstrated the antiviral effectiveness of NSPAHs. The activity of NSPAHs was proportional to the molecular mass of the chain and the degree of substitution of amino groups with sulfonate groups. Mechanistic studies showed that the NSPAHs and carrageenans inhibit influenza A and B virus assembly in the cell.",
   "authors": [
      "['Ciejka, Justyna', 'Milewska, Aleksandra', 'Wytrwal, Magdalena', 'Wojarski, Jacek', 'Golda, Anna', 'Ochman, Marek', 'Nowakowska, Maria', 'Szczubialka, Krzysztof', 'Pyrc, Krzysztof']"
   ],
   "id": "https://www.ncbi.nlm.nih.gov/pmc/articles/PMC4808183"
}