{
   "sha": "9a1ed211481f2c4e15f48ec3f712e73901eb628a",
   "source_x": "PMC",
   "title": "The Key Role of Genomics in Modern Vaccine and Drug Design for Emerging Infectious Diseases",
   "doi": "http://dx.doi.org/10.1371/journal.pgen.1000612",
   "pmcid": "PMC2752168",
   "pubmed_id": "19855822",
   "license": "CC BY",
   "abstract": "It can be argued that the arrival of the \u201cgenomics era\u201d has significantly shifted the paradigm of vaccine and therapeutics development from microbiological to sequence-based approaches. Genome sequences provide a previously unattainable route to investigate the mechanisms that underpin pathogenesis. Genomics, transcriptomics, metabolomics, structural genomics, proteomics, and immunomics are being exploited to perfect the identification of targets, to design new vaccines and drugs, and to predict their effects in patients. Furthermore, human genomics and related studies are providing insights into aspects of host biology that are important in infectious disease. This ever-growing body of genomic data and new genome-based approaches will play a critical role in the future to enable timely development of vaccines and therapeutics to control emerging infectious diseases.",
   "publish_time": "2009 Oct 26",
   "authors": [
      "['Seib, Kate L.', 'Dougan, Gordon', 'Rappuoli, Rino']"
   ],
   "journal": "PLoS Genet",
   "has_full_text": "True",
   "id": "9a1ed211481f2c4e15f48ec3f712e73901eb628a",
   "fhir_link": "Commercial/9a1ed211481f2c4e15f48ec3f712e73901eb628a"
}