{
   "source_x": "PMC",
   "title": "Fruits of Virus Discovery: New Pathogens and New Experimental Models",
   "doi": "http://dx.doi.org/10.1128/JVI.01194-14",
   "pmcid": "PMC4300757",
   "abstract": "The advent of high-throughput sequencing has led to a tremendous increase in the rate of discovery of viral sequences. In some instances, novel pathogens have been identified. What has been less well appreciated is that novel virus discoveries in distinct hosts have led to the establishment of unique experimental systems to define host-virus interactions. These new systems have opened new frontiers in the study of fundamental virology and infectious disease.",
   "authors": [
      "Wang, David"
   ],
   "id": "https://www.ncbi.nlm.nih.gov/pmc/articles/PMC4300757"
}