{
   "source_x": "PMC",
   "title": "IFITM-Family Proteins: The Cell\u2019s First Line of Antiviral Defense",
   "doi": "http://dx.doi.org/10.1146/annurev-virology-031413-085537",
   "pmcid": "PMC4295558",
   "abstract": "Animal cells use a wide variety of mechanisms to slow or prevent replication of viruses. These mechanisms are usually mediated by antiviral proteins whose expression and activities can be constitutive but are frequently amplified by interferon induction. Among these interferon-stimulated proteins, members of the IFITM (interferon-induced transmembrane) family are unique because they prevent infection before a virus can traverse the lipid bilayer of the cell. At least three human IFITM proteins\u2014IFITM1, IFITM2, and IFITM3\u2014have antiviral activities. These activities limit infection in cultured cells by many viruses, including dengue virus, Ebola virus, influenza A virus, severe acute respiratory syndrome coronavirus, and West Nile virus. Murine Ifitm3 controls influenza A virus infection in vivo, and polymorphisms in human IFITM3 correlate with the severity of both seasonal and highly pathogenic avian influenza virus. Here we review the discovery and characterization of the IFITM proteins, describe the spectrum of their antiviral activities, and discuss potential mechanisms underlying these effects.",
   "authors": [
      "['Bailey, Charles C.', 'Zhong, Guocai', 'Huang, I-Chueh', 'Farzan, Michael']"
   ],
   "id": "https://www.ncbi.nlm.nih.gov/pmc/articles/PMC4295558"
}