{
   "sha": "08e78c0222e84457195ccefb2e371f1847670436",
   "source_x": "PMC",
   "title": "Establishment, Immortalisation and Characterisation of Pteropid Bat Cell Lines",
   "doi": "http://dx.doi.org/10.1371/journal.pone.0008266",
   "pmcid": "PMC2788226",
   "pubmed_id": "20011515",
   "license": "CC BY",
   "abstract": "BACKGROUND: Bats are the suspected natural reservoir hosts for a number of new and emerging zoonotic viruses including Nipah virus, Hendra virus, severe acute respiratory syndrome coronavirus and Ebola virus. Since the discovery of SARS-like coronaviruses in Chinese horseshoe bats, attempts to isolate a SL-CoV from bats have failed and attempts to isolate other bat-borne viruses in various mammalian cell lines have been similarly unsuccessful. New stable bat cell lines are needed to help with these investigations and as tools to assist in the study of bat immunology and virus-host interactions. METHODOLOGY/FINDINGS: Black flying foxes (Pteropus alecto) were captured from the wild and transported live to the laboratory for primary cell culture preparation using a variety of different methods and culture media. Primary cells were successfully cultured from 20 different organs. Cell immortalisation can occur spontaneously, however we used a retroviral system to immortalise cells via the transfer and stable production of the Simian virus 40 Large T antigen and the human telomerase reverse transcriptase protein. Initial infection experiments with both cloned and uncloned cell lines using Hendra and Nipah viruses demonstrated varying degrees of infection efficiency between the different cell lines, although it was possible to infect cells in all tissue types. CONCLUSIONS/SIGNIFICANCE: The approaches developed and optimised in this study should be applicable to bats of other species. We are in the process of generating further cell lines from a number of different bat species using the methodology established in this study.",
   "publish_time": "2009 Dec 11",
   "authors": [
      "['Crameri, Gary', 'Todd, Shawn', 'Grimley, Samantha', 'McEachern, Jennifer A.', 'Marsh, Glenn A.', 'Smith, Craig', 'Tachedjian, Mary', 'De Jong, Carol', 'Virtue, Elena R.', 'Yu, Meng', 'Bulach, Dieter', 'Liu, Jun-Ping', 'Michalski, Wojtek P.', 'Middleton, Deborah', 'Field, Hume E.', 'Wang, Lin-Fa']"
   ],
   "journal": "PLoS One",
   "has_full_text": "True",
   "id": "08e78c0222e84457195ccefb2e371f1847670436",
   "fhir_link": "Commercial/08e78c0222e84457195ccefb2e371f1847670436"
}