{
   "source_x": "PMC",
   "title": "A frameshifting stimulatory stem loop destabilizes the hybrid state and impedes ribosomal translocation",
   "doi": "http://dx.doi.org/10.1073/pnas.1403457111",
   "pmcid": "PMC3992627",
   "abstract": "Ribosomal frameshifting occurs when a ribosome slips a few nucleotides on an mRNA and generates a new sequence of amino acids. Programmed \u22121 ribosomal frameshifting (\u22121PRF) is used in various systems to express two or more proteins from a single mRNA at precisely regulated levels. We used single-molecule fluorescence resonance energy transfer (smFRET) to study the dynamics of \u22121PRF in the Escherichia coli dnaX gene. The frameshifting mRNA (FSmRNA) contained the frameshifting signals: a Shine\u2013Dalgarno sequence, a slippery sequence, and a downstream stem loop. The dynamics of ribosomal complexes translating through the slippery sequence were characterized using smFRET between the Cy3-labeled L1 stalk of the large ribosomal subunit and a Cy5-labeled tRNA(Lys) in the ribosomal peptidyl-tRNA\u2013binding (P) site. We observed significantly slower elongation factor G (EF-G)\u2013catalyzed translocation through the slippery sequence of FSmRNA in comparison with an mRNA lacking the stem loop, \u0394SL. Furthermore, the P-site tRNA/L1 stalk of FSmRNA-programmed pretranslocation (PRE) ribosomal complexes exhibited multiple fluctuations between the classical/open and hybrid/closed states, respectively, in the presence of EF-G before translocation, in contrast with \u0394SL-programmed PRE complexes, which sampled the hybrid/closed state approximately once before undergoing translocation. Quantitative analysis showed that the stimulatory stem loop destabilizes the hybrid state and elevates the energy barriers corresponding to subsequent substeps of translocation. The shift of the FSmRNA-programmed PRE complex equilibrium toward the classical/open state and toward states that favor EF-G dissociation apparently allows the PRE complex to explore alternative translocation pathways such as \u22121PRF.",
   "authors": [
      "['Kim, Hee-Kyung', 'Liu, Fei', 'Fei, Jingyi', 'Bustamante, Carlos', 'Gonzalez, Ruben L.', 'Tinoco, Ignacio']"
   ],
   "id": "https://www.ncbi.nlm.nih.gov/pmc/articles/PMC3992627"
}