{
   "sha": "73d7ae5e79b6ba07548cf38ddcaa2979bee6916b",
   "source_x": "PMC",
   "title": "Origin of measles virus: divergence from rinderpest virus between the 11(th )and 12(th )centuries",
   "doi": "http://dx.doi.org/10.1186/1743-422X-7-52",
   "pmcid": "PMC2838858",
   "pubmed_id": "20202190",
   "license": "CC BY",
   "abstract": "Measles, caused by measles virus (MeV), is a common infection in children. MeV is a member of the genus Morbillivirus and is most closely related to rinderpest virus (RPV), which is a pathogen of cattle. MeV is thought to have evolved in an environment where cattle and humans lived in close proximity. Understanding the evolutionary history of MeV could answer questions related to divergence times of MeV and RPV. We investigated divergence times using relaxed clock Bayesian phylogenetics. Our estimates reveal that MeV had an evolutionary rate of 6.0 - 6.5 \u00d7 10(-4 )substitutions/site/year. It was concluded that the divergence time of the most recent common ancestor of current MeV was the early 20(th )century. And, divergence between MeV and RPV occurred around the 11(th )to 12(th )centuries. The result was unexpected because emergence of MeV was previously considered to have occurred in the prehistoric age. MeV may have originated from virus of non-human species and caused emerging infectious diseases around the 11(th )to 12(th )centuries. In such cases, investigating measles would give important information about the course of emerging infectious diseases.",
   "publish_time": "2010 Mar 4",
   "authors": [
      "['Furuse, Yuki', 'Suzuki, Akira', 'Oshitani, Hitoshi']"
   ],
   "journal": "Virol J",
   "has_full_text": "True",
   "id": "73d7ae5e79b6ba07548cf38ddcaa2979bee6916b",
   "fhir_link": "Commercial/73d7ae5e79b6ba07548cf38ddcaa2979bee6916b"
}