{
   "source_x": "PMC",
   "title": "The influence of virus infections on the course of COPD",
   "doi": "http://dx.doi.org/10.1556/EuJMI.2.2012.3.2",
   "pmcid": "PMC3962752",
   "abstract": "Chronic obstructive pulmonary disease (COPD) is extensively influenced by viral infections. The mechanisms of how viral agents affect the pathogenesis and prognosis of COPD are numerous. In general, patients with infectious exacerbations are characterized by longer hospitalization periods and greater impairment of several lung function parameters than those with non-infectious exacerbations. Prodromal, clinical, and outcome parameters fail to distinguish virally from non-virally induced illnesses in cases of exacerbations. The importance of infections with respiratory and non-respiratory viral agents for pathogenesis and course of COPD is detailed. Human adenovirus, non-respiratory viruses including human immunodeficiency virus, human metapneumovirus, influenza virus, human rhinovirus, and respiratory syncytial virus are especially stressed.",
   "authors": [
      "['Frickmann, H.', 'Jungblut, S.', 'Hirche, T. O.', 'Gro\u00df, U.', 'Kuhns, M.', 'Zautner, A. E.']"
   ],
   "id": "https://www.ncbi.nlm.nih.gov/pmc/articles/PMC3962752"
}