{
   "source_x": "PMC",
   "title": "Integrated Multilevel Surveillance of the World's Infecting Microbes and Their Resistance to Antimicrobial Agents",
   "doi": "http://dx.doi.org/10.1128/CMR.00021-10",
   "pmcid": "PMC3122493",
   "abstract": "Summary: Microbial surveillance systems have varied in their source of support; type of laboratory reporting (patient care or reference); inclusiveness of reports filed; extent of microbial typing; whether single hospital, multihospital, or multicountry; proportion of total medical centers participating; and types, levels, integration across levels, and automation of analyses performed. These surveillance systems variably support the diagnosis and treatment of patients, local or regional infection control, local or national policies and guidelines, laboratory capacity building, sentinel surveillance, and patient safety. Overall, however, only a small fraction of available data are under any surveillance, and very few data are fully integrated and analyzed. Advancing informatics and genomics can make microbial surveillance far more efficient and effective at preventing infections and improving their outcomes. The world's microbiology laboratories should upload their reports each day to programs that detect events, trends, and epidemics in communities, hospitals, countries, and the world.",
   "authors": [
      "[\"O'Brien, Thomas F.\", 'Stelling, John']"
   ],
   "id": "https://www.ncbi.nlm.nih.gov/pmc/articles/PMC3122493"
}