{
   "source_x": "PMC",
   "title": "The 7a Accessory Protein of Severe Acute Respiratory Syndrome Coronavirus Acts as an RNA Silencing Suppressor",
   "doi": "http://dx.doi.org/10.1128/JVI.00748-10",
   "pmcid": "PMC2937820",
   "abstract": "RNA silencing suppressors (RSSs) are well studied for plant viruses but are not well defined to date for animal viruses. Here, we have identified an RSS from a medically important positive-sense mammalian virus, Severe acute respiratory syndrome coronavirus. The viral 7a accessory protein suppressed both transgene and virus-induced gene silencing by reducing the levels of small interfering RNA (siRNA). The suppression of silencing was analyzed by two independent assays, and the middle region (amino acids [aa] 32 to 89) of 7a was responsible for suppression. Finally, the RNA suppression property and the enhancement of heterologous replicon activity by the 7a protein were confirmed for animal cell lines.",
   "authors": [
      "['Karjee, Sumona', 'Minhas, Ankita', 'Sood, Vikas', 'Ponia, Sanket S.', 'Banerjea, Akhil C.', 'Chow, Vincent T. K.', 'Mukherjee, Sunil K.', 'Lal, Sunil K.']"
   ],
   "id": "https://www.ncbi.nlm.nih.gov/pmc/articles/PMC2937820"
}