{
   "source_x": "PMC",
   "title": "Leishmaniasis",
   "doi": "http://dx.doi.org/10.1136/pgmj.2006.047340corr1",
   "pmcid": "PMC3202701",
   "abstract": "Epidemiology, disease patterns, immunology, diagnosis, treatment and control measures of leishmaniasis are described. Various issues relating to leishmaniasis are highlighted: the relative lack of importance given to this disease compared with other infections, climate change and its possible impact on extension of endemicity of this infection, and new diagnostic tests which are improving diagnosis, especially in resource poor areas. Other important aspects discussed include the potential for newer oral therapy to change the way this disease is managed; Leishmania\u2013HIV coinfection and groups at risk; and development of an effective vaccine.",
   "authors": [
      "Piscopo, Tonio V"
   ],
   "id": "https://www.ncbi.nlm.nih.gov/pmc/articles/PMC3202701"
}