{
   "sha": "408e677725167e4c45863aab7d91de0a5dae6d22",
   "source_x": "PMC",
   "title": "Communicating uncertainty - how Australian television reported H1N1 risk in 2009: a content analysis",
   "doi": "http://dx.doi.org/10.1186/1471-2458-11-181",
   "pmcid": "PMC3079644",
   "pubmed_id": "21435263",
   "license": "CC BY",
   "abstract": "BACKGROUND: Health officials face particular challenges in communicating with the public about emerging infectious diseases of unknown severity such as the 2009 H1N1(swine 'flu) pandemic (pH1N1). Statements intended to create awareness and convey the seriousness of infectious disease threats can draw accusations of scare-mongering, while officials can be accused of complacency if such statements are not made. In these communication contexts, news journalists, often reliant on official sources to understand issues are pivotal in selecting and emphasising aspects of official discourse deemed sufficiently newsworthy to present to the public. This paper presents a case-study of news communication regarding the emergence of pH1N1. METHODS: We conducted a content analysis of all television news items about pH1N1. We examined news and current affairs items broadcast on 5 free-to-air Sydney television channels between April 25 2009 (the first report) and October 9 (prior to the vaccine release) for statements about [1] the seriousness of the disease [2] how the public could minimise contagion [3] government responses to emerging information. RESULTS: pH1N1 was the leading health story for eight of 24 weeks and was in the top 5 for 20 weeks. 353 news items were identified, yielding 3086 statements for analysis, with 63.4% related to the seriousness of the situation, 12.9% providing advice for viewers and 23.6% involving assurances from government. Coverage focused on infection/mortality rates, the spread of the virus, the need for public calm, the vulnerability of particular groups, direct and indirect advice for viewers, and government reassurances about effective management. CONCLUSIONS: Overall, the reporting of 2009 pH1N1 in Sydney, Australia was generally non-alarmist, while conveying that pH1N1 was potentially serious. Daily infection rate tallies and commentary on changes in the pandemic alert level were seldom contextualised to assist viewers in understanding personal relevance. Suggestions are made about how future reporting of emerging infectious diseases could be enhanced.",
   "publish_time": "2011 Mar 24",
   "authors": [
      "['Fogarty, Andrea S', 'Holland, Kate', 'Imison, Michelle', 'Blood, R Warwick', 'Chapman, Simon', 'Holding, Simon']"
   ],
   "journal": "BMC Public Health",
   "has_full_text": "True",
   "id": "408e677725167e4c45863aab7d91de0a5dae6d22",
   "fhir_link": "Commercial/408e677725167e4c45863aab7d91de0a5dae6d22"
}