{
   "source_x": "PMC",
   "title": "Molecular Mimicry, Bystander Activation, or Viral Persistence: Infections and Autoimmune Disease",
   "doi": "http://dx.doi.org/10.1128/CMR.19.1.80-94.2006",
   "pmcid": "PMC1360274",
   "abstract": "Virus infections and autoimmune disease have long been linked. These infections often precede the occurrence of inflammation in the target organ. Several mechanisms often used to explain the association of autoimmunity and virus infection are molecular mimicry, bystander activation (with or without epitope spreading), and viral persistance. These mechanisms have been used separately or in various combinations to account for the immunopathology observed at the site of infection and/or sites of autoimmune disease, such as the brain, heart, and pancreas. These mechanisms are discussed in the context of multiple sclerosis, myocarditis, and diabetes, three immune-medicated diseases often linked with virus infections.",
   "authors": [
      "['Fujinami, Robert S.', 'von Herrath, Matthias G.', 'Christen, Urs', 'Whitton, J. Lindsay']"
   ],
   "id": "https://www.ncbi.nlm.nih.gov/pmc/articles/PMC1360274"
}