{
   "sha": "bd0d94a4452f2b55cfab53adecb84ce5f2c91fe3",
   "source_x": "PMC",
   "title": "Lysosomotropic agents as HCV entry inhibitors",
   "doi": "http://dx.doi.org/10.1186/1743-422X-8-163",
   "pmcid": "PMC3090357",
   "pubmed_id": "21481279",
   "license": "CC BY",
   "abstract": "HCV has two envelop proteins named as E1 and E2 which play an important role in cell entry through two main pathways: direct fusion at the plasma membrane and receptor-mediated endocytosis. Fusion of the HCV envelope proteins is triggered by low pH within the endosome. Lysosomotropic agents (LA) such as Chloroquine and Ammonium chloride (NH(4)Cl) are the weak bases and penetrate in lysosome as protonated form and increase the intracellular pH. To investigate the antiviral effect of LA (Chloroquine and NH(4)Cl) on pH dependent endocytosis, HCV pseudoparticles (HCVpp) of 1a and 3a genotype were produced and used to infect liver cells. The toxicological effects of Chloroquine and NH(4)Cl were tested in liver cells through MTT cell proliferation assay. For antiviral screening of Chloroquine and NH(4)Cl, liver cells were infected with HCVpp of 3a and 1a genotype in the presence or absence of different concentrations of Chloroquine and NH4Cl and there luciferase activity was determined by using a luminometer. The results demonstrated that Chloroquine and NH(4)Cl showed more than 50% reduction of virus infectivity at 50 \u03bcM and 10 mM concentrations respectively. These results suggest that inhibition of HCV at fusion step by increasing the lysosomal pH will be better option to treat chronic HCV.",
   "publish_time": "2011 Apr 12",
   "authors": [
      "['Ashfaq, Usman A', 'Javed, Tariq', 'Rehman, Sidra', 'Nawaz, Zafar', 'Riazuddin, Sheikh']"
   ],
   "journal": "Virol J",
   "has_full_text": "True",
   "id": "bd0d94a4452f2b55cfab53adecb84ce5f2c91fe3",
   "fhir_link": "Commercial/bd0d94a4452f2b55cfab53adecb84ce5f2c91fe3"
}