{
   "sha": "7212e4cdbb493aa171b9d07c3946114d715f1e5b",
   "source_x": "PMC",
   "title": "GI-type T4SS-mediated horizontal transfer of the 89K pathogenicity island in epidemic Streptococcus suis serotype 2",
   "doi": "http://dx.doi.org/10.1111/j.1365-2958.2011.07553.x",
   "pmcid": "PMC3132442",
   "pubmed_id": "21244532",
   "license": "CC BY",
   "abstract": "Pathogenicity islands (PAIs), a distinct type of genomic island (GI), play important roles in the rapid adaptation and increased virulence of pathogens. 89K is a newly identified PAI in epidemic Streptococcus suis isolates that are related to the two recent large-scale outbreaks of human infection in China. However, its mechanism of evolution and contribution to the epidemic spread of S. suis 2 remain unknown. In this study, the potential for mobilization of 89K was evaluated, and its putative transfer mechanism was investigated. We report that 89K can spontaneously excise to form an extrachromosomal circular product. The precise excision is mediated by an 89K-borne integrase through site-specific recombination, with help from an excisionase. The 89K excision intermediate acts as a substrate for lateral transfer to non-89K S. suis 2 recipients, where it reintegrates site-specifically into the target site. The conjugal transfer of 89K occurred via a GI type IV secretion system (T4SS) encoded in 89K, at a frequency of 10(\u22126) transconjugants per donor. This is the first demonstration of horizontal transfer of a Gram-positive PAI mediated by a GI-type T4SS. We propose that these genetic events are important in the emergence, pathogenesis and persistence of epidemic S. suis 2 strains.",
   "publish_time": "2011 Mar",
   "authors": [
      "['Li, Ming', 'Shen, Xiaodong', 'Yan, Jinghua', 'Han, Huiming', 'Zheng, Beiwen', 'Liu, Di', 'Cheng, Hao', 'Zhao, Yan', 'Rao, Xiancai', 'Wang, Changjun', 'Tang, Jiaqi', 'Hu, Fuquan', 'Gao, George F']"
   ],
   "journal": "Mol Microbiol",
   "has_full_text": "True",
   "id": "7212e4cdbb493aa171b9d07c3946114d715f1e5b",
   "fhir_link": "Commercial/7212e4cdbb493aa171b9d07c3946114d715f1e5b"
}