{
   "sha": "eafa4d1bd1e62bf88d6d2813002cfe6c33be8b95",
   "source_x": "PMC",
   "title": "Investigation of a Potential Zoonotic Transmission of Orthoreovirus Associated with Acute Influenza-Like Illness in an Adult Patient",
   "doi": "http://dx.doi.org/10.1371/journal.pone.0025434",
   "pmcid": "PMC3192755",
   "pubmed_id": "22022394",
   "license": "CC BY",
   "abstract": "Bats are increasingly being recognized as important reservoir hosts for a large number of viruses, some of them can be highly virulent when they infect human and livestock animals. Among the new bat zoonotic viruses discovered in recent years, several reoviruses (respiratory enteric orphan viruses) were found to be able to cause acute respiratory infections in humans, which included Melaka and Kampar viruses discovered in Malaysia, all of them belong to the genus Orthoreovirus, family Reoviridae. In this report, we describe the isolation of a highly related virus from an adult patient who suffered acute respiratory illness in Malaysia. Although there was no direct evidence of bat origin, epidemiological study indicated the potential exposure of the patient to bats before the onset of disease. The current study further demonstrates that spillover events of different strains of related orthoreoviruses from bats to humans are occurring on a regular basis, which calls for more intensive and systematic surveillances to fully assess the true public health impact of these newly discovered bat-borne zoonotic reoviruses.",
   "publish_time": "2011 Oct 13",
   "authors": [
      "['Chua, Kaw Bing', 'Voon, Kenny', 'Yu, Meng', 'Keniscope, Canady', 'Abdul Rasid, Kasri', 'Wang, Lin-Fa']"
   ],
   "journal": "PLoS One",
   "has_full_text": "True",
   "id": "eafa4d1bd1e62bf88d6d2813002cfe6c33be8b95",
   "fhir_link": "Commercial/eafa4d1bd1e62bf88d6d2813002cfe6c33be8b95"
}