{
   "source_x": "PMC",
   "title": "Studies of experimental rhinovirus type 2 infections in polar isolation and in England.",
   "pmcid": "PMC2129668",
   "abstract": "After five months of total isolation a wintering party of seventeen British Antarctic Survey (BAS) personnel was inoculated under double blind concitions with placebo, or rhinovirus type 2 which had been propagated in tissue culture. The clinical and virological responses of these subjects were compared with those of volunteers in England who received a similar dose of the same strain. The virus used was apparently partly attenuated for man; at the dosage used its effects in England were similar to a smaller dose of an unattenuated strain, but in the Antarctic it caused relatively severe infections. Both the symptoms and the laboratory evidence of virus infection appeared to be more pronounced in the BAS subjects than in the volunteers in England who received the same challenge. In the former group the infection readily spread to those who were originally given placebo. In the BAS subjects serum antibody titres were well maintained during the isolation period but a significant fall in nasal immunoglobulin concentration was recorded during the 5 months of isolation after the virus challenge. Possible mechanisms for the increased sensitivity to rhinovirus of subjects who have been totally isolated in a small closed community are discussed.",
   "authors": [
      "['Holmes, M. J.', 'Reed, S. E.', 'Stott, E. J.', 'Tyrrell, D. A.']"
   ],
   "id": "https://www.ncbi.nlm.nih.gov/pmc/articles/PMC2129668"
}