{
   "sha": "a7a4a5568e5b7c921bc616eedf532a393229decb",
   "source_x": "biorxiv",
   "title": "Gene birth contributes to structural disorder encoded by overlapping genes",
   "doi": "doi.org/10.1101/229690",
   "license": "See https://www.biorxiv.org/about-biorxiv",
   "abstract": "The same nucleotide sequence can encode two protein products in different reading frames. Overlapping gene regions encode higher levels of intrinsic structural disorder (ISD) than non-overlapping genes (39% vs. 25% in our viral dataset). This might be because of the intrinsic properties of the genetic code, because one member per pair was recently born de novo in a process that favors high ISD, or because high ISD relieves increased evolutionary constraint imposed by dual-coding. Here we quantify the relative contributions of these three alternative hypotheses. We estimate that the recency of de novo gene birth explains 32% or more of the elevation in ISD in overlapping regions of viral genes. While the two reading frames within a same-strand overlapping gene pair have markedly different ISD tendencies that must be controlled for, their effects cancel out to make no net contribution to ISD. The remaining elevation of ISD in the older members of overlapping gene pairs, presumed due to the need to alleviate evolutionary constraint, was already present prior to the origin of the overlap. Same-strand overlapping gene birth events can occur in two different frames, favoring high ISD either in the ancestral gene or in the novel gene; surprisingly, most de novo gene birth events contained completely within the body of an ancestral gene favor high ISD in the ancestral gene (23 phylogenetically independent events vs. 1). This can be explained by mutation bias favoring the frame with more start codons and fewer stop codons.",
   "publish_time": "2018-06-13",
   "authors": [
      "Willis, S.",
      " Masel, J."
   ],
   "has_full_text": "True",
   "id": "a7a4a5568e5b7c921bc616eedf532a393229decb",
   "fhir_link": "bioRxiv-medRxiv/a7a4a5568e5b7c921bc616eedf532a393229decb"
}