{
   "sha": "1dfcd4615a8763e053bd2fdb845f09fab68109f1",
   "source_x": "biorxiv",
   "title": "Waterborne, abiotic and other indirectly transmitted (W.A.I.T.) infections are defined by the dynamics of free-living pathogens and environmental reservoirs",
   "doi": "doi.org/10.1101/525089",
   "license": "See https://www.biorxiv.org/about-biorxiv",
   "abstract": "While the ecology of infectious disease is a rich field with decades worth of empirical evidence and theory, there are aspects that remain relatively under-examined. One example is the importance of the free-living survival stage of certain pathogens, and especially is cases where they are transmitted indirectly between hosts through an environmental reservoir intermediate. In this study, we develop an integrated, broadly applicable mathematical method to examine diseases fitting this description--the waterborne, abiotic and other indirectly transmitted (W.A.I.T.) infection framework. To demonstrate its utility, we construct realistic models of two very different epidemic scenarios: cholera in a densely populated setting with limited access to clean drinking water and hepatitis C virus in an urban setting of injection-drug users. Using these two exemplars, we find that the W.A.I.T. model fortifies the centrality of reservoir dynamics in the \"sit and wait\" infection strategy, and provides a way to simulate a diverse set of intervention strategies.",
   "publish_time": "2019-05-13",
   "authors": [
      "Miller-Dickson, M.",
      " Meszaros, V. A.",
      " Baffour-Awuah Junior, F.",
      " Almagro-Moreno, S.",
      " Ogbunugafor, C. B."
   ],
   "has_full_text": "True",
   "id": "1dfcd4615a8763e053bd2fdb845f09fab68109f1",
   "fhir_link": "bioRxiv-medRxiv/1dfcd4615a8763e053bd2fdb845f09fab68109f1"
}