{
   "sha": "71d23a3d11c102af8346110435fc8e188665e832",
   "source_x": "PMC",
   "title": "Virus Identification in Unknown Tropical Febrile Illness Cases Using Deep Sequencing",
   "doi": "http://dx.doi.org/10.1371/journal.pntd.0001485",
   "pmcid": "PMC3274504",
   "pubmed_id": "22347512",
   "license": "CC BY",
   "abstract": "Dengue virus is an emerging infectious agent that infects an estimated 50\u2013100 million people annually worldwide, yet current diagnostic practices cannot detect an etiologic pathogen in \u223c40% of dengue-like illnesses. Metagenomic approaches to pathogen detection, such as viral microarrays and deep sequencing, are promising tools to address emerging and non-diagnosable disease challenges. In this study, we used the Virochip microarray and deep sequencing to characterize the spectrum of viruses present in human sera from 123 Nicaraguan patients presenting with dengue-like symptoms but testing negative for dengue virus. We utilized a barcoding strategy to simultaneously deep sequence multiple serum specimens, generating on average over 1 million reads per sample. We then implemented a stepwise bioinformatic filtering pipeline to remove the majority of human and low-quality sequences to improve the speed and accuracy of subsequent unbiased database searches. By deep sequencing, we were able to detect virus sequence in 37% (45/123) of previously negative cases. These included 13 cases with Human Herpesvirus 6 sequences. Other samples contained sequences with similarity to sequences from viruses in the Herpesviridae, Flaviviridae, Circoviridae, Anelloviridae, Asfarviridae, and Parvoviridae families. In some cases, the putative viral sequences were virtually identical to known viruses, and in others they diverged, suggesting that they may derive from novel viruses. These results demonstrate the utility of unbiased metagenomic approaches in the detection of known and divergent viruses in the study of tropical febrile illness.",
   "publish_time": "2012 Feb 7",
   "authors": [
      "['Yozwiak, Nathan L.', 'Skewes-Cox, Peter', 'Stenglein, Mark D.', 'Balmaseda, Angel', 'Harris, Eva', 'DeRisi, Joseph L.']"
   ],
   "journal": "PLoS Negl Trop Dis",
   "has_full_text": "False",
   "id": "71d23a3d11c102af8346110435fc8e188665e832"
}