{
   "sha": "1e863993819f87abe5cee255ccb97d623838542a",
   "source_x": "PMC",
   "title": "A novel bocavirus in canine liver",
   "doi": "http://dx.doi.org/10.1186/1743-422X-10-54",
   "pmcid": "PMC3577433",
   "pubmed_id": "23402347",
   "license": "CC BY",
   "abstract": "BACKGROUND: Bocaviruses are classified as a genus within the Parvoviridae family of single-stranded DNA viruses and are pathogenic in some mammalian species. Two species have been previously reported in dogs, minute virus of canines (MVC), associated with neonatal diseases and fertility disorders; and Canine bocavirus (CBoV), associated with respiratory disease. FINDINGS: In this study using deep sequencing of enriched viral particles from the liver of a dog with severe hemorrhagic gastroenteritis, necrotizing vasculitis, granulomatous lymphadenitis and anuric renal failure, we identified and characterized a novel bocavirus we named Canine bocavirus 3 (CnBoV3). The three major ORFs of CnBoV3 (NS1, NP1 and VP1) shared less than 60% aa identity with those of other bocaviruses qualifying it as a novel species based on ICTV criteria. Inverse PCR showed the presence of concatemerized or circular forms of the genome in liver. CONCLUSIONS: We genetically characterized a bocavirus in a dog liver that is highly distinct from prior canine bocaviruses found in respiratory and fecal samples. Its role in this animal\u2019s complex disease remains to be determined.",
   "publish_time": "2013 Feb 13",
   "authors": [
      "['Li, Linlin', 'Pesavento, Patricia A', 'Leutenegger, Christian M', 'Estrada, Marko', 'Coffey, Lark L', 'Naccache, Samia N', 'Samayoa, Erik', 'Chiu, Charles', 'Qiu, Jianming', 'Wang, Chunlin', 'Deng, Xutao', 'Delwart, Eric']"
   ],
   "journal": "Virol J",
   "has_full_text": "True",
   "id": "1e863993819f87abe5cee255ccb97d623838542a",
   "fhir_link": "Commercial/1e863993819f87abe5cee255ccb97d623838542a"
}