{
   "sha": "f71d759c61dcef328233eb5cb93e7c5f101fa111",
   "source_x": "PMC",
   "title": "Acute phase response to Mycoplasma haemofelis and \u2018Candidatus Mycoplasma haemominutum\u2019 infection in FIV-infected and non-FIV-infected cats",
   "doi": "http://dx.doi.org/10.1016/j.tvjl.2011.12.009",
   "pmcid": "PMC3778745",
   "pubmed_id": "22763129",
   "license": "CC BY",
   "abstract": "The pathogenicity of Haemoplasma spp. in cats varies with \u2018Candidatus Mycoplasma haemominutum\u2019 (CMhm) causing subclinical infection while Mycoplasma haemofelis (Mhf) often induces haemolytic anaemia. The aims of this study were to characterise the acute phase response (APR) of the cat to experimental infection with Mhf or CMhm, and to determine whether chronic feline immunodeficiency virus (FIV) infection influences this response. The acute phase proteins serum amyloid A (SAA), haptoglobin (Hp) and \u03b1-1-acid glycoprotein (AGP) concentrations were measured pre-infection and every 7\u201314\u00a0days up to day 100 post-infection (pi) in cats infected with either Mhf or CMhm. Half of each group of cats (6/12) were chronically and subclinically infected with FIV. Marbofloxacin treatment was given on days 16\u201344 pi to half of the Mhf-infected cats, and on days 49\u201377 pi to half of the CMhm-infected cats. FIV-infected animals had significantly lower AGP concentrations, and significantly greater Hp concentrations than non-FIV-infected cats when infected with CMhm and Mhf, respectively. Both CMhm and Mhf infection were associated with significant increases in SAA concentrations, while AGP concentrations were only significantly increased by Mhf infection. Mhf-infected cats had significantly greater SAA concentrations than CMhm-infected animals. Both Mhf and CMhm infections were associated with an APR, with Mhf infection inducing a greater response. Chronic FIV infection appeared to modify the APR, which varied with the infecting Haemoplasma species.",
   "publish_time": "2012 Aug",
   "authors": [
      "['Korman, R.M.', 'Cer\u00f3n, J.J.', 'Knowles, T.G.', 'Barker, E.N.', 'Eckersall, P.D.', 'Tasker, S.']"
   ],
   "journal": "Vet J",
   "has_full_text": "False",
   "id": "f71d759c61dcef328233eb5cb93e7c5f101fa111"
}