{
   "sha": "c9bcd70bf18a413b1af105124cc232f2fe0fd5b9",
   "source_x": "PMC",
   "title": "A Replicating Modified Vaccinia Tiantan Strain Expressing an Avian-Derived Influenza H5N1 Hemagglutinin Induce Broadly Neutralizing Antibodies and Cross-Clade Protective Immunity in Mice",
   "doi": "http://dx.doi.org/10.1371/journal.pone.0083274",
   "pmcid": "PMC3866202",
   "pubmed_id": "24358269",
   "license": "CC BY",
   "abstract": "To combat the possibility of a zoonotic H5N1 pandemic in a timely fashion, it is necessary to develop a vaccine that would confer protection against homologous and heterologous human H5N1 influenza viruses. Using a replicating modified vaccinia virus Tian Tan strain (MVTT) as a vaccine vector, we constructed MVTT(HA-QH) and MVTT(HA-AH), which expresses the H5 gene of a goose-derived Qinghai strain A/Bar-headed Goose/Qinghai/1/2005 or human-derived Anhui Strain A/Anhui/1/2005. The immunogenicity profiles of both vaccine candidates were evaluated. Vaccination with MVTT(HA-QH) induced a significant level of neutralizing antibodies (Nabs) against a homologous strain and a wide range of H5N1 pseudoviruses (clades 1, 2.1, 2.2, 2.3.2, and 2.3.4). Neutralization tests (NT) and Haemagglutination inhibition (HI) antibodies inhibit the live autologous virus as well as a homologous A/Xingjiang/1/2006 and a heterologous A/Vietnam/1194/2004, representing two human isolates from clade 2.2 and clade 1, respectively. Importantly, mice vaccinated with intranasal MVTT(HA-QH) were completely protected from challenge with lethal dosages of A/Bar-headed Goose/Qinghai/1/2005 and the A/Viet Nam/1194/2004, respectively, but not control mice that received a mock MVTT(S) vaccine. However, MVTT(HA-AH) induced much lower levels of NT against its autologous strain. Our results suggest that it is feasible to use the H5 gene from A/Bar-headed Goose/Qinghai/1/2005 to construct an effective vaccine, when using MVTT as a vector, to prevent infections against homologous and genetically divergent human H5N1 influenza viruses.",
   "publish_time": "2013 Dec 17",
   "authors": [
      "['Xiao, Haixia', 'Liu, Li', 'Zhu, Qingyu', 'Tan, Zhiwu', 'Yu, Wenbo', 'Tang, Xian', 'Zhan, Dawei', 'Du, Yanhua', 'Wang, Haibo', 'Liu, Di', 'Li, Zhixin', 'Yuen, Kwok-Yung', 'Ho, David D.', 'Gao, George F.', 'Chen, Zhiwei']"
   ],
   "journal": "PLoS One",
   "has_full_text": "True",
   "id": "c9bcd70bf18a413b1af105124cc232f2fe0fd5b9",
   "fhir_link": "Commercial/c9bcd70bf18a413b1af105124cc232f2fe0fd5b9"
}