{
   "sha": "1d960a741888ae2ee9c8a7ea154c651de9cbd272",
   "source_x": "PMC",
   "title": "Triggering ubiquitination of IFNAR1 protects tissues from inflammatory injury",
   "doi": "http://dx.doi.org/10.1002/emmm.201303236",
   "pmcid": "PMC3958312",
   "pubmed_id": "24480543",
   "license": "CC BY",
   "abstract": "Type 1 interferons (IFN) protect the host against viruses by engaging a cognate receptor (consisting of IFNAR1/IFNAR2 chains) and inducing downstream signaling and gene expression. However, inflammatory stimuli can trigger IFNAR1 ubiquitination and downregulation thereby attenuating IFN effects in vitro. The significance of this paradoxical regulation is unknown. Presented here results demonstrate that inability to stimulate IFNAR1 ubiquitination in the Ifnar1(SA) knock-in mice renders them highly susceptible to numerous inflammatory syndromes including acute and chronic pancreatitis, and autoimmune and toxic hepatitis. Ifnar1(SA) mice (or their bone marrow-receiving wild type animals) display persistent immune infiltration of inflamed tissues, extensive damage and gravely inadequate tissue regeneration. Pharmacologic stimulation of IFNAR1 ubiquitination is protective against from toxic hepatitis and fulminant generalized inflammation in wild type but not Ifnar1(SA) mice. These results suggest that endogenous mechanisms that trigger IFNAR1 ubiquitination for limiting the inflammation-induced tissue damage can be purposely mimicked for therapeutic benefits. Subject Categories Immunology; Digestive System",
   "publish_time": "2014 Mar 31",
   "authors": [
      "['Bhattacharya, Sabyasachi', 'Katlinski, Kanstantsin V', 'Reichert, Maximilian', 'Takano, Shigetsugu', 'Brice, Angela', 'Zhao, Bin', 'Yu, Qiujing', 'Zheng, Hui', 'Carbone, Christopher J', 'Katlinskaya, Yuliya V', 'Leu, N Adrian', 'McCorkell, Kelly A', 'Srinivasan, Satish', 'Girondo, Melanie', 'Rui, Hallgeir', 'May, Michael J', 'Avadhani, Narayan G', 'Rustgi, Anil K', 'Fuchs, Serge Y']"
   ],
   "journal": "EMBO Mol Med",
   "has_full_text": "False",
   "id": "1d960a741888ae2ee9c8a7ea154c651de9cbd272"
}