{
   "sha": "4d44402d0831ef5a86694ff70f9764a46fa06deb",
   "source_x": "PMC",
   "title": "Sublingual Immunization of Trivalent Human Papillomavirus DNA Vaccine in Baculovirus Nanovector for Protection against Vaginal Challenge",
   "doi": "http://dx.doi.org/10.1371/journal.pone.0119408",
   "pmcid": "PMC4366369",
   "pubmed_id": "25789464",
   "license": "CC BY",
   "abstract": "Here, we report the immunogenicity of a sublingually delivered, trivalent human papillomavirus (HPV) DNA vaccine encapsidated in a human endogenous retrovirus (HERV) envelope-coated, nonreplicable, baculovirus nanovector. The HERV envelope-coated, nonreplicable, baculovirus-based DNA vaccine, encoding HPV16L1, -18L1 and -58L1 (AcHERV-triHPV), was constructed and sublingually administered to mice without adjuvant. Following sublingual (SL) administration, AcHERV-triHPV was absorbed and distributed throughout the body. At 15 minutes and 1 day post-dose, the distribution of AcHERV-triHPV to the lung was higher than that to other tissues. At 30 days post-dose, the levels of AcHERV-triHPV had diminished throughout the body. Six weeks after the first of three doses, 1\u00d710(8) copies of SL AcHERV-triHPV induced HPV type-specific serum IgG and neutralizing antibodies to a degree comparable to that of IM immunization with 1\u00d710(9) copies. AcHERV-triHPV induced HPV type-specific vaginal IgA titers in a dose-dependent manner. SL immunization with 1\u00d710(10) copies of AcHERV-triHPV induced Th1 and Th2 cellular responses comparable to IM immunization with 1\u00d710(9) copies. Molecular imaging revealed that SL AcHERV-triHPV in mice provided complete protection against vaginal challenge with HPV16, HPV18, and HPV58 pseudoviruses. These results support the potential of SL immunization using multivalent DNA vaccine in baculovirus nanovector for induction of mucosal, systemic, and cellular immune responses.",
   "publish_time": "2015 Mar 19",
   "authors": [
      "['Lee, Hee-Jung', 'Cho, Hansam', 'Kim, Mi-Gyeong', 'Heo, Yoon-Ki', 'Cho, Yeondong', 'Gwon, Yong-Dae', 'Park, Ki Hoon', 'Jin, Hyerim', 'Kim, Jinyoung', 'Oh, Yu-Kyoung', 'Kim, Young Bong']"
   ],
   "journal": "PLoS One",
   "has_full_text": "True",
   "id": "4d44402d0831ef5a86694ff70f9764a46fa06deb",
   "fhir_link": "Commercial/4d44402d0831ef5a86694ff70f9764a46fa06deb"
}