{
   "sha": "dd2054667f5f1db92d4649fc420d0d86dc39dcd9",
   "source_x": "PMC",
   "title": "CDC42 Use in Viral Cell Entry Processes by RNA Viruses",
   "doi": "http://dx.doi.org/10.3390/v7122955",
   "pmcid": "PMC4690878",
   "pubmed_id": "26690467",
   "license": "CC BY",
   "abstract": "The cellular actin cytoskeleton presents a barrier that must be overcome by many viruses, and it has become increasingly apparent many viral species have developed a diverse repertoire of mechanisms to hijack cellular actin-regulating signalling pathways as part of their cell entry processes. The Rho family GTPase Cdc42 is appreciated as a key moderator of cellular actin dynamics, and the development of specific Cdc42-inhibiting agents has given us an unprecedented ability to investigate its individual role in signalling pathways. However, investigative use of said agents, and the subsequent characterisation of the role Cdc42 plays in viral entry processes has been lacking. Here, we describe the current literature on the role of Cdc42 in human immunodeficiency virus (HIV)-1 cell entry, which represents the most investigated instance of Cdc42 function in viral cell entry processes, and also review evidence of Cdc42 use in other RNA virus cell entries, demonstrating prime areas for more extensive research using similar techniques.",
   "publish_time": "2015 Dec 10",
   "authors": [
      "['Swaine, Thomas', 'Dittmar, Matthias T.']"
   ],
   "journal": "Viruses",
   "has_full_text": "True",
   "id": "dd2054667f5f1db92d4649fc420d0d86dc39dcd9",
   "fhir_link": "Commercial/dd2054667f5f1db92d4649fc420d0d86dc39dcd9"
}