{
   "source_x": "CZI",
   "title": "COVID-19 and the cardiovascular system",
   "doi": "10.1038/s41569-020-0360-5",
   "abstract": "Severe acute respiratory syndrome coronavirus 2 (SARS-CoV-2) infects host cells through ACE2 receptors, leading to coronavirus disease (COVID-19)-related pneumonia, while also causing acute myocardial injury and chronic damage to the cardiovascular system. Therefore, particular attention should be given to cardiovascular protection during treatment for COVID-19.",
   "publish_time": "2020",
   "authors": [
      "Zheng, Ying-Ying",
      " Ma, Yi-Tong",
      " Zhang, Jin-Ying",
      " Xie, Xiang"
   ],
   "journal": "Nature Reviews Cardiology",
   "Microsoft Academic Paper ID": "2105828115",
   "WHO #Covidence": "#5518",
   "id": "https://doi.org/10.1038/s41569-020-0360-5"
}