{
   "sha": "105268027d44ab275991e358674462f77223e882",
   "source_x": "PMC",
   "title": "Complete Genome Sequence of the Porcine Epidemic Diarrhea Virus Strain SLO/JH-11/2015",
   "doi": "http://dx.doi.org/10.1128/genomeA.01725-15",
   "pmcid": "PMC4824273",
   "pubmed_id": "27056240",
   "license": "CC BY",
   "abstract": "Porcine epidemic diarrhea virus (PEDV) was detected for the first time in Slovenia in January 2015. The complete genome sequence of PEDV strain SLO/JH-11/2015, obtained from a fecal sample of a fattening pig with diarrhea in September 2015, is closely related to recently detected European strains.",
   "publish_time": "2016 Apr 7",
   "authors": [
      "['Toplak, Ivan', 'Ipavec, Manica', 'Kuhar, Ur\u0161ka', 'Ku\u0161ar, Darja', 'Papi\u0107, Bojan', 'Koren, Simon', 'Toplak, Nata\u0161a']"
   ],
   "journal": "Genome Announc",
   "has_full_text": "True",
   "id": "105268027d44ab275991e358674462f77223e882",
   "fhir_link": "Commercial/105268027d44ab275991e358674462f77223e882"
}