{
   "source_x": "CZI",
   "title": "An emerging coronavirus causing pneumonia outbreak in Wuhan, China: calling for developing therapeutic and prophylactic strategies",
   "doi": "10.1080/22221751.2020.1723441",
   "pubmed_id": "32005086",
   "publish_time": "2020",
   "authors": [
      "Jiang, S.",
      " Du, L.",
      " Shi, Z."
   ],
   "journal": "Emerging microbes & infections",
   "Microsoft Academic Paper ID": "3003788575",
   "WHO #Covidence": "#136",
   "id": "https://www.ncbi.nlm.nih.gov/pubmed/32005086"
}