{
   "sha": "7fa2f5a443163614e02fa7b7d7c89fa535dc7b23",
   "source_x": "PMC",
   "title": "Tick-borne encephalitis virus induces chemokine RANTES expression via activation of IRF-3 pathway",
   "doi": "http://dx.doi.org/10.1186/s12974-016-0665-9",
   "pmcid": "PMC5004318",
   "pubmed_id": "27576490",
   "license": "CC BY",
   "abstract": "BACKGROUND: Tick-borne encephalitis virus (TBEV) is one of the most important flaviviruses that targets the central nervous system (CNS) and causes encephalitides in humans. Although neuroinflammatory mechanisms may contribute to brain tissue destruction, the induction pathways and potential roles of specific chemokines in TBEV-mediated neurological disease are poorly understood. METHODS: BALB/c mice were intracerebrally injected with TBEV, followed by evaluation of chemokine and cytokine profiles using protein array analysis. The virus-infected mice were treated with the CC chemokine antagonist Met-RANTES or anti-RANTES mAb to determine the role of RANTES in affecting TBEV-induced neurological disease. The underlying signaling mechanisms were delineated using RANTES promoter luciferase reporter assay, siRNA-mediated knockdown, and pharmacological inhibitors in human brain-derived cell culture models. RESULTS: In a mouse model, pathological features including marked inflammatory cell infiltrates were observed in brain sections, which correlated with a robust up-regulation of RANTES within the brain but not in peripheral tissues and sera. Antagonizing RANTES within CNS extended the survival of mice and reduced accumulation of infiltrating cells in the brain after TBEV infection. Through in vitro studies, we show that virus infection up-regulated RANTES production at both mRNA and protein levels in human brain-derived cell lines and primary progenitor-derived astrocytes. Furthermore, IRF-3 pathway appeared to be essential for TBEV-induced RANTES production. Site mutation of an IRF-3-binding motif abrogated the RANTES promoter activity in virus-infected brain cells. Moreover, IRF-3 was activated upon TBEV infection as evidenced by phosphorylation of TBK1 and IRF-3, while blockade of IRF-3 activation drastically reduced virus-induced RANTES expression. CONCLUSIONS: Our findings together provide insights into the molecular mechanism underlying RANTES production induced by TBEV, highlighting its potential importance in the process of neuroinflammatory responses to TBEV infection. ELECTRONIC SUPPLEMENTARY MATERIAL: The online version of this article (doi:10.1186/s12974-016-0665-9) contains supplementary material, which is available to authorized users.",
   "publish_time": "2016 Aug 30",
   "authors": [
      "['Zhang, Xiaowei', 'Zheng, Zhenhua', 'Liu, Xijuan', 'Shu, Bo', 'Mao, Panyong', 'Bai, Bingke', 'Hu, Qinxue', 'Luo, Minhua', 'Ma, Xiaohe', 'Cui, Zongqiang', 'Wang, Hanzhong']"
   ],
   "journal": "J Neuroinflammation",
   "has_full_text": "True",
   "id": "7fa2f5a443163614e02fa7b7d7c89fa535dc7b23",
   "fhir_link": "Commercial/7fa2f5a443163614e02fa7b7d7c89fa535dc7b23"
}