{
   "sha": "d0d47cee33a4e690e05f6277dd513682b7d35bdb",
   "source_x": "PMC",
   "title": "Immunogenicity of RSV F DNA Vaccine in BALB/c Mice",
   "doi": "http://dx.doi.org/10.1155/2016/7971847",
   "pmcid": "PMC5027326",
   "pubmed_id": "27688769",
   "license": "CC BY",
   "abstract": "Respiratory syncytial virus (RSV) causes severe acute lower respiratory tract disease leading to numerous hospitalizations and deaths among the infant and elderly populations worldwide. There is no vaccine or a less effective drug available against RSV infections. Natural RSV infection stimulates the Th1 immune response and activates the production of neutralizing antibodies, while earlier vaccine trials that used UV-inactivated RSV exacerbated the disease due to the activation of the allergic Th2 response. With a focus on Th1 immunity, we developed a DNA vaccine containing the native RSV fusion (RSV F) protein and studied its immune response in BALB/c mice. High levels of RSV specific antibodies were induced during subsequent immunizations. The serum antibodies were able to neutralize RSV in vitro. The RSV inhibition by sera was also shown by immunofluorescence analyses. Antibody response of the RSV F DNA vaccine showed a strong Th1 response. Also, sera from RSV F immunized and RSV infected mice reduced the RSV infection by 50% and 80%, respectively. Our data evidently showed that the RSV F DNA vaccine activated the Th1 biased immune response and led to the production of neutralizing antibodies, which is the desired immune response required for protection from RSV infections.",
   "publish_time": "2016 Sep 5",
   "authors": [
      "['Eroglu, Erdal', 'Singh, Ankur', 'Bawage, Swapnil', 'Tiwari, Pooja M.', 'Vig, Komal', 'Pillai, Shreekumar R.', 'Dennis, Vida A.', 'Singh, Shree R.']"
   ],
   "journal": "Adv Virol",
   "has_full_text": "True",
   "id": "d0d47cee33a4e690e05f6277dd513682b7d35bdb",
   "fhir_link": "Commercial/d0d47cee33a4e690e05f6277dd513682b7d35bdb"
}