{
   "source_x": "CZI",
   "title": "Consistent detection of 2019 novel coronavirus in saliva",
   "doi": "10.1093/cid/ciaa149",
   "abstract": "The 2019-novel-coronavirus (2019-nCoV) was detected in the self-collected saliva of 91.7% (11/12) of patients. Serial saliva viral load monitoring generally showed a declining trend. Live virus was detected in saliva by viral culture. Saliva is a promising non-invasive specimen for diagnosis, monitoring, and infection control in patients with 2019-nCoV infection.",
   "publish_time": "2020",
   "authors": [
      "To, Kelvin Kai-Wang",
      " Tsang, Owen Tak\u2010Yin",
      " Chik-Yan Yip, Cyril",
      " Chan, Kwok-Hung",
      " Wu, Tak-Chiu",
      " Chan, Jacky M. C.",
      " Leung, Wai-Shing",
      " Chik, Thomas Shiu-Hong",
      " Choi, Chris Yau-Chung",
      " Kandamby, Darshana H.",
      " Lung, David Christopher",
      " Tam, Anthony Raymond",
      " Poon, Rosana Wing-Shan",
      " Fung, Agnes Yim-Fong",
      " Hung, Ivan Fan-Ngai",
      " Cheng, Vincent Chi-Chung",
      " Chan, Jasper Fuk-Woo",
      " Yuen, Kwok-Yung"
   ],
   "journal": "Clinical Infectious Diseases",
   "Microsoft Academic Paper ID": "3005690553",
   "WHO #Covidence": "#724",
   "id": "https://doi.org/10.1093/cid/ciaa149"
}