{
   "sha": "9871ce7a904960426816c71415696441aff8bcc3",
   "source_x": "PMC",
   "title": "Evolution of codon usage in Zika virus genomes is host and vector specific",
   "doi": "http://dx.doi.org/10.1038/emi.2016.106",
   "pmcid": "PMC5117728",
   "pubmed_id": "27729643",
   "license": "CC BY",
   "abstract": "The codon usage patterns of viruses reflect the evolutionary changes that allow them to optimize their survival and adapt their fitness to the external environment and, most importantly, their hosts. Here we report the genotype-specific codon usage patterns of Zika virus (ZIKV) strains from the current and previous outbreaks. Several genotype-specific and common codon usage traits were noted in the ZIKV coding sequences, indicating their independent evolutionary origins from a common ancestor. The overall influence of natural selection was more profound than that of mutation pressure, acting on a specific set of viral genes in the Asian-genotype ZIKV strains from the recent outbreak. An interplay between codon adaptation and deoptimization may have allowed the virus to adapt to multiple host and vectors and is reported for the first time in ZIKV genomes. Combining our codon analysis with geographical data on Aedes populations in the Americas suggested that ZIKV has evolved host- and vector-specific codon usage patterns to maintain successful replication and transmission chains within multiple hosts and vectors.",
   "publish_time": "2016 Oct 12",
   "authors": [
      "['Butt, Azeem Mehmood', 'Nasrullah, Izza', 'Qamar, Raheel', 'Tong, Yigang']"
   ],
   "journal": "Emerg Microbes Infect",
   "has_full_text": "False",
   "id": "9871ce7a904960426816c71415696441aff8bcc3"
}