{
   "sha": "cc162db1b7050ca10b6b99bf2857185777acb67b",
   "source_x": "PMC",
   "title": "Studies in a Murine Model Confirm the Safety of Griffithsin and Advocate Its Further Development as a Microbicide Targeting HIV-1 and Other Enveloped Viruses",
   "doi": "http://dx.doi.org/10.3390/v8110311",
   "pmcid": "PMC5127025",
   "pubmed_id": "27869695",
   "license": "CC BY",
   "abstract": "Griffithsin (GRFT), a lectin from Griffithsia species, inhibits human immunodeficiency virus-1 (HIV-1) replication at sub-nanomolar concentrations, with limited cellular toxicity. However, in\u00a0vivo safety of GRFT is not fully understood, especially following parenteral administration. We first assessed GRFT\u2019s effects in vitro, on mouse peripheral blood mononuclear cell (mPBMC) viability, mitogenicity, and activation using flow-cytometry, as well as cytokine secretion through enzyme-linked immunosorbent assay (ELISA). Toxicological properties of GRFT were determined after a single subcutaneous administration of 50 mg/kg or 14 daily doses of 10 mg/kg in BALB/c mice. In the context of microbicide development, toxicity of GRFT at 2 mg/kg was determined after subcutaneous, intravaginal, and intraperitoneal administrations, respectively. Interestingly, GRFT caused no significant cell death, mitogenicity, activation, or cytokine release in mPBMCs, validating the usefulness of a mouse model. An excellent safety profile for GRFT was obtained in vivo: no overt changes were observed in animal fitness, blood chemistry or CBC parameters. Following GRFT treatment, reversible splenomegaly was observed with activation of certain spleen B and T cells. However, spleen tissues were not pathologically altered by GRFT (either with a single high dose or chronic doses). Finally, no detectable toxicity was found after mucosal or systemic treatment with 2\u00a0mg/kg GRFT, which should be further developed as a microbicide for HIV prevention.",
   "publish_time": "2016 Nov 17",
   "authors": [
      "['Kouokam, Joseph Calvin', 'Lasnik, Amanda B.', 'Palmer, Kenneth E.']"
   ],
   "journal": "Viruses",
   "has_full_text": "False",
   "id": "cc162db1b7050ca10b6b99bf2857185777acb67b"
}