{
   "sha": "90b065409490de2813ab71b65ca8b401ec55b356",
   "source_x": "PMC",
   "title": "Avian H11 influenza virus isolated from domestic poultry in a Colombian live animal market",
   "doi": "http://dx.doi.org/10.1038/emi.2016.121",
   "pmcid": "PMC5180366",
   "pubmed_id": "27924808",
   "license": "CC BY",
   "abstract": "Live animal markets (LAMs) are an essential source of food and trade in Latin American countries; however, they can also serve as \u2018hotbeds' for the emergence and potential spillover of avian influenza viruses (AIV). Despite extensive knowledge of AIV in Asian LAMs, little is known about the prevalence South American LAMs. To fill this gap in knowledge, active surveillance was carried out at the major LAM in Medellin, Colombia between February and September 2015. During this period, overall prevalence in the market was 2.67% and a North American origin H11N2 AIV most similar to a virus isolated from Chilean shorebirds asymptomatically spread through multiple bird species in the market resulting in 17.0% positivity at peak of infection. Phenotypically, the H11 viruses displayed no known molecular markers associated with increased virulence in birds or mammals, had \u03b12,3-sialic acid binding preference, and caused minimal replication in vitro and little morbidity in vivo. However, the Colombian H11N2 virus replicated and transmitted effectively in chickens explaining the spread throughout the market. Genetic similarity to H11 viruses isolated from North and South American shorebirds suggest that the LAM occurrence may have resulted from a wild bird to domestic poultry spillover event. The ability to spread in domestic poultry as well as potential for human infection by H11 viruses highlight the need for enhanced AIV surveillance in South America in both avian species and humans.",
   "publish_time": "2016 Dec 7",
   "authors": [
      "['Jim\u00e9nez-Bluhm, Pedro', 'Karlsson, Erik A', 'Ciuoderis, Karl A', 'Cortez, Valerie', 'Marvin, Shauna A', 'Hamilton-West, Christopher', 'Schultz-Cherry, Stacey', 'Osorio, Jorge E']"
   ],
   "journal": "Emerg Microbes Infect",
   "has_full_text": "True",
   "id": "90b065409490de2813ab71b65ca8b401ec55b356",
   "fhir_link": "Commercial/90b065409490de2813ab71b65ca8b401ec55b356"
}