{
   "sha": "e5ee01ea0acff01da191ffff2d9fbef2f9aebff7",
   "source_x": "PMC",
   "title": "Peptide-Based Membrane Fusion Inhibitors Targeting HCoV-229E Spike Protein HR1 and HR2 Domains",
   "doi": "http://dx.doi.org/10.3390/ijms19020487",
   "pmcid": "PMC5855709",
   "pubmed_id": "29415501",
   "license": "CC BY",
   "abstract": "Human coronavirus 229E (HCoV-229E) infection in infants, elderly people, and immunocompromised patients can cause severe disease, thus calling for the development of effective and safe therapeutics to treat it. Here we reported the design, synthesis and characterization of two peptide-based membrane fusion inhibitors targeting HCoV-229E spike protein heptad repeat 1 (HR1) and heptad repeat 2 (HR2) domains, 229E-HR1P and 229E-HR2P, respectively. We found that 229E-HR1P and 229E-HR2P could interact to form a stable six-helix bundle and inhibit HCoV-229E spike protein-mediated cell-cell fusion with IC(50) of 5.7 and 0.3 \u00b5M, respectively. 229E-HR2P effectively inhibited pseudotyped and live HCoV-229E infection with IC(50) of 0.5 and 1.7 \u00b5M, respectively. In a mouse model, 229E-HR2P administered intranasally could widely distribute in the upper and lower respiratory tracts and maintain its fusion-inhibitory activity. Therefore, 229E-HR2P is a promising candidate for further development as an antiviral agent for the treatment and prevention of HCoV-229E infection.",
   "publish_time": "2018 Feb 6",
   "authors": [
      "['Xia, Shuai', 'Xu, Wei', 'Wang, Qian', 'Wang, Cong', 'Hua, Chen', 'Li, Weihua', 'Lu, Lu', 'Jiang, Shibo']"
   ],
   "journal": "Int J Mol Sci",
   "has_full_text": "True",
   "id": "e5ee01ea0acff01da191ffff2d9fbef2f9aebff7",
   "fhir_link": "Commercial/e5ee01ea0acff01da191ffff2d9fbef2f9aebff7"
}