{
   "sha": "3da7adf2baaa2b96476f79d6a9fe1be3d0384f71",
   "source_x": "Elsevier",
   "title": "Effect of cleaning and disinfection of toys on infectious diseases and micro-organisms in daycare nurseries",
   "doi": "10.1016/j.jhin.2014.10.007",
   "pubmed_id": "25549827",
   "license": "els-covid",
   "abstract": "Summary Background The rising number of children in daycare nurseries increases opportunities for the transmission of infectious diseases. Pathogens may be transmitted directly from child to child via sneezing, coughing and touching, or indirectly via the environment. Toys are among the fomites with the highest pathogen load, but their role in disease transmission is unknown. Aim To determine if washing and disinfection of toys can reduce sickness absence and microbial pathogen load in the nursery environment. Methods Twelve nurseries (caring for 587 children) were randomized to intervention and control groups. The intervention consisted of washing and disinfection of toys and linen every two weeks for three months by a commercial cleaning company. The extent and causes of sickness absence among the children were recorded in both groups before and after introduction of the intervention. Ten sampling points in each nursery were examined for bacteria and respiratory viruses. Results The presence of respiratory virus DNA/RNA was widespread, but very few pathogenic bacteria were found in the environment. The intervention reduced the presence of adenovirus [odds ratio (OR) 2.4, 95% confidence interval (CI) 1.1\u20135.0], rhinovirus (OR 5.3, 95% CI 2.3\u201312.4) and respiratory syncytial virus (OR 4.1, 95% CI 1.5\u201311.2) compared with the control group, but the intervention had no effect on sickness absence or disease patterns in the nurseries. Conclusion Although cleaning and disinfection of toys every two weeks can decrease the microbial load in nurseries, it does not appear to reduce sickness absence among nursery children.",
   "publish_time": "2015-02-28",
   "authors": [
      "Ibfelt, T.",
      "Engelund, E.H.",
      "Schultz, A.C.",
      "Andersen, L.P."
   ],
   "journal": "Journal of Hospital Infection",
   "has_full_text": "True",
   "full_text_file": "custom_license",
   "id": "https://doi.org/10.1016/j.jhin.2014.10.007",
   "fhir_link": [
      "PMC/Composition/3da7adf2baaa2b96476f79d6a9fe1be3d0384f71"
   ]
}