{
   "sha": "1a531cf1ed6a933b998a96b0f0749f423cd96b07",
   "source_x": "Elsevier",
   "title": "Career options in aerospace and aviation medicine",
   "doi": "10.1016/j.annemergmed.2004.02.015",
   "pubmed_id": "15111924",
   "license": "els-covid",
   "publish_time": "2004-05-31",
   "authors": [
      "Atzema, Clare",
      "Poirier, Vincent"
   ],
   "journal": "Annals of Emergency Medicine",
   "has_full_text": "True",
   "full_text_file": "custom_license",
   "id": "https://doi.org/10.1016/j.annemergmed.2004.02.015",
   "fhir_link": [
      "PMC/Composition/1a531cf1ed6a933b998a96b0f0749f423cd96b07"
   ]
}