{
   "sha": "9d841b824ae2621149ed1404cd9d07f74346fae6",
   "source_x": "Elsevier",
   "title": "Confidence in controlling a SARS outbreak: Experiences of public health nurses in managing home quarantine measures in Taiwan",
   "doi": "10.1016/j.ajic.2005.11.008",
   "pubmed_id": "16679173",
   "license": "els-covid",
   "abstract": "Background Taiwan experienced one of the most serious outbreaks of severe acute respiratory syndrome (SARS) during the 2003 epidemic. Public health nurses faced unprecedented challenges in implementing an extensive quarantine policy to prevent disease spread. Their professional confidence, however, was shattered during the SARS crisis. This paper assesses factors related to public health nurses' confidence in managing community SARS control programs. Methods In May 2003, we sent structured questionnaires to all 361 health centers in Taiwan and asked the public health nurses responsible for epidemic control to complete. A total of 312 completed surveys were returned for a response rate of 86.4%. Descriptive methods and logistic regression were used to analyze the data. Results Most public health nurses (71.9%) expressed a general lack of confidence in handling the SARS epidemic. Confidence was significantly associated with perceived epidemic severity (OR, 0.58; 95% CI: 0.35-0.99), daily epidemic updates (OR, 2.26; 95% CI: 1.28-3.98), and number of cases in the community (OR, 2.21; 95% CI: 1.13-4.31). Conclusion Nurses' individual risk perception and prompt update of epidemic information significantly affect levels of professional confidence, a key factor influencing quarantine implementation success. Strategies to promote productive interagency collaboration and advocate participatory policy making involving health workers at all levels are needed to control effectively infectious disease outbreaks.",
   "publish_time": "2006-05-31",
   "authors": [
      "Hsu, Chih-Cheng",
      "Chen, Ted",
      "Chang, Mei",
      "Chang, Yu-Kang"
   ],
   "journal": "American Journal of Infection Control",
   "has_full_text": "True",
   "full_text_file": "custom_license",
   "id": "https://doi.org/10.1016/j.ajic.2005.11.008",
   "fhir_link": [
      "PMC/Composition/9d841b824ae2621149ed1404cd9d07f74346fae6"
   ]
}