{
   "sha": "f79a333fe7c3df0e7f79cbc5822f67aebeddca93",
   "source_x": "Elsevier",
   "title": "Nosocomial infection in China: Management status and solutions",
   "doi": "10.1016/j.ajic.2016.01.039",
   "pubmed_id": "27067518",
   "license": "els-covid",
   "publish_time": "2016-07-01",
   "authors": [
      "Sun, Bingwei"
   ],
   "journal": "American Journal of Infection Control",
   "has_full_text": "True",
   "full_text_file": "custom_license",
   "id": "https://doi.org/10.1016/j.ajic.2016.01.039",
   "fhir_link": [
      "PMC/Composition/f79a333fe7c3df0e7f79cbc5822f67aebeddca93"
   ]
}