{
   "source_x": "Elsevier",
   "title": "OI-175 Beyond Ebola: Standardizing the Approach to High Consequence Infection Preparation",
   "doi": "10.1016/j.ajic.2018.04.196",
   "license": "els-covid",
   "publish_time": "2018-06-30",
   "authors": [
      "Russo, Nicole",
      "Archer, Molly",
      "Kinzie, Luke",
      "Pfeiffer, Christopher D."
   ],
   "journal": "American Journal of Infection Control",
   "has_full_text": "False",
   "full_text_file": "custom_license",
   "id": "https://doi.org/10.1016/j.ajic.2018.04.196"
}