{
   "sha": "8dfab64f29a6910b34a011a8b9e0b49281b04622",
   "source_x": "Elsevier",
   "title": "Efectos de la infecci\u00f3n viral en el paciente trasplantado",
   "doi": "10.1157/13109990",
   "pubmed_id": "17915112",
   "license": "els-covid",
   "abstract": "Las infecciones virales contin\u00faan siendo una importante causa de morbimortalidad en los pacientes trasplantados. En estos pacientes, el riesgo de infecci\u00f3n viral depende de varios factores como el tipo de trasplante, la intensidad de la inmunosupresi\u00f3n y la susceptibilidad del receptor. Adem\u00e1s de efectos directos, la infecci\u00f3n viral puede causar efectos indirectos derivados del efecto inmunomodulador de algunos virus como citomegalovirus o herpesvirus 6. Entre estos efectos se encuentran un mayor riesgo de replicaci\u00f3n de otros virus, de rechazo, de otras infecciones oportunistas y de otras entidades espec\u00edficas en cada tipo de trasplante. Los tests moleculares cuantitativos han reemplazado en la mayor\u00eda de las ocasiones a los m\u00e9todos serol\u00f3gicos y al cultivo para el diagn\u00f3stico de estas infecciones, especialmente en el caso de citomegalovirus, virus de Epstein-Barr, y los virus de la hepatitis B y C. Sin embargo, estos avances diagn\u00f3sticos no se han acompa\u00f1ado del desarrollo de antivirales espec\u00edficos o de vacunas eficaces, por lo que las medidas de prevenci\u00f3n contin\u00faan siendo fundamentales en estos pacientes. Viral infection remains an important cause of morbidity and mortality in transplant recipients. The risk of viral infection in these patients depends on several factors, such as the type of organ transplanted, the intensity of immunosuppression, and the recipient's susceptibility. In additional to direct effects, viral infection cause indirect effects, including greater risk of replication of other viruses, graft rejection, opportunistic infections and other specific entities for each type of transplant. These indirect effects result from the immunomodulatory activity of some viruses, such as cytomegalovirus and human herpes virus-6. For the most part, quantitative molecular tests have replaced serologic testing and in vitro culture for diagnosing infection. This approach is particularly prominent for cytomegalovirus, Epstein-Barr virus, hepatitis B virus, and hepatitis C virus. Despite these diagnostic advances, the development of specific antiviral agents and effective antiviral vaccines is limited. Thus, prophylactic strategies are still essential in transplant recipients.",
   "publish_time": "2007-10-31",
   "authors": [
      "Jos\u00e9 Cast\u00f3n, Juan",
      "Miguel Cisneros, Jos\u00e9",
      "Torre-Cisneros, Juli\u00e1n"
   ],
   "journal": "Enfermedades Infecciosas y Microbiolog\u00eda Cl\u00ednica",
   "has_full_text": "True",
   "full_text_file": "custom_license",
   "id": "https://doi.org/10.1157/13109990",
   "fhir_link": [
      "PMC/Composition/8dfab64f29a6910b34a011a8b9e0b49281b04622"
   ]
}