{
   "sha": "294c3ea305a30bf598a1281c46b703f70011050e",
   "source_x": "Elsevier",
   "title": "Infection by rhinovirus: Similarity of clinical signs included in the case definition of influenza IAn/H1N1",
   "doi": "10.1016/j.eimc.2011.12.001",
   "pubmed_id": "22341748",
   "license": "els-covid",
   "abstract": "Abstract Introduction Although new influenza virus (IAn/H1N1) infections are mild and indistinguishable from any other seasonal influenza virus infections, there are few data on comparisons of the clinical features of infection with (IAn/H1N1) and with other respiratory viruses. The incidence, clinical aspects and temporal distribution of those respiratory viruses circulating during flu pandemic period were studied. Methods Respiratory samples from patients with acute influenza-like symptoms were collected from May 2009 to December 2009. Respiratory viruses were detected by conventional culture methods and genome amplification techniques. Results Although IAn/H1N1 was the virus most frequently detected, several other respiratory viruses co-circulated with IAn/H1N1 during the pandemic period, especially rhinovirus. The similarity between clinical signs included in the clinical case definition for influenza and those caused by other respiratory viruses, particularly rhinovirus, suggest that a high percentage of viral infections were clinically diagnosed as case of influenza. Conclusions Our study offers useful information to face future pandemics caused by influenza virus, indicating that differential diagnoses are required in order to not overestimate the importance of the pandemic.",
   "publish_time": "2012-09-30",
   "authors": [
      "de O\u00f1a Navarro, Maria",
      "Mel\u00f3n Garc\u00eda, Santiago",
      "\u00c1lvarez-Arg\u00fcelles, Marta",
      "Fern\u00e1ndez-Verdugo, Ana",
      "Boga Riveiro, Jose Antonio"
   ],
   "journal": "Enfermedades Infecciosas y Microbiolog\u00eda Cl\u00ednica",
   "has_full_text": "True",
   "full_text_file": "custom_license",
   "id": "https://doi.org/10.1016/j.eimc.2011.12.001",
   "fhir_link": [
      "PMC/Composition/294c3ea305a30bf598a1281c46b703f70011050e"
   ]
}