{
   "sha": "40bff06a9348c4f493fe2ab947182e49876a5e59",
   "source_x": "Elsevier",
   "title": "Enfermedad por virus \u00c9bola y seguridad de las/los estudiantes de enfermer\u00eda: experiencia de cooperaci\u00f3n institucional en una pr\u00e1ctica formativa de simulaci\u00f3n",
   "doi": "10.1016/j.gaceta.2015.02.011",
   "pubmed_id": "25817551",
   "license": "els-covid",
   "publish_time": "2015-08-31",
   "authors": [
      "Vizcaya-Moreno, M. Flores",
      "Mercedes N\u00fa\u00f1ez del Castillo, M.",
      "P\u00e9rez-Ca\u00f1averas, Rosa M.",
      "Hern\u00e1ndez Ortu\u00f1o, Antonio",
      "Jurado Moyano, Jos\u00e9 Luis"
   ],
   "journal": "Gaceta Sanitaria",
   "has_full_text": "True",
   "full_text_file": "custom_license",
   "id": "https://doi.org/10.1016/j.gaceta.2015.02.011",
   "fhir_link": [
      "PMC/Composition/40bff06a9348c4f493fe2ab947182e49876a5e59"
   ]
}