{
   "source_x": "Elsevier",
   "title": "Trans splicing in trypanosomes \u2014 archaism or adaptation?",
   "doi": "10.1016/0168-9525(89)90082-6",
   "pubmed_id": "2675423",
   "license": "els-covid",
   "abstract": "Abstract In trypanosomes, a single transcription unit usually covers several protein-coding genes. The primary transcript is cut up by trans-splicing and polyadenylation machineries to generate individual mature mRNAs. All nuclear mRNAs acquire the same capped 39 nucleotide sequence at their 5\u2032 end as a consequence of the trans-splicing event. Trans splicing is used in the synthesis of some mRNAs in nematodes and chloroplats. These unusual systems are clearly related to cis-splicing systems, but it remains an intriguing question whether they are merely exotic offshoots of cis splicing or archaic remnants of cis-splicing progenitors.",
   "publish_time": "1989-12-31",
   "authors": [
      "Laird, Peter W."
   ],
   "journal": "Trends in Genetics",
   "has_full_text": "False",
   "full_text_file": "custom_license",
   "id": "https://doi.org/10.1016/0168-9525(89)90082-6"
}