{
   "sha": "ae4aafc844b48dd56e720695758e632188e71daa",
   "source_x": "Elsevier",
   "title": "The duty to treat in the context of an influenza pandemic",
   "doi": "10.1016/j.vaccine.2010.05.059",
   "pubmed_id": "20554067",
   "license": "els-covid",
   "abstract": "Abstract The recent influenza pandemic proved that an influenza pandemic is no longer a future scenario. It may urge health care workers to undergo certain or even large risks. According to the WHO as well as commentators, a strong case can be made for adopting a duty to treat during a disease outbreak. Many current professional codes of ethics, however, fail to provide explicit guidance sufficient to set policy or assure the public in the event of an infectious disease outbreak. This paper aims to assess whether there is a duty to treat in the case of an influenza pandemic. As we conclude that there are valid reasons that support the duty to treat in this specific context, we will subsequently explore its scope and limits.",
   "publish_time": "2010-07-19",
   "authors": [
      "van der Weijden, C.P.",
      "Bredenoord, A.L.",
      "van Delden, J.J.M."
   ],
   "journal": "Vaccine",
   "has_full_text": "True",
   "full_text_file": "custom_license",
   "id": "https://doi.org/10.1016/j.vaccine.2010.05.059",
   "fhir_link": [
      "PMC/Composition/ae4aafc844b48dd56e720695758e632188e71daa"
   ]
}