{
   "sha": "7f60c9d00f903457244719182bd27821116dcfa6",
   "source_x": "Elsevier",
   "title": "Bovine adenovirus-3 as a vaccine delivery vehicle",
   "doi": "10.1016/j.vaccine.2014.11.055",
   "pubmed_id": "25498212",
   "license": "els-covid",
   "abstract": "Abstract The use of vaccines is an effective and relatively inexpensive means of controlling infectious diseases, which cause heavy economic losses to the livestock industry through animal loss, decreased productivity, treatment expenses and decreased carcass quality. However, some vaccines produced by conventional means are imperfect in many respects including virulence, safety and efficacy. Moreover, there are no vaccines for some animal diseases. Although genetic engineering has provided new ways of producing effective vaccines, the cost of production for veterinary use is a critical criterion for selecting the method of production and delivery of vaccines. The cost effective production and intrinsic ability to enter cells has made adenovirus vectors a highly efficient tool for delivery of vaccine antigens. Moreover, adenoviruses induce both humoral and cellular immune responses to expressed vaccine antigens. Since nonhuman adenoviruses are species specific, the development of animal specific adenoviruses as vaccine delivery vectors is being evaluated. This review summarizes the work related to the development of bovine adenovirus-3 as a vaccine delivery vehicle in animals, particularly cattle.",
   "publish_time": "2015-01-15",
   "authors": [
      "Ayalew, Lisanework E.",
      "Kumar, Pankaj",
      "Gaba, Amit",
      "Makadiya, Niraj",
      "Tikoo, Suresh K."
   ],
   "journal": "Vaccine",
   "has_full_text": "True",
   "full_text_file": "custom_license",
   "id": "https://doi.org/10.1016/j.vaccine.2014.11.055",
   "fhir_link": [
      "PMC/Composition/7f60c9d00f903457244719182bd27821116dcfa6"
   ]
}