{
   "sha": "fbff77808642e6604fd0fa40fb89f7ec3cbd8887",
   "source_x": "Elsevier",
   "title": "Early Onset Noninfectious Pulmonary Syndromes after Hematopoietic Cell Transplantation",
   "doi": "10.1016/j.ccm.2016.12.007",
   "pubmed_id": "28477636",
   "license": "els-covid",
   "publish_time": "2017-06-30",
   "authors": [
      "Vande Vusse, Lisa K.",
      "Madtes, David K."
   ],
   "journal": "Clinics in Chest Medicine",
   "has_full_text": "True",
   "full_text_file": "custom_license",
   "id": "https://doi.org/10.1016/j.ccm.2016.12.007",
   "fhir_link": [
      "PMC/Composition/fbff77808642e6604fd0fa40fb89f7ec3cbd8887"
   ]
}