{
   "sha": "3ee5e7fad51336036a3493a57d4821414075d097",
   "source_x": "Elsevier",
   "title": "Papel de los receptores toll-like en las enfermedades respiratorias",
   "doi": "10.1016/j.arbres.2009.07.011",
   "license": "els-covid",
   "abstract": "Resumen En los \u00faltimos 10 a\u00f1os se ha constatado un creciente inter\u00e9s por el estudio de la inmunidad innata, particularmente por el posible papel que los denominados \u201creceptores toll-like\u201d (TLR) pueden desempe\u00f1ar en la patogenia de algunas enfermedades respiratorias, como, por ejemplo, el asma, la enfermedad pulmonar obstructiva cr\u00f3nica y las infecciones. Los TLR son una familia de prote\u00ednas transmembranarias de tipo I, responsables del reconocimiento de patrones moleculares asociados a pat\u00f3genos (PAMP, de pathogen-associated molecular patterns), y expresados por un amplio espectro de agentes infecciosos. Este reconocimiento lleva a una r\u00e1pida producci\u00f3n de citocinas y quimiocinas, lo que proporciona una respuesta adaptativa duradera contra el pat\u00f3geno. En la actualidad se considera que la administraci\u00f3n de f\u00e1rmacos que modulen, al alza o a la baja, la actividad de estos receptores puede suponer un gran avance terap\u00e9utico en el manejo de dichas enfermedades. El prop\u00f3sito de la presente revisi\u00f3n es describir los diferentes TLR, definir su posible papel en la patogenia de las principales enfermedades respiratorias y, finalmente, conjeturar las posibilidades terap\u00e9uticas que su modulaci\u00f3n, agonista o antagonista, ofrece como posibles dianas terap\u00e9uticas. Abstract There has been growing interest in the last 10 years in the study of innate immunity, in particular because of the possible role that toll-like receptors (TLR) may play in the pathogenesis of some respiratory disease such as for example, asthma, chronic obstructive pulmonary disease, and infections. TLR are a family of type 1 transmembrane proteins, responsible for recognizing molecular patterns associated with pathogens (PAMP, pathogen-associated molecular patterns), and expressed by a broad spectrum of infectious agents. This recognition leads to quick production of cytokines and chemokines which provides a long-lasting adaptive response to the pathogen. Currently, it is considered that the administration of drugs which modulate the activity of these receptors upwards or downwards may represent major therapeutic progress for handling these diseases. The aim of this review is to describe the different TLS, define their possible role in the pathogenesis of the main respiratory diseases and finally, speculate over the therapeutic possibilities which their modulation, agonist or antagonist, offers as possible therapeutic targets.",
   "publish_time": "2010-03-31",
   "authors": [
      "Crespo-Lessmann, Astrid",
      "Ju\u00e1rez-Rubio, C\u00e1ndido",
      "Plaza-Moral, Vicente"
   ],
   "journal": "Archivos de Bronconeumolog\u00eda",
   "has_full_text": "True",
   "full_text_file": "custom_license",
   "id": "https://doi.org/10.1016/j.arbres.2009.07.011",
   "fhir_link": [
      "PMC/Composition/3ee5e7fad51336036a3493a57d4821414075d097"
   ]
}