{
   "sha": "e47debab6f4c7116b7dd0cfcc2ea5ac1e2ab5146",
   "source_x": "Elsevier",
   "title": "Activity of an anti-inflammatory drug against cryptosporidiosis in neonatal lambs",
   "doi": "10.1016/j.vetpar.2008.05.012",
   "pubmed_id": "18579312",
   "license": "els-covid",
   "abstract": "Abstract The efficacy of the anti-inflammatory drug Bobel-24 against experimental infection by Cryptosporidium parvum was evaluated in neonatal lambs. The animals were treated by oral administration of the drug at 50 or 500mg/kg of body weight. The prophylactic/therapeutic treatment was started 4h before inoculation of the lambs with oocysts and was continued for eight consecutive days. The therapeutic treatment was initiated at the onset of diarrhoea, after confirmation of infection, and was continued for six consecutive days. Infection was monitored by daily examination of faecal samples from the first day until 30 days post-inoculation. The criteria considered in evaluating development of the infection and the drug activity were: oocyst shedding, presence of diarrhoea and weight gain at 15 and 30 days post-inoculation. Bobel-24 was effective as a prophylactic/therapeutic treatment at the lowest dose (50mg/kg of body weight); in the group treated with this dose of drug there was a longer prepatent period, a shorter patent period and a lower intensity of oocyst excretion than in the untreated control group, and the differences were all statistically significant (P <0.05). Moreover, one animal did not excrete oocysts, and two lambs had diarrhoea, for only 1 and 2 days. In the group treated with the higher dose of the drug, the diarrhoea lasted for a significantly shorter period (P <0.05) than in the untreated group.",
   "publish_time": "2008-08-17",
   "authors": [
      "Castro-Hermida, Jos\u00e9 Antonio",
      "Garc\u00eda-Presedo, Ignacio",
      "Gonz\u00e1lez-Warleta, Marta",
      "Mezo, Mercedes",
      "Fenoy, Soledad",
      "Rueda, Cristina",
      "del \u00c1guila, Carmen"
   ],
   "journal": "Veterinary Parasitology",
   "has_full_text": "True",
   "full_text_file": "custom_license",
   "id": "https://doi.org/10.1016/j.vetpar.2008.05.012",
   "fhir_link": [
      "PMC/Composition/e47debab6f4c7116b7dd0cfcc2ea5ac1e2ab5146"
   ]
}