{
   "source_x": "Elsevier",
   "title": "Are the relative variation rates (RVRs) of energy consumption approximate in different cities for the same increase of ventilation rate?",
   "doi": "10.1016/j.buildenv.2004.06.008",
   "license": "els-covid",
   "abstract": "Abstract This paper makes simulations on the annual heating and cooling energy consumption of four kinds of buildings under the climatic conditions of 19 background cities in China, USA and Europe when ventilation rates increase from 0 to 1.5vol/h, respectively by, CTM, DOE-2 and DeST-h. The simulation results by CTM show that the increments of annual heating and cooling may differ up to 10s of times or even more than 100 times in different cities for the same building with the same increase of ventilation rates, while the annual heating and cooling RVRs are both approximate in different cities. For the same building with the same increase of ventilation rate in the same city, its annual heating RVRs are far higher than its annual cooling RVRs. The above conclusion can be reached for any building whether with various envelopes or with different shape coefficients.",
   "publish_time": "2005-04-30",
   "authors": [
      "Enshen, Long",
      "Zhenguo, Lin"
   ],
   "journal": "Building and Environment",
   "has_full_text": "False",
   "full_text_file": "custom_license",
   "id": "https://doi.org/10.1016/j.buildenv.2004.06.008"
}