{
   "sha": "d7faaf4dd7caf361022ba62c8cedcfec8bf5b896",
   "source_x": "Elsevier",
   "title": "Adopting \u2018lift-up\u2019 building design to improve the surrounding pedestrian-level wind environment",
   "doi": "10.1016/j.buildenv.2017.03.011",
   "license": "els-covid",
   "abstract": "Abstract Modern megacities are teeming with closely-spaced tall buildings, which limit air circulation at the pedestrian level. The resultant lack of air circulation creates poorly ventilated areas with accumulated air pollutants and thermal discomfort in the summer. To improve air circulation at the pedestrian level, buildings may be designed to have a \u2018lift-up\u2019 shape, in which the main structure is supported by a central core, columns or shear walls. However, a lack of knowledge on the influence of the \u2018lift-up\u2019 design on the surrounding wind environment limits the use of \u2018lift-up\u2019 buildings. This study aims to investigate the influence of \u2018lift-up\u2019 buildings and their dimensions on the pedestrian-level wind environments using wind tunnel tests. A parametric study was undertaken by using 9 \u2018lift-up\u2019 building models with different core heights and widths. The results were compared with the surrounding wind environment of a control building with similar dimensions. The results reveal that the \u2018lift-up\u2019 core height is the most influential parameter and governs the area and magnitude of high and low wind speed zones around such buildings. Based on wind tunnel test results and a selected comfort criterion, appropriate core dimensions could be selected to have acceptable wind conditions near lift-up buildings.",
   "publish_time": "2017-05-15",
   "authors": [
      "Tse, K.T.",
      "Zhang, Xuelin",
      "Weerasuriya, A.U.",
      "Li, S.W.",
      "Kwok, K.C.S.",
      "Mak, Cheuk Ming",
      "Niu, Jianlei"
   ],
   "journal": "Building and Environment",
   "has_full_text": "True",
   "full_text_file": "custom_license",
   "id": "https://doi.org/10.1016/j.buildenv.2017.03.011",
   "fhir_link": [
      "PMC/Composition/d7faaf4dd7caf361022ba62c8cedcfec8bf5b896"
   ]
}