{
   "sha": "71c81860b372ec96012faad4ce92170d6ff1ada1",
   "source_x": "Elsevier",
   "title": "Suppression of NK cells and regulatory T lymphocytes in cats naturally infected with feline infectious peritonitis virus",
   "doi": "10.1016/j.vetmic.2013.01.042",
   "pubmed_id": "23434014",
   "license": "els-covid",
   "abstract": "Abstract A strong cell-mediated immunity (CMI) is thought to be indispensable for protection against infection with feline infectious peritonitis virus (FIPV) in cats. In this study, the role of natural killer (NK) cells and regulatory T cells (Tregs), central players in the innate and adaptive CMI respectively, was examined during natural FIPV infection. When quantified, both NK cells and Tregs were drastically depleted from the peripheral blood, mesenteric lymph node (LN) and spleen in FIP cats. In contrast, mesentery and kidney from FIP cats did not show any difference when compared to healthy non-infected control animals. In addition, other regulatory lymphocytes (CD4+CD25\u2212Foxp3+ and CD3+CD8+Foxp3+) were found to be depleted from blood and LN as well. Phenotypic analysis of blood-derived NK cells in FIP cats revealed an upregulation of activation markers (CD16 and CD25) and migration markers (CD11b and CD62L) while LN-derived NK cells showed upregulation of only CD16 and CD62L. LN-derived NK cells from FIPV-infected cats were also significantly less cytotoxic when compared with healthy cats. This study reveals for the first time that FIPV infection is associated with severe suppression of NK cells and Tregs, which is reflected by cell depletion and lowered cell functionality (only NK cells). This will un-doubtfully lead to a reduced capacity of the innate immune system (NK cells) to battle FIPV infection and a decreased capacity (Tregs) to suppress the immunopathology typical for FIP. However, these results will also open possibilities for new therapies targeting specifically NK cells and Tregs to enhance their numbers and/or functionality during FIPV infection.",
   "publish_time": "2013-05-31",
   "authors": [
      "Vermeulen, Ben L.",
      "Devriendt, Bert",
      "Olyslaegers, Dominique A.",
      "Dedeurwaerder, Annelike",
      "Desmarets, Lowiese M.",
      "Favoreel, Herman W.",
      "Dewerchin, Hannah L.",
      "Nauwynck, Hans J."
   ],
   "journal": "Veterinary Microbiology",
   "has_full_text": "True",
   "full_text_file": "custom_license",
   "id": "https://doi.org/10.1016/j.vetmic.2013.01.042",
   "fhir_link": [
      "PMC/Composition/71c81860b372ec96012faad4ce92170d6ff1ada1"
   ]
}