{
   "sha": "6b95d803456987f9245066573158c437cd60ec2f",
   "source_x": "Elsevier",
   "title": "Comparative pathogenesis of US porcine epidemic diarrhea virus (PEDV) strain PC21A in conventional 9-day-old nursing piglets vs. 26-day-old weaned pigs",
   "doi": "10.1016/j.vetmic.2015.04.022",
   "pubmed_id": "25939885",
   "license": "els-covid",
   "abstract": "Abstract Our study demonstrated potential mechanisms by which porcine epidemic diarrhea virus (PEDV) infection induces greater disease severity of nursing vs. weaned conventional pigs. Twenty-six-day-old weaned [PEDV-inoculated (n =11); mock (n =9)] and 9-day-old nursing pigs [PEDV-inoculated (n =9); mock (n =11)] were inoculated orally [8.9 log10 genomic equivalents (GE)/pig] with PC21A strain or mock (MEM). Pigs were monitored for clinical signs and PEDV RNA titers in feces and serum. For pathology and immunofluorescence staining for Ki67 (marker for crypt proliferation) and LGR5 (marker for crypt stem cell), 3\u20134 pigs were euthanized at postinoculation days (PIDs) 1, 3 and 5. Severe watery diarrhea and atrophic enteritis with moderate to high PEDV RNA titers in feces (7.5\u201312.2 log10 GE/ml) and low viral RNA titers in serum (5.6\u20138.6 log10 GE/ml) were observed in all inoculated nursing piglets at PIDs 1\u20135. In contrast, weaned pigs did not show evidence of PEDV infection at PID 1. Pigs exhibited high fecal shedding titers at PIDs 2\u20135 and mild to severe atrophic enteritis at PIDs 3\u20135, indicating a longer incubation for PEDV infection. While uninoculated or inoculated 27\u201331-day-old pigs showed large numbers of Ki67- or LGR5-positive cells in the intestinal crypts, there was a lack of LGR5-positive cells and low proliferation of crypts in jejunum of uninoculated 10\u201314-day-old piglets, possibly causing a slower turnover of enterocytes; however, the number of LGR5-positive cells and proliferation of intestinal crypts increased remarkably at 3\u20135 days after inoculation. Biologic mediators that promote crypt stem cell regeneration would be targets to improve the intestinal epithelium renewal during PEDV infection.",
   "publish_time": "2015-07-09",
   "authors": [
      "Jung, Kwonil",
      "Annamalai, Thavamathi",
      "Lu, Zhongyan",
      "Saif, Linda J."
   ],
   "journal": "Veterinary Microbiology",
   "has_full_text": "True",
   "full_text_file": "custom_license",
   "id": "https://doi.org/10.1016/j.vetmic.2015.04.022",
   "fhir_link": [
      "PMC/Composition/6b95d803456987f9245066573158c437cd60ec2f"
   ]
}