{
   "sha": "b051b580a97cbb8eec93a855a24676f6861ae2b7",
   "source_x": "Elsevier",
   "title": "Antagonizing cytokine-mediated JAK-STAT signaling by porcine reproductive and respiratory syndrome virus",
   "doi": "10.1016/j.vetmic.2016.12.036",
   "pubmed_id": "28069291",
   "license": "els-covid",
   "abstract": "Abstract Janus kinase (JAK)-signal transducer and activator of transcription (STAT) signaling pathway is activated by myriad cytokines, which are involved in regulation of cell growth, proliferation, differentiation, apoptosis, angiogenesis, immunity and inflammatory response. Because of its significance in immune response, JAK-STAT pathway is often targeted by pathogens, including porcine reproductive and respiratory syndrome virus (PRRSV). PRRSV causes reproductive failure in sows and respiratory disease in pigs of all ages. A typical feature of the immune response to PRRSV infection in pigs is delayed production and low titer of virus neutralizing antibodies, and weak cell-mediated immune response. One of the possible reasons for the weak protective immune response is that PRRSV interferes with cytokine-mediated JAK-STAT signaling. PRRSV inhibits interferon-activated JAK-STAT signaling by blocking nuclear translocation of STAT1 and STAT2. The mechanism is that PRRSV non-structural protein 1\u03b2 (nsp1\u03b2) induces degradation of karyopherin \u03b11 (KPNA1), a critical adaptor in nucleo-cytoplasmic transport. PRRSV also antagonizes IL6-activated JAK-STAT3 signaling via inducing degradation of STAT3. In this review, we briefly introduce JAK-STAT signaling, summarize the PRRSV interference with it, and provide perspective on the perturbation in the context of PRRSV-elicited immune response.",
   "publish_time": "2017-09-30",
   "authors": [
      "Yang, Liping",
      "Zhang, Yan-Jin"
   ],
   "journal": "Veterinary Microbiology",
   "has_full_text": "True",
   "full_text_file": "custom_license",
   "id": "https://doi.org/10.1016/j.vetmic.2016.12.036",
   "fhir_link": [
      "PMC/Composition/b051b580a97cbb8eec93a855a24676f6861ae2b7"
   ]
}