{
   "source_x": "Elsevier",
   "title": "VIRO-01 - Int\u00e9r\u00eat du test de diagnostic des virus respiratoires par PCR multiplex.",
   "doi": "10.1016/S0399-077X(16)30574-1",
   "license": "els-covid",
   "publish_time": "2016-06-30",
   "authors": [
      "Martin, C.",
      "Kessler, R.",
      "Fafi Kremer, S.",
      "Lepiller, Q.",
      "Christmann, D.",
      "Argemi, X.",
      "Lefebvre, N.",
      "Douiri, N.",
      "Baldeyrou, M.",
      "Hansmann, Y."
   ],
   "journal": "M\u00e9decine et Maladies Infectieuses",
   "has_full_text": "False",
   "full_text_file": "custom_license",
   "id": "https://doi.org/10.1016/S0399-077X(16)30574-1"
}