{
   "sha": "66aaa910eb2a4e8bfb50a0a3a7038982d517829e",
   "source_x": "Elsevier",
   "title": "Comparison of Cepheid\u00ae Xpert Flu and Roche RealTime Ready Influenza A/H1N1 Detection Set for detection of influenza A/H1N1",
   "doi": "10.1016/j.diagmicrobio.2017.12.010",
   "pubmed_id": "29329754",
   "license": "els-covid",
   "abstract": "Abstract Objective To compare two influenza polymerase chain reaction (PCR) methods. Methods A total of 749 suspected MERS-CoV patients presenting at Johns Hopkins Aramco Healthcare, Saudi Arabia, each submitted a clinical sample for influenza A reflex testing using the on-site Cepheid\u00ae Xpert Flu assay and at the Ministry of Health laboratory by the Roche PCR assay. Results There was 92.12% overall agreement between the two methods. Specificity of the Cepheid\u00ae Xpert Flu was 95.8% for H1N1 and 94.4% for total influenza A. Cepheid\u00ae Xpert Flu sensitivity for influenza A was 100% for younger patients (0\u201319-year age group) but significantly lower both for older patients (68.2% for 60\u201379-year and 50% for \u226580-year age groups) and overall for males compared to females (72.6% and 94.0%, respectively). Conclusions Specificity of the Cepheid\u00ae Xpert Flu test was high; however, sensitivity for total influenza A was lower particularly in males and older patients.",
   "publish_time": "2018-04-30",
   "authors": [
      "Rabaan, Ali A.",
      "Bazzi, Ali M.",
      "Alshaikh, Sana A."
   ],
   "journal": "Diagnostic Microbiology and Infectious Disease",
   "has_full_text": "True",
   "full_text_file": "custom_license",
   "id": "https://doi.org/10.1016/j.diagmicrobio.2017.12.010",
   "fhir_link": [
      "PMC/Composition/66aaa910eb2a4e8bfb50a0a3a7038982d517829e"
   ]
}