{
   "sha": "8ce38291f8caacc8c0e9520bc24233724e8afdb5",
   "source_x": "Elsevier",
   "title": "Pneumonia in novel swine-origin influenza A (H1N1) virus infection: High-resolution CT findings",
   "doi": "10.1016/j.ejrad.2010.05.029",
   "license": "els-covid",
   "abstract": "Abstract Objective The purpose of our study was to review the initial high-resolution CT (HRCT) findings in pneumonia patients with presumed/laboratory-confirmed novel swine-origin influenza A (H1N1) virus (S-OIV) infection and detect pneumonia earlier. Materials and methods High-resolution CT (HRCT) findings of 106 patients with presumed/laboratory-confirmed novel S-OIV (H1N1) infection were reviewed. The 106 patients were divided into two groups according to the serious condition of the diseases. The pattern (consolidation, ground-glass, nodules, and reticulation), distribution, and extent of abnormality on the HRCT were evaluated in both groups. The dates of the onset of symptoms of the patients were recorded. Results The predominant CT findings in the patients at presentation were unilateral or bilateral multifocal asymmetric ground-glass opacities alone (n =29, 27.4%), with unilateral or bilateral consolidation (n =50, 47.2%). The consolidation had peribronchovascular and subpleural predominance. The areas of consolidation were found mainly in the posterior, middle and lower regions of the lungs. Reticular opacities were found in 6 cases of the initial MDCT scan. The extent of disease was greater in group 1 patients requiring advanced mechanical ventilation, with diffuse involvement in 19 patients (63.3%) of group 1 patients, and only 15/76 (19.7%) of group 2 patients (p <0.01, \u03c7 2 test). 20 cases (19%) of the 106 patients had small bilateral or unilateral pleural effusions. None had evidence of hilar or mediastinal lymph node enlargement on CT performed at admission or later. Conclusions The most common radiographic and CT findings in patients with S-OIV infection are unilateral or bilateral ground-glass opacities with or without associated focal or multifocal areas of consolidation. On HRCT, the ground-glass opacities had a predominant peribronchovascular and subpleural distribution. CT plays an important role in the early recognition of severe S-OIV (H1N1).",
   "publish_time": "2011-11-30",
   "authors": [
      "Li, Ping",
      "Su, Dong-Ju",
      "Zhang, Ji-Feng",
      "Xia, Xu-Dong",
      "Sui, Hong",
      "Zhao, Dong-Hui"
   ],
   "journal": "European Journal of Radiology",
   "has_full_text": "True",
   "full_text_file": "custom_license",
   "id": "https://doi.org/10.1016/j.ejrad.2010.05.029",
   "fhir_link": [
      "PMC/Composition/8ce38291f8caacc8c0e9520bc24233724e8afdb5"
   ]
}