{
   "sha": "0cc433456d651772c1f4b43fa5b83907e9f87d42",
   "source_x": "Elsevier",
   "title": "Diagnosis and Treatment of Infectious Enteritis in Adult Ruminants",
   "doi": "10.1016/j.cvfa.2017.10.004",
   "pubmed_id": "29248200",
   "license": "els-covid",
   "publish_time": "2018-03-31",
   "authors": [
      "Chigerwe, Munashe",
      "Heller, Meera C."
   ],
   "journal": "Veterinary Clinics of North America: Food Animal Practice",
   "has_full_text": "True",
   "full_text_file": "custom_license",
   "id": "https://doi.org/10.1016/j.cvfa.2017.10.004",
   "fhir_link": [
      "PMC/Composition/0cc433456d651772c1f4b43fa5b83907e9f87d42"
   ]
}