{
   "sha": "01fe9408aa72a025bad89a695b389c4e509ed67d",
   "source_x": "Elsevier",
   "title": "Emergency Preparedness and Public Health Systems Lessons for Developing Countries",
   "doi": "10.1016/j.amepre.2008.02.012",
   "pubmed_id": "18471591",
   "license": "els-covid",
   "abstract": "Abstract Low- and middle-income countries, where emerging diseases often make their debut, are also likely to bear the harshest consequences of a potential influenza pandemic. Yet public health systems in developing countries are underfunded, understaffed, and in many cases struggling to deal with the existing burden of disease. As a result, developed countries are beginning to expand assistance for emergency preparedness to the developing world. Given developing countries' weak infrastructure and many competing public health priorities, it is not clear how to best direct these resources. Evidence from the U.S. and other developed countries suggests that some investments in bioterror and pandemic emergency preparedness, although initially implemented as vertical programs, have the potential to strengthen the general public health infrastructure. This experience may hold some lessons for how global funds for emergency preparedness could be invested in developing countries to support struggling public health systems in responding to current health priorities as well as potential future public health threats.",
   "publish_time": "2008-06-30",
   "authors": [
      "Kruk, Margaret E."
   ],
   "journal": "American Journal of Preventive Medicine",
   "has_full_text": "True",
   "full_text_file": "custom_license",
   "id": "https://doi.org/10.1016/j.amepre.2008.02.012",
   "fhir_link": [
      "PMC/Composition/01fe9408aa72a025bad89a695b389c4e509ed67d"
   ]
}