{
   "sha": "2ffaef373eace5b4f5f04e66270c561e6a3c7085",
   "source_x": "Elsevier",
   "title": "Lycorine: A prospective natural lead for anticancer drug discovery",
   "doi": "10.1016/j.biopha.2018.07.147",
   "license": "els-covid",
   "abstract": "Abstract Nature is the most abundant source for novel drug discovery. Lycorine is a natural alkaloid with immense therapeutic potential. Lycorine is active in a very low concentration and with high specificity against a number of cancers both in vivo and in vitro and against various drug-resistant cancer cells. This review summarized the therapeutic effect and the anticancer mechanisms of lycorine. At the same time, we have discussed the pharmacology and comparative structure-activity relationship for the anticancer activity of this compound. The researches outlined in this paper serve as a foundation to explain lycorine as an important lead compound for new generation anticancer drug design and provide the principle for the development of biological strategies to utilize lycorine in the treatment of cancers.",
   "publish_time": "2018-11-30",
   "authors": [
      "Roy, Mridul",
      "Liang, Long",
      "Xiao, Xiaojuan",
      "Feng, Peifu",
      "Ye, Mao",
      "Liu, Jing"
   ],
   "journal": "Biomedicine & Pharmacotherapy",
   "has_full_text": "True",
   "full_text_file": "custom_license",
   "id": "https://doi.org/10.1016/j.biopha.2018.07.147",
   "fhir_link": [
      "PMC/Composition/2ffaef373eace5b4f5f04e66270c561e6a3c7085"
   ]
}