{
   "sha": "ca9ed72cea16dc3044bb2ebc71de7da849dbec36",
   "source_x": "Elsevier",
   "title": "Enqu\u00eate s\u00e9rologique par immunofluorescence indirecte, sur les infections \u00e0 coronavirus OC43",
   "doi": "10.1016/S0769-2617(87)80010-2",
   "license": "els-covid",
   "abstract": "Summary Four-hundred seventy-two sera were examined by the indirect immunofluorescence test against Coronavirus strain OC43 adapted to the HRT18 cell culture. Sera were from children and adults hospitalized over a 4-year period, from 1979 to 1982, at the CHRU of Clermont-Ferrand (France) for different clinical reasons. Of the 446 sera tested, 61 % showed antibodies against OC43; 90 % of adult sera were positive. Coronavirus infections are very common in France. Immunity appears early in life, and infection is frequent in children from 12\u201336 months of age.",
   "publish_time": "1987-06-30",
   "authors": [
      "Chambon, M.",
      "Laveran, H.",
      "L'Haridon, R.",
      "Peigue-Lafeuille, H.",
      "Trimolet, M.",
      "Beytout, D."
   ],
   "journal": "Annales de l'Institut Pasteur / Virologie",
   "has_full_text": "True",
   "full_text_file": "custom_license",
   "id": "https://doi.org/10.1016/S0769-2617(87)80010-2",
   "fhir_link": [
      "PMC/Composition/ca9ed72cea16dc3044bb2ebc71de7da849dbec36"
   ]
}