{
   "sha": "e3060236a6c6bfdb9423965495946261f00642b3",
   "source_x": "Elsevier",
   "title": "Epidemiology, Prevention, and Control of the Number One Foodborne Illness Human Norovirus",
   "doi": "10.1016/j.idc.2013.05.009",
   "pubmed_id": "24011835",
   "license": "els-covid",
   "publish_time": "2013-09-30",
   "authors": [
      "DiCaprio, Erin",
      "Ma, Yuanmei",
      "Hughes, John",
      "Li, Jianrong"
   ],
   "journal": "Infectious Disease Clinics of North America",
   "has_full_text": "True",
   "full_text_file": "custom_license",
   "id": "https://doi.org/10.1016/j.idc.2013.05.009",
   "fhir_link": [
      "PMC/Composition/e3060236a6c6bfdb9423965495946261f00642b3"
   ]
}