{
   "sha": "d421a83b46ac36aadca9b259deadf3094ac889e6",
   "source_x": "Elsevier",
   "title": "Challenges in food waste recycling in high-rise buildings and public design for sustainability: A case in Hong Kong",
   "doi": "10.1016/j.resconrec.2018.01.007",
   "license": "els-covid",
   "abstract": "Abstract In recent decades, various studies on policy, management, behaviour, norms and economic incentives related to food waste issues have been conducted. Many of the studies are from a quantitative perspective which has given a wider but general coverage of study and analysis on the matters. However, the impacts of context, such as living environments and social culture, on recycling activities from a qualitative as well as in-depth perspective have seldom been discussed, especially in densely populated communities. Taking Hong Kong as an example, some food waste recycling (FWR) initiatives have been launched in housing estates. However, most projects have been suspended due to many practical problems. Only a few cases are still on-going. Physical setting quality has been identified as a significant factor affecting sustainable behaviour. Inefficient and low-quality public designs that do not consider living environments and specific lifestyles may fail to encourage community participation. This study aims to provide a more in-depth investigation into people\u2019s attitudes and actual behaviour towards and to shed light on public design for sustainability. Using the FWR programme in Amoy Gardens as a case, this study uses qualitative research methods to explore FWR experiences and improve its weaknesses. The findings show three potential challenges to FWR in densely populated high-rise buildings: (1) limited space, (2) hygiene issues and (3) implementation and management. This study also provides implications for public design to improve sustainability in communities and encourage public participation in FWR in high-density residential areas.",
   "publish_time": "2018-04-30",
   "authors": [
      "Xiao, Jia Xin",
      "Siu, Kin Wai Michael"
   ],
   "journal": "Resources, Conservation and Recycling",
   "has_full_text": "True",
   "full_text_file": "custom_license",
   "id": "https://doi.org/10.1016/j.resconrec.2018.01.007",
   "fhir_link": [
      "PMC/Composition/d421a83b46ac36aadca9b259deadf3094ac889e6"
   ]
}