{
   "sha": "180abe044a9b8427b589d01841b1fdb08c7af708",
   "source_x": "Elsevier",
   "title": "Antibodies to berne virus in horses and other animals",
   "doi": "10.1016/0378-1135(84)90014-2",
   "pubmed_id": "6506447",
   "license": "els-covid",
   "abstract": "Abstract After inoculation into 2 foals, Berne virus induced neutralizing antibody, but did not cause clinical symptoms. In a horizontal study of seropositive mares and their offspring, a decline of maternal antibodies and a sudden synchronous seroconversion in all foals were observed, again without clinical symptoms. The virus is widespread in the Swiss horse population and has been so during the last decade; rises in antibody titers were noted in 9% of paired sera sampled at random. Positive reactions were also obtained in serum neutralization tests and ELISA using small numbers of horse sera from Germany, France and the U.S.A. The results of neutralization tests and ELISA were correlated in 83% of random samples tested; 13% were neutralization-positive and ELISA-negative and in 4% the inverse was observed. Neutralizing activity was found in the sera of other ungulates (cattle, goat, sheep and pig), laboratory rabbits and 2 species of wild mice (Clethrionomys glareolus and Apodemus sylvaticus). Inconclusive results were obtained with feline and human sera; those from dogs and foxes (Vulpes vulpes) were consistently negative. The probable occurrence of antigenic variants in Berne-type viruses is discussed.",
   "publish_time": "1984-10-31",
   "authors": [
      "Weiss, M.",
      "Steck, F.",
      "Kaderli, R.",
      "Horzinek, M.C."
   ],
   "journal": "Veterinary Microbiology",
   "has_full_text": "True",
   "full_text_file": "custom_license",
   "id": "https://doi.org/10.1016/0378-1135(84)90014-2",
   "fhir_link": [
      "PMC/Composition/180abe044a9b8427b589d01841b1fdb08c7af708"
   ]
}