{
   "sha": "186b150a01f7f4f9c871d8a43d686f4cf5cda8c5",
   "source_x": "Elsevier",
   "title": "Viral transport and the cytoskeleton",
   "doi": "10.1016/S0955-0674(00)00180-0",
   "pubmed_id": "11163140",
   "license": "els-covid",
   "abstract": "Abstract In the past decade, studies into the way in which intracellular bacterial pathogens hijack and subvert their hosts have provided many important insights into regulation of the actin cytoskeleton and cell motility, in addition to increasing our understanding of the infection process. Viral pathogens, however, may ultimately unlock more cellular secrets as they are even more dependent on their hosts during their life cycle.",
   "publish_time": "2001-02-01",
   "authors": [
      "Ploubidou, Aspasia",
      "Way, Michael"
   ],
   "journal": "Current Opinion in Cell Biology",
   "has_full_text": "True",
   "full_text_file": "custom_license",
   "id": "https://doi.org/10.1016/S0955-0674(00)00180-0",
   "fhir_link": [
      "PMC/Composition/186b150a01f7f4f9c871d8a43d686f4cf5cda8c5"
   ]
}