{
   "sha": "cd7914c7218fc350dd7f15fff643decd608c91b3",
   "source_x": "Elsevier",
   "title": "Thin-section CT assessment of spontaneous pneumomediastinum in interstitial lung disease: Correlation with serial changes in lung parenchymal abnormalities",
   "doi": "10.1016/j.rmed.2005.04.016",
   "pubmed_id": "15936185",
   "license": "els-covid",
   "abstract": "Summary Purpose The purpose of this study was to analyze thin-section computed tomography (CT) appearances of interstitial lung diseases before and at the time of detection of pneumomediastinum, and to evaluate the relationship between pneumomediastinum and parenchymal changes on thin-section CT. Materials & methods We reviewed CT images before and at the time of detection of pneumomediastinum in 13 patients with idiopathic pulmonary fibrosis (8 patients) and collagen vascular diseases (5 patient). The extent of the total area of reticular opacity, increased opacity (ground-glass opacity and consolidation), and honeycombing were scored, and these scores were compared before and at the time of detection of pneumomediastinum. We also divided patients into two groups according to therapy received. Patients in group 1 experienced pneumomediastinum after or during treatment with corticosteroids or immunosuppressive agents for acute or subacute exacerbation of interstitial lung disease. Patients in group 2 experienced pneumomediastinum without therapy. Results The mean score of all patients for honeycombing significantly increased at the time of detection of pneumomediastinum ( P = 0.003 ). In group 1, the extent of increasing opacity had been decreased significantly at the time of detection of pneumomediastinum ( P = 0.028 ). In group 2, the mean CT score of reticular opacity, increasing opacity, and honeycombing significantly increased at the time of detection of pneumomediastinum ( P = 0.028 , 0.018, and 0.018, respectively). Conclusions Spontaneous pneumomediastinum associated with interstitial lung disease appears to have a tendency to occur under conditions of altered of parenchymal interstitial lesions.",
   "publish_time": "2006-01-31",
   "authors": [
      "Matsuoka, Shin",
      "Kurihara, Yasuyuki",
      "Yagihashi, Kunihiro",
      "Okamoto, Kyoko",
      "Niimi, Hiroshi",
      "Nakajima, Yasuo"
   ],
   "journal": "Respiratory Medicine",
   "has_full_text": "True",
   "full_text_file": "custom_license",
   "id": "https://doi.org/10.1016/j.rmed.2005.04.016",
   "fhir_link": [
      "PMC/Composition/cd7914c7218fc350dd7f15fff643decd608c91b3"
   ]
}