{
   "sha": "3a2039049a4c65892b962dbd5c90e170aea42ddb",
   "source_x": "Elsevier",
   "title": "Disease spreading in complex networks: A numerical study with Principal Component Analysis",
   "doi": "10.1016/j.eswa.2017.12.021",
   "license": "els-covid",
   "abstract": "Abstract Disease spreading models need a population model to organize how individuals are distributed over space and how they are connected. Usually, disease agent (bacteria, virus) passes between individuals through these connections and an epidemic outbreak may occur. Here, complex networks models, like Erd\u00f6s\u2013R\u00e9nyi, Small-World, Scale-Free and Bar\u00e1basi\u2013Albert will be used for modeling a population, since they are used for social networks; and the disease will be modeled by a SIR (Susceptible\u2013Infected\u2013Recovered) model. The objective of this work is, regardless of the network/population model, analyze which topological parameters are more relevant for a disease success or failure. Therefore, the SIR model is simulated in a wide range of each network model and a first analysis is done. By using data from all simulations, an investigation with Principal Component Analysis (PCA) is done in order to find the most relevant topological and disease parameters.",
   "publish_time": "2018-05-01",
   "authors": [
      "Schimit, P.H.T.",
      "Pereira, F.H."
   ],
   "journal": "Expert Systems with Applications",
   "has_full_text": "True",
   "full_text_file": "custom_license",
   "id": "https://doi.org/10.1016/j.eswa.2017.12.021",
   "fhir_link": [
      "PMC/Composition/3a2039049a4c65892b962dbd5c90e170aea42ddb"
   ]
}