{
   "sha": "a5029a455267554658fb20e831e988f3facfbff1",
   "source_x": "Elsevier",
   "title": "\u2018Africanisation\u2019 of South Africa\u2019s international air links, 1994\u20132003",
   "doi": "10.1016/j.jtrangeo.2004.10.006",
   "license": "els-covid",
   "abstract": "Abstract In the first decade of democratic rule in South Africa scheduled commercial passenger flights across the country\u2019s borders more than doubled. Additional flights served new African air passenger markets and secondary airports in established markets. Overseas flights increased more slowly, serving a diminishing number of overseas countries and cities. In 1994 the Republic was linked directly by air with more overseas than African countries and cities; within a decade the pattern reversed. The changing geography of South Africa\u2019s international air links reflects developments in the international airline industry, and South Africa\u2019s increasingly prominent political and commercial role in Africa.",
   "publish_time": "2006-01-31",
   "authors": [
      "Pirie, Gordon"
   ],
   "journal": "Journal of Transport Geography",
   "has_full_text": "True",
   "full_text_file": "custom_license",
   "id": "https://doi.org/10.1016/j.jtrangeo.2004.10.006",
   "fhir_link": [
      "PMC/Composition/a5029a455267554658fb20e831e988f3facfbff1"
   ]
}