{
   "sha": "cdfbbf9e16ab152d8019d1b06f0e6e9773af4d53",
   "source_x": "Elsevier",
   "title": "MERS-CoV infection in humans is associated with a pro-inflammatory Th1 and Th17 cytokine profile",
   "doi": "10.1016/j.cyto.2018.01.025",
   "pubmed_id": "29414327",
   "license": "els-covid",
   "abstract": "Abstract The Middle East respiratory syndrome coronavirus (MERS-CoV) has been recognized as a highly pathogenic virus to humans that infects the respiratory tract and is associated with high morbidity and mortality. Studies in animal models suggest that MERS-CoV infection induces a strong inflammatory response, which may be related to the severity of disease. Data showing the cytokine profiles in humans during the acute phase of MERS-CoV infection are limited. In this study, we have analyzed the profile of cytokine responses in plasma samples from patients with confirmed MERS-CoV infections (n = 7) compared to healthy controls (n = 13). The cytokine profiles, including T helper (Th) 1, Th2 and Th17 responses, were analyzed using cytometric bead array (CBA). A prominent pro-inflammatory Th1 and Th17 response was clearly seen in patients with MERS-CoV infection, with markedly increased concentrations of IFN-\u03b3, TNF-\u03b1, IL-15 and IL-17 compared to controls. IL-12 expression levels showed no difference between patients with MERS-CoV infection and the healthy controls despite the significantly increased levels of IFN-\u03b12 and IFN-\u03b3 (P < .01). No changes were observed in the levels of IL-2, IL-4, IL-5, IL-13, and TGF-\u03b1 (P > .05). Our results demonstrate a marked pro-inflammatory cytokine response during the acute phase of MERS-CoV infection in humans.",
   "publish_time": "2018-04-30",
   "authors": [
      "Mahallawi, Waleed H.",
      "Khabour, Omar F.",
      "Zhang, Qibo",
      "Makhdoum, Hatim M.",
      "Suliman, Bandar A."
   ],
   "journal": "Cytokine",
   "has_full_text": "True",
   "full_text_file": "custom_license",
   "id": "https://doi.org/10.1016/j.cyto.2018.01.025",
   "fhir_link": [
      "PMC/Composition/cdfbbf9e16ab152d8019d1b06f0e6e9773af4d53"
   ]
}