{
   "sha": "5f7c0c32627bd37d6371b174ca39a00f1663f310",
   "source_x": "Elsevier",
   "title": "The use of enzyme-linked immunosorbent assay systems for serology and antigen detection in parvovirus, coronavirus and rotavirus infections in dogs in The Netherlands",
   "doi": "10.1016/0378-1135(91)90039-I",
   "pubmed_id": "1850889",
   "license": "els-covid",
   "abstract": "Abstract Complex trapping blocking (CTB) enzyme-linked immunosorbent assays (ELISAs) and indirect ELISAs for the detection of antibodies to canine parvovirus (CPV), canine coronavirus (CCV) and rotavirus in sera of dogs were established. Double antibody sandwich ELISAs for the detection of CPV-, CCV- and rotavirus antigens in fecal samples were also developed. Both the serological and antigen-detection ELISAs were used to screen samples from dogs in The Netherlands, with or without a history of acute diarrhea. It was shown that the results of the respective serological ELISAs correlated well and that CPV was the major cause of virus-induced acute diarrhea in dogs in The Netherlands.",
   "publish_time": "1991-01-31",
   "authors": [
      "Rimmelzwaan, G.F.",
      "Groen, J.",
      "Egberink, H.",
      "Borst, G.H.A.",
      "UytdeHaag, F.G.C.M.",
      "Osterhaus, A.D.M.E."
   ],
   "journal": "Veterinary Microbiology",
   "has_full_text": "True",
   "full_text_file": "custom_license",
   "id": "https://doi.org/10.1016/0378-1135(91)90039-I",
   "fhir_link": [
      "PMC/Composition/5f7c0c32627bd37d6371b174ca39a00f1663f310"
   ]
}