{
   "sha": "f6a6dc8d5fef1f2757c9ee73342eaa7286cbb074",
   "source_x": "Elsevier",
   "title": "Gross pathology of small mammals",
   "doi": "10.1053/saep.2003.127886",
   "license": "els-covid",
   "abstract": "A review is presented on how to perform a meaningful necropsy of the rabbit, ferret, and guinea pig. Brief descriptions of gross findings of significant diseases are provided in sufficient detail for identification in practice. Diseases are organized by organ systems affected and included based on their clinical significance, incidence, and importance in the United States.",
   "publish_time": "2003-04-30",
   "authors": [
      "Krogstad, Aric P.",
      "Dixon, Lonny W."
   ],
   "journal": "Seminars in Avian and Exotic Pet Medicine",
   "has_full_text": "True",
   "full_text_file": "custom_license",
   "id": "https://doi.org/10.1053/saep.2003.127886",
   "fhir_link": [
      "PMC/Composition/f6a6dc8d5fef1f2757c9ee73342eaa7286cbb074"
   ]
}