{
   "sha": "b8d0518f46b562135268953f3af9555e6ed2bfcd",
   "source_x": "Elsevier",
   "title": "Genetic differentiation of the nucleocapsid protein of Korean isolates of porcine epidemic diarrhoea virus by RT-PCR based restriction fragment length polymorphism analysis",
   "doi": "10.1016/j.tvjl.2007.07.007",
   "pubmed_id": "17728163",
   "license": "els-covid",
   "abstract": "Abstract A reverse transcriptase polymerase chain reaction (RT-PCR) based restriction fragment length polymorphism (RFLP) analysis based on the nucleocapsid (N) gene was developed to differentiate between field isolates of porcine epidemic diarrhoea virus (PEDV) and a vaccine strain, J-vac. Thirteen field isolates of PEDV from Korea were distinguishable from the vaccine strain and the prototype PEDV strain CV777 by RFLP using Tru9I. RFLP patterns in 11 of 13 field PEDV isolates were different from the vaccine strain using AspLEI, HgaI and MspR9I. Sequence analysis of the PEDV N gene revealed that Korean field PEDV isolates had 93.6% and 89.6% identity with the vaccine virus at nucleotide and amino acid sequence levels, respectively, suggesting progressive point mutations of the PEDV genome in the field. RFLP analysis of the PEDV N gene is a promising tool for distinguishing field strains from the vaccine-derived virus.",
   "publish_time": "2008-10-31",
   "authors": [
      "Lee, Changhee",
      "Park, Choi-Kyu",
      "Lyoo, Young S.",
      "Lee, Du Sik"
   ],
   "journal": "The Veterinary Journal",
   "has_full_text": "True",
   "full_text_file": "custom_license",
   "id": "https://doi.org/10.1016/j.tvjl.2007.07.007",
   "fhir_link": [
      "PMC/Composition/b8d0518f46b562135268953f3af9555e6ed2bfcd"
   ]
}