{
   "sha": "d18e2869c75164d326bad22279b024bcc704460c",
   "source_x": "Elsevier",
   "title": "Passerine and Softbill Therapeutics",
   "doi": "10.1016/S1094-9194(17)30094-4",
   "license": "els-covid",
   "abstract": "Passerines (songbirds) and softbills (toucans and mynahs) are increasingly presented for veterinary care as pet owners and aviculturists recognize that successful medical and surgical treatment can be performed in these often tiny patients. Even with an increasing amount of pharmacokinetic data in birds, the use of extrapolated drug regimens continues to be a common practice for these species. The extrapolation, using allometric scaling from human, mammalian, and avian drugs to passeriformes and softbills, is complicated and limited. In this article, the choice of the therapeutic approach is discussed. Once the choice for a specific drug is made, tables help calculate the dose in milligrams per kilocalorie without using complicated formulas.",
   "publish_time": "2000-01-31",
   "authors": [
      "Dorrestein, Gerry M."
   ],
   "journal": "Veterinary Clinics of North America: Exotic Animal Practice",
   "has_full_text": "True",
   "full_text_file": "custom_license",
   "id": "https://doi.org/10.1016/S1094-9194(17)30094-4",
   "fhir_link": [
      "PMC/Composition/d18e2869c75164d326bad22279b024bcc704460c"
   ]
}