{
   "sha": "71fc916026a1aa9e7f9198598faba8bb53d445af",
   "source_x": "Elsevier",
   "title": "The detection of feline coronaviruses in blood samples from cats by mRNA RT-PCR",
   "doi": "10.1016/j.jfms.2007.03.002",
   "pubmed_id": "17478116",
   "license": "els-covid",
   "abstract": "In this study, 26 blood samples were collected from 25 healthy cats and one cat with clinical signs suggestive of feline infectious peritonitis (FIP), namely, fever, weight loss, enlarged abdomen, and ascites. Blood samples were tested for feline coronavirus (FCoV) messenger RNA (mRNA) by an reverse transcriptase-polymerase chain reaction (RT-PCR) assay which has previously been described to have a high specificity in the diagnosis of clinical FIP [Simons AF, Vennema H, Rofina JE, Pol JM, Horzinek MC, Rottier PJM, Egberink HF (2005) A mRNA PCR for the diagnosis of feline infectious peritonitis. Journal of Virological Methods 124, 111\u2013116]. Overall we found 14 (54%) of the cats were positive for FCoV including the cat with clinical disease, but the high rate of positivity among healthy cats suggested a poor specificity for the clinical diagnosis of FIP among these cats. It was observed that the positivity rate was highest in cats aged between 6 months\u20131 year old. Our findings suggest that FCoVs may be present in the blood samples from healthy cats as well as cats with clinical FIP.",
   "publish_time": "2007-10-31",
   "authors": [
      "Can-S\u00b8ahna, Kezban",
      "Soydal Ataseven, Veysel",
      "P\u0131nar, Dilek",
      "\u00c7i\u011fdem O\u011fuzo\u011flu, Tuba"
   ],
   "journal": "Journal of Feline Medicine & Surgery",
   "has_full_text": "True",
   "full_text_file": "custom_license",
   "id": "https://doi.org/10.1016/j.jfms.2007.03.002",
   "fhir_link": [
      "PMC/Composition/71fc916026a1aa9e7f9198598faba8bb53d445af"
   ]
}