{
   "sha": "03531faa11b00259bcee616d1e215af33ba66bb8",
   "source_x": "Elsevier",
   "title": "Within-and between-strain variability in longevity of inbred and outbred rats under the same environmental conditions",
   "doi": "10.1016/0531-5565(95)00002-X",
   "pubmed_id": "8557096",
   "license": "els-covid",
   "abstract": "Abstract The analysis of 26 longevity curves of different populations of inbred (Fischer 344) and outbred (Sprague-Dawley) rats highlighted a remarkable between-populations variability in survival parameters. This variability is independent of the breeding characteristics of the strain. The two strains differed in the slope of the survival curves, with Fischer 344 rats showing a higher survival over the second year of life as well as a lower interindividual variability. A model-free approach based on principal component analysis allowed us to quantify these differences and to highlight some limitations of the classical Gompertzian approach.",
   "publish_time": "1995-10-31",
   "authors": [
      "Ghirardi, Orlando",
      "Cozzolino, Roberto",
      "Guaraldi, Donatella",
      "Giuliani, Alessandro"
   ],
   "journal": "Experimental Gerontology",
   "has_full_text": "True",
   "full_text_file": "custom_license",
   "id": "https://doi.org/10.1016/0531-5565(95)00002-X",
   "fhir_link": [
      "PMC/Composition/03531faa11b00259bcee616d1e215af33ba66bb8"
   ]
}