{
   "sha": "c770978b4f15c9b65abc19027b905089aa7a0067",
   "source_x": "Elsevier",
   "title": "Viral and atypical pathogens as causes of type 1 acute exacerbations of chronic bronchitis",
   "doi": "10.1111/j.1469-0691.1997.tb00299.x",
   "license": "els-covid",
   "publish_time": "1997-10-31",
   "authors": [
      "Roessingh, Peter H.",
      "van Loon, Anton M.",
      "Lammers, Jan W.J.",
      "Hoepelman, Andy I.M."
   ],
   "journal": "Clinical Microbiology and Infection",
   "has_full_text": "True",
   "full_text_file": "custom_license",
   "id": "https://doi.org/10.1111/j.1469-0691.1997.tb00299.x",
   "fhir_link": [
      "PMC/Composition/c770978b4f15c9b65abc19027b905089aa7a0067"
   ]
}