{
   "source_x": "Elsevier",
   "title": "Microbiology of the nasopharynx in children hospitalized with suspected pulmonary tuberculosis",
   "doi": "10.1016/j.ijid.2014.03.1170",
   "license": "els-covid",
   "publish_time": "2014-04-30",
   "authors": [
      "Dube, F.S.",
      "Kaba, M.",
      "Ah Tow, L.E.",
      "Africa, S.",
      "Zar, H.",
      "Nicol, M.P."
   ],
   "journal": "International Journal of Infectious Diseases",
   "has_full_text": "False",
   "full_text_file": "custom_license",
   "id": "https://doi.org/10.1016/j.ijid.2014.03.1170"
}