{
   "sha": "674b76f0a699bac08a210fc9ffe8be4c67b9f24d",
   "source_x": "Elsevier",
   "title": "Bronchial asthma in adults: Presentation to the emergency department Part I: Pathogenesis, clinical manifestations, diagnostic evaluation, and differential diagnosis",
   "doi": "10.1016/0735-6757(83)90038-4",
   "pubmed_id": "6097275",
   "license": "els-covid",
   "publish_time": "1983-07-31",
   "authors": [
      "Brenner, Barry E."
   ],
   "journal": "The American Journal of Emergency Medicine",
   "has_full_text": "True",
   "full_text_file": "custom_license",
   "id": "https://doi.org/10.1016/0735-6757(83)90038-4",
   "fhir_link": [
      "PMC/Composition/674b76f0a699bac08a210fc9ffe8be4c67b9f24d"
   ]
}