{
   "sha": "3f88fe929bb54a411f401c1af50b1021958bf74c",
   "source_x": "Elsevier",
   "title": "Experimental and numerical study on particle distribution in a two-zone chamber",
   "doi": "10.1016/j.atmosenv.2007.11.030",
   "license": "els-covid",
   "abstract": "Abstract Better understanding of aerosol dynamics is an important step for improving personal exposure assessments in indoor environments. Although the limitation of the assumptions in a well-mixed model is well known, there has been very little research reported in the published literature on the discrepancy of exposure assessments between numerical models which take account of gravitational effects and the well-mixed model. A new Eulerian-type drift-flux model has been developed to simulate particle dispersion and personal exposure in a two-zone geometry, which accounts for the drift velocity resulting from gravitational settling and diffusion. To validate the numerical model, a small-scale chamber was fabricated. The airflow characteristics and particle concentrations were measured by a phase Doppler Anemometer. Both simulated airflow and concentration profiles agree well with the experimental results. A strong inhomogeneous concentration was observed experimentally for 10\u03bcm aerosols. The computational model was further applied to study a simple hypothetical, yet more realistic scenario. The aim was to explore different levels of exposure predicted by the new model and the well-mixed model. Aerosols are initially uniformly distributed in one zone and subsequently transported and dispersed to an adjacent zone through an opening. Owing to the significant difference in the rates of transport and dispersion between aerosols and gases, inferred from the results, the well-mixed model tends to overpredict the concentration in the source zone, and under-predict the concentration in the exposed zone. The results are very useful to illustrate that the well-mixed assumption must be applied cautiously for exposure assessments as such an ideal condition may not be applied for coarse particles.",
   "publish_time": "2008-03-31",
   "authors": [
      "Lai, Alvin C.K.",
      "Wang, K.",
      "Chen, F.Z."
   ],
   "journal": "Atmospheric Environment",
   "has_full_text": "True",
   "full_text_file": "custom_license",
   "id": "https://doi.org/10.1016/j.atmosenv.2007.11.030",
   "fhir_link": [
      "PMC/Composition/3f88fe929bb54a411f401c1af50b1021958bf74c"
   ]
}