{
   "sha": "d70a02656dc9c67958c11891e30e0c9022e5c65c",
   "source_x": "Elsevier",
   "title": "SJL/J resistance to mouse hepatitis virus-JHM-induced neurologic disease can be partially overcome by viral variants of S and host immunosuppression",
   "doi": "10.1016/0882-4010(92)90027-L",
   "pubmed_id": "1331698",
   "license": "els-covid",
   "abstract": "Abstract The basis of the resistance of SJL/J mice to various strains of mouse hepatitis virus (MHV) has been the subject of some debate, especially as it relates to the number and nature of the determinants involved. Our previous work demonstrated that resistance by primary SJL/J glial cultures may involve events subsequent to viral gene expression, possibly due to a defect in cell-to-cell spread of the infection. Since S, the virion's major spike glycoprotein, is known to facilitate the spread of infection due to its syncytiogenic properties, we decided to investigate the role of this viral structural protein in resistance by primary SJL/J glial cells. Variants possessing deletions within the S coding region were able to grow in SJL/J glial cells 10\u2013100 times easier and fuse five-times more efficiently than wt virus. Induction of neurologic disease in SJL/J mice following intracranial inoculation with either wt JHMV or the S deletion variant, AT11f cord, was age-dependent, occurring only in animals inoculated under 4 weeks of age. Resistance in older animals to wt and variant viruses could be abrogated by immunosuppression with cyclosporin A. However, both disease incidence and viral brain titers were higher in animals receiving the JHM variant AT11f cord virus, suggesting that SJL/J resistance to neurologic disease may manifest itself through interactions between inefficient cell-to-cell spread of the infection and protective aspects of the immune response.",
   "publish_time": "1992-07-31",
   "authors": [
      "Pasick, John M.M.",
      "Wilson, Greame A.R.",
      "Morris, Vincent L.",
      "Dales, Samuel"
   ],
   "journal": "Microbial Pathogenesis",
   "has_full_text": "True",
   "full_text_file": "custom_license",
   "id": "https://doi.org/10.1016/0882-4010(92)90027-L",
   "fhir_link": [
      "PMC/Composition/d70a02656dc9c67958c11891e30e0c9022e5c65c"
   ]
}