{
   "sha": "5ad06be75e9c306aa10fea704f93d4ba90623a15",
   "source_x": "Elsevier",
   "title": "Random-peptide libraries and antigen-fragment libraries for epitope mapping and the development of vaccines and diagnostics",
   "doi": "10.1016/S1367-5931(00)00208-8",
   "pubmed_id": "11479124",
   "license": "els-covid",
   "abstract": "Abstract Random peptide libraries and antigen-fragment libraries (also known as gene-fragment libraries) have been used to identify epitopes on protein antigens. These technologies promise to make significant contributions to diagnostic and vaccine development. Researchers in a number of labs have shown that phage selected from libraries with protective antibodies, raised against whole antigen, can be used as immunogens to stimulate antibody responses that bind native antigen and provide protection in vivo. Others have used the sera of patients with idiopathic diseases to screen libraries, and by this approach have identified candidate antigens involved in immune disease. These may prove useful for diagnosis and, possibly, in determining disease etiology.",
   "publish_time": "2001-06-01",
   "authors": [
      "Irving, Melita B",
      "Pan, Oscar",
      "Scott, Jamie K"
   ],
   "journal": "Current Opinion in Chemical Biology",
   "has_full_text": "True",
   "full_text_file": "custom_license",
   "id": "https://doi.org/10.1016/S1367-5931(00)00208-8",
   "fhir_link": [
      "PMC/Composition/5ad06be75e9c306aa10fea704f93d4ba90623a15"
   ]
}