{
   "sha": "bedb16f39af61aeff8c85e8943428937ab69379b",
   "source_x": "Elsevier",
   "title": "Epidemiologic report and serologic findings for household contacts of three cases of influenza A (H7N9) virus infection",
   "doi": "10.1016/j.jcv.2013.12.004",
   "pubmed_id": "24388209",
   "license": "els-covid",
   "abstract": "Abstract Background and objective We conducted epidemiologic investigations and serologic assays on household contacts that were extensively exposed to three influenza A (H7N9) virus infected case-patients before infection-control practices were implemented. Study design Data on the early clinical course of each patient and the exposure history for each patient's household contacts were obtained by interviewing household members and by reviewing medical records. Viral RNA in patient samples was tested using real-time reverse transcriptase polymerase chain reaction assay. Antibodies against H7N9 virus in serum samples were tested using hemagglutination inhibition and pseudovirus based neutralization assays. Results All household contacts were extensively exposed to the case-patients without the use of measures to protect against infection. Viral RNA was detected in the specimens from case-patients for approximately 7\u201311 days after confirmation of infection. However, the results of the analyses of serum specimens taken from the household contacts 15\u201326 days post exposure revealed no evidence of transmission of H7N9 virus from the case-patients to the contacts. Conclusion Despite ample unprotected exposures to case-patients during the virus shedding period, household members in this report were not infected by the H7N9 virus.",
   "publish_time": "2014-02-28",
   "authors": [
      "Qiu, Chao",
      "Yuan, Songhua",
      "Tian, Di",
      "Yang, Yu",
      "Zhang, Anli",
      "Chen, Qingguo",
      "Wan, Yanmin",
      "Song, Zhigang",
      "He, Jing",
      "Li, Liangzhu",
      "Sun, Jun",
      "Zhou, Mingzhe",
      "Qiu, Chenli",
      "Zhang, Zhiyong",
      "Lu, Shuihua",
      "Zhang, Xiaoyan",
      "Hu, Yunwen",
      "Xu, Jianqing"
   ],
   "journal": "Journal of Clinical Virology",
   "has_full_text": "True",
   "full_text_file": "custom_license",
   "id": "https://doi.org/10.1016/j.jcv.2013.12.004",
   "fhir_link": [
      "PMC/Composition/bedb16f39af61aeff8c85e8943428937ab69379b"
   ]
}