{
   "sha": "37f71b88b0091fb0d6232dd9e8ee4cfd7c3b6f64",
   "source_x": "Elsevier",
   "title": "Comparison of the Biofire FilmArray Respiratory Panel, Seegene AnyplexII RV16, and Argene for the detection of respiratory viruses",
   "doi": "10.1016/j.jcv.2018.07.002",
   "pubmed_id": "30007137",
   "license": "els-covid",
   "abstract": "Abstract Background Respiratory infections are common reasons for hospital admission, and are associated with enormous economic burden due to significant morbidity and mortality. The wide spectrum of microbial agents underlying the pathology renders the diagnosis of respiratory infections challenging. Molecular diagnostics offer an advantage to the current serological and culture-based methods in terms of sensitivity, coverage, hands-on time, and time to results. Objectives This study aimed to compare the clinical performance of three commercial kits for respiratory viral detection. Study design The performance of FilmArray Respiratory Panel, AnyplexII RV16, and Argene was compared using clinical respiratory samples (n = 224, comprising 189 nasopharyngeal swabs in Universal Transport Medium (UTM) and 35 endotracheal aspirates), based on common overlapping targets across the platforms. Influenza A \u201cequivocal\u201d and \u201cno-subtype\u201d samples by FilmArray were further compared to a laboratory-developed Influenza A/B test. Results and Conclusions The overall performance of all three platforms appeared to be comparable with regards to sensitivities (95.8\u201397.9%) and specificities (96.1\u201398.0%), detection of coinfections, and distinguishment of influenza from non-influenza cases. \u201cEquivocal\u201d and \u201cno-subtype\u201d samples by FilmArray mostly represented weak Influenza A by laboratory-developed test. Lower respiratory tract samples had comparable final-run success-rates and discordant-rates as compared to UTM. Coronavirus HKU1, which was not targeted by AnyplexII RV16, were detected as OC43. The expected test volume would be the main determinant for the selection of platform. Among the platforms, the FilmArray is the most automated but is of the lowest-throughput and has the highest reagent cost.",
   "publish_time": "2018-09-30",
   "authors": [
      "Chan, Maurice",
      "Koo, Seok Hwee",
      "Jiang, Boran",
      "Lim, Pei Qi",
      "Tan, Thean Yen"
   ],
   "journal": "Journal of Clinical Virology",
   "has_full_text": "True",
   "full_text_file": "custom_license",
   "id": "https://doi.org/10.1016/j.jcv.2018.07.002",
   "fhir_link": [
      "PMC/Composition/37f71b88b0091fb0d6232dd9e8ee4cfd7c3b6f64"
   ]
}