{
   "sha": "281d49eab4774aec1bba87d7f0f602a84b2bedf9",
   "source_x": "Elsevier",
   "title": "Do adaptive immune cells suppress or activate innate immunity?",
   "doi": "10.1016/j.it.2008.10.003",
   "license": "els-covid",
   "abstract": "Current dogma holds that the innate immune system primes the adaptive immune system in response to infection, which in turn amplifies innate responses in a positive loop to effectively control pathogens. Therefore, it is accepted in most cases that T-cell deficient hosts die of acute infection because of the impaired ability of the innate immune system to control pathogens. Recent studies, however, reveal that adaptive immune cells actively dampen initial innate responses. In contrast to current understanding, there is now evidence that an insufficient number of T cells results in loss of control of innate immune responses. This raises new questions regarding the, as of yet underappreciated, role of the adaptive immune system in early infection and inflammation.",
   "publish_time": "2009-01-31",
   "authors": [
      "Zhao, Jie",
      "Yang, Xuanming",
      "Auh, Sogyong L.",
      "Kim, Kwang Dong",
      "Tang, Hong",
      "Fu, Yang-Xin"
   ],
   "journal": "Trends in Immunology",
   "has_full_text": "True",
   "full_text_file": "custom_license",
   "id": "https://doi.org/10.1016/j.it.2008.10.003",
   "fhir_link": [
      "PMC/Composition/281d49eab4774aec1bba87d7f0f602a84b2bedf9"
   ]
}