{
   "sha": "60586ffc8da35eec0ddc21d5ea30e14a1f2ef4a9",
   "source_x": "Elsevier",
   "title": "Epstein\u2013Barr Virus in Multiple Sclerosis: Theory and Emerging Immunotherapies",
   "doi": "10.1016/j.molmed.2019.11.003",
   "pubmed_id": "31862243",
   "license": "els-covid",
   "abstract": "New treatments for multiple sclerosis (MS) focused on B cells have created an atmosphere of excitement in the MS community. B cells are now known to play a major role in disease, demonstrated by the highly impactful effect of a B cell-depleting antibody on controlling MS. The idea that a virus may play a role in the development of MS has a long history and is supported mostly by studies demonstrating a link between B cell-tropic Epstein\u2013Barr virus (EBV) and disease onset. Efforts to develop antiviral strategies for treating MS are underway. Although gaps remain in our understanding of the etiology of MS, the role, if any, of viruses in propagating pathogenic immune responses deserves attention.",
   "publish_time": "2020-03-31",
   "authors": [
      "Bar-Or, Amit",
      "Pender, Michael P.",
      "Khanna, Rajiv",
      "Steinman, Lawrence",
      "Hartung, Hans-Peter",
      "Maniar, Tap",
      "Croze, Ed",
      "Aftab, Blake T.",
      "Giovannoni, Gavin",
      "Joshi, Manher A."
   ],
   "journal": "Trends in Molecular Medicine",
   "has_full_text": "True",
   "full_text_file": "custom_license",
   "id": "https://doi.org/10.1016/j.molmed.2019.11.003",
   "fhir_link": [
      "PMC/Composition/60586ffc8da35eec0ddc21d5ea30e14a1f2ef4a9"
   ]
}