{
   "sha": "d12956c01090caa6f3bea52f2dd0212379c0478f",
   "source_x": "Elsevier",
   "title": "A systematic review of emerging respiratory viruses at the Hajj and possible coinfection with Streptococcus pneumoniae",
   "doi": "10.1016/j.tmaid.2018.04.007",
   "pubmed_id": "29673810",
   "license": "els-covid",
   "abstract": "Abstract Background The annual Hajj to the Kingdom of Saudi Arabia attracts millions of pilgrims from around the world. International health community's attention goes towards this mass gathering and the possibility of the development of any respiratory tract infections due to the high risk of acquisition of respiratory viruses. Method We searched MEDLINE/PubMed and Scopus databases for relevant papers describing the prevalence of respiratory viruses among Hajj pilgrims. Results The retrieved articles were summarized based on the methodology of testing for these viruses. A total of 31 studies were included in the quantitative/qualitative analyses. The main methods used for the diagnosis of most common respiratory viruses were polymerase chain reaction (PCR), culture and enzyme-linked immunosorbent assay (ELISA). Influenza, rhinovirus and parainfluenza were the most common viruses detected among pilgrims. Coronaviruses other than MERS-CoV were also detected among pilgrims. The acquisition of MERS-CoV remains very limited and systematic screening of pilgrims showed no infections. Conclusions Well conducted multinational follow-up studies using the same methodology of testing are necessary for accurate surveillance of respiratory viral infections among Hajj pilgrims. Post-Hajj cohort studies would further evaluate the impact of the Hajj on the acquisition of respiratory viruses.",
   "publish_time": "2018-06-30",
   "authors": [
      "Al-Tawfiq, Jaffar A.",
      "Benkouiten, Samir",
      "Memish, Ziad A."
   ],
   "journal": "Travel Medicine and Infectious Disease",
   "has_full_text": "True",
   "full_text_file": "custom_license",
   "id": "https://doi.org/10.1016/j.tmaid.2018.04.007",
   "fhir_link": [
      "PMC/Composition/d12956c01090caa6f3bea52f2dd0212379c0478f"
   ]
}