{
   "sha": "d75805d2a0050c05fd6386a281a40a4f1d670aad",
   "source_x": "Elsevier",
   "title": "CD4 T cell loss and Th2 and Th17 bias are associated with the severity of severe fever with thrombocytopenia syndrome (SFTS)",
   "doi": "10.1016/j.clim.2018.07.009",
   "pubmed_id": "30036637",
   "license": "els-covid",
   "abstract": "Abstract Severe fever with thrombocytopenia syndrome (SFTS) is a newly emerging infectious disease caused by a novel bunyavirus with high mortality. Immune suppression is thought to be crucial in disease progression. However, data on immune responses during SFTS are scarce. This study aimed to evaluate the changes in CD4 T-cell subsets throughout the entirety of infection and analyse their relationships with disease severity in SFTS patients. In parallel with CD4 T-cell depletion, decreased Th1, Th2 and Treg numbers, but comparable Th17-cell numbers, were observed in deceased patients compared with those in surviving patients. Additionally, increased Th2 and Th17-cell percentages in the residual CD4 T-cell population led to aberrant Th2/Th1 and Th17/Treg ratios, which were positively correlated with disease severity. Collectively, our data indicated that CD4 T-cell deficiency, Th2 and Th17 bias were closely correlated with the severity of SFTS, indicating therapeutic potential of early immune interventions to ameliorate disease severity.",
   "publish_time": "2018-10-31",
   "authors": [
      "Li, Meng-Meng",
      "Zhang, Wen-Jing",
      "Weng, Xiu-Fang",
      "Li, Ming-Yue",
      "Liu, Jia",
      "Xiong, Yan",
      "Xiong, Shu-E",
      "Zou, Cong-Cong",
      "Wang, Hua",
      "Lu, Meng-ji",
      "Yang, Dong-Liang",
      "Peng, Cheng",
      "Zheng, Xin"
   ],
   "journal": "Clinical Immunology",
   "has_full_text": "True",
   "full_text_file": "custom_license",
   "id": "https://doi.org/10.1016/j.clim.2018.07.009",
   "fhir_link": [
      "PMC/Composition/d75805d2a0050c05fd6386a281a40a4f1d670aad"
   ]
}