{
   "sha": "141642b67f075b89d40bea1fd758c1564c0a9334",
   "source_x": "Elsevier",
   "title": "Viruses and diarrhoea in West Africa and London: a collaborative study",
   "doi": "10.1016/0035-9203(78)90308-5",
   "pubmed_id": "635983",
   "license": "els-covid",
   "publish_time": "1978-12-31",
   "authors": [
      "Rowland, M.G.M.",
      "Davies, Heather",
      "Patterson, S.",
      "Dourmashkin, R.R.",
      "Tyrrell, D.A.J.",
      "Matthews, T.H.J.",
      "Parry, J.",
      "Hall, J.",
      "Larson, H.E."
   ],
   "journal": "Transactions of the Royal Society of Tropical Medicine and Hygiene",
   "has_full_text": "True",
   "full_text_file": "custom_license",
   "id": "https://doi.org/10.1016/0035-9203(78)90308-5",
   "fhir_link": [
      "PMC/Composition/141642b67f075b89d40bea1fd758c1564c0a9334"
   ]
}