{
   "sha": "8505c0003e0e05d9f4446ca800eb2d919a265e16",
   "source_x": "Elsevier",
   "title": "An Evidence-Based Approach to the Diagnosis and Management of Acute Respiratory Infections",
   "doi": "10.1016/j.nurpra.2007.08.004",
   "license": "els-covid",
   "abstract": "Abstract Acute respiratory infections (ARIs) are commonly experienced in primary care. Although most ARIs are viral in nature and resolve without treatment, nurse practitioners and other clinicians prescribe antibiotics for them 40% to 50% of the time. Thus, the purpose of this article is to review current evidence-based recommendations about the diagnosis and management of ARIs in adults.",
   "publish_time": "2007-10-31",
   "authors": [
      "Hart, Ann Marie"
   ],
   "journal": "The Journal for Nurse Practitioners",
   "has_full_text": "True",
   "full_text_file": "custom_license",
   "id": "https://doi.org/10.1016/j.nurpra.2007.08.004",
   "fhir_link": [
      "PMC/Composition/8505c0003e0e05d9f4446ca800eb2d919a265e16"
   ]
}