{
   "sha": "97ea7a298c8cc33b65c3aad7cb3e9cbc539e3c9c",
   "source_x": "Elsevier",
   "title": "Arenavirus genetic diversity and its biological implications",
   "doi": "10.1016/j.meegid.2009.03.005",
   "pubmed_id": "19460307",
   "license": "els-covid",
   "abstract": "Abstract The Arenaviridae family currently comprises 22 viral species, each of them associated with a rodent species. This viral family is important both as tractable experimental model systems to study acute and persistent infections and as clinically important human pathogens. Arenaviruses are enveloped viruses with a bi-segmented negative-strand RNA genome. The interaction with the cellular receptor and subsequent entry into the host cell differs between Old World and New World arenavirus that use \u03b1-dystoglycan or human transferring receptor 1, respectively, as main receptors. The recent development of reverse genetic systems for several arenaviruses has facilitated progress in understanding the molecular biology and cell biology of this viral family, as well as opening new approaches for the development of novel strategies to combat human pathogenic arenaviruses. On the other hand, increased availability of genetic data has allowed more detailed studies on the phylogeny and evolution of arenaviruses. As with other riboviruses, arenaviruses exist as viral quasispecies, which allow virus adaptation to rapidly changing environments. The large number of different arenavirus host reservoirs and great genetic diversity among virus species provide the bases for the emergence of new arenaviruses potentially pathogenic for humans.",
   "publish_time": "2009-07-31",
   "authors": [
      "Emonet, Sebastien F.",
      "de la Torre, Juan C.",
      "Domingo, Esteban",
      "Sevilla, Noem\u00ed"
   ],
   "journal": "Infection, Genetics and Evolution",
   "has_full_text": "True",
   "full_text_file": "custom_license",
   "id": "https://doi.org/10.1016/j.meegid.2009.03.005",
   "fhir_link": [
      "PMC/Composition/97ea7a298c8cc33b65c3aad7cb3e9cbc539e3c9c"
   ]
}