{
   "sha": "f57ea3af8be491ddf35cfc5af7178997e12e928a",
   "source_x": "Elsevier",
   "title": "Novel hantavirus identified in European bat species Nyctalus noctula",
   "doi": "10.1016/j.meegid.2016.12.025",
   "pubmed_id": "28025098",
   "license": "els-covid",
   "abstract": "Abstract Hantaviruses are emerging RNA viruses that cause human diseases predominantly in Asia, Europe, and the Americas. Besides rodents, insectivores and bats serve as hantavirus reservoirs. We report the detection and genome characterization of a novel bat-borne hantavirus isolated from insectivorous common noctule bat. The newfound virus was tentatively named as Brno virus.",
   "publish_time": "2017-03-31",
   "authors": [
      "Strakov\u00e1, Petra",
      "Dufkova, Lucie",
      "\u0160irmarov\u00e1, Jana",
      "Sal\u00e1t, Ji\u0159\u00ed",
      "Bartoni\u010dka, Tom\u00e1\u0161",
      "Klempa, Boris",
      "Pfaff, Florian",
      "H\u00f6per, Dirk",
      "Hoffmann, Bernd",
      "Ulrich, Rainer G.",
      "R\u016f\u017eek, Daniel"
   ],
   "journal": "Infection, Genetics and Evolution",
   "has_full_text": "True",
   "full_text_file": "custom_license",
   "id": "https://doi.org/10.1016/j.meegid.2016.12.025",
   "fhir_link": [
      "PMC/Composition/f57ea3af8be491ddf35cfc5af7178997e12e928a"
   ]
}