{
   "sha": "aff6fda73b58ee764a3a9ca715e042a102342db1",
   "source_x": "Elsevier",
   "title": "Enhancement of autoantibody pathogenicity by viral infections in mouse models of anemia and thrombocytopenia",
   "doi": "10.1016/j.autrev.2004.11.010",
   "pubmed_id": "15893720",
   "license": "els-covid",
   "abstract": "Abstract Viral infections are involved in the pathogenesis of blood autoimmune diseases such as hemolytic anemia and thrombocytopenia. Although antigenic mimicry has been proposed as a major mechanism by which viruses could trigger the development of such diseases, it is not easy to understand how widely different viruses might induce these blood autoimmune diseases by this sole mechanism. In mice infected with lactate dehydrogenase-elevating virus (LDV), or mouse hepatitis virus, and treated with anti-erythrocyte or anti-platelet monoclonal autoantibodies at a dose insufficient to induce clinical disease by themselves, the infection sharply enhances the pathogenicity of autoantibodies, leading to severe anemia or thrombocytopenia. This effect is observed only with antibodies that induce disease through phagocytosis. Moreover, the phagocytic activity of macrophages from infected mice is increased and the enhancing effect of infection on autoantibody-mediated pathogenicity is strongly suppressed by treatment of mice with clodronate-containing liposomes. Finally, the disease induced by LDV after administration of autoantibodies is largely suppressed in animals deficient for gamma-interferon receptor. Together, these observations suggest that viruses may trigger autoantibody-mediated anemia or thrombocytopenia by activating macrophages through gamma-interferon production, a mechanism that may account for the pathogenic similarities of multiple infectious agents.",
   "publish_time": "2005-04-30",
   "authors": [
      "Musaji, Andrei",
      "Meite, Mory",
      "Detalle, Laurent",
      "Franquin, St\u00e9phanie",
      "Cormont, Fran\u00e7oise",
      "Pr\u00e9at, V\u00e9ronique",
      "Izui, Shozo",
      "Coutelier, Jean-Paul"
   ],
   "journal": "Autoimmunity Reviews",
   "has_full_text": "True",
   "full_text_file": "custom_license",
   "id": "https://doi.org/10.1016/j.autrev.2004.11.010",
   "fhir_link": [
      "PMC/Composition/aff6fda73b58ee764a3a9ca715e042a102342db1"
   ]
}