{
   "sha": "9137beeed62e9e74d024f692955ea5ed7f8ea79c",
   "source_x": "Elsevier",
   "title": "Cell biology of viruses that assemble along the biosynthetic pathway",
   "doi": "10.1016/1043-4682(92)90022-N",
   "pubmed_id": "1333835",
   "license": "els-covid",
   "abstract": "Abstract In this review we discuss five groups of viruses that bud into, or assemble from, different compartments along the biosynthetic pathway. These are herpes-, rota-, corona-, bunya- and poxviruses. Our main emphasis will be on the virally-encoded membrane glycoproteins that are responsible for determining the site of virus assembly. In a number of cases these proteins have been well characterized and appear to serve as resident markers of the budding compartments. The assembly and dissemination of these viruses raises many questions of cell biological interest.",
   "publish_time": "1992-10-31",
   "authors": [
      "Griffiths, Gareth",
      "Rottier, Peter"
   ],
   "journal": "Seminars in Cell Biology",
   "has_full_text": "True",
   "full_text_file": "custom_license",
   "id": "https://doi.org/10.1016/1043-4682(92)90022-N",
   "fhir_link": [
      "PMC/Composition/9137beeed62e9e74d024f692955ea5ed7f8ea79c"
   ]
}