{
   "sha": "24b0efbba4cf1b037021c9ff89aa528849fd9a09",
   "source_x": "Elsevier",
   "title": "Clinical Findings, Treatment and Prognosis in Patients with Severe Acute Respiratory Syndrome (SARS)",
   "doi": "10.1016/S1726-4901(09)70229-1",
   "pubmed_id": "15813242",
   "license": "els-covid",
   "publish_time": "2005-03-31",
   "authors": [
      "Chang, Shan-Chwen"
   ],
   "journal": "Journal of the Chinese Medical Association",
   "has_full_text": "True",
   "full_text_file": "custom_license",
   "id": "https://doi.org/10.1016/S1726-4901(09)70229-1",
   "fhir_link": [
      "PMC/Composition/24b0efbba4cf1b037021c9ff89aa528849fd9a09"
   ]
}