{
   "sha": "31c3f74777c16704751dde30c4c5a9495890bff6",
   "source_x": "Elsevier",
   "title": "R\u00f4le des animaux vert\u00e9br\u00e9s dans l\u2019\u00e9pid\u00e9miologie des zoonoses",
   "doi": "10.1016/S1773-035X(15)30110-6",
   "license": "els-covid",
   "abstract": "R\u00e9sum\u00e9 Les zoonoses, distingu\u00e9es ici des maladies humaines d\u2019origine animale, repr\u00e9sentent un ensemble d\u2019entit\u00e9s pathologiques dont les agents responsables circulent r\u00e9guli\u00e8rement entre l\u2019esp\u00e8ce humaine et de nombreuses esp\u00e8ces de vert\u00e9br\u00e9s. L\u2019analyse de divers exemples, quelles que soient les voies de transmission et les causes favorisantes de la contamination, met en avant une r\u00e9guli\u00e8re raret\u00e9 du passage direct du r\u00e9servoir animal vers l\u2019esp\u00e8ce humaine, \u00e0 opposer \u00e0 la diversit\u00e9 et surtout \u00e0 la gravit\u00e9 possible des \u00e9volutions sanitaires ult\u00e9rieures possibles, parfois li\u00e9es \u00e0 des comportements humains peu adapt\u00e9s. D\u2019un point de vue pratique, il semblerait plus pertinent de se pencher d\u2019abord sur un meilleur contr\u00f4le de la diffusion des agents pathog\u00e8nes au sein des populations humaines que d\u2019agir a priori sur le r\u00e9servoir animal, qu\u2019il soit domestique ou sauvage, source potentielle de ces agents pathog\u00e8nes mais selon des modalit\u00e9s difficiles \u00e0 anticiper. La relation entre biodiversit\u00e9 et sant\u00e9 est abord\u00e9e \u00e0 l\u2019occasion de la discussion. Summary Zoonoses, to be distinguished here from human diseases with an animal origin, represent a large quantity of pathological entities the corresponding pathogens of which are regularly shared between human beings and many different vertebrates species. Working on selected examples and situations, whatever the contamination routes and the facilitating reasons, puts into light a real rarity of a direct transmission from the animal reservoir to human beings. On the opposite, the diversity and the possible severity of some of the sanitary consequences, quite often in relation to human behaviours, must be stressed. On a practical point of view, it seems more adapted to try first to improve the control of pathogens diffusion within human populations after a contamination than to try to start to work first on the reservoir, be it domestic or wild, the potential source of these pathogens, but following routes quite difficult to anticipate. The relationship between biodiversity and health is discussed.",
   "publish_time": "2015-05-31",
   "authors": [
      "Moutou, Fran\u00e7ois"
   ],
   "journal": "Revue Francophone des Laboratoires",
   "has_full_text": "True",
   "full_text_file": "custom_license",
   "id": "https://doi.org/10.1016/S1773-035X(15)30110-6",
   "fhir_link": [
      "PMC/Composition/31c3f74777c16704751dde30c4c5a9495890bff6"
   ]
}