{
   "sha": "a97968e164a378d7dc2c8d9abe3215ec16213116",
   "source_x": "Elsevier",
   "title": "Le bocavirus humain (HboV) un nouveau pathogene respiratoire?",
   "doi": "10.1016/S1773-035X(06)80573-3",
   "license": "els-covid",
   "abstract": "Summary A new virus has been recently identified by molecular biology technics in respiratory samples collected from young children with respiratory disease. This virus is a new member of the Parvoviridae family and has been classified in the Bocavirus genus. This virus named human bocavirus (HboV) is genetically related to the bovine parvovirus and the canine minus virus that belong to the Bocavirus genus. Recent studies conducted in different countries showed that this virus is found in 3 to 10 % of children with respiratory disease worldwide with no real seasonal distribution and that it is frequently associated with other respiratory pathogens. Genetic analysis indicated that this virus probably includes only one type. The clinical signs are not different from those caused by other respiratory viruses. The exact role played by this virus in human diseases needs to be further investigated.",
   "publish_time": "2006-11-30",
   "authors": [
      "Foulongne, Vincent",
      "Segondy, Michel"
   ],
   "journal": "Revue Francophone des Laboratoires",
   "has_full_text": "True",
   "full_text_file": "custom_license",
   "id": "https://doi.org/10.1016/S1773-035X(06)80573-3",
   "fhir_link": [
      "PMC/Composition/a97968e164a378d7dc2c8d9abe3215ec16213116"
   ]
}