{
   "sha": "eb72baf3a35ca0c4d5622c8ddb18d52f718edeab",
   "source_x": "Elsevier",
   "title": "What are the most common domains of the core competencies of disaster nursing? A scoping review",
   "doi": "10.1016/j.ienj.2016.10.003",
   "pubmed_id": "28029612",
   "license": "els-covid",
   "abstract": "Abstract Aim Scoping review was conducted to identify the most common domains of the core competencies of disaster nursing. Background Nurses play an essential role in all phases of disaster management. For nurses to respond competently, they must be equipped with the skills to provide comprehensive and holistic care to the populations affected by or at risk of disasters. Methods A scoping review was conducted using the Joanna Briggs Institute methodology. The review used information from six databases: the Cumulative Index to Nursing and Allied Health Literature, Ovid MEDLINE, ScienceDirect, ProQuest, Scopus and the Education Resources Information Center. Keywords and inclusion and exclusion criteria were identified as strategies to use in this review. Results Twelve studies were eligible for result extraction, as they listed domains of the core competencies. These domains varied among studies. However, the most common domains were related to communication, planning, decontamination and safety, the Incident Command System and ethics. Conclusion Knowledge of the domains of the core competencies, such as understanding the content and location of the disaster plan, communication during disaster and ethical issues is fundamental for nurses. Including these domains in the planning and provision of training for nurses, such as disaster drills, will strengthen their preparedness to respond competently to disaster cases. Nurses must be involved in future research in this area to explore and describe their fundamental competencies in each domain.",
   "publish_time": "2017-03-31",
   "authors": [
      "Al Thobaity, Abdullelah",
      "Plummer, Virginia",
      "Williams, Brett"
   ],
   "journal": "International Emergency Nursing",
   "has_full_text": "True",
   "full_text_file": "custom_license",
   "id": "https://doi.org/10.1016/j.ienj.2016.10.003",
   "fhir_link": [
      "PMC/Composition/eb72baf3a35ca0c4d5622c8ddb18d52f718edeab"
   ]
}