{
   "sha": "57a2ab9bf78d82819e66e80543d0249d202f7142",
   "source_x": "Elsevier",
   "title": "Investigation on Flos Trollii: Constituents and bioactivities",
   "doi": "10.1016/S1875-5364(13)60083-7",
   "pubmed_id": "24359766",
   "license": "els-covid",
   "abstract": "Abstract Flos Trollii, the flowers of Trollius chinensis Bunge, has been widely used in Chinese and Mongolian medicine for its efficacy of heat-clearing and detoxification. This drug has both medicinal and edible applications, and has led to various pharmacognosy, natural product chemistry, and pharmacology studies. As a result, its chemical constituents and bioactivities have been well-characterized in recent years. Nevertheless, a couple of critical issues, such as the major effective components, are still unresolved. The present review summarizes research progress on this drug regarding the constituents and bioactivities based on investigations in these laboratories and the results reported in recent publications. In addition, the pending issues are discussed and constructive suggestions for further investigation are proposed.",
   "publish_time": "2013-09-30",
   "authors": [
      "YUAN, Ming",
      "WANG, Ru-Feng",
      "WU, Xiu-Wen",
      "AN, Yan-Nan",
      "YANG, Xiu-Wei"
   ],
   "journal": "Chinese Journal of Natural Medicines",
   "has_full_text": "True",
   "full_text_file": "custom_license",
   "id": "https://doi.org/10.1016/S1875-5364(13)60083-7",
   "fhir_link": [
      "PMC/Composition/57a2ab9bf78d82819e66e80543d0249d202f7142"
   ]
}