{
   "sha": "3afb14bd1fed732c0d10fdf937e65a503bcc18fd",
   "source_x": "Elsevier",
   "title": "Homeless problems in Taiwan: Looking beyond legality toward social issues",
   "doi": "10.1016/j.ccs.2010.10.005",
   "license": "els-covid",
   "abstract": "Abstract Encouraged by the public policy, citizens in Taiwan have traditionally enjoyed a high percentage of home ownership. Therefore, it has been perplexing and enigmatic to witness the growing homeless population sleeping outside in public areas in recent years. Public actions have been called for to deal with the problem. However, the approach of these public actions has depended on how the problem of homelessness has been defined. This paper presents a historical context of how homelessness has been presented in policy discourses. Further, on the basis of a survey conducted in 2004, this paper describes the profile of the homeless and discusses why the homeless began sleeping on the streets. Finally, an outreach worker narrates his story about working with the homeless in Taipei City, the capital of Taiwan. The paper also includes policy implications in terms of appropriate public actions to be taken in response to the homelessness problem in Taiwan.",
   "publish_time": "2010-09-30",
   "authors": [
      "Cheng, Li-Chen",
      "Yang, Yun-Sheng"
   ],
   "journal": "City, Culture and Society",
   "has_full_text": "True",
   "full_text_file": "custom_license",
   "id": "https://doi.org/10.1016/j.ccs.2010.10.005",
   "fhir_link": [
      "PMC/Composition/3afb14bd1fed732c0d10fdf937e65a503bcc18fd"
   ]
}