{
   "sha": "34e105ab9deb93879fcecf3147b9910a9346f1b3",
   "source_x": "Elsevier",
   "title": "Cross host transmission in the emergence of MERS coronavirus",
   "doi": "10.1016/j.coviro.2016.01.004",
   "pubmed_id": "26826951",
   "license": "els-covid",
   "abstract": "Coronaviruses (CoVs) able to infect humans emerge through cross-host transmission from animals. There is substantial evidence that the recent Middle East respiratory syndrome (MERS)-CoV outbreak is fueled by zoonotic transmission from dromedary camels. This is largely based on the fact that closely related viruses have been isolated from this but not any other animal species. Given the widespread geographical distribution of dromedaries found seropositive for MERS-CoV, continued transmission may likely occur in the future. Therefore, a further understanding of the cross host transmission of MERS-CoV is needed to limit the risks this virus poses to man.",
   "publish_time": "2016-02-29",
   "authors": [
      "Reusken, Chantal BEM",
      "Raj, V Stalin",
      "Koopmans, Marion P",
      "Haagmans, Bart L"
   ],
   "journal": "Current Opinion in Virology",
   "has_full_text": "True",
   "full_text_file": "custom_license",
   "id": "https://doi.org/10.1016/j.coviro.2016.01.004",
   "fhir_link": [
      "PMC/Composition/34e105ab9deb93879fcecf3147b9910a9346f1b3"
   ]
}