{
   "sha": "30301bcd3567e19053512074c2448762cc032e1f",
   "source_x": "Elsevier",
   "title": "Chapter Three Nucleic Acid Induced Interferon and Inflammasome Responses in Regulating Host Defense to Gastrointestinal Viruses",
   "doi": "10.1016/bs.ircmb.2018.08.003",
   "pubmed_id": "30904192",
   "license": "els-covid",
   "abstract": "Abstract The gut bacterial and fungal communities residing in the gastrointestinal tract have undisputed far-reaching effects in regulating host health. In the meantime, however, metagenomic sequencing efforts are revealing enteric viruses as the most abundant dimension of the intestinal gut ecosystem, and the first gut virome-wide association studies showed that inflammatory bowel disease as well as type 1 diabetes could be linked to the presence or absence of particular viral inhabitants in the intestine. In line with the genetic component of these human diseases, mouse model studies demonstrated how beneficial functions of a resident virus can switch to detrimental inflammatory effects in a genetically predisposed host. Such viral-induced intestinal immune disturbances are also recapitulated by several gastrointestinal infectious viruses such as rotavirus and human norovirus. This wide range of viral effects on intestinal immunity emphasizes the need for understanding the innate immune responses to gastrointestinal viruses. Numerous nucleic acid sensors such as DexD/H helicases and AIM2 serve as cytosolic viral guardians to induce antiviral interferon and/or pro-inflammatory inflammasome responses. In both cases, pioneering examples are emerging in which RNA helicases cooperate with particular Nod-like receptors to trigger these cellular responses to enteric viruses. Here we summarize the reported beneficial versus detrimental effects of enteric viruses in the intestinal immune system, and we zoom in on the mechanisms through which sensing of nucleic acids from these enteric viruses trigger interferon and inflammasome responses.",
   "publish_time": "2019-12-31",
   "authors": [
      "Dubois, Hanne",
      "van Loo, Geert",
      "Wullaert, Andy"
   ],
   "journal": "International Review of Cell and Molecular Biology",
   "has_full_text": "True",
   "full_text_file": "custom_license",
   "id": "https://doi.org/10.1016/bs.ircmb.2018.08.003",
   "fhir_link": [
      "PMC/Composition/30301bcd3567e19053512074c2448762cc032e1f"
   ]
}