{
   "sha": "860bb15cdc78951e8938717c608a529edf85ae8f",
   "source_x": "Elsevier",
   "title": "Wheezing in children: Approaches to diagnosis and management",
   "doi": "10.1016/j.ijpam.2019.02.003",
   "license": "els-covid",
   "publish_time": "2019-06-30",
   "authors": [
      "Al-Shamrani, Abdullah",
      "Bagais, Khalid",
      "Alenazi, Ayed",
      "Alqwaiee, Mansour",
      "Al-Harbi, Adel S."
   ],
   "journal": "International Journal of Pediatrics and Adolescent Medicine",
   "has_full_text": "True",
   "full_text_file": "custom_license",
   "id": "https://doi.org/10.1016/j.ijpam.2019.02.003",
   "fhir_link": [
      "PMC/Composition/860bb15cdc78951e8938717c608a529edf85ae8f"
   ]
}