{
   "sha": "2d395f50350d4e4168e791f73a202c3f8a27d7f5",
   "source_x": "Elsevier",
   "title": "Chapter 39 Ophthalmologic Diseases in Small Pet Mammals",
   "doi": "10.1016/B0-72-169377-6/50041-1",
   "license": "els-covid",
   "publish_time": "2004-12-31",
   "authors": [
      "van der Woerdt, Alexandra"
   ],
   "journal": "Ferrets, Rabbits, and Rodents",
   "has_full_text": "True",
   "full_text_file": "custom_license",
   "id": "https://doi.org/10.1016/B0-72-169377-6/50041-1",
   "fhir_link": [
      "PMC/Composition/2d395f50350d4e4168e791f73a202c3f8a27d7f5"
   ]
}