{
   "sha": "9f750562dd90551bc2e6ab3d190eb172fef863af",
   "source_x": "Elsevier",
   "title": "Chapter 19 Disorders of Foals",
   "doi": "10.1016/B0-72-169777-1/50021-4",
   "license": "els-covid",
   "publish_time": "2004-12-31",
   "authors": [
      "Wilkins, Pamela A."
   ],
   "journal": "Equine Internal Medicine",
   "has_full_text": "True",
   "full_text_file": "custom_license",
   "id": "https://doi.org/10.1016/B0-72-169777-1/50021-4",
   "fhir_link": [
      "PMC/Composition/9f750562dd90551bc2e6ab3d190eb172fef863af"
   ]
}