{
   "source_x": "WHO",
   "title": "First Case of 2019 Novel Coronavirus in the United States",
   "doi": "10.1056/NEJMoa2001191",
   "license": "unk",
   "abstract": "On January 19, 2020, a 35-year-old man presented to an urgent care clinic in Snohomish County, Washington, with a 4-day history of cough and subjective fever. On checking into the clinic, the patient put on a mask in the waiting room. After waiting approximately 20 minutes, he was taken into an examination room and underwent evaluation by a provider. He disclosed that he had returned to Washington State on January 15 after traveling to visit family in Wuhan, China. The patient stated that he had seen a health alert from the U.S. Centers for Disease Control and Prevention (CDC) about the novel coronavirus outbreak in China and, because of his symptoms and recent travel, decided to see a health care provider.",
   "publish_time": "2020-03-05",
   "authors": [
      "Holshue, Michelle L.",
      "DeBolt, Chas",
      "Lindquist, Scott",
      "Lofy, Kathy H.",
      "Wiesman, John",
      "Bruce, Hollianne",
      "Spitters, Christopher",
      "Ericson, Keith",
      "Wilkerson, Sara",
      "Tural, Ahmet",
      "Diaz, George",
      "Cohn, Amanda",
      "Fox, LeAnne",
      "Patel, Anita",
      "Gerber, Susan I.",
      "Kim, Lindsay",
      "Tong, Suxiang",
      "Lu, Xiaoyan",
      "Lindstrom, Steve",
      "Pallansch, Mark A.",
      "Weldon, William C.",
      "Biggs, Holly M.",
      "Uyeki, Timothy M.",
      "Pillai, Satish K."
   ],
   "journal": "New England Journal of Medicine",
   "Microsoft Academic Paper ID": "3003465021",
   "WHO #Covidence": "#127",
   "has_full_text": "False",
   "id": "https://doi.org/10.1056/NEJMoa2001191"
}