{
   "source_x": "WHO",
   "title": "Era of molecular diagnosis for pathogen identification of unexplained pneumonia, lessons to be learned",
   "doi": "10.1080/22221751.2020.1738905",
   "license": "unk",
   "abstract": "Unexplained pneumonia (UP) caused by a novel coronavirus SARS-CoV-2 (severe acute respiratory syndrome coronavirus 2) emerged in China in late December 2019 and has infected more than 9000 cases by 31 January 2020. Shanghai reported the first imported case of COVID-19 (Coronavirus Disease 2019) in 20 January 2020. A combinative approach of real-time RT-PCR, CRISPR-based assay and metagenomic next-generation sequencing (mNGS) were used to diagnose this unexplained pneumonia patient. Real-time RT-PCR and CRISPR-based assay both reported positive. This sample belonged to Betacoronavirus and shared a more than 99% nucleotide (nt) identity with the Wuhan SARS-CoV-2 isolates. We further compared pros and cons of common molecular diagnostics in UP. In this study, we illustrated the importance of combining molecular diagnostics to rule out common pathogens and performed mNGS to obtain unbiased potential pathogen result for the diagnosis of UP.",
   "publish_time": "2020-01-01",
   "authors": [
      "Ai, Jing-Wen",
      "Zhang, Yi",
      "Zhang, Hao-Cheng",
      "Xu, Teng",
      "Zhang, Wen-Hong"
   ],
   "journal": "Emerging Microbes & Infections",
   "WHO #Covidence": "#8830",
   "has_full_text": "False",
   "id": "https://doi.org/10.1080/22221751.2020.1738905"
}