{
   "source_x": "WHO",
   "title": "Covid-19: 90% of cases will hit NHS over nine week period, chief medical officer warns",
   "doi": "10.1136/bmj.m918",
   "license": "unk",
   "abstract": "Nearly all covid-19 cases will hit the NHS in a \u201cheavily concentrated\u201d burst, with 50% of cases predicted to happen over a three week period and 90% over nine weeks, says the chief medical officer for England, Chris Whitty.Speaking to the Health and Social Care Committee on 5 March, Whitty said that the NHS would be put under huge pressure and would have to push some routine care to before or after the expected peak of cases.Adding more detail to the government\u2019s suggestion1 that retired doctors could be called \u201cback to duty,\u201d he said that doctors who had retired in the past two to three years would be considered and that he was \u201cconfident\u201d that many would \u2026",
   "publish_time": "2020-03-05",
   "authors": [
      "Mahase, Elisabeth"
   ],
   "journal": "BMJ",
   "Microsoft Academic Paper ID": "2197453954",
   "WHO #Covidence": "#4499",
   "has_full_text": "False",
   "id": "https://doi.org/10.1136/bmj.m918"
}