{
   "source_x": "WHO",
   "title": "Detection of Novel Coronavirus by RT-PCR in Stool Specimen from Asymptomatic Child, China",
   "doi": "10.3201/eid2606.200301",
   "pubmed_id": "32150527",
   "license": "unk",
   "abstract": "We report an asymptomatic child who was positive for a 2019 novel coronavirus by reverse transcription PCR in a stool specimen 17 days after the last virus exposure. The child was virus positive in stool specimens for at least an additional 9 days. Respiratory tract specimens were negative by reverse transcription PCR.",
   "publish_time": "2020-06-01",
   "authors": [
      "Tang, An",
      "Tong, Zhen-Dong",
      "Wang, Hong-Ling",
      "Dai, Ya-Xin",
      "Li, Ke-Feng",
      "Liu, Jie-Nan",
      "Wu, Wen-Jie",
      "Yuan, Chen",
      "Yu, Meng-Lu",
      "Li, Peng",
      "Yan, Jian-Bo"
   ],
   "journal": "Emerging Infectious Diseases",
   "WHO #Covidence": "#5641",
   "has_full_text": "False",
   "id": "https://doi.org/10.3201/eid2606.200301"
}