{
   "sha": "85604d61ee185e1dd29c2fd119ff99b760ea90ef",
   "source_x": "Elsevier",
   "title": "Morphogenesis of a virus in cats with experimental feline infectious peritonitis",
   "doi": "10.1016/0042-6822(70)90070-X",
   "pubmed_id": "4986314",
   "license": "els-covid",
   "publish_time": "1970-05-31",
   "authors": [
      "Ward, Jerrold M."
   ],
   "journal": "Virology",
   "has_full_text": "True",
   "full_text_file": "custom_license",
   "id": "https://doi.org/10.1016/0042-6822(70)90070-X",
   "fhir_link": [
      "PMC/Composition/85604d61ee185e1dd29c2fd119ff99b760ea90ef"
   ]
}