{
   "source_x": "WHO",
   "title": "Screening and management of asymptomatic infection of corona virus disease 2019 (COVID-19)",
   "doi": "10.3760/cma.j.cn112150-20200229-00220",
   "pubmed_id": "32145719",
   "license": "unk",
   "abstract": "To date, the controlling of outbreak of corona virus disease 2019 (COVID-19) has entered into a critical period in China. Recently, work resumption and public place is planning to open outside of Hubei, suggesting an uncertain and complex development of the epidemic in the next stage. Few days ago, we conducted a study on the epidemiological and clinical characteristics of asymptomatic infections of COVID-19, and found them might be the infection source. We believe that the findings are critical for developing public health intervention strategies for controlling COVID-19 infection in the future. Screening among the high-risk population and improving the sensitivity of measurement may contribute to the detection and management of asymptomatic infection.",
   "publish_time": "2020",
   "authors": [
      "Hu, Z. B.",
      "Ci, C."
   ],
   "journal": "Zhonghua Yu Fang Yi Xue Za Zhi",
   "WHO #Covidence": "#5767",
   "has_full_text": "False",
   "id": "https://doi.org/10.3760/cma.j.cn112150-20200229-00220"
}