{
   "source_x": "WHO",
   "title": "A case report of neonatal COVID-19 infection in China | Clinical Infectious Diseases | Oxford Academic",
   "license": "unk",
   "abstract": "Abstract In December 2019, the 2019 novel coronavirus disease (COVID-19) caused by SARS-CoV-2 emerged in China and now has spread in many countries. Pregnant women are susceptible population of COVID-19 which are more likely to have complications and even progresse to severe illness. We report a case of neonatal COVID-19 infection in China with pharyngeal swabs tested positive by rRT-PCR assay 36 hours after birth. However, whether the case is a vertical transmission from mother to child remains to be confirmed.",
   "journal": "Clinical Infectious Diseases",
   "WHO #Covidence": "#7931",
   "has_full_text": "False"
}