{
   "source_x": "WHO",
   "title": "Opinions on the corona virus disease 2019",
   "license": "unk",
   "abstract": "The corona&nbsp;virus&nbsp;disease&nbsp;2019 (COVID-19) has drawn much attention lately. It has the characteristics of hidden infection sources, diverse transmission channels, great differences in clinical characteristics and limited diagnostic methods. Additionally, the population is generally susceptible, and no specific medicines are available now, therefore, the prevention and control of the disease faces greater challenges. Mastering the characteristics of it for comprehensive prevention and control is the main strategy against the disease. This article systematically expounded the latest understanding of the disease.",
   "publish_time": "2020",
   "authors": [
      "WANG, Yubo",
      "HE, Yong"
   ],
   "journal": "Chongqing Medicine",
   "WHO #Covidence": "#6042",
   "has_full_text": "False"
}