{
   "sha": "10e691d6bf9cfc219bb72a2761d37ae5f1677f77",
   "source_x": "PMC",
   "title": "Croup Is Associated with the Novel Coronavirus NL63",
   "doi": "10.1371/journal.pmed.0020240",
   "pmcid": "PMC1188248",
   "pubmed_id": "16104827",
   "license": "cc-by",
   "abstract": "BACKGROUND: The clinical relevance of infections with the novel human coronavirus NL63 (HCoV-NL63) has not been investigated systematically. We therefore determined its association with disease in young children with lower respiratory tract infection (LRTI). METHODS AND FINDINGS: Nine hundred forty-nine samples of nasopharyngeal secretions from children under 3 y of age with LRTIs were analysed by a quantitative HCoV-NL63-specific real-time PCR. The samples had been collected from hospitalised patients and outpatients from December 1999 to October 2001 in four different regions in Germany as part of the prospective population-based PRI.DE study and analysed for RNA from respiratory viruses. Forty-nine samples (5.2%), mainly derived from the winter season, were positive for HCoV-NL63 RNA. The viral RNA was more prevalent in samples from outpatients (7.9%) than from hospitalised patients (3.2%, p = 0.003), and co-infection with either respiratory syncytial virus or parainfluenza virus 3 was observed frequently. Samples in which only HCoV-NL63 RNA could be detected had a significantly higher viral load than samples containing additional respiratory viruses (median 2.1 \u00d7 10(6) versus 2.7 \u00d7 10(2) copies/ml, p = 0.0006). A strong association with croup was apparent: 43% of the HCoV-NL63-positive patients with high HCoV-NL63 load and absence of co-infection suffered from croup, compared to 6% in the HCoV-NL63-negative group, p < 0.0001. A significantly higher fraction (17.4%) of samples from croup patients than from non-croup patients (4.2%) contained HCoV-NL63 RNA. CONCLUSION: HCoV-NL63 infections occur frequently in young children with LRTI and show a strong association with croup, suggesting a causal relationship.",
   "publish_time": "2005 Aug 23",
   "authors": [
      "van der Hoek, Lia",
      "Sure, Klaus",
      "Ihorst, Gabriele",
      "Stang, Alexander",
      "Pyrc, Krzysztof",
      "Jebbink, Maarten F",
      "Petersen, Gudula",
      "Forster, Johannes",
      "Berkhout, Ben",
      "\u00dcberla, Klaus"
   ],
   "journal": "PLoS Med",
   "has_full_text": "True",
   "full_text_file": "comm_use_subset",
   "id": "https://doi.org/10.1371/journal.pmed.0020240",
   "pubtator": "PMC1188248",
   "fhir_link": [
      "Commercial/Composition/10e691d6bf9cfc219bb72a2761d37ae5f1677f77"
   ]
}