{
   "sha": "e7df6e6b00213948f60923cd0c111d58ffdfda00",
   "source_x": "PMC",
   "title": "Nonhuman Primate Models for SARS",
   "doi": "10.1371/journal.pmed.0030194",
   "pmcid": "PMC1435785",
   "pubmed_id": "16608385",
   "license": "cc-by",
   "abstract": "Osterhaus and Haagmans discuss a new study in PLoS Medicine that supports the use of the cynomolgus macaque model to study SARS pathogenesis and to test intervention strategies.",
   "publish_time": "2006 May 18",
   "authors": [
      "Haagmans, Bart L",
      "Osterhaus, Albert D. M. E"
   ],
   "journal": "PLoS Med",
   "has_full_text": "True",
   "full_text_file": "comm_use_subset",
   "id": "https://doi.org/10.1371/journal.pmed.0030194",
   "pubtator": "PMC1435785",
   "fhir_link": [
      "Commercial/Composition/e7df6e6b00213948f60923cd0c111d58ffdfda00"
   ]
}