{
   "sha": "0e1c072b035756104151484e6548cac0517cc5f2",
   "source_x": "PMC",
   "title": "Synonym set extraction from the biomedical literature by lexical pattern discovery",
   "doi": "10.1186/1471-2105-9-159",
   "pmcid": "PMC2335115",
   "pubmed_id": "18366721",
   "license": "cc-by",
   "abstract": "BACKGROUND: Although there are a large number of thesauri for the biomedical domain many of them lack coverage in terms and their variant forms. Automatic thesaurus construction based on patterns was first suggested by Hearst [1], but it is still not clear how to automatically construct such patterns for different semantic relations and domains. In particular it is not certain which patterns are useful for capturing synonymy. The assumption of extant resources such as parsers is also a limiting factor for many languages, so it is desirable to find patterns that do not use syntactical analysis. Finally to give a more consistent and applicable result it is desirable to use these patterns to form synonym sets in a sound way. RESULTS: We present a method that automatically generates regular expression patterns by expanding seed patterns in a heuristic search and then develops a feature vector based on the occurrence of term pairs in each developed pattern. This allows for a binary classifications of term pairs as synonymous or non-synonymous. We then model this result as a probability graph to find synonym sets, which is equivalent to the well-studied problem of finding an optimal set cover. We achieved 73.2% precision and 29.7% recall by our method, out-performing hand-made resources such as MeSH and Wikipedia. CONCLUSION: We conclude that automatic methods can play a practical role in developing new thesauri or expanding on existing ones, and this can be done with only a small amount of training data and no need for resources such as parsers. We also concluded that the accuracy can be improved by grouping into synonym sets.",
   "publish_time": "2008 Mar 24",
   "authors": [
      "McCrae, John",
      "Collier, Nigel"
   ],
   "journal": "BMC Bioinformatics",
   "has_full_text": "True",
   "full_text_file": "comm_use_subset",
   "id": "https://doi.org/10.1186/1471-2105-9-159",
   "pubtator": "PMC2335115",
   "fhir_link": [
      "Commercial/Composition/0e1c072b035756104151484e6548cac0517cc5f2"
   ]
}