{
   "sha": "402fd2b6ffd34c3d1fb4aca45d84bd7079284d99",
   "source_x": "PMC",
   "title": "Sampling for Global Epidemic Models and the Topology of an International Airport Network",
   "doi": "10.1371/journal.pone.0003154",
   "pmcid": "PMC2522280",
   "pubmed_id": "18776932",
   "license": "cc-by",
   "abstract": "Mathematical models that describe the global spread of infectious diseases such as influenza, severe acute respiratory syndrome (SARS), and tuberculosis (TB) often consider a sample of international airports as a network supporting disease spread. However, there is no consensus on how many cities should be selected or on how to select those cities. Using airport flight data that commercial airlines reported to the Official Airline Guide (OAG) in 2000, we have examined the network characteristics of network samples obtained under different selection rules. In addition, we have examined different size samples based on largest flight volume and largest metropolitan populations. We have shown that although the bias in network characteristics increases with the reduction of the sample size, a relatively small number of areas that includes the largest airports, the largest cities, the most-connected cities, and the most central cities is enough to describe the dynamics of the global spread of influenza. The analysis suggests that a relatively small number of cities (around 200 or 300 out of almost 3000) can capture enough network information to adequately describe the global spread of a disease such as influenza. Weak traffic flows between small airports can contribute to noise and mask other means of spread such as the ground transportation.",
   "publish_time": "2008 Sep 8",
   "authors": [
      "Bobashev, Georgiy",
      "Morris, Robert J.",
      "Goedecke, D. Michael"
   ],
   "journal": "PLoS One",
   "has_full_text": "True",
   "full_text_file": "comm_use_subset",
   "id": "https://doi.org/10.1371/journal.pone.0003154",
   "pubtator": "PMC2522280",
   "fhir_link": [
      "Commercial/Composition/402fd2b6ffd34c3d1fb4aca45d84bd7079284d99"
   ]
}