{
   "sha": "d73eaecdf6e03c65d962791c98563c8a7d5cf79a",
   "source_x": "PMC",
   "title": "Current Awareness on Comparative and Functional Genomics",
   "doi": "10.1002/cfg.60",
   "pmcid": "PMC2447222",
   "license": "cc-by",
   "publish_time": "2001 Dec",
   "journal": "Comp Funct Genomics",
   "has_full_text": "True",
   "full_text_file": "comm_use_subset",
   "id": "https://doi.org/10.1002/cfg.60",
   "pubtator": "PMC2447222",
   "fhir_link": [
      "Commercial/Composition/d73eaecdf6e03c65d962791c98563c8a7d5cf79a"
   ]
}