{
   "sha": "a0c2551d031c6dd3f59392c3f75dffc7b694a186",
   "source_x": "PMC",
   "title": "T. cruzi OligoC-TesT: A Simplified and Standardized Polymerase Chain Reaction Format for Diagnosis of Chagas Disease",
   "doi": "10.1371/journal.pntd.0000450",
   "pmcid": "PMC2685481",
   "pubmed_id": "19503815",
   "license": "cc-by",
   "abstract": "BACKGROUND: PCR has evolved into one of the most promising tools for T. cruzi detection in the diagnosis and control of Chagas disease. However, general use of the technique is hampered by its complexity and the lack of standardization. METHODOLOGY: We here present the development and phase I evaluation of the T. cruzi OligoC-TesT, a simple and standardized dipstick format for detection of PCR amplified T. cruzi DNA. The specificity and sensitivity of the assay were evaluated on blood samples from 60 Chagas non-endemic and 48 endemic control persons and on biological samples from 33 patients, 7 reservoir animals, and 14 vectors collected in Chile. PRINCIPAL FINDINGS: The lower detection limits of the T. cruzi OligoC-TesT were 1 pg and 1 to 10 fg of DNA from T. cruzi lineage I and II, respectively. The test showed a specificity of 100% (95% confidence interval [CI]: 96.6%\u2013100%) on the control samples and a sensitivity of 93.9% (95% CI: 80.4%\u201398.3%), 100% (95% CI: 64.6%\u2013100%), and 100% (95% CI: 78.5%\u2013100%) on the human, rodent, and vector samples, respectively. CONCLUSIONS: The T. cruzi OligoC-TesT showed high sensitivity and specificity on a diverse panel of biological samples. The new tool is an important step towards simplified and standardized molecular diagnosis of Chagas disease.",
   "publish_time": "2009 Jun 2",
   "authors": [
      "Deborggraeve, Stijn",
      "Coronado, Ximena",
      "Solari, Aldo",
      "Zulantay, Ines",
      "Apt, Werner",
      "Mertens, Pascal",
      "Laurent, Thierry",
      "Leclipteux, Thierry",
      "Stessens, Tim",
      "Dujardin, Jean-Claude",
      "Herdewijn, Piet",
      "B\u00fcscher, Philippe"
   ],
   "journal": "PLoS Negl Trop Dis",
   "has_full_text": "True",
   "full_text_file": "comm_use_subset",
   "id": "https://doi.org/10.1371/journal.pntd.0000450",
   "pubtator": "PMC2685481",
   "fhir_link": [
      "Commercial/Composition/a0c2551d031c6dd3f59392c3f75dffc7b694a186"
   ]
}