{
   "sha": "4faf1ac964c605b384dda60bc37df300766401b9",
   "source_x": "PMC",
   "title": "NSs Encoded by Groundnut Bud Necrosis Virus Is a Bifunctional Enzyme",
   "doi": "10.1371/journal.pone.0009757",
   "pmcid": "PMC2841200",
   "pubmed_id": "20305786",
   "license": "cc-by",
   "abstract": "Groundnut bud necrosis virus (GBNV), a member of genus Tospovirus in the family Bunyaviridae, infects a large number of leguminosae and solanaceae plants in India. With a view to elucidate the function of nonstructural protein, NSs encoded by the small RNA genome (S RNA), the NSs protein of GBNV- tomato (Karnataka) [1] was over-expressed in E. coli and purified by Ni-NTA chromatography. The purified rNSs protein exhibited an RNA stimulated NTPase activity. Further, this activity was metal ion dependent and was inhibited by adenosine 5\u2032 (\u03b2, \u03b3 imido) triphosphate, an ATP analog. The rNSs could also hydrolyze dATP. Interestingly, in addition to the NTPase and dATPase activities, the rNSs exhibited ATP independent 5\u2032 RNA/DNA phosphatase activity that was completely inhibited by AMP. The 5\u2032 \u03b1 phosphate could be removed from ssDNA, ssRNA, dsDNA and dsRNA thus confirming that rNSs has a novel 5\u2032 \u03b1 phosphatase activity. K189A mutation in the Walker motif A (GxxxxGKT) resulted in complete loss of ATPase activity, but the 5\u2032 phosphatase activity was unaffected. On the other hand, D159A mutation in the Walker motif B (DExx) resulted in partial loss of both the activities. These results demonstrate for the first time that NSs is a bifunctional enzyme, which could participate in viral movement, replication or in suppression of the host defense mechanism.",
   "publish_time": "2010 Mar 18",
   "authors": [
      "Lokesh, Bhushan",
      "Rashmi, Panigrahi R.",
      "Amruta, Bhat S.",
      "Srisathiyanarayanan, Dharmaiah",
      "Murthy, Mathur R. N.",
      "Savithri, Handanahal S."
   ],
   "journal": "PLoS One",
   "has_full_text": "True",
   "full_text_file": "comm_use_subset",
   "id": "https://doi.org/10.1371/journal.pone.0009757",
   "pubtator": "PMC2841200",
   "fhir_link": [
      "Commercial/Composition/4faf1ac964c605b384dda60bc37df300766401b9"
   ]
}