{
   "sha": "964442dc964b2d97ceef1883ce2353e866efd8c2",
   "source_x": "PMC",
   "title": "Difference of clinical features in childhood Mycoplasma pneumoniae pneumonia",
   "doi": "10.1186/1471-2431-10-48",
   "pmcid": "PMC2910686",
   "pubmed_id": "20604923",
   "license": "cc-by",
   "abstract": "BACKGROUND: M. pneumoniae pneumonia (MP) has been reported in 10-40% of community-acquired pneumonia cases. We aimed to evaluate the difference of clinical features in children with MP, according to their age and chest radiographic patterns. METHODS: The diagnosis of MP was made by examinations at both admission and discharge and by two serologic tests: the indirect microparticle agglutinin assay (\u22651:40) and the cold agglutinins titer (\u22651:32). A total of 191 children with MP were grouped by age: \u22642 years of age (29 patients), 3-5 years of age (81 patients), and \u22656 years of age (81 patients). They were also grouped by pneumonia pattern: bronchopneumonia group (96 patients) and segmental/lobar pneumonia group (95 patients). RESULTS: Eighty-six patients (45%) were seroconverters, and the others showed increased antibody titers during hospitalization. Among the three age groups, the oldest children showed the longest duration of fever, highest C-reactive protein (CRP) values, and the most severe pneumonia pattern. The patients with segmental/lobar pneumonia were older and had longer fever duration and lower white blood cell (WBC) and lymphocyte counts, compared with those with bronchopneumonia. The patient group with the most severe pulmonary lesions had the most prolonged fever, highest CRP, highest rate of seroconverters, and lowest lymphocyte counts. Thrombocytosis was observed in 8% of patients at admission, but in 33% of patients at discharge. CONCLUSIONS: In MP, older children had more prolonged fever and more severe pulmonary lesions. The severity of pulmonary lesions was associated with the absence of diagnostic IgM antibodies at presentation and lymphocyte count. Short-term paired IgM serologic test may be mandatory for early and definitive diagnosis of MP.",
   "publish_time": "2010 Jul 6",
   "authors": [
      "Youn, You-Sook",
      "Lee, Kyung-Yil",
      "Hwang, Ja-Young",
      "Rhim, Jung-Woo",
      "Kang, Jin-Han",
      "Lee, Joon-Sung",
      "Kim, Ji-Chang"
   ],
   "journal": "BMC Pediatr",
   "has_full_text": "True",
   "full_text_file": "comm_use_subset",
   "id": "https://doi.org/10.1186/1471-2431-10-48",
   "pubtator": "PMC2910686",
   "fhir_link": [
      "Commercial/Composition/964442dc964b2d97ceef1883ce2353e866efd8c2"
   ]
}