{
   "sha": "95cff929be1b2765e78d6293e4722f404a814011",
   "source_x": "PMC",
   "title": "How to make predictions about future infectious disease risks",
   "doi": "10.1098/rstb.2010.0387",
   "pmcid": "PMC3130384",
   "pubmed_id": "21624924",
   "license": "cc-by",
   "abstract": "Formal, quantitative approaches are now widely used to make predictions about the likelihood of an infectious disease outbreak, how the disease will spread, and how to control it. Several well-established methodologies are available, including risk factor analysis, risk modelling and dynamic modelling. Even so, predictive modelling is very much the \u2018art of the possible\u2019, which tends to drive research effort towards some areas and away from others which may be at least as important. Building on the undoubted success of quantitative modelling of the epidemiology and control of human and animal diseases such as AIDS, influenza, foot-and-mouth disease and BSE, attention needs to be paid to developing a more holistic framework that captures the role of the underlying drivers of disease risks, from demography and behaviour to land use and climate change. At the same time, there is still considerable room for improvement in how quantitative analyses and their outputs are communicated to policy makers and other stakeholders. A starting point would be generally accepted guidelines for \u2018good practice\u2019 for the development and the use of predictive models.",
   "publish_time": "2011 Jul 12",
   "authors": [
      "Woolhouse, Mark"
   ],
   "journal": "Philos Trans R Soc Lond B Biol Sci",
   "has_full_text": "True",
   "full_text_file": "comm_use_subset",
   "id": "https://doi.org/10.1098/rstb.2010.0387",
   "pubtator": "PMC3130384",
   "fhir_link": [
      "Commercial/Composition/95cff929be1b2765e78d6293e4722f404a814011"
   ]
}