{
   "sha": "0c82e4a717a9242e0462b24a8759f98f0c83d677",
   "source_x": "PMC",
   "title": "Discovery of DNA Viruses in Wild-Caught Mosquitoes Using Small RNA High throughput Sequencing",
   "doi": "10.1371/journal.pone.0024758",
   "pmcid": "PMC3176773",
   "pubmed_id": "21949749",
   "license": "cc-by",
   "abstract": "BACKGROUND: Mosquito-borne infectious diseases pose a severe threat to public health in many areas of the world. Current methods for pathogen detection and surveillance are usually dependent on prior knowledge of the etiologic agents involved. Hence, efficient approaches are required for screening wild mosquito populations to detect known and unknown pathogens. METHODOLOGY/PRINCIPAL FINDINGS: In this study, we explored the use of Next Generation Sequencing to identify viral agents in wild-caught mosquitoes. We extracted total RNA from different mosquito species from South China. Small 18\u201330 bp length RNA molecules were purified, reverse-transcribed into cDNA and sequenced using Illumina GAIIx instrumentation. Bioinformatic analyses to identify putative viral agents were conducted and the results confirmed by PCR. We identified a non-enveloped single-stranded DNA densovirus in the wild-caught Culex pipiens molestus mosquitoes. The majority of the viral transcripts (.>80% of the region) were covered by the small viral RNAs, with a few peaks of very high coverage obtained. The +/\u2212 strand sequence ratio of the small RNAs was approximately 7\u22361, indicating that the molecules were mainly derived from the viral RNA transcripts. The small viral RNAs overlapped, enabling contig assembly of the viral genome sequence. We identified some small RNAs in the reverse repeat regions of the viral 5\u2032- and 3\u2032 -untranslated regions where no transcripts were expected. CONCLUSIONS/SIGNIFICANCE: Our results demonstrate for the first time that high throughput sequencing of small RNA is feasible for identifying viral agents in wild-caught mosquitoes. Our results show that it is possible to detect DNA viruses by sequencing the small RNAs obtained from insects, although the underlying mechanism of small viral RNA biogenesis is unclear. Our data and those of other researchers show that high throughput small RNA sequencing can be used for pathogen surveillance in wild mosquito vectors.",
   "publish_time": "2011 Sep 20",
   "authors": [
      "Ma, Maijuan",
      "Huang, Yong",
      "Gong, Zhengda",
      "Zhuang, Lu",
      "Li, Cun",
      "Yang, Hong",
      "Tong, Yigang",
      "Liu, Wei",
      "Cao, Wuchun"
   ],
   "journal": "PLoS One",
   "has_full_text": "True",
   "full_text_file": "comm_use_subset",
   "id": "https://doi.org/10.1371/journal.pone.0024758",
   "pubtator": "PMC3176773",
   "fhir_link": [
      "Commercial/Composition/0c82e4a717a9242e0462b24a8759f98f0c83d677"
   ]
}