{
   "sha": "5c364a85b8e920e9b4ad2fa201589fc319bc174b",
   "source_x": "PMC",
   "title": "Interplay between SIN3A and STAT3 Mediates Chromatin Conformational Changes and GFAP Expression during Cellular Differentiation",
   "doi": "10.1371/journal.pone.0022018",
   "pmcid": "PMC3136934",
   "pubmed_id": "21779366",
   "license": "cc-by",
   "abstract": "BACKGROUND: Neurons and astrocytes are generated from common neural precursors, yet neurogenesis precedes astrocyte formation during embryogenesis. The mechanisms of neural development underlying suppression and de-suppression of differentiation- related genes for cell fate specifications are not well understood. METHODOLOGY/PRINCIPAL FINDINGS: By using an in vitro system in which NTera-2 cells were induced to differentiate into an astrocyte-like lineage, we revealed a novel role for Sin3A in maintaining the suppression of GFAP in NTera-2 cells. Sin3A coupled with MeCP2 bound to the GFAP promoter and their occupancies were correlated with repression of GFAP transcription. The repression by Sin3A and MeCP2 may be an essential mechanism underlying the inhibition of cell differentiation. Upon commitment toward an astrocyte-like lineage, Sin3A- MeCP2 departed from the promoter and activated STAT3 simultaneously bound to the promoter and exon 1 of GFAP; meanwhile, olig2 was exported from nuclei to the cytoplasm. This suggested that a three-dimensional or higher-order structure was provoked by STAT3 binding between the promoter and proximal coding regions. STAT3 then recruited CBP/p300 to exon 1 and targeted the promoter for histone H3K9 and H3K14 acetylation. The CBP/p300-mediated histone modification further facilitates chromatin remodeling, thereby enhancing H3K4 trimethylation and recruitment of RNA polymerase II to activate GFAP gene transcription. CONCLUSIONS/SIGNIFICANCE: These results provide evidence that exchange of repressor and activator complexes and epigenetic modifications are critical strategies for cellular differentiation and lineage-specific gene expression.",
   "publish_time": "2011 Jul 11",
   "authors": [
      "Cheng, Pei-Yi",
      "Lin, Yu-Ping",
      "Chen, Ya-Ling",
      "Lee, Yi-Ching",
      "Tai, Chia-Chen",
      "Wang, Yi-Ting",
      "Chen, Yu-Ju",
      "Kao, Cheng-Fu",
      "Yu, John"
   ],
   "journal": "PLoS One",
   "has_full_text": "True",
   "full_text_file": "comm_use_subset",
   "id": "https://doi.org/10.1371/journal.pone.0022018",
   "pubtator": "PMC3136934",
   "fhir_link": [
      "Commercial/Composition/5c364a85b8e920e9b4ad2fa201589fc319bc174b"
   ]
}