{
   "sha": "f472fa905ba1adcbb2fb5ebc78ce1efdae91eaa8",
   "source_x": "PMC",
   "title": "Public health and medical care for the world's factory: China's Pearl River Delta Region",
   "doi": "10.1186/1741-7015-9-110",
   "pmcid": "PMC3198886",
   "pubmed_id": "21968214",
   "license": "cc-by",
   "abstract": "While the growth of urbanization, worldwide, has improved the lives of migrants from the hinterland, it also raises health risks related to population density, concentrated poverty and the transmission of infectious disease. Will megacity regions evolve into socially infected breeding grounds for the rapid transmission of disease, or can they become critical spatial entities for the protection and promotion of population health? We address this question for the Pearl River Delta Region (PRD) based on recent data from Chinese sources, and on the experience of how New York, Greater London, Tokyo and Paris have grappled with the challenges of protecting population health and providing their populations with access to health care services. In some respects, there are some important lessons from comparative experience for PRD, notably the importance of covering the entire population for health care services and targeting special programs for those at highest risk for disease. In other respects, PRD's growth rate and sheer scale make it a unique megacity region that already faces new challenges and will require new solutions.",
   "publish_time": "2011 Oct 4",
   "authors": [
      "Fabre, Guilhem",
      "Rodwin, Victor G"
   ],
   "journal": "BMC Med",
   "has_full_text": "True",
   "full_text_file": "comm_use_subset",
   "id": "https://doi.org/10.1186/1741-7015-9-110",
   "pubtator": "PMC3198886",
   "fhir_link": [
      "Commercial/Composition/f472fa905ba1adcbb2fb5ebc78ce1efdae91eaa8"
   ]
}