{
   "sha": "73a4cb59929daf2449db1891e4ab5175ec8cdbc3",
   "source_x": "Elsevier",
   "title": "Chapter 4 Biology and Diseases of Rats",
   "doi": "10.1016/B978-0-12-263620-2.50010-0",
   "license": "els-covid",
   "publish_time": "1984-12-31",
   "authors": [
      "Kohn, Dennis F.",
      "Barthold, Stephen W."
   ],
   "journal": "Laboratory Animal Medicine",
   "has_full_text": "True",
   "full_text_file": "custom_license",
   "id": "https://doi.org/10.1016/B978-0-12-263620-2.50010-0",
   "fhir_link": [
      "PMC/Composition/73a4cb59929daf2449db1891e4ab5175ec8cdbc3"
   ]
}