{
   "sha": "eff3310317521aed7abe06ef1fa9963ca9d6caf3",
   "source_x": "PMC",
   "title": "The Adjuvanticity of an O. volvulus-Derived rOv-ASP-1 Protein in Mice Using Sequential Vaccinations and in Non-Human Primates",
   "doi": "10.1371/journal.pone.0037019",
   "pmcid": "PMC3355165",
   "pubmed_id": "22615877",
   "license": "cc-by",
   "abstract": "Adjuvants potentiate antigen-specific protective immune responses and can be key elements promoting vaccine effectiveness. We previously reported that the Onchocerca volvulus recombinant protein rOv-ASP-1 can induce activation and maturation of na\u00efve human DCs and therefore could be used as an innate adjuvant to promote balanced Th1 and Th2 responses to bystander vaccine antigens in mice. With a few vaccine antigens, it also promoted a Th1-biased response based on pronounced induction of Th1-associated IgG2a and IgG2b antibody responses and the upregulated production of Th1 cytokines, including IL-2, IFN-\u03b3, TNF-\u03b1 and IL-6. However, because it is a protein, the rOv-ASP-1 adjuvant may also induce anti-self-antibodies. Therefore, it was important to verify that the host responses to self will not affect the adjuvanticity of rOv-ASP-1 when it is used in subsequent vaccinations with the same or different vaccine antigens. In this study, we have established rOv-ASP-1's adjuvanticity in mice during the course of two sequential vaccinations using two vaccine model systems: the receptor-binding domain (RBD) of SARS-CoV spike protein and a commercial influenza virus hemagglutinin (HA) vaccine comprised of three virus strains. Moreover, the adjuvanticity of rOv-ASP-1 was retained with an efficacy similar to that obtained when it was used for a first vaccination, even though a high level of anti-rOv-ASP-1 antibodies was present in the sera of mice before the administration of the second vaccine. To further demonstrate its utility as an adjuvant for human use, we also immunized non-human primates (NHPs) with RBD plus rOv-ASP-1 and showed that rOv-ASP-1 could induce high titres of functional and protective anti-RBD antibody responses in NHPs. Notably, the rOv-ASP-1 adjuvant did not induce high titer antibodies against self in NHPs. Thus, the present study provided a sound scientific foundation for future strategies in the development of this novel protein adjuvant.",
   "publish_time": "2012 May 17",
   "authors": [
      "Wang, Jing",
      "Tricoche, Nancy",
      "Du, Lanying",
      "Hunter, Meredith",
      "Zhan, Bin",
      "Goud, Gaddam",
      "Didier, Elizabeth S.",
      "Liu, Jing",
      "Lu, Lu",
      "Marx, Preston A.",
      "Jiang, Shibo",
      "Lustigman, Sara"
   ],
   "journal": "PLoS One",
   "has_full_text": "True",
   "full_text_file": "comm_use_subset",
   "id": "https://doi.org/10.1371/journal.pone.0037019",
   "pubtator": "PMC3355165",
   "fhir_link": [
      "Commercial/Composition/eff3310317521aed7abe06ef1fa9963ca9d6caf3"
   ]
}