{
   "sha": "474978e3a0f1a8064083d7ae5136b968d10184ab",
   "source_x": "PMC",
   "title": "Transcriptional Regulation of Flotillins by the Extracellularly Regulated Kinases and Retinoid X Receptor Complexes",
   "doi": "10.1371/journal.pone.0045514",
   "pmcid": "PMC3445523",
   "pubmed_id": "23029064",
   "license": "cc-by",
   "abstract": "Flotillin-1 and flotillin-2 are important regulators of signal transduction pathways such as growth factor signaling. Flotillin expression is increased under pathological conditions such as neurodegenerative disorders and cancer. Despite their importance for signal transduction, very little is known about the transcriptional regulation of flotillins. Here, we analyzed the expression of flotillins at transcriptional level and identified flotillins as downstream targets of the mitogen activated kinases ERK1/2. The promoter activity of flotillins was increased upon growth factor stimulation in a MAPK dependent manner. Overexpression of serum response factor or early growth response gene 1 resulted in increased flotillin mRNA and protein expression. Furthermore, both promoter activity and expression of endogenous flotillins were increased upon treatment with retinoic acid or by overexpression of the retinoid X receptor and its binding partners RAR\u03b1 and PPAR\u03b3. Our data indicate that the expression of flotillins, which can be detected in all cultured cells, is fine-tuned in response to various external stimuli. This regulation may be critical for the outcome of signaling cascades in which flotillins are known to be involved.",
   "publish_time": "2012 Sep 18",
   "authors": [
      "Banning, Antje",
      "Ockenga, Wymke",
      "Finger, Fabian",
      "Siebrasse, Philipp",
      "Tikkanen, Ritva"
   ],
   "journal": "PLoS One",
   "has_full_text": "True",
   "full_text_file": "comm_use_subset",
   "id": "https://doi.org/10.1371/journal.pone.0045514",
   "pubtator": "PMC3445523",
   "fhir_link": [
      "Commercial/Composition/474978e3a0f1a8064083d7ae5136b968d10184ab"
   ]
}