{
   "sha": "63cfec0de40f78765303a3fd6f853c672a193320",
   "source_x": "PMC",
   "title": "Humoral immune response to HTLV-1 basic leucine zipper factor (HBZ) in HTLV-1-infected individuals",
   "doi": "10.1186/1742-4690-10-19",
   "pmcid": "PMC3584941",
   "pubmed_id": "23405908",
   "license": "cc-by",
   "abstract": "BACKGROUND: Human T cell lymphotropic virus type 1 (HTLV-1) infection can lead to development of adult T cell leukemia/lymphoma (ATL) or HTLV-1-associated myelopathy/tropical spastic paraparesis (HAM/TSP) in a subset of infected subjects. HTLV-1 basic leucine zipper factor (HBZ) gene has a critical role in HTLV-1 infectivity and the development of ATL and HAM/TSP. However, little is known about the immune response against HBZ in HTLV-1-infected individuals. In this study, we examined antibody responses against HBZ in serum/plasma samples from 436 subjects including HTLV-1 seronegative donors, asymptomatic carriers (AC), ATL, and HAM/TSP patients using the luciferase immunoprecipitation system. RESULTS: Immunoreactivity against HBZ was detected in subsets of all HTLV-1-infected individuals but the test did not discriminate between AC, ATL and HAM/TSP. However, the frequency of detection of HBZ-specific antibodies in the serum of ATL patients with the chronic subtype was higher than in ATL patients with the lymphomatous subtype. Antibody responses against HBZ were also detected in cerebrospinal fluid of HAM/TSP patients with anti-HBZ in serum. Antibody responses against HBZ did not correlate with proviral load and HBZ mRNA expression in HAM/TSP patients, but the presence of an HBZ-specific response was associated with reduced CD4(+) T cell activation in HAM/TSP patients. Moreover, HBZ-specific antibody inhibited lymphoproliferation in the PBMC of HAM/TSP patients. CONCLUSIONS: This is the first report demonstrating humoral immune response against HBZ associated with HTLV-I infection. Thus, a humoral immune response against HBZ might play a role in HTLV-1 infection.",
   "publish_time": "2013 Feb 13",
   "authors": [
      "Enose-Akahata, Yoshimi",
      "Abrams, Anna",
      "Massoud, Raya",
      "Bialuk, Izabela",
      "Johnson, Kory R",
      "Green, Patrick L",
      "Maloney, Elizabeth M",
      "Jacobson, Steven"
   ],
   "journal": "Retrovirology",
   "has_full_text": "True",
   "full_text_file": "comm_use_subset",
   "id": "https://doi.org/10.1186/1742-4690-10-19",
   "pubtator": "PMC3584941",
   "fhir_link": [
      "Commercial/Composition/63cfec0de40f78765303a3fd6f853c672a193320"
   ]
}