{
   "sha": "5ff8a6df6aa6e3ec16db9ff91702f691c18541df",
   "source_x": "PMC",
   "title": "Interaction of Bordetella bronchiseptica and Its Lipopolysaccharide with In Vitro Culture of Respiratory Nasal Epithelium",
   "doi": "10.1155/2013/347086",
   "pmcid": "PMC3608130",
   "pubmed_id": "23555071",
   "license": "cc-by",
   "abstract": "The nasal septa of fetal rabbits at 26 days of gestation were harvested by cesarean section of the does while under anesthesia and then exposed to Bordetella bronchiseptica or its lipopolysaccharide (LPS) for periods of 2 and 4 hours. A total of 240 explants were used. The tissues were examined using the Hematoxylin & Eosin technique. Then, semithin sections (0.5 \u03bcm) were stained with toluidine blue and examined with indirect immunoperoxidase (IPI) and lectin histochemistry. The most frequent and statistically significant findings were as follows: (1) cell death and increased goblet cell activity when exposed to bacteria and (2) cell death, cytoplasmic vacuolation and infiltration of polymorphonuclear leukocytes when exposed to LPS. The lesions induced by the bacterium were more severe than with LPS alone, except for the cytoplasmic vacuolation in epithelial cells. IPI stained the ciliated border of the epithelium with the bacterium more intensely, while LPS lectin histochemistry preferentially labeled the cytoplasm of goblet cell. These data indicate that B. bronchiseptica and its LPS may have an affinity for specific glycoproteins that would act as adhesion receptors in both locations.",
   "publish_time": "2013 Mar 11",
   "authors": [
      "Gallego, Carolina",
      "Middleton, Andrew M.",
      "Mart\u00ednez, Nhora",
      "Romero, Stefany",
      "Iregui, Carlos"
   ],
   "journal": "Vet Med Int",
   "has_full_text": "True",
   "full_text_file": "comm_use_subset",
   "id": "https://doi.org/10.1155/2013/347086",
   "pubtator": "PMC3608130",
   "fhir_link": [
      "Commercial/Composition/5ff8a6df6aa6e3ec16db9ff91702f691c18541df"
   ]
}