{
   "sha": "6fb874a7dee1d36545f8ea3c9714b288dca736e4",
   "source_x": "PMC",
   "title": "Rapid Generation of Human-Like Neutralizing Monoclonal Antibodies in Urgent Preparedness for Influenza Pandemics and Virulent Infectious Diseases",
   "doi": "10.1371/journal.pone.0066276",
   "pmcid": "PMC3688872",
   "pubmed_id": "23824680",
   "license": "cc-by",
   "abstract": "BACKGROUND: The outbreaks of emerging infectious diseases caused by pathogens such as SARS coronavirus, H5N1, H1N1, and recently H7N9 influenza viruses, have been associated with significant mortality and morbidity in humans. Neutralizing antibodies from individuals who have recovered from an infection confer therapeutic protection to others infected with the same pathogen. However, survivors may not always be available for providing plasma or for the cloning of monoclonal antibodies (mAbs). METHODOLOGY/PRINCIPAL FINDINGS: The genome and the immunoglobulin genes in rhesus macaques and humans are highly homologous; therefore, we investigated whether neutralizing mAbs that are highly homologous to those of humans (human-like) could be generated. Using the H5N1 influenza virus as a model, we first immunized rhesus macaques with recombinant adenoviruses carrying a synthetic gene encoding hemagglutinin (HA). Following screening an antibody phage display library derived from the B cells of immunized monkeys, we cloned selected macaque immunoglobulin heavy chain and light chain variable regions into the human IgG constant region, which generated human-macaque chimeric mAbs exhibiting over 97% homology to human antibodies. Selected mAbs demonstrated potent neutralizing activities against three clades (0, 1, 2) of the H5N1 influenza viruses. The in vivo protection experiments demonstrated that the mAbs effectively protected the mice even when administered up to 3 days after infection with H5N1 influenza virus. In particular, mAb 4E6 demonstrated sub-picomolar binding affinity to HA and superior in vivo protection efficacy without the loss of body weight and obvious lung damage. The analysis of the 4E6 escape mutants demonstrated that the 4E6 antibody bound to a conserved epitope region containing two amino acids on the globular head of HA. CONCLUSIONS/SIGNIFICANCE: Our study demonstrated the generation of neutralizing mAbs for potential application in humans in urgent preparedness against outbreaks of new influenza infections or other virulent infectious diseases.",
   "publish_time": "2013 Jun 18",
   "authors": [
      "Meng, Weixu",
      "Pan, Weiqi",
      "Zhang, Anna J. X.",
      "Li, Zhengfeng",
      "Wei, Guowei",
      "Feng, Liqiang",
      "Dong, Zhenyuan",
      "Li, Chufang",
      "Hu, Xiangjing",
      "Sun, Caijun",
      "Luo, Qinfang",
      "Yuen, Kwok-Yung",
      "Zhong, Nanshan",
      "Chen, Ling"
   ],
   "journal": "PLoS One",
   "has_full_text": "True",
   "full_text_file": "comm_use_subset",
   "id": "https://doi.org/10.1371/journal.pone.0066276",
   "pubtator": "PMC3688872",
   "fhir_link": [
      "Commercial/Composition/6fb874a7dee1d36545f8ea3c9714b288dca736e4"
   ]
}