{
   "sha": "4300be597ccbea9acb374312063e2776b7f631c4",
   "source_x": "PMC",
   "title": "Epidemiology of Human Respiratory Viruses in Children with Acute Respiratory Tract Infections in Jinan, China",
   "doi": "10.1155/2013/210490",
   "pmcid": "PMC3865640",
   "pubmed_id": "24363757",
   "license": "cc-by",
   "abstract": "The viral etiologies of UTRIs and LTRIs in children in Jinan city were investigated between July 2009 and June 2010. Nasal and throat swabs were collected from 397 children with URTIs and bronchoalveolar lavage fluid specimens were collected from 323 children with LRTIs. RT-PCR/PCR was used to examine all samples for IFV, PIV, RSV, RV, hMPV, HBoV, CoV, ADV, RSV, and EV. Viral pathogens were detected in 47.10% of URTI samples and 66.57% samples, and the incidence of viral coinfection was 5.29% and 21.05%, respectively. IFV was the most common virus in URTIs, with a detection rate of 19.40%, followed by PIV (10.83%), RV (10.58%), and EV (6.30%). For LRTIs, PIV and RV were both detected in 27% of samples, followed by RSV (9.91%), HBoV (8.36%), IFV (5.57%), and hMPV (5.57%). RSV and HBoV were more prevalent in the youngest children of no more than six months. Meanwhile, RV, PIV, and RSV were the most frequent viruses combined with bacterial pathogens in LRTIs. In conclusion, the spectrum of respiratory virus infections in URTIs and LRTIs differed in terms of the most common pathogens, seasonal distribution, and coinfection rate.",
   "publish_time": "2013 Dec 2",
   "authors": [
      "Lu, Yanqin",
      "Wang, Shifu",
      "Zhang, Lehai",
      "Xu, Chao",
      "Bian, Cuirong",
      "Wang, Zhaoxia",
      "Ma, Yanhui",
      "Wang, Ke",
      "Ma, Lixia",
      "Meng, Chen",
      "Ni, Caiyun",
      "Tong, Jiabei",
      "Li, Gongchao",
      "Han, Jinxiang"
   ],
   "journal": "Clin Dev Immunol",
   "has_full_text": "True",
   "full_text_file": "comm_use_subset",
   "id": "https://doi.org/10.1155/2013/210490",
   "pubtator": "PMC3865640",
   "fhir_link": [
      "Commercial/Composition/4300be597ccbea9acb374312063e2776b7f631c4"
   ]
}