{
   "sha": "a9e7f41215542f62723e5118535f51d7d0c5cdab",
   "source_x": "PMC",
   "title": "Plasmablasts as Migratory IgG-Producing Cells in the Pathogenesis of Neuromyelitis Optica",
   "doi": "10.1371/journal.pone.0083036",
   "pmcid": "PMC3858367",
   "pubmed_id": "24340077",
   "license": "cc-by",
   "abstract": "Neuromyelitis optica (NMO) is an inflammatory disease characterized by recurrent attacks of optic neuritis and myelitis. It is generally accepted that autoantibodies against aquaporin 4 water channel protein play a pathogenic role in neuromyelitis optica. We have recently reported that plasmablasts are increased in the peripheral blood of this autoimmune disease, and are capable of producing autoantibodies against aquaporin 4. Here, we demonstrate that CD138(+)HLA-DR(+) plasmablasts, a subset of IgG-producing cells, are increased in the peripheral blood and are enriched among the cerebrospinal fluid (CSF) lymphocytes during the relapse of neuromyelitis optica. Notably, these CD138(+)HLA-DR(+) plasmablasts overexpress CXCR3, whose ligands are present in the cerebrospinal fluid during the relapse of neuromyelitis optica. These results led us to speculate that plasmablasts producing anti-aquaporin 4 autoantibodies might traffic toward the central nervous system (CNS). Furthermore, we performed single-cell sorting of plasmablasts from peripheral blood and CSF samples from NMO and sequenced the complementarity-determining regions (CDRs) of the IgG heavy chain expressed by the sorted plasmablast clones. There were high frequencies of mutations in the CDRs compared with framework regions, indicating that these plasmablast clones would represent a post-germinal center B-cell lineage. Consistent with the preceding results, the plasmablast clones from the peripheral blood shared the same CDR sequences with the clones from the CSF. These results indicate that IgG-producing plasmablasts, which are guided by helper T-cells, may migrate from the peripheral blood preferentially to the CSF. Since migratory plasmablasts could be involved in the inflammatory pathology of NMO, the B-cell subset and their migration might be an attractive therapeutic target.",
   "publish_time": "2013 Dec 10",
   "authors": [
      "Chihara, Norio",
      "Aranami, Toshimasa",
      "Oki, Shinji",
      "Matsuoka, Takako",
      "Nakamura, Masakazu",
      "Kishida, Hitaru",
      "Yokoyama, Kazumasa",
      "Kuroiwa, Yoshiyuki",
      "Hattori, Nobutaka",
      "Okamoto, Tomoko",
      "Murata, Miho",
      "Toda, Tatsushi",
      "Miyake, Sachiko",
      "Yamamura, Takashi"
   ],
   "journal": "PLoS One",
   "has_full_text": "True",
   "full_text_file": "comm_use_subset",
   "id": "https://doi.org/10.1371/journal.pone.0083036",
   "pubtator": "PMC3858367",
   "fhir_link": [
      "Commercial/Composition/a9e7f41215542f62723e5118535f51d7d0c5cdab"
   ]
}