{
   "sha": "90706dd8b172f0aeb996ea828c356155c32e0682",
   "source_x": "PMC",
   "title": "Anxiety, worry and cognitive risk estimate in relation to protective behaviors during the 2009 influenza A/H1N1 pandemic in Hong Kong: ten cross-sectional surveys",
   "doi": "10.1186/1471-2334-14-169",
   "pmcid": "PMC3986671",
   "pubmed_id": "24674239",
   "license": "cc-by",
   "abstract": "BACKGROUND: Few studies have investigated associations between psychological and behavioral indices throughout a major epidemic. This study was aimed to compare the strength of associations between different cognitive and affective measures of risk and self-reported protective behaviors in a series of ten cross-sectional surveys conducted throughout the first wave of influenza A/H1N1 pandemic. METHODS: All surveys were conducted using questionnaire-based telephone interviews, with random digit dialing to recruit adults from the general population. Measures of anxiety and worry (affective) and perceived risk (cognitive) regarding A/H1N1 were made in 10 serial surveys. Multivariate logistic regression models were used to estimate the cognitive/affective-behavioral associations in each survey while multilevel logistic models were conducted to estimate the average effects of each cognitive/affective measure on adoption of protective behaviors throughout the ten surveys. RESULTS: Excepting state anxiety, other affective measures including \u201canticipated worry\u201d, \u201cexperienced worry\u201d and \u201ccurrent worry\u201d specific to A/H1N1 risk were consistently and strongly associated with adoption of protective behaviors across different survey periods. However, the cognitive-behavioral associations were weaker and inconsistent across the ten surveys. Perceived A/H1N1 severity relative to SARS had stronger associations with adoption of protective behaviors in the late epidemic periods than in the early epidemic periods. CONCLUSION: Risk-specific worries appear to be significantly associated with the adoption of protective behaviors at different epidemic stages, whereas cognitive measures may become more important in understanding people\u2019s behavioral responses later in epidemics. Future epidemic-related psycho-behavioral research should include more affective-loaded measures of risk.",
   "publish_time": "2014 Mar 27",
   "authors": [
      "Liao, Qiuyan",
      "Cowling, Benjamin J",
      "Lam, Wendy WT",
      "Ng, Diane MW",
      "Fielding, Richard"
   ],
   "journal": "BMC Infect Dis",
   "has_full_text": "True",
   "full_text_file": "comm_use_subset",
   "id": "https://doi.org/10.1186/1471-2334-14-169",
   "pubtator": "PMC3986671",
   "fhir_link": [
      "Commercial/Composition/90706dd8b172f0aeb996ea828c356155c32e0682"
   ]
}