{
   "sha": "b6c62ca4653ef469da8a131bcd9fe168e439e3a3",
   "source_x": "PMC",
   "title": "A Comprehensive Phylogenetic and Structural Analysis of the Carcinoembryonic Antigen (CEA) Gene Family",
   "doi": "10.1093/gbe/evu103",
   "pmcid": "PMC4079198",
   "pubmed_id": "24858421",
   "license": "cc-by",
   "abstract": "The carcinoembryonic antigen (CEA) gene family belongs to the immunoglobulin (Ig) superfamily and codes for a vast number of glycoproteins that differ greatly both in amino acid composition and function. The CEA family is divided into two groups, the carcinoembryonic antigen-related cell adhesion molecules (CEACAMs) and the pregnancy-specific glycoproteins. The CEA family members are implicated in pleiotropic (patho)physiological functions including cell\u2013cell adhesion, pregnancy, immunity, neovascularization, regulation of insulin homeostasis, and carcinogenesis. In general, the CEA-encoded proteins are composed of an extracellular region with Ig variable and constant-like domains and a cytoplasmic region containing signaling motifs. Of particular interest, the well-studied human and mouse CEA genes are arranged in clusters in a single chromosome. Taking into account this characteristic, we made an effort to reconstruct the evolutionary history of the CEA gene family. Toward this end, the publicly available genomes were searched extensively for CEA homologs. The domain organization of the retrieved protein sequences was analyzed, and, subsequently, comprehensive phylogenetic analyses of the entire length CEA homologous proteins were performed. A series of evolutionarily conserved amino acid residues, functionally important, were identified. The relative positioning of these residues on the modeled tertiary structure of novel CEA protein domains revealed that they are, also, spatially conserved. Furthermore, the chromosomal arrangement of CEA genes was examined, and it was found that the CEA genes are preserved in terms of position, transcriptional orientation, and number in all species under investigation.",
   "publish_time": "2014 May 23",
   "authors": [
      "Pavlopoulou, Athanasia",
      "Scorilas, Andreas"
   ],
   "journal": "Genome Biol Evol",
   "has_full_text": "True",
   "full_text_file": "comm_use_subset",
   "id": "https://doi.org/10.1093/gbe/evu103",
   "pubtator": "PMC4079198",
   "fhir_link": [
      "Commercial/Composition/b6c62ca4653ef469da8a131bcd9fe168e439e3a3"
   ]
}