{
   "sha": "8705d3a93c346b8b21e349c6263e680d844e7aea",
   "source_x": "PMC",
   "title": "NK Cells in Mucosal Defense against Infection",
   "doi": "10.1155/2014/413982",
   "pmcid": "PMC4150440",
   "pubmed_id": "25197644",
   "license": "cc-by",
   "abstract": "Conventional natural killer cells (NK cells) provide continual surveillance for cancer and rapid responses to infection. They develop in the bone marrow, emerge as either NK precursor cells, immature, or mature cells, and disperse throughout the body. In the periphery NK cells provide critical defense against pathogens and cancer and are noted to develop features of adaptive immune responses. In the tightly regulated and dynamic mucosal tissues, they set up residency via unknown mechanisms and from sources that are yet to be defined. Once resident, they appear to have the ability to functionally mature dependent on the mucosal tissue microenvironment. Mucosal NK cells play a pivotal role in early protection through their cytolytic function and IFN\u03b3 production against bacteria, fungi, viruses, and parasitic infections. This review presents what is known about NK cell development and phenotypes of mucosal tissue resident conventional NK cells. The question of how they come to reside in their tissues and published data on their function against pathogens during mucosal infection are discussed. Dissecting major questions highlighted in this review will be important to the further understanding of NK cell homing and functional diversity and improve rational design of NK cell based therapies against mucosal infection.",
   "publish_time": "2014 Aug 14",
   "authors": [
      "Ivanova, Daria",
      "Krempels, Ryan",
      "Ryfe, Jennyfer",
      "Weitzman, Kaitlyn",
      "Stephenson, David",
      "Gigley, Jason P."
   ],
   "journal": "Biomed Res Int",
   "has_full_text": "True",
   "full_text_file": "comm_use_subset",
   "id": "https://doi.org/10.1155/2014/413982",
   "pubtator": "PMC4150440",
   "fhir_link": [
      "Commercial/Composition/8705d3a93c346b8b21e349c6263e680d844e7aea"
   ]
}