{
   "sha": "79be2bad7d0442947cec07b060a5b21f8eff7c72",
   "source_x": "PMC",
   "title": "Involvement of the ERK pathway in the protective effects of glycyrrhizic acid against the MPP(+)-induced apoptosis of dopaminergic neuronal cells",
   "doi": "10.3892/ijmm.2014.1830",
   "pmcid": "PMC4121344",
   "pubmed_id": "24993693",
   "license": "cc-by",
   "abstract": "Glycyrrhizic acid (GA), a major compound separated from Radix Glycyrrhizae, has been shwon to exert various biochemical effects, including neuroprotective effects. In the present study, we investigated the protective effects of GA against 1-methyl-4-phenylpyridinium (MPP(+))-induced damage to differentiated PC12 (DPC12) cells. Compared with the MPP(+)-treated cells, GA markedly improved cell viability, restored mitochondrial dysfunction, suppressed the overexpression of cleaved poly(ADP-ribose) polymerase (PARP), and suppressed the overproduction of lactate dehydrogenase (LDH) and intracellular Ca(2+) overload. The protective effects of GA on cell survival were further confirmed in primary cortical neurons. GA markedly increased the expression of phosphorylated extracellular signal-regulated kinase (p-ERK), as well as its migration from the cytoplasm to nucleus. PD98059, an inhibitor of ERK, blocked GA-enhanced ERK activation and reduced cell viability. However, pre-treatment with GA had no effects on the expression of phosphorylated AKT (p-AKT) and total AKT (t-AKT). These results indicate that the GA-mediated neuroprotective effects are associated with its modulation of multiple anti-apoptotic and pro-apoptotic factors, particularly the ERK signaling pathway. This study provides evidence supporting the use of GA as a potential therapeutic agent for the treatment of neurodegenerative diseases and neuronal injury.",
   "publish_time": "2014 Sep 2",
   "authors": [
      "TENG, LESHENG",
      "KOU, CHUNJIA",
      "LU, CHENGYU",
      "XU, JIAMING",
      "XIE, JING",
      "LU, JIAHUI",
      "LIU, YAN",
      "WANG, ZHENZUO",
      "WANG, DI"
   ],
   "journal": "Int J Mol Med",
   "has_full_text": "True",
   "full_text_file": "comm_use_subset",
   "id": "https://doi.org/10.3892/ijmm.2014.1830",
   "pubtator": "PMC4121344",
   "fhir_link": [
      "Commercial/Composition/79be2bad7d0442947cec07b060a5b21f8eff7c72"
   ]
}