{
   "sha": "9eff33e415aeff95305afd9a4914f15b1eafab84",
   "source_x": "PMC",
   "title": "Viral etiology and seasonality of influenza-like illness in Gabon, March 2010 to June 2011",
   "doi": "10.1186/1471-2334-14-373",
   "pmcid": "PMC4107952",
   "pubmed_id": "25000832",
   "license": "cc-by",
   "abstract": "BACKGROUND: Surveillance of influenza-like illness (ILI) in Central Africa began only recently, and few data are therefore available on the circulation of influenza virus and other respiratory viruses. In Gabon, a Central African country, we established a surveillance network in four major towns in order to analyze cases of ILI among patients who visited health centers between March 2010 and June 2011, and to determine the viral etiology. METHODS: Nasal swabs were sent for analysis to the Centre International de Recherches M\u00e9dicales de Franceville, where they were screened for 17 respiratory viruses in a multiplex real-time reverse transcription polymerase chain reaction for all pathogens according the following pairs: adenovirus/parainfluenza virus 4, respiratory syncytial virus/human metapneumovirus, parainfluenza virus 1/parainfluenza virus 2, pandemic influenza virus A/seasonal influenza virus A (H1N1, H3N2)/seasonal influenza virus B, human coronaviruses 229E/OC43, human coronaviruses NL63/HKU1, rhinovirus/human parechovirus, and enterovirus/parainfluenza virus 3. RESULTS: We analyzed a total of 1041 specimens, of which 639 (61%) were positive for at least one virus. Three-quarters of the patients were children under five years old. We therefore focused on this age group, in which 68.1% of patients were positive for at least one virus. The most common viruses were adenoviruses (17.5%), followed by parainfluenza viruses (PIVs) 1\u20134 (16.8%), enteroviruses (EV) (14.7%), respiratory syncytial virus (RSV) (13.5%), and influenza virus (11.9%). The prevalence of some viruses was subject to geographic and seasonal variations. One-third of positive samples contained more than one virus. CONCLUSIONS: Like most studies in the world, the virus PIVs, EV, RSV, Influenza virus, HRV were predominant among children under five years old in Gabon. An exception is made for adenoviruses which have a high prevalence in our study. However adenoviruses can be detected in asymptomatic persons. These finding gave a better knowledge of the circulation and the seasonality of the viruses involved in ILI in Gabon.",
   "publish_time": "2014 Jul 7",
   "authors": [
      "Lekana-Douki, Sonia Etenna",
      "Nkoghe, Dieudonn\u00e9",
      "Drosten, Christian",
      "Ngoungou, Edgar Brice",
      "Drexler, Jan Felix",
      "Leroy, Eric M"
   ],
   "journal": "BMC Infect Dis",
   "has_full_text": "True",
   "full_text_file": "comm_use_subset",
   "id": "https://doi.org/10.1186/1471-2334-14-373",
   "pubtator": "PMC4107952",
   "fhir_link": [
      "Commercial/Composition/9eff33e415aeff95305afd9a4914f15b1eafab84"
   ]
}