{
   "sha": "408fb49191d282aa03d722d951eb500a1dde3b87",
   "source_x": "PMC",
   "title": "Carrageenan nasal spray in virus confirmed common cold: individual patient data analysis of two randomized controlled trials",
   "doi": "10.1186/2049-6958-9-57",
   "pmcid": "PMC4236476",
   "pubmed_id": "25411637",
   "license": "cc-by",
   "abstract": "BACKGROUND: Clinical trials applying iota-carrageenan nasal spray have previously shown to reduce duration of virus-confirmed common cold. The present study pooled data of two similar clinical trials to provide further evidence for the antiviral effectiveness of carrageenan. METHODS: Individual patient data were analyzed from two randomized double blind placebo controlled trials assessing the therapeutic effectiveness of carrageenan nasal spray in acute common cold. Patients with virus-confirmed common cold (n = 254, verum 126, placebo 128) were included and the following parameters were appraised: duration of disease, number of patients with relapses, number of respiratory viruses and viral titers at inclusion (visit 1) compared to days 3\u20135 (visit 2). RESULTS: Carrageenan treated patients showed a significant reduction in duration of disease of almost 2 days (p < 0.05) as well as significantly fewer relapses during 21 days of observation period (p < 0.05). The virus clearance between visit 1 and visit 2 was significantly more pronounced in the carrageenan group (p < 0.05). In both studies, virus-confirmed common cold was caused by three main virus subtypes: human rhinovirus (46%), human coronavirus (25%) and influenza A (14%) virus. Carrageenan nasal spray showed significant antiviral efficacy in all three virus subgroups, the highest effectiveness was observed in human corona virus-infected patients. The reduced duration of disease was 3 days (p < 0.01) and the number of relapses was three times less (p < 0.01) in carrageenan treated corona-virus-infected patients compared to control patients. CONCLUSIONS: Administration of carrageenan nasal spray in children as well as in adults suffering from virus-confirmed common cold reduced duration of disease, increased viral clearance and reduced relapses of symptoms. Carrageenan nasal spray appeared as an effective treatment of common cold in children and adults. TRIAL REGISTRATION: Pooled data from ISRCTN52519535 and ISRCTN80148028",
   "publish_time": "2014 Nov 12",
   "authors": [
      "Koenighofer, Martin",
      "Lion, Thomas",
      "Bodenteich, Angelika",
      "Prieschl-Grassauer, Eva",
      "Grassauer, Andreas",
      "Unger, Hermann",
      "Mueller, Christian A",
      "Fazekas, Tam\u00e1s"
   ],
   "journal": "Multidiscip Respir Med",
   "has_full_text": "True",
   "full_text_file": "comm_use_subset",
   "id": "https://doi.org/10.1186/2049-6958-9-57",
   "pubtator": "PMC4236476",
   "fhir_link": [
      "Commercial/Composition/408fb49191d282aa03d722d951eb500a1dde3b87"
   ]
}