{
   "sha": "f879891cd4353fbb6baa973c04bc1cf2dc3a3fd6",
   "source_x": "PMC",
   "title": "Field pathogenomics reveals the emergence of a diverse wheat yellow rust population",
   "doi": "10.1186/s13059-015-0590-8",
   "pmcid": "PMC4342793",
   "pubmed_id": "25723868",
   "license": "cc-by",
   "abstract": "BACKGROUND: Emerging and re-emerging pathogens imperil public health and global food security. Responding to these threats requires improved surveillance and diagnostic systems. Despite their potential, genomic tools have not been readily applied to emerging or re-emerging plant pathogens such as the wheat yellow (stripe) rust pathogen Puccinia striiformis f. sp. tritici (PST). This is due largely to the obligate parasitic nature of PST, as culturing PST isolates for DNA extraction remains slow and tedious. RESULTS: To counteract the limitations associated with culturing PST, we developed and applied a field pathogenomics approach by transcriptome sequencing infected wheat leaves collected from the field in 2013. This enabled us to rapidly gain insights into this emerging pathogen population. We found that the PST population across the United Kingdom (UK) underwent a major shift in recent years. Population genetic structure analyses revealed four distinct lineages that correlated to the phenotypic groups determined through traditional pathology-based virulence assays. Furthermore, the genetic diversity between members of a single population cluster for all 2013 PST field samples was much higher than that displayed by historical UK isolates, revealing a more diverse population of PST. CONCLUSIONS: Our field pathogenomics approach uncovered a dramatic shift in the PST population in the UK, likely due to a recent introduction of a diverse set of exotic PST lineages. The methodology described herein accelerates genetic analysis of pathogen populations and circumvents the difficulties associated with obligate plant pathogens. In principle, this strategy can be widely applied to a variety of plant pathogens. ELECTRONIC SUPPLEMENTARY MATERIAL: The online version of this article (doi:10.1186/s13059-015-0590-8) contains supplementary material, which is available to authorized users.",
   "publish_time": "2015 Feb 25",
   "authors": [
      "Hubbard, Amelia",
      "Lewis, Clare M",
      "Yoshida, Kentaro",
      "Ramirez-Gonzalez, Ricardo H",
      "de Vallavieille-Pope, Claude",
      "Thomas, Jane",
      "Kamoun, Sophien",
      "Bayles, Rosemary",
      "Uauy, Cristobal",
      "Saunders, Diane GO"
   ],
   "journal": "Genome Biol",
   "has_full_text": "True",
   "full_text_file": "comm_use_subset",
   "id": "https://doi.org/10.1186/s13059-015-0590-8",
   "pubtator": "PMC4342793",
   "fhir_link": [
      "Commercial/Composition/f879891cd4353fbb6baa973c04bc1cf2dc3a3fd6"
   ]
}