{
   "sha": "50ff548ec63f21fdb34fbdfe8fab41141c65fcb5",
   "source_x": "PMC",
   "title": "Herpes Simplex Virus-1 Fine-Tunes Host\u2019s Autophagic Response to Infection: A Comprehensive Analysis in Productive Infection Models",
   "doi": "10.1371/journal.pone.0124646",
   "pmcid": "PMC4403807",
   "pubmed_id": "25894397",
   "license": "cc-by",
   "abstract": "Herpes simplex virus-1 (HSV-1) infection causes severe conditions, with serious complications, including corneal blindness from uncontrolled ocular infections. An important cellular defense mechanism against HSV-1 infection is autophagy. The autophagic response of the host cell was suggested to be regulated by HSV-1. In this study, we performed a detailed analysis of autophagy in multiple HSV-1-targeted cell types, and under various infection conditions that recapitulate a productive infection model. We found that autophagy was slightly inhibited in one cell type, while in other cell types autophagy maintained its basal levels mostly unchanged during productive infection. This study refines the concept of HSV-1-mediated autophagy regulation to imply either inhibition, or prevention of activation, of the innate immune pathway.",
   "publish_time": "2015 Apr 20",
   "authors": [
      "Yakoub, Abraam M.",
      "Shukla, Deepak"
   ],
   "journal": "PLoS One",
   "has_full_text": "True",
   "full_text_file": "comm_use_subset",
   "id": "https://doi.org/10.1371/journal.pone.0124646",
   "pubtator": "PMC4403807",
   "fhir_link": [
      "Commercial/Composition/50ff548ec63f21fdb34fbdfe8fab41141c65fcb5"
   ]
}