{
   "sha": "d31b2db65b2e8d40eee096d5e67185099c10c4d2",
   "source_x": "PMC",
   "title": "Basal Autophagy Is Required for Herpes simplex Virus-2 Infection",
   "doi": "10.1038/srep12985",
   "pmcid": "PMC4528227",
   "pubmed_id": "26248741",
   "license": "cc-by",
   "abstract": "Autophagy is a conserved catabolic process of the cell, which plays an important role in regulating plethora of infections. The role of autophagy in Herpes simplex virus-2 (HSV-2) infection is unknown. Here, we found that HSV-2 does not allow induction of an autophagic response to infection, but maintains basal autophagy levels mostly unchanged during productive infection. Thus, we investigated the importance of basal autophagy for HSV-2 infection, using pharmacological autophagy suppression or cells genetically deficient in an autophagy-essential gene (ATG5). Interference with basal autophagy flux in cells significantly reduced viral replication and diminished the infection. These results indicate that basal autophagy plays an indispensable role required for a productive infection. Importantly, this study draws a sharp distinction between induced and basal autophagy, where the former acts as a viral clearance mechanism abrogating infection, while the latter supports infection.",
   "publish_time": "2015 Aug 7",
   "authors": [
      "Yakoub, Abraam M.",
      "Shukla, Deepak"
   ],
   "journal": "Sci Rep",
   "has_full_text": "True",
   "full_text_file": "comm_use_subset",
   "id": "https://doi.org/10.1038/srep12985",
   "pubtator": "PMC4528227",
   "fhir_link": [
      "Commercial/Composition/d31b2db65b2e8d40eee096d5e67185099c10c4d2"
   ]
}