{
   "sha": "59e339e8a09eb0b00c603cbd5867d8edabc2151d",
   "source_x": "PMC",
   "title": "Colorimetric Detection of Dengue by Single Tube Reverse-Transcription-Loop-Mediated Isothermal Amplification",
   "doi": "10.1371/journal.pone.0138694",
   "pmcid": "PMC4575147",
   "pubmed_id": "26384248",
   "license": "cc-by",
   "abstract": "Dengue is usually diagnosed by isolation of the virus, serology or molecular diagnostic methods. Several commercial kits for the diagnosis of dengue are existing, but concerns have arisen regarding to the affordability and performance characteristics of these kits. Hence, the loop-mediated isothermal amplification (LAMP) is potentially ideal to be used especially in resource limited environments. Serum was collected from healthy donors and patients diagnosed with dengue infection. RNA extracted from the serum samples were tested by reverse-transcription-LAMP assay developed based on 3\u2032-NCR gene sequences for DENV 1\u20134. Results were interpreted by a turbidity meter in real time or visually at the end of the assay. Sensitivity and specificity of RT-LAMP results were calculated and compared to qRT-PCR and ELISA. RT-LAMP is highly sensitive with the detection limit of 10 RNA copies for all serotypes. Dengue virus RNA was detected in all positive samples using RT-LAMP and none of the negative samples within 30\u201345 minutes. With continuing efforts in the optimization of this assay, RT-LAMP may provide a simple and reliable test for detecting DENV in areas where dengue is prevalent.",
   "publish_time": "2015 Sep 18",
   "authors": [
      "Lau, Yee-Ling",
      "Lai, Meng-Yee",
      "Teoh, Boon-Teong",
      "Abd-Jamil, Juraina",
      "Johari, Jefree",
      "Sam, Sing-Sin",
      "Tan, Kim-Kee",
      "AbuBakar, Sazaly"
   ],
   "journal": "PLoS One",
   "has_full_text": "True",
   "full_text_file": "comm_use_subset",
   "id": "https://doi.org/10.1371/journal.pone.0138694",
   "pubtator": "PMC4575147",
   "fhir_link": [
      "Commercial/Composition/59e339e8a09eb0b00c603cbd5867d8edabc2151d"
   ]
}