{
   "sha": "0cafb384b401aeefaa3286bb0cf76309434e2288",
   "source_x": "PMC",
   "title": "Tackling dengue fever: Current status and challenges",
   "doi": "10.1186/s12985-015-0444-8",
   "pmcid": "PMC4673751",
   "pubmed_id": "26645066",
   "license": "cc-by",
   "abstract": "According to recent statistics, 96 million apparent dengue infections were estimated worldwide in 2010. This figure is by far greater than the WHO prediction which indicates the rapid spread of this disease posing a growing threat to the economy and a major challenge to clinicians and health care services across the globe particularly in the affected areas. This article aims at bringing to light the current epidemiological and clinical status of the dengue fever. The relationship between genetic mutations, single nucleotide polymorphism (SNP) and the pathophysiology of disease progression will be put into perspective. It will also highlight the recent advances in dengue vaccine development. Thus far, a significant progress has been made in unraveling the risk factors and understanding the molecular pathogenesis associated with the disease. However, further insights in molecular features of the disease and the development of animal models will enormously help improving the therapeutic interventions and potentially contribute to finding new preventive measures for population at risk.",
   "publish_time": "2015 Dec 9",
   "authors": [
      "Nedjadi, Taoufik",
      "El-Kafrawy, Sherif",
      "Sohrab, Sayed S.",
      "Despr\u00e8s, Philippe",
      "Damanhouri, Ghazi",
      "Azhar, Esam"
   ],
   "journal": "Virol J",
   "has_full_text": "True",
   "full_text_file": "comm_use_subset",
   "id": "https://doi.org/10.1186/s12985-015-0444-8",
   "pubtator": "PMC4673751",
   "fhir_link": [
      "Commercial/Composition/0cafb384b401aeefaa3286bb0cf76309434e2288"
   ]
}