{
   "sha": "8fd61d620483a0c7f420c44888a0f7607aa91eb3",
   "source_x": "Elsevier",
   "title": "Chapter 10 Laboratory Diagnosis of Virus Diseases",
   "doi": "10.1016/B978-0-12-375156-0.00010-2",
   "license": "els-covid",
   "abstract": "Abstract An accurate virus diagnosis invariably requires laboratory testing of clinical specimens for the presence of virus, viral antigens, or specific antibodies. The past few decades have seen a major revolution in the operation of virus diagnostic laboratories and in their role in clinical patient management. Virus isolation has been largely replaced by sensitive nucleic acid detection assays and the measurement of specific antibodies at a very high level of sensitivity and specificity.",
   "publish_time": "2017-12-31",
   "authors": [
      "Burrell, Christopher J.",
      "Howard, Colin R.",
      "Murphy, Frederick A."
   ],
   "journal": "Fenner and White's Medical Virology",
   "has_full_text": "True",
   "full_text_file": "custom_license",
   "id": "https://doi.org/10.1016/B978-0-12-375156-0.00010-2",
   "fhir_link": [
      "PMC/Composition/8fd61d620483a0c7f420c44888a0f7607aa91eb3"
   ]
}