{
   "sha": "3f21f365d6a8983fd6cf0406c66d2785d0c3a138",
   "source_x": "PMC",
   "title": "The Roles of RNase-L in Antimicrobial Immunity and the Cytoskeleton-Associated Innate Response",
   "doi": "10.3390/ijms17010074",
   "pmcid": "PMC4730318",
   "pubmed_id": "26760998",
   "license": "cc-by",
   "abstract": "The interferon (IFN)-regulated endoribonuclease RNase-L is involved in multiple aspects of the antimicrobial innate immune response. It is the terminal component of an RNA cleavage pathway in which dsRNA induces the production of RNase-L-activating 2-5A by the 2\u2032-5\u2032-oligoadenylate synthetase. The active nuclease then cleaves ssRNAs, both cellular and viral, leading to downregulation of their expression and the generation of small RNAs capable of activating retinoic acid-inducible gene-I (RIG-I)-like receptors or the nucleotide-binding oligomerization domain-like receptor 3 (NLRP3) inflammasome. This leads to IFN\u03b2 expression and IL-1\u03b2 activation respectively, in addition to broader effects on immune cell function. RNase-L is also one of a growing number of innate immune components that interact with the cell cytoskeleton. It can bind to several cytoskeletal proteins, including filamin A, an actin-binding protein that collaborates with RNase-L to maintain the cellular barrier to viral entry. This antiviral activity is independent of catalytic function, a unique mechanism for RNase-L. We also describe here the interaction of RNase-L with the E3 ubiquitin ligase and scaffolding protein, ligand of nump protein X (LNX), a regulator of tight junction proteins. In order to better understand the significance and context of these novel binding partners in the antimicrobial response, other innate immune protein interactions with the cytoskeleton are also discussed.",
   "publish_time": "2016 Jan 8",
   "authors": [
      "Ezelle, Heather J.",
      "Malathi, Krishnamurthy",
      "Hassel, Bret A."
   ],
   "journal": "Int J Mol Sci",
   "has_full_text": "True",
   "full_text_file": "comm_use_subset",
   "id": "https://doi.org/10.3390/ijms17010074",
   "pubtator": "PMC4730318",
   "fhir_link": [
      "Commercial/Composition/3f21f365d6a8983fd6cf0406c66d2785d0c3a138"
   ]
}