{
   "sha": "70948646d2777b7a433c7558b5c3488bdb77e526",
   "source_x": "PMC",
   "title": "Roles of the Picornaviral 3C Proteinase in the Viral Life Cycle and Host Cells",
   "doi": "10.3390/v8030082",
   "pmcid": "PMC4810272",
   "pubmed_id": "26999188",
   "license": "cc-by",
   "abstract": "The Picornaviridae family comprises a large group of non-enveloped viruses that have a major impact on human and veterinary health. The viral genome contains one open reading frame encoding a single polyprotein that can be processed by viral proteinases. The crucial 3C proteinases (3C(pro)s) of picornaviruses share similar spatial structures and it is becoming apparent that 3C(pro) plays a significant role in the viral life cycle and virus host interaction. Importantly, the proteinase and RNA-binding activity of 3C(pro) are involved in viral polyprotein processing and the initiation of viral RNA synthesis. In addition, 3C(pro) can induce the cleavage of certain cellular factors required for transcription, translation and nucleocytoplasmic trafficking to modulate cell physiology for viral replication. Due to interactions between 3C(pro) and these essential factors, 3C(pro) is also involved in viral pathogenesis to support efficient infection. Furthermore, based on the structural conservation, the development of irreversible inhibitors and discovery of non-covalent inhibitors for 3C(pro) are ongoing and a better understanding of the roles played by 3C(pro) may provide insights into the development of potential antiviral treatments. In this review, the current knowledge regarding the structural features, multiple functions in the viral life cycle, pathogen host interaction, and development of antiviral compounds for 3C(pro) is summarized.",
   "publish_time": "2016 Mar 17",
   "authors": [
      "Sun, Di",
      "Chen, Shun",
      "Cheng, Anchun",
      "Wang, Mingshu"
   ],
   "journal": "Viruses",
   "has_full_text": "True",
   "full_text_file": "comm_use_subset",
   "id": "https://doi.org/10.3390/v8030082",
   "pubtator": "PMC4810272",
   "fhir_link": [
      "Commercial/Composition/70948646d2777b7a433c7558b5c3488bdb77e526"
   ]
}