{
   "sha": "b061aea11013896c5d3a9c7c0c4f884397ad38d9",
   "source_x": "PMC",
   "title": "Animal Models of Cystic Fibrosis Pathology: Phenotypic Parallels and Divergences",
   "doi": "10.1155/2016/5258727",
   "pmcid": "PMC4908263",
   "pubmed_id": "27340661",
   "license": "cc-by",
   "abstract": "Cystic fibrosis (CF) is caused by mutations in the cystic fibrosis transmembrane conductance regulator (CFTR) gene. The resultant characteristic ion transport defect results in decreased mucociliary clearance, bacterial colonisation, and chronic neutrophil-dominated inflammation. Much knowledge surrounding the pathophysiology of the disease has been gained through the generation of animal models, despite inherent limitations in each. The failure of certain mouse models to recapitulate the phenotypic manifestations of human disease has initiated the generation of larger animals in which to study CF, including the pig and the ferret. This review will summarise the basic phenotypes of three animal models and describe the contributions of such animal studies to our current understanding of CF.",
   "publish_time": "2016 Jun 1",
   "authors": [
      "Lavelle, Gillian M.",
      "White, Michelle M.",
      "Browne, Niall",
      "McElvaney, Noel G.",
      "Reeves, Emer P."
   ],
   "journal": "Biomed Res Int",
   "has_full_text": "True",
   "full_text_file": "comm_use_subset",
   "id": "https://doi.org/10.1155/2016/5258727",
   "pubtator": "PMC4908263",
   "fhir_link": [
      "Commercial/Composition/b061aea11013896c5d3a9c7c0c4f884397ad38d9"
   ]
}