{
   "sha": "1ccc635c4d6c62091bbf7df3f8e4f36803ea1a32",
   "source_x": "PMC",
   "title": "First identification of mammalian orthoreovirus type 3 in diarrheic pigs in Europe",
   "doi": "10.1186/s12985-016-0593-4",
   "pmcid": "PMC4983005",
   "pubmed_id": "27519739",
   "license": "cc-by",
   "abstract": "Mammalian Orthoreoviruses 3 (MRV3) have been described in diarrheic pigs from USA and Asia. We firstly detected MRV3 in Europe (Italy) in piglets showing severe diarrhea associated with Porcine Epidemic Diarrhea. The virus was phylogenetically related to European reoviruses of human and bat origin and to US and Chinese pig MRV3.",
   "publish_time": "2016 Aug 12",
   "authors": [
      "Lelli, Davide",
      "Beato, Maria Serena",
      "Cavicchio, Lara",
      "Lavazza, Antonio",
      "Chiapponi, Chiara",
      "Leopardi, Stefania",
      "Baioni, Laura",
      "De Benedictis, Paola",
      "Moreno, Ana"
   ],
   "journal": "Virol J",
   "has_full_text": "True",
   "full_text_file": "comm_use_subset",
   "id": "https://doi.org/10.1186/s12985-016-0593-4",
   "pubtator": "PMC4983005",
   "fhir_link": [
      "Commercial/Composition/1ccc635c4d6c62091bbf7df3f8e4f36803ea1a32"
   ]
}