{
   "sha": "caadc408ff1144a53369c7e0f63634ff264be9ee",
   "source_x": "PMC",
   "title": "Evaluation of a new community-based curriculum in disaster medicine for undergraduates",
   "doi": "10.1186/s12909-016-0746-6",
   "pmcid": "PMC5000399",
   "pubmed_id": "27562428",
   "license": "cc-by",
   "abstract": "BACKGROUND: Nowadays, many medical schools include training in disaster medicine in undergraduate studies. This study evaluated the efficacy of a disaster medicine curriculum recently designed for Saudi Arabian medical students. METHODS: Participants were 15 male and 14 female students in their fourth, fifth or sixth year at Jazan University Medical School, Saudi Arabia. The course was held at the Research Center in Emergency and Disaster Medicine and Computer Sciences Applied to the Medical Practice in Novara, Italy. RESULTS: The overall mean score on a test given before the course was 41.0 % and it increased to 67.7 % on the post-test (Wilcoxon test for paired samples: z = 4.71, p < 0.0001). There were no significant differences between the mean scores of males and females, or between students in their fourth, fifth or sixth year of medical school. CONCLUSIONS: These results show that this curriculum is effective for teaching disaster medicine to undergraduate medical students. Adoption of this course would help to increase the human resources available for dealing with disaster situations.",
   "publish_time": "2016 Aug 26",
   "authors": [
      "Bajow, Nidaa",
      "Djalali, Ahmadreza",
      "Ingrassia, Pier Luigi",
      "Ragazzoni, Luca",
      "Ageely, Hussein",
      "Bani, Ibrahim",
      "Corte, Francesco Della"
   ],
   "journal": "BMC Med Educ",
   "has_full_text": "True",
   "full_text_file": "comm_use_subset",
   "id": "https://doi.org/10.1186/s12909-016-0746-6",
   "pubtator": "PMC5000399",
   "fhir_link": [
      "Commercial/Composition/caadc408ff1144a53369c7e0f63634ff264be9ee"
   ]
}