{
   "sha": "02b49c1ad3decbf31774e878695ba1a778057894",
   "source_x": "Elsevier",
   "title": "Chapter 40 Integration of Specialized Research Services into Clinical Laboratory Operations",
   "doi": "10.1016/B978-0-12-382167-6.00040-0",
   "license": "els-covid",
   "abstract": "The clinical laboratory can play a useful role in a clinical research program at multiple levels including assistance in developing a laboratory test menu during protocol design, often focused on identifying testing approaches that address specific research questions. Laboratory staff also can provide important input in test performance and test result interpretation in the setting of the specific research questions. In addition, the laboratory can collaborate with investigators in identifying available test methods or developing new testing that will be useful answering specific questions raised in the protocol. Finally, the clinical laboratory can provide important support in translating research questions into new laboratory methods that may not only be useful for the protocol but that may mature into alternative diagnostic or therapeutic applications for patient care. As a model, we outline the approach taken in our laboratory in support of clinical research performed at the National Institutes of Health (NIH) Clinical Center.",
   "publish_time": "2012-12-31",
   "authors": [
      "Remaley, Alan T.",
      "Murray, Patrick R.",
      "Fleisher, Thomas A."
   ],
   "journal": "Principles and Practice of Clinical Research",
   "has_full_text": "True",
   "full_text_file": "custom_license",
   "id": "https://doi.org/10.1016/B978-0-12-382167-6.00040-0",
   "fhir_link": [
      "PMC/Composition/02b49c1ad3decbf31774e878695ba1a778057894"
   ]
}