{
   "sha": "250c1f24a22bcb81973ea532f8236838987e0872",
   "source_x": "PMC",
   "title": "The 12th Edition of the Scientific Days of the National Institute for Infectious Diseases \u201cProf. Dr. Matei Bals\u201d and the 12th National Infectious Diseases Conference: Bucharest, Romania. 23\u201325 November 2016",
   "doi": "10.1186/s12879-016-1877-4",
   "pmcid": "PMC5103241",
   "license": "cc-by",
   "abstract": "A1 The outcome of patients with recurrent versus non-recurrent pneumococcal meningitis in a tertiary health-care hospital in Bucharest Cristian-Mihail Niculae, Eliza Manea, Raluca Jipa, Simona Merisor, Ruxandra Moroti, Serban Benea, Adriana Hristea A2 Influence of bacteriophages on sessile Gram-positive and Gram-negative bacteria Alina Cristina Negu\u021b, Oana S\u0103ndulescu, Anca Streinu-Cercel, Dana M\u0103rculescu, Magdalena Lorena Andrei, Veronica Ilie, Marcela Popa, Coralia Bleotu, Carmen Chifiriuc, Mircea Ioan Popa, Adrian Streinu-Cercel A3 The utility of inflammatory biomarkers in the prognostic evaluation of septic patients \u2013 past, present and future Alina Orfanu, Cristina Popescu, Anca Leu\u0219tean, Remulus Catan\u0103, Anca Negru, Alexandra Badea, Radu Orfanu, C\u0103t\u0103lin Tili\u0219can, Victoria Aram\u0103, \u015etefan Sorin Aram\u0103 A4 Etiologic and clinical features of bacterial meningitis in infants Constan\u021ba-Angelica Vi\u0219an, Anca-Cristina Dr\u0103g\u0103nescu, Anu\u021ba Bila\u0219co, Camelia Kouris, M\u0103d\u0103lina Meri\u0219escu, Magdalena Vasile, Diana-Maria Slavu, Sabina Vintil\u0103, Endis Osman, Alina Oprea, Sabina Sandu, Monica Luminos A5 The diagnostic and prognostic role of neutrophil to lymphocyte count ratio in sepsis Alina Orfanu, Victoria Aram\u0103, \u015etefan Sorin Aram\u0103, Anca Leu\u015ftean, Remulus Catan\u0103, Anca Negru, Gabriel Adrian Popescu, Cristina Popescu A6 Whooping cough in a HIV positive patient Ramona Georgiana Stanculete, Ana Vaduva Enoiu, Adelina Raluca Marinescu, Voichita Lazureanu A7 Cronobacter sakazakii sepsis in varicella patient Adelina-Raluca Marinescu, Alexandru Cri\u0219an, Voichi\u021ba L\u0103zureanu, Virgil Musta, Narcisa Nicolescu, Ruxandra Laza A8 Anaerobes an underdiagnosed cause of prosthesis joint infection Anca-Ruxandra Negru, Daniela-Ioana Munteanu, Raluca Mih\u0103ilescu, Remulus Catan\u0103, Olga Dorob\u0103\u021b, Alexandru Rafila, Emilia C\u0103praru, Marius Niculescu, Rodica Marinescu, Olivera Lupescu, Vlad Predescu, Adrian Streinu-Cercel, Victoria Aram\u0103, Daniela T\u0103l\u0103pan A9 Streptococcus pneumoniae meningitis presenting with normal CSF \u2013 case presentation Ramona \u0218tefania Popescu, Lumini\u021ba Bradu, Drago\u0219 Florea, Adrian Streinu-Cercel A10 Extrapulmonary manifestations of infection with Mycoplasma pneumoniae \u2013 study on 24 cases Daniela Anicuta Leca, Elena Bunea, Andra Teodor, Egidia Miftode A11 The molecular diagnosis of severe bacterial sepsis in pediatric population M\u0103d\u0103lina Meri\u0219escu, Gheorghi\u021b\u0103 Jugulete, Adrian Streinu-Cercel, Drago\u0219 Florea, Monica Luminos A12 Acute Staphylococcus aureus endocarditis with multiple septic complications in a patient with diabetes mellitus \u2013 case presentation Ramona \u0218tefania Popescu, Anamaria Dobrot\u0103, Adina Ilie, Liliana Lucia Preo\u021bescu A13 Is Streptococcus suis meningitis an under-diagnosed zoonosis? Adriana Hristea, Raluca Jipa, Nicoleta Irimescu, Irina Panait, Eliza Manea, Simona Merisor, Cristian Niculae, Daniela T\u0103l\u0103pan A14 Klebsiella pneumoniae isolated from blood. Antimicrobial resistance \u2013 past and present Liana C\u0103t\u0103lina Gavriliu, Otilia Elisabeta Benea, \u0218erban Benea, Alexandru Rafila, Olga Dorob\u0103\u021b, Mona Popoiu A15 Antibiotics resistance in Staphylococcus aureus isolated from blood cultures Livia Dragonu, Augustin Cup\u015fa, Iulian Diaconescu, Irina Niculescu, Lucian Giubelan, Florentina Dumitrescu, Andreea Cristina Stoian, Camelia Gu\u0163\u0103, Simona Puiu A16 Predominance of CTX-M enzymes in extended-spectrum \u03b2-lactamase-producing Enterobacteriaceae in two hospitals of Quebec City Bunescu Irina, Marilyse Vall\u00e9e, Ann Huletsky, Dominique K. Boudreau, \u00c8ve B\u00e9rub\u00e9, Richard Giroux, Jean Longtin, Yves Longtin, Michel G. Bergeron A17 Postoperative meningoencephalitis with Acinetobacter baumannii XDR \u2013 a therapeutic challenge - Case report Cleo Nicoleta Ro\u0219cule\u021b, Dalila-Ana Toma, Catrinel Ciuca, Daniela T\u0103l\u0103pan, C\u0103t\u0103lin Apostolescu, Andrei Rogoz, Andrei Stangaciu, Viorica Mitescu, Tudor Vladoiu, Doina Iov\u0103nescu A18 Septic arthritis with Burkholderia cepacia Michaela Oana, Simona Costin A19 A novel approach for managing hard-to-treat infections Alina Cristina Negu\u021b, Oana S\u0103ndulescu, Anca Streinu-Cercel, Maria Magdalena Mo\u021boi, Mircea Ioan Popa, Adrian Streinu-Cercel A20 Nineteen months surveillance for multidrug resistant organisms (MDRO) by detecting asymptomatic colonization Daniela T\u0103l\u0103pan, Olga Mihaela Dorob\u0103\u021b, Mona Popoiu, Alexandru Mihai, Doina Iov\u0103nescu, Cleo Ro\u015fcule\u021b, C\u0103t\u0103lin Apostolescu, Gabriel-Adrian Popescu, Adrian Abagiu, Ruxandra Moroti-Constantinescu, Adriana Hristea, Victoria Aram\u0103, Otilia Benea, M\u0103d\u0103lina Simoiu, Rodica Bacruban, Adrian Streinu-Cercel, Alexandru Rafila A21 Antimicrobial resistance of Gram-positive cocci isolated from clinical specimens in the National Institute of Infectious Diseases \u201cProf Dr. Matei Bal\u0219\u201d between 2009\u20132015 Olga Mihaela Dorob\u0103\u021b, Daniela T\u0103l\u0103pan, Alexandru Mihai, Ioana B\u0103dicu\u021b, Mona Popoiu, Alina Borcan, Alexandru Rafila A22 The high percentage of carbapenem-resistant Gram-negative bacilli in Romania: an analysis and some proposals Gabriel Adrian Popescu A23 Etiological, clinical and therapeutic considerations on 78 cases of healthcare associated meningitis or ventriculitis admitted in the \u201cSf. Parascheva\u201d infectious diseases clinical hospital, Ia\u0219i, from 2011 to 2015 Mihnea Hurmuzache, Georgiana Enache, Alexandra Ciocan, Mircea Bararu, Madalina Popazu A24 Nosocomial infection dynamics in an Intensive Care Department \u2013 an overview (epidemiological and clinical monitoring, advanced therapeutic intervention). Doina Viorica Iov\u0103nescu, Cleo Nicoleta Ro\u0219cule\u021b, Andrei Rogoz C\u0103t\u0103lin Gabriel Apostolescu, Viorica Mitescu(,) Tudor Vladoiu, Dalila Toma, Catrinel Ciuca A25 Safety and efficacy of interferon free treatment in patients with HCV chronic hepatitis- experience of a single Internal Medicine center Laura Iliescu, Georgiana Minzala, Letitia Toma, Mihaela Baciu, Alina Tanase, Carmen Orban A26 Viusid in treatment of chronic viral hepatitis B and C Victor Pantea, Gheorghe Placinta, Valentin Cebotarescu, Lilia Cojuhari, Paulina Jimbei A27 The management of hyperbilirubinemia in HCV cirrhotic patients who underwent therapy with direct acting antivirals Cristina Popescu, Anca Leu\u0219tean, Cristina Dragomirescu, Alina Orfanu, Cristina Murariu, Lauren\u021biu Stratan, Alexandra Badea, C\u0103t\u0103lin Tili\u0219can, Daniela Munteanu, Raluca N\u0103stase, Violeta Molagic, Mihaela R\u0103dulescu, Remulus Catana, Victoria Aram\u0103 A28 The efficacy of ombitasvir-paritaprevir/ritonavir, dasabuvir and ribavirin in patients with genotype 1 HCV compensated cirrhosis Cristina Popescu, Lauren\u021biu Stratan, Remulus Catana, Anca Leu\u0219tean, Cristina Dragomirescu, Alexandra Badea, Cristina Murariu, Raluca N\u0103stase, Violeta Molagic, Daniela Munteanu, C\u0103t\u0103lin Tili\u0219can, Mihaela R\u0103dulescu, Alina Orfanu, Ioan Diaconu, Anca Negru, Iulia Bodosca, Violeta Ni\u021b\u0103, Victoria Aram\u0103 A29 The efficacy of direct acting antivirals regimen without ribavirin in HCV genotype 1b infected patients with compensated cirrhosis Anca Leu\u0219tean, Victoria Aram\u0103, Alina Orfanu, Remulus Catana, Lauren\u021biu Stratan, Cristina Dragomirescu, Cristina Murariu, Alexandra Badea, C\u0103t\u0103lin Tili\u0219can, Daniela Munteanu, Violeta Molagic, Raluca N\u0103stase, Mihaela R\u0103dulescu, Cristina Popescu A30 Liver decompensation during ombitasvir-paritaprevir/ritonavir-dasabuvir and ribavirin regimen in HCV infected patients with Child-Pugh A cirrhosis Cristina Popescu, Cristina Dragomirescu, Anca Leu\u0219tean, Cristina Murariu, Lauren\u021biu Stratan, Alexandra Badea, Remulus Catan\u0103, Alina Orfanu, Raluca Mihaela N\u0103stase, Violeta Molagic, Daniela Munteanu, C\u0103t\u0103lin Tili\u0219can, Victoria Aram\u0103 A31 The safety of direct acting antivirals in HCV compensated cirrhotic patients - an interim analysis Victoria Aram\u0103, Remulus Catan\u0103, Cristina Dragomirescu, Cristina Murariu, Anca Leu\u0219tean, Lauren\u021biu Stratan, Alexandra Badea, Alina Orfanu, Anca Negru, Raluca N\u0103stase, Violeta Molagic, Daniela Munteanu, C\u0103t\u0103lin Tili\u0219can, Mihaela R\u0103dulescu, Ioan Diaconu, Violeta Ni\u021b\u0103, Iulia Bodo\u0219ca, Cristina Popescu A32 The access of patients with HCV compensated cirrhosis to the National Program of therapy with direct acting antivirals Cristina Popescu, Alexandra Badea, Anca Leu\u0219tean, Alina Orfanu, Anca Negru, Lauren\u021biu Stratan, Cristina Dragomirescu, Remulus Catan\u0103, Cristina Murariu, Violeta Molagic, Raluca N\u0103stase, C\u0103t\u0103lin Tili\u0219can, Daniela Munteanu, Mihaela R\u0103dulescu, Ioan Diaconu, Violeta Ni\u021b\u0103, Iulia Bodo\u0219ca, Victoria Aram\u0103 A33 Severe reactivation of chronic hepatitis B after discontinuation of nucleos(t)ide analogues \u2013 a case series Cristina Popescu, Alina Orfanu, Anca Leu\u0219tean, Alexandra Badea, Lauren\u021biu Stratan, Remulus Catan\u0103, C\u0103t\u0103lin Tili\u0219can, Victoria Aram\u0103 A34 The dynamic of hematological disorders during direct acting antivirals therapy for HCV compensated cirrhosis Cristina Popescu, Cristina Murariu, Cristina Dragomirescu, Anca Leu\u0219tean, Lauren\u021biu Stratan, Alina Orfanu, Alexandra Badea, Remulus Catan\u0103, Anca Negru, C\u0103t\u0103lin Tili\u0219can, Daniela Munteanu, Mihaela R\u0103dulescu, Violeta Molagic, Raluca Mihaela N\u0103stase, Ioan Alexandru Diaconu, Iulia Bodo\u0219ca, Violeta Ni\u021b\u0103, Victoria Aram\u0103 A35 Behaviors, attitudes and risk factors for viral hepatitis in international medical students vs. the general population in Romania Yagmur Erturk, Oana S\u0103ndulescu, Alina Cristina Negu\u021b, Claudiu Mihai \u0218chiopu, Adrian Streinu-Cercel, Anca Streinu-Cercel A36 Characteristics of hepatitis C virus reactivation due to immunosuppressive therapy in Romanian HCV infected patients with hematological malignancies Violeta Molagic, C\u0103t\u0103lin Tili\u0219can, Cristina Popescu, Raluca Mih\u0103ilescu, Daniela Munteanu, Raluca N\u0103stase, Anca Negru, Angelica Tenita, Victoria Aram\u0103, \u0218tefan Sorin Aram\u0103 A37 The dynamic IFN-gamma serum levels during successful peginterferon-a 2a/ribavirin therapy in HCV chronic infection Simona Alexandra Iacob, Diana Gabriela Iacob, Monica Luminos A38 Overlapping risk factors for transmission of HBV, HCV and HIV in the general population in Romania Anca Streinu-Cercel, Oana S\u0103ndulescu, Mioara Predescu, Alexandra M\u0103rd\u0103rescu, C\u0103t\u0103lin Tili\u0219can, Mihai S\u0103ndulescu, Claudiu Mihai \u0218chiopu, Adrian Streinu-Cercel A39 Acute hepatitis - an uncommon neurological complication Cleo Nicoleta Ro\u0219cule\u021b, Catrinel Olimpia Ciuca, Dalila Ana Toma, C\u0103t\u0103lin Gabriel Apostolescu, Andrei Rogoz, Cristina Elena Mitu, Andrei Stangaciu, Viorica Daniela Mitescu, Tudor Gheorghe Vladoiu, Doina Viorica Iov\u0103nescu A40 Regression of liver fibrosis following sustained virological response in patients with chronic HCV infection and cirrhosis Oana S\u0103ndulescu, Anca Streinu-Cercel, Monica Andreea Stoica, Liliana Lucia Preo\u021bescu, Daniela Manolache, Gabriela Jana Ceapraga, Maria Magdalena Mo\u021boi, Lumini\u021ba Bradu, Adina Ilie, Gabriela Mircea, Ionel Durbal\u0103, Adrian Streinu-Cercel A41 Preliminary results of treatment with sofosbuvir and daclatasvir of patients with chronic hepatitis C Irina Russu, Tiberiu Holban, Tatiana Pantilimonov, Galina Chiriacov, Arcadie Macvovei, Elena Scorohodico, Oleg Dmitriev A42 HIV-syphilis coinfection Diana Alexandra Costache, Anca Benea, Eliza Manea, Cristian Niculae, Raluca Jipa, Adriana Hristea, Elisabeta Benea, Ruxandra Moroti, \u0218erban Benea A43 Thrombophilia \u2013 additional risk factor for the evolution of pregnancy in HIV-positive patients Mihai Mitran, Carmen Georgescu, Loredana Mitran, Simona Vladareanu A44 The incidence of oropharyngeal candidiasis in hospitalized HIV infected pediatric Romanian cohort between 1 January - 31 December 2015 Andreea Ioana Magirescu, Viorica Andreev, Cristina Nicolau, Alexandra Largu, Carmen Dorobat, Carmen Manciuc A45 TB incidence in HIV infected patients during the year of 2015 Viorica Andreev, Andreea Ioana Magirescu, Ina Isac, Cristina Nicolau, Alexandra Largu, Carmen Dorobat, Carmen Manciuc A46 Retrospective analysis of HIV/AIDS deaths recorded in the Clinical Infectious Diseases Hospital, Constan\u021ba in the period 01 January 2014\u201330 June 2016. Epidemiological considerations. Iulia Gabriela \u0218erban, Ghiulendan Resul, Consuela Marca\u0219 A47 Acute liver failure with favorable evolution in an HIV-HBV coinfected patient Iosif Marincu, Patricia Poptelecan, Bogdan Trinc\u0103, Sorina Mitrescu, Anca Tudor, Daliborca Vlad, Livius Tirnea A48 Lifestyle impact on HIV management Nurcan Baydaroglu, Alina Cristina Negu\u021b, Oana S\u0103ndulescu, Daniela Manolache, Gabriela Ceapraga, Monica Andreea Stoica, Anca Streinu-Cercel, Adrian Streinu-Cercel 49. HIV positive mothers newborns - clinical experience from January 2012 to June 2016 Carmen Manciuc, Mariana Pagute, Cristina Nicolau, Carmen Dorob\u0103\u021b, Alexandra Largu A50 Rediscovering HIV-associated progressive multifocal leukoencephalopathy and HIV encephalopathy: clinical suspicion and subsequent brain autopsies Ioan-Alexandru Diaconu, Lauren\u021biu Stratan, Daniela Ion, Luciana Nichita, Cristina Popescu, Raluca N\u0103stase, Daniela Munteanu, Violeta Molagic, C\u0103t\u0103lin Tili\u0219can, Mihaela R\u0103dulescu, Alexandra Diaconu, Anca Negru, Alina Orfanu, Cristina Dragomirescu, Remulus Catan\u0103, Anca Leu\u0219tean, Irina Duport-Dodot, Cristina Murariu, Iulia Bodo\u0219ca, Violeta Ni\u021b\u0103, Alexandra Badea, Victoria Aram\u0103 A51 Antenatal surveillance of pregnant women with risk behavior and its impact on mother-to-child HIV transmission in Romania Mariana M\u0103rd\u0103rescu, Cristina Petre, Marieta Iancu, Rodica Ungurianu, Alina Cibea, Ruxandra Dr\u0103ghicenoiu, Ana Maria Tudor, Delia Vlad, Sorin Petrea, Carina Matei, Dan O\u021belea, Carmen Cr\u0103ciun, Cristian Anghelina, Alexandra M\u0103rd\u0103rescu A52 Noninvasive assessments (APRI, Fib-4, transient elastography) of fibrosis in patients with HIV and HIV/HBV infection Elena Dumea, Adrian Streinu-Cercel, Sorin Rugin\u0103, Lucian Cristian Petcu, Stela Halichidis, Simona Claudia Cambrea A53 Undetectable HIV viral load \u2013 the main goal in the management of HIV-infected patients Carmen Chiriac, Nina-Ioana Bodnar, Iringo-Erzsebet Zaharia-Kezdi, Cristina G\u00eerbovan, Andrea Incze, Anca Meda Georgescu A54 LPS serum levels and correlation with immunological, virological and clinical outcome in HIV infected patients Simona Alexandra Iacob, Diana Gabriela Iacob, Eugenia Panaitescu, Monica Luminos, Manole Cojocaru A55 LL37 human cathelicidin serum levels are positively correlated with IFN gamma and alanine aminotransferase level in HCV infection Simona Alexandra Iacob, Diana Gabriela Iacob, Monica Luminos A56 Early diagnosis of pulmonary tuberculosis in a non-compliant HIV/AIDS late presenter patient Vochita Lauren\u021biu, Vochita Andreia, Opreanu Radu, Trinca Bogdan, Rosca Ovidiu, Marincu Iosif A57 Evolution of antiretroviral regimens in na\u03cave patients in 2016 Ramona Zamfir, Alina Angelescu, Alena Andreea Popa, Raluca Jipa, Ruxandra Moroti, Adriana Hristea, Liana Gavriliu, \u0218erban Benea, Elisabeta Benea A58 The unfavorable risk factors for HIV infected persons with positive blood cultures hospitalized at the National Institute for Infectious Diseases \u201cProf. Dr. Matei Bal\u0219\u201d in 2015 Alena-Andreea Popa, Georgeta Ducu, Daniela Camburu, Alina Cozma, Manuela Podani, Roxana Dumitriu, Liana Gavriliu, \u0218erban Benea, Elisabeta Benea A59 Epidemiological aspects of HIV infection in Oltenia region Andreea Cristina Stoian, Florentina Dumitrescu, Augustin Cup\u0219a, Lucian Giubelan, Irina Niculescu, Loredana Ionescu, Livia Dragonu A60 HIV risk behaviors and prevalence among patients in methadone maintenance therapy (MMT) from Arena center, Bucharest Adrian Octavian Abagiu, Loredana Nicoleta Stoica, Catrinel Blaga, Archontis Koulosousas, Roxana \u0218tef\u0103nescu, Alice Atomoaie, Florentina Paraschiv, Florin Matache Duna A61 Therapeutic options in a case of severe psoriasis associated with both HIV infection and hepatitis C virus previously treated with fumaric acid esters Rodica Olteanu, Roxana Ion, Alexandra Zota, Isra Ennour Jaballah, Lara Mahfoud, Georgeta Preda, Magda Constantin A62 Prevalence of autoantibodies against gangliosides in asymptomatic HIV-infected patients Ilinca Nicolae, Corina Daniela Ene, M\u0103d\u0103lina Irina Mitran, Vasile Benea, Mircea Tampa, Simona Roxana Georgescu A63 Subclinical inflammation in HIV-infected patients undergoing antiretroviral therapy \u2013 a cross sectional study Iulia Cristina Bodo\u0219ca, Cristina Murariu, C\u0103t\u0103lin Tili\u0219can, Victoria Aram\u0103, Cristina Popescu, Daniela Munteanu, Mihaela R\u0103dulescu, Violeta Molagic, Raluca N\u0103stase, Alina Orfanu, Anca Leu\u0219tean, Remulus Catan\u0103, Anca Negru, Adrian Streinu-Cercel, Sorin Aram\u0103 A64 Severe Guillain-Barr\u00e9 syndrome occurring after chickenpox with favorable evolution Iuliana CAram\u0103ngiu, Ovidiu Rosca, Monica Cialma, Radu Opreanu, Lauren\u021biu Vochita, Iosif Marincu A65 Echovirus 30 infection with pulmonary and cardiac complications \u2013 case report Vlad Mur\u0103rescu, Marilena Palaghi\u021b\u0103, Alina Cristina Negu\u021b, Cornel Camburu, Adrian Streinu-Cercel A66 Herpetic encephalitis with favorable evolution in an adult immunocompetent patient Irina Du\u015fan, Patricia Poptelecan, Bogdan Trinc\u0103, Sorina Mitrescu, Livius Tirnea, Iosif Marincu A67 Clinical-evolutional aspects in present-day measles Narcisa Nicolescu, Alexandru Cri\u0219an, Voichi\u021ba L\u0103zureanu, Ruxandra Laza, Virgil Musta, Adelina-Raluca Marinescu, Andreea B\u00eerlad A68 Pneumococcal superinfection in children with influenza Victor Daniel Miron, Anca Cristina Dr\u0103g\u0103nescu, Constan\u021ba-Angelica Vi\u0219an, Anu\u021ba Bila\u0219co, Daniela Pi\u021bigoi, Oana S\u0103ndulescu, Monica Lumini\u021ba Luminos A69 Varicella complicated with transverse myelitis - case presentation Monica Luminos, Endis Osman, Magdalena Vasile, Anca Cristina Dr\u0103g\u0103nescu, Constan\u021ba-Angelica Vi\u0219an, Anu\u021ba Bila\u0219co, Camelia Kouris, Sabina \u0218chiopu, M\u0103d\u0103lina Meri\u0219escu A70 Clinical forms of enterovirus infections during the summer season of 2016 Monica Luminos, Anca Cristina Dr\u0103g\u0103nescu, Constan\u021ba-Angelica Vi\u0219an, Anu\u021ba Bila\u0219co, Camelia Kouris, Endis Osman, Sabina Vintil\u0103, Magda Vasile, M\u0103d\u0103lina Meri\u0219escu A71 Face off \u2013 HIV and lymphoma \u2013 case series presentation Liana C\u0103t\u0103lina Gavriliu, Otilia Elisabeta Benea, Alina Angelescu, Ramona Zamfir, Daniela Camburu, Georgeta Ducu, Alina Cozma, Roxana Dumitriu, Manuela Podani, \u0218erban Benea, Mihaela Ionic\u0103 A72 Coxsackie infection complicated by pancytopenia \u2013 pediatric case report Gheorghi\u021b\u0103 Jugulete, Adina St\u0103ncescu, Cristina Elena Popescu, Lumini\u021ba Marin, Diana Zaharia, Cristina Dumitrescu, Lucia Tudor, Sabina Vintil\u0103 A73 Viral respiratory infections in children in the season 2015\u20132016 Constan\u021ba-Angelica Vi\u0219an, Anca Cristina Dr\u0103g\u0103nescu, Anu\u021ba Bila\u0219co, Magda Vasile, M\u0103d\u0103lina Meri\u0219escu, Camelia Kouris, Cristina Negulescu, Endis Osman, Diana-Maria Slavu, Sabina Vintil\u0103, Daniela Pi\u021bigoi, Monica Luminos A75 The severity of A H1N1 Influenza infection in the 2015\u20132016 season Cleo Ro\u0219cule\u021b, Catrinel Olimpia Ciuca, Dalila Toma, C\u0103t\u0103lin Apostolescu, Andrei Rogoz, Andrei Stangaciu, Viorica Mitescu, Doina Iov\u0103nescu, Cornel Camburu, Bogdana Manu A76 Acute respiratory distress syndrome in a child with measles Ana Vaduva-Enoiu, Ramona Georgiana Stanculete, Adelina Raluca Marinescu, Voichita Elena Lazureanu A77 Management challenges of right-sided infectious endocarditis in an HIV positive patient \u2013 case presentation Elena-Violeta Ni\u021b\u0103, S\u00eenziana Dumitru, Daniela-Ioana Munteanu, Anca Ruxandra Negru, Remulus Catan\u0103, Ioan Diaconu, Bogdana Manu, Ligia Ionescu, Liliana Ion, C\u0103t\u0103lin Tili\u0219can, Victoria Aram\u0103 A78 Bacterial infection in critical patients with severe A H1N1 influenza virus infection (epidemiology, development, therapeutic decisions) Doina Viorica Iov\u0103nescu, Cleo Nicoleta Ro\u0219cule\u021b, Andrei Rogoz, C\u0103t\u0103lin Apostolescu, Viorica Mitescu, Tudor Vladoiu, Dalila Toma, Catrinel Ciuca A79 Epidemiological aspects of severe acute respiratory infection cases (SARI) in the season 2015\u20132016, in the Clinical Hospital of Infectious Diseases \u2013 Constan\u021ba, Romania Iulia Gabriela \u0218erban, Marioara Neac\u0219u A80Overexpression of IL-6 trans signaling pathway in viral infections Simona Roxana Georgescu, Vasile Benea, Corina Daniela Ene, Mircea Tampa, Cristina Iulia Mitran, Ilinca Nicolae A81 Acute viral hepatitis B with persistent HBsAg \u2013 description and evolution George Ciprian Pribac, Mirandolina Prisca, Fulvia Ursoiu, Carmen Neamtu, Bogdan Totolici, Coralia Cotoraci, Aurel Ardelean A82 Prevalence of cervical pathogens in a population of pregnant female patients monitored in a tertiary care hospital in Bucharest, Romania Simona Elena Albu, Mara Carsote, Beatrice Micl\u0103u\u0219, Diana Mihai, Oana S\u0103ndulescu, Cristina Vasiliu A83 Prevalence of group B Streptococcus during pregnancy in a cohort of patients monitored in a tertiary care hospital in Bucharest, Romania Cristina Vasiliu, Mara Carsote, Corina Gorgoi, Beatrice Micl\u0103u\u0219, Diana Mihai, Oana S\u0103ndulescu, Simona Elena Albu A84 Infectious hematoma in the gastrocnemius muscle \u2013 case presentation Amelia Blescun, Gelu Breaza A85 Reflections towards the underexplored HTLV Romanian viral circulation - adult T\u2010cell leukemia/lymphomas, a case series Sabina Vintila, Felicia Mihai, Meilin Omer, Cornel Dragan, Daniela Pitigoi A86 A febrile confusion syndrome with acute onset \u2013 case presentation Mirela Ciucu, Marius-Dan Ionescu, Cristina Roskanovic, Valentina Barbu, Iulian Diaconescu, Florentina Dumitrescu, Irina Niculescu A87 Retrobulbar optic neuritis in a HIV-positive patient - case report Mihaela Ionic\u0103, Ramona-Alexandra Zamfir, Alina Cozma, Otilia Elisabeta Benea A88 A rare presentation of Q fever \u2013 case presentation Alexandra-S\u00eenziana Dumitru, Daniela-Ioana Munteanu, Violeta Ni\u021b\u0103, Cristina Popescu, Iulia Bodosca, Angelica Tenita, Viorica Ispas, Victoria Aram\u0103 A89 Tinea incognita \u2013 case presentation Vasile Benea, Simona Roxana Georgescu, Mircea Tampa, Diana Oana Leahu, Cristina Maria Safta, Mihaela Anca Benea A90 Incidence and risk factors associated with TORCH infections during pregnancy Oana S\u0103ndulescu, Octavian Munteanu, Roxana Boh\u00e2l\u021bea, Livia Tra\u0219c\u0103, Monica C\u00eerstoiu A91 Acute respiratory failure in critical patients with sepsis Doina Viorica Iov\u0103nescu, Cleo Nicoleta Ro\u0219cule\u021b, Andrei Rogoz, C\u0103t\u0103lin Gabriel Apostolescu, Viorica Daniela Mitescu, Tudor Gheorghe Vladoiu, Dalila Toma, Catrinel Ciuca A92 Cochleo-vestibular deficit secondary to Granulicatella elegans meningitis M\u0103d\u0103lina Georgescu A93 Influenza 2015/2016 \u2013 clinical, epidemiological and virological characteristics of cases admitted in three infectious diseases hospitals Daniela Pi\u021bigoi, Alina Elena Ivanciuc, Mihaela Lazar, Teodora Ionescu, Carmen Maria Cherciu, Cristina \u021aecu, Maria Elena Mihai, Maria Ni\u021bescu, Rodica Bacruban, Delia Azamfire, Aura Dumitrescu, Elena Ianosik, Daniela Leca, Elena Duca, Andra Teodor, Codrina Bejan, Emanoil Ceau\u0219u, Simin-Aysel Florescu, Corneliu Popescu, Gra\u021biela T\u00e2rdei, Codrina Juganariu, Emilia Lupulescu A94 Severe complications of varicella requiring hospitalization in previously healthy children in Bra\u0219ov county Ligia Rodina, Maria Elena Cocuz A95 Clinical forms of Clostridium difficile colitis in children Gheorghi\u021b\u0103 Jugulete, Adina St\u0103ncescu, Cristina Elena Popescu, Lumini\u021ba Marin, Diana Zaharia, Cristina Dumitrescu, Endis Osman A96 Community-acquired pneumonia \u2013 demographic, clinical and etiological aspects Irina Niculescu, Augustin Cup\u0219a, Iulian Diaconescu, Florentina Dumitrescu, Livia Dragonu, Andreea Stoian, Lucian Giubelan, Cristina Roskanovic A97 Acute myocarditis in an adult patient with chickenpox - Case report Ramona-Alexandra Zamfir, Mihaela Ionica, Otilia-Elisabeta Benea A98 Caustic oropharyngeal wound with acute group F streptococcal superinfection mimicking diphtheria \u2013 case report and differential diagnosis Maria-Cristina S\u00eerbu, AnaMaria Dobrot\u0103, Alina Cristina Negu\u021b, Roxana Duda, Rodica Bacruban, Daniela Pi\u021bigoi, Cristiana Cerasella Dragomirescu, Daniela T\u0103l\u0103pan, Olga Dorob\u0103\u021b, Adrian Streinu-Cercel, Anca Streinu-Cercel A99 Clostridium difficile infection in HIV-positive patients admitted in the National Institute for Infectious Diseases \u201cProf. Dr. Matei Bal\u0219\u201d in 2015 Mihaela Ionica, Ramona-Alexandra Zamfir, Alina Cozma, Otilia Elisabeta Benea A100 Title: Epidemiology of Candida oral infections (stomatitis) in Romania Sergiu Fendrihan, Ecaterina Scortan, Mircea Ioan Popa A101 Anthrax case series in south-eastern Romania Corneliu P Popescu, \u0218erban N Benea, Andra E Petcu, Adriana Hristea, Adrian Abagiu, Iuliana A Podea, Raluca E Jipa, Georgeta Ducu, Raluca M Hri\u0219c\u0103, Drago\u0219 Florea, Manuela Nica, Eliza Manea, Simona Meri\u0219or, Cristian M Nicolae, Simin A Florescu, Irina M Dumitru, Emanoil Ceau\u0219u, Sorin Rugin\u0103, Ruxandra V Moroti A102 Knowledge, risk perception and attitudes of healthcare workers at the National Institute for Infectious Diseases \u201cProf. Dr. Matei Bal\u0219\u201d regarding Ebola Daniela Pi\u021bigoi, Teodora Ionescu, Oana S\u0103ndulescu, Maria Ni\u021bescu, Bogdan Ni\u021bescu, Iulia Monica Musta\u0163\u0103, Sorina Claudia Boldeanu, Florentina Furtunescu, Adrian Streinu-Cercel A103 A case of abdominopelvic actinomycosis with successful short-term antibiotic treatment Diana Gabriela Iacob, Simona Alexandra Iacob, Mihaela Gheorghe A104 A case of pneumonia caused by Raoultella planticola Iulian Diaconescu, Irina Niculescu, Floretina Dumitrescu, Lucian Giubelan A105 Vitamin D deficiency and sepsis in childhood Adriana Slavcovici, Raluca Tripon, Roxana Iubu, Cristian Marcu, Mihaela Sabou, Monica Muntean A106 The clinical and epidemiological aspects and prophylaxis of Lyme disease among patients who presented with tick bites to the Clinical Infectious Disease Hospital \u201cToma Ciorb\u0103\u201d Ion Chiriac, Tiberiu Holban, Liviu Tazlavanu A107 Drug-resistant tuberculosis in HIV infected patients Raluca Jipa, Eliza Manea, Roxana Cernat, Kezdi Iringo, Andrei V\u00e2\u021b\u0103, Manuela Arbune, Teodora Moisil, Adriana Hristea A108 Kidney injury molecule-1 and urinary tract infections Corina-Daniela Ene, Ilinca Nicolae, Roxana Simona Georgescu A109 The impact of microbiological agents on serum gangliosides in patients with benign prostate hyperplasia Corina-Daniela Ene, Cosmin-Victor Ene, Roxana Simona Georgescu, Marilena Ciortea , Lucre\u021bia Dulgheru, Ilinca Nicolae A110 Toxocariasis - the experience of the Ia\u0219i Infectious Diseases Hospital between 2013\u20132015 Mihaela C\u0103t\u0103lina Luca, Ioana-Alina Harja-Alexa, Roxana Nemescu, M\u0103d\u0103lina Popazu, Andrei \u0218tefan Luca A111 Species of anaerobic Gram-positive cocci involved in odontogenic abscesses Gabriela Bancescu, Bogdan Dabu, Adrian Bancescu A112 Clostridium difficile infection recurrences Eliza Manea, Raluca Jipa, Adriana Hristea A113 Differential diagnosis of staphylococcal and tuberculous osteodiscitis \u2013 case report Adina Elena Ilie, S\u0103ftica-Mariana Pohrib, Alina Cristina Negu\u021b, Maria-Sabina Tache, Maria Magdalena Mo\u021boi, Oana S\u0103ndulescu, Ion Aurel Iliescu, Adrian Streinu-Cercel A114 Severe clinical forms of respiratory syncytial virus infections Cristina Tecu, Maria-Elena Mihai, Mihaela Laz\u0103r, Carmen Cherciu, Alina Ivanciuc, Daniela Pi\u021bigoi, Emilia Lupulescu A115 Acinetobacter baumannii postoperative sepsis associated with Clostridium difficile enterocolitis in an immune suppressed elderly patient Mirela Paliu, Manuela Curescu, Bianca Cerbu, Iosif Marincu A116 Risk factors and their impact on psychopathology and quality of life among people living with HIV/AIDS in Romania Fulvia Ursoiu, Mirandolina Pri\u0219c\u0103, George Ciprian Pribac A117 Antivirals susceptibility of influenza viruses circulating in Romania Maria Elena Mihai, Carmen Maria Cherciu, Alina Elena Ivanciuc, Cristina Tecu, Emilia Lupulescu A118 Retrospective study of hospitalized cases of sepsis at the Hospital Clinic of Infectious Diseases \u201cToma Ciorb\u0103\u201d Irina Bunescu, Tiberiu Holban, Ana Pasnin, Stela Semeniuc, Raisa Popovici, Galina Chiriacov",
   "publish_time": "2016 Nov 1",
   "authors": [
      "Niculae, Cristian-Mihail",
      "Manea, Eliza",
      "Jipa, Raluca",
      "Merisor, Simona",
      "Moroti, Ruxandra",
      "Benea, Serban",
      "Hristea, Adriana",
      "Negu\u021b, Alina Cristina",
      "S\u0103ndulescu, Oana",
      "Streinu-Cercel, Anca",
      "M\u0103rculescu, Dana",
      "Andrei, Magdalena Lorena",
      "Ilie, Veronica",
      "Popa, Marcela",
      "Bleotu, Coralia",
      "Chifiriuc, Carmen",
      "Popa, Mircea Ioan",
      "Streinu-Cercel, Adrian",
      "Orfanu, Alina",
      "Popescu, Cristina",
      "Leu\u0219tean, Anca",
      "Catan\u0103, Remulus",
      "Negru, Anca",
      "Badea, Alexandra",
      "Orfanu, Radu",
      "Tili\u0219can, C\u0103t\u0103lin",
      "Aram\u0103, Victoria",
      "Aram\u0103, \u015etefan Sorin",
      "Vi\u0219an, Constan\u021ba-Angelica",
      "Dr\u0103g\u0103nescu, Anca-Cristina",
      "Bila\u0219co, Anu\u021ba",
      "Kouris, Camelia",
      "Meri\u0219escu, M\u0103d\u0103lina",
      "Vasile, Magdalena",
      "Slavu, Diana-Maria",
      "Vintil\u0103, Sabina",
      "Osman, Endis",
      "Oprea, Alina",
      "Sandu, Sabina",
      "Luminos, Monica",
      "Orfanu, Alina",
      "Aram\u0103, Victoria",
      "Aram\u0103, \u015etefan Sorin",
      "Leu\u015ftean, Anca",
      "Catan\u0103, Remulus",
      "Negru, Anca",
      "Popescu, Gabriel Adrian",
      "Popescu, Cristina",
      "Stanculete, Ramona Georgiana",
      "Enoiu, Ana Vaduva",
      "Marinescu, Adelina Raluca",
      "Lazureanu, Voichita",
      "Marinescu, Adelina-Raluca",
      "Cri\u0219an, Alexandru",
      "L\u0103zureanu, Voichi\u021ba",
      "Musta, Virgil",
      "Nicolescu, Narcisa",
      "Laza, Ruxandra",
      "Negru, Anca-Ruxandra",
      "Munteanu, Daniela-Ioana",
      "Mih\u0103ilescu, Raluca",
      "Catan\u0103, Remulus",
      "Dorob\u0103\u021b, Olga",
      "Rafila, Alexandru",
      "C\u0103praru, Emilia",
      "Niculescu, Marius",
      "Marinescu, Rodica",
      "Lupescu, Olivera",
      "Predescu, Vlad",
      "Streinu-Cercel, Adrian",
      "Aram\u0103, Victoria",
      "T\u0103l\u0103pan, Daniela",
      "Popescu, Ramona \u0218tefania",
      "Bradu, Lumini\u021ba",
      "Florea, Drago\u0219",
      "Streinu-Cercel, Adrian",
      "Leca, Daniela Anicuta",
      "Bunea, Elena",
      "Teodor, Andra",
      "Miftode, Egidia",
      "Meri\u0219escu, M\u0103d\u0103lina",
      "Jugulete, Gheorghi\u021b\u0103",
      "Streinu-Cercel, Adrian",
      "Florea, Drago\u0219",
      "Luminos, Monica",
      "Popescu, Ramona \u0218tefania",
      "Dobrot\u0103, Anamaria",
      "Ilie, Adina",
      "Preo\u021bescu, Liliana Lucia",
      "Hristea, Adriana",
      "Jipa, Raluca",
      "Irimescu, Nicoleta",
      "Panait, Irina",
      "Manea, Eliza",
      "Merisor, Simona",
      "Niculae, Cristian",
      "T\u0103l\u0103pan, Daniela",
      "Gavriliu, Liana C\u0103t\u0103lina",
      "Benea, Otilia Elisabeta",
      "Benea, \u0218erban",
      "Rafila, Alexandru",
      "Dorob\u0103\u021b, Olga",
      "Popoiu, Mona",
      "Dragonu, Livia",
      "Cup\u015fa, Augustin",
      "Diaconescu, Iulian",
      "Niculescu, Irina",
      "Giubelan, Lucian",
      "Dumitrescu, Florentina",
      "Stoian, Andreea Cristina",
      "Gu\u0163\u0103, Camelia",
      "Puiu, Simona",
      "Irina, Bunescu",
      "Vall\u00e9e, Marilyse",
      "Huletsky, Ann",
      "Boudreau, Dominique K.",
      "B\u00e9rub\u00e9, \u00c8ve",
      "Giroux, Richard",
      "Longtin, Jean",
      "Longtin, Yves",
      "Bergeron, Michel G.",
      "Ro\u0219cule\u021b, Cleo Nicoleta",
      "Toma, Dalila-Ana",
      "Ciuca, Catrinel",
      "T\u0103l\u0103pan, Daniela",
      "Apostolescu, C\u0103t\u0103lin",
      "Rogoz, Andrei",
      "Stangaciu, Andrei",
      "Mitescu, Viorica",
      "Vladoiu, Tudor",
      "Iov\u0103nescu, Doina",
      "Oana, Michaela",
      "Costin, Simona",
      "Negu\u021b, Alina Cristina",
      "S\u0103ndulescu, Oana",
      "Streinu-Cercel, Anca",
      "Mo\u021boi, Maria Magdalena",
      "Popa, Mircea Ioan",
      "Streinu-Cercel, Adrian",
      "T\u0103l\u0103pan, Daniela",
      "Dorob\u0103\u021b, Olga Mihaela",
      "Popoiu, Mona",
      "Mihai, Alexandru",
      "Iov\u0103nescu, Doina",
      "Ro\u015fcule\u021b, Cleo",
      "Apostolescu, C\u0103t\u0103lin",
      "Popescu, Gabriel-Adrian",
      "Abagiu, Adrian",
      "Moroti-Constantinescu, Ruxandra",
      "Hristea, Adriana",
      "Aram\u0103, Victoria",
      "Benea, Otilia",
      "Simoiu, M\u0103d\u0103lina",
      "Bacruban, Rodica",
      "Streinu-Cercel, Adrian",
      "Rafila, Alexandru",
      "Dorob\u0103\u021b, Olga Mihaela",
      "T\u0103l\u0103pan, Daniela",
      "Mihai, Alexandru",
      "B\u0103dicu\u021b, Ioana",
      "Popoiu, Mona",
      "Borcan, Alina",
      "Rafila, Alexandru",
      "Popescu, Gabriel Adrian",
      "Hurmuzache, Mihnea",
      "Enache, Georgiana",
      "Ciocan, Alexandra",
      "Bararu, Mircea",
      "Popazu, Madalina",
      "Iov\u0103nescu, Doina Viorica",
      "Ro\u0219cule\u021b, Cleo Nicoleta",
      "Rogoz, Andrei",
      "Apostolescu, C\u0103t\u0103lin Gabriel",
      "Mitescu, Viorica",
      "Vladoiu, Tudor",
      "Toma, Dalila",
      "Ciuca, Catrinel",
      "Iliescu, Laura",
      "Minzala, Georgiana",
      "Toma, Letitia",
      "Baciu, Mihaela",
      "Tanase, Alina",
      "Orban, Carmen",
      "Pantea, Victor",
      "Placinta, Gheorghe",
      "Cebotarescu, Valentin",
      "Cojuhari, Lilia",
      "Jimbei, Paulina",
      "Popescu, Cristina",
      "Leu\u0219tean, Anca",
      "Dragomirescu, Cristina",
      "Orfanu, Alina",
      "Murariu, Cristina",
      "Stratan, Lauren\u021biu",
      "Badea, Alexandra",
      "Tili\u0219can, C\u0103t\u0103lin",
      "Munteanu, Daniela",
      "N\u0103stase, Raluca",
      "Molagic, Violeta",
      "R\u0103dulescu, Mihaela",
      "Catan\u0103, Remulus",
      "Aram\u0103, Victoria",
      "Popescu, Cristina",
      "Stratan, Lauren\u021biu",
      "Catan\u0103, Remulus",
      "Leu\u0219tean, Anca",
      "Dragomirescu, Cristina",
      "Badea, Alexandra",
      "Murariu, Cristina",
      "N\u0103stase, Raluca",
      "Molagic, Violeta",
      "Munteanu, Daniela",
      "Tili\u0219can, C\u0103t\u0103lin",
      "R\u0103dulescu, Mihaela",
      "Orfanu, Alina",
      "Diaconu, Ioan",
      "Negru, Anca",
      "Bodosca, Iulia",
      "Ni\u021b\u0103, Violeta",
      "Aram\u0103, Victoria",
      "Leu\u0219tean, Anca",
      "Aram\u0103, Victoria",
      "Orfanu, Alina",
      "Catan\u0103, Remulus",
      "Stratan, Lauren\u021biu",
      "Dragomirescu, Cristina",
      "Murariu, Cristina",
      "Badea, Alexandra",
      "Tili\u0219can, C\u0103t\u0103lin",
      "Munteanu, Daniela",
      "Molagic, Violeta",
      "N\u0103stase, Raluca",
      "R\u0103dulescu, Mihaela",
      "Popescu, Cristina",
      "Popescu, Cristina",
      "Dragomirescu, Cristina",
      "Leu\u0219tean, Anca",
      "Murariu, Cristina",
      "Stratan, Lauren\u021biu",
      "Badea, Alexandra",
      "Catan\u0103, Remulus",
      "Orfanu, Alina",
      "N\u0103stase, Raluca Mihaela",
      "Molagic, Violeta",
      "Munteanu, Daniela",
      "Tili\u0219can, C\u0103t\u0103lin",
      "Aram\u0103, Victoria",
      "Aram\u0103, Victoria",
      "Catan\u0103, Remulus",
      "Dragomirescu, Cristina",
      "Murariu, Cristina",
      "Leu\u0219tean, Anca",
      "Stratan, Lauren\u021biu",
      "Badea, Alexandra",
      "Orfanu, Alina",
      "Negru, Anca",
      "N\u0103stase, Raluca",
      "Molagic, Violeta",
      "Munteanu, Daniela",
      "Tili\u0219can, C\u0103t\u0103lin",
      "R\u0103dulescu, Mihaela",
      "Diaconu, Ioan",
      "Ni\u021b\u0103, Violeta",
      "Bodo\u0219ca, Iulia",
      "Popescu, Cristina",
      "Popescu, Cristina",
      "Badea, Alexandra",
      "Leu\u0219tean, Anca",
      "Orfanu, Alina",
      "Negru, Anca",
      "Stratan, Lauren\u021biu",
      "Dragomirescu, Cristina",
      "Catan\u0103, Remulus",
      "Murariu, Cristina",
      "Molagic, Violeta",
      "N\u0103stase, Raluca",
      "Tili\u0219can, C\u0103t\u0103lin",
      "Munteanu, Daniela",
      "R\u0103dulescu, Mihaela",
      "Diaconu, Ioan",
      "Ni\u021b\u0103, Violeta",
      "Bodo\u0219ca, Iulia",
      "Aram\u0103, Victoria",
      "Popescu, Cristina",
      "Orfanu, Alina",
      "Leu\u0219tean, Anca",
      "Badea, Alexandra",
      "Stratan, Lauren\u021biu",
      "Catan\u0103, Remulus",
      "Tili\u0219can, C\u0103t\u0103lin",
      "Aram\u0103, Victoria",
      "Popescu, Cristina",
      "Murariu, Cristina",
      "Dragomirescu, Cristina",
      "Leu\u0219tean, Anca",
      "Stratan, Lauren\u021biu",
      "Orfanu, Alina",
      "Badea, Alexandra",
      "Catan\u0103, Remulus",
      "Negru, Anca",
      "Tili\u0219can, C\u0103t\u0103lin",
      "Munteanu, Daniela",
      "R\u0103dulescu, Mihaela",
      "Molagic, Violeta",
      "N\u0103stase, Raluca Mihaela",
      "Diaconu, Ioan Alexandru",
      "Bodo\u0219ca, Iulia",
      "Ni\u021b\u0103, Violeta",
      "Aram\u0103, Victoria",
      "Erturk, Yagmur",
      "S\u0103ndulescu, Oana",
      "Negu\u021b, Alina Cristina",
      "\u0218chiopu, Claudiu Mihai",
      "Streinu-Cercel, Adrian",
      "Streinu-Cercel, Anca",
      "Molagic, Violeta",
      "Tili\u0219can, C\u0103t\u0103lin",
      "Popescu, Cristina",
      "Mih\u0103ilescu, Raluca",
      "Munteanu, Daniela",
      "N\u0103stase, Raluca",
      "Negru, Anca",
      "Tenita, Angelica",
      "Aram\u0103, Victoria",
      "Aram\u0103, \u0218tefan Sorin",
      "Iacob, Simona Alexandra",
      "Iacob, Diana Gabriela",
      "Luminos, Monica",
      "Streinu-Cercel, Anca",
      "S\u0103ndulescu, Oana",
      "Predescu, Mioara",
      "M\u0103rd\u0103rescu, Alexandra",
      "Tili\u0219can, C\u0103t\u0103lin",
      "S\u0103ndulescu, Mihai",
      "\u0218chiopu, Claudiu Mihai",
      "Streinu-Cercel, Adrian",
      "Ro\u0219cule\u021b, Cleo Nicoleta",
      "Ciuca, Catrinel Olimpia",
      "Toma, Dalila Ana",
      "Apostolescu, C\u0103t\u0103lin Gabriel",
      "Rogoz, Andrei",
      "Mitu, Cristina Elena",
      "Stangaciu, Andrei",
      "Mitescu, Viorica Daniela",
      "Vladoiu, Tudor Gheorghe",
      "Iov\u0103nescu, Doina Viorica",
      "S\u0103ndulescu, Oana",
      "Streinu-Cercel, Anca",
      "Stoica, Monica Andreea",
      "Preo\u021bescu, Liliana Lucia",
      "Manolache, Daniela",
      "Ceapraga, Gabriela Jana",
      "Mo\u021boi, Maria Magdalena",
      "Bradu, Lumini\u021ba",
      "Ilie, Adina",
      "Mircea, Gabriela",
      "Durbal\u0103, Ionel",
      "Streinu-Cercel, Adrian",
      "Russu, Irina",
      "Holban, Tiberiu",
      "Pantilimonov, Tatiana",
      "Chiriacov, Galina",
      "Macvovei, Arcadie",
      "Scorohodico, Elena",
      "Dmitriev, Oleg",
      "Costache, Diana Alexandra",
      "Benea, Anca",
      "Manea, Eliza",
      "Niculae, Cristian",
      "Jipa, Raluca",
      "Hristea, Adriana",
      "Benea, Elisabeta",
      "Moroti, Ruxandra",
      "Benea, \u0218erban",
      "Mitran, Mihai",
      "Georgescu, Carmen",
      "Mitran, Loredana",
      "Vladareanu, Simona",
      "Magirescu, Andreea Ioana",
      "Andreev, Viorica",
      "Nicolau, Cristina",
      "Largu, Alexandra",
      "Dorobat, Carmen",
      "Manciuc, Carmen",
      "Andreev, Viorica",
      "Magirescu, Andreea Ioana",
      "Isac, Ina",
      "Nicolau, Cristina",
      "Largu, Alexandra",
      "Dorobat, Carmen",
      "Manciuc, Carmen",
      "\u0218erban, Iulia Gabriela",
      "Resul, Ghiulendan",
      "Marca\u0219, Consuela",
      "Marincu, Iosif",
      "Poptelecan, Patricia",
      "Trinc\u0103, Bogdan",
      "Mitrescu, Sorina",
      "Tudor, Anca",
      "Vlad, Daliborca",
      "Tirnea, Livius",
      "Baydaroglu, Nurcan",
      "Negu\u021b, Alina Cristina",
      "S\u0103ndulescu, Oana",
      "Manolache, Daniela",
      "Ceapraga, Gabriela",
      "Stoica, Monica Andreea",
      "Streinu-Cercel, Anca",
      "Streinu-Cercel, Adrian",
      "Manciuc, Carmen",
      "Pagute, Mariana",
      "Nicolau, Cristina",
      "Dorob\u0103\u021b, Carmen",
      "Largu, Alexandra",
      "Diaconu, Ioan-Alexandru",
      "Stratan, Lauren\u021biu",
      "Ion, Daniela",
      "Nichita, Luciana",
      "Popescu, Cristina",
      "N\u0103stase, Raluca",
      "Munteanu, Daniela",
      "Molagic, Violeta",
      "Tili\u0219can, C\u0103t\u0103lin",
      "R\u0103dulescu, Mihaela",
      "Diaconu, Alexandra",
      "Negru, Anca",
      "Orfanu, Alina",
      "Dragomirescu, Cristina",
      "Catan\u0103, Remulus",
      "Leu\u0219tean, Anca",
      "Duport-Dodot, Irina",
      "Murariu, Cristina",
      "Bodo\u0219ca, Iulia",
      "Ni\u021b\u0103, Violeta",
      "Badea, Alexandra",
      "Aram\u0103, Victoria",
      "M\u0103rd\u0103rescu, Mariana",
      "Petre, Cristina",
      "Iancu, Marieta",
      "Ungurianu, Rodica",
      "Cibea, Alina",
      "Dr\u0103ghicenoiu, Ruxandra",
      "Tudor, Ana Maria",
      "Vlad, Delia",
      "Petrea, Sorin",
      "Matei, Carina",
      "O\u021belea, Dan",
      "Cr\u0103ciun, Carmen",
      "Anghelina, Cristian",
      "M\u0103rd\u0103rescu, Alexandra",
      "Dumea, Elena",
      "Streinu-Cercel, Adrian",
      "Rugin\u0103, Sorin",
      "Petcu, Lucian Cristian",
      "Halichidis, Stela",
      "Cambrea, Simona Claudia",
      "Chiriac, Carmen",
      "Bodnar, Nina-Ioana",
      "Zaharia-Kezdi, Iringo-Erzsebet",
      "G\u00eerbovan, Cristina",
      "Incze, Andrea",
      "Georgescu, Anca Meda",
      "Iacob, Simona Alexandra",
      "Iacob, Diana Gabriela",
      "Panaitescu, Eugenia",
      "Luminos, Monica",
      "Cojocaru, Manole",
      "Iacob, Simona Alexandra",
      "Iacob, Diana Gabriela",
      "Luminos, Monica",
      "Lauren\u021biu, Vochita",
      "Andreia, Vochita",
      "Radu, Opreanu",
      "Bogdan, Trinca",
      "Ovidiu, Rosca",
      "Iosif, Marincu",
      "Zamfir, Ramona",
      "Angelescu, Alina",
      "Popa, Alena Andreea",
      "Jipa, Raluca",
      "Moroti, Ruxandra",
      "Hristea, Adriana",
      "Gavriliu, Liana",
      "Benea, \u0218erban",
      "Benea, Elisabeta",
      "Popa, Alena-Andreea",
      "Ducu, Georgeta",
      "Camburu, Daniela",
      "Cozma, Alina",
      "Podani, Manuela",
      "Dumitriu, Roxana",
      "Gavriliu, Liana",
      "Benea, \u0218erban",
      "Benea, Elisabeta",
      "Stoian, Andreea Cristina",
      "Dumitrescu, Florentina",
      "Cup\u0219a, Augustin",
      "Giubelan, Lucian",
      "Niculescu, Irina",
      "Ionescu, Loredana",
      "Dragonu, Livia",
      "Abagiu, Adrian Octavian",
      "Stoica, Loredana Nicoleta",
      "Blaga, Catrinel",
      "Koulosousas, Archontis",
      "\u0218tef\u0103nescu, Roxana",
      "Atomoaie, Alice",
      "Paraschiv, Florentina",
      "Duna, Florin Matache",
      "Olteanu, Rodica",
      "Ion, Roxana",
      "Zota, Alexandra",
      "Jaballah, Isra Ennour",
      "Mahfoud, Lara",
      "Preda, Georgeta",
      "Constantin, Magda",
      "Nicolae, Ilinca",
      "Ene, Corina Daniela",
      "Mitran, M\u0103d\u0103lina Irina",
      "Benea, Vasile",
      "Tampa, Mircea",
      "Georgescu, Simona Roxana",
      "Bodo\u0219ca, Iulia Cristina",
      "Murariu, Cristina",
      "Tili\u0219can, C\u0103t\u0103lin",
      "Aram\u0103, Victoria",
      "Popescu, Cristina",
      "Munteanu, Daniela",
      "R\u0103dulescu, Mihaela",
      "Molagic, Violeta",
      "N\u0103stase, Raluca",
      "Orfanu, Alina",
      "Leu\u0219tean, Anca",
      "Catan\u0103, Remulus",
      "Negru, Anca",
      "Streinu-Cercel, Adrian",
      "Aram\u0103, Sorin",
      "Caram\u0103ngiu, Iuliana",
      "Rosca, Ovidiu",
      "Cialma, Monica",
      "Opreanu, Radu",
      "Vochita, Lauren\u021biu",
      "Marincu, Iosif",
      "Mur\u0103rescu, Vlad",
      "Palaghi\u021b\u0103, Marilena",
      "Negu\u021b, Alina Cristina",
      "Camburu, Cornel",
      "Streinu-Cercel, Adrian",
      "Du\u015fan, Irina",
      "Poptelecan, Patricia",
      "Trinc\u0103, Bogdan",
      "Mitrescu, Sorina",
      "Tirnea, Livius",
      "Marincu, Iosif",
      "Nicolescu, Narcisa",
      "Cri\u0219an, Alexandru",
      "L\u0103zureanu, Voichi\u021ba",
      "Laza, Ruxandra",
      "Musta, Virgil",
      "Marinescu, Adelina-Raluca",
      "B\u00eerlad, Andreea",
      "Miron, Victor Daniel",
      "Dr\u0103g\u0103nescu, Anca Cristina",
      "Vi\u0219an, Constan\u021ba-Angelica",
      "Bila\u0219co, Anu\u021ba",
      "Pi\u021bigoi, Daniela",
      "S\u0103ndulescu, Oana",
      "Luminos, Monica Lumini\u021ba",
      "Luminos, Monica",
      "Osman, Endis",
      "Vasile, Magdalena",
      "Dr\u0103g\u0103nescu, Anca Cristina",
      "Vi\u0219an, Constan\u021ba-Angelica",
      "Bila\u0219co, Anu\u021ba",
      "Kouris, Camelia",
      "\u0218chiopu, Sabina",
      "Meri\u0219escu, M\u0103d\u0103lina",
      "Luminos, Monica",
      "Dr\u0103g\u0103nescu, Anca Cristina",
      "Vi\u0219an, Constan\u021ba-Angelica",
      "Bila\u0219co, Anu\u021ba",
      "Kouris, Camelia",
      "Osman, Endis",
      "Vintil\u0103, Sabina",
      "Vasile, Magda",
      "Meri\u0219escu, M\u0103d\u0103lina",
      "Gavriliu, Liana C\u0103t\u0103lina",
      "Benea, Otilia Elisabeta",
      "Angelescu, Alina",
      "Zamfir, Ramona",
      "Camburu, Daniela",
      "Ducu, Georgeta",
      "Cozma, Alina",
      "Dumitriu, Roxana",
      "Podani, Manuela",
      "Benea, \u0218erban",
      "Ionic\u0103, Mihaela",
      "Jugulete, Gheorghi\u021b\u0103",
      "St\u0103ncescu, Adina",
      "Popescu, Cristina Elena",
      "Marin, Lumini\u021ba",
      "Zaharia, Diana",
      "Dumitrescu, Cristina",
      "Tudor, Lucia",
      "Vintil\u0103, Sabina",
      "Vi\u0219an, Constan\u021ba-Angelica",
      "Dr\u0103g\u0103nescu, Anca Cristina",
      "Bila\u0219co, Anu\u021ba",
      "Vasile, Magda",
      "Meri\u0219escu, M\u0103d\u0103lina",
      "Kouris, Camelia",
      "Negulescu, Cristina",
      "Osman, Endis",
      "Slavu, Diana-Maria",
      "Vintil\u0103, Sabina",
      "Pi\u021bigoi, Daniela",
      "Luminos, Monica",
      "Caliman-Sturdza, Olga Adriana",
      "Ro\u0219cule\u021b, Cleo",
      "Ciuca, Catrinel Olimpia",
      "Toma, Dalila",
      "Apostolescu, C\u0103t\u0103lin",
      "Rogoz, Andrei",
      "Stangaciu, Andrei",
      "Mitescu, Viorica",
      "Iov\u0103nescu, Doina",
      "Camburu, Cornel",
      "Manu, Bogdana",
      "Vaduva-Enoiu, Ana",
      "Stanculete, Ramona Georgiana",
      "Marinescu, Adelina Raluca",
      "Lazureanu, Voichita Elena",
      "Ni\u021b\u0103, Elena-Violeta",
      "Dumitru, S\u00eenziana",
      "Munteanu, Daniela-Ioana",
      "Negru, Anca Ruxandra",
      "Catan\u0103, Remulus",
      "Diaconu, Ioan",
      "Manu, Bogdana",
      "Ionescu, Ligia",
      "Ion, Liliana",
      "Tili\u0219can, C\u0103t\u0103lin",
      "Aram\u0103, Victoria",
      "Iov\u0103nescu, Doina Viorica",
      "Ro\u0219cule\u021b, Cleo Nicoleta",
      "Rogoz, Andrei",
      "Apostolescu, C\u0103t\u0103lin",
      "Mitescu, Viorica",
      "Vladoiu, Tudor",
      "Toma, Dalila",
      "Ciuca, Catrinel",
      "\u0218erban, Iulia Gabriela",
      "Neac\u0219u, Marioara",
      "Georgescu, Simona Roxana",
      "Benea, Vasile",
      "Ene, Corina Daniela",
      "Tampa, Mircea",
      "Mitran, Cristina Iulia",
      "Nicolae, Ilinca",
      "Pribac, George Ciprian",
      "Prisca, Mirandolina",
      "Ursoiu, Fulvia",
      "Neamtu, Carmen",
      "Totolici, Bogdan",
      "Cotoraci, Coralia",
      "Ardelean, Aurel",
      "Albu, Simona Elena",
      "Carsote, Mara",
      "Micl\u0103u\u0219, Beatrice",
      "Mihai, Diana",
      "S\u0103ndulescu, Oana",
      "Vasiliu, Cristina",
      "Vasiliu, Cristina",
      "Carsote, Mara",
      "Gorgoi, Corina",
      "Micl\u0103u\u0219, Beatrice",
      "Mihai, Diana",
      "S\u0103ndulescu, Oana",
      "Albu, Simona Elena",
      "Blescun, Amelia",
      "Breaza, Gelu",
      "Vintila, Sabina",
      "Mihai, Felicia",
      "Omer, Meilin",
      "Dragan, Cornel",
      "Pitigoi, Daniela",
      "Ciucu, Mirela",
      "Ionescu, Marius-Dan",
      "Roskanovic, Cristina",
      "Barbu, Valentina",
      "Diaconescu, Iulian",
      "Dumitrescu, Florentina",
      "Niculescu, Irina",
      "Ionic\u0103, Mihaela",
      "Zamfir, Ramona-Alexandra",
      "Cozma, Alina",
      "Benea, Otilia Elisabeta",
      "Dumitru, Alexandra-S\u00eenziana",
      "Munteanu, Daniela-Ioana",
      "Ni\u021b\u0103, Violeta",
      "Popescu, Cristina",
      "Bodosca, Iulia",
      "Tenita, Angelica",
      "Ispas, Viorica",
      "Aram\u0103, Victoria",
      "Benea, Vasile",
      "Georgescu, Simona Roxana",
      "Tampa, Mircea",
      "Leahu, Diana Oana",
      "Safta, Cristina Maria",
      "Benea, Mihaela Anca",
      "S\u0103ndulescu, Oana",
      "Munteanu, Octavian",
      "Boh\u00e2l\u021bea, Roxana",
      "Tra\u0219c\u0103, Livia",
      "C\u00eerstoiu, Monica",
      "Iov\u0103nescu, Doina Viorica",
      "Ro\u0219cule\u021b, Cleo Nicoleta",
      "Rogoz, Andrei",
      "Apostolescu, C\u0103t\u0103lin Gabriel",
      "Mitescu, Viorica Daniela",
      "Vladoiu, Tudor Gheorghe",
      "Toma, Dalila",
      "Ciuca, Catrinel",
      "Georgescu, M\u0103d\u0103lina",
      "Pi\u021bigoi, Daniela",
      "Ivanciuc, Alina Elena",
      "Lazar, Mihaela",
      "Ionescu, Teodora",
      "Cherciu, Carmen Maria",
      "\u021aecu, Cristina",
      "Mihai, Maria Elena",
      "Ni\u021bescu, Maria",
      "Bacruban, Rodica",
      "Azamfire, Delia",
      "Dumitrescu, Aura",
      "Ianosik, Elena",
      "Leca, Daniela",
      "Duca, Elena",
      "Teodor, Andra",
      "Bejan, Codrina",
      "Ceau\u0219u, Emanoil",
      "Florescu, Simin-Aysel",
      "Popescu, Corneliu",
      "T\u00e2rdei, Gra\u021biela",
      "Juganariu, Codrina",
      "Lupulescu, Emilia",
      "Rodina, Ligia",
      "Cocuz, Maria Elena",
      "Jugulete, Gheorghi\u021b\u0103",
      "St\u0103ncescu, Adina",
      "Popescu, Cristina Elena",
      "Marin, Lumini\u021ba",
      "Zaharia, Diana",
      "Dumitrescu, Cristina",
      "Osman, Endis",
      "Niculescu, Irina",
      "Cup\u0219a, Augustin",
      "Diaconescu, Iulian",
      "Dumitrescu, Florentina",
      "Dragonu, Livia",
      "Stoian, Andreea",
      "Giubelan, Lucian",
      "Roskanovic, Cristina",
      "Zamfir, Ramona-Alexandra",
      "Ionica, Mihaela",
      "Benea, Otilia-Elisabeta",
      "S\u00eerbu, Maria-Cristina",
      "Dobrot\u0103, AnaMaria",
      "Negu\u021b, Alina Cristina",
      "Duda, Roxana",
      "Bacruban, Rodica",
      "Pi\u021bigoi, Daniela",
      "Dragomirescu, Cristiana Cerasella",
      "T\u0103l\u0103pan, Daniela",
      "Dorob\u0103\u021b, Olga",
      "Streinu-Cercel, Adrian",
      "Streinu-Cercel, Anca",
      "Ionica, Mihaela",
      "Zamfir, Ramona-Alexandra",
      "Cozma, Alina",
      "Benea, Otilia Elisabeta",
      "Fendrihan, Sergiu",
      "Scortan, Ecaterina",
      "Popa, Mircea Ioan",
      "Popescu, Corneliu P.",
      "Benea, \u0218erban N.",
      "Petcu, Andra E.",
      "Hristea, Adriana",
      "Abagiu, Adrian",
      "Podea, Iuliana A.",
      "Jipa, Raluca E.",
      "Ducu, Georgeta",
      "Hri\u0219c\u0103, Raluca M.",
      "Florea, Drago\u0219",
      "Nica, Manuela",
      "Manea, Eliza",
      "Meri\u0219or, Simona",
      "Nicolae, Cristian M.",
      "Florescu, Simin A.",
      "Dumitru, Irina M.",
      "Ceau\u0219u, Emanoil",
      "Rugin\u0103, Sorin",
      "Moroti, Ruxandra V.",
      "Pi\u021bigoi, Daniela",
      "Ionescu, Teodora",
      "S\u0103ndulescu, Oana",
      "Ni\u021bescu, Maria",
      "Ni\u021bescu, Bogdan",
      "Musta\u0163\u0103, Iulia Monica",
      "Boldeanu, Sorina Claudia",
      "Furtunescu, Florentina",
      "Streinu-Cercel, Adrian",
      "Iacob, Diana Gabriela",
      "Iacob, Simona Alexandra",
      "Gheorghe, Mihaela",
      "Slavcovici, Adriana",
      "Tripon, Raluca",
      "Iubu, Roxana",
      "Marcu, Cristian",
      "Sabou, Mihaela",
      "Muntean, Monica",
      "Chiriac, Ion",
      "Holban, Tiberiu",
      "Tazlavanu, Liviu",
      "Jipa, Raluca",
      "Manea, Eliza",
      "Cernat, Roxana",
      "Iringo, Kezdi",
      "V\u00e2\u021b\u0103, Andrei",
      "Arbune, Manuela",
      "Moisil, Teodora",
      "Hristea, Adriana",
      "Ene, Corina-Daniela",
      "Nicolae, Ilinca",
      "Georgescu, Roxana Simona",
      "Ene, Corina-Daniela",
      "Ene, Cosmin-Victor",
      "Georgescu, Roxana Simona",
      "Ciortea, Marilena",
      "Dulgheru, Lucre\u021bia",
      "Nicolae, Ilinca",
      "Luca, Mihaela C\u0103t\u0103lina",
      "Harja-Alexa, Ioana-Alina",
      "Nemescu, Roxana",
      "Popazu, M\u0103d\u0103lina",
      "Luca, Andrei \u0218tefan",
      "Bancescu, Gabriela",
      "Dabu, Bogdan",
      "Bancescu, Adrian",
      "Manea, Eliza",
      "Jipa, Raluca",
      "Hristea, Adriana",
      "Ilie, Adina Elena",
      "Pohrib, S\u0103ftica-Mariana",
      "Negu\u021b, Alina Cristina",
      "Tache, Maria-Sabina",
      "Mo\u021boi, Maria Magdalena",
      "S\u0103ndulescu, Oana",
      "Iliescu, Ion Aurel",
      "Streinu-Cercel, Adrian",
      "Tecu, Cristina",
      "Mihai, Maria-Elena",
      "Laz\u0103r, Mihaela",
      "Cherciu, Carmen",
      "Ivanciuc, Alina",
      "Pi\u021bigoi, Daniela",
      "Lupulescu, Emilia",
      "Paliu, Mirela",
      "Curescu, Manuela",
      "Cerbu, Bianca",
      "Marincu, Iosif",
      "Mihai, Maria Elena",
      "Cherciu, Carmen Maria",
      "Ivanciuc, Alina Elena",
      "Tecu, Cristina",
      "Lupulescu, Emilia",
      "Bunescu, Irina",
      "Holban, Tiberiu",
      "Pasnin, Ana",
      "Semeniuc, Stela",
      "Popovici, Raisa",
      "Chiriacov, Galina"
   ],
   "journal": "BMC Infect Dis",
   "has_full_text": "True",
   "full_text_file": "comm_use_subset",
   "id": "https://doi.org/10.1186/s12879-016-1877-4",
   "pubtator": "PMC5103241",
   "fhir_link": [
      "Commercial/Composition/250c1f24a22bcb81973ea532f8236838987e0872"
   ]
}