{
   "sha": "6ebbce608cb316b579ed926190d068a6fa90534a",
   "source_x": "PMC",
   "title": "\u2018The Microbiome and the Pathophysiology of Asthma\u2019",
   "doi": "10.1186/s12931-016-0479-4",
   "pmcid": "PMC5139145",
   "pubmed_id": "27919249",
   "license": "cc-by",
   "abstract": "Asthma is a chronic respiratory disease whose prevalence is increasing in the western world. Recently research has begun to focus on the role the microbiome plays in asthma pathogenesis in the hope of further understanding this respiratory disorder. Considered sterile until recently, the lungs have revealed themselves to contain a unique microbiota. A shift towards molecular methods for the quantification and sequencing of microbial DNA has revealed that the airways harbour a unique microbiota with apparent, reproducible differences present between healthy and diseased lungs. There is a hope that in classifying the microbial load of the asthmatic airway an insight may be afforded as to the possible role pulmonary microbes may have in propagating an asthmatic airway response. This could potentially pave the way for new therapeutic strategies for the treatment of chronic lung conditions such as asthma.",
   "publish_time": "2016 Dec 5",
   "authors": [
      "Sullivan, Ashley",
      "Hunt, Eoin",
      "MacSharry, John",
      "Murphy, Desmond M."
   ],
   "journal": "Respir Res",
   "has_full_text": "True",
   "full_text_file": "comm_use_subset",
   "id": "https://doi.org/10.1186/s12931-016-0479-4",
   "pubtator": "PMC5139145",
   "fhir_link": [
      "Commercial/Composition/6ebbce608cb316b579ed926190d068a6fa90534a"
   ]
}