{
   "sha": "7f2079d6e5244be0e38c55fe08a1c1672ab645fb",
   "source_x": "PMC",
   "title": "Viral factors in influenza pandemic risk assessment",
   "doi": "10.7554/eLife.18491",
   "pmcid": "PMC5156527",
   "pubmed_id": "27834632",
   "license": "cc0",
   "abstract": "The threat of an influenza A virus pandemic stems from continual virus spillovers from reservoir species, a tiny fraction of which spark sustained transmission in humans. To date, no pandemic emergence of a new influenza strain has been preceded by detection of a closely related precursor in an animal or human. Nonetheless, influenza surveillance efforts are expanding, prompting a need for tools to assess the pandemic risk posed by a detected virus. The goal would be to use genetic sequence and/or biological assays of viral traits to identify those non-human influenza viruses with the greatest risk of evolving into pandemic threats, and/or to understand drivers of such evolution, to prioritize pandemic prevention or response measures. We describe such efforts, identify progress and ongoing challenges, and discuss three specific traits of influenza viruses (hemagglutinin receptor binding specificity, hemagglutinin pH of activation, and polymerase complex efficiency) that contribute to pandemic risk. DOI: http://dx.doi.org/10.7554/eLife.18491.001",
   "authors": [
      "Lipsitch, Marc",
      "Barclay, Wendy",
      "Raman, Rahul",
      "Russell, Charles J",
      "Belser, Jessica A",
      "Cobey, Sarah",
      "Kasson, Peter M",
      "Lloyd-Smith, James O",
      "Maurer-Stroh, Sebastian",
      "Riley, Steven",
      "Beauchemin, Catherine AA",
      "Bedford, Trevor",
      "Friedrich, Thomas C",
      "Handel, Andreas",
      "Herfst, Sander",
      "Murcia, Pablo R",
      "Roche, Benjamin",
      "Wilke, Claus O",
      "Russell, Colin A"
   ],
   "journal": "eLife.; 5:e18491",
   "has_full_text": "True",
   "full_text_file": "comm_use_subset",
   "id": "https://doi.org/10.7554/eLife.18491",
   "pubtator": "PMC5156527",
   "fhir_link": [
      "Commercial/Composition/7f2079d6e5244be0e38c55fe08a1c1672ab645fb"
   ]
}