{
   "sha": "24259e03c484aa60752b90e228fe92f90bf2143d",
   "source_x": "PMC",
   "title": "Undergraduate Global Health Degrees: The Time is Right",
   "doi": "10.4269/ajtmh.16-0835",
   "pmcid": "PMC5239712",
   "pubmed_id": "27956655",
   "license": "cc-by",
   "publish_time": "2017 Jan 11",
   "authors": [
      "Brewer, Timothy F."
   ],
   "journal": "Am J Trop Med Hyg",
   "has_full_text": "True",
   "full_text_file": "comm_use_subset",
   "id": "https://doi.org/10.4269/ajtmh.16-0835",
   "pubtator": "PMC5239712",
   "fhir_link": [
      "Commercial/Composition/24259e03c484aa60752b90e228fe92f90bf2143d"
   ]
}