{
   "sha": "64c3ee477952b5dd96e786d2c9695e76953b03b5",
   "source_x": "PMC",
   "title": "Therapeutic antibodies for infectious diseases",
   "doi": "10.2471/BLT.16.178061",
   "pmcid": "PMC5328111",
   "pubmed_id": "28250538",
   "license": "cc-by",
   "publish_time": "2017 Mar 1",
   "authors": [
      "Sparrow, Erin",
      "Friede, Martin",
      "Sheikh, Mohamud",
      "Torvaldsen, Siranda"
   ],
   "journal": "Bull World Health Organ",
   "has_full_text": "True",
   "full_text_file": "comm_use_subset",
   "id": "https://doi.org/10.2471/BLT.16.178061",
   "pubtator": "PMC5328111",
   "fhir_link": [
      "Commercial/Composition/64c3ee477952b5dd96e786d2c9695e76953b03b5"
   ]
}