{
   "sha": "7e232c192b439ef6a844be6a2f40bbbae64469fb",
   "source_x": "PMC",
   "title": "Targeted antigen delivery to dendritic cells elicits robust antiviral T cell-mediated immunity in the liver",
   "doi": "10.1038/srep43985",
   "pmcid": "PMC5339819",
   "pubmed_id": "28266658",
   "license": "cc-by",
   "abstract": "Hepatotropic viruses such as hepatitis C virus cause life-threatening chronic liver infections in millions of people worldwide. Targeted in vivo antigen-delivery to cross-presenting dendritic cells (DCs) has proven to be extraordinarily efficient in stimulating antigen-specific T cell responses. To determine whether this approach would as well be suitable to induce local antiviral effector T cells in the liver we compared different vaccine formulations based on either the targeting of DEC-205 or TLR2/6 on cross-presenting DCs or formulations not involving in vivo DC targeting. As read-outs we used in vivo hepatotropic adenovirus challenge, histology and automated multidimensional fluorescence microscopy (MELC). We show that targeted in vivo antigen delivery to cross-presenting DCs is highly effective in inducing antiviral CTLs capable of eliminating virus-infected hepatocytes, while control vaccine formulation not involving DC targeting failed to induce immunity against hepatotropic virus. Moreover, we observed distinct patterns of CD8(+) T cell interaction with virus-infected and apoptotic hepatocytes in the two DC-targeting groups suggesting that the different vaccine formulations may stimulate distinct types of effector functions. Our findings represent an important step toward the future development of vaccines against hepatotropic viruses and the treatment of patients with hepatic virus infection after liver transplantation to avoid reinfection.",
   "publish_time": "2017 Mar 7",
   "authors": [
      "Volckmar, Julia",
      "Gereke, Marcus",
      "Ebensen, Thomas",
      "Riese, Peggy",
      "Philipsen, Lars",
      "Lienenklaus, Stefan",
      "Wohlleber, Dirk",
      "Klopfleisch, Robert",
      "Stegemann-Koniszewski, Sabine",
      "M\u00fcller, Andreas J.",
      "Gruber, Achim D.",
      "Knolle, Percy",
      "Guzman, Carlos A.",
      "Bruder, Dunja"
   ],
   "journal": "Sci Rep",
   "has_full_text": "True",
   "full_text_file": "comm_use_subset",
   "id": "https://doi.org/10.1038/srep43985",
   "pubtator": "PMC5339819",
   "fhir_link": [
      "Commercial/Composition/7e232c192b439ef6a844be6a2f40bbbae64469fb"
   ]
}