{
   "sha": "8c73602b18bc6b2fb17e8f37552995f6e310c6fd",
   "source_x": "PMC",
   "title": "Therapeutic Applications of Rose Hips from Different Rosa Species",
   "doi": "10.3390/ijms18061137",
   "pmcid": "PMC5485961",
   "pubmed_id": "28587101",
   "license": "cc-by",
   "abstract": "Rosa species, rose hips, are widespread wild plants that have been traditionally used as medicinal compounds for the treatment of a wide variety of diseases. The therapeutic potential of these plants is based on its antioxidant effects caused by or associated with its phytochemical composition, which includes ascorbic acid, phenolic compounds and healthy fatty acids among others. Over the last few years, medicinal interest in rose hips has increased as a consequence of recent research that has studied its potential application as a treatment for several diseases including skin disorders, hepatotoxicity, renal disturbances, diarrhoea, inflammatory disorders, arthritis, diabetes, hyperlipidaemia, obesity and cancer. In this review, the role of different species of Rosa in the prevention of treatment of various disorders related to oxidative stress, is examined, focusing on new therapeutic approaches from a molecular point of view.",
   "publish_time": "2017 May 25",
   "authors": [
      "M\u00e1rmol, In\u00e9s",
      "S\u00e1nchez-de-Diego, Cristina",
      "Jim\u00e9nez-Moreno, Nerea",
      "Anc\u00edn-Azpilicueta, Carmen",
      "Rodr\u00edguez-Yoldi, Mar\u00eda Jes\u00fas"
   ],
   "journal": "Int J Mol Sci",
   "has_full_text": "True",
   "full_text_file": "comm_use_subset",
   "id": "https://doi.org/10.3390/ijms18061137",
   "pubtator": "PMC5485961",
   "fhir_link": [
      "Commercial/Composition/8c73602b18bc6b2fb17e8f37552995f6e310c6fd"
   ]
}