{
   "sha": "222f2de4774452963b9c8b640faf80dced073b64",
   "source_x": "PMC",
   "title": "Reference gene selection for the shell gland of laying hens in response to time-points of eggshell formation and nicarbazin",
   "doi": "10.1371/journal.pone.0180432",
   "pmcid": "PMC5495395",
   "pubmed_id": "28671969",
   "license": "cc-by",
   "abstract": "Ten reference genes were investigated for normalization of gene expression data in the shell gland of laying hens. Analyses performed with geNorm revealed that hypoxanthine phosphoribosyltransferase 1 (HPRT1) and hydroxymethylbilane synthase (HMBS) were the two most stable reference genes in response to post-oviposition time alone (POT) or with nicarbazin treatment (POT+N) of laying hens. NormFinder analyses showed that the two most stable reference genes in response to POT and POT+N were 18S ribosomal RNA (18S rRNA), ribosomal protein L4 (RPL4) and HMBS, RPL4, respectively. BestKeeper analyses showed that 18S rRNA, RPL4 and HPRT1, HMBS were the two most stable reference genes for POT, and POT+N, respectively. Of the ten reference genes, all except B2M showed geNorm M <0.5, suggesting that they were stably expressed in the shell gland tissue. Consensus from these three programs suggested HPRT1 and HMBS could be used as the two most stable reference genes in the present study. Expression analyses of four candidate target genes with the two most and the two least stable genes showed that a combination of stable reference genes leads to more discriminable quantification of expression levels of target genes, while the least stable genes failed to do so. Therefore, HMBS and HPRT1 are recommended as the two most stable reference genes for the normalization of gene expression data at different stages of eggshell formation in brown-egg laying hens. Available statistical programs for reference gene ranking should include more robust analysis capability to analyse the gene expression data generated from factorial design experiments.",
   "publish_time": "2017 Jul 3",
   "authors": [
      "Samiullah, Sami",
      "Roberts, Juliet",
      "Wu, Shu-Biao"
   ],
   "journal": "PLoS One",
   "has_full_text": "True",
   "full_text_file": "comm_use_subset",
   "id": "https://doi.org/10.1371/journal.pone.0180432",
   "pubtator": "PMC5495395",
   "fhir_link": [
      "Commercial/Composition/222f2de4774452963b9c8b640faf80dced073b64"
   ]
}