{
   "sha": "0b26d9ec6dfae866ae3f1a3f773036b1c8627147",
   "source_x": "PMC",
   "title": "Complete Genome of Avian coronavirus Vaccine Strains Ma5 and BR-I",
   "doi": "10.1128/genomeA.00201-17",
   "pmcid": "PMC5465604",
   "pubmed_id": "28596385",
   "license": "cc-by",
   "abstract": "Avian coronavirus (AvCoV) is a ubiquitous multiple-serotype pathogen of poultry, and its control is mainly based on the use of vaccines. We report here the previously unknown full genomes of the Ma5 (27,652 nucleotides [nt]) and BR-I (27,618 nt) AvCoV vaccine strains of the GI-1 (Massachusetts) and GI-11 (Brazil) types.",
   "publish_time": "2017 Jun 8",
   "authors": [
      "Brand\u00e3o, Paulo E.",
      "Taniwaki, Sueli A.",
      "Berg, Mikael",
      "Hora, Aline S."
   ],
   "journal": "Genome Announc",
   "has_full_text": "True",
   "full_text_file": "comm_use_subset",
   "id": "https://doi.org/10.1128/genomeA.00201-17",
   "pubtator": "PMC5465604",
   "fhir_link": [
      "Commercial/Composition/0b26d9ec6dfae866ae3f1a3f773036b1c8627147"
   ]
}