{
   "sha": "8624ce91f316d2aae5c09273f9308cc08ffcc25c",
   "source_x": "PMC",
   "title": "Role of transcription regulatory sequence in regulation of gene expression and replication of porcine reproductive and respiratory syndrome virus",
   "doi": "10.1186/s13567-017-0445-2",
   "pmcid": "PMC5553793",
   "pubmed_id": "28797297",
   "license": "cc-by",
   "abstract": "In order to gain insight into the role of the transcription regulatory sequences (TRSs) in the regulation of gene expression and replication of porcine reproductive and respiratory syndrome virus (PRRSV), the enhanced green fluorescent protein (EGFP) gene, under the control of the different structural gene TRSs, was inserted between the N gene and 3\u2032-UTR of the PRRSV genome and EGFP expression was analyzed for each TRS. TRSs of all the studied structural genes of PRRSV positively modulated EGFP expression at different levels. Among the TRSs analyzed, those of GP2, GP5, M, and N genes highly enhanced EGFP expression without altering replication of PRRSV. These data indicated that structural gene TRSs could be an extremely useful tool for foreign gene expression using PRRSV as a vector. ELECTRONIC SUPPLEMENTARY MATERIAL: The online version of this article (doi:10.1186/s13567-017-0445-2) contains supplementary material, which is available to authorized users.",
   "publish_time": "2017 Aug 10",
   "authors": [
      "Wang, Chengbao",
      "Meng, Han",
      "Gao, Yujin",
      "Gao, Hui",
      "Guo, Kangkang",
      "Almazan, Fernando",
      "Sola, Isabel",
      "Enjuanes, Luis",
      "Zhang, Yanming",
      "Abrahamyan, Levon"
   ],
   "journal": "Vet Res",
   "has_full_text": "True",
   "full_text_file": "comm_use_subset",
   "id": "https://doi.org/10.1186/s13567-017-0445-2",
   "pubtator": "PMC5553793",
   "fhir_link": [
      "Commercial/Composition/8624ce91f316d2aae5c09273f9308cc08ffcc25c"
   ]
}