{
   "sha": "57d7804297acdd855f4f2e2a6903cf6ca04d323e",
   "source_x": "PMC",
   "title": "Synthesis and biological activity of myricetin derivatives containing 1,3,4-thiadiazole scaffold",
   "doi": "10.1186/s13065-017-0336-7",
   "pmcid": "PMC5645266",
   "pubmed_id": "29086886",
   "license": "cc-by",
   "abstract": "BACKGROUND: Myricetin and 1,3,4-thiadiazole derivatives were reported to exhibit favorable antiviral and antibacterial activities. Aiming to discover novel myricetin analogues with potent activities, a series of novel myricetin derivatives containing 1,3,4-thiadiazole moiety were synthesized, and their antibacterial and antiviral activities were evaluated. RESULT: Bioassay results indicated that some target compounds exhibited potential antibacterial and antiviral activities. Among them, compounds 2, 3a, 3b, 3d, 3f, 3i, 3m and 3p exhibited excellent antibacterial activities against Xanthomonas oryzae pv. Oryzae (Xoo), with EC(50) values of 42.7, 38.6, 20.8, 12.9, 22.7, 27.3, 18.3 and 29.4 \u03bcg/mL, respectively, which were better than that of thiadiazole-copper (94.9 \u03bcg/mL). Compounds 3b, 3d, 3e, 3f, 3i and 3o showed good antibacterial activities against Ralstonia solanacearum (Rs), with EC(50) values of 37.9, 72.6, 43.6, 59.6, 60.6 and 39.6 \u03bcg/mL, respectively, which were superior to that of thiadiazole-copper (131.7 \u03bcg/mL). In addition, compounds 3d, 3f, 3i and 3m showed better curative activities against tobacco mosaic virus (TMV), with EC(50) values of 152.8, 99.7, 127.1, and 167.3 \u03bcg/mL, respectively, which were better than that of ningnanmycin (211.1 \u03bcg/mL). CONCLUSIONS: A series of myricetin derivatives containing 1,3,4-thiadiazole scaffold were synthesized, and their antibacterial activities against Xoo and Rs and their antiviral activity against TMV were evaluated. Bioassays indicated that some target compounds exhibited potential antibacterial and antiviral activities. These results indicated this kind of myricetin analogues could be further studied as potential alternative templates in the search for novel antibacterial and antiviral agents. ELECTRONIC SUPPLEMENTARY MATERIAL: The online version of this article (doi:10.1186/s13065-017-0336-7) contains supplementary material, which is available to authorized users.",
   "publish_time": "2017 Oct 17",
   "authors": [
      "Zhong, Xinmin",
      "Wang, Xiaobin",
      "Chen, Lijuan",
      "Ruan, Xianghui",
      "Li, Qin",
      "Zhang, Juping",
      "Chen, Zhuo",
      "Xue, Wei"
   ],
   "journal": "Chem Cent J",
   "has_full_text": "True",
   "full_text_file": "comm_use_subset",
   "id": "https://doi.org/10.1186/s13065-017-0336-7",
   "pubtator": "PMC5645266",
   "fhir_link": [
      "Commercial/Composition/57d7804297acdd855f4f2e2a6903cf6ca04d323e"
   ]
}