{
   "sha": "0330ede445d96dd0a27f474f945d6ce2e7085f15",
   "source_x": "PMC",
   "title": "Viperin Targets Flavivirus Virulence by Inducing Assembly of Noninfectious Capsid Particles",
   "doi": "10.1128/JVI.01751-17",
   "pmcid": "PMC5730767",
   "pubmed_id": "29046456",
   "license": "cc-by",
   "abstract": "Efficient antiviral immunity requires interference with virus replication at multiple layers targeting diverse steps in the viral life cycle. We describe here a novel flavivirus inhibition mechanism that results in interferon-mediated obstruction of tick-borne encephalitis virus particle assembly and involves release of malfunctioning membrane-associated capsid (C) particles. This mechanism is controlled by the activity of the interferon-induced protein viperin, a broad-spectrum antiviral interferon-stimulated gene. Through analysis of the viperin-interactome, we identified the Golgi brefeldin A-resistant guanine nucleotide exchange factor 1 (GBF1) as the cellular protein targeted by viperin. Viperin-induced antiviral activity, as well as C-particle release, was stimulated by GBF1 inhibition and knockdown and reduced by elevated levels of GBF1. Our results suggest that viperin targets flavivirus virulence by inducing the secretion of unproductive noninfectious virus particles via a GBF1-dependent mechanism. This as-yet-undescribed antiviral mechanism allows potential therapeutic intervention. IMPORTANCE The interferon response can target viral infection on almost every level; however, very little is known about the interference of flavivirus assembly. We show here that interferon, through the action of viperin, can disturb the assembly of tick-borne encephalitis virus. The viperin protein is highly induced after viral infection and exhibit broad-spectrum antiviral activity. However, the mechanism of action is still elusive and appears to vary between the different viruses, indicating that cellular targets utilized by several viruses might be involved. In this study, we show that viperin induces capsid particle release by interacting and inhibiting the function of the cellular protein Golgi brefeldin A-resistant guanine nucleotide exchange factor 1 (GBF1). GBF1 is a key protein in the cellular secretory pathway and is essential in the life cycle of many viruses, also targeted by viperin, implicating GBF1 as a novel putative drug target.",
   "publish_time": "2017 Dec 14",
   "authors": [
      "Vonderstein, Kirstin",
      "Nilsson, Emma",
      "Hubel, Philipp",
      "Nyg\u00e5rd Skalman, Lars\u00e5rd",
      "Upadhyay, Arunkumar",
      "Pasto, Jenny",
      "Pichlmair, Andreas",
      "Lundmark, Richard",
      "\u00d6verby, Anna K."
   ],
   "journal": "J Virol",
   "has_full_text": "True",
   "full_text_file": "comm_use_subset",
   "id": "https://doi.org/10.1128/JVI.01751-17",
   "pubtator": "PMC5730767",
   "fhir_link": [
      "Commercial/Composition/0330ede445d96dd0a27f474f945d6ce2e7085f15"
   ]
}