{
   "sha": "68050f9429a9f9fe023c51014f830e9d2572d2d9",
   "source_x": "PMC",
   "title": "Clinical analysis of 23 cases of steroid-associated osteonecrosis of the femoral head with normal initial magnetic resonance imaging presentation",
   "doi": "10.1097/MD.0000000000008834",
   "pmcid": "PMC5728861",
   "pubmed_id": "29245246",
   "license": "cc-by",
   "abstract": "To explore the clinical characteristics of steroid-associated osteonecrosis of the femoral head (ONFH) presenting initially normal magnetic resonance imaging (MRI) results. This retrospective study examined data from 23 cases that suffered from ONFH but presented a normal image at the first MRI examination after corticosteroid therapy from June 2005 to December 2013. Data on protopathy, age, sex, time of pain onset, MRI examination, and initial diagnosis were collected and analyzed. Average time from steroid therapy to first MRI examination was 45.7 \u00b1 25.5 days (range, 10\u201394 days). Average time to final diagnosis was 199.9 \u00b1 165.8 days (range, 32\u2013762 days). Of the 23 cases, 21 cases complained of discomfort and were misdiagnosed because of a normal initial MRI scan. Twelve hips progressed to collapse and 1 hip received lumbar discectomy when got the final diagnosis. Cases with continuous pain (9/21) presented with pain at a later time than those with intermittent pain (12/21), although the continuous pain cases were diagnosed earlier. MRI performed 2 to 3 months after steroid therapy may present normal images. Another MRI examination is necessary to make a definite diagnosis.",
   "publish_time": "2017 Dec 8",
   "authors": [
      "Zhao, Feng-Chao",
      "Hu, Huai-Xia",
      "Zheng, Xin",
      "Cang, Ding-Wei",
      "Liu, Xiaoyun",
      "Zhang, Jian-Zhi",
      "Guo, Kai-Jin"
   ],
   "journal": "Medicine (Baltimore)",
   "has_full_text": "True",
   "full_text_file": "comm_use_subset",
   "id": "https://doi.org/10.1097/MD.0000000000008834",
   "pubtator": "PMC5728861",
   "fhir_link": [
      "Commercial/Composition/68050f9429a9f9fe023c51014f830e9d2572d2d9"
   ]
}