{
   "sha": "fd70fe1475a302013f71a976dd9270cf5ecbe12e",
   "source_x": "PMC",
   "title": "HIV-1 Env DNA prime plus gp120 and gp70-V1V2 boosts induce high level of V1V2-specific IgG and ADCC responses and low level of Env-specific IgA response: implication for improving RV144 vaccine regimen",
   "doi": "10.1038/emi.2017.90",
   "pmcid": "PMC5717091",
   "pubmed_id": "29184156",
   "license": "cc-by",
   "publish_time": "2017 Nov 29",
   "authors": [
      "Wang, Qian",
      "Dai, Yanyan",
      "Sun, Zhiwu",
      "Su, Xiaojie",
      "Yu, Yufeng",
      "Hua, Chen",
      "Xu, Wei",
      "Jiang, Shibo",
      "Lu, Lu"
   ],
   "journal": "Emerg Microbes Infect",
   "has_full_text": "True",
   "full_text_file": "comm_use_subset",
   "id": "https://doi.org/10.1038/emi.2017.90",
   "pubtator": "PMC5717091",
   "fhir_link": [
      "Commercial/Composition/fd70fe1475a302013f71a976dd9270cf5ecbe12e"
   ]
}