{
   "sha": "bee209540848ded10add285c6a2d90906961baea",
   "source_x": "PMC",
   "title": "Immortalized common marmoset (Callithrix jacchus) hepatic progenitor cells possess bipotentiality in vitro and in vivo",
   "doi": "10.1038/s41421-018-0020-7",
   "pmcid": "PMC5951880",
   "pubmed_id": "29796307",
   "license": "cc-by",
   "abstract": "Common marmoset (Callithrix jacchus) is emerging as a clinically relevant nonhuman primate model for various diseases, but is hindered by the availability of marmoset cell lines, which are critical for understanding the disease pathogenesis and drug/toxicological screening prior to animal testing. Here we describe the generation of immortalized marmoset hepatic progenitor cells (MHPCs) by lentivirus-mediated transfer of the simian virus 40 large T antigen gene in fetal liver polygonal cells. MHPCs proliferate indefinitely in vitro without chromosomal alteration and telomere shortening. These cells possess hepatic progenitor cell-specific gene expression profiles with potential to differentiate into both hepatocytic and cholangiocytic lineages in vitro and in vivo and also can be genetically modified. Importantly, injected MHPCs repopulated the injured liver of fumarylacetoacetate hydrolase (Fah)-deficient mice with hepatocyte-like cells. MHPCs also engraft as cholangiocytes into bile ducts of 3,5-diethoxycarbonyl-1,4-dihydrocollidine (DDC)-induced bile ductular injured mice. MHPCs provide a tool to enable efficient derivation and genetic modification of both hepatocytes and cholangiocytes for use in disease modeling, tissue engineering, and drug screening.",
   "publish_time": "2018 May 15",
   "authors": [
      "Guo, Zhenglong",
      "Jing, Renwei",
      "Rao, Quan",
      "Zhang, Ludi",
      "Gao, Yimeng",
      "Liu, Fengyong",
      "Wang, Xin",
      "Hui, Lijian",
      "Yin, HaiFang"
   ],
   "journal": "Cell Discov",
   "has_full_text": "True",
   "full_text_file": "comm_use_subset",
   "id": "https://doi.org/10.1038/s41421-018-0020-7",
   "pubtator": "PMC5951880",
   "fhir_link": [
      "Commercial/Composition/bee209540848ded10add285c6a2d90906961baea"
   ]
}