{
   "sha": "b46170b59d879a53ec59e8a24a0c01b16df08e3d",
   "source_x": "PMC",
   "title": "Gene Therapy for Chronic HBV\u2014Can We Eliminate cccDNA?",
   "doi": "10.3390/genes9040207",
   "pmcid": "PMC5924549",
   "pubmed_id": "29649127",
   "license": "cc-by",
   "abstract": "Chronic infection with the hepatitis B virus (HBV) is a global health concern and accounts for approximately 1 million deaths annually. Amongst other limitations of current anti-HBV treatment, failure to eliminate the viral covalently closed circular DNA (cccDNA) and emergence of resistance remain the most worrisome. Viral rebound from latent episomal cccDNA reservoirs occurs following cessation of therapy, patient non-compliance, or the development of escape mutants. Simultaneous viral co-infections, such as by HIV-1, further complicate therapeutic interventions. These challenges have prompted development of novel targeted hepatitis B therapies. Given the ease with which highly specific and potent nucleic acid therapeutics can be rationally designed, gene therapy has generated interest for antiviral application. Gene therapy strategies developed for HBV include gene silencing by harnessing RNA interference, transcriptional inhibition through epigenetic modification of target DNA, genome editing by designer nucleases, and immune modulation with cytokines. DNA-binding domains and effectors based on the zinc finger (ZF), transcription activator-like effector (TALE), and clustered regularly interspaced short palindromic repeat (CRISPR) systems are remarkably well suited to targeting episomal cccDNA. This review discusses recent developments and challenges facing the field of anti-HBV gene therapy, its potential curative significance and the progress towards clinical application.",
   "publish_time": "2018 Apr 12",
   "authors": [
      "Bloom, Kristie",
      "Maepa, Mohube Betty",
      "Ely, Abdullah",
      "Arbuthnot, Patrick"
   ],
   "journal": "Genes (Basel)",
   "has_full_text": "True",
   "full_text_file": "comm_use_subset",
   "id": "https://doi.org/10.3390/genes9040207",
   "pubtator": "PMC5924549",
   "fhir_link": [
      "Commercial/Composition/b46170b59d879a53ec59e8a24a0c01b16df08e3d"
   ]
}