{
   "sha": "258dc6960914cb934076d169f8c02d51883cf571",
   "source_x": "PMC",
   "title": "Elevated plasma angiotensin converting enzyme 2 activity is an independent predictor of major adverse cardiac events in patients with obstructive coronary artery disease",
   "doi": "10.1371/journal.pone.0198144",
   "pmcid": "PMC5999069",
   "pubmed_id": "29897923",
   "license": "cc-by",
   "abstract": "BACKGROUND: Angiotensin converting enzyme 2 (ACE2) is an endogenous regulator of the renin angiotensin system. Increased circulating ACE2 predicts adverse outcomes in patients with heart failure (HF), but it is unknown if elevated plasma ACE2 activity predicts major adverse cardiovascular events (MACE) in patients with obstructive coronary artery disease (CAD). METHODS: We prospectively recruited patients with obstructive CAD (defined as \u226550% stenosis of the left main coronary artery and/or \u226570% stenosis in \u2265 1 other major epicardial vessel on invasive coronary angiography) and measured plasma ACE2 activity. Patients were followed up to determine if circulating ACE2 activity levels predicted the primary endpoint of MACE (cardiovascular mortality, HF or myocardial infarction). RESULTS: We recruited 79 patients with obstructive coronary artery disease. The median (IQR) plasma ACE2 activity was 29.3 pmol/ml/min [21.2\u201341.2]. Over a median follow up of 10.5 years [9.6\u201310.8years], MACE occurred in 46% of patients (36 events). On Kaplan-Meier analysis, above-median plasma ACE2 activity was associated with MACE (log-rank test, p = 0.035) and HF hospitalisation (p = 0.01). After Cox multivariable adjustment, log ACE2 activity remained an independent predictor of MACE (hazard ratio (HR) 2.4, 95% confidence interval (CI) 1.24\u20134.72, p = 0.009) and HF hospitalisation (HR: 4.03, 95% CI: 1.42\u201311.5, p = 0.009). CONCLUSIONS: Plasma ACE2 activity independently increased the hazard of adverse long-term cardiovascular outcomes in patients with obstructive CAD.",
   "publish_time": "2018 Jun 13",
   "authors": [
      "Ramchand, Jay",
      "Patel, Sheila K.",
      "Srivastava, Piyush M.",
      "Farouque, Omar",
      "Burrell, Louise M."
   ],
   "journal": "PLoS One",
   "has_full_text": "True",
   "full_text_file": "comm_use_subset",
   "id": "https://doi.org/10.1371/journal.pone.0198144",
   "pubtator": "PMC5999069",
   "fhir_link": [
      "Commercial/Composition/258dc6960914cb934076d169f8c02d51883cf571"
   ]
}