{
   "sha": "af989f3b3f8bf8e0b3d8da323e3443a3f50ca2ce",
   "source_x": "PMC",
   "title": "Exogenous lipoid pneumonia: an important cause of interstitial lung disease in infants",
   "doi": "10.1002/rcr2.356",
   "pmcid": "PMC6079933",
   "pubmed_id": "30094029",
   "license": "cc-by",
   "abstract": "Exogenous lipoid pneumonia (ELP), an important cause of interstitial lung disease, often goes unrecognized. We conducted a retrospective study of children with histologically confirmed ELP at Red Cross Children\u2019s Hospital, South Africa. Twelve children of Zimbabwean heritage aged 2.1\u201310.8 months were identified between 2012 and 2017. Repeated oral administration of plant\u2010based oil for cultural reasons was reported by 10 of 11 caregivers. Cough (12/12), tachypnoea (11/12), hypoxia (9/12), and diffuse alveolar infiltrates on chest radiography (12/12) were common at presentation. Chest computed tomography revealed ground\u2010glass opacification with lower zone predominance (9/9) and interlobular septal thickening (8/9). Bronchoalveolar lavage specimens appeared cloudy/milky, with abundant lipid\u2010laden macrophages and extracellular lipid on Oil\u2010Red\u2010O staining (12/12), with polymicrobial (6/12) and Mycobacterium abscessus (2/12) co\u2010infection. Antibiotics, systemic corticosteroids, and therapeutic lavage were interventions in all eight and five patients, respectively. Clinicians should consider ELP in children with non\u2010resolving pneumonia in settings with similar practices.",
   "publish_time": "2018 Aug 7",
   "authors": [
      "Marangu, Diana",
      "Pillay, Komala",
      "Banderker, Ebrahim",
      "Gray, Diane",
      "Vanker, Aneesa",
      "Zampoli, Marco"
   ],
   "journal": "Respirol Case Rep",
   "has_full_text": "True",
   "full_text_file": "comm_use_subset",
   "id": "https://doi.org/10.1002/rcr2.356",
   "pubtator": "PMC6079933",
   "fhir_link": [
      "Commercial/Composition/af989f3b3f8bf8e0b3d8da323e3443a3f50ca2ce"
   ]
}