{
   "sha": "64a2b883a0ce91110c5cd56722520d862476ba3e",
   "source_x": "PMC",
   "title": "Major medical causes by breed and life stage for dogs presented at veterinary clinics in the Republic of Korea: a survey of electronic medical records",
   "doi": "10.7717/peerj.5161",
   "pmcid": "PMC6035722",
   "pubmed_id": "30013835",
   "license": "cc-by",
   "abstract": "BACKGROUND: Age and breed are considered the greatest risk factors for disease prevalence and mortality in companion dogs. Understanding the prevalence of diseases, in relation to age and breed, would support appropriate guidance for future health care strategies and provide useful information for the early diagnosis of diseases. The purpose of this study was to investigate the major medical causes for dogs visiting primary-care veterinary clinics in the Republic of Korea, stratified by age and breed. METHODS: A total of 15,531 medical records of canine patients were analyzed from 11 veterinary clinics who shared data from January 1, 2016 to December 31, 2016. An electronic medical record (EMR) system was used for data collection, which included the animal identification number, age, breed, gender, neuter status, clinical information, and diagnosis. EMR data were classified using the International Classification of Disease system from the World Health Organization; presenting signs or diagnoses were identified according to breed and life stage. RESULTS: Within the age groups, preventive medicine (16.7% confidence intervals (CI) [15.9\u201317.5]) was the most common cause for clinic visits for the <1 year and 1\u20133 year groups. Additionally, neutering surgery (6.6% CI [6.0\u20137.1]) and patella luxation (1.4% CI [1.8\u20132.7]) were frequently performed in these age groups. In the 4\u20136 year group, otitis externa (8.8% CI [7.8\u201310.0]) and dermatitis or eczema (8.5% CI [7.5\u20139.6]) were common medical problems. In older dogs (>10 year), the prevalences of heart disease, kidney disease, Cushing\u2019s disease, and mammary tumors were higher than in the other age groups. Small and toy breed dogs comprised 67.7% of all dogs in this analysis. For all breeds, otitis externa, dermatitis or eczema, vomiting, and diarrhea were common medical problems. DISCUSSION: This study identified the most common medical disorders and differences in prevalences of diseases, according to age and breeds. The information from EMRs for dogs visiting primary-care veterinary clinics can provide background knowledge that is required to enable a better understanding of disease patterns and occurrence by age and breeds. The information from this study could enable the creation of strategies for preventing diseases and enable the identification of health problems for more effective disease management in companion dogs.",
   "publish_time": "2018 Jul 3",
   "authors": [
      "Kim, Eunju",
      "Choe, Changyong",
      "Yoo, Jae Gyu",
      "Oh, Sang-Ik",
      "Jung, Younghun",
      "Cho, Ara",
      "Kim, Suhee",
      "Do, Yoon Jung"
   ],
   "journal": "PeerJ",
   "has_full_text": "True",
   "full_text_file": "comm_use_subset",
   "id": "https://doi.org/10.7717/peerj.5161",
   "pubtator": "PMC6035722",
   "fhir_link": [
      "Commercial/Composition/64a2b883a0ce91110c5cd56722520d862476ba3e"
   ]
}