{
   "sha": "59c761eaa72007b50d08705d896c18b2802e2cbb",
   "source_x": "PMC",
   "title": "Resolution of obstructive sleep apnea after mandibular distraction osteogenesis in setting of delayed tongue\u2013lip adhesion takedown: A case report",
   "doi": "10.1097/MD.0000000000012853",
   "pmcid": "PMC6211851",
   "pubmed_id": "30334989",
   "license": "cc-by",
   "abstract": "RATIONALE: There is a high prevalence of obstructive sleep apnea (OSA) in patients with Pierre Robin sequence (PRS), and treatment approaches are highly variable. One approach is a temporary tongue-lip adhesion (TLA) that acts as a temporizing measure while the mandible continues to grow and is usually taken down at 1 year of age. PATIENT CONCERNS: Side effects of prolonged tongue-lip adhesion and optimal workup and treatment of persistent OSA in the setting of a tongue-lip adhesion. DIAGNOSES: Pierre Robin sequence (PRS), persistent obstructive sleep apnea (OSA), and tongue-lip adhesion (TLA). INTERVENTIONS: Mandibular distraction osteogenesis (MDO), adenotonsillectomy, and tongue-lip adhesion takedown. OUTCOMES: Resolution of OSA. LESSONS: This case puts into question the efficacy of isolated TLA in infants with Pierre Robin sequence and OSA, and places emphasis on the importance of considering an earlier workup of other potential causes of obstruction and the potential need for MDO as a primary or adjunctive approach to treatment.",
   "publish_time": "2018 Oct 19",
   "authors": [
      "Randall, Robyn S.",
      "Kian, Aaron",
      "Chin, Katherine",
      "French, Brooke"
   ],
   "journal": "Medicine (Baltimore)",
   "has_full_text": "True",
   "full_text_file": "comm_use_subset",
   "id": "https://doi.org/10.1097/MD.0000000000012853",
   "pubtator": "PMC6211851",
   "fhir_link": [
      "Commercial/Composition/59c761eaa72007b50d08705d896c18b2802e2cbb"
   ]
}