{
   "sha": "8e08fc4e2bad1f9e32a4034e66d96014978e070f",
   "source_x": "PMC",
   "title": "Viral Respiratory Infections in the Neonatal Intensive Care Unit\u2014A Review",
   "doi": "10.3389/fmicb.2018.02484",
   "pmcid": "PMC6202802",
   "pubmed_id": "30405557",
   "license": "cc-by",
   "abstract": "Although infrequent, respiratory viral infections (RVIs) during birth hospitalization have a significant impact on short- and long-term morbidity in term and preterm neonates. RVI have been associated with increased length of hospital stay, severe disease course, unnecessary antimicrobial exposure and nosocomial outbreaks in the neonatal intensive care unit (NICU). Virus transmission has been described to occur via health care professionals, parents and other visitors. Most at risk are infants born prematurely, due to their immature immune system and the fact that they stay in the NICU for a considerable length of time. A prevalence of RVIs in the NICU in symptomatic infants of 6\u201330% has been described, although RVIs are most probably underdiagnosed, since testing for viral pathogens is not performed routinely in symptomatic patients in many NICUs. Additional challenges are the wide range of clinical presentation of RVIs, their similarity to bacterial infections and the unreliable detection methods prior to the era of molecular biology based technologies. In this review, current knowledge of early-life RVI in the NICU is discussed. Reviewed viral pathogens include human rhinovirus, respiratory syncytial virus and influenza virus, and discussed literature is restricted to reports based on modern molecular biology techniques. The review highlights therapeutic approaches and possible preventive strategies. Furthermore, short- and long-term consequences of RVIs in infants hospitalized in the NICU are discussed.",
   "publish_time": "2018 Oct 19",
   "authors": [
      "Pichler, Karin",
      "Assadian, Ojan",
      "Berger, Angelika"
   ],
   "journal": "Front Microbiol",
   "has_full_text": "True",
   "full_text_file": "comm_use_subset",
   "id": "https://doi.org/10.3389/fmicb.2018.02484",
   "pubtator": "PMC6202802",
   "fhir_link": [
      "Commercial/Composition/8e08fc4e2bad1f9e32a4034e66d96014978e070f"
   ]
}