{
   "sha": "3727230a23a43b18086004127d3d288db1ba3bf5",
   "source_x": "PMC",
   "title": "A Comprehensive In Silico Method to Study the QSTR of the Aconitine Alkaloids for Designing Novel Drugs",
   "doi": "10.3390/molecules23092385",
   "pmcid": "PMC6225272",
   "pubmed_id": "30231506",
   "license": "cc-by",
   "abstract": "A combined in silico method was developed to predict potential protein targets that are involved in cardiotoxicity induced by aconitine alkaloids and to study the quantitative structure\u2013toxicity relationship (QSTR) of these compounds. For the prediction research, a Protein-Protein Interaction (PPI) network was built from the extraction of useful information about protein interactions connected with aconitine cardiotoxicity, based on nearly a decade of literature and the STRING database. The software Cytoscape and the PharmMapper server were utilized to screen for essential proteins in the constructed network. The Calcium-Calmodulin-Dependent Protein Kinase II alpha (CAMK2A) and gamma (CAMK2G) were identified as potential targets. To obtain a deeper insight on the relationship between the toxicity and the structure of aconitine alkaloids, the present study utilized QSAR models built in Sybyl software that possess internal robustness and external high predictions. The molecular dynamics simulation carried out here have demonstrated that aconitine alkaloids possess binding stability for the receptor CAMK2G. In conclusion, this comprehensive method will serve as a tool for following a structural modification of the aconitine alkaloids and lead to a better insight into the cardiotoxicity induced by the compounds that have similar structures to its derivatives.",
   "publish_time": "2018 Sep 18",
   "authors": [
      "Wang, Ming-Yang",
      "Liang, Jing-Wei",
      "Mohamed Olounfeh, Kamara",
      "Sun, Qi",
      "Zhao, Nan",
      "Meng, Fan-Hao"
   ],
   "journal": "Molecules",
   "has_full_text": "True",
   "full_text_file": "comm_use_subset",
   "id": "https://doi.org/10.3390/molecules23092385",
   "pubtator": "PMC6225272",
   "fhir_link": [
      "Commercial/Composition/3727230a23a43b18086004127d3d288db1ba3bf5"
   ]
}