{
   "sha": "c7bf679ec25305b15089e89885f393de974be10d",
   "source_x": "PMC",
   "title": "Development of luciferase-linked antibody capture assay based on luciferase immunoprecipitation systems for antibody detection of porcine reproductive and respiratory syndrome virus",
   "doi": "10.1186/s12896-018-0483-5",
   "pmcid": "PMC6240198",
   "pubmed_id": "30445953",
   "license": "cc-by",
   "abstract": "BACKGROUND: Early detection of porcine reproductive and respiratory syndrome virus (PRRSV) infection of swine is necessary to control this devastating disease. By monitoring host serum antibodies to viral antigens, early virus detection within herds is feasible. In this study, recombinant antigens were generated using recombinant DNA techniques to fuse PRRSV structural protein (N) or nonstructural protein 1\u03b1 (nsp1\u03b1) with the Rellina luciferase gene. Next, fused genes were cloned into plasmids and transfected into HEK-293 T cells for transient expression. Upon co-incubation of lysates with pig sera, antigen-antibody complexes formed that bound to Protein-G coated onto microplates. By further measurement of luminance value, a modified form of Luciferase Immunoprecipitation Systems, namely luciferase-linked antibody capture assay (LACA) was developed for detection of PRRSV-specific antibodies. RESULTS: Known anti-PRRSV antibody-positive or -negative serum samples (125 and 122 samples, respectively) were used to validate the LACA and compared it with IDEXX PRRS \u00d73 ELISA. Based on the result, N-Rluc and nsp1\u03b1-Rluc LACA results were 95.3 and 94.4% in agreement with IDEXX ELISA, suggested a similar specificity of LACA to IDEXX ELISA. Moreover, when both LACA and IDEXX ELISA were used to evaluate sequential serum samples obtained from PRRSV experimentally infected pigs, the PRRSV-specific antibody response was detectable as early as 3 days post-inoculation (dpi) using N-Rluc LACA, but undetectable until 7 dpi using IDEXX ELISA, suggesting an improved sensitivity of LACA. Meanwhile, antibodies specific for nsp1\u03b1 were detected at higher levels overall, but were undetectable until 10 dpi. Furthermore,. Notably, one IDEXX ELISA positive result was not confirmed by LACA or IFA and was thus considered a false-positive result. CONCLUSION: The LACA exhibited similar specificity but improved sensitivity to that of the commercial IDEXX PRRS \u00d73 ELISA kit for detection of PRRSV-specific antibodies in pig serum. Importantly, LACA could be adapted for detecting antibodies against other PRRSV targets, such as nsp1\u03b1, to achieve earlier detection of PRRSV infection.",
   "publish_time": "2018 Nov 16",
   "authors": [
      "Li, Jie",
      "Wang, Gang",
      "Yang, Di",
      "Zhao, Bao",
      "Zhao, Yongpan",
      "Liu, Yonggang",
      "Cai, Xuehui",
      "Nan, Yuchen",
      "Zhou, En-Min",
      "Wu, Chunyan"
   ],
   "journal": "BMC Biotechnol",
   "has_full_text": "True",
   "full_text_file": "comm_use_subset",
   "id": "https://doi.org/10.1186/s12896-018-0483-5",
   "pubtator": "PMC6240198",
   "fhir_link": [
      "Commercial/Composition/c7bf679ec25305b15089e89885f393de974be10d"
   ]
}