{
   "sha": "7c330dd659e9ae0e248b8dbb9e6f8d886dd61c13",
   "source_x": "PMC",
   "title": "Bioaerosol Sampling for Respiratory Viruses in Singapore\u2019s Mass Rapid Transit Network",
   "doi": "10.1038/s41598-018-35896-1",
   "pmcid": "PMC6269463",
   "pubmed_id": "30504827",
   "license": "cc-by",
   "abstract": "As a leading global city with a high population density, Singapore is at risk for the introduction of novel biological threats. This risk has been recently reinforced by human epidemics in Singapore of SARS coronavirus, 2009 pandemic H1N1 influenza A virus, and enterovirus 71. Other major threats to Singapore include MERS-coronavirus and various avian and swine influenza viruses. The ability to quickly identify and robustly track such threats to initiate an early emergency response remains a significant challenge. In an effort to enhance respiratory virus surveillance in Singapore, our team conducted a pilot study employing a noninvasive bioaerosol sampling method to detect respiratory viruses in Singapore\u2019s Mass Rapid Transit (MRT) network. Over a period of 52 weeks, 89 aerosol samples were collected during peak MRT ridership hours. Nine (10%) tested positive for adenovirus, four (4.5%) tested positive for respiratory syncytial virus type A, and one (1%) tested positive for influenza A virus using real-time RT-PCR/PCR. To our knowledge, this is the first time molecular evidence for any infectious respiratory agent has been collected from Singapore\u2019s MRT. Our pilot study data support the possibility of employing bioaerosol samplers in crowded public spaces to noninvasively monitor for respiratory viruses circulating in communities.",
   "publish_time": "2018 Nov 30",
   "authors": [
      "Coleman, Kristen K.",
      "Nguyen, Tham T.",
      "Yadana, Su",
      "Hansen-Estruch, Christophe",
      "Lindsley, William G.",
      "Gray, Gregory C."
   ],
   "journal": "Sci Rep",
   "has_full_text": "True",
   "full_text_file": "comm_use_subset",
   "id": "https://doi.org/10.1038/s41598-018-35896-1",
   "pubtator": "PMC6269463",
   "fhir_link": [
      "Commercial/Composition/7c330dd659e9ae0e248b8dbb9e6f8d886dd61c13"
   ]
}