{
   "sha": "dcc46888d647f293c6f9d136aaf7d3a708558372",
   "source_x": "PMC",
   "title": "Middle East Respiratory Syndrome Vaccine Candidates: Cautious Optimism",
   "doi": "10.3390/v11010074",
   "pmcid": "PMC6356267",
   "pubmed_id": "30658390",
   "license": "cc-by",
   "abstract": "Efforts towards developing a vaccine for Middle East respiratory syndrome coronavirus (MERS-CoV) have yielded promising results. Utilizing a variety of platforms, several vaccine approaches have shown efficacy in animal models and begun to enter clinical trials. In this review, we summarize the current progress towards a MERS-CoV vaccine and highlight potential roadblocks identified from previous attempts to generate coronavirus vaccines.",
   "publish_time": "2019 Jan 17",
   "authors": [
      "Schindewolf, Craig",
      "Menachery, Vineet D."
   ],
   "journal": "Viruses",
   "has_full_text": "True",
   "full_text_file": "comm_use_subset",
   "id": "https://doi.org/10.3390/v11010074",
   "pubtator": "PMC6356267",
   "fhir_link": [
      "Commercial/Composition/dcc46888d647f293c6f9d136aaf7d3a708558372"
   ]
}