{
   "sha": "179338a972eb486bae25e1898b54441c7534e0b2",
   "source_x": "PMC",
   "title": "Rapid molecular detection of macrolide resistance",
   "doi": "10.1186/s12879-019-3762-4",
   "pmcid": "PMC6373131",
   "pubmed_id": "30755177",
   "license": "cc-by",
   "abstract": "BACKGROUND: Emerging antimicrobial resistance is a significant threat to human health. However, methods for rapidly diagnosing antimicrobial resistance generally require multi-day culture-based assays. Macrolide efflux gene A, mef(A), provides resistance against erythromycin and azithromycin and is known to be laterally transferred among a wide range of bacterial species. METHODS: We use Recombinase Polymerase Assay (RPA) to detect the antimicrobial resistance gene mef(A) from raw lysates without nucleic acid purification. To validate these results we performed broth dilution assays to assess antimicrobial resistance to erythromycin and ampicillin (a negative control). RESULTS: We validate the detection of mef(A) in raw lysates of Streptococcus pyogenes, S. pneumoniae, S. salivarius, and Enterococcus faecium bacterial lysates within 7\u201310 min of assay time. We show that detection of mef(A) accurately predicts real antimicrobial resistance assessed by traditional culture methods, and that the assay is robust to high levels of spiked-in non-specific nucleic acid contaminant. The assay was unaffected by single-nucleotide polymorphisms within divergent mef(A) gene sequences, strengthening its utility as a robust diagnostic tool. CONCLUSIONS: This finding opens the door to implementation of rapid genomic diagnostics in a clinical setting, while providing researchers a rapid, cost-effective tool to track antibiotic resistance in both pathogens and commensal strains.",
   "publish_time": "2019 Feb 12",
   "authors": [
      "Nelson, Megan M.",
      "Waldron, Christopher L.",
      "Bracht, John R."
   ],
   "journal": "BMC Infect Dis",
   "has_full_text": "True",
   "full_text_file": "comm_use_subset",
   "id": "https://doi.org/10.1186/s12879-019-3762-4",
   "pubtator": "PMC6373131",
   "fhir_link": [
      "Commercial/Composition/179338a972eb486bae25e1898b54441c7534e0b2"
   ]
}