{
   "sha": "2468815380ef0da6656eafec81936b459b5b210e",
   "source_x": "PMC",
   "title": "No-Notice Mystery Patient Drills to Assess Emergency Preparedness for Infectious Diseases at Community Health Centers in New York City, 2015\u20132016",
   "doi": "10.1007/s10900-018-00595-5",
   "pmcid": "PMC6411664",
   "pubmed_id": "30604224",
   "license": "cc-by",
   "abstract": "Mystery patient drills using simulated patients have been used in hospitals to assess emergency preparedness for infectious diseases, but these drills have seldom been reported in primary care settings. We conducted three rounds of mystery patient drills designed to simulate either influenza-like illness (ILI) or measles at 41 community health centers in New York City from April 2015 through December 2016. Among 50 drills conducted, 49 successfully screened the patient\u2013actor (defined as provision of a mask or referral to the medical team given concern of infection requiring potential isolation), with 35 (70%) drills completing screening without any challenges. In 47 drills, the patient was subsequently isolated (defined as placement in a closed room to limit transmission), with 29 (58%) drills completing isolation without any challenges. Patient\u2013actors simulating ILI were more likely to be masked than those simulating measles (93% vs. 59%, p = 0.007). Median time to screening was 2 min (interquartile range [IQR] 2\u20136 min) and subsequently to isolation was 1 min (IQR 0\u20132 min). Approximately 95% of participants reported the drill was realistic and prepared them to deal with the hazards addressed. Qualitative analysis revealed recurring themes for strengths (e.g., established protocols, effective communication) and areas for improvement (e.g., hand hygiene, explaining isolation rationale). We conclude that mystery patient drills are an effective and feasible longitudinal collaboration between health departments and primary care clinics to assess and inform emergency preparedness for infectious diseases.",
   "publish_time": "2019 Jan 2",
   "authors": [
      "Ali, Mohsin",
      "Williams, Marsha D."
   ],
   "journal": "J Community Health",
   "has_full_text": "True",
   "full_text_file": "comm_use_subset",
   "id": "https://doi.org/10.1007/s10900-018-00595-5",
   "pubtator": "PMC6411664",
   "fhir_link": [
      "Commercial/Composition/2468815380ef0da6656eafec81936b459b5b210e"
   ]
}