{
   "sha": "61515abcd14687feeb6f17310e9190b99ad07b94",
   "source_x": "Elsevier",
   "title": "Chapter 65 Mucosal Vaccines from Plant Biotechnology",
   "doi": "10.1016/B978-0-12-415847-4.00065-3",
   "license": "els-covid",
   "abstract": "Abstract The use of plants for production of recombinant proteins has evolved over the past 25years. The first plant-based vaccines were expressed in stably transgenic plants, with the idea to conveniently deliver \u201cedible vaccines\u201d by ingestion of the antigen-containing plant material. These systems provided a proof of concept that oral delivery of vaccines in crude plant material could stimulate antigen-specific serum and mucosal antibodies. Transgenic grains like rice in particular provide a stable and robust vehicle for antigen delivery. However, some issues exist with stably transgenic plants, including relatively low expression levels and regulatory issues. Thus, many recent studies use transient expression with plant viral vectors to achieve rapid high expression in Nicotiana benthamiana, followed by purification of antigen and intranasal delivery for effective stimulation of mucosal immune responses.",
   "publish_time": "2015-12-31",
   "authors": [
      "Mason, Hugh S.",
      "Thuenemann, Eva",
      "Kiyono, Hiroshi",
      "Kessans, Sarah",
      "Matoba, Nobuyuki",
      "Mor, Tsafrir"
   ],
   "journal": "Mucosal Immunology",
   "has_full_text": "True",
   "full_text_file": "custom_license",
   "id": "https://doi.org/10.1016/B978-0-12-415847-4.00065-3",
   "fhir_link": [
      "PMC/Composition/61515abcd14687feeb6f17310e9190b99ad07b94"
   ]
}