{
   "source_x": "PMC",
   "title": "Innate Immune and Inflammatory Responses to Respiratory Viruses",
   "doi": "10.1155/2019/3146065",
   "pmcid": "PMC6487094",
   "pubmed_id": "31097919",
   "license": "cc-by",
   "publish_time": "2019 Apr 14",
   "authors": [
      "Li, Shitao",
      "Fu, Bishi",
      "Meshram, Chetan D."
   ],
   "journal": "Mediators Inflamm",
   "has_full_text": "False",
   "full_text_file": "comm_use_subset",
   "id": "https://doi.org/10.1155/2019/3146065",
   "pubtator": "PMC6487094"
}