{
   "sha": "a95e3a09d229a35ff2189682c618cff5add85e4a",
   "source_x": "PMC",
   "title": "Research in epidemic and emergency situations: A model for collaboration and expediting ethics review in two Caribbean countries",
   "doi": "10.1111/dewb.12157",
   "pmcid": "PMC6586066",
   "pubmed_id": "28752914",
   "license": "cc-by",
   "abstract": "Various forms of research are essential in emergency, disaster and disease outbreak situations, but challenges exist including the long length of time it takes to get research proposals approved. Consequently, it would be very advantageous to have an acceptable model for efficient coordination and communication between and among research ethics committees/IRBs and ministries of health, and templates for expediting (done with speed and efficiency) ethical review of research proposals in emergency and epidemic situations to be used across the Caribbean and in other low and middle income countries. This project involved a literature search and the interviewing of ministry of health officials, public health practitioners, and research ethics committee/IRB members in Jamaica and St. Lucia, to obtain suggestions for the best model for efficient coordination and communication between research ethics committees (RECs), and developed a template for expediting review of research protocols in epidemic and emergency conditions.",
   "publish_time": "2018 Dec 28",
   "authors": [
      "Aarons, Derrick"
   ],
   "journal": "Dev World Bioeth",
   "has_full_text": "True",
   "full_text_file": "comm_use_subset",
   "id": "https://doi.org/10.1111/dewb.12157",
   "pubtator": "PMC6586066",
   "fhir_link": [
      "Commercial/Composition/a95e3a09d229a35ff2189682c618cff5add85e4a"
   ]
}