{
   "sha": "e8ae86b48db5e9860652f9c78c61f13c1b41c700",
   "source_x": "PMC",
   "title": "Zinc Chelation Specifically Inhibits Early Stages of Dengue Virus Replication by Activation of NF-\u03baB and Induction of Antiviral Response in Epithelial Cells",
   "doi": "10.3389/fimmu.2019.02347",
   "pmcid": "PMC6779808",
   "pubmed_id": "31632411",
   "license": "cc-by",
   "abstract": "Zinc is an essential micronutrient which regulates diverse physiological functions and has been shown to play a crucial role in viral infections. Zinc has a necessary role in the replication of many viruses, however, antiviral action of zinc has also been demonstrated in in vitro infection models most likely through induction of host antiviral responses. Therefore, depending on the host machinery that the virus employs at different stages of infection, zinc may either facilitate, or inhibit virus infection. In this study, we show that zinc plays divergent roles in rotavirus and dengue virus infections in epithelial cells. Dengue virus infection did not perturb the epithelial barrier functions despite the release of virus from the basolateral surface whereas rotavirus infection led to disruption of epithelial junctions. In rotavirus infection, zinc supplementation post-infection did not block barrier disruption suggesting that zinc does not affect rotavirus life-cycle or protects epithelial barriers post-infection suggesting the involvement of cellular pathways in the beneficial effect of zinc supplementation in enteric infections. Zinc depletion by N,N,N',N'-tetrakis(2-pyridinylmethyl)-1,2-ethanediamine (TPEN) inhibited dengue virus and Japanese encephalitis virus (JEV) infection but had no effect on rotavirus. Time-of-addition experiments suggested that zinc chelation affected both early and late stages of dengue virus infectious cycle and zinc chelation abrogated dengue virus RNA replication. We show that transient zinc chelation induces ER stress and antiviral response by activating NF-kappaB leading to induction of interferon signaling. These results suggest that modulation of zinc homeostasis during virus infection could be a component of host antiviral response and altering zinc homeostasis may act as a potent antiviral strategy against flaviviruses.",
   "publish_time": "2019 Oct 1",
   "authors": [
      "Kar, Meenakshi",
      "Khan, Naseem Ahmed",
      "Panwar, Aleksha",
      "Bais, Sachendra S.",
      "Basak, Soumen",
      "Goel, Renu",
      "Sopory, Shailaja",
      "Medigeshi, Guruprasad R."
   ],
   "journal": "Front Immunol",
   "has_full_text": "True",
   "full_text_file": "comm_use_subset",
   "id": "https://doi.org/10.3389/fimmu.2019.02347",
   "pubtator": "PMC6779808",
   "fhir_link": [
      "Commercial/Composition/e8ae86b48db5e9860652f9c78c61f13c1b41c700"
   ]
}