{
   "sha": "1e981bc1ac8d6a8ea0f8e21991e3f525ae0a16a4",
   "source_x": "PMC",
   "title": "RNA Sequencing of H3N2 Influenza Virus-Infected Human Nasal Epithelial Cells from Multiple Subjects Reveals Molecular Pathways Associated with Tissue Injury and Complications",
   "doi": "10.3390/cells8090986",
   "pmcid": "PMC6770044",
   "pubmed_id": "31461941",
   "license": "cc-by",
   "abstract": "The human nasal epithelium is the primary site of exposure to influenza virus, the initiator of host responses to influenza and the resultant pathologies. Influenza virus may cause serious respiratory infection resulting in major complications, as well as severe impairment of the airways. Here, we elucidated the global transcriptomic changes during H3N2 infection of human nasal epithelial cells from multiple individuals. Using RNA sequencing, we characterized the differentially-expressed genes and pathways associated with changes occurring at the nasal epithelium following infection. We used in vitro differentiated human nasal epithelial cell culture model derived from seven different donors who had no concurrent history of viral infections. Statistical analysis highlighted strong transcriptomic signatures significantly associated with 24 and 48 h after infection, but not at the earlier 8-h time point. In particular, we found that the influenza infection induced in the nasal epithelium early and altered responses in interferon gamma signaling, B-cell signaling, apoptosis, necrosis, smooth muscle proliferation, and metabolic alterations. These molecular events initiated at the infected nasal epithelium may potentially adversely impact the airway, and thus the genes we identified could serve as potential diagnostic biomarkers or therapeutic targets for influenza infection and associated disease management.",
   "publish_time": "2019 Aug 27",
   "authors": [
      "Tan, Kai Sen",
      "Andiappan, Anand Kumar",
      "Lee, Bernett",
      "Yan, Yan",
      "Liu, Jing",
      "Tang, See Aik",
      "Lum, Josephine",
      "He, Ting Ting",
      "Ong, Yew Kwang",
      "Thong, Mark",
      "Lim, Hui Fang",
      "Choi, Hyung Won",
      "Rotzschke, Olaf",
      "Chow, Vincent T",
      "Wang, De Yun"
   ],
   "journal": "Cells",
   "has_full_text": "True",
   "full_text_file": "comm_use_subset",
   "id": "https://doi.org/10.3390/cells8090986",
   "pubtator": "PMC6770044",
   "fhir_link": [
      "Commercial/Composition/1e981bc1ac8d6a8ea0f8e21991e3f525ae0a16a4"
   ]
}