{
   "sha": "8dad44cafa563c90b07152ef2038e530b19edb31",
   "source_x": "PMC",
   "title": "E3 Ligase ITCH Interacts with the Z Matrix Protein of Lassa and Mopeia Viruses and Is Required for the Release of Infectious Particles",
   "doi": "10.3390/v12010049",
   "pmcid": "PMC7019300",
   "pubmed_id": "31906112",
   "license": "cc-by",
   "abstract": "Lassa virus (LASV) and Mopeia virus (MOPV) are two closely related, rodent-born mammarenaviruses. LASV is the causative agent of Lassa fever, a deadly hemorrhagic fever endemic in West Africa, whereas MOPV is non-pathogenic in humans. The Z matrix protein of arenaviruses is essential to virus assembly and budding by recruiting host factors, a mechanism that remains partially defined. To better characterize the interactions involved, a yeast two-hybrid screen was conducted using the Z proteins from LASV and MOPV as a bait. The cellular proteins ITCH and WWP1, two members of the Nedd4 family of HECT E3 ubiquitin ligases, were found to bind the Z proteins of LASV, MOPV and other arenaviruses. The PPxY late-domain motif of the Z proteins is required for the interaction with ITCH, although the E3 ubiquitin-ligase activity of ITCH is not involved in Z ubiquitination. The silencing of ITCH was shown to affect the replication of the old-world mammarenaviruses LASV, MOPV, Lymphocytic choriomeningitis virus (LCMV) and to a lesser extent Lujo virus (LUJV). More precisely, ITCH was involved in the egress of virus-like particles and the release of infectious progeny viruses. Thus, ITCH constitutes a novel interactor of LASV and MOPV Z proteins that is involved in virus assembly and release.",
   "publish_time": "2019 Dec 31",
   "authors": [
      "Baillet, Nicolas",
      "Krieger, Sophie",
      "Carnec, Xavier",
      "Mateo, Mathieu",
      "Journeaux, Alexandra",
      "Merabet, Othmann",
      "Caro, Val\u00e9rie",
      "Tangy, Fr\u00e9d\u00e9ric",
      "Vidalain, Pierre-Olivier",
      "Baize, Sylvain"
   ],
   "journal": "Viruses",
   "has_full_text": "True",
   "full_text_file": "comm_use_subset",
   "id": "https://doi.org/10.3390/v12010049",
   "pubtator": "PMC7019300",
   "fhir_link": [
      "Commercial/Composition/8dad44cafa563c90b07152ef2038e530b19edb31"
   ]
}