{
   "sha": "98aca16ac6513c25abcf54bc1dbe7b6fe65e9c49",
   "source_x": "PMC",
   "title": "Comparison of suspension MDCK cells, adherent MDCK cells, and LLC\u2010MK2 cells for selective isolation of influenza viruses to be used as vaccine seeds",
   "doi": "10.1111/irv.12694",
   "pmcid": "PMC7040968",
   "pubmed_id": "31651085",
   "license": "cc-by",
   "abstract": "BACKGROUND: Cell\u2010based influenza vaccines can solve the problem of the frequent occurrence of egg adaptation\u2013associated antigenic changes observed in egg\u2010based vaccines. Seed viruses for cell\u2010based vaccines can be prepared from clinical specimens by cell culture; however, clinical samples risk harboring respiratory viruses other than influenza virus. Therefore, it is necessary to investigate the patterns of co\u2010infection in clinical samples and explore whether cell culture technology can selectively propagate influenza viruses from samples containing other respiratory viruses. METHODS: A total of 341 clinical specimens were collected from patients with influenza or influenza\u2010like illness and analyzed by ResPlex II assay to detect 18 respiratory viruses. The patterns of co\u2010infection were statistically analyzed with Fisher's exact test. The samples with double or triple infections were passaged in suspension MDCK cells (MDCK\u2010S), adherent MDCK cells (MDCK\u2010A), and LLC\u2010MK2D cells. Cell\u2010passaged samples were analyzed by ResPlex II assay again to investigate whether each cell line could amplify influenza viruses and eliminate other respiratory viruses. RESULTS: Double infections were detected in 8.5% and triple infections in 0.9% of the collected clinical specimens. We identified four pairs of viruses with significant correlation. For all samples with double and triple infection, MDCK\u2010S and MDCK\u2010A could selectively propagate influenza viruses, while eliminating all contaminating viruses. In contrast, LLC\u2010MK2D showed lower isolation efficiency for influenza virus and higher isolation efficiency for coxsackievirus/echovirus than MDCK\u2010S and MDCK\u2010A. CONCLUSIONS: Both MDCK\u2010S and MDCK\u2010A are considered suitable for the preparation of influenza vaccine seed viruses without adventitious agents or egg\u2010adaptation mutations.",
   "publish_time": "2020 Mar 25",
   "authors": [
      "Harada, Yuichi",
      "Takahashi, Hitoshi",
      "Trusheim, Heidi",
      "Roth, Bernhard",
      "Mizuta, Katsumi",
      "Hirata\u2010Saito, Asumi",
      "Ogane, Teruko",
      "Odagiri, Takato",
      "Tashiro, Masato",
      "Yamamoto, Norio"
   ],
   "journal": "Influenza Other Respir Viruses",
   "has_full_text": "True",
   "full_text_file": "comm_use_subset",
   "id": "https://doi.org/10.1111/irv.12694",
   "pubtator": "PMC7040968",
   "fhir_link": [
      "Commercial/Composition/98aca16ac6513c25abcf54bc1dbe7b6fe65e9c49"
   ]
}