{
   "sha": "6d53690848c0b900e6d766993d9fefd2c4c27c48",
   "source_x": "PMC",
   "title": "pknotsRG: RNA pseudoknot folding including near-optimal structures and sliding windows",
   "doi": "10.1093/nar/gkm258",
   "pmcid": "PMC1933184",
   "pubmed_id": "17478505",
   "license": "cc-by-nc",
   "abstract": "RNA pseudoknots are an important structural feature of RNAs, but often neglected in computer predictions for reasons of efficiency. Here, we present the pknotsRG Web Server for single sequence RNA secondary structure prediction including pseudoknots. pknotsRG employs the newest Turner energy rules for finding the structure of minimal free energy. The algorithm has been improved in several ways recently. First, it has been reimplemented in the C programming language, resulting in a 60-fold increase in speed. Second, all suboptimal foldings up to a user-defined threshold can be enumerated. For large scale analysis, a fast sliding window mode is available. Further improvements of the Web Server are a new output visualization using the PseudoViewer Web Service or RNAmovies for a movie like animation of several suboptimal foldings. The tool is available as source code, binary executable, online tool or as Web Service. The latter alternative allows for an easy integration into bio-informatics pipelines. pknotsRG is available at the Bielefeld Bioinformatics Server (http://bibiserv.techfak.uni-bielefeld.de/pknotsrg).",
   "publish_time": "2007 Jul 3",
   "authors": [
      "Reeder, Jens",
      "Steffen, Peter",
      "Giegerich, Robert"
   ],
   "journal": "Nucleic Acids Res",
   "has_full_text": "True",
   "full_text_file": "noncomm_use_subset",
   "id": "https://doi.org/10.1093/nar/gkm258",
   "pubtator": "PMC1933184",
   "fhir_link": [
      "Non-comercial/Composition/6d53690848c0b900e6d766993d9fefd2c4c27c48"
   ]
}