{
   "sha": "f6b6ab22699e8c898e0de1614c8ce506ce99dd8a",
   "source_x": "PMC",
   "title": "Rfam: updates to the RNA families database",
   "doi": "10.1093/nar/gkn766",
   "pmcid": "PMC2686503",
   "pubmed_id": "18953034",
   "license": "cc-by-nc",
   "abstract": "Rfam is a collection of RNA sequence families, represented by multiple sequence alignments and covariance models (CMs). The primary aim of Rfam is to annotate new members of known RNA families on nucleotide sequences, particularly complete genomes, using sensitive BLAST filters in combination with CMs. A minority of families with a very broad taxonomic range (e.g. tRNA and rRNA) provide the majority of the sequence annotations, whilst the majority of Rfam families (e.g. snoRNAs and miRNAs) have a limited taxonomic range and provide a limited number of annotations. Recent improvements to the website, methodologies and data used by Rfam are discussed. Rfam is freely available on the Web at http://rfam.sanger.ac.uk/and http://rfam.janelia.org/.",
   "publish_time": "2009 Jan 25",
   "authors": [
      "Gardner, Paul P.",
      "Daub, Jennifer",
      "Tate, John G.",
      "Nawrocki, Eric P.",
      "Kolbe, Diana L.",
      "Lindgreen, Stinus",
      "Wilkinson, Adam C.",
      "Finn, Robert D.",
      "Griffiths-Jones, Sam",
      "Eddy, Sean R.",
      "Bateman, Alex"
   ],
   "journal": "Nucleic Acids Res",
   "has_full_text": "True",
   "full_text_file": "noncomm_use_subset",
   "id": "https://doi.org/10.1093/nar/gkn766",
   "pubtator": "PMC2686503",
   "fhir_link": [
      "Non-comercial/Composition/f6b6ab22699e8c898e0de1614c8ce506ce99dd8a"
   ]
}