{
   "sha": "dab21bebc7d9ee2f77332c23b420280ee74772fd",
   "source_x": "PMC",
   "title": "Bovine respiratory syncytial virus: infection dynamics within and between herds",
   "doi": "10.1136/vr.101936",
   "pmcid": "PMC3841740",
   "pubmed_id": "24158321",
   "license": "cc-by-nc",
   "abstract": "The infection dynamics of bovine respiratory syncytial virus (BRSV) were studied in randomly selected Norwegian dairy herds. A total of 134 herds were tested twice, six months apart. The herds were classified as positive for BRSV if at least one animal between 150 and 365 days old tested positive for antibodies against BRSV, thereby representing herds that had most likely had the virus present during the previous year. The prevalence of positive herds at the first and second sampling was 34 per cent and at 41 per cent, respectively, but varied greatly between regions. Negative herds were found in close proximity to positive herds. Some of these herds remained negative despite several new infections nearby. Of the herds initially being negative, 42 per cent changed status to positive during the six months. This occurred at the same rate during summer as winter, but a higher rate of animals in the herds was positive if it took place during winter. Of the herds initially being positive, 33 per cent changed to negative. This indicates that an effective strategy to lower the prevalence and the impact of BRSV could be to employ close surveillance and place a high biosecurity focus on the negative herds.",
   "publish_time": "2013 Nov 16",
   "authors": [
      "Klem, T. B.",
      "Gulliksen, S. M.",
      "Lie, K.-I.",
      "L\u00f8ken, T.",
      "\u00d8ster\u00e5s, O.",
      "Stokstad, M."
   ],
   "journal": "Vet Rec",
   "has_full_text": "True",
   "full_text_file": "noncomm_use_subset",
   "id": "https://doi.org/10.1136/vr.101936",
   "pubtator": "PMC3841740",
   "fhir_link": [
      "Non-comercial/Composition/dab21bebc7d9ee2f77332c23b420280ee74772fd"
   ]
}