{
   "sha": "89f214be6e76049510daa238a9182f8302cfdbbb",
   "source_x": "PMC",
   "title": "Viral Profile of COPD Exacerbations According to Patients\u00a7",
   "doi": "10.2174/1874306401509010001",
   "pmcid": "PMC4347051",
   "pubmed_id": "25741393",
   "license": "cc-by-nc",
   "abstract": "BACKGROUND : To compare the differences between elderly and non-elderly patients with acute exacerbations of chronic obstructive pulmonary disease (AECOPD) due to viral infections. METHODS : Patients with chronic obstructive pulmonary disease (COPD) exacerbation were recruited and classified as elderly (>65 years) and non-elderly (\u2264 65 years). Sputum and oropharyngeal samples were assessed, PCR for respiratory viruses and cultures for common pathogens were performed. RESULTS : 247 patients (median age: 69.3\u00b19.5 years) were recruited and categorized into group A: non-elderly patients [n=81 (32.8%), median age 58\u00b15.99] and group B: elderly patients [n=166 (67.2%), median age 74.8\u00b14.8] years. In 133 (53.8%) patients a viral infection was identified and in 34 (13.8%) a bacterial pathogen was isolated from cultures. In 18 (7.3%) patients a double infection (bacterial+viral) was identified. In group B, the presence of cardiac failure (46.6% vs 28.3%, p<0.001), renal failure (10.5% vs 4%, p=0.03), bacterial co-infection (13.8% vs 7.4%, p=0.04), influenza vaccination rates (45.5% vs 215, p<0.001), and longer hospital stay (8.4\u00b14.4 vs 7.5\u00b13.2 days, p=0.02) were higher than group A. The overall rate of viral infections did not differ according to age. A trend to higher rates of infection with parainfluenza 3 [19 (20%) patients in group B vs3 (7.5%) patients in group A, p=0.04] was observed in older patients. CONCLUSION : No differences on the rate and type of viral infections were noted for elderly vs non elderly patients. However, they tended to have more bacterial co-infections that led to AECOPD and longer hospitalization stays compared to non-elderly patients.",
   "publish_time": "2015 Feb 23",
   "authors": [
      "Dimopoulos, G",
      "Tsiodras, S",
      "Lerikou, M",
      "Chranioti, Aik",
      "Perros, E",
      "Anagnostopoulou, U",
      "Karakitsos, P",
      "Armaganidis, A"
   ],
   "journal": "Open Respir Med J",
   "has_full_text": "True",
   "full_text_file": "noncomm_use_subset",
   "id": "https://doi.org/10.2174/1874306401509010001",
   "pubtator": "PMC4347051",
   "fhir_link": [
      "Non-comercial/Composition/89f214be6e76049510daa238a9182f8302cfdbbb"
   ]
}