{
   "sha": "11217ee4e2bcf58f21011db8ff3d166aad2691ca",
   "source_x": "PMC",
   "title": "How and Why Overcome the Impediments to Resolution: Lessons from rhinolophid and hipposiderid Bats",
   "doi": "10.1093/molbev/msu329",
   "pmcid": "PMC4769323",
   "pubmed_id": "25433366",
   "license": "cc-by-nc",
   "abstract": "The phylogenetic and taxonomic relationships among the Old World leaf-nosed bats (Hipposideridae) and the closely related horseshoe bats (Rhinolophidae) remain unresolved. In this study, we generated a novel approximately 10-kb molecular data set of 19 nuclear exon and intron gene fragments for 40 bat species to elucidate the phylogenetic relationships within the families Rhinolophidae and Hipposideridae. We estimated divergence times and explored potential reasons for any incongruent phylogenetic signal. We demonstrated the effects of outlier taxa and genes on phylogenetic reconstructions and compared the relative performance of intron and exon data to resolve phylogenetic relationships. Phylogenetic analyses produced a well-resolved phylogeny, supporting the familial status of Hipposideridae and demonstrated the paraphyly of the largest genus, Hipposideros. A fossil-calibrated timetree and biogeographical analyses estimated that Rhinolophidae and Hipposideridae diverged in Africa during the Eocene approximately 42 Ma. The phylogram, the timetree, and a unique retrotransposon insertion supported the elevation of the subtribe Rhinonycterina to family level and which is diagnosed herein. Comparative analysis of diversification rates showed that the speciose genera Rhinolophus and Hipposideros underwent diversification during the Mid-Miocene Climatic Optimum. The intron versus exon analyses demonstrated the improved nodal support provided by introns for our optimal tree, an important finding for large-scale phylogenomic studies, which typically rely on exon data alone. With the recent outbreak of Middle East respiratory syndrome, caused by a novel coronavirus, the study of these species is urgent as they are considered the natural reservoir for emergent severe acute respiratory syndrome (SARS)-like coronaviruses. It has been shown that host phylogeny is the primary factor that determines a virus\u2019s persistence, replicative ability, and can act as a predictor of new emerging disease. Therefore, this newly resolved phylogeny can be used to direct future assessments of viral diversity and to elucidate the origin and development of SARS-like coronaviruses in mammals.",
   "publish_time": "2015 Feb 29",
   "authors": [
      "Foley, Nicole M.",
      "Thong, Vu Dinh",
      "Soisook, Pipat",
      "Goodman, Steven M.",
      "Armstrong, Kyle N.",
      "Jacobs, David S.",
      "Puechmaille, S\u00e9bastien J.",
      "Teeling, Emma C."
   ],
   "journal": "Mol Biol Evol",
   "has_full_text": "True",
   "full_text_file": "noncomm_use_subset",
   "id": "https://doi.org/10.1093/molbev/msu329",
   "pubtator": "PMC4769323",
   "fhir_link": [
      "Non-comercial/Composition/11217ee4e2bcf58f21011db8ff3d166aad2691ca"
   ]
}