{
   "sha": "041adbe00a7ca71fcbc38ff4406297ce86e93a6a",
   "source_x": "PMC",
   "title": "A DESCRIPTIVE STUDY OF PANDEMIC INFLUENZA A(H1N1)PDM09 IN BRAZIL, 2009 - 2010",
   "doi": "10.1590/S1678-9946201658078",
   "pmcid": "PMC5096632",
   "pubmed_id": "27828619",
   "license": "cc-by-nc",
   "abstract": "Influenza A viruses undergo frequent antigenic mutations and may thus cause seasonal epidemics and pandemics. The aim of this study was to recover the epidemiological history of the pandemic influenza A(H1N1)pdm09 in Brazil. A descriptive study was conducted in 2009-2010. The Brazilian Information System for reportable diseases (SINAN) was the data source. A total of 105,054 suspected cases of influenza A(H1N1)pdm09 were reported to SINAN. Of these, 53,797 (51.2%) were classified as the new influenza virus subtype. Among the confirmed cases, 56.7% were female, the mean age was 26.31 (SD \u00b1 18.1) years. Fever was the most common sign among the confirmed cases (99.7%) and the presence of comorbidities was reported in 32.5% of cases. In 2009 there were confirmed cases in all 26 Brazilian States and the Federal District. The incidence (per 100,000 inhabitants) of severe influenza in the population was 28.0 in 2009 and 0.5 in 2010. The states of Paran\u00e1 (301.3), Santa Catarina (36.0) and Rio Grande do Sul (27.4) presented the highest incidence; 46.4% of the confirmed cases were hospitalized and 47,643 were cured (93.8%). The case-fatality rate was 3.9% in 2009. The pandemic virus A(H1N1)pdm09 hit Brazil between April/2009 and December/2010 with an important difference in the geographic pattern distribution of the cases from the northeast to the south of the country. Children and young adults were the most affected. The limitations of the study were data quality and inconsistencies in the final classification of cases in SINAN. This study highlights the urgent need for improvements in the surveillance of emerging diseases in Brazil.",
   "publish_time": "2016 Nov 3",
   "authors": [
      "ROSSETTO, Erika Valeska",
      "LUNA, Expedito Jos\u00e9 de Albuquerque"
   ],
   "journal": "Rev Inst Med Trop Sao Paulo",
   "has_full_text": "True",
   "full_text_file": "noncomm_use_subset",
   "id": "https://doi.org/10.1590/S1678-9946201658078",
   "pubtator": "PMC5096632",
   "fhir_link": [
      "Non-comercial/Composition/041adbe00a7ca71fcbc38ff4406297ce86e93a6a"
   ]
}