{
   "sha": "5856a3f4b9fc9b0947bf045feb20d32d581221dc",
   "source_x": "PMC",
   "title": "Amylmetacresol/2,4-dichlorobenzyl alcohol, hexylresorcinol, or carrageenan lozenges as active treatments for sore throat",
   "doi": "10.2147/IJGM.S120665",
   "pmcid": "PMC5339006",
   "pubmed_id": "28280379",
   "license": "cc-by-nc",
   "abstract": "Up to 80% of sore throats are caused by viruses. Several over the counter products are available which provide symptomatic, not causal relief. For such lozenges, containing the antiseptics and local anesthetics amylmetacresol (AMC) and 2,4-dichlorobenzyl alcohol (DCBA) or hexylresorcinol (HR), recently an additional virucidal effect was published. Therefore, we tested a set of Strepsils(\u00ae) lozenges, containing either HR (Max [#2]) or AMC/DCBA (Original [#3], Extra Strong [#4], Warm [#5], Orange and Vitamin C [#6], Sugar free Lemon [#7], Children/Strawberry [#8] and Soothing Honey and Lemon [#9]) for their antiviral efficiency against representatives of respiratory viruses known to cause sore throat: human rhinovirus (HRV) 1a, HRV8, influenza virus A H1N1n, Coxsackievirus A10, and human coronavirus (hCoV) OC43. The lozenges were tested head to head with Coldamaris(\u00ae) lozenges (#1), which contain the patented antiviral iota-carrageenan. None of the tested AMC/DCBA or HR containing lozenges shows any antiviral effectiveness against HRV8 at the tested concentrations, whereas all are moderately active against HRV1a. Only lozenge #5 shows any activity against hCoV OC43 and Coxsackievirus A10 at the tested concentrations. Similarly, only lozenge #3 is moderately active against influenza A H1N1n virus. The data indicates that neither the isolated effect of the active ingredients nor the pH but rather one or more of the excipients of the specific formulations are responsible for the antiviral effect of some of the AMC/DCBA or HR containing lozenges. In contrast, carrageenan-containing lozenges are highly active against all viruses tested. In another experiment, we showed that binding and inactivation of virus particles by iota-carrageenan are fast and highly effective. During the residence time of the lozenge in the mouth, the viral titer is reduced by 85% and 91% for influenza A virus and hCoV OC43, respectively. Carrageenan-containing lozenges are, therefore, suitable as causative therapy against viral infections of the throat.",
   "publish_time": "2017 Feb 28",
   "authors": [
      "Morokutti-Kurz, Martina",
      "Graf, Christine",
      "Prieschl-Grassauer, Eva"
   ],
   "journal": "Int J Gen Med",
   "has_full_text": "True",
   "full_text_file": "noncomm_use_subset",
   "id": "https://doi.org/10.2147/IJGM.S120665",
   "pubtator": "PMC5339006",
   "fhir_link": [
      "Non-comercial/Composition/5856a3f4b9fc9b0947bf045feb20d32d581221dc"
   ]
}