{
   "sha": "c7ca65cf313cfa6938c6cf49e6bd4b4dfc6c95f7",
   "source_x": "PMC",
   "title": "Fluorogen-activating proteins: beyond classical fluorescent proteins",
   "doi": "10.1016/j.apsb.2018.02.001",
   "pmcid": "PMC5989828",
   "pubmed_id": "29881673",
   "license": "cc-by-nc-nd",
   "abstract": "Fluorescence imaging is a powerful technique for the real-time noninvasive monitoring of protein dynamics. Recently, fluorogen activating proteins (FAPs)/fluorogen probes for protein imaging were developed. Unlike the traditional fluorescent proteins (FPs), FAPs do not fluoresce unless bound to their specific small-molecule fluorogens. When using FAPs/fluorogen probes, a washing step is not required for the removal of free probes from the cells, thus allowing rapid and specific detection of proteins in living cells with high signal-to-noise ratio. Furthermore, with different fluorogens, living cell multi-color proteins labeling system was developed. In this review, we describe about the discovery of FAPs, the design strategy of FAP fluorogens, the application of the FAP technology and the advances of FAP technology in protein labeling systems.",
   "publish_time": "2018 May 24",
   "authors": [
      "Xu, Shengnan",
      "Hu, Hai-Yu"
   ],
   "journal": "Acta Pharm Sin B",
   "has_full_text": "True",
   "full_text_file": "noncomm_use_subset",
   "id": "https://doi.org/10.1016/j.apsb.2018.02.001",
   "pubtator": "PMC5989828",
   "fhir_link": [
      "Non-comercial/Composition/c7ca65cf313cfa6938c6cf49e6bd4b4dfc6c95f7"
   ]
}