{
   "sha": "5ceca9883a0930498d29cdfc09b942f6a9c6bf89",
   "source_x": "PMC",
   "title": "A Preliminary Study to Determine Comprehensive Research and Development Plans for Promoting Mental Health Services",
   "doi": "10.24171/j.phrp.2018.9.6.05",
   "pmcid": "PMC6296814",
   "pubmed_id": "30584495",
   "license": "cc-by-nc-nd",
   "abstract": "OBJECTIVES: The aim of this study was to analyze research and development projects in mental health services in Korea, using priority evaluation of mental health promotion policies to determine direction of the service. METHODS: An online survey was conducted that targeted experts in the mental health service regarding promotion of mental health in Korea in 2016. The survey was based on 32 policy projects that resulted from 12 strategies according to 4 policy objectives. RESULTS: Analysis of 32 mental health projects were assessed regarding the possibility of technology development success, magnitude of the ripple effect, and necessity of a national response. It was observed that 3 policy projects relevant to suicide, had a high relative priority. This was followed by policies for improvement of health insurance and the medical benefit cost system, and policies for reinforcement of crisis psychological support such as those for disaster victims. CONCLUSION: The prioritization of mental health services should place an emphasis on promotion of a healthy mental lifestyle, rehabilitation support for patients with serious mental illness, and reinforcement of social safety networks for suicide prevention.",
   "publish_time": "2018 Dec",
   "authors": [
      "Kim, Chul Eung",
      "Ko, Young-Mi",
      "Lee, Sang-Uk",
      "Choi, SungKu",
      "Han, Kiwan",
      "Park, Se Jin",
      "Jo, MinKyung",
      "Park, Yu Kyong",
      "Lee, Hye Young",
      "Park, Subin"
   ],
   "journal": "Osong Public Health Res Perspect",
   "has_full_text": "True",
   "full_text_file": "noncomm_use_subset",
   "id": "https://doi.org/10.24171/j.phrp.2018.9.6.05",
   "pubtator": "PMC6296814",
   "fhir_link": [
      "Non-comercial/Composition/5ceca9883a0930498d29cdfc09b942f6a9c6bf89"
   ]
}