{
   "sha": "3b8b2a835cfa770c6cef711d52e1f1e869d8aca8",
   "source_x": "PMC",
   "title": "Tumor-Treating Fields Induce RAW264.7 Macrophage Activation Via NK-\u03baB/MAPK Signaling Pathways",
   "doi": "10.1177/1533033819868225",
   "pmcid": "PMC6691660",
   "pubmed_id": "31401938",
   "license": "cc-by-nc",
   "abstract": "OBJECTIVE: Tumor-treating fields are currently used to successfully treat various cancers; however, the specific pathways associated with its efficacy remain unknown in the immune responses. Here, we evaluated tumor-treating fields\u2013mediated initiation of the macrophage-specific immune response. MATERIALS AND METHODS: We subjected RAW 264.7 mouse macrophages to clinically relevant levels of tumor-treating fields (0.9 V/cm, 150 kHz) and evaluated alterations in cytokine expression and release, as well as cell viability. Additionally, we investigated the status of immunomodulatory pathways to determine their roles in tumor-treating fields\u2013mediated immune activation. RESULTS AND DISCUSSION: Our results indicated that tumor-treating fields treatment at 0.9 V/cm decreased cell viability and increased cytokine messenger RNA/protein levels, as well as levels of nitric oxide and reactive oxygen species, relative to controls. The levels of tumor necrosis factor \u03b1, interleukin 1\u03b2, and interleukin 6 were markedly increased in tumor-treating fields\u2013treated RAW 264.7 cells cocultured with 4T1 murine mammary carcinoma cells compared with those in 4T1 or RAW 264.7 cells with or without tumor-treating fields treatment. Moreover, the viability of 4T1 cells treated with the conditioned medium of tumor-treating fields\u2013stimulated RAW 264.7 cells decreased, indicating that macrophage activation by tumor-treating fields effectively killed the tumor cells. Moreover, tumor-treating fields treatment activated the nuclear factor \u03baB and mitogen-activated protein kinase pathways involved in immunomodulatory signaling. CONCLUSION: These results provide critical insights into the mechanisms through which tumor-treating fields affect macrophage-specific immune responses and the efficacy of this method for cancer treatment.",
   "publish_time": "2019 Aug 11",
   "authors": [
      "Park, Jeong-In",
      "Song, Kyung-Hee",
      "Jung, Seung-Youn",
      "Ahn, Jiyeon",
      "Hwang, Sang-Gu",
      "Kim, Joon",
      "Kim, Eun Ho",
      "Song, Jie-Young"
   ],
   "journal": "Technol Cancer Res Treat",
   "has_full_text": "True",
   "full_text_file": "noncomm_use_subset",
   "id": "https://doi.org/10.1177/1533033819868225",
   "pubtator": "PMC6691660",
   "fhir_link": [
      "Non-comercial/Composition/3b8b2a835cfa770c6cef711d52e1f1e869d8aca8"
   ]
}