{
   "sha": "9ef828a2fe98eb0aebae134bd073051c659a8560",
   "source_x": "PMC",
   "title": "siVirus: web-based antiviral siRNA design software for highly divergent viral sequences",
   "doi": "10.1093/nar/gkl214",
   "pmcid": "PMC1538817",
   "pubmed_id": "16845046",
   "license": "no-cc",
   "abstract": "siVirus () is a web-based online software system that provides efficient short interfering RNA (siRNA) design for antiviral RNA interference (RNAi). siVirus searches for functional, off-target minimized siRNAs targeting highly conserved regions of divergent viral sequences. These siRNAs are expected to resist viral mutational escape, since their highly conserved targets likely contain structurally/functionally constrained elements. siVirus will be a useful tool for designing optimal siRNAs targeting highly divergent pathogens, including human immunodeficiency virus (HIV), hepatitis C virus (HCV), influenza virus and SARS coronavirus, all of which pose enormous threats to global human health.",
   "publish_time": "2006 Jul 1",
   "authors": [
      "Naito, Yuki",
      "Ui-Tei, Kumiko",
      "Nishikawa, Toru",
      "Takebe, Yutaka",
      "Saigo, Kaoru"
   ],
   "journal": "Nucleic Acids Res",
   "has_full_text": "True",
   "full_text_file": "custom_license",
   "id": "https://doi.org/10.1093/nar/gkl214",
   "pubtator": "PMC1538817",
   "fhir_link": [
      "PMC/Composition/9ef828a2fe98eb0aebae134bd073051c659a8560"
   ]
}