{
   "sha": "a83597bafe4870a3b5bf41a3012cb7c94d79a7ff",
   "source_x": "PMC",
   "title": "Emerging diseases threaten conservation.",
   "pmcid": "PMC1241623",
   "pubmed_id": "12896863",
   "license": "no-cc",
   "publish_time": "2003 Aug",
   "authors": [
      "Epstein, Paul R",
      "Chivian, Eric",
      "Frith, Kathleen"
   ],
   "journal": "Environ Health Perspect",
   "has_full_text": "True",
   "full_text_file": "custom_license",
   "id": "https://www.ncbi.nlm.nih.gov/pubmed/12896863",
   "pubtator": "PMC1241623",
   "fhir_link": [
      "PMC/Composition/a83597bafe4870a3b5bf41a3012cb7c94d79a7ff"
   ]
}