{
   "sha": "bc9e8da285ed2401fb1351f9edd7891385524c31",
   "source_x": "Elsevier",
   "title": "11 Social, cultural, and other diversity issues in the traumatic stress field",
   "doi": "10.1016/B978-0-12-801288-8.00011-X",
   "license": "els-covid",
   "abstract": "This chapter describes how the impact of psychological trauma and posttraumatic stress disorder (PTSD) differ, depending on individual differences and the social and cultural context and culture-specific teachings and resources available to individuals, families, and communities. A social-ecological framework is used to differentiate the impact of exposure to traumatic stressors and the development of (or resistance to) PTSD, based on the individual\u2019s or group\u2019s (i) personal, unique physical characteristics, including skin color, racial background, gender, and sexual orientation; and (ii) family, ethnocultural, and community membership, including majority or minority group status, religious beliefs and practices, socioeconomic resources, and political and civic affiliations. While personal, familial, social, and cultural factors can be a positive resource contributing to safety and well-being, they also can be a basis for placing the person, group, or entire community or population in harm\u2019s way or at heightened risk of developing PTSD.",
   "publish_time": "2015-12-31",
   "authors": [
      "Ford, Julian D.",
      "Grasso, Damion J.",
      "Elhai, Jon D.",
      "Courtois, Christine A."
   ],
   "journal": "Posttraumatic Stress Disorder",
   "has_full_text": "True",
   "full_text_file": "custom_license",
   "id": "https://doi.org/10.1016/B978-0-12-801288-8.00011-X",
   "fhir_link": [
      "PMC/Composition/bc9e8da285ed2401fb1351f9edd7891385524c31"
   ]
}