{
   "sha": "951bc7b3cf514d9077b2cd520cad9e6089f0e558",
   "source_x": "PMC",
   "title": "Mild Severe Acute Respiratory Syndrome",
   "doi": "10.3201/eid0909.030461",
   "pmcid": "PMC3016760",
   "pubmed_id": "14531381",
   "license": "no-cc",
   "publish_time": "2003 Sep",
   "authors": [
      "Li, Gang",
      "Zhao, Zhixin",
      "Chen, Lubiao",
      "Zhou, Yihua"
   ],
   "journal": "Emerg Infect Dis",
   "has_full_text": "True",
   "full_text_file": "custom_license",
   "id": "https://doi.org/10.3201/eid0909.030461",
   "pubtator": "PMC3016760",
   "fhir_link": [
      "PMC/Composition/951bc7b3cf514d9077b2cd520cad9e6089f0e558"
   ]
}