{
   "sha": "7871f62facbecd9f3a12f4278c7aefaaec8899d6",
   "source_x": "PMC",
   "title": "Comparative Pathogenesis and Systems Biology for Biodefense Virus Vaccine Development",
   "doi": "10.1155/2010/236528",
   "pmcid": "PMC2896660",
   "pubmed_id": "20617142",
   "license": "no-cc",
   "abstract": "Developing vaccines to biothreat agents presents a number of challenges for discovery, preclinical development, and licensure. The need for high containment to work with live agents limits the amount and types of research that can be done using complete pathogens, and small markets reduce potential returns for industry. However, a number of tools, from comparative pathogenesis of viral strains at the molecular level to novel computational approaches, are being used to understand the basis of viral attenuation and characterize protective immune responses. As the amount of basic molecular knowledge grows, we will be able to take advantage of these tools not only to rationally attenuate virus strains for candidate vaccines, but also to assess immunogenicity and safety in silico. This review discusses how a basic understanding of pathogenesis, allied with systems biology and machine learning methods, can impact biodefense vaccinology.",
   "publish_time": "2010 Jun 6",
   "authors": [
      "Bowick, Gavin C.",
      "Barrett, Alan D. T."
   ],
   "journal": "J Biomed Biotechnol",
   "has_full_text": "True",
   "full_text_file": "custom_license",
   "id": "https://doi.org/10.1155/2010/236528",
   "pubtator": "PMC2896660",
   "fhir_link": [
      "PMC/Composition/7871f62facbecd9f3a12f4278c7aefaaec8899d6"
   ]
}