{
   "sha": "3aa5c9f53c616efdef4103a7e8c3ebf433437a83",
   "source_x": "PMC",
   "title": "Human Bocavirus 2 in Children, South Korea",
   "doi": "10.3201/eid1510.090337",
   "pmcid": "PMC2866402",
   "pubmed_id": "19861084",
   "license": "no-cc",
   "publish_time": "2009 Oct",
   "authors": [
      "Han, Tae-Hee",
      "Chung, Ju-Young",
      "Hwang, Eung-Soo"
   ],
   "journal": "Emerg Infect Dis",
   "has_full_text": "True",
   "full_text_file": "custom_license",
   "id": "https://doi.org/10.3201/eid1510.090337",
   "pubtator": "PMC2866402",
   "fhir_link": [
      "PMC/Composition/3aa5c9f53c616efdef4103a7e8c3ebf433437a83"
   ]
}