{
   "sha": "cdb6748d297a7329b905186e48611af6d932b62f",
   "source_x": "PMC",
   "title": "Nanoparticles for transcutaneous vaccination",
   "doi": "10.1111/j.1751-7915.2011.00284.x",
   "pmcid": "PMC3815776",
   "pubmed_id": "21854553",
   "license": "no-cc",
   "abstract": "The living epidermis and dermis are rich in antigen presenting cells (APCs). Their activation can elicit a strong humoral and cellular immune response as well as mucosal immunity. Therefore, the skin is a very attractive site for vaccination, and an intradermal application of antigen may be much more effective than a subcutaneous or intramuscular injection. However, the stratum corneum (SC) is a most effective barrier against the invasion of topically applied vaccines. Products which have reached the stage of clinical testing, avoid this problem by injecting the nano\u2010vaccine intradermally or by employing a barrier disrupting method and applying the vaccine to a relatively large skin area. Needle\u2010free vaccination is desirable from a number of aspects: ease of application, improved patient acceptance and less risk of infection among them. Nanocarriers can be designed in a way that they can overcome the SC. Also incorporation into nanocarriers protects instable antigen from degradation, improves uptake and processing by APCs, and facilitates endosomal escape and nuclear delivery of DNA vaccines. In addition, sustained release systems may build a depot in the tissue gradually releasing antigen which may avoid booster doses. Therefore, nanoformulations of vaccines for transcutaneous immunization are currently a very dynamic field of research. Among the huge variety of nanocarrier systems that are investigated hopes lie on ultra\u2010flexible liposomes, superfine rigid nanoparticles and nanocarriers, which are taken up by hair follicles. The potential and pitfalls associated with these three classes of carriers will be discussed.",
   "publish_time": "2012 Mar 20",
   "authors": [
      "Hansen, Steffi",
      "Lehr, Claus\u2010Michael"
   ],
   "journal": "Microb Biotechnol",
   "has_full_text": "True",
   "full_text_file": "custom_license",
   "id": "https://doi.org/10.1111/j.1751-7915.2011.00284.x",
   "pubtator": "PMC3815776",
   "fhir_link": [
      "PMC/Composition/cdb6748d297a7329b905186e48611af6d932b62f"
   ]
}