{
   "sha": "f15bfd75b9e2933456942b0f1867aade1586670f",
   "source_x": "PMC",
   "title": "Serologic Assessment of Possibility for MERS-CoV Infection in Equids",
   "doi": "10.3201/eid2101.141342",
   "pmcid": "PMC4285277",
   "pubmed_id": "25531820",
   "license": "no-cc",
   "publish_time": "2015 Jan",
   "authors": [
      "Meyer, Benjamin",
      "Garc\u00eda-Bocanegra, Ignacio",
      "Wernery, Ulrich",
      "Wernery, Renate",
      "Sieberg, Andrea",
      "M\u00fcller, Marcel A.",
      "Drexler, Jan Felix",
      "Drosten, Christian",
      "Eckerle, Isabella"
   ],
   "journal": "Emerg Infect Dis",
   "has_full_text": "True",
   "full_text_file": "custom_license",
   "id": "https://doi.org/10.3201/eid2101.141342",
   "pubtator": "PMC4285277",
   "fhir_link": [
      "PMC/Composition/f15bfd75b9e2933456942b0f1867aade1586670f"
   ]
}