{
   "sha": "aaced93f65162e95222aee866dd1248133cb4e0b",
   "source_x": "PMC",
   "title": "Pandemic Fear and Literature: Observations from Jack London\u2019s The Scarlet Plague",
   "doi": "10.3201/eid2010.130278",
   "pmcid": "PMC4193163",
   "pubmed_id": "25401183",
   "license": "no-cc",
   "publish_time": "2014 Oct",
   "authors": [
      "Riva, Michele Augusto",
      "Benedetti, Marta",
      "Cesana, Giancarlo"
   ],
   "journal": "Emerg Infect Dis",
   "has_full_text": "True",
   "full_text_file": "custom_license",
   "id": "https://doi.org/10.3201/eid2010.130278",
   "pubtator": "PMC4193163",
   "fhir_link": [
      "PMC/Composition/aaced93f65162e95222aee866dd1248133cb4e0b"
   ]
}