{
   "sha": "57a67fd5273fb4aac8505d1ae7b32c2582d12df3",
   "source_x": "PMC",
   "title": "Physicochemical Properties of Cells and Their Effects on Intrinsically Disordered Proteins (IDPs)",
   "doi": "10.1021/cr400695p",
   "pmcid": "PMC4095937",
   "pubmed_id": "24901537",
   "license": "no-cc",
   "publish_time": "2014 Jul 9",
   "authors": [
      "Theillet, Francois-Xavier",
      "Binolfi, Andres",
      "Frembgen-Kesner, Tamara",
      "Hingorani, Karan",
      "Sarkar, Mohona",
      "Kyne, Ciara",
      "Li, Conggang",
      "Crowley, Peter B.",
      "Gierasch, Lila",
      "Pielak, Gary J.",
      "Elcock, Adrian H.",
      "Gershenson, Anne",
      "Selenko, Philipp"
   ],
   "journal": "Chem Rev",
   "has_full_text": "True",
   "full_text_file": "custom_license",
   "id": "https://doi.org/10.1021/cr400695p",
   "pubtator": "PMC4095937",
   "fhir_link": [
      "PMC/Composition/57a67fd5273fb4aac8505d1ae7b32c2582d12df3"
   ]
}