{
   "source_x": "PMC",
   "title": "131 Changes in clinical presentation and epidemiology of respiratory pathogens associated with upper respiratory infection in military trainees following reintroduction of adenovirus vaccine",
   "doi": "10.1093/ofid/ofu051.39",
   "pmcid": "PMC5781560",
   "license": "no-cc",
   "publish_time": "2014 Dec",
   "authors": [
      "Young, Adam",
      "Valtier, Sandra",
      "Lott, Lisa",
      "Cropper, Thomas L.",
      "Yun, Heather C."
   ],
   "journal": "Open Forum Infect Dis",
   "has_full_text": "False",
   "full_text_file": "custom_license",
   "id": "https://doi.org/10.1093/ofid/ofu051.39",
   "pubtator": "PMC5781560"
}