{
   "sha": "8e1eaa3b676ca8163c72106b913606f6aeccfc48",
   "source_x": "PMC",
   "title": "Social Responses to Epidemics Depicted by Cinema",
   "doi": "10.3201/eid2602.181022",
   "pmcid": "PMC6986850",
   "license": "no-cc",
   "abstract": "Films illustrate 2 ways that epidemics can affect societies: fear leading to a breakdown in sociability and fear stimulating preservation of tightly held social norms. The first response is often informed by concern over perceived moral failings within society, the second response by the application of arbitrary or excessive controls from outside the community.",
   "publish_time": "2020 Feb",
   "authors": [
      "Han, Qijun",
      "Curtis, Daniel R."
   ],
   "journal": "Emerg Infect Dis",
   "has_full_text": "True",
   "full_text_file": "custom_license",
   "id": "https://doi.org/10.3201/eid2602.181022",
   "pubtator": "PMC6986850",
   "fhir_link": [
      "PMC/Composition/8e1eaa3b676ca8163c72106b913606f6aeccfc48"
   ]
}