{
   "sha": "2038c68ce9ec2990a003c0ac0d5d87d8c072e102",
   "source_x": "PMC",
   "title": "Molecular Epidemiology of Human Adenovirus\u2013Associated Febrile Respiratory Illness in Soldiers, South Korea(1)",
   "doi": "10.3201/eid2407.171222",
   "pmcid": "PMC6038737",
   "pubmed_id": "29912713",
   "license": "no-cc",
   "abstract": "During January 2013\u2013April 2014, we subjected nasopharyngeal specimens collected from patients with acute febrile respiratory illness in a military hospital to PCR testing to detect 12 respiratory viruses and sequence a partial hexon gene for human adenovirus (HAdV) molecular typing. We analyzed the epidemiologic characteristics of HAdV infections and compared clinical characteristics of HAdV types. Among the 305 patients with acute febrile respiratory illness, we detected respiratory viruses in 139 (45.6%) patients; HAdV was the most prevalent virus (69 cases). Of the 40 adenoviruses identified based on type, HAdV-55 (29 cases) was the most prevalent, followed by HAdV-4 (9 cases). HAdV-55 was common in patients with pneumonia (odds ratio 2.17; 95% CI 0.48\u20139.86) and hospitalized patients (odds ratio 5.21; 95% CI 1.06\u201325.50). In soldiers with HAdV infection in Korea, HAdV-55 was the most prevalent type and might be associated with severe clinical outcomes.",
   "publish_time": "2018 Jul",
   "authors": [
      "Heo, Jung Yeon",
      "Noh, Ji Yun",
      "Jeong, Hye Won",
      "Choe, Kang-Won",
      "Song, Joon Young",
      "Kim, Woo Joo",
      "Cheong, Hee Jin"
   ],
   "journal": "Emerg Infect Dis",
   "has_full_text": "True",
   "full_text_file": "custom_license",
   "id": "https://doi.org/10.3201/eid2407.171222",
   "pubtator": "PMC6038737",
   "fhir_link": [
      "PMC/Composition/2038c68ce9ec2990a003c0ac0d5d87d8c072e102"
   ]
}