{
   "source_x": "PMC",
   "title": "Glycyrrhizic acid activates chicken macrophages and enhances their Salmonella-killing capacity in vitro",
   "doi": "10.1631/jzus.B1700506",
   "pmcid": "PMC6194354",
   "license": "unk",
   "abstract": "Objective: Salmonella enterica remains a major cause of food-borne disease in humans, and Salmonella Typhimurium (ST) contamination of poultry products is a worldwide problem. Since macrophages play an essential role in controlling Salmonella infection, the aim of this study was to evaluate the effect of glycyrrhizic acid (GA) on immune function of chicken HD11 macrophages. Methods: Chicken HD11 macrophages were treated with GA (0, 12.5, 25, 50, 100, 200, 400, or 800 \u03bcg/ml) and lipopolysaccharide (LPS, 500 ng/ml) for 3, 6, 12, 24, or 48 h. Evaluated responses included phagocytosis, bacteria-killing, gene expression of cell surface molecules (cluster of differentiation 40 (CD40), CD80, CD83, and CD197) and antimicrobial effectors (inducible nitric oxide synthase (iNOS), NADPH oxidase-1 (NOX-1), interferon-\u03b3 (IFN-\u03b3), LPS-induced tumor necrosis factor (TNF)-\u03b1 factor (LITAF), interleukin-6 (IL-6), and IL-10), and production of nitric oxide (NO) and hydrogen peroxide (H(2)O(2)). Results: GA increased the internalization of both fluorescein isothiocyanate (FITC)-dextran and ST by HD11 cells and markedly decreased the intracellular survival of ST. We found that the messenger RNA (mRNA) expression of cell surface molecules (CD40, CD80, CD83, and CD197) and cytokines (IFN-\u03b3, IL-6, and IL-10) of HD11 cells was up-regulated following GA exposure. The expression of iNOS and NOX-1 was induced by GA and thereby the productions of NO and H(2)O(2) in HD11 cells were enhanced. Notably, it was verified that nuclear factor-\u03baB (NF-\u03baB) and c-Jun N-terminal kinase (JNK) pathways were responsible for GA-induced synthesis of NO and IFN-\u03b3 gene expression. Conclusions: Taken together, these results suggested that GA exhibits a potent immune regulatory effect to activate chicken macrophages and enhances Salmonella-killing capacity.",
   "authors": [
      "Wang, Bai-kui",
      "Mao, Yu-long",
      "Gong, Li",
      "Xu, Xin",
      "Jiang, Shou-qun",
      "Wang, Yi-bing",
      "Li, Wei-fen"
   ],
   "has_full_text": "False",
   "id": "https://doi.org/10.1631/jzus.B1700506",
   "pubtator": "PMC6194354"
}