{
   "source_x": "PMC",
   "title": "Respiratory viruses in returning Hajj & Umrah pilgrims with acute respiratory illness in 2014-2015",
   "doi": "10.4103/ijmr.IJMR_890_17",
   "pmcid": "PMC6251276",
   "pubmed_id": "30425224",
   "license": "cc-by-nc-sa",
   "abstract": "BACKGROUND & OBJECTIVES: Respiratory tract infections are common among Hajj and Umrah pilgrims which pose a public health risk of spread of respiratory infections. Influenza has been reported from Indian Hajj and Umrah returning pilgrims, but data on other respiratory pathogens are sparse in India. Here we report the presence of common respiratory viral pathogens in returning Hajj and Umrah pilgrims suffering from acute respiratory illness (ARI) in 2014-2015. METHODS: Respiratory specimens (nasopharyngeal and throat swabs) were collected from 300 consenting pilgrims with ARI in the past one week and tested for influenza and Middle East Respiratory Syndrome coronavirus (MERS-CoV) and other respiratory viruses using in-house standardized quantitative real-time reverse-transcription polymerase chain reaction. Clinical features among the pathogen positive and negative patients were compared. The patients received symptomatic treatment and antivirals where appropriate and were followed telephonically to collect data on illness outcome. RESULTS: Ninety seven (32.3%) of the 300 participants were tested positive for any virus, most common being influenza viruses (n=33, 11%). Other respiratory viruses that were detected included human coronaviruses [n=26, 8.7%; OC43 (n=19, 6.3%) and C229E (n=7, 2.3%)], rhinovirus (n=20, 6%), adenoviruses (n=8, 2.6%), parainfluenza viruses (n=7, 2.3%), respiratory syncytial virus (n=3, 1%) and bocaviruses (n=2, 0.6%). Clinical features observed in pathogen positive and pathogen negative patients did not differ significantly. Eighteen influenza positive patients were treated with oseltamivir. INTERPRETATION & CONCLUSIONS: Pilgrims returning from mass gatherings are often afflicted with respiratory pathogens with a potential to facilitate transmission of respiratory pathogens across international borders. The study reinforces the need for better infection prevention and control measures such as vaccination, health education on cough etiquette and hand hygiene.",
   "publish_time": "2018 Sep",
   "authors": [
      "Koul, Parvaiz A.",
      "Mir, Hyder",
      "Saha, Siddhartha",
      "Chadha, Mandeep S.",
      "Potdar, Varsha",
      "Widdowson, Marc-Alain",
      "Lal, Renu B.",
      "Krishnan, Anand"
   ],
   "journal": "Indian J Med Res",
   "has_full_text": "False",
   "id": "https://doi.org/10.4103/ijmr.IJMR_890_17",
   "pubtator": "PMC6251276"
}