{
   "source_x": "PMC",
   "title": "PRINCIPLES AND PATTERNS OF BAT MOVEMENTS: FROM AERODYNAMICS TO ECOLOGY",
   "doi": "10.1086/693847",
   "pmcid": "PMC5983048",
   "license": "unk",
   "abstract": "Movement ecology as an integrative discipline has advanced associated fields because it presents not only a conceptual framework for understanding movement principles but also helps formulate predictions about the consequences of movements for animals and their environments. Here, we synthesize recent studies on principles and patterns of bat movements in context of the movement ecology paradigm. The motion capacity of bats is defined by their highly articulated, flexible wings. Power production during flight follows a U-shaped curve in relation to speed in bats yet, in contrast to birds, bats use mostly exogenous nutrients for sustained flight. The navigation capacity of most bats is dominated by the echolocation system, yet other sensory modalities, including an iron-based magnetic sense, may contribute to navigation depending on a bat\u2019s familiarity with the terrain. Patterns derived from these capacities relate to antagonistic and mutualistic interactions with food items. The navigation capacity of bats may influence their sociality, in particular, the extent of group foraging based on eavesdropping on conspecifics\u2019 echolocation calls. We infer that understanding the movement ecology of bats within the framework of the movement ecology paradigm provides new insights into ecological processes mediated by bats, from ecosystem services to diseases.",
   "authors": [
      "Voigt, Christian C.",
      "Frick, Winifred F.",
      "Holderied, Marc W.",
      "Holland, Richard",
      "Kerth, Gerald",
      "Mello, Marco A. R.",
      "Plowright, Raina K.",
      "Swartz, Sharon",
      "Yovel, Yossi"
   ],
   "has_full_text": "False",
   "id": "https://doi.org/10.1086/693847",
   "pubtator": "PMC5983048"
}