{
   "source_x": "PMC",
   "title": "Viral RNA at Two Stages of Reovirus Infection Is Required for the Induction of Necroptosis",
   "doi": "10.1128/JVI.02404-16",
   "pmcid": "PMC5331789",
   "license": "unk",
   "abstract": "Necroptosis, a regulated form of necrotic cell death, requires the activation of the RIP3 kinase. Here, we identify that infection of host cells with reovirus can result in necroptosis. We find that necroptosis requires sensing of the genomic RNA within incoming virus particles via cytoplasmic RNA sensors to produce type I interferon (IFN). While these events that occur prior to the de novo synthesis of viral RNA are required for the induction of necroptosis, they are not sufficient. The induction of necroptosis also requires late stages of reovirus infection. Specifically, efficient synthesis of double-stranded RNA (dsRNA) within infected cells is required for necroptosis. These data indicate that viral RNA interfaces with host components at two different stages of infection to induce necroptosis. This work provides new molecular details about events in the viral replication cycle that contribute to the induction of necroptosis following infection with an RNA virus. IMPORTANCE An appreciation of how cell death pathways are regulated following viral infection may reveal strategies to limit tissue destruction and prevent the onset of disease. Cell death following virus infection can occur by apoptosis or a regulated form of necrosis known as necroptosis. Apoptotic cells are typically disposed of without activating the immune system. In contrast, necroptotic cells alert the immune system, resulting in inflammation and tissue damage. While apoptosis following virus infection has been extensively investigated, how necroptosis is unleashed following virus infection is understood for only a small group of viruses. Here, using mammalian reovirus, we highlight the molecular mechanism by which infection with a dsRNA virus results in necroptosis.",
   "authors": [
      "Berger, Angela K.",
      "Hiller, Bradley E.",
      "Thete, Deepti",
      "Snyder, Anthony J.",
      "Perez, Encarnacion",
      "Upton, Jason W.",
      "Danthi, Pranav"
   ],
   "has_full_text": "False",
   "id": "https://doi.org/10.1128/JVI.02404-16",
   "pubtator": "PMC5331789"
}