{
   "source_x": "PMC",
   "title": "Use of a fluorescent substrate to measure ACE2 activity in the mouse abdominal aorta",
   "doi": "10.1007/978-1-4939-7030-8_5",
   "pmcid": "PMC6442458",
   "license": "unk",
   "abstract": "The use of fluorogenic substrates to measure enzymatic activity is widely used to understand function within different experimental models. ACE2 is important in understanding the balance between AngII and Ang-(1\u20137) and how this balance could then in turn influence hypertension or other disease outcomes. Here we describe a method to measure ACE2 activity in abdominal aorta of hyperlipidemic mice under both saline and AngII infusion.",
   "authors": [
      "Wang, Yu",
      "Cassis, Lisa A.",
      "Thatcher, Sean E."
   ],
   "has_full_text": "False",
   "id": "https://doi.org/10.1007/978-1-4939-7030-8_5",
   "pubtator": "PMC6442458"
}