{
   "source_x": "PMC",
   "title": "How social structures, space, and behaviors shape the spread of infectious diseases using chikungunya as a case study",
   "doi": "10.1073/pnas.1611391113",
   "pmcid": "PMC5127331",
   "license": "unk",
   "abstract": "Whether an individual becomes infected in an infectious disease outbreak depends on many interconnected risk factors, which may relate to characteristics of the individual (e.g., age, sex), his or her close relatives (e.g., household members), or the wider community. Studies monitoring individuals in households or schools have helped elucidate the determinants of transmission in small social structures due to advances in statistical modeling; but such an approach has so far largely failed to consider individuals in the wider context they live in. Here, we used an outbreak of chikungunya in a rural community in Bangladesh as a case study to obtain a more comprehensive characterization of risk factors in disease spread. We developed Bayesian data augmentation approaches to account for uncertainty in the source of infection, recall uncertainty, and unobserved infection dates. We found that the probability of chikungunya transmission was 12% [95% credible interval (CI): 8\u201317%] between household members but dropped to 0.3% for those living 50 m away (95% CI: 0.2\u20130.5%). Overall, the mean transmission distance was 95 m (95% CI: 77\u2013113 m). Females were 1.5 times more likely to become infected than males (95% CI: 1.2\u20131.8), which was virtually identical to the relative risk of being at home estimated from an independent human movement study in the country. Reported daily use of antimosquito coils had no detectable impact on transmission. This study shows how the complex interplay between the characteristics of an individual and his or her close and wider environment contributes to the shaping of infectious disease epidemics.",
   "authors": [
      "Salje, Henrik",
      "Lessler, Justin",
      "Paul, Kishor Kumar",
      "Azman, Andrew S.",
      "Rahman, M. Waliur",
      "Rahman, Mahmudur",
      "Cummings, Derek",
      "Gurley, Emily S.",
      "Cauchemez, Simon"
   ],
   "has_full_text": "False",
   "id": "https://doi.org/10.1073/pnas.1611391113",
   "pubtator": "PMC5127331"
}