{
   "source_x": "PMC",
   "title": "The International Health Regulations: The Governing Framework for Global Health Security",
   "doi": "10.1111/1468-0009.12186",
   "pmcid": "PMC4911720",
   "license": "unk",
   "abstract": "POLICY POINTS: The International Health Regulations (IHR) are the governing framework for global health security yet require textual and operational reforms to remain effective, particularly as parallel initiatives are developed. The World Health Organization (WHO) is the agency charged with oversight of the IHR, and its leadership and efficient functioning are prerequisites for the effective implementation of the IHR. We reviewed the historical origins of the IHR and their performance over the past 10 years and analyzed all of the ongoing reform panel efforts to provide a series of politically feasible recommendations for fundamental reform. This article offers proposals for fundamental reform\u2014with politically feasible pathways\u2014of the IHR, their operations and implementation, WHO oversight, and State Party conformance. CONTEXT: The International Health Regulations (IHR) have been the governing framework for global health security for the past decade and are a nearly universally recognized World Health Organization (WHO) treaty, with 196 States Parties. In the wake of the Ebola epidemic, major global commissions have cast doubt on the future effectiveness of the IHR and the leadership of the WHO. METHODS: We conducted a review of the historical origins of the IHR and their performance over the past 10 years and analyzed all of the ongoing reform panel efforts to provide a series of politically feasible recommendations for fundamental reform. FINDINGS: We propose a series of recommendations with realistic pathways for change. These recommendations focus on the development and strengthening of IHR core capacities; independently assessed metrics; new financing mechanisms; harmonization with the Global Health Security Agenda, Performance of Veterinary Services (PVS) Pathways, the Pandemic Influenza Preparedness Framework, and One Health strategies; public health and clinical workforce development; Emergency Committee transparency and governance; tiered public health emergency of international concern (PHEIC) processes; enhanced compliance mechanisms; and an enhanced role for civil society. CONCLUSIONS: Empowering the WHO and realizing the IHR's potential will shore up global health security\u2014a vital investment in human and animal health\u2014while reducing the vast economic consequences of the next global health emergency.",
   "authors": [
      "GOSTIN, LAWRENCE O.",
      "KATZ, REBECCA"
   ],
   "has_full_text": "False",
   "id": "https://doi.org/10.1111/1468-0009.12186",
   "pubtator": "PMC4911720"
}