{
   "source_x": "PMC",
   "title": "Cell Surface Human Airway Trypsin-Like Protease Is Lost During Squamous Cell Carcinogenesis",
   "doi": "10.1002/jcp.25173",
   "pmcid": "PMC4933652",
   "license": "unk",
   "abstract": "Cancer progression is accompanied by increased levels of extracellular proteases that are capable of remodeling the extracellular matrix, as well as cleaving and activating growth factors and receptors that are involved in pro-cancerous signaling pathways. Several members of the type II transmembrane serine protease (TTSP) family have been shown to play critical roles in cancer progression, however, the expression or function of the TTSP Human Airway Trypsin-like protease (HAT) in carcinogenesis has not been examined. In the present study we aimed to determine the expression of HAT during squamous cell carcinogenesis. HAT transcript is present in several tissues containing stratified squamous epithelium and decreased expression is observed in carcinomas. We determined that HAT protein is consistently expressed on the cell surface in suprabasal/apical layers of squamous cells in healthy cervical and esophageal epithelia. To assess whether HAT protein is differentially expressed in normal tissue versus tissue in different stages of carcinogenesis, we performed a comprehensive immunohistochemical analysis of HAT protein expression levels and localization in arrays of paraffin embedded human cervical and esophageal carcinomas compared to the corresponding normal tissue. We found that HAT protein is expressed in the non-proliferating, differentiated cellular strata and is lost during the dedifferentiation of epithelial cells, a hallmark of squamous cell carcinogenesis. Thus, HAT expression may potentially be useful as a marker for clinical grading and assessment of patient prognosis in squamous cell carcinomas.",
   "authors": [
      "DUHAIME, MICHAEL J.",
      "PAGE, KHALIPH O.",
      "VARELA, FAUSTO A.",
      "MURRAY, ANDREW S.",
      "SILVERMAN, MICHAEL E.",
      "ZORATTI, GINA L.",
      "LIST, KARIN"
   ],
   "has_full_text": "False",
   "id": "https://doi.org/10.1002/jcp.25173",
   "pubtator": "PMC4933652"
}