{
   "source_x": "PMC",
   "title": "Translational readthrough-promoting drugs enhance pseudoknot-mediated suppression of the stop codon at the Moloney murine leukemia virus gag\u2013pol junction",
   "doi": "10.1099/jgv.0.000284",
   "pmcid": "PMC5972331",
   "license": "unk",
   "abstract": "Translational readthrough-promoting drugs enhance the incorporation of amino acids at stop codons and can thus bypass premature termination during protein synthesis. The polymerase (Pol) proteins of Moloney murine leukemia virus (MoMLV) are synthesized as a large Gag\u2013Pol fusion protein, formed by the readthrough of a stop codon at the end of the gag ORF. The downstream pol ORF lacks its own start codon, and Pol protein synthesis is wholly dependent on translation of the upstream gag gene and the readthrough event for expression. Here, we explored the effects of readthrough-promoting drugs \u2013 aminoglycoside antibiotics and the small molecule ataluren \u2013 on the efficiency of readthrough of the stop codon in the context of the MoMLV genome. We showed that these compounds increased readthrough of the stop codon at the MoMLV gag\u2013pol junction in vivo above the already high basal level and that the resulting elevated gag\u2013pol readthrough had deleterious effects on virus replication. We also showed that readthrough efficiency could be driven to even higher levels in vitro, and that the combination of the small molecules and the RNA structure at the MoMLV stop codon could achieve extremely high readthrough efficiencies.",
   "authors": [
      "Green, Lisa",
      "Goff, Stephen P."
   ],
   "has_full_text": "False",
   "id": "https://doi.org/10.1099/jgv.0.000284",
   "pubtator": "PMC5972331"
}