{
   "sha": "69b4f3f39059bf4895cef16926cd327a1818abe2",
   "source_x": "Elsevier",
   "title": "Chapter 13 Viral Disease",
   "doi": "10.1016/B978-0-12-814338-4.00013-1",
   "license": "els-covid",
   "abstract": "Abstract This chapter discusses infections of rats with viruses in the following 14 virus families: Adenoviridae, Arenaviridae, Coronaviridae, Flaviviridae, Hantaviridae, Hepeviridae, Herpesviridae, Paramyxoviridae, Parvoviridae, Picornaviridae, Pneumoviridae, Polyomaviridae, Poxviridae, and Reoviridae. Serological surveys indicate that parvoviruses, coronaviruses, cardioviruses, and pneumoviruses are the most prevalent in laboratory rats. A new polyomavirus and a new cardiovirus that cause disease in laboratory rats are described. Metagenomic analyses of feces or intestinal contents from wild rats have detected viruses from an additional nine virus families that could potentially cause infections in laboratory rats.",
   "publish_time": "2020-12-31",
   "authors": [
      "Macy, James D.",
      "Compton, Susan R."
   ],
   "journal": "The Laboratory Rat",
   "has_full_text": "True",
   "full_text_file": "custom_license",
   "id": "https://doi.org/10.1016/B978-0-12-814338-4.00013-1",
   "fhir_link": [
      "PMC/Composition/69b4f3f39059bf4895cef16926cd327a1818abe2"
   ]
}