{
   "source_x": "PMC",
   "title": "Hospital Transfer Network Structure as a Risk Factor for Clostridium difficile Infection",
   "doi": "10.1017/ice.2015.130",
   "pmcid": "PMC4736722",
   "license": "unk",
   "abstract": "OBJECTIVE: To determine the effect on inter-hospital patient sharing via transfers on the rate of Clostridium difficile infections (CDI) in a hospital. DESIGN: Retrospective cohort METHODS: Using data from the Healthcare Cost and Utilization Project California State Inpatient Database, 2005\u20132011, we identified 2,752,639 transfers. We then constructed a series of networks detailing the connections formed by hospitals. We computed two measures of connectivity, indegree and weighted indegree, measuring the number of hospitals from which transfers into a hospital arrive, and the total number of incoming transfers, respectively. We estimated a multivariate model of CDI cases using the log-transformed network measures as well as covariates for hospital fixed effects, log median length of stay, log fraction of patients aged 65 or older, quarter and year indicators as predictors. RESULTS: We found an increase of one in the log indegree was associated with a 4.8% increase in incidence of CDI (95% CI: 2.3\u20137.4) and an increase of one in log weighted indegree was associated with a 3.3% increase in CDI incidence (95% CI: 1.5\u20135.2). Moreover, including measures of connectivity in the models greatly improved their fit. CONCLUSIONS: Our results suggest infection control is not under the exclusive control of a given hospital but is also influenced by the connections and number of connections that hospitals have with other hospitals.",
   "authors": [
      "Simmering, Jacob E.",
      "Polgreen, Linnea A.",
      "Campbell, David R.",
      "Cavanaugh, Joseph E.",
      "Polgreen, Philip M."
   ],
   "has_full_text": "False",
   "id": "https://doi.org/10.1017/ice.2015.130",
   "pubtator": "PMC4736722"
}