{
   "source_x": "PMC",
   "title": "The 5' and 3' ends of alphavirus RNAs \u2013 non-coding is not non-functional",
   "doi": "10.1016/j.virusres.2015.01.016",
   "pmcid": "PMC4654126",
   "license": "unk",
   "abstract": "The non-coding regions found at the 5' and 3' ends of alphavirus genomes regulate viral gene expression, replication, translation and virus-host interactions, which have significant implications for viral evolution, host range, and pathogenesis. The functions of these non-coding regions are mediated by a combination of linear sequence and structural elements. The capped 5' untranslated region (UTR) contains promoter elements, translational regulatory sequences that modulate dependence on cellular translation factors, and structures that help to avoid innate immune defenses. The polyadenylated 3' UTR contains highly conserved sequence elements for viral replication, binding sites for cellular miRNAs that determine cell tropism, host range, and pathogenesis, and conserved binding regions for a cellular protein that influences viral RNA stability. Nonetheless, there are additional conserved elements in non-coding regions of the virus (e.g., the repeated sequence elements in the 3' UTR) whose function remains obscure. Thus, key questions remain as to the function of these short yet influential untranslated segments of alphavirus RNAs.",
   "authors": [
      "Hyde, Jennifer L.",
      "Chen, Rubing",
      "Trobaugh, Derek W.",
      "Diamond, Michael S.",
      "Weaver, Scott C.",
      "Klimstra, William B.",
      "Wilusz, Jeffrey"
   ],
   "has_full_text": "False",
   "id": "https://doi.org/10.1016/j.virusres.2015.01.016",
   "pubtator": "PMC4654126"
}