{
   "source_x": "PMC",
   "title": "Perturbation in the Conserved Methyltransferase-Polymerase Interface of Flavivirus NS5 Differentially Affects Polymerase Initiation and Elongation",
   "doi": "10.1128/JVI.02085-14",
   "pmcid": "PMC4301151",
   "license": "unk",
   "abstract": "The flavivirus NS5 is a natural fusion of a methyltransferase (MTase) and an RNA-dependent RNA polymerase (RdRP). Analogous to DNA-dependent RNA polymerases, the NS5 polymerase initiates RNA synthesis through a de novo mechanism and then makes a transition to a processive elongation phase. However, whether and how the MTase affects polymerase activities through intramolecular interactions remain elusive. By solving the crystal structure of the Japanese encephalitis virus (JEV) NS5, we recently identified an MTase-RdRP interface containing a set of six hydrophobic residues highly conserved among flaviviruses. To dissect the functional relevance of this interface, we made a series of JEV NS5 constructs with mutations of these hydrophobic residues and/or with the N-terminal first 261 residues and other residues up to the first 303 residues deleted. Compared to the wild-type (WT) NS5, full-length NS5 variants exhibited consistent up- or downregulation of the initiation activities in two types of polymerase assays. Five representative full-length NS5 constructs were then tested in an elongation assay, from which the apparent single-nucleotide incorporation rate constant was estimated. Interestingly, two constructs exhibited different elongation kinetics from the WT NS5, with an effect rather opposite to what was observed at initiation. Moreover, constructs with MTase and/or the linker region (residues 266 to 275) removed still retained polymerase activities, albeit at overall lower levels. However, further removal of the N-terminal extension (residues 276 to 303) abolished regular template-directed synthesis. Together, our data showed that the MTase-RdRP interface is relevant in both polymerase initiation and elongation, likely with different regulation mechanisms in these two major phases of RNA synthesis. IMPORTANCE The flavivirus NS5 is very unique in having a methyltransferase (MTase) placed on the immediate N terminus of its RNA-dependent RNA polymerase (RdRP). We recently solved the crystal structure of the full-length NS5, which revealed a conserved interface between MTase and RdRP. Building on this discovery, here we carried out in vitro polymerase assays to address the functional relevance of the interface interactions. By explicitly probing polymerase initiation and elongation activities, we found that perturbation in the MTase-RdRP interface had different impacts on different phases of synthesis, suggesting that the roles and contribution of the interface interactions may change upon phase transitions. By comparing the N-terminal-truncated enzymes with the full-length NS5, we collected data to indicate the indispensability to regular polymerase activities of a region that was functionally unclarified previously. Taken together, we provide biochemical evidence and mechanistic insights for the cross talk between the two enzyme modules of flavivirus NS5.",
   "authors": [
      "Wu, Jiqin",
      "Lu, Guoliang",
      "Zhang, Bo",
      "Gong, Peng"
   ],
   "has_full_text": "False",
   "id": "https://doi.org/10.1128/JVI.02085-14",
   "pubtator": "PMC4301151"
}