{
   "source_x": "PMC",
   "title": "Perioperative neonatal and paediatric blood transfusion",
   "doi": "10.4103/0019-5049.144679",
   "pmcid": "PMC4260315",
   "pubmed_id": "25535431",
   "license": "cc-by-nc-sa",
   "abstract": "Paediatric patients undergoing surgical procedures commonly require some volume of blood or blood component replacement in the perioperative period. Paediatric patients undergoing major surgery associated with substantial blood loss should be evaluated pre-operatively. Pre-operative correction of anaemia may be done considering the age, plasma volume status, clinical status and comorbidities. Maximum allowable blood loss (MABL) for surgery must be calculated, and appropriate quantity of blood and blood components should be arranged. Intraoperative monitoring of blood loss should be done, and volume of transfusion should be calculated in a protocol based manner considering the volemia and the trigger threshold for transfusion for the patient and the MABL. Early haemostasis should be achieved by judicious administration of red blood cells, blood components and pharmacological agents.",
   "publish_time": "2014 Sep-Oct",
   "authors": [
      "Bharadwaj, Avnish",
      "Khandelwal, Mamta",
      "Bhargava, Suresh Kumar"
   ],
   "journal": "Indian J Anaesth",
   "has_full_text": "False",
   "id": "https://doi.org/10.4103/0019-5049.144679",
   "pubtator": "PMC4260315"
}