{
   "source_x": "PMC",
   "title": "OutbreakTools: A new platform for disease outbreak analysis using the R software",
   "doi": "10.1016/j.epidem.2014.04.003",
   "pmcid": "PMC4058532",
   "pubmed_id": "24928667",
   "license": "cc-by",
   "abstract": "The investigation of infectious disease outbreaks relies on the analysis of increasingly complex and diverse data, which offer new prospects for gaining insights into disease transmission processes and informing public health policies. However, the potential of such data can only be harnessed using a number of different, complementary approaches and tools, and a unified platform for the analysis of disease outbreaks is still lacking. In this paper, we present the new R package OutbreakTools, which aims to provide a basis for outbreak data management and analysis in R. OutbreakTools is developed by a community of epidemiologists, statisticians, modellers and bioinformaticians, and implements classes and methods for storing, handling and visualizing outbreak data. It includes real and simulated outbreak datasets. Together with a number of tools for infectious disease epidemiology recently made available in R, OutbreakTools contributes to the emergence of a new, free and open-source platform for the analysis of disease outbreaks.",
   "publish_time": "2014 Jun",
   "authors": [
      "Jombart, Thibaut",
      "Aanensen, David M.",
      "Baguelin, Marc",
      "Birrell, Paul",
      "Cauchemez, Simon",
      "Camacho, Anton",
      "Colijn, Caroline",
      "Collins, Caitlin",
      "Cori, Anne",
      "Didelot, Xavier",
      "Fraser, Christophe",
      "Frost, Simon",
      "Hens, Niel",
      "Hugues, Joseph",
      "H\u00f6hle, Michael",
      "Opatowski, Lulla",
      "Rambaut, Andrew",
      "Ratmann, Oliver",
      "Soubeyrand, Samuel",
      "Suchard, Marc A.",
      "Wallinga, Jacco",
      "Ypma, Rolf",
      "Ferguson, Neil"
   ],
   "journal": "Epidemics",
   "has_full_text": "False",
   "id": "https://doi.org/10.1016/j.epidem.2014.04.003",
   "pubtator": "PMC4058532"
}