{
   "source_x": "PMC",
   "title": "The emergence of the Middle East Respiratory Syndrome coronavirus (MERS-CoV)",
   "doi": "10.1111/2049-632X.12166",
   "pmcid": "PMC4106996",
   "license": "unk",
   "abstract": "On September 20, 2012, a Saudi Arabian physician reported the isolation of a novel coronavirus from a patient with pneumonia on ProMED-mail. Within a few days the same virus was detected in a Qatari patient receiving intensive care in a London hospital, a situation reminiscent of the role air travel played in the spread of Severe Acute Respiratory Syndrome coronavirus (SARS-CoV) in 2002. SARS-CoV originated in China\u2019s Guangdong Province and affected more than 8000 patients in 26 countries before it was contained six months later. Over a year after the emergence of this novel coronavirus\u2014Middle East Respiratory Syndrome coronavirus (MERS-CoV)\u2014it has caused 178 laboratory confirmed cases and 76 deaths The emergence of a second highly pathogenic coronavirus within a decade highlights the importance of a coordinated global response incorporating reservoir surveillance, high-containment capacity with fundamental and applied research programs, and dependable communication pathways to ensure outbreak containment. Here we review the current state of knowledge on the epidemiology, ecology, molecular biology, clinical features and intervention strategies of the novel coronavirus, MERS-CoV.",
   "authors": [
      "Milne-Price, Shauna",
      "Miazgowicz, Kerri L.",
      "Munster, Vincent J."
   ],
   "has_full_text": "False",
   "id": "https://doi.org/10.1111/2049-632X.12166",
   "pubtator": "PMC4106996"
}