{
   "source_x": "PMC",
   "title": "Rotavirus strains in neglected animal species including lambs, goats and camelids",
   "doi": "10.1007/s13337-014-0203-2",
   "pmcid": "PMC4188177",
   "license": "unk",
   "abstract": "Surveillance of rotavirus infections and circulating strains in small ruminants (i.e. lambs, goats and camelids) has been a neglected research area in the past. However, recent years that have seen an intensification of surveillance in humans and livestock animals, where vaccines to reduce disease burden caused by Rotavirus A (RVA) are available, led to the efforts to better understand the epidemiology, ecology and evolution of RVA strains in other hosts, including lambs, goats and camelids. The aim of this review is to provide an update of the epidemiology and strain diversity of RV strains in these species through searching for relevant information in public data bases.",
   "authors": [
      "Papp, Hajnalka",
      "Malik, Yashpal S.",
      "Farkas, Szilvia L.",
      "Jakab, Ferenc",
      "Martella, Vito",
      "B\u00e1nyai, Kriszti\u00e1n"
   ],
   "has_full_text": "False",
   "id": "https://doi.org/10.1007/s13337-014-0203-2",
   "pubtator": "PMC4188177"
}