{
   "source_x": "PMC",
   "title": "New Small Molecule Entry Inhibitors Targeting Hemagglutinin-Mediated Influenza A Virus Fusion",
   "doi": "10.1128/JVI.01225-13",
   "pmcid": "PMC3911584",
   "license": "unk",
   "abstract": "Influenza viruses are a major public health threat worldwide, and options for antiviral therapy are limited by the emergence of drug-resistant virus strains. The influenza virus glycoprotein hemagglutinin (HA) plays critical roles in the early stage of virus infection, including receptor binding and membrane fusion, making it a potential target for the development of anti-influenza drugs. Using pseudotype virus-based high-throughput screens, we have identified several new small molecules capable of inhibiting influenza virus entry. We prioritized two novel inhibitors, MBX2329 and MBX2546, with aminoalkyl phenol ether and sulfonamide scaffolds, respectively, that specifically inhibit HA-mediated viral entry. The two compounds (i) are potent (50% inhibitory concentration [IC(50)] of 0.3 to 5.9 \u03bcM); (ii) are selective (50% cytotoxicity concentration [CC(50)] of >100 \u03bcM), with selectivity index (SI) values of >20 to 200 for different influenza virus strains; (iii) inhibit a wide spectrum of influenza A viruses, which includes the 2009 pandemic influenza virus A/H1N1/2009, highly pathogenic avian influenza (HPAI) virus A/H5N1, and oseltamivir-resistant A/H1N1 strains; (iv) exhibit large volumes of synergy with oseltamivir (36 and 331 \u03bcM(2) % at 95% confidence); and (v) have chemically tractable structures. Mechanism-of-action studies suggest that both MBX2329 and MBX2546 bind to HA in a nonoverlapping manner. Additional results from HA-mediated hemolysis of chicken red blood cells (cRBCs), competition assays with monoclonal antibody (MAb) C179, and mutational analysis suggest that the compounds bind in the stem region of the HA trimer and inhibit HA-mediated fusion. Therefore, MBX2329 and MBX2546 represent new starting points for chemical optimization and have the potential to provide valuable future therapeutic options and research tools to study the HA-mediated entry process.",
   "authors": [
      "Basu, Arnab",
      "Antanasijevic, Aleksandar",
      "Wang, Minxiu",
      "Li, Bing",
      "Mills, Debra M.",
      "Ames, Jessica A.",
      "Nash, Peter J.",
      "Williams, John D.",
      "Peet, Norton P.",
      "Moir, Donald T.",
      "Prichard, Mark N.",
      "Keith, Kathy A.",
      "Barnard, Dale L.",
      "Caffrey, Michael",
      "Rong, Lijun",
      "Bowlin, Terry L."
   ],
   "has_full_text": "False",
   "id": "https://doi.org/10.1128/JVI.01225-13",
   "pubtator": "PMC3911584"
}