{
   "source_x": "PMC",
   "title": "Activity of a phenolic dibenzylsulfide against New World arenavirus infections",
   "doi": "10.3851/IMP2532",
   "pmcid": "PMC3664662",
   "license": "unk",
   "abstract": "BACKGROUND: Jun\u00edn virus (JUNV) and several other Clade B New World arenaviruses cause human disease ranging from mild febrile illness to severe viral hemorrhagic fever (HF). These viruses pose a significant threat to national security and safe and effective therapies are limited outside of Argentina, where immune plasma is the standard of care for treating JUNV infection in cases of Argentine HF. METHODS: An in vitro screen of the Chemtura library identified several compounds with activity against Tacaribe virus (TCRV), a Clade B arenavirus closely related to JUNV. Of these compounds, D746, a phenolic dibenzylsulfide, was further pursued for additional in vitro studies and evaluated in the AG129 mouse TCRV infection model. RESULTS: D746 was found to act during an early to intermediate stage of the TCRV replication cycle and micromolar range activity was confirmed by virus yield reduction assays with both TCRV and JUNV. Although intraperitoneal twice daily treatment regimens were found to be highly effective when started 2 hours prior to TCRV challenge in AG129 mice, post-exposure treatment initiated 3 days after infection was not efficacious. Interestingly, despite the pre-exposure treatment success, D746 did not reduce serum or tissue virus titers during the acute infection. Moreover, D746 elicited ascites fluid accumulation in mice during, as well as independent of, infection. CONCLUSIONS: Our findings suggest that D746 may be altering the host response to TCRV infection in AG129 mice in a way that limits pathogenesis and thereby protects mice from otherwise lethal infection in the absence of measurable reductions in viral burden.",
   "authors": [
      "Gowen, Brian B",
      "Jung, Kie-Hoon",
      "Sefing, Eric J",
      "Wong, Min-Hui",
      "Westover, Jonna B",
      "Smee, Donald F"
   ],
   "has_full_text": "False",
   "id": "https://doi.org/10.3851/IMP2532",
   "pubtator": "PMC3664662"
}