{
   "source_x": "PMC",
   "title": "Correlation Between Mutation Rate and Genome Size in Riboviruses: Mutation Rate of Bacteriophage Q\u03b2",
   "doi": "10.1534/genetics.113.154963",
   "pmcid": "PMC3761305",
   "license": "unk",
   "abstract": "Genome sizes and mutation rates covary across all domains of life. In unicellular organisms and DNA viruses, they show an inverse relationship known as Drake\u2019s rule. However, it is still unclear whether a similar relationship exists between genome sizes and mutation rates in RNA genomes. Coronaviruses, the RNA viruses with the largest genomes (\u223c30 kb), encode a proofreading 3\u2032 exonuclease that allows them to increase replication fidelity. However, it is unknown whether, conversely, the RNA viruses with the smallest genomes tend to show particularly high mutation rates. To test this, we measured the mutation rate of bacteriophage Q\u03b2, a 4.2-kb levivirus. Amber reversion-based Luria\u2013Delbr\u00fcck fluctuation tests combined with mutant sequencing gave an estimate of 1.4 \u00d7 10(\u22124) substitutions per nucleotide per round of copying, the highest mutation rate reported for any virus using this method. This estimate was confirmed using a direct plaque sequencing approach and after reanalysis of previously published estimates for this phage. Comparison with other riboviruses (all RNA viruses except retroviruses) provided statistical support for a negative correlation between mutation rates and genome sizes. We suggest that the mutation rates of RNA viruses might be optimized for maximal adaptability and that the value of this optimum may in turn depend inversely on genome size.",
   "authors": [
      "Bradwell, Katie",
      "Combe, Marine",
      "Domingo-Calap, Pilar",
      "Sanju\u00e1n, Rafael"
   ],
   "has_full_text": "False",
   "id": "https://doi.org/10.1534/genetics.113.154963",
   "pubtator": "PMC3761305"
}