{
   "source_x": "PMC",
   "title": "Ifit1 Inhibits Japanese Encephalitis Virus Replication through Binding to 5\u2032 Capped 2\u2032-O Unmethylated RNA",
   "doi": "10.1128/JVI.00883-13",
   "pmcid": "PMC3754022",
   "license": "unk",
   "abstract": "The interferon-inducible protein with tetratricopeptide (IFIT) family proteins inhibit replication of some viruses by recognizing several types of RNAs, including 5\u2032-triphosphate RNA and 5\u2032 capped 2\u2032-O unmethylated mRNA. However, it remains unclear how IFITs inhibit replication of some viruses through recognition of RNA. Here, we analyzed the mechanisms by which Ifit1 exerts antiviral responses. Replication of a Japanese encephalitis virus (JEV) 2\u2032-O methyltransferase (MTase) mutant was markedly enhanced in mouse embryonic fibroblasts and macrophages lacking Ifit1. Ifit1 bound 5\u2032-triphosphate RNA but more preferentially associated with 5\u2032 capped 2\u2032-O unmethylated mRNA. Ifit1 inhibited the translation of mRNA and thereby restricted the replication of JEV mutated in 2\u2032-O MTase. Thus, Ifit1 inhibits replication of MTase-defective JEV by inhibiting mRNA translation through direct binding to mRNA 5\u2032 structures.",
   "authors": [
      "Kimura, Taishi",
      "Katoh, Hiroshi",
      "Kayama, Hisako",
      "Saiga, Hiroyuki",
      "Okuyama, Megumi",
      "Okamoto, Toru",
      "Umemoto, Eiji",
      "Matsuura, Yoshiharu",
      "Yamamoto, Masahiro",
      "Takeda, Kiyoshi"
   ],
   "has_full_text": "False",
   "id": "https://doi.org/10.1128/JVI.00883-13",
   "pubtator": "PMC3754022"
}