{
   "source_x": "PMC",
   "title": "Avian influenza A(H7N9) and the closure of live bird markets",
   "doi": "10.5365/WPSAR.2013.4.2.008",
   "pmcid": "PMC3762972",
   "license": "unk",
   "authors": [
      "Murhekar, Manoj",
      "Arima, Yuzo",
      "Horby, Peter",
      "Vandemaele, Katelijn AH",
      "Vong, Sirenda",
      "Zijian, Feng",
      "Lee, Chin-Kei",
      "Li, Ailan"
   ],
   "has_full_text": "False",
   "id": "https://doi.org/10.5365/WPSAR.2013.4.2.008",
   "pubtator": "PMC3762972"
}