{
   "source_x": "PMC",
   "title": "Development of Anti-Infectives Using Phage Display: Biological Agents against Bacteria, Viruses, and Parasites",
   "doi": "10.1128/AAC.00567-12",
   "pmcid": "PMC3421897",
   "license": "unk",
   "abstract": "The vast majority of anti-infective therapeutics on the market or in development are small molecules; however, there is now a nascent pipeline of biological agents in development. Until recently, phage display technologies were used mainly to produce monoclonal antibodies (MAbs) targeted against cancer or inflammatory disease targets. Patent disputes impeded broad use of these methods and contributed to the dearth of candidates in the clinic during the 1990s. Today, however, phage display is recognized as a powerful tool for selecting novel peptides and antibodies that can bind to a wide range of antigens, ranging from whole cells to proteins and lipid targets. In this review, we highlight research that exploits phage display technology as a means of discovering novel therapeutics against infectious diseases, with a focus on antimicrobial peptides and antibodies in clinical or preclinical development. We discuss the different strategies and methods used to derive, select, and develop anti-infectives from phage display libraries and then highlight case studies of drug candidates in the process of development and commercialization. Advances in screening, manufacturing, and humanization technologies now mean that phage display can make a significant contribution in the fight against clinically important pathogens.",
   "authors": [
      "Huang, Johnny X.",
      "Bishop-Hurley, Sharon L.",
      "Cooper, Matthew A."
   ],
   "has_full_text": "False",
   "id": "https://doi.org/10.1128/AAC.00567-12",
   "pubtator": "PMC3421897"
}