{
   "source_x": "PMC",
   "title": "Viral Quasispecies Evolution",
   "doi": "10.1128/MMBR.05023-11",
   "pmcid": "PMC3372249",
   "license": "unk",
   "abstract": "Summary: Evolution of RNA viruses occurs through disequilibria of collections of closely related mutant spectra or mutant clouds termed viral quasispecies. Here we review the origin of the quasispecies concept and some biological implications of quasispecies dynamics. Two main aspects are addressed: (i) mutant clouds as reservoirs of phenotypic variants for virus adaptability and (ii) the internal interactions that are established within mutant spectra that render a virus ensemble the unit of selection. The understanding of viruses as quasispecies has led to new antiviral designs, such as lethal mutagenesis, whose aim is to drive viruses toward low fitness values with limited chances of fitness recovery. The impact of quasispecies for three salient human pathogens, human immunodeficiency virus and the hepatitis B and C viruses, is reviewed, with emphasis on antiviral treatment strategies. Finally, extensions of quasispecies to nonviral systems are briefly mentioned to emphasize the broad applicability of quasispecies theory.",
   "authors": [
      "Domingo, Esteban",
      "Sheldon, Julie",
      "Perales, Celia"
   ],
   "has_full_text": "False",
   "id": "https://doi.org/10.1128/MMBR.05023-11",
   "pubtator": "PMC3372249"
}