{
   "source_x": "PMC",
   "title": "Influenza A Virus Neuraminidase Protein Enhances Cell Survival through Interaction with Carcinoembryonic Antigen-related Cell Adhesion Molecule 6 (CEACAM6) Protein",
   "doi": "10.1074/jbc.M111.328070",
   "pmcid": "PMC3340274",
   "license": "unk",
   "abstract": "The influenza virus neuraminidase (NA) protein primarily aids in the release of progeny virions from infected cells. Here, we demonstrate a novel role for NA in enhancing host cell survival by activating the Src/Akt signaling axis via an interaction with carcinoembryonic antigen-related cell adhesion molecule 6/cluster of differentiation 66c (C6). NA/C6 interaction leads to increased tyrosyl phosphorylation of Src, FAK, Akt, GSK3\u03b2, and Bcl-2, which affects cell survival, proliferation, migration, differentiation, and apoptosis. siRNA-mediated suppression of C6 resulted in a down-regulation of activated Src, FAK, and Akt, increased apoptosis, and reduced expression of viral proteins and viral titers in influenza virus-infected human lung adenocarcinoma epithelial and normal human bronchial epithelial cells. These findings indicate that influenza NA not only aids in the release of progeny virions, but also cell survival during viral replication.",
   "authors": [
      "Gaur, Pratibha",
      "Ranjan, Priya",
      "Sharma, Shipra",
      "Patel, Jenish R.",
      "Bowzard, J. Bradford",
      "Rahman, Shah K.",
      "Kumari, Rashmi",
      "Gangappa, Shivaprakash",
      "Katz, Jacqueline M.",
      "Cox, Nancy J.",
      "Lal, Renu B.",
      "Sambhara, Suryaprakash",
      "Lal, Sunil K."
   ],
   "has_full_text": "False",
   "id": "https://doi.org/10.1074/jbc.M111.328070",
   "pubtator": "PMC3340274"
}