{
   "source_x": "PMC",
   "title": "Capturing a Fusion Intermediate of Influenza Hemagglutinin with a Cholesterol-conjugated Peptide, a New Antiviral Strategy for Influenza Virus",
   "doi": "10.1074/jbc.M111.254243",
   "pmcid": "PMC3234914",
   "license": "unk",
   "abstract": "We previously described fusion-inhibitory peptides that are targeted to the cell membrane by cholesterol conjugation and potently inhibit enveloped viruses that fuse at the cell surface, including HIV, parainfluenza, and henipaviruses. However, for viruses that fuse inside of intracellular compartments, fusion-inhibitory peptides have exhibited very low antiviral activity. We propose that for these viruses, too, membrane targeting via cholesterol conjugation may yield potent compounds. Here we compare the activity of fusion-inhibitory peptides derived from the influenza hemagglutinin (HA) and show that although the unconjugated peptides are inactive, the cholesterol-conjugated compounds are effective inhibitors of infectivity and membrane fusion. We hypothesize that the cholesterol moiety, by localizing the peptides to the target cell membrane, allows the peptides to follow the virus to the intracellular site of fusion. The cholesterol-conjugated peptides trap HA in a transient intermediate state after fusion is triggered but before completion of the refolding steps that drive the merging of the viral and cellular membranes. These results provide proof of concept for an antiviral strategy that is applicable to intracellularly fusing viruses, including known and emerging viral pathogens.",
   "authors": [
      "Lee, Kelly K.",
      "Pessi, Antonello",
      "Gui, Long",
      "Santoprete, Alessia",
      "Talekar, Aparna",
      "Moscona, Anne",
      "Porotto, Matteo"
   ],
   "has_full_text": "False",
   "id": "https://doi.org/10.1074/jbc.M111.254243",
   "pubtator": "PMC3234914"
}