{
   "sha": "e39026eab00f2cec1174fee2ea791de98c7f80ec",
   "source_x": "Elsevier",
   "title": "Chapter 152 SARS-CoV Attack (Severe Acute Respiratory Syndrome)",
   "doi": "10.1016/B978-0-323-28665-7.00152-7",
   "license": "els-covid",
   "publish_time": "2016-12-31",
   "authors": [
      "Freeman, David",
      "Kenez, Elizabeth"
   ],
   "journal": "Ciottone's Disaster Medicine",
   "has_full_text": "True",
   "full_text_file": "custom_license",
   "id": "https://doi.org/10.1016/B978-0-323-28665-7.00152-7",
   "fhir_link": [
      "PMC/Composition/e39026eab00f2cec1174fee2ea791de98c7f80ec"
   ]
}