{
   "source_x": "PMC",
   "title": "Molecular Epidemiology of Human Coronavirus OC43 Reveals Evolution of Different Genotypes over Time and Recent Emergence of a Novel Genotype due to Natural Recombination",
   "doi": "10.1128/JVI.05512-11",
   "pmcid": "PMC3194943",
   "license": "unk",
   "abstract": "Although human coronavirus OC43-OC43 (HCoV-OC43) is the coronavirus most commonly associated with human infections, little is known about its molecular epidemiology and evolution. We conducted a molecular epidemiology study to investigate different genotypes and potential recombination in HCoV-OC43. Twenty-nine HCoV-OC43 strains from nasopharyngeal aspirates, collected from 2004 to 2011, were subjected to RNA-dependent RNA polymerase (RdRp), spike, and nucleocapsid gene analysis. Phylogenetic analysis showed at least three distinct clusters of HCoV-OC43, although 10 unusual strains displayed incongruent phylogenetic positions between RdRp and spike genes. This suggested the presence of four HCoV-OC43 genotypes (A to D), with genotype D most likely arising from recombination. The complete genome sequencing of two genotype C and D strains and bootscan analysis showed recombination events between genotypes B and C in the generation of genotype D. Of the 29 strains, none belonged to the more ancient genotype A, 5 from 2004 belonged to genotype B, 15 from 2004 to 2006 belonged to genotype C, and 1 from 2004 and all 8 from 2008 to 2011 belonged to the recombinant genotype D. Molecular clock analysis using spike and nucleocapsid genes dated the most recent common ancestor of all genotypes to the 1950s, genotype B and C to the 1980s, genotype B to the 1990s, and genotype C to the late 1990s to early 2000s, while the recombinant genotype D strains were detected as early as 2004. This represents the first study to describe natural recombination in HCoV-OC43 and the evolution of different genotypes over time, leading to the emergence of novel genotype D, which is associated with pneumonia in our elderly population.",
   "authors": [
      "Lau, Susanna K. P.",
      "Lee, Paul",
      "Tsang, Alan K. L.",
      "Yip, Cyril C. Y.",
      "Tse, Herman",
      "Lee, Rodney A.",
      "So, Lok-Yee",
      "Lau, Yu-Lung",
      "Chan, Kwok-Hung",
      "Woo, Patrick C. Y.",
      "Yuen, Kwok-Yung"
   ],
   "has_full_text": "False",
   "id": "https://doi.org/10.1128/JVI.05512-11",
   "pubtator": "PMC3194943"
}