{
   "source_x": "PMC",
   "title": "Human Herpesvirus 6 Suppresses T Cell Proliferation through Induction of Cell Cycle Arrest in Infected Cells in the G(2)/M Phase",
   "doi": "10.1128/JVI.02577-10",
   "pmcid": "PMC3126536",
   "license": "unk",
   "abstract": "Human herpesvirus 6 (HHV-6) is an important immunosuppressive and immunomodulatory virus that primarily infects immune cells and strongly suppresses the proliferation of infected cells. However, the mechanisms responsible for the regulation and suppression mediated by HHV-6 are still unknown. In this study, we examined the ability of HHV-6A to manipulate cell cycle progression in infected cells and explored the potential molecular mechanisms. We demonstrated that infection with HHV-6A imposed a growth-inhibitory effect on HSB-2 cells by inducing cell cycle arrest at the G(2)/M phase. We then showed that the activity of the Cdc2\u2013cyclin B1 complex was significantly decreased in HHV-6A-infected HSB-2 cells. Furthermore, we found that inactivation of Cdc2\u2013cyclin B1 in HHV-6A-infected cells occurred through the inhibitory Tyr15 phosphorylation resulting from elevated Wee1 expression and inactivated Cdc25C. The reduction of Cdc2\u2013cyclin B1 activity in HHV-6-infected cells was also partly due to the increased expression of the cell cycle-regulatory molecule p21 in a p53-dependent manner. In addition, HHV-6A infection activated the DNA damage checkpoint kinases Chk2 and Chk1. Our data suggest that HHV-6A infection induces G(2)/M arrest in infected T cells via various molecular regulatory mechanisms. These results further demonstrate the potential mechanisms involved in immune suppression and modulation mediated by HHV-6 infection, and they provide new insights relevant to the development of novel vaccines and immunotherapeutic approaches.",
   "authors": [
      "Li, Lingyun",
      "Gu, Bin",
      "Zhou, Feng",
      "Chi, Jing",
      "Wang, Fang",
      "Peng, Guangyong",
      "Xie, Fangyi",
      "Qing, Jian",
      "Feng, Dongju",
      "Lu, Shiqiang",
      "Yao, Kun"
   ],
   "has_full_text": "False",
   "id": "https://doi.org/10.1128/JVI.02577-10",
   "pubtator": "PMC3126536"
}