{
   "source_x": "PMC",
   "title": "ACE2/ANG-(1\u20137)/Mas pathway in the brain: the axis of good",
   "doi": "10.1152/ajpregu.00222.2010",
   "pmcid": "PMC3075080",
   "license": "unk",
   "abstract": "The last decade has seen the discovery of several new components of the renin-angiotensin system (RAS). Among them, angiotensin converting enzyme-2 (ACE2) and the Mas receptor have forced a reevaluation of the original cascade and led to the emergence of a new arm of the RAS: the ACE2/ANG-(1\u20137)/Mas axis. Accordingly, the new system is now seen as a balance between a provasoconstrictor, profibrotic, progrowth axis (ACE/ANG-II/AT(1) receptor) and a provasodilatory, antifibrotic, antigrowth arm (ACE2/ANG-(1\u20137)/Mas receptor). Already, this simplistic vision is evolving and new components are branching out upstream [ANG-(1\u201312) and (pro)renin receptor] and downstream (angiotensin-IV and other angiotensin peptides) of the classical cascade. In this review, we will summarize the role of the ACE2/ANG-(1\u20137)/Mas receptor, focusing on the central nervous system with respect to cardiovascular diseases such as hypertension, chronic heart failure, and stroke, as well as neurological diseases. In addition, we will discuss the new pharmacological (antagonists, agonists, activators) and genomic (knockout and transgenic animals) tools that are currently available. Finally, we will review the latest data regarding the various signaling pathways downstream of the Mas receptor.",
   "authors": [
      "Xu, Ping",
      "Sriramula, Srinivas",
      "Lazartigues, Eric"
   ],
   "has_full_text": "False",
   "id": "https://doi.org/10.1152/ajpregu.00222.2010",
   "pubtator": "PMC3075080"
}