{
   "source_x": "PMC",
   "title": "Ubiquitination and deubiquitination of NP protein regulates influenza A virus RNA replication",
   "doi": "10.1038/emboj.2010.250",
   "pmcid": "PMC2989104",
   "license": "unk",
   "abstract": "Influenza A virus RNA replication requires an intricate regulatory network involving viral and cellular proteins. In this study, we examined the roles of cellular ubiquitinating/deubiquitinating enzymes (DUBs). We observed that downregulation of a cellular deubiquitinating enzyme USP11 resulted in enhanced virus production, suggesting that USP11 could inhibit influenza virus replication. Conversely, overexpression of USP11 specifically inhibited viral genomic RNA replication, and this inhibition required the deubiquitinase activity. Furthermore, we showed that USP11 interacted with PB2, PA, and NP of viral RNA replication complex, and that NP is a monoubiquitinated protein and can be deubiquitinated by USP11 in vivo. Finally, we identified K184 as the ubiquitination site on NP and this residue is crucial for virus RNA replication. We propose that ubiquitination/deubiquitination of NP can be manipulated for antiviral therapeutic purposes.",
   "authors": [
      "Liao, Tsai-Ling",
      "Wu, Chung-Yi",
      "Su, Wen-Chi",
      "Jeng, King-Song",
      "Lai, Michael M C"
   ],
   "has_full_text": "False",
   "id": "https://doi.org/10.1038/emboj.2010.250",
   "pubtator": "PMC2989104"
}