{
   "source_x": "PMC",
   "title": "National Athletic Trainers' Association Position Statement: Skin Diseases",
   "doi": "10.4085/1062-6050-45.4.411",
   "pmcid": "PMC2902037",
   "license": "unk",
   "abstract": "OBJECTIVE: To present recommendations for the prevention, education, and management of skin infections in athletes. BACKGROUND: Trauma, environmental factors, and infectious agents act together to continually attack the integrity of the skin. Close quarters combined with general poor hygiene practices make athletes particularly vulnerable to contracting skin diseases. An understanding of basic prophylactic measures, clinical features, and swift management of common skin diseases is essential for certified athletic trainers to aid in preventing the spread of infectious agents. RECOMMENDATIONS: These guidelines are intended to provide relevant information on skin infections and to give specific recommendations for certified athletic trainers and others participating in athletic health care.",
   "authors": [
      "Zinder, Steven M.",
      "Basler, Rodney S. W.",
      "Foley, Jack",
      "Scarlata, Chris",
      "Vasily, David B."
   ],
   "has_full_text": "False",
   "id": "https://doi.org/10.4085/1062-6050-45.4.411",
   "pubtator": "PMC2902037"
}