{
   "source_x": "PMC",
   "title": "The Crystal Structure of Porcine Reproductive and Respiratory Syndrome Virus Nonstructural Protein Nsp1\u03b2 Reveals a Novel Metal-Dependent Nuclease",
   "doi": "10.1128/JVI.00301-10",
   "pmcid": "PMC2903276",
   "license": "unk",
   "abstract": "Porcine reproductive and respiratory syndrome virus (PRRSV), a member of the Arteriviridae family of Nidovirales, is the causative agent of porcine reproductive and respiratory syndrome, which results in enormous economic losses in the swine industry. As the second protein encoded by the PRRSV genome, nsp1\u03b2 cleaves itself from the downstream nsp2 protein via a C-terminal papain-like cysteine protease (PCP) domain. Although nsp1\u03b2 is known to be involved in virulence, its precise role in the process of viral infection remains unclear. In this work, we describe the homodimeric crystal structure of PRRSV nsp1\u03b2 in its natural, self-processed form. We show that the architecture of its N-terminal domain (NTD) adopts a fold closely resembling that of several known nucleases and has intrinsic nuclease activity that is strongly activated by manganese ions in vitro. Key features, however, distinguish nsp1\u03b2 from characterized nucleases, including the C-terminal PCP domain (which is responsible for the self-release of nsp1\u03b2 from nsp2), a linker domain (LKD) that connects the NTD and the PCP domain, and a C-terminal extension (CTE) that binds to and is stabilized by the putative substrate binding site of the PCP\u03b2 domain. Combined with the reported nuclear localization of this protein, these results shed light on the self-processing mode and precise biological function of nsp1\u03b2 and thus offer a multitarget template for future drug discovery.",
   "authors": [
      "Xue, Fei",
      "Sun, Yuna",
      "Yan, Liming",
      "Zhao, Cong",
      "Chen, Ji",
      "Bartlam, Mark",
      "Li, Xuemei",
      "Lou, Zhiyong",
      "Rao, Zihe"
   ],
   "has_full_text": "False",
   "id": "https://doi.org/10.1128/JVI.00301-10",
   "pubtator": "PMC2903276"
}