{
   "source_x": "PMC",
   "title": "Early observational research and registries during the 2009\u20132010 influenza A pandemic",
   "doi": "10.1097/CCM.0b013e3181d20c77",
   "pmcid": "PMC3705715",
   "license": "unk",
   "abstract": "As a critical care community, we have an obligation to provide not only clinical care but also the research that guides initial and subsequent clinical responses during a pandemic. There are many challenges to conducting such research. The first is speed of response. However, given the near inevitability of certain events, for example, viral respiratory illness such as the 2009 pandemic, geographically circumscribed natural disasters, or acts of terror, many study and trial designs should be preplanned and modified quickly when specific events occur. Template case report forms should be available for modification and web entry; centralized research ethics boards and funders should have the opportunity to preview and advise on such research beforehand; and national and international research groups should be prepared to work together on common studies and trials for common challenges. We describe the early international critical care research response to the influenza A 2009 (H1N1) pandemic, including specifics of observational study case report form, registry, and clinical trial design, cooperation of international critical care research organizations, and the early results of these collaborations.",
   "authors": [
      "Fowler, Robert A.",
      "Webb, Steven A. R.",
      "Rowan, Kathy M.",
      "Sprung, Charles L.",
      "Thompson, B. Taylor",
      "Randolph, Adrienne G.",
      "Jouvet, Philippe",
      "Lapinsky, Stephen",
      "Rubinson, Lewis",
      "Rello, Jordi",
      "Cobb, J. Perren",
      "Rice, Todd W.",
      "Uyeki, Tim",
      "Marshall, John C."
   ],
   "has_full_text": "False",
   "id": "https://doi.org/10.1097/CCM.0b013e3181d20c77",
   "pubtator": "PMC3705715"
}