{
   "source_x": "PMC",
   "title": "Antigen Engineering Can Play A Critical Role in the Protective Immunity Elicited by Yersinia pestis DNA Vaccines",
   "doi": "10.1016/j.vaccine.2009.10.059",
   "pmcid": "PMC2830910",
   "license": "unk",
   "abstract": "The use of a DNA immunization approach to deliver protective antigens against Yersinia pestis (Y. pestis) has been successful in previously reported studies. In the current study, the gene designs for V and F1, two well-studied virulent factors serving as main targets for vaccine development, were altered to explore additional options in hopes of improving the protective immunity of DNA vaccines expressing these two antigens. Compared to the wild type V gene DNA vaccines, the use of codon optimized V gene sequences was effective in improving the antigen expression, titers of anti-V antibody responses, and survival against a mucosal lethal challenge. For the F1 DNA vaccine, removal of the N-terminal hydrophobic region was able to improve protective immunity. However, adding a mammalian signal peptide sequence to F1 actually led to reduced protection despite it inducing slightly higher anti-F1 antibody responses. The F1 gene can be fused with a gene coding for YscF, a newly confirmed partial protective antigen for Y. pestis, to produce DNA vaccines that express fused F1 and YscF antigens. One design, in particular, that had YscF fused to the downstream sequence of F1, produced better protection than separate F1 or YscF DNA vaccines, suggesting a potential synergistic effect between these two antigens. Findings from the above studies indicated that there are multiple approaches to optimize the protective immunity for plague DNA vaccines. Most importantly, proper antigen engineering to produce optimal antigen gene inserts in DNA vaccines can clearly play a major role in the future designs of a wide range of DNA vaccines.",
   "authors": [
      "Wang, Shixia",
      "Mboudjeka, Innocent",
      "Goguen, Jon D.",
      "Lu, Shan"
   ],
   "has_full_text": "False",
   "id": "https://doi.org/10.1016/j.vaccine.2009.10.059",
   "pubtator": "PMC2830910"
}