{
   "source_x": "PMC",
   "title": "Rhesus Theta-Defensin Prevents Death in a Mouse Model of Severe Acute Respiratory Syndrome Coronavirus Pulmonary Disease",
   "doi": "10.1128/JVI.01363-09",
   "pmcid": "PMC2772759",
   "license": "unk",
   "abstract": "We evaluated the efficacy of rhesus theta-defensin 1 (RTD-1), a novel cyclic antimicrobial peptide, as a prophylactic antiviral in a mouse model of severe acute respiratory syndrome (SARS) coronavirus (CoV) lung disease. BALB/c mice exposed to a mouse-adapted strain of SARS-CoV demonstrated 100% survival and modest reductions in lung pathology without reductions in virus titer when treated with two intranasal doses of RTD-1, while mortality in untreated mice was \u223c75%. RTD-1-treated, SARS-CoV-infected mice displayed altered lung tissue cytokine responses 2 and 4 days postinfection compared to those of untreated animals, suggesting that one possible mechanism of action for RTD-1 is immunomodulatory.",
   "authors": [
      "Wohlford-Lenane, Christine L.",
      "Meyerholz, David K.",
      "Perlman, Stanley",
      "Zhou, Haixia",
      "Tran, Dat",
      "Selsted, Michael E.",
      "McCray, Paul B."
   ],
   "has_full_text": "False",
   "id": "https://doi.org/10.1128/JVI.01363-09",
   "pubtator": "PMC2772759"
}