{
   "source_x": "PMC",
   "title": "Public Willingness to Take a Vaccine or Drug Under Emergency Use Authorization during the 2009 H1N1 Pandemic",
   "doi": "10.1089/bsp.2009.0041",
   "pmcid": "PMC2998968",
   "license": "unk",
   "abstract": "On April 26, 2009, the United States declared a public health emergency in response to a growing but uncertain threat from H1N1 influenza, or swine flu. In June, the World Health Organization declared a pandemic. In the U.S., hospitalizations due to swine flu numbered 6,506 on August 6, 2009, with 436 deaths; all 50 states have reported cases. The declaration of a public health emergency, followed by the approval of multiple Emergency Use Authorizations (EUAs) by the Food and Drug Administration, allowed the distribution of unapproved drugs or the off-label use of approved drugs to the public. Thus far, there are 2 antiviral medications available to the public as EUA drugs. It is possible that an H1N1 vaccine will be initially released as an EUA in the fall in the first large-scale use of the EUA mechanism. This study explores the public's willingness to use a drug or vaccine under the conditions stipulated in the FDA's nonbinding guidance regarding EUAs. Using Knowledge Networks' panel, we conducted an internet survey with 1,543 adults from a representative sample of the U.S. population with 2 oversamples of African Americans and Spanish-speaking Hispanics. Our completion rate was 62%. We examined willingness to accept an EUA drug or an H1N1 vaccine, the extent of worry associated with taking either, the conditions under which respondents would accept an EUA drug or vaccine, and the impact of language from the EUA fact sheets on people's willingness to accept a drug for themselves or their children. We also examined the association among these variables and race/ethnicity, education level, trust in government, previous vaccine acceptance, and perceived personal consequences from H1N1 influenza. These results provide critical insights into the challenges of communicating about EUA drugs and vaccine in our current pandemic.",
   "authors": [
      "Quinn, Sandra Crouse",
      "Kumar, Supriya",
      "Freimuth, Vicki S.",
      "Kidwell, Kelley",
      "Musa, Donald"
   ],
   "has_full_text": "False",
   "id": "https://doi.org/10.1089/bsp.2009.0041",
   "pubtator": "PMC2998968"
}