{
   "source_x": "PMC",
   "title": "Averting epidemics of extensively drug-resistant tuberculosis",
   "doi": "10.1073/pnas.0812472106",
   "pmcid": "PMC2678614",
   "license": "unk",
   "abstract": "Extensively drug-resistant tuberculosis (XDR TB) has been detected in most provinces of South Africa, particularly in the KwaZulu-Natal province where several hundred cases have been reported since 2004. We analyzed the transmission dynamics of XDR TB in the region using mathematical models, and observed that nosocomial transmission clusters of XDR TB may emerge into community-based epidemics under the public health conditions of many South African communities. The effective reproductive number of XDR TB in KwaZulu-Natal may be around 2. Intensified community-based case finding and therapy appears critical to curtailing transmission. In the setting of delayed disease presentation and high system demand, improved diagnostic approaches may need to be employed in community-based programs rather than exclusively at tertiary hospitals. Using branching process mathematics, we observed that early, community-based drug-susceptibility testing and effective XDR therapy could help curtail ongoing transmission and reduce the probability of XDR TB epidemics in neighboring territories.",
   "authors": [
      "Basu, Sanjay",
      "Friedland, Gerald H.",
      "Medlock, Jan",
      "Andrews, Jason R.",
      "Shah, N. Sarita",
      "Gandhi, Neel R.",
      "Moll, Anthony",
      "Moodley, Prashini",
      "Sturm, A. Willem",
      "Galvani, Alison P."
   ],
   "has_full_text": "False",
   "id": "https://doi.org/10.1073/pnas.0812472106",
   "pubtator": "PMC2678614"
}