{
   "source_x": "PMC",
   "title": "Seroprevalence of Turkey Coronavirus in North American Turkeys Determined by a Newly Developed Enzyme-Linked Immunosorbent Assay Based on Recombinant Antigen",
   "doi": "10.1128/CVI.00319-08",
   "pmcid": "PMC2593163",
   "license": "unk",
   "abstract": "Turkey coronavirus (TCoV) causes diarrhea in young turkey poults, but little is known about its prevalence in the field. To address this, the complete nucleocapsid gene was cloned and expressed in Escherichia coli. Expressed nucleocapsid gene produced two distinct proteins (52 and 43 kDa); their specificity was confirmed by Western blotting using two different monoclonal antibodies. Recombinant N protein was purified and used as an antigen to develop an enzyme-linked immunosorbent assay (ELISA) for the serological detection of TCoV that was then validated using experimentally derived turkey serum. The N-based ELISA showed (97%) sensitivity and (93%) specificity for TCoV, which was significantly higher than an infectious bronchitis coronavirus-based commercial test for TCoV. To assess the utility of this recombinant ELISA, 360 serum samples from turkey farms in Ontario, Canada, and 81 serum samples from farms in Arkansas were tested for TCoV-specific antibodies. A high seroprevalence of TCoV was found in turkeys from the Ontario farms with 73.9% of breeders and 60.0% of meat turkeys testing seropositive using the N-based ELISA. Similarly, a high field prevalence was found in the turkeys from Arkansas, for which 64.2% of the serum samples tested seropositive.",
   "authors": [
      "Gomaa, Maged H.",
      "Yoo, Dongwan",
      "Ojkic, Davor",
      "Barta, John R."
   ],
   "has_full_text": "False",
   "id": "https://doi.org/10.1128/CVI.00319-08",
   "pubtator": "PMC2593163"
}