{
   "source_x": "PMC",
   "title": "Biodistribution and Toxicological Safety of Adenovirus Type 5 and Type 35 Vectored Vaccines Against Human Immunodeficiency Virus-1 (HIV-1), Ebola, or Marburg Are Similar Despite Differing Adenovirus Serotype Vector, Manufacturer's Construct, or Gene Inserts",
   "doi": "10.1080/15376510802312464",
   "pmcid": "PMC2777703",
   "license": "unk",
   "abstract": "The Vaccine Research Center has developed vaccine candidates for different diseases/infectious agents (including HIV-1, Ebola, and Marburg viruses) built on an adenovirus vector platform, based on adenovirus type 5 or 35. To support clinical development of each vaccine candidate, pre-clinical studies were performed in rabbits to determine where in the body they biodistribute and how rapidly they clear, and to screen for potential toxicities (intrinsic and immunotoxicities). The vaccines biodistribute only to spleen, liver (Ad5 only), and/or iliac lymph node (Ad35 only) and otherwise remain in the site of injection muscle and overlying subcutis. Though \u223c10(11) viral particles were inoculated, already by Day 9, all but 10(3) to 10(5) genome copies per \u03bcg of DNA had cleared from the injection site muscle. By three months, the adenovector was cleared with, at most, a few animals retaining a small number of copies in the injection site, spleen (Ad5), or iliac lymph node (Ad35). This pattern of limited biodistribution and extensive clearance is consistent regardless of differences in adenovector type (Ad5 or 35), manufacturer's construct and production methods, or gene-insert. Repeated dose toxicology studies identified treatment-related toxicities confined primarily to the sites of injection, in certain clinical pathology parameters, and in body temperatures (Ad5 vectors) and food consumption immediately post-inoculation. Systemic reactogenicity and reactogenicity at the sites of injection demonstrated reversibility. These data demonstrate the safety and suitability for investigational human use of Ad5 or Ad35 adenovector-based vaccine candidates at doses of up to 2 \u00d7 10(11) given intramuscularly to prevent various infectious diseases.",
   "authors": [
      "Sheets, Rebecca L.",
      "Stein, Judith",
      "Bailer, Robert T.",
      "Koup, Richard A.",
      "Andrews, Charla",
      "Nason, Martha",
      "He, Bin",
      "Koo, Edward",
      "Trotter, Holly",
      "Duffy, Chris",
      "Manetz, T. Scott",
      "Gomez, Phillip"
   ],
   "has_full_text": "False",
   "id": "https://doi.org/10.1080/15376510802312464",
   "pubtator": "PMC2777703"
}