{
   "source_x": "PMC",
   "title": "In Vitro Antiviral Activity of some Novel Isatin Derivatives against HCV and SARS-CoV Viruses",
   "doi": "10.4103/0250-474X.40339",
   "pmcid": "PMC2852069",
   "pubmed_id": "20390088",
   "license": "cc-by",
   "abstract": "4-[(1,2-dihydro-2-oxo-3H-indol-3-ylidene)amino]-N(4,6-dimethyl-2-pyrimidiny)benzene sulphonamide and its derivatives were evaluated for antiviral activity against Pathogenic viruses such as Hepatitis C Virus and SARS-CoV in Vero and Huh 5-2 cells, respectively. The 5-fluoro derivative inhibited the HCV RNA synthesis at 6 \u03bcg/ml, without toxicity at a concentration up to 42 \u03bcg/ml in Huh 5-2 cells. Among the compounds tested SPIII-5F exhibits the 45% maximum protection against replication of SARS-CoV in Vero cells.",
   "publish_time": "2008 Jan-Feb",
   "authors": [
      "Selvam, P.",
      "Murgesh, N.",
      "Chandramohan, M.",
      "De Clercq, E.",
      "Keyaerts, E.",
      "Vijgen, L.",
      "Maes, P.",
      "Neyts, J.",
      "Ranst, M. V."
   ],
   "journal": "Indian J Pharm Sci",
   "has_full_text": "False",
   "id": "https://doi.org/10.4103/0250-474X.40339",
   "pubtator": "PMC2852069"
}