{
   "sha": "3d9f2167761a4cf5dca6ca1060811ed98e8ff9a7",
   "source_x": "Elsevier",
   "title": "Chapter 2 Immunohistology of Infectious Diseases",
   "doi": "10.1016/B978-0-443-06652-8.50008-9",
   "license": "els-covid",
   "publish_time": "2006-12-31",
   "authors": [
      "Eyzaguirre, Eduardo J.",
      "Walker, David H.",
      "Zaki, Sherif R."
   ],
   "journal": "Diagnostic Immunohistochemistry",
   "has_full_text": "True",
   "full_text_file": "custom_license",
   "id": "https://doi.org/10.1016/B978-0-443-06652-8.50008-9",
   "fhir_link": [
      "PMC/Composition/3d9f2167761a4cf5dca6ca1060811ed98e8ff9a7"
   ]
}