{
   "source_x": "PMC",
   "title": "Specific Asparagine-Linked Glycosylation Sites Are Critical for DC-SIGN- and L-SIGN-Mediated Severe Acute Respiratory Syndrome Coronavirus Entry",
   "doi": "10.1128/JVI.00315-07",
   "pmcid": "PMC2168787",
   "license": "unk",
   "abstract": "Severe acute respiratory syndrome (SARS) is caused by a newly emerged coronavirus (CoV) designated SARS-CoV. The virus utilizes angiotensin-converting enzyme 2 (ACE2) as the primary receptor. Although the idea is less clear and somewhat controversial, SARS-CoV is thought to use C-type lectins DC-SIGN and/or L-SIGN (collectively referred to as DC/L-SIGN) as alternative receptors or as enhancer factors that facilitate ACE2-mediated virus infection. In this study, the function of DC/L-SIGN in SARS-CoV infection was examined in detail. The results of our study clearly demonstrate that both proteins serve as receptors independently of ACE2 and that there is a minimal level of synergy between DC/L-SIGN and ACE2. As expected, glycans on spike (S) glycoprotein are important for DC/L-SIGN-mediated virus infection. Site-directed mutagenesis analyses have identified seven glycosylation sites on the S protein critical for DC/L-SIGN-mediated virus entry. They include asparagine residues at amino acid positions 109, 118, 119, 158, 227, 589, and 699, which are distinct from residues of the ACE2-binding domain (amino acids 318 to 510). Amino acid sequence analyses of S proteins encoded by viruses isolated from animals and humans suggest that glycosylation sites N227 and N699 have facilitated zoonotic transmission.",
   "authors": [
      "Han, Dong P.",
      "Lohani, Motashim",
      "Cho, Michael W."
   ],
   "has_full_text": "False",
   "id": "https://doi.org/10.1128/JVI.00315-07",
   "pubtator": "PMC2168787"
}