{
   "source_x": "PMC",
   "title": "Natural Mutations in the Receptor Binding Domain of Spike Glycoprotein Determine the Reactivity of Cross-Neutralization between Palm Civet Coronavirus and Severe Acute Respiratory Syndrome Coronavirus",
   "doi": "10.1128/JVI.02389-06",
   "pmcid": "PMC1900161",
   "license": "unk",
   "abstract": "The severe acute respiratory syndrome (SARS) outbreak of 2002 and 2003 occurred as a result of zoonotic transmission. Coronavirus (CoV) found in naturally infected palm civet (civet-CoV) represents the closest genetic relative to SARS-CoV, but the degree and the determinants of cross-neutralization among these viruses remain to be investigated. Studies indicate that the receptor binding domain (RBD) of the SARS-CoV spike (S) glycoprotein contains major determinants for viral entry and neutralization. We aim to characterize the impact of natural mutations within the RBDs of civet-CoVs on viral entry and cross-neutralization. In this study, the S glycoprotein genes were recovered from naturally infected civets in central China (Hubei province), extending the geographic distribution of civet-CoV beyond the southeastern province of Guangdong. Moreover, pseudoviruses generated in our laboratory with four civet S genes, each with a distinct RBD, infected cells expressing human receptor angiotensin-converting enzyme 2, but with 90 to 95% less efficiency compared to that of SARS-CoV. These four civet S genes were also constructed as DNA vaccines to immunize mice. Immunized sera elicited against most civet S glycoproteins displayed potent neutralizing activities against autologous viruses but were much less efficient (50% inhibitory concentration, 20- to 40-fold) at neutralizing SARS-CoV and vice versa. Convalescence-phase sera from humans were similarly ineffective against the dominant civet pseudovirus. Our findings suggest that the design of SARS vaccine should consider not only preventing the reemergence of SARS-CoV but also providing cross-protection, thus interrupting zoonotic transmission of a group of genetically divergent civet CoVs of broad geographic origin.",
   "authors": [
      "Liu, Li",
      "Fang, Qing",
      "Deng, Fei",
      "Wang, Hanzhong",
      "Yi, Christopher E.",
      "Ba, Lei",
      "Yu, Wenjie",
      "Lin, Richard D.",
      "Li, Taisheng",
      "Hu, Zhihong",
      "Ho, David D.",
      "Zhang, Linqi",
      "Chen, Zhiwei"
   ],
   "has_full_text": "False",
   "id": "https://doi.org/10.1128/JVI.02389-06",
   "pubtator": "PMC1900161"
}