{
   "source_x": "PMC",
   "title": "Palmitoylations on Murine Coronavirus Spike Proteins Are Essential for Virion Assembly and Infectivity",
   "doi": "10.1128/JVI.80.3.1280-1289.2006",
   "pmcid": "PMC1346925",
   "license": "unk",
   "abstract": "Coronavirus spike (S) proteins are palmitoylated at several cysteine residues clustered near their transmembrane-spanning domains. This is achieved by cellular palmitoyl acyltransferases (PATs), which can modify newly synthesized S proteins before they are assembled into virion envelopes at the intermediate compartment of the exocytic pathway. To address the importance of these fatty acylations to coronavirus infection, we exposed infected cells to 2-bromopalmitate (2-BP), a specific PAT inhibitor. 2-BP profoundly reduced the specific infectivities of murine coronaviruses at very low, nontoxic doses that were inert to alphavirus and rhabdovirus infections. 2-BP effected only two- to fivefold reductions in S palmitoylation, yet this correlated with reduced S complexing with virion membrane (M) proteins and consequent exclusion of S from virions. At defined 2-BP doses, underpalmitoylated S proteins instead trafficked to infected cell surfaces and elicited cell-cell membrane fusions, suggesting that the acyl chain adducts are more critical to virion assembly than to S-induced syncytial developments. These studies involving pharmacologic inhibition of S protein palmitoylation were complemented with molecular genetic analyses in which cysteine acylation substrates were mutated. Notably, some mutations (C1347F and C1348S) did not interfere with S incorporation into virions, indicating that only a subset of the cysteine-rich region provides the essential S-assembly functions. However, the C1347F/C1348S mutant viruses exhibited relatively low specific infectivities, similar to virions secreted from 2-BP-treated cultures. Our collective results indicate that the palmitate adducts on coronavirus S proteins are necessary in assembly and also in positioning the assembled envelope proteins for maximal infectivity.",
   "authors": [
      "Thorp, Edward B.",
      "Boscarino, Joseph A.",
      "Logan, Hillary L.",
      "Goletz, Jeffrey T.",
      "Gallagher, Thomas M."
   ],
   "has_full_text": "False",
   "id": "https://doi.org/10.1128/JVI.80.3.1280-1289.2006",
   "pubtator": "PMC1346925"
}