{
   "source_x": "PMC",
   "title": "Jacobson v Massachusetts: It\u2019s Not Your Great-Great-Grandfather\u2019s Public Health Law",
   "doi": "10.2105/AJPH.2004.055160",
   "pmcid": "PMC1449224",
   "license": "unk",
   "abstract": "Jacobson v Massachusetts, a 1905 US Supreme Court decision, raised questions about the power of state government to protect the public\u2019s health and the Constitution\u2019s protection of personal liberty. We examined conceptions about state power and personal liberty in Jacobson and later cases that expanded, superseded, or even ignored those ideas. Public health and constitutional law have evolved to better protect both health and human rights. States\u2019 sovereign power to make laws of all kinds has not changed in the past century. What has changed is the Court\u2019s recognition of the importance of individual liberty and how it limits that power. Preserving the public\u2019s health in the 21st century requires preserving respect for personal liberty.",
   "authors": [
      "Mariner, Wendy K.",
      "Annas, George J.",
      "Glantz, Leonard H."
   ],
   "has_full_text": "False",
   "id": "https://doi.org/10.2105/AJPH.2004.055160",
   "pubtator": "PMC1449224"
}