{
   "sha": "b7c3bab1f608f6dc5d8f449ab22e16f98ef518d3",
   "source_x": "Elsevier",
   "title": "Index",
   "doi": "10.1016/B978-0-444-62703-2.00030-6",
   "license": "els-covid",
   "abstract": "Unknown",
   "publish_time": "2014-12-31",
   "journal": "Human Herpesviruses HHV-6A, HHV-6B & HHV-7",
   "has_full_text": "True",
   "full_text_file": "custom_license",
   "id": "https://doi.org/10.1016/B978-0-444-62703-2.00030-6",
   "fhir_link": [
      "PMC/Composition/b7c3bab1f608f6dc5d8f449ab22e16f98ef518d3"
   ]
}