{
   "source_x": "PMC",
   "title": "Transgenic mice expressing a soluble form of porcine nectin-1/herpesvirus entry mediator C as a model for pseudorabies-resistant livestock",
   "doi": "10.1073/pnas.0405816101",
   "pmcid": "PMC528950",
   "license": "unk",
   "abstract": "An approach to genetically engineered resistance to pseudorabies virus (PRV) infection was examined by using a transgene encoding a soluble form of nectin-1, also known as herpesvirus entry mediator C. Nectin-1 is an \u03b1-herpesvirus receptor that binds to virion glycoprotein D. Nectin-1 mediates entry of PRV, herpes simplex virus types 1 and 2, and bovine herpesvirus type 1. To assess the antiviral potential of an ectopic expression of the nectin-1 ectodomain in vivo, six transgenic mouse lines expressing a soluble form of nectin-1, consisting of an extracellular domain of porcine nectin-1 and the Fc portion of human IgG1, were generated. All of the transgenic mouse lines showed nearly complete resistance to PRV infection by means of both i.p. and intranasal routes. These results suggest that the introduction into farm animals of a transgene encoding a soluble form of nectin-1 would offer a potent biological approach to generating \u03b1-herpesvirus-resistant livestock.",
   "authors": [
      "Ono, Etsuro",
      "Amagai, Keiko",
      "Taharaguchi, Satoshi",
      "Tomioka, Yukiko",
      "Yoshino, Saori",
      "Watanabe, Yuki",
      "Cherel, Pierre",
      "Houdebine, Louis-Marie",
      "Adam, Micheline",
      "Eloit, Marc",
      "Inobe, Manabu",
      "Uede, Toshimitsu"
   ],
   "has_full_text": "False",
   "id": "https://doi.org/10.1073/pnas.0405816101",
   "pubtator": "PMC528950"
}