{
   "source_x": "PMC",
   "title": "High-Efficiency Detection of Severe Acute Respiratory Syndrome Virus Genetic Material",
   "doi": "10.1128/JCM.42.6.2771-2773.2004",
   "pmcid": "PMC427811",
   "license": "unk",
   "abstract": "A Taqman amplicon targeting the nucleocapsid gene of severe acute respiratory syndrome coronavirus (SARS-CoV) is 5 log(10) times more sensitive for SARS-CoV target RNA extracted from infected cells and 2.79 log(10) times more sensitive for RNA extracted from patient material of the index case in Frankfurt than an amplicon targeting the polymerase gene.",
   "authors": [
      "Weidmann, Manfred",
      "Zanotto, Paolo M. D. A.",
      "Weber, Friedemann",
      "Spiegel, Martin",
      "Brodt, Hans Rheinhard",
      "Hufert, Frank T."
   ],
   "has_full_text": "False",
   "id": "https://doi.org/10.1128/JCM.42.6.2771-2773.2004",
   "pubtator": "PMC427811"
}