{
   "source_x": "PMC",
   "title": "Detection of Severe Acute Respiratory Syndrome Coronavirus in Blood of Infected Patients",
   "doi": "10.1128/JCM.42.1.347-350.2004",
   "pmcid": "PMC321706",
   "license": "unk",
   "abstract": "Severe acute respiratory syndrome (SARS) has caused major outbreaks worldwide, resulting in an urgent need to obtain sensitive and accurate diagnosis of this disease. PCR-based detection methods were developed for use on a variety of samples, including blood. Eighteen subjects were investigated, and results indicated that blood samples contain sufficient virus for detection by using quantitative real-time PCR.",
   "authors": [
      "Ng, Lisa F. P.",
      "Wong, Michelle",
      "Koh, Susie",
      "Ooi, Eng-Eong",
      "Tang, King-Fai",
      "Leong, Hoe-Nam",
      "Ling, Ai-Ee",
      "Agathe, Lora V.",
      "Tan, Jenny",
      "Liu, Edison T.",
      "Ren, Ee-Chee",
      "Ng, Lee-Ching",
      "Hibberd, Martin L."
   ],
   "has_full_text": "False",
   "id": "https://doi.org/10.1128/JCM.42.1.347-350.2004",
   "pubtator": "PMC321706"
}