{
   "source_x": "PMC",
   "title": "GeneScan Reverse Transcription-PCR Assay for Detection of Six Common Respiratory Viruses in Young Children Hospitalized with Acute Respiratory Illness",
   "doi": "10.1128/JCM.41.9.4298-4303.2003",
   "pmcid": "PMC193844",
   "license": "unk",
   "abstract": "A reverse transcription-PCR (RT-PCR) assay based on automated fluorescent capillary electrophoresis and GeneScan software analysis was developed to detect six common respiratory viruses in clinical specimens from young children. Assays for human respiratory syncytial virus (HRSV); human parainfluenza viruses 1, 2, and 3 (HPIV1, -2, and -3, respectively); and influenza A and B viruses were incorporated into a single standard assay format. The optimized assay panel was used to test 470 respiratory specimens obtained from 462 children hospitalized with acute respiratory illness that had been previously tested by viral culture (405 specimens) or direct immunofluorescence staining (DIF) (65 specimens). Of 93 specimens positive for respiratory viruses by culture or DIF, 86 (92%) were positive by RT-PCR, including 66 HRSV, 2 HPIV2, 5 HPIV3, 3 influenza A virus, and 10 influenza B virus specimens. An additional 119 respiratory viruses were identified by RT-PCR in 116 patients for whom results were negative by viral isolation or DIF. We conclude that the GeneScan RT-PCR panel can markedly improve detection of acute respiratory virus infections in young children.",
   "authors": [
      "Erdman, Dean D.",
      "Weinberg, Geoffrey A.",
      "Edwards, Kathryn M.",
      "Walker, Frances J.",
      "Anderson, Barbara C.",
      "Winter, J\u00f6rn",
      "Gonz\u00e1lez, Monica",
      "Anderson, Larry J."
   ],
   "has_full_text": "False",
   "id": "https://doi.org/10.1128/JCM.41.9.4298-4303.2003",
   "pubtator": "PMC193844"
}