{
   "sha": "c61ab4c98931a25b9358b359e22ac8393d823365",
   "source_x": "Elsevier",
   "title": "Chapter 63 The cat with abnormal iris appearance",
   "doi": "10.1016/B978-0-7020-2488-7.50068-5",
   "license": "els-covid",
   "publish_time": "2006-12-31",
   "authors": [
      "Bernays, Michael E."
   ],
   "journal": "Problem-Based Feline Medicine",
   "has_full_text": "True",
   "full_text_file": "custom_license",
   "id": "https://doi.org/10.1016/B978-0-7020-2488-7.50068-5",
   "fhir_link": [
      "PMC/Composition/c61ab4c98931a25b9358b359e22ac8393d823365"
   ]
}