{
   "source_x": "PMC",
   "title": "A novel a-factor-related peptide of Saccharomyces cerevisiae that exits the cell by a Ste6p-independent mechanism.",
   "pmcid": "PMC276152",
   "license": "unk",
   "abstract": "Many secreted signaling molecules are synthesized as precursors that undergo multiple maturation steps to generate their mature forms. The Saccharomyces cerevisiae mating pheromone a-factor is a C-terminally isoprenylated and carboxylmethylated dodecapeptide that is initially synthesized as a larger precursor containing 36 or 38 amino acids. We have previously shown that the maturation of a-factor occurs by an ordered biogenesis pathway involving 1) three C-terminal modification steps, 2) two N-terminal proteolytic processing events, and 3) a nonclassical export mechanism mediated by the ATP-binding-cassette (ABC) transporter Ste6p. In the present study, we demonstrate that an unexpected and abundant a-factor-related peptide (AFRP) exists in the culture fluid of MATa cells and that its biogenesis is integrally related to that of mature a-factor itself. We show by purification followed by mass spectrometry that AFRP corresponds to the C-terminal 7 amino acids (VFWDPAC) of mature a-factor (YIIKGVFWDPAC), including both the farnesyl- and carboxylmethylcysteine modifications. The formation and export of AFRP displays three striking features. First, we show that AFRP is produced intracellularly and that mutants (ste24 and axl1) that cannot produce mature a-factor due to an N-terminal processing defect are nevertheless normal for AFRP production. Thus, AFRP is not derived from mature a-factor but, instead, from the P1 form of the a-factor precursor. Second, fusion constructs with foreign amino acids substituted for authentic a-factor residues still yield AFRP-sized molecules; however, the composition of these corresponds to the altered residues instead of to AFRP residues. Thus, AFRP may be generated by a sequence-dependent but length-specific proteolytic activity. Third, a-factor and AFRP use distinct cellular machinery for their secretion. Whereas a-factor export is Ste6p-dependent, AFRP is secreted normally even in a ste6 deletion mutant. Thus, AFRP may exit the cell by another ATP-binding-cassette transporter, a different type of transporter altogether, or possibly by diffusion. Taken together, these studies indicate that the biogenesis of AFRP involves novel mechanisms and machinery, distinct from those used to generate mature a-factor. Because AFRP neither stimulates nor inhibits mating or a-factor halo activity, its function remains an intriguing question.",
   "authors": [
      "Chen, P",
      "Choi, J D",
      "Wang, R",
      "Cotter, R J",
      "Michaelis, S"
   ],
   "has_full_text": "False",
   "id": "https://www.ncbi.nlm.nih.gov/pmc/articles/PMC276152",
   "pubtator": "PMC276152"
}