{
   "source_x": "PMC",
   "title": "Transmissible gastroenteritis: demonstration of the virus from field specimens by means of cell culture and pig inoculation.",
   "pmcid": "PMC1277731",
   "license": "unk",
   "abstract": "Isolation of transmissible gastroenteritis virus was attempted from segments of jejunum collected from piglets submitted for diagnosis of transmissible gastroenteritis. The virus was isolated more frequently in susceptible piglets than in pig kidney or pig thyroid cells. Practically, both cell systems were equally capable of demonstrating the virus when the tissue suspensions were sonicated. The pig thyroid cells prepared with glands collected from minimal disease pigs were preferred to the pig kidney cells for initial virus isolation because of their ability to respond to transmissible gastroenteritis virus with a progressive cytopathic effect. However, the pig thyroid cells, prepared from pool of glands collected in abattoirs, were often contaminated with parvoviruses and could not be used for diagnostic work. Controlled ultrasound treatments of the inoculum increased the frequency of virus isolation in both cell systems.",
   "authors": [
      "Dulac, G C",
      "Ruckerbauer, G M",
      "Boulanger, P"
   ],
   "has_full_text": "False",
   "id": "https://www.ncbi.nlm.nih.gov/pmc/articles/PMC1277731",
   "pubtator": "PMC1277731"
}