{
   "source_x": "PMC",
   "title": "An outbreak of common colds at an Antarctic base after seventeen weeks of complete isolation",
   "pmcid": "PMC2130424",
   "license": "unk",
   "abstract": "Six of 12 men wintering at an isolated Antarctic base sequentially developed symptoms and signs of a common cold after 17 weeks of complete isolation. Examination of specimens taken from the men in relation to the outbreak has not revealed a causative agent.",
   "authors": [
      "Allen, T. R.",
      "Bradburne, A. F.",
      "Stott, E. J.",
      "Goodwin, C. S.",
      "Tyrrell, D. A. J."
   ],
   "has_full_text": "False",
   "id": "https://www.ncbi.nlm.nih.gov/pmc/articles/PMC2130424",
   "pubtator": "PMC2130424"
}