{
   "sha": "110b4b089bd757bd54587c2ab3262a374462c098",
   "source_x": "biorxiv",
   "title": "The permeabilized SecY protein-translocation channel can serve as a nonspecific sugar transporter",
   "doi": "10.1101/378786",
   "license": "biorxiv",
   "abstract": "As the initial step in carbohydrate catabolism in cells, the substrate-specific transporters via active transport and facilitated diffusion play a decisive role in passage of sugars through the plasma membrane into the cytoplasm. The SecY complex (SecYEG) in bacteria forms a membrane channel responsible for protein translocation. This work demonstrates that weakening the sealability of the SecY channel allowed free diffusion of sugars, including glucose, fructose, mannose, xylose, arabinose, and lactose, into the engineered cells, facilitating its rapid growth on a wide spectrum of monosaccharides and bypassing/reducing stereospecificity, transport saturation, competitive inhibition, and carbon catabolite repression (CCR), which are usually encountered with the specific sugar transporters. The SecY channel is structurally conserved in prokaryotes, thus it may be engineered to serve as a unique and universal transporter for bacteria to passage sugars as demonstrated in Escherichia coli and Clostridium acetobutylicum.",
   "publish_time": "2018-07-27",
   "authors": [
      "Mei, S.",
      "Xie, C.",
      "Mi, H.",
      "Xue, C.",
      "Guo, Q.",
      "Du, G.-Q.",
      "Li, G.-B.",
      "Li, C.-X.",
      "Qu, Y.-N.",
      "Xiong, M.-H.",
      "Jiang, Y.",
      "Tan, T.-W.",
      "Yang, S.-T.",
      "Fan, L.-H."
   ],
   "has_full_text": "True",
   "full_text_file": "biorxiv_medrxiv",
   "id": "https://doi.org/10.1101/378786",
   "fhir_link": [
      "bioRxiv-medRxiv/Composition/110b4b089bd757bd54587c2ab3262a374462c098"
   ]
}