{
   "sha": "12920263b2846c61d6f2b6105189367a8ff1bc39",
   "source_x": "biorxiv",
   "title": "A diallel of the mouse Collaborative Cross founders reveals strong strain-specific maternal effects on litter size",
   "doi": "10.1101/458877",
   "license": "biorxiv",
   "abstract": "Reproductive success in the eight founder strains of the Collaborative Cross (CC) was measured using a diallel-mating scheme. Over a 48-month period we generated 4,448 litters, and 24,782 weaned pups were used across 16 different published experiments. We identified factors that affect the average litter size in a cross by estimating the overall contribution of parent-of-origin, heterosis, inbred, and epistatic effects using a Bayesian zero-truncated overdispersed Poisson mixed model. The phenotypic variance of litter size has a substantial contribution (79%) from unexplained and environmental sources, but no detectable effect of seasonality. Most of the explained variance was due to additive effects (9.2%) and parental sex (maternal vs paternal strain; 5.8%), with epistasis accounting for 3.4%. Within the parental effects, the effect of the dams strain explained more than the sires strain (13.2% vs. 1.8%), and the dams strain effects account for 74.2% of total variation explained. Dams from strains C57BL/6J and NOD/ShiLtJ increased the expected litter size by a mean of 1.66 and 1.79 pups, whereas dams from strains WSB/EiJ, PWK/PhJ, and CAST/EiJ reduced expected litter size by a mean of 1.51, 0.81, and 0.90 pups. Finally, there was no strong evidence for strain-specific effects on sex ratio distortion. Overall, these results demonstrate that strains vary substantially in their reproductive ability depending on their genetic background and that litter size is largely determined by dam.strain rather than sire.strain effects, as expected. This analysis adds to our understanding of factors that influence litter size in mammals, and also helps to explain breeding successes and failures in the extinct lines and surviving CC strains.",
   "publish_time": "2018-10-31",
   "authors": [
      "Shorter, J. R.",
      "Maurizio, P. L.",
      "Bell, T. A.",
      "Shaw, G. D.",
      "Miller, D. R.",
      "Gooch, T. J.",
      "Spence, J. S.",
      "McMillan, L.",
      "Valdar, W.",
      "Pardo-Manuel de Villena, F."
   ],
   "has_full_text": "True",
   "full_text_file": "biorxiv_medrxiv",
   "id": "https://doi.org/10.1101/458877",
   "fhir_link": [
      "bioRxiv-medRxiv/Composition/12920263b2846c61d6f2b6105189367a8ff1bc39"
   ]
}