{
   "sha": "311a15d92b87b2bc41f00afed881b95e93c22fcc",
   "source_x": "biorxiv",
   "title": "Comparative analysis reveals adaptive evolution of bat IFITMs and a novel antiviral determinant",
   "doi": "10.1101/737841",
   "license": "biorxiv",
   "abstract": "Host interferon-induced transmembrane proteins (IFITMs) are broad-spectrum antiviral restriction factors. Of these, IFITM3 potently inhibits viruses that enter cells through acidic endosomes, many of which are zoonotic and emerging viruses with bats (order Chiroptera) as natural hosts. We previously demonstrated that microbat IFITM3 is antiviral. Here we show that bat IFITMs are characterized by strong adaptive evolution and identify a highly variable and functionally important site - codon 70 - within the conserved CD225 domain of IFITMs. Mutation of this residue in microbat IFITM3 impairs restriction of four different virus families that enter cells via endosomes. This mutant shows altered subcellular localization and reduced S-palmitoylation, a phenotype copied by mutation of conserved cysteine residues in microbat IFITM3. Furthermore, we show that microbat IFITM3 is S-palmitoylated on cysteine residues C71, C72 and C105, mutation of each cysteine residue individually impairs virus restriction, and a triple C71-C72-C105 mutant loses all restriction, concomitant with subcellular re-localization of microbat IFITM3 to Golgi-associated sites. Thus, we propose that S-palmitoylation is critical for Chiropteran IFITM3 function and identify a key molecular determinant of IFITM3 S-palmitoylation.",
   "publish_time": "2019-08-16",
   "authors": [
      "Benfield, C. T. O.",
      "Mazzon, M.",
      "Tate, E.",
      "Marsh, M.",
      "Weston, S.",
      "Mackenzie, F.",
      "Holmes, E. C.",
      "Kellam, P.",
      "Teo, B. H.",
      "Ritzefeld, M.",
      "Smith, S."
   ],
   "has_full_text": "True",
   "full_text_file": "biorxiv_medrxiv",
   "id": "https://doi.org/10.1101/737841",
   "fhir_link": [
      "bioRxiv-medRxiv/Composition/311a15d92b87b2bc41f00afed881b95e93c22fcc"
   ]
}