{
   "sha": "7837a1b529936ac78b802e41daa73ddab8bfc41a",
   "source_x": "biorxiv",
   "title": "Cotranslational Folding Stimulates Programmed Ribosomal Frameshifting in the Alphavirus Structural Polyprotein",
   "doi": "10.1101/790444",
   "license": "biorxiv",
   "abstract": "Viruses maximize their genetic coding capacity through a variety of biochemical mechanisms including programmed ribosomal frameshifting (PRF), which facilitates the production of multiple proteins from a single transcript. PRF is typically stimulated by structural elements within the mRNA that generate mechanical tension between the transcript and ribosome. However, in this work we show that the forces generated by the cotranslational folding of the nascent polypeptide chain can also enhance PRF. Using an array of biochemical, cellular, and computational techniques, we first demonstrate that the Sindbis virus structural polyprotein forms two competing topological isomers during biosynthesis at the ribosome-translocon complex. We then show that the formation of one of these topological isomers is linked to PRF. Coarse-grained molecular dynamic simulations reveal that the translocon-mediated membrane integration of a transmembrane domain upstream from the ribosomal slip-site generates a force on the nascent polypeptide chain that scales with observed frameshifting. Together, our results demonstrate that cotranslational folding of this protein generates a tension that stimulates PRF. To our knowledge, this constitutes the first example in which the conformational state of the nascent chain has been linked to PRF. These findings raise the possibility that, in addition to RNA-mediated translational recoding, a variety of cotranslational folding and/ or binding events may also stimulate PRF.",
   "publish_time": "2020-01-16",
   "authors": [
      "Harrington, H. R.",
      "Zimmer, M. H.",
      "Chamness, L. M.",
      "Nash, V.",
      "Penn, W. D.",
      "Miller, T. F.",
      "Mukhopadhyay, S.",
      "Schlebach, J. P."
   ],
   "has_full_text": "True",
   "full_text_file": "biorxiv_medrxiv",
   "id": "https://doi.org/10.1101/790444",
   "fhir_link": [
      "bioRxiv-medRxiv/Composition/7837a1b529936ac78b802e41daa73ddab8bfc41a"
   ]
}