{
   "sha": "30b5c7b8faf95265f67ae59f4686eaf9b2772893",
   "source_x": "medrxiv",
   "title": "Estimated effectiveness of traveller screening to prevent international spread of 2019 novel coronavirus (2019-nCoV)",
   "doi": "10.1101/2020.01.28.20019224",
   "license": "medrvix",
   "abstract": "Traveller screening is being used to limit further global spread of 2019 novel coronavirus (nCoV) following its recent emergence. Here, we analyze the expected impact of different travel screening programs given remaining uncertainty around the values of key nCoV life history and epidemiological parameters. Even under best-case assumptions, we estimate that screening will miss around half of infected travellers. Breaking down the factors leading to screening successes and failures, we find that most cases missed by screening are fundamentally undetectable, because they have not yet developed symptoms and are unaware they were exposed. These findings emphasize the need for measures to track travellers who become ill after being missed by a travel screening program. We make our model available for interactive use so stakeholders can explore scenarios of interest using the most up-to-date information. We hope these findings contribute to evidence-based policy to combat the spread of nCoV, and to prospective planning to mitigate future emerging pathogens.",
   "publish_time": "2020-01-30",
   "authors": [
      "Katelyn Gostic",
      "Ana C. R. Gomez",
      "Riley O. Mummah",
      "Adam J. Kucharski",
      "James O. Lloyd-Smith"
   ],
   "has_full_text": "True",
   "full_text_file": "biorxiv_medrxiv",
   "id": "https://doi.org/10.1101/2020.01.28.20019224",
   "fhir_link": [
      "bioRxiv-medRxiv/Composition/30b5c7b8faf95265f67ae59f4686eaf9b2772893"
   ]
}