{
   "sha": "3b181a741d4beafda3ba3a8fc68239493d49f6aa",
   "source_x": "medrxiv",
   "title": "Estimation of local novel coronavirus (COVID-19) cases in Wuhan, China from off-site reported cases and population flow data from different sources",
   "doi": "10.1101/2020.03.02.20030080",
   "license": "medrvix",
   "abstract": "Backgrounds: In December 2019, a novel coronavirus (COVID-19) pneumonia hit Wuhan, Hubei Province, China and spread to the rest of China and overseas. The emergence of this virus coincided with the Spring Festival Travel Rush in China. It is possible to estimate total number of cases of COVID-19 in Wuhan, by 23 January 2020, given the cases reported in other cities and population flow data between cities. Methods: We built a model to estimate the total number of cases in Wuhan by 23 January 2020, based on the number of cases detected outside Wuhan city in China, with the assumption that if the same screening effort used in other cities applied in Wuhan. We employed population flow data from different sources between Wuhan and other cities/regions by 23 January 2020. The number of total cases was determined by the maximum log likelihood estimation. Findings: From overall cities/regions data, we predicted 1326 (95% CI: 1177, 1484), 1151 (95% CI: 1018, 1292) and 5277 (95% CI: 4732, 5859) as total cases in Wuhan by 23 January 2020, based on different source of data from Changjiang Daily newspaper, Tencent, and Baidu. From separate cities/regions data, we estimated 1059 (95% CI: 918, 1209), 5214 (95% CI: 4659, 5808) as total cases in Wuhan in Wuhan by 23 January 2020, based on different sources of population flow data from Tencent and Baidu. Conclusion: Sources of population follow data and methods impact the estimates of local cases in Wuhan before city lock down. Keyword: COVID-19; mobility; pneumonia; transportation; outbreaks",
   "publish_time": "2020-03-02",
   "authors": [
      "Zian Zhuang",
      "Peihua Cao",
      "Shi Zhao",
      "Yijun Lou",
      "Weiming Wang",
      "Shu Yang",
      "Lin Yang",
      "Daihai He"
   ],
   "has_full_text": "True",
   "full_text_file": "biorxiv_medrxiv",
   "id": "https://doi.org/10.1101/2020.03.02.20030080",
   "fhir_link": [
      "bioRxiv-medRxiv/Composition/3b181a741d4beafda3ba3a8fc68239493d49f6aa"
   ]
}