{
   "sha": "b579c3547bba2a33057373d57b7c05f37dd4cfc3",
   "source_x": "medrxiv",
   "title": "Evaluation of Enzyme-Linked Immunoassay and Colloidal Gold- Immunochromatographic Assay Kit for Detection of Novel Coronavirus (SARS-Cov-2) Causing an Outbreak of Pneumonia (COVID-19)",
   "doi": "10.1101/2020.02.27.20028787",
   "license": "medrvix",
   "abstract": "Abstract BACKGROUND: In December 2019, a novel coronavirus (SARS-CoV-2) infected pneumonia (COVID-19) occurred in Wuhan, China. Travel-associated cases have also been reported in other countries. The number of cases has increased rapidly but laboratory diagnosis is limited. METHODS: We collect two groups of cases diagnosed with COVID-19 for experiments. One group collected 63 samples for Enzyme-linked immunosorbent assay (ELISA) IgG and IgM antibodies. The other group collected 91 plasma samples for colloidal gold-immunochromatographic assay (GICA). RESULTS: The sensitivity of the combined ELISA IgM and ELISA IgG detection was 55/63 ( 87.3%), The sensitivity of the combined GICA IgM and GICA IgG detection was 75/91 ( 82.4%), Both methods are negative for healthy controls, specificity of 100% .There is no significant difference between the sensitivity of between ELISA and GICA (IgM+ IgG). CONCLUSIONS: ELISA and GICA for specific IgM and IgG antibodies are conventional serological assays, they are simple, fast, and safe, the results can be used for clinical reference, and the huge clinical diagnosis and treatment pressure can be greatly relieved.",
   "publish_time": "2020-03-01",
   "authors": [
      "Jie Xiang",
      "Mingzhe Yan",
      "Hongze Li",
      "Ting Liu",
      "Chenyao Lin",
      "Shuang Huang",
      "Changxin Shen"
   ],
   "has_full_text": "True",
   "full_text_file": "biorxiv_medrxiv",
   "id": "https://doi.org/10.1101/2020.02.27.20028787",
   "fhir_link": [
      "bioRxiv-medRxiv/Composition/b579c3547bba2a33057373d57b7c05f37dd4cfc3"
   ]
}