{
   "sha": "ca88735399ff43d0e673876200655099f06f5567",
   "source_x": "medrxiv",
   "title": "Ascertainment rate of novel coronavirus disease (COVID-19) in Japan",
   "doi": "10.1101/2020.03.09.20033183",
   "license": "medrvix",
   "abstract": "We analyzed the epidemiological dataset of confirmed cases with COVID-19 in Japan as of 28 February 2020 and estimated the number of severe and non-severe cases, accounting for under-ascertainment. The ascertainment rate of non-severe cases was estimated at 0.44 (95% confidence interval: 0.37, 0.50), indicating that unbiased number of non-cases would be more than twice the reported count. Severe cases are twice more likely diagnosed and reported than other cases.",
   "publish_time": "2020-03-10",
   "authors": [
      "Ryosuke Omori",
      "Kenji Mizumoto",
      "Hiroshi Nishiura"
   ],
   "has_full_text": "True",
   "full_text_file": "biorxiv_medrxiv",
   "id": "https://doi.org/10.1101/2020.03.09.20033183",
   "fhir_link": [
      "bioRxiv-medRxiv/Composition/ca88735399ff43d0e673876200655099f06f5567"
   ]
}