{
   "sha": "72ee29ea11ac17bebba99d14a84950affea08777",
   "source_x": "Elsevier",
   "title": "Comparative in vivo analysis of the nsp15 endoribonuclease of murine, porcine and severe acute respiratory syndrome coronaviruses",
   "doi": "10.1016/j.virusres.2012.05.006",
   "pmcid": "PMC3539826",
   "license": "els-covid",
   "abstract": "Abstract The purpose of this study was to compare the biochemical and biological properties of nonstructural protein (nsp) 15 among mouse hepatitis virus (MHV), severe acute respiratory syndrome coronavirus (SARS-CoV) and transmissible gastroenteritis virus (TGEV) in virus-infected and ectopically expressed cells. In virus-infected cells, MHV nsp15 distributed unevenly throughout the cytoplasm but predominantly in the perinuclear region. When expressed as N-terminal enhanced green fluorescence protein (EGFP) fusion, it predominantly formed speckles in the cytoplasm. In contrast, SARS-CoV and TGEV EGFP-nsp15s distributed smoothly in the whole cell and did not form speckles. Deletion mapping experiments identified two domains responsible for the speckle formation in MHV EGFP-nsp15: Domain I (aa101\u2013150) and Domain III (aa301\u2013374). Interestingly, Domain II (aa151\u2013250) had an inhibitory effect on Domain III- but not on Domain I-mediated speckle formation. Expression of a small (35aa) sequence in Domain III alone was sufficient to form speckles for all 3 viral nsp15s. However, addition of surrounding sequences in Domain III abolished the speckle formation for TGEV nsp15 but not for MHV and SARS-CoV nsp15s. Further domain swapping experiments uncovered additional speckle-inducing and -suppressive elements in nsp15s of SARS-CoV and TGEV. Homotypic interaction involving Domain III of MHV nsp15 was further demonstrated biochemically. Moreover, the biological functions of the expressed nsp15s were assessed in MHV-infected cells. It was found that the effects of EGFP-nsp15s on MHV replication were both virus species- and nsp15 domain-dependent. Collectively these results thus underscore the differential biochemical and biological functions among the nsp15s of MHV, TGEV and SARS-CoV in host cells.",
   "publish_time": "2012-08-31",
   "authors": [
      "Cao, Jianzhong",
      "Zhang, Xuming"
   ],
   "journal": "Virus Research",
   "has_full_text": "True",
   "full_text_file": "custom_license",
   "id": "https://doi.org/10.1016/j.virusres.2012.05.006",
   "pubtator": "PMC3539826",
   "fhir_link": [
      "PMC/Composition/72ee29ea11ac17bebba99d14a84950affea08777"
   ]
}