{
   "sha": "7404ea79a88b498667ba682ed3cce74c0a2e85f8",
   "source_x": "Elsevier",
   "title": "Clinical features and dynamics of viral load in imported and non-imported patients with COVID-19",
   "doi": "10.1016/j.ijid.2020.03.022",
   "license": "els-covid",
   "abstract": "Abstract Objectives To compare the clinical characteristics and the dynamics of viral load between the imported and non-imported patients with COVID-19. Design and methods Data from 51 laboratory-confirmed patients were retrospectively analyzed. Results The incubation period in the tertiary group was longer than that in the imported and secondary groups (both P < 0.05). Fever was the most common symptom at the onset of illness (73.33%, 58.82%, and 68.42%, respectively), and half of the patients had a low-grade temperature (<38.0\u2103) with a short duration of fever (<7 days). The CT scan showed that most patients had bilateral pneumonia in the three groups (80.00%, 76.47%, and 73.68%, respectively). Ct values detected from the tertiary patients were similar to those from the imported and secondary groups at the time of admission (both P > 0.05). For the tertiary group, the viral load was undetectable for half of the patients (52.63%) on day 7, and all patients on day 14. For 1/3rd of the patients in the imported and secondary groups, the viral load remained positive on day 14 after the admission. Conclusions COVID-19 can present as pneumonia with less onset of symptoms, and the infectivity of SARS-CoV2 may gradually decrease in the tertiary patients.",
   "publish_time": "2020-03-14",
   "authors": [
      "Xu, Tianmin",
      "Chen, Cong",
      "Zhu, Zhen",
      "Cui, Manman",
      "Chen, Chunhua",
      "Dai, Hong",
      "Xue, Yuan"
   ],
   "journal": "International Journal of Infectious Diseases",
   "WHO #Covidence": "#8529",
   "has_full_text": "True",
   "full_text_file": "custom_license",
   "id": "https://doi.org/10.1016/j.ijid.2020.03.022",
   "fhir_link": [
      "PMC/Composition/7404ea79a88b498667ba682ed3cce74c0a2e85f8"
   ]
}