{
   "sha": "206121388211d800150c316cd04daeaec547032b; d64f2458851579ca8041d557f759eb0f8d515d6c",
   "source_x": "PMC",
   "title": "Differential transcriptional responses to Ebola and Marburg virus infection in bat and human cells",
   "doi": "10.1038/srep34589",
   "pmcid": "PMC5054393",
   "pubmed_id": "27713552",
   "license": "cc-by",
   "abstract": "The unprecedented outbreak of Ebola in West Africa resulted in over 28,000 cases and 11,000 deaths, underlining the need for a better understanding of the biology of this highly pathogenic virus to develop specific counter strategies. Two filoviruses, the Ebola and Marburg viruses, result in a severe and often fatal infection in humans. However, bats are natural hosts and survive filovirus infections without obvious symptoms. The molecular basis of this striking difference in the response to filovirus infections is not well understood. We report a systematic overview of differentially expressed genes, activity motifs and pathways in human and bat cells infected with the Ebola and Marburg viruses, and we demonstrate that the replication of filoviruses is more rapid in human cells than in bat cells. We also found that the most strongly regulated genes upon filovirus infection are chemokine ligands and transcription factors. We observed a strong induction of the JAK/STAT pathway, of several genes encoding inhibitors of MAP kinases (DUSP genes) and of PPP1R15A, which is involved in ER stress-induced cell death. We used comparative transcriptomics to provide a data resource that can be used to identify cellular responses that might allow bats to survive filovirus infections.",
   "publish_time": "2016 Oct 7",
   "authors": [
      "H\u00f6lzer, Martin",
      "Kr\u00e4hling, Verena",
      "Amman, Fabian",
      "Barth, Emanuel",
      "Bernhart, Stephan H.",
      "Carmelo, Victor A. O.",
      "Collatz, Maximilian",
      "Doose, Gero",
      "Eggenhofer, Florian",
      "Ewald, Jan",
      "Fallmann, J\u00f6rg",
      "Feldhahn, Lasse M.",
      "Fricke, Markus",
      "Gebauer, Juliane",
      "Gruber, Andreas J.",
      "Hufsky, Franziska",
      "Indrischek, Henrike",
      "Kanton, Sabina",
      "Linde, J\u00f6rg",
      "Mostajo, Nelly",
      "Ochsenreiter, Roman",
      "Riege, Konstantin",
      "Rivarola-Duarte, Lorena",
      "Sahyoun, Abdullah H.",
      "Saunders, Sita J.",
      "Seemann, Stefan E.",
      "Tanzer, Andrea",
      "Vogel, Bertram",
      "Wehner, Stefanie",
      "Wolfinger, Michael T.",
      "Backofen, Rolf",
      "Gorodkin, Jan",
      "Grosse, Ivo",
      "Hofacker, Ivo",
      "Hoffmann, Steve",
      "Kaleta, Christoph",
      "Stadler, Peter F.",
      "Becker, Stephan",
      "Marz, Manja"
   ],
   "journal": "Sci Rep",
   "has_full_text": "True",
   "full_text_file": "comm_use_subset",
   "id": "https://doi.org/10.1038/srep34589",
   "pubtator": "PMC5054393",
   "fhir_link": [
      "Commercial/Composition/206121388211d800150c316cd04daeaec547032b",
      "Commercial/Composition/d64f2458851579ca8041d557f759eb0f8d515d6c"
   ]
}