{
   "sha": "a3b5e995f19fca615af9084f08e562b563a74085; 21a19241ff8c8602a9cd610ceea62e746a6493e2",
   "source_x": "PMC",
   "title": "Impact of isolation on hospitalised patients who are infectious: systematic review with meta-analysis",
   "doi": "10.1136/bmjopen-2019-030371",
   "pmcid": "PMC7044903",
   "pubmed_id": "32075820",
   "license": "cc-by-nc",
   "abstract": "OBJECTIVE: To systematically review the literature exploring the impact of isolation on hospitalised patients who are infectious: psychological and non-psychological outcomes. DESIGN: Systematic review with meta-analysis. DATA SOURCES: Embase, Medline and PsycINFO were searched from inception until December 2018. Reference lists and Google Scholar were also handsearched. RESULTS: Twenty-six papers published from database inception to December 2018 were reviewed. A wide range of psychological and non-psychological outcomes were reported. There was a marked trend for isolated patients to exhibit higher levels of depression, the pooled standardised mean difference being 1.28 (95% CI 0.47 to 2.09) and anxiety 1.45 (95% CI 0.56 to 2.34), although both had high levels of heterogeneity, and worse outcomes for a range of care-related factors but with significant variation. CONCLUSION: The review indicates that isolation to contain the risk of infection has negative consequences for segregated patients. Although strength of the evidence is weak, comprising primarily single-centre convenience samples, consistency of the effects may strengthen this conclusion. More research needs to be undertaken to examine this relationship and develop and test interventions to reduce the negative effects of isolation.",
   "publish_time": "2020 Feb 18",
   "authors": [
      "Purssell, Edward",
      "Gould, Dinah",
      "Chudleigh, Jane"
   ],
   "journal": "BMJ Open",
   "has_full_text": "True",
   "full_text_file": "noncomm_use_subset",
   "id": "https://doi.org/10.1136/bmjopen-2019-030371",
   "pubtator": "PMC7044903",
   "fhir_link": [
      "Non-comercial/Composition/a3b5e995f19fca615af9084f08e562b563a74085",
      "Non-comercial/Composition/21a19241ff8c8602a9cd610ceea62e746a6493e2"
   ]
}