{
   "source_x": "Elsevier",
   "title": "Proteomics and genomics: perspectives on drug and target discovery",
   "doi": "10.1016/j.cbpa.2008.02.016",
   "pmcid": "PMC2386992",
   "license": "els-covid",
   "publish_time": "2008-02-29",
   "authors": [
      "Ahn, Natalie G",
      "Wang, Andrew H-J"
   ],
   "journal": "Current Opinion in Chemical Biology",
   "has_full_text": "False",
   "full_text_file": "custom_license",
   "id": "https://doi.org/10.1016/j.cbpa.2008.02.016",
   "pubtator": "PMC2386992"
}