{
   "sha": "8ab598acacefc034a59ae01580fdf29bcf853234",
   "source_x": "Elsevier",
   "title": "The SARS-CoV-2 outbreak: what we know",
   "doi": "10.1016/j.ijid.2020.03.004",
   "license": "els-covid",
   "abstract": "Abstract There is a current worldwide outbreak of the novel coronavirus Covid-19 (coronavirus disease 2019; the pathogen called SARS-CoV-2; previously 2019-nCoV), which originated from Wuhan in China and has now spread to 6 continents including 66 countries, as of 24:00 on March 2, 2020. Governments are under increased pressure to stop the outbreak spiraling into a global health emergency. At this stage, preparedness, transparency, and sharing of information are crucial to risk assessments and beginning outbreak control activities. This information should include reports from outbreak site and from laboratories supporting the investigation. This paper aggregates and consolidates the epidemiology, clinical manifestations, diagnosis, treatments and preventions of this new type of coronavirus.",
   "publish_time": "2020-03-12",
   "authors": [
      "Wu, Di",
      "Wu, Tiantian",
      "Liu, Qun",
      "Yang, Zhicong"
   ],
   "journal": "International Journal of Infectious Diseases",
   "WHO #Covidence": "#8141",
   "has_full_text": "True",
   "full_text_file": "custom_license",
   "id": "https://doi.org/10.1016/j.ijid.2020.03.004",
   "fhir_link": [
      "PMC/Composition/8ab598acacefc034a59ae01580fdf29bcf853234"
   ]
}