{
   "sha": "1def8ad331846189cf9fba19c042c7dd9f8ce38b",
   "source_x": "Elsevier",
   "title": "Practical experiences and suggestions on the eagle-eyed observer, a novel promising role for controlling nosocomial infection of the COVID-19 outbreak",
   "doi": "10.1016/j.jhin.2020.02.020",
   "license": "els-covid",
   "publish_time": "2020-03-03",
   "authors": [
      "Peng, Jianhui",
      "Ren, Nina",
      "Wang, Mingke",
      "Zhang, Gangqing"
   ],
   "journal": "Journal of Hospital Infection",
   "Microsoft Academic Paper ID": "2093686886",
   "WHO #Covidence": "#4477",
   "has_full_text": "True",
   "full_text_file": "custom_license",
   "id": "https://doi.org/10.1016/j.jhin.2020.02.020",
   "fhir_link": [
      "PMC/Composition/1def8ad331846189cf9fba19c042c7dd9f8ce38b"
   ]
}