{
   "sha": "60e51d3d13b027492b9f3b8693c58dd8b5385ada",
   "source_x": "CZI",
   "title": "Novel coronavirus infection during the 2019\u20132020 epidemic: preparing intensive care units\u2014the experience in Sichuan Province, China",
   "doi": "10.1007/s00134-020-05954-2",
   "pmcid": "PMC7042184",
   "pubmed_id": "32025779",
   "license": "cc-by-nc",
   "abstract": "Novel coronavirus infection special intensive care team We set up a special emergency multi-disciplinary intensive care team to discuss the problems that we might encounter and countermeasures. Team members include intensive care unit (ICU) physician, infectious disease physician, nurse, respiratory therapist, nosocomial infection control expert, and administrative staff. We first evaluated the isolation conditions and the capacity of our department to admit a larger number of patients. Second, we specified the protection levels for different types of health care activities. Third, we assigned special work such as patient screening, consultation, and transfer to designated staff to minimize the number of health workers who had contact with patients with nCoV infection.ID - LiaoER -",
   "publish_time": "2020",
   "authors": [
      "Liao, Xuelian",
      "Wang, Bo",
      "Kang, Yan"
   ],
   "journal": "Intensive Care Medicine",
   "WHO #Covidence": "#305",
   "has_full_text": "True",
   "full_text_file": "noncomm_use_subset",
   "id": "https://doi.org/10.1007/s00134-020-05954-2",
   "pubtator": "PMC7042184",
   "fhir_link": [
      "Non-comercial/Composition/60e51d3d13b027492b9f3b8693c58dd8b5385ada"
   ]
}