{
   "sha": "c9f97759dfaf6a968e6528458e6a5533029d451d",
   "source_x": "Elsevier",
   "title": "SARS-CoV-2 Cell Entry Depends on ACE2 and TMPRSS2 and Is Blocked by a Clinically Proven Protease Inhibitor",
   "doi": "10.1016/j.cell.2020.02.052",
   "license": "els-covid",
   "abstract": "Summary The recent emergence of the novel, pathogenic SARS-coronavirus 2 (SARS-CoV-2) in China and its rapid national and international spread pose a global health emergency. Cell entry of coronaviruses depends on binding of the viral spike (S) proteins to cellular receptors and on S protein priming by host cell proteases. Unravelling which cellular factors are used by SARS-CoV-2 for entry might provide insights into viral transmission and reveal therapeutic targets. Here, we demonstrate that SARS-CoV-2 uses the SARS-CoV receptor ACE2 for entry and the serine protease TMPRSS2 for S protein priming. A TMPRSS2 inhibitor approved for clinical use blocked entry and might constitute a treatment option. Finally, we show that the sera from convalescent SARS patients cross-neutralized SARS-2-S-driven entry. Our results reveal important commonalities between SARS-CoV-2 and SARS-CoV infection and identify a potential target for antiviral intervention.",
   "publish_time": "2020-03-05",
   "authors": [
      "Hoffmann, Markus",
      "Kleine-Weber, Hannah",
      "Schroeder, Simon",
      "Kr\u00fcger, Nadine",
      "Herrler, Tanja",
      "Erichsen, Sandra",
      "Schiergens, Tobias S.",
      "Herrler, Georg",
      "Wu, Nai-Huei",
      "Nitsche, Andreas",
      "M\u00fcller, Marcel A.",
      "Drosten, Christian",
      "P\u00f6hlmann, Stefan"
   ],
   "journal": "Cell",
   "Microsoft Academic Paper ID": "3006448444",
   "WHO #Covidence": "#4561",
   "has_full_text": "True",
   "full_text_file": "custom_license",
   "id": "https://doi.org/10.1016/j.cell.2020.02.052",
   "fhir_link": [
      "PMC/Composition/c9f97759dfaf6a968e6528458e6a5533029d451d"
   ]
}