{
   "source_x": "Elsevier",
   "title": "Correction to Lancet Infect Dis 2020; published online Feb 18. https://doi.org/10.1016/S1473-3099(20)30111-0",
   "doi": "10.1016/S1473-3099(20)30128-6",
   "license": "els-covid",
   "abstract": "Cuong LV, Giang HTN, Linh LC, et al. The first Vietnamese case of COVID-19 acquired from China. Lancet Infectious Diseases 2020; published online Feb 18. https://doi.org/10.1016/S1473-3099(20)30111-0\u2014In this Letter, parts A and B in the figure were labelled the wrong way around. This correction has been made to the online version as of Feb 24, 2020, and will be made to the printed version.",
   "publish_time": "2020-02-24",
   "journal": "The Lancet Infectious Diseases",
   "Microsoft Academic Paper ID": "2604173926",
   "WHO #Covidence": "#2034",
   "has_full_text": "False",
   "full_text_file": "custom_license",
   "id": "https://doi.org/10.1016/S1473-3099(20)30128-6"
}