{
   "sha": "05a3101918abeee449871529fb0b788dd90df479; 26b43aa70c7a8314456956b5ada051dc6807dc56",
   "source_x": "PMC",
   "title": "Optimal design and validation of antiviral siRNA for targeting HIV-1",
   "doi": "10.1186/1742-4690-4-80",
   "pmcid": "PMC2204037",
   "pubmed_id": "17996047",
   "license": "cc-by",
   "abstract": "We propose rational designing of antiviral short-interfering RNA (siRNA) targeting highly divergent HIV-1. In this study, conserved regions within HIV-1 genomes were identified through an exhaustive computational analysis, and the functionality of siRNAs targeting the highest possible conserved regions was validated. We present several promising antiviral siRNA candidates that effectively inhibited multiple subtypes of HIV-1 by targeting the best conserved regions in pandemic HIV-1 group M strains.",
   "publish_time": "2007 Nov 8",
   "authors": [
      "Naito, Yuki",
      "Nohtomi, Kyoko",
      "Onogi, Toshinari",
      "Uenishi, Rie",
      "Ui-Tei, Kumiko",
      "Saigo, Kaoru",
      "Takebe, Yutaka"
   ],
   "journal": "Retrovirology",
   "has_full_text": "True",
   "full_text_file": "comm_use_subset",
   "id": "https://doi.org/10.1186/1742-4690-4-80",
   "pubtator": "PMC2204037",
   "fhir_link": [
      "Commercial/Composition/05a3101918abeee449871529fb0b788dd90df479",
      "Commercial/Composition/26b43aa70c7a8314456956b5ada051dc6807dc56"
   ]
}