{
   "sha": "e4d53d6c63d62095343315894b1f882efe299f7d",
   "source_x": "CZI",
   "title": "Differential diagnosis of illness in patients under investigation for the novel coronavirus (SARS-CoV-2), Italy, February 2020",
   "doi": "10.2807/1560-7917.ES.2020.25.8.2000170",
   "pmcid": "PMC7055037",
   "pubmed_id": "32127123",
   "license": "cc-by",
   "abstract": "A novel coronavirus (SARS-CoV-2) has been identified as the causative pathogen of an ongoing outbreak of respiratory disease, now named COVID-19. Most cases and sustained transmission occurred in China, but travel-associated cases have been reported in other countries, including Europe and Italy. Since the symptoms are similar to other respiratory infections, differential diagnosis in travellers arriving from countries with wide-spread COVID-19 must include other more common infections such as influenza and other respiratory tract diseases.",
   "publish_time": "2020",
   "authors": [
      "Bordi, Licia",
      "Nicastri, Emanuele",
      "Scorzolini, Laura",
      "Caro, Antonino Di",
      "Capobianchi, Maria Rosaria",
      "Castilletti, Concetta",
      "Lalle, Eleonora",
      "group, on behalf of INMI COVID-19 study",
      "Centers2, Collaborating"
   ],
   "journal": "Eurosurveillance",
   "Microsoft Academic Paper ID": "2046423558",
   "WHO #Covidence": "#2677",
   "has_full_text": "True",
   "full_text_file": "comm_use_subset",
   "id": "https://doi.org/10.2807/1560-7917.ES.2020.25.8.2000170",
   "pubtator": "PMC7055037",
   "fhir_link": [
      "Commercial/Composition/e4d53d6c63d62095343315894b1f882efe299f7d"
   ]
}