{
   "sha": "9a2033ede81066df89e36488781dfd080b01a6e1",
   "source_x": "Elsevier",
   "title": "Evaluation of the human host range of bovine and porcine viruses that may contaminate bovine serum and porcine trypsin used in the manufacture of biological products",
   "doi": "10.1016/j.biologicals.2011.08.003",
   "pmcid": "PMC3206158",
   "pubmed_id": "22000165",
   "license": "els-covid",
   "abstract": "Abstract Current U.S. requirements for testing cell substrates used in production of human biological products for contamination with bovine and porcine viruses are U.S. Department of Agriculture (USDA) 9CFR tests for bovine serum or porcine trypsin. 9CFR requires testing of bovine serum for seven specific viruses in six families (immunofluorescence) and at least 2 additional families non-specifically (cytopathicity and hemadsorption). 9CFR testing of porcine trypsin is for porcine parvovirus. Recent contaminations suggest these tests may not be sufficient. Assay sensitivity was not the issue for these contaminations that were caused by viruses/virus families not represented in the 9CFR screen. A detailed literature search was undertaken to determine which viruses that infect cattle or swine or bovine or porcine cells in culture also have human host range [ability to infect humans or human cells in culture] and to predict their detection by the currently used 9CFR procedures. There are more viruses of potential risk to biological products manufactured using bovine or porcine raw materials than are likely to be detected by 9CFR testing procedures; even within families, not all members would necessarily be detected. Testing gaps and alternative methodologies should be evaluated to continue to ensure safe, high quality human biologicals.",
   "publish_time": "2011-11-30",
   "authors": [
      "Marcus-Sekura, Carol",
      "Richardson, James C.",
      "Harston, Rebecca K.",
      "Sane, Nandini",
      "Sheets, Rebecca L."
   ],
   "journal": "Biologicals",
   "has_full_text": "True",
   "full_text_file": "custom_license",
   "id": "https://doi.org/10.1016/j.biologicals.2011.08.003",
   "pubtator": "PMC3206158",
   "fhir_link": [
      "PMC/Composition/9a2033ede81066df89e36488781dfd080b01a6e1"
   ]
}