{
   "sha": "2987968dd174107e73553e42cfb276d91bed088c",
   "source_x": "Elsevier",
   "title": "Pathological manifestations of feline immunodeficiency virus (FIV) infection in wild African lions",
   "doi": "10.1016/j.virol.2009.04.011",
   "pmcid": "PMC2771374",
   "pubmed_id": "19464039",
   "license": "els-covid",
   "abstract": "Abstract Feline immunodeficiency virus (FIV) causes AIDS in the domestic cat (Felis catus) but has not been explicitly associated with AIDS pathology in any of the eight free-ranging species of Felidae that are endemic with circulating FIV strains. African lion (Panthera leo) populations are infected with lion-specific FIV strains (FIVple), yet there remains uncertainty about the degree to which FIV infection impacts their health. Reported CD4+ T-lymphocyte depletion in FIVple-infected lions and anecdotal reports of lion morbidity associated with FIV seroprevalence emphasize the concern as to whether FIVple is innocuous or pathogenic. Here we monitored clinical, biochemical, histological and serological parameters among FIVple-positive (N =47) as compared to FIVple-negative (N =17) lions anesthetized and sampled on multiple occasions between 1999 and 2006 in Botswana. Relative to uninfected lions, FIVple-infected lions displayed a significant elevation in the prevalence of AIDS-defining conditions: lymphadenopathy, gingivitis, tongue papillomas, dehydration, and poor coat condition, as well as displaying abnormal red blood cell parameters, depressed serum albumin, and elevated liver enzymes and gamma globulin. Spleen and lymph node biopsies from free-ranging FIVple-infected lions (N =9) revealed evidence of lymphoid depletion, the hallmark pathology documented in immunodeficiency virus infections of humans (HIV-1), macaques, and domestic cats. We conclude that over time FIVple infections in free-ranging lions can lead to adverse clinical, immunological, and pathological outcomes in some individuals that parallel sequelae caused by lentivirus infection in humans (HIV), Asian macaques (SIV) and domestic cats (FIVfca).",
   "publish_time": "2009-07-20",
   "authors": [
      "Roelke, Melody E.",
      "Brown, Meredith A.",
      "Troyer, Jennifer L.",
      "Winterbach, Hanlie",
      "Winterbach, Christiaan",
      "Hemson, Graham",
      "Smith, Dahlem",
      "Johnson, Randall C.",
      "Pecon-Slattery, Jill",
      "Roca, Alfred L.",
      "Alexander, Kathleen A.",
      "Klein, Lin",
      "Martelli, Paolo",
      "Krishnasamy, Karthiyani",
      "O'Brien, Stephen J."
   ],
   "journal": "Virology",
   "has_full_text": "True",
   "full_text_file": "custom_license",
   "id": "https://doi.org/10.1016/j.virol.2009.04.011",
   "pubtator": "PMC2771374",
   "fhir_link": [
      "PMC/Composition/2987968dd174107e73553e42cfb276d91bed088c"
   ]
}