{
   "source_x": "Elsevier",
   "title": "Open access epidemiological data from the COVID-19 outbreak",
   "doi": "10.1016/S1473-3099(20)30119-5",
   "pubmed_id": "32087115",
   "license": "els-covid",
   "publish_time": "2020-02-19",
   "authors": [
      "Xu, Bo",
      "Kraemer, Moritz U G",
      "Xu, Bo",
      "Gutierrez, Bernardo",
      "Mekaru, Sumiko",
      "Sewalk, Kara",
      "Loskill, Alyssa",
      "Wang, Lin",
      "Cohn, Emily",
      "Hill, Sarah",
      "Zarebski, Alexander",
      "Li, Sabrina",
      "Wu, Chieh-His",
      "Hulland, Erin",
      "Morgan, Julia",
      "Scarpino, Samuel",
      "Brownstein, John",
      "Pybus, Oliver",
      "Pigott, David",
      "Kraemer, Moritz"
   ],
   "journal": "The Lancet Infectious Diseases",
   "Microsoft Academic Paper ID": "3005879071",
   "WHO #Covidence": "#1450",
   "has_full_text": "False",
   "full_text_file": "custom_license",
   "id": "https://doi.org/10.1016/S1473-3099(20)30119-5"
}