{
   "sha": "736d5109d55feed08b21d5b95eff52f2e50eea59",
   "source_x": "PMC",
   "title": "Interference with the production of infectious viral particles and bimodal inhibition of replication are broadly conserved antiviral properties of IFITMs",
   "doi": "10.1371/journal.ppat.1006610",
   "pmcid": "PMC5619827",
   "pubmed_id": "28957419",
   "license": "cc-by",
   "abstract": "IFITMs are broad antiviral factors that block incoming virions in endosomal vesicles, protecting target cells from infection. In the case of HIV-1, we and others reported the existence of an additional antiviral mechanism through which IFITMs lead to the production of virions of reduced infectivity. However, whether this second mechanism of inhibition is unique to HIV or extends to other viruses is currently unknown. To address this question, we have analyzed the susceptibility of a broad spectrum of viruses to the negative imprinting of the virion particles infectivity by IFITMs. The results we have gathered indicate that this second antiviral property of IFITMs extends well beyond HIV and we were able to identify viruses susceptible to the three IFITMs altogether (HIV-1, SIV, MLV, MPMV, VSV, MeV, EBOV, WNV), as well as viruses that displayed a member-specific susceptibility (EBV, DUGV), or were resistant to all IFITMs (HCV, RVFV, MOPV, AAV). The swapping of genetic elements between resistant and susceptible viruses allowed us to point to specificities in the viral mode of assembly, rather than glycoproteins as dominant factors of susceptibility. However, we also show that, contrarily to X4-, R5-tropic HIV-1 envelopes confer resistance against IFITM3, suggesting that viral receptors add an additional layer of complexity in the IFITMs-HIV interplay. Lastly, we show that the overall antiviral effects ascribed to IFITMs during spreading infections, are the result of a bimodal inhibition in which IFITMs act both by protecting target cells from incoming viruses and in driving the production of virions of reduced infectivity. Overall, our study reports for the first time that the negative imprinting of the virion particles infectivity is a conserved antiviral property of IFITMs and establishes IFITMs as a paradigm of restriction factor capable of interfering with two distinct phases of a virus life cycle.",
   "publish_time": "2017 Sep 28",
   "authors": [
      "Tartour, Kevin",
      "Nguyen, Xuan-Nhi",
      "Appourchaux, Romain",
      "Assil, Sonia",
      "Barateau, V\u00e9ronique",
      "Bloyet, Louis-Marie",
      "Burlaud Gaillard, Julien",
      "Confort, Marie-Pierre",
      "Escudero-Perez, Beatriz",
      "Gruffat, Henri",
      "Hong, Saw See",
      "Moroso, Marie",
      "Reynard, Olivier",
      "Reynard, St\u00e9phanie",
      "Decembre, Elodie",
      "Ftaich, Najate",
      "Rossi, Axel",
      "Wu, Nannan",
      "Arnaud, Fr\u00e9d\u00e9rick",
      "Baize, Sylvain",
      "Dreux, Marl\u00e8ne",
      "Gerlier, Denis",
      "Paranhos-Baccala, Glaucia",
      "Volchkov, Viktor",
      "Roingeard, Philippe",
      "Cimarelli, Andrea"
   ],
   "journal": "PLoS Pathog",
   "has_full_text": "True",
   "full_text_file": "comm_use_subset",
   "id": "https://doi.org/10.1371/journal.ppat.1006610",
   "pubtator": "PMC5619827",
   "fhir_link": [
      "Commercial/Composition/736d5109d55feed08b21d5b95eff52f2e50eea59"
   ]
}