{
   "sha": "722ca4034c5fddaf08bb1c3a997b3256e92fabbb",
   "source_x": "Elsevier",
   "title": "Intratracheal exposure of common marmosets to MERS-CoV Jordan-n3/2012 or MERS-CoV EMC/2012 isolates does not result in lethal disease",
   "doi": "10.1016/j.virol.2015.07.013",
   "pmcid": "PMC5001852",
   "pubmed_id": "26342468",
   "license": "els-covid",
   "abstract": "Abstract Middle East Respiratory Syndrome Coronavirus (MERS-CoV) continues to be a threat to human health in the Middle East. Development of countermeasures is ongoing; however, an animal model that faithfully recapitulates human disease has yet to be defined. A recent study indicated that inoculation of common marmosets resulted in inconsistent lethality. Based on these data we sought to compare two isolates of MERS-CoV. We followed disease progression in common marmosets after intratracheal exposure with: MERS-CoV-EMC/2012, MERS-CoV-Jordan-n3/2012, media, or inactivated virus. Our data suggest that common marmosets developed a mild to moderate non-lethal respiratory disease, which was quantifiable by computed tomography (CT), with limited other clinical signs. Based on CT data, clinical data, and virological data, MERS-CoV inoculation of common marmosets results in mild to moderate clinical signs of disease that are likely due to manipulations of the marmoset rather than as a result of robust viral replication.",
   "publish_time": "2015-11-30",
   "authors": [
      "Johnson, Reed F.",
      "Via, Laura E.",
      "Kumar, Mia R.",
      "Cornish, Joseph P.",
      "Yellayi, Srikanth",
      "Huzella, Louis",
      "Postnikova, Elena",
      "Oberlander, Nicholas",
      "Bartos, Christopher",
      "Ork, Britini L.",
      "Mazur, Steven",
      "Allan, Cindy",
      "Holbrook, Michael R.",
      "Solomon, Jeffrey",
      "Johnson, Joshua C.",
      "Pickel, James",
      "Hensley, Lisa E.",
      "Jahrling, Peter B."
   ],
   "journal": "Virology",
   "has_full_text": "True",
   "full_text_file": "custom_license",
   "id": "https://doi.org/10.1016/j.virol.2015.07.013",
   "pubtator": "PMC5001852",
   "fhir_link": [
      "PMC/Composition/722ca4034c5fddaf08bb1c3a997b3256e92fabbb"
   ]
}