{
   "sha": "a3b2e28fa4700e4625dc4e22fdd14d7a272fc961",
   "source_x": "Elsevier",
   "title": "Interaction of a Specific Population of Human Embryonic Stem Cell\u2013Derived Progenitor Cells with CD11b+ Cells Ameliorates Sepsis-Induced Lung Inflammatory Injury",
   "doi": "10.1016/j.ajpath.2010.09.041",
   "pmcid": "PMC3069906",
   "license": "els-covid",
   "abstract": "Human embryonic stem cells differentiated under mesoderm-inducing conditions have important therapeutic properties in sepsis-induced lung injury in mice. Single cell suspensions obtained from day 7 human embryoid bodies (d7EBs) injected i.v. 1 hour after cecal ligation and puncture significantly reduced lung inflammation and edema as well as production of tumor necrosis factor-\u03b1 and interferon-\u03b3 in lungs compared with controls, whereas interleukin-10 production remained elevated. d7EB cell transplantation also reduced mortality to 50% from 90% in the control group. The protection was ascribed to d7EB cell interaction with lung resident CD11b+ cells, and was correlated with the ability of d7EB cells to reduce it also reduced production of proinflammatory cytokines by CD11+ cells, and to endothelial NO synthase\u2013derived NO by d7EB cells, leading to inhibition of inducible macrophage-type NO synthase activation in CD11b+ cells. The protective progenitor cells were positive for the endothelial and hematopoietic lineage marker angiotensin converting enzyme (ACE). Only the ACE+ fraction modulated the proinflammatory profile of CD11b+ cells and reduced mortality in septic mice. In contrast to the nonprotective ACE-cell fraction, the ACE+ cell fraction also produced NO. These findings suggest that an ACE+ subset of human embryonic stem cell\u2013derived progenitor cells has a highly specialized anti-inflammatory function that ameliorates sepsis-induced lung inflammation and reduces mortality.",
   "publish_time": "2011-01-31",
   "authors": [
      "Toya, Sophie P.",
      "Li, Fei",
      "Bonini, Marcelo G.",
      "Gomez, Ignatius",
      "Mao, Mao",
      "Bachmaier, Kurt W.",
      "Malik, Asrar B."
   ],
   "journal": "The American Journal of Pathology",
   "has_full_text": "True",
   "full_text_file": "custom_license",
   "id": "https://doi.org/10.1016/j.ajpath.2010.09.041",
   "pubtator": "PMC3069906",
   "fhir_link": [
      "PMC/Composition/a3b2e28fa4700e4625dc4e22fdd14d7a272fc961"
   ]
}