{
   "sha": "2a648beb428af8df2d7134f44615e56fc2440dd9",
   "source_x": "Elsevier",
   "title": "Airway Memory CD4+ T Cells Mediate Protective Immunity against Emerging Respiratory Coronaviruses",
   "doi": "10.1016/j.immuni.2016.05.006",
   "pmcid": "PMC4917442",
   "pubmed_id": "27287409",
   "license": "els-covid",
   "abstract": "Summary Two zoonotic coronaviruses (CoVs)\u2014SARS-CoV and MERS-CoV\u2014have crossed species to cause severe human respiratory disease. Here, we showed that induction of airway memory CD4+ T cells specific for a conserved epitope shared by SARS-CoV and MERS-CoV is a potential strategy for developing pan-coronavirus vaccines. Airway memory CD4+ T cells differed phenotypically and functionally from lung-derived cells and were crucial for protection against both CoVs in mice. Protection was dependent on interferon-\u03b3 and required early induction of robust innate and virus-specific CD8+ T cell responses. The conserved epitope was also recognized in SARS-CoV- and MERS-CoV-infected human leukocyte antigen DR2 and DR3 transgenic mice, indicating potential relevance in human populations. Additionally, this epitope was cross-protective between human and bat CoVs, the progenitors for many human CoVs. Vaccine strategies that induce airway memory CD4+ T cells targeting conserved epitopes might have broad applicability in the context of new CoVs and other respiratory virus outbreaks.",
   "publish_time": "2016-06-21",
   "authors": [
      "Zhao, Jincun",
      "Zhao, Jingxian",
      "Mangalam, Ashutosh\u00a0K.",
      "Channappanavar, Rudragouda",
      "Fett, Craig",
      "Meyerholz, David\u00a0K.",
      "Agnihothram, Sudhakar",
      "Baric, Ralph\u00a0S.",
      "David, Chella\u00a0S.",
      "Perlman, Stanley"
   ],
   "journal": "Immunity",
   "has_full_text": "True",
   "full_text_file": "custom_license",
   "id": "https://doi.org/10.1016/j.immuni.2016.05.006",
   "pubtator": "PMC4917442",
   "fhir_link": [
      "PMC/Composition/2a648beb428af8df2d7134f44615e56fc2440dd9"
   ]
}