{
   "sha": "0e8f07d17aaa0e83209868716d79a4527952c0ba",
   "source_x": "PMC",
   "title": "MERS-CoV spillover at the camel-human interface",
   "doi": "10.7554/eLife.31257",
   "pmcid": "PMC5777824",
   "pubmed_id": "29336306",
   "license": "cc-by",
   "abstract": "Middle East respiratory syndrome coronavirus (MERS-CoV) is a zoonotic virus from camels causing significant mortality and morbidity in humans in the Arabian Peninsula. The epidemiology of the virus remains poorly understood, and while case-based and seroepidemiological studies have been employed extensively throughout the epidemic, viral sequence data have not been utilised to their full potential. Here, we use existing MERS-CoV sequence data to explore its phylodynamics in two of its known major hosts, humans and camels. We employ structured coalescent models to show that long-term MERS-CoV evolution occurs exclusively in camels, whereas humans act as a transient, and ultimately terminal host. By analysing the distribution of human outbreak cluster sizes and zoonotic introduction times, we show that human outbreaks in the Arabian peninsula are driven by seasonally varying zoonotic transfer of viruses from camels. Without heretofore unseen evolution of host tropism, MERS-CoV is unlikely to become endemic in humans.",
   "authors": [
      "Dudas, Gytis",
      "Carvalho, Luiz Max",
      "Rambaut, Andrew",
      "Bedford, Trevor"
   ],
   "journal": "eLife.; 7:e31257",
   "has_full_text": "True",
   "full_text_file": "comm_use_subset",
   "id": "https://doi.org/10.7554/eLife.31257",
   "pubtator": "PMC5777824",
   "fhir_link": [
      "Commercial/Composition/0e8f07d17aaa0e83209868716d79a4527952c0ba"
   ]
}