{
   "sha": "54ce6d742da5a2312aeea36c4d92f5fc0208538c",
   "source_x": "PMC",
   "title": "Severe Acute Respiratory Syndrome Epidemic in Asia",
   "doi": "10.3201/eid0912.030382",
   "pmcid": "PMC3034341",
   "pubmed_id": "14720403",
   "license": "no-cc",
   "abstract": "We analyzed the dynamics of cumulative severe acute respiratory syndrome (SARS) cases in Singapore, Hong Kong, and Beijing using the Richards model. The predicted total SARS incidence was close to the actual number of cases; the predicted cessation date was close to the lower limit of the 95% confidence interval.",
   "publish_time": "2003 Dec",
   "authors": [
      "Zhou, Guofa",
      "Yan, Guiyun"
   ],
   "journal": "Emerg Infect Dis",
   "has_full_text": "True",
   "full_text_file": "custom_license",
   "id": "https://doi.org/10.3201/eid0912.030382",
   "pubtator": "PMC3034341",
   "fhir_link": [
      "PMC/Composition/54ce6d742da5a2312aeea36c4d92f5fc0208538c"
   ]
}