{
   "sha": "fc8d3fb52dee4d49c606650486461f71f313d02c",
   "source_x": "PMC",
   "title": "Novel Parvovirus Related to Primate Bufaviruses in Dogs",
   "doi": "10.3201/eid2406.171965",
   "pmcid": "PMC6004837",
   "pubmed_id": "29774829",
   "license": "no-cc",
   "abstract": "A novel protoparvovirus species, related genetically to human bufaviruses, was identified in dogs with respiratory signs. The canine bufavirus was distantly related to the well-known canine protoparvovirus, canine parvovirus type 2, sharing low amino acid identities in the nonstructural protein 1 (40.6%) and in the capsid protein 1 (33.4%). By screening collections of fecal, nasal, and oropharyngeal samples obtained from juvenile dogs (<1 year of age), canine bufavirus DNA appeared as a common component of canine virome. The virus was common in the stool samples of dogs with or without enteric disease and in the nasal and oropharyngeal swab samples of dogs with respiratory signs. However, the virus was not detected in nasal and oropharyngeal swab samples from animals without clinical signs.",
   "publish_time": "2018 Jun",
   "authors": [
      "Martella, Vito",
      "Lanave, Gianvito",
      "Mihalov-Kov\u00e1cs, Eszter",
      "Marton, Szilvia",
      "Varga-Kugler, Ren\u00e1ta",
      "Kaszab, Eszter",
      "Di Martino, Barbara",
      "Camero, Michele",
      "Decaro, Nicola",
      "Buonavoglia, Canio",
      "B\u00e1nyai, Kriszti\u00e1n"
   ],
   "journal": "Emerg Infect Dis",
   "has_full_text": "True",
   "full_text_file": "custom_license",
   "id": "https://doi.org/10.3201/eid2406.171965",
   "pubtator": "PMC6004837",
   "fhir_link": [
      "PMC/Composition/fc8d3fb52dee4d49c606650486461f71f313d02c"
   ]
}