{
   "sha": "3091c2379554a10741a9481665acb5737830bb2a",
   "source_x": "Elsevier",
   "title": "Coronavirus infects and causes demyelination in primate central nervous system",
   "doi": "10.1016/0042-6822(92)90757-G",
   "pubmed_id": "1314455",
   "license": "els-covid",
   "abstract": "Abstract Two species of primates, Owl and African green monkeys, were inoculated intracerebrally with either the neurotropic mouse hepatitis virus JHM or the putative multiple sclerosis brain coronavirus isolate SD. These viruses caused an acute to subacute panencephalitis and/or demyelination in the infected animals. The course of pathogenesis and sites of detected viral RNA and antigen was dependent both on animal species and virus strain but the results clearly showed that these viruses replicated and disseminated in the central nervous system (CNS) of these primates. This study suggests that human CNS may be susceptible to coronavirus infection.",
   "publish_time": "1992-05-31",
   "authors": [
      "Murray, Ronald S.",
      "Cai, Guang-Yun",
      "Hoel, Kristen",
      "Zhang, J.-Y.",
      "Soike, Kenneth F.",
      "Cabirac, Gary F."
   ],
   "journal": "Virology",
   "has_full_text": "True",
   "full_text_file": "custom_license",
   "id": "https://doi.org/10.1016/0042-6822(92)90757-G",
   "fhir_link": [
      "PMC/Composition/3091c2379554a10741a9481665acb5737830bb2a"
   ]
}