{
   "sha": "719011222a3dd0642fb565e5f80fa03a184835eb",
   "source_x": "PMC",
   "title": "Characterization of a Novel RNA Virus Discovered in the Autumnal Moth Epirrita autumnata in Sweden",
   "doi": "10.3390/v9080214",
   "pmcid": "PMC5580471",
   "license": "cc-by",
   "abstract": "A novel, 10 kb RNA virus\u2014tentatively named \u2018Abisko virus\u2019\u2014was discovered in the transcriptome data of a diseased autumnal moth (Epirrita autumnata) larva, as part of a search for the possible causes of the cyclical nature and mortality associated with geometrid moth dynamics and outbreaks in northern Fennoscandia. Abisko virus has a genome organization similar to that of the insect-infecting negeviruses, but phylogenetic and compositional bias analyses also reveal strong affiliations with plant-infecting viruses, such that both the primary host origin and taxonomic identity of the virus remain in doubt. In an extensive set of larval, pupal, and adult autumnal moth and winter moth (Operophtera brumata) outbreak samples, the virus was only detected in a few adult E. autumnata moths as well as the single larval transcriptome. The Abisko virus is therefore unlikely to be a factor in the Fennoscandia geometrid population dynamics.",
   "publish_time": "2017 Aug 8",
   "authors": [
      "de Miranda, Joachim R.",
      "Hedman, Harald",
      "Onorati, Piero",
      "Stephan, J\u00f6rg",
      "Karlberg, Olof",
      "Bylund, Helena",
      "Terenius, Olle"
   ],
   "journal": "Viruses",
   "has_full_text": "True",
   "full_text_file": "comm_use_subset",
   "id": "https://doi.org/10.3390/v9080214",
   "pubtator": "PMC5580471",
   "fhir_link": [
      "Commercial/Composition/719011222a3dd0642fb565e5f80fa03a184835eb"
   ]
}