{
   "sha": "7258cb41c17d1cbb3e405607c1a742e8e5d5e445",
   "source_x": "Elsevier",
   "title": "46 Asthma in the Preschool-Age Child",
   "doi": "10.1016/B978-1-4377-1984-0.00046-2",
   "license": "els-covid",
   "publish_time": "2012-12-31",
   "authors": [
      "Weinberger, Miles",
      "Abu-Hasan, Mutasim"
   ],
   "journal": "Kendig & Chernick's Disorders of the Respiratory Tract in Children",
   "has_full_text": "True",
   "full_text_file": "custom_license",
   "id": "https://doi.org/10.1016/B978-1-4377-1984-0.00046-2",
   "fhir_link": [
      "PMC/Composition/7258cb41c17d1cbb3e405607c1a742e8e5d5e445"
   ]
}