{
   "sha": "57f7587c21f25f1d1542599749ad28af764cf8e6",
   "source_x": "PMC",
   "title": "Epidemiological shift and geographical heterogeneity in the burden of leptospirosis in China",
   "doi": "10.1186/s40249-018-0435-2",
   "pmcid": "PMC5985562",
   "pubmed_id": "29866175",
   "license": "cc-by",
   "abstract": "BACKGROUND: Leptospirosis morbidity and mortality rates in China have decreased since the 2000s. Further analyses of the spatiotemporal and demographic changes occurring in the last decade and its implication on estimates of disease burden are required to inform intervention strategies. In this study, we quantified the epidemiological shift and geographical heterogeneity in the burden of leptospirosis during 2005\u20132015 in China. METHODS: We used reported leptospirosis case data from 1st January 2005 to 31st of December 2015 that routinely collected by the China Information System for Disease Control and Prevention (CISDCP) to analyze the epidemiological trend and estimate the burden in terms of disability-adjusted life-years (DALYs) over space, time, and demographical groups. RESULTS: A total of 7763 cases were reported during 2005\u20132015. Of which, 2403 (31%) cases were the laboratory-confirmed case. Since 2005, the notified incidence rate was gradually decreased (P < 0.05) and it was relatively stable during 2011\u20132015 (P > 0.05). During 2005\u20132015, we estimated a total of 10 313 DALYs were lost due to leptospirosis comprising a total of 1804 years-lived with disability (YLDs) and 8509 years-life lost (YLLs). Males had the highest burden of disease (7149 DALYs) compared to females (3164 DALYs). The highest burden estimate was attributed to younger individuals aged 10\u201319 years who lived in southern provinces of China. During 2005\u20132015, this age group contributed to approximately 3078 DALYs corresponding to 30% of the total DALYs lost in China. Yet, our analysis indicated a declining trend in burden estimates (P < 0.001) since 2005 and remained relatively low during 2011\u20132015. Low burden estimates have been identified in the endemic regions where infections principally distributed. Most of the changes in DALY estimates were driven by changes in YLLs. CONCLUSIONS: In the last 11-years, the burden estimates of leptospirosis have shown a declining trend across the country; however, leptospirosis should not be neglected as it remains an important zoonotic disease and potentially affecting the young and productive population in economically less-developed provinces in southern of China. In addition, while in the last five years the incidence has been reported at very low-level, this might not reflect the true incidence of leptospirosis. Strengthened surveillance in the endemic regions is, hence, substantially required to capture the actual prevalence to better control leptospirosis in China. ELECTRONIC SUPPLEMENTARY MATERIAL: The online version of this article (10.1186/s40249-018-0435-2) contains supplementary material, which is available to authorized users.",
   "publish_time": "2018 May 18",
   "authors": [
      "Dhewantara, Pandji Wibawa",
      "Mamun, Abdullah A.",
      "Zhang, Wen-Yi",
      "Yin, Wen-Wu",
      "Ding, Fan",
      "Guo, Danhuai",
      "Hu, Wenbiao",
      "Costa, Federico",
      "Ko, Albert Icksang",
      "Soares Magalh\u00e3es, Ricardo J."
   ],
   "journal": "Infect Dis Poverty",
   "has_full_text": "True",
   "full_text_file": "comm_use_subset",
   "id": "https://doi.org/10.1186/s40249-018-0435-2",
   "pubtator": "PMC5985562",
   "fhir_link": [
      "Commercial/Composition/57f7587c21f25f1d1542599749ad28af764cf8e6"
   ]
}