{
   "sha": "b9fbd0773ea09b1ad96a7746601d7a8e2125313d",
   "source_x": "PMC",
   "title": "Virulent Avian Infectious Bronchitis Virus, People\u2019s Republic of China",
   "doi": "10.3201/eid1812.120552",
   "pmcid": "PMC3557894",
   "pubmed_id": "23171741",
   "license": "no-cc",
   "abstract": "A virulent avian infectious bronchitis virus (IBV) was isolated from 30-day-old broiler chickens that exhibited respiratory symptoms, nephropathologic lesions, and a high proportion of deaths in the People\u2019s Republic of China during 2005. The strain, designated YN, was genetically and pathologically characterized. Phylogenetic analysis showed that YN and most of the previously characterized IBV isolates found in China were phylogenetically classified into 2 main genetic clusters. The YN isolate caused severe lesions and resulted in deaths of 65% in experimental infections of 30-day-old specific-pathogen\u2013free chickens. Tracheal and severe kidney lesions developed in all infected birds, confirming the ability of YN strain to induce both respiratory and renal disease. IBV antigens were detected by immunohistochemical analysis in the trachea, lung, kidney, and bursa, consistent with histopathologic observations, virus isolation, and reverse transcription PCR detection. We showed that YN IBV exhibits severe pathogenicity in chickens, and that similar viruses are prevalent in China.",
   "publish_time": "2012 Dec",
   "authors": [
      "Feng, Jinling",
      "Hu, Yanxin",
      "Ma, Zhijun",
      "Yu, Qi",
      "Zhao, Jixun",
      "Liu, Xiaodong",
      "Zhang, Guozhong"
   ],
   "journal": "Emerg Infect Dis",
   "has_full_text": "True",
   "full_text_file": "custom_license",
   "id": "https://doi.org/10.3201/eid1812.120552",
   "pubtator": "PMC3557894",
   "fhir_link": [
      "PMC/Composition/b9fbd0773ea09b1ad96a7746601d7a8e2125313d"
   ]
}