{
   "sha": "2a0c4d90adbec7a1d5263e5c197904e83cd8f7e1",
   "source_x": "Elsevier",
   "title": "A recombinant subunit vaccine formulation protects against lethal Nipah virus challenge in cats",
   "doi": "10.1016/j.vaccine.2008.05.016",
   "pmcid": "PMC6186147",
   "pubmed_id": "18556094",
   "license": "els-covid",
   "abstract": "Abstract Nipah virus (NiV) and Hendra virus (HeV) are closely related deadly zoonotic paramyxoviruses that have emerged and re-emerged over the last 10 years. In this study, a subunit vaccine formulation containing only recombinant, soluble, attachment glycoprotein from HeV (sGHeV) and CpG adjuvant was evaluated as a potential NiV vaccine in the cat model. Different amounts of sGHeV were employed and sG-induced immunity was examined. Vaccinated animals demonstrated varying levels of NiV-specific Ig systemically and importantly, all vaccinated cats possessed antigen-specific IgA on the mucosa. Upon oronasal challenge with NiV (50,000TCID50), all vaccinated animals were protected from disease although virus was detected on day 21 post-challenge in one animal. The ability to elicit protective systemic and mucosal immunity in this animal model provides significant progress towards the development of a human subunit vaccine against henipaviruses.",
   "publish_time": "2008-07-23",
   "authors": [
      "McEachern, Jennifer A.",
      "Bingham, John",
      "Crameri, Gary",
      "Green, Diane J.",
      "Hancock, Tim J.",
      "Middleton, Deborah",
      "Feng, Yan-Ru",
      "Broder, Christopher C.",
      "Wang, Lin-Fa",
      "Bossart, Katharine N."
   ],
   "journal": "Vaccine",
   "has_full_text": "True",
   "full_text_file": "custom_license",
   "id": "https://doi.org/10.1016/j.vaccine.2008.05.016",
   "pubtator": "PMC6186147",
   "fhir_link": [
      "PMC/Composition/2a0c4d90adbec7a1d5263e5c197904e83cd8f7e1"
   ]
}