{
   "sha": "b5856c0aa1a1763c21aff1989010c8365b5d0b9d",
   "source_x": "Elsevier",
   "title": "Interplay between viruses and host mRNA degradation",
   "doi": "10.1016/j.bbagrm.2012.12.003",
   "pmcid": "PMC3632658",
   "pubmed_id": "23274304",
   "license": "els-covid",
   "abstract": "Abstract Messenger RNA degradation is a fundamental cellular process that plays a critical role in regulating gene expression by controlling both the quality and the abundance of mRNAs in cells. Naturally, viruses must successfully interface with the robust cellular RNA degradation machinery to achieve an optimal balance between viral and cellular gene expression and establish a productive infection in the host. In the past several years, studies have discovered many elegant strategies that viruses have evolved to circumvent the cellular RNA degradation machinery, ranging from disarming the RNA decay pathways and co-opting the factors governing cellular mRNA stability to promoting host mRNA degradation that facilitates selective viral gene expression and alters the dynamics of host\u2013pathogen interaction. This review summarizes the current knowledge of the multifaceted interaction between viruses and cellular mRNA degradation machinery to provide an insight into the regulatory mechanisms that influence gene expression in viral infections. This article is part of a Special Issue entitled: RNA Decay mechanisms.",
   "publish_time": "2013-07-31",
   "authors": [
      "Narayanan, Krishna",
      "Makino, Shinji"
   ],
   "journal": "Biochimica et Biophysica Acta (BBA) - Gene Regulatory Mechanisms",
   "has_full_text": "True",
   "full_text_file": "custom_license",
   "id": "https://doi.org/10.1016/j.bbagrm.2012.12.003",
   "pubtator": "PMC3632658",
   "fhir_link": [
      "PMC/Composition/b5856c0aa1a1763c21aff1989010c8365b5d0b9d"
   ]
}