{
   "sha": "f5744b3d4ba1315392d02b0fd5af2ecec139efab",
   "source_x": "Elsevier",
   "title": "Human CD4+ memory T-lymphocyte responses to SARS coronavirus infection",
   "doi": "10.1016/j.virol.2007.07.015",
   "pmcid": "PMC2094716",
   "pubmed_id": "17692881",
   "license": "els-covid",
   "abstract": "Abstract Little is known about CD4+ T-cell immunity to the severe acute respiratory syndrome (SARS) coronavirus. In two SARS patients, we examined the memory CD4+ T-cell responses to peptides derived from SARS coronavirus structural proteins. We generated CD4+ T-cell lines to 3 peptides from the spike (S) protein and defined their HLA restriction. In one patient, the predominant memory CD4+ T-cell response was directed against an epitope outside the S protein receptor-binding domain. In both patients, the frequency of CD4+ memory T-cells to virus structural proteins and anti-SARS coronavirus IgG levels were low by 12 months after infection. This report expands our understanding of the specificity and duration of anti-SARS coronavirus CD4+ T-cell immune responses.",
   "publish_time": "2007-11-25",
   "authors": [
      "Libraty, Daniel H.",
      "O'Neil, Kimberly M.",
      "Baker, Lauren M.",
      "Acosta, Luz P.",
      "Olveda, Remigio M."
   ],
   "journal": "Virology",
   "has_full_text": "True",
   "full_text_file": "custom_license",
   "id": "https://doi.org/10.1016/j.virol.2007.07.015",
   "pubtator": "PMC2094716",
   "fhir_link": [
      "PMC/Composition/f5744b3d4ba1315392d02b0fd5af2ecec139efab"
   ]
}