{
   "sha": "05a52fe28de83b331a2625473d6eabe95af62cc7",
   "source_x": "PMC",
   "title": "Determining the Replication Kinetics and Cellular Tropism of Influenza D Virus on Primary Well-Differentiated Human Airway Epithelial Cells",
   "doi": "10.3390/v11040377",
   "pmcid": "PMC6521319",
   "pubmed_id": "31022887",
   "license": "cc-by",
   "abstract": "Influenza viruses are notorious pathogens that frequently cross the species barrier with often severe consequences for both animal and human health. In 2011, a novel member of the Orthomyxoviridae family, Influenza D virus (IDV), was identified in the respiratory tract of swine. Epidemiological surveys revealed that IDV is distributed worldwide among livestock and that IDV-directed antibodies are detected in humans with occupational exposure to livestock. To identify the transmission capability of IDV to humans, we determined the viral replication kinetics and cell tropism using an in vitro respiratory epithelium model of humans. The inoculation of IDV revealed efficient replication kinetics and apical progeny virus release at different body temperatures. Intriguingly, the replication characteristics of IDV revealed higher replication kinetics compared to Influenza C virus, despite sharing the cell tropism preference for ciliated cells. Collectively, these results might indicate why IDV-directed antibodies are detected among humans with occupational exposure to livestock.",
   "publish_time": "2019 Apr 24",
   "authors": [
      "Holwerda, Melle",
      "Kelly, Jenna",
      "Laloli, Laura",
      "St\u00fcrmer, Isabel",
      "Portmann, Jasmine",
      "Stalder, Hanspeter",
      "Dijkman, Ronald"
   ],
   "journal": "Viruses",
   "has_full_text": "True",
   "full_text_file": "comm_use_subset",
   "id": "https://doi.org/10.3390/v11040377",
   "pubtator": "PMC6521319",
   "fhir_link": [
      "Commercial/Composition/05a52fe28de83b331a2625473d6eabe95af62cc7"
   ]
}