{
   "sha": "aa367afa310d8253802c4d00c810ca6a920647f6",
   "source_x": "Elsevier",
   "title": "96 The Lungs in Obstetric and Gynecologic Diseases",
   "doi": "10.1016/B978-1-4557-3383-5.00096-8",
   "license": "els-covid",
   "publish_time": "2016-12-31",
   "authors": [
      "Lapinsky, Stephen E.",
      "Nelson-Piercy, Catherine"
   ],
   "journal": "Murray and Nadel's Textbook of Respiratory Medicine",
   "has_full_text": "True",
   "full_text_file": "custom_license",
   "id": "https://doi.org/10.1016/B978-1-4557-3383-5.00096-8",
   "fhir_link": [
      "PMC/Composition/aa367afa310d8253802c4d00c810ca6a920647f6"
   ]
}