{
   "sha": "dc1e16996462dd1445f21c419b6e40dd0dd84c02; 354a4b199eb297756554a8967154ea32f07e88d1",
   "source_x": "PMC",
   "title": "Asymmetrically interacting spreading dynamics on complex layered networks",
   "doi": "10.1038/srep05097",
   "pmcid": "PMC4037715",
   "pubmed_id": "24872257",
   "license": "cc-by",
   "abstract": "The spread of disease through a physical-contact network and the spread of information about the disease on a communication network are two intimately related dynamical processes. We investigate the asymmetrical interplay between the two types of spreading dynamics, each occurring on its own layer, by focusing on the two fundamental quantities underlying any spreading process: epidemic threshold and the final infection ratio. We find that an epidemic outbreak on the contact layer can induce an outbreak on the communication layer, and information spreading can effectively raise the epidemic threshold. When structural correlation exists between the two layers, the information threshold remains unchanged but the epidemic threshold can be enhanced, making the contact layer more resilient to epidemic outbreak. We develop a physical theory to understand the intricate interplay between the two types of spreading dynamics.",
   "publish_time": "2014 May 29",
   "authors": [
      "Wang, Wei",
      "Tang, Ming",
      "Yang, Hui",
      "Younghae Do",
      "Lai, Ying-Cheng",
      "Lee, GyuWon"
   ],
   "journal": "Sci Rep",
   "has_full_text": "True",
   "full_text_file": "comm_use_subset",
   "id": "https://doi.org/10.1038/srep05097",
   "pubtator": "PMC4037715",
   "fhir_link": [
      "Commercial/Composition/dc1e16996462dd1445f21c419b6e40dd0dd84c02",
      "Commercial/Composition/354a4b199eb297756554a8967154ea32f07e88d1"
   ]
}