{
   "sha": "6b42bcdd0240edbc8a0829adae29daee85ce4143",
   "source_x": "Elsevier",
   "title": "Applications of high-throughput genomics to antiviral research: Evasion of antiviral responses and activation of inflammation during fulminant RNA virus infection",
   "doi": "10.1016/j.antiviral.2009.04.004",
   "pmcid": "PMC3457704",
   "pubmed_id": "19375457",
   "license": "els-covid",
   "abstract": "Abstract Host responses can contribute to the severity of viral infection, through the failure of innate antiviral mechanisms to recognize and restrict the pathogen, the development of intense systemic inflammation leading to circulatory failure or through tissue injury resulting from overly exuberant cell-mediated immune responses. High-throughput genomics methods are now being used to identify the biochemical pathways underlying ineffective or damaging host responses in a number of acute and chronic viral infections. This article reviews recent gene expression studies of 1918 H1N1 influenza and Ebola hemorrhagic fever in cell culture and animal models, focusing on how genomics experiments can be used to increase our understanding of the mechanisms that permit those viruses to cause rapidly overwhelming infection. Particular attention is paid to how evasion of type I IFN responses in infected cells might contribute to over-activation of inflammatory responses. Reviewing recent research and describing how future studies might be tailored to understand the relationship between the infected cell and its environment, this article discusses how the rapidly growing field of high-throughput genomics can contribute to a more complete understanding of severe, acute viral infections and identify novel targets for therapeutic intervention.",
   "publish_time": "2009-07-31",
   "authors": [
      "Kash, John C."
   ],
   "journal": "Antiviral Research",
   "has_full_text": "True",
   "full_text_file": "custom_license",
   "id": "https://doi.org/10.1016/j.antiviral.2009.04.004",
   "pubtator": "PMC3457704",
   "fhir_link": [
      "PMC/Composition/6b42bcdd0240edbc8a0829adae29daee85ce4143"
   ]
}