{
   "sha": "76bb21e2ca48559adc7f72a545e77215738b1dcb; 92a27720f4fce8715f405895fc5e7633b096acf5",
   "source_x": "PMC",
   "title": "Insights From Deep Sequencing of the HBV Genome\u2014Unique, Tiny, and Misunderstood",
   "doi": "10.1053/j.gastro.2018.07.058",
   "pmcid": "PMC6347571",
   "pubmed_id": "30268787",
   "license": "cc-by",
   "abstract": "Hepatitis B virus (HBV) is a unique, tiny, partially double-stranded, reverse-transcribing DNA virus with proteins encoded by multiple overlapping reading frames. The substitution rate is surprisingly high for a DNA virus, but lower than that of other reverse transcribing organisms. More than 260 million people worldwide have chronic HBV infection, which causes 0.8 million deaths a year. Because of the high burden of disease, international health agencies have set the goal of eliminating HBV infection by 2030. Nonetheless, the intriguing HBV genome has not been well characterized. We summarize data on the HBV genome structure and replication cycle, explain and quantify diversity within and among infected individuals, and discuss advances that can be offered by application of next-generation sequencing technology. In-depth HBV genome analyses could increase our understanding of disease pathogenesis and allow us to better predict patient outcomes, optimize treatment, and develop new therapeutics.",
   "publish_time": "2019 Jan",
   "authors": [
      "McNaughton, Anna L.",
      "D\u2019Arienzo, Valentina",
      "Ansari, M. Azim",
      "Lumley, Sheila F.",
      "Littlejohn, Margaret",
      "Revill, Peter",
      "McKeating, Jane A.",
      "Matthews, Philippa C."
   ],
   "journal": "Gastroenterology",
   "has_full_text": "True",
   "full_text_file": "comm_use_subset",
   "id": "https://doi.org/10.1053/j.gastro.2018.07.058",
   "pubtator": "PMC6347571",
   "fhir_link": [
      "Commercial/Composition/76bb21e2ca48559adc7f72a545e77215738b1dcb",
      "Commercial/Composition/92a27720f4fce8715f405895fc5e7633b096acf5"
   ]
}