{
   "sha": "1434efe4d841738948735807bd1d1f1e9a36225e; 9c437ea3972c987ed041833f65535b2d4300e095",
   "source_x": "PMC",
   "title": "Difference in immune response in vaccinated and unvaccinated Swedish individuals after the 2009 influenza pandemic",
   "doi": "10.1186/1471-2334-14-319",
   "pmcid": "PMC4067073",
   "pubmed_id": "24916787",
   "license": "cc-by",
   "abstract": "BACKGROUND: Previous exposures to flu and subsequent immune responses may impact on 2009/2010 pandemic flu vaccine responses and clinical symptoms upon infection with the 2009 pandemic H1N1 influenza strain. Qualitative and quantitative differences in humoral and cellular immune responses associated with the flu vaccination in 2009/2010 (pandemic H1N1 vaccine) and natural infection have not yet been described in detail. We designed a longitudinal study to examine influenza- (flu-) specific immune responses and the association between pre-existing flu responses, symptoms of influenza-like illness (ILI), impact of pandemic flu infection, and pandemic flu vaccination in a cohort of 2,040 individuals in Sweden in 2009\u20132010. METHODS: Cellular flu-specific immune responses were assessed by whole-blood antigen stimulation assay, and humoral responses by a single radial hemolysis test. RESULTS: Previous seasonal flu vaccination was associated with significantly lower flu-specific IFN-\u03b3 responses (using a whole-blood assay) at study entry. Pandemic flu vaccination induced long-lived T-cell responses (measured by IFN-\u03b3 production) to influenza A strains, influenza B strains, and the matrix (M1) antigen. In contrast, individuals with pandemic flu infection (PCR positive) exhibited increased flu-specific T-cell responses shortly after onset of ILI symptoms but the immune response decreased after the flu season (spring 2010). We identified non-pandemic-flu vaccinated participants without ILI symptoms who showed an IFN-\u03b3 production profile similar to pandemic-flu infected participants, suggesting exposure without experiencing clinical symptoms. CONCLUSIONS: Strong and long-lived flu-M1 specific immune responses, defined by IFN-\u03b3 production, in individuals after vaccination suggest that M1-responses may contribute to protective cellular immune responses. Silent flu infections appeared to be frequent in 2009/2010. The pandemic flu vaccine induced qualitatively and quantitatively different humoral and cellular immune responses as compared to infection with the 2009 H1N1 pandemic H1N1 influenza strain.",
   "publish_time": "2014 Jun 11",
   "authors": [
      "Magalhaes, Isabelle",
      "Eriksson, Mikael",
      "Linde, Charlotte",
      "Muhammad, Rashid",
      "Rane, Lalit",
      "Ambati, Aditya",
      "Axelsson-Robertson, Rebecca",
      "Khalaj, Bahareh",
      "Alvarez-Corrales, Nancy",
      "Lapini, Giulia",
      "Montomoli, Emanuele",
      "Linde, Annika",
      "Pedersen, Nancy L",
      "Maeurer, Markus"
   ],
   "journal": "BMC Infect Dis",
   "has_full_text": "True",
   "full_text_file": "comm_use_subset",
   "id": "https://doi.org/10.1186/1471-2334-14-319",
   "pubtator": "PMC4067073",
   "fhir_link": [
      "Commercial/Composition/1434efe4d841738948735807bd1d1f1e9a36225e",
      "Commercial/Composition/9c437ea3972c987ed041833f65535b2d4300e095"
   ]
}