{
   "sha": "8c17c17e58e174ba99b3964a2ddd1a0a4b9a35d4; 76585719cd2c0b067b878acf53964015a47bb917",
   "source_x": "PMC",
   "title": "Altered Gut Microbiota Profiles in Sows and Neonatal Piglets Associated with Porcine Epidemic Diarrhea Virus Infection",
   "doi": "10.1038/s41598-017-17830-z",
   "pmcid": "PMC5727058",
   "pubmed_id": "29234140",
   "license": "cc-by",
   "abstract": "Porcine epidemic diarrhea virus (PEDV) is a devastating cause of diarrhea in pigs worldwide. Most of studies have focused on molecular and pathogenic characterization of PEDV, whereas there were limited studies in understanding the role of gut microbiota (GM) in viral-associated diarrhea. Here, using the Illumina MiSeq platform, we examined and compared the impact of PEDV infection on the GM of sows and their piglets less than 10 days old. Our results showed that PEDV caused alternations in the structure and abundance of GM from levels of phylum to genus, and even species. For sows, a significant decrease of observed species was found in diarrheal sows than that in healthy sows (p < 0.05). The unweighted and weighted UniFrac distances also revealed considerable segregations of GM structure among healthy, asymptomatic, and diarrheal sows. For piglets, Bacteroidetes, the dominant bacteria in healthy piglets, were replaced by Firmicutes in asymptomatic and diarrheal piglets. The abundances of Fusobacteria and Proteobacteria were also remarkably increased in asymptomatic piglets and diarrheal piglets when compared to those of the healthy piglets. Our findings demonstrated that PEDV infection caused severe perturbations of GM, reduced probiotic bacteria, and enriched pathogenic bacteria.",
   "publish_time": "2017 Dec 12",
   "authors": [
      "Song, Deping",
      "Peng, Qi",
      "Chen, Yanjun",
      "Zhou, Xinrong",
      "Zhang, Fanfan",
      "Li, Anqi",
      "Huang, Dongyan",
      "Wu, Qiong",
      "Ye, Yu",
      "He, Houjun",
      "Wang, Leyi",
      "Tang, Yuxin"
   ],
   "journal": "Sci Rep",
   "has_full_text": "True",
   "full_text_file": "comm_use_subset",
   "id": "https://doi.org/10.1038/s41598-017-17830-z",
   "pubtator": "PMC5727058",
   "fhir_link": [
      "Commercial/Composition/8c17c17e58e174ba99b3964a2ddd1a0a4b9a35d4",
      "Commercial/Composition/76585719cd2c0b067b878acf53964015a47bb917"
   ]
}