{
   "sha": "78ca3383fb9893562bb424d1d877b40c2d3fd1e3",
   "source_x": "Elsevier",
   "title": "Variability in viral pathogenesis: modeling the dynamic of acute and persistent infections",
   "doi": "10.1016/j.coviro.2017.05.001",
   "pmcid": "PMC5695700",
   "pubmed_id": "28551476",
   "license": "els-covid",
   "abstract": "Virus infection often results in diverse outcomes. This variability of virus pathogenesis is not well understood. Here we revise theoretical arguments to further our understanding of factors controlling infection and its severity. We propose that variability in these factors results in different clinical outcomes, which ultimately ensure virus reproduction.",
   "publish_time": "2017-04-30",
   "authors": [
      "Lidsky, Peter V",
      "Andino, Raul",
      "Rouzine, Igor M"
   ],
   "journal": "Current Opinion in Virology",
   "has_full_text": "True",
   "full_text_file": "custom_license",
   "id": "https://doi.org/10.1016/j.coviro.2017.05.001",
   "pubtator": "PMC5695700",
   "fhir_link": [
      "PMC/Composition/78ca3383fb9893562bb424d1d877b40c2d3fd1e3"
   ]
}