{
   "sha": "399dbfd40b7ac69e43b3ebbea9eb8c9458fa68d8",
   "source_x": "Elsevier",
   "title": "Documento de consenso sobre \"tratamiento antimicrobiano de la faringoamigdalitis\"",
   "doi": "10.1016/S0001-6519(03)78425-8",
   "pubmed_id": "12916480",
   "license": "els-covid",
   "publish_time": "2003-12-31",
   "authors": [
      "Cenjor, C.",
      "Garc\u00eda-Rodr\u00edguez, J.A.",
      "Ramos, A.",
      "Cervera, J.",
      "Tom\u00e1s, M.",
      "Asensi, F.",
      "Ca\u00f1ada, J.L.",
      "Gobernado, M.",
      "Isasi\u00e1, T.",
      "L\u00f3pez-Madro\u00f1ero, C.",
      "Mart\u00ednez, M.",
      "P\u00e9rez-Escanilla, F.",
      "Picazo, J.",
      "Prieto, J.",
      "Sampelayo, T."
   ],
   "journal": "Acta Otorrinolaringol\u00f3gica Espa\u00f1ola",
   "has_full_text": "True",
   "full_text_file": "custom_license",
   "id": "https://doi.org/10.1016/S0001-6519(03)78425-8",
   "fhir_link": [
      "PMC/Composition/399dbfd40b7ac69e43b3ebbea9eb8c9458fa68d8"
   ]
}