{
   "sha": "7dc8be22d05d4108d6d1c517b68f662a6af66f2c",
   "source_x": "Elsevier",
   "title": "O-linked oligosaccharides of mouse egg ZP3 account for its sperm receptor activity",
   "doi": "10.1016/0092-8674(85)90084-4",
   "pubmed_id": "2986849",
   "license": "els-covid",
   "abstract": "Abstract Previously, we reported that ZP3, one of three different glycoproteins present in the mouse egg's zona pellucida, serves as a sperm receptor. Furthermore, small glycopeptides derived from egg ZP3 retain full sperm receptor activity, suggesting a role for carbohydrate, rather than polypeptide chain in receptor function. Here, we report that removal of O-linked oligosaccharides from ZP3 destroys its sperm receptor activity, whereas removal of O-linked oligosaccharides has no effect. A specific size class of O-linked oligosaccharides, recovered following mild alkaline hydrolysis and reduction of ZP3, is shown to possess sperm receptor activity and to bind to sperm. The results presented strongly suggest that mouse sperm bind to eggs via O-linked oligosaccharides present on ZP3.",
   "publish_time": "1985-05-31",
   "authors": [
      "Florman, Harvey M.",
      "Wassarman, Paul M."
   ],
   "journal": "Cell",
   "has_full_text": "True",
   "full_text_file": "custom_license",
   "id": "https://doi.org/10.1016/0092-8674(85)90084-4",
   "fhir_link": [
      "PMC/Composition/7dc8be22d05d4108d6d1c517b68f662a6af66f2c"
   ]
}