{
   "sha": "6fc7cef4a321daa2a32d1e3f7f0673c9ff95ee88",
   "source_x": "Elsevier",
   "title": "Emerging and re-emerging infectious diseases Be prepared",
   "doi": "10.14219/jada.archive.2010.0002",
   "license": "els-covid",
   "publish_time": "2010-01-31",
   "authors": [
      "Kohn, William G."
   ],
   "journal": "The Journal of the American Dental Association",
   "has_full_text": "True",
   "full_text_file": "custom_license",
   "id": "https://doi.org/10.14219/jada.archive.2010.0002",
   "fhir_link": [
      "PMC/Composition/6fc7cef4a321daa2a32d1e3f7f0673c9ff95ee88"
   ]
}