{
   "sha": "e8b458f577a6c691b55c19e5f2b4d3c5e77e4851",
   "source_x": "Elsevier",
   "title": "Interest of designed cyclodextrin-tools in gene delivery",
   "doi": "10.1016/j.pharma.2012.09.005",
   "pubmed_id": "23177563",
   "license": "els-covid",
   "abstract": "Summary Cyclodextrins (CyDs) currently displays even today the image of a natural macrocyclic compound largely dominant in the formation of inclusion complexes with small hydrophobic molecules. During the past 10years, advances in this field allowed to achieve more and more sophisticated CyDs derivatives opening a simple access in scale-up quantities to original and better CyD-based gene delivery systems. In addition, possibility to combine covalent and supramolecular approaches offers new venues for the design of tailor-made CyD-based nanovehicles to improve their transfection ability and gene transfer in cells. In this account, we describe our recent progress in the construction of a novel CyD-based G0 (generation number) core dendrimer, scalable to CyD oligomers by a strategy using protonable guanidine tethers and whose concept can be generalized for the assembly of CyD pre-coated dendrimers. The synthetic strategy based on an original Staudinger-Aza-Wittig tandem coupling reaction. We present an outline of the different analytical strategies to characterize CyD-ODN (cyclodextrin-oligodeoxynucleotide) complexes. Among them, Capillary electrophoresis (CE) was used to perfectly characterize our CyD-siRNA and CyD-DNA complexes and shown to be a very attractive method with advantages of low sample consumption, rapid analysis speed, and high efficiency that make this technology a major tool for association constant measurement. Finally, we present the different biological methods that can be used, in vitro, to study gene delivery, and more precisely ones we have performed to evaluate the capability of our original model bis-guanidinium-tetrakis-\u03b2-cyclodextrin dendrimeric tetrapod, to deliver efficiently DNA or siRNA in eukaryotic cells.",
   "publish_time": "2012-11-30",
   "authors": [
      "Duval, R.-E.",
      "Clarot, I.",
      "Dumarcay-Charbonnier, F.",
      "Fontanay, S.",
      "Marsura, A."
   ],
   "journal": "Annales Pharmaceutiques Fran\u00e7aises",
   "has_full_text": "True",
   "full_text_file": "custom_license",
   "id": "https://doi.org/10.1016/j.pharma.2012.09.005",
   "fhir_link": [
      "PMC/Composition/e8b458f577a6c691b55c19e5f2b4d3c5e77e4851"
   ]
}