{
   "sha": "bb0c95e56ade110ddda73b012490d308624ca47a",
   "source_x": "Elsevier",
   "title": "Characterization of the fusion core in zebrafish endogenous retroviral envelope protein",
   "doi": "10.1016/j.bbrc.2015.03.081",
   "pubmed_id": "25804638",
   "license": "els-covid",
   "abstract": "Abstract Zebrafish endogenous retrovirus (ZFERV) is the unique endogenous retrovirus in zebrafish, as yet, containing intact open reading frames of its envelope protein gene in zebrafish genome. Similarly, several envelope proteins of endogenous retroviruses in human and other mammalian animal genomes (such as syncytin-1 and 2 in human, syncytin-A and B in mouse) were identified and shown to be functional in induction of cell\u2013cell fusion involved in placental development. ZFERV envelope protein (Env) gene appears to be also functional in vivo because it is expressible. After sequence alignment, we found ZFERV Env shares similar structural profiles with syncytin and other type I viral envelopes, especially in the regions of N- and C-terminal heptad repeats (NHR and CHR) which were crucial for membrane fusion. We expressed the regions of N + C protein in the ZFERV Env (residues 459\u2013567, including predicted NHR and CHR) to characterize the fusion core structure. We found N + C protein could form a stable coiled-coil trimer that consists of three helical NHR regions forming a central trimeric core, and three helical CHR regions packing into the grooves on the surface of the central core. The structural characterization of the fusion core revealed the possible mechanism of fusion mediated by ZFERV Env. These results gave comprehensive explanation of how the ancient virus infects the zebrafish and integrates into the genome million years ago, and showed a rational clue for discovery of physiological significance (e.g., medicate cell\u2013cell fusion).",
   "publish_time": "2015-05-08",
   "authors": [
      "Shi, Jian",
      "Zhang, Huaidong",
      "Gong, Rui",
      "Xiao, Gengfu"
   ],
   "journal": "Biochemical and Biophysical Research Communications",
   "has_full_text": "True",
   "full_text_file": "custom_license",
   "id": "https://doi.org/10.1016/j.bbrc.2015.03.081",
   "fhir_link": [
      "PMC/Composition/bb0c95e56ade110ddda73b012490d308624ca47a"
   ]
}