{
   "source_x": "Elsevier",
   "title": "Anaesthesia and Intensive Care A-Z\u2013An Encyclopaedia of Principles and Practice Anaesthesia and Intensive Care A\u2013Z\u2014an Encyclopaedia of Principles and Practice, 3rd Edn Steven M. Yentis, Nicholas P. Hirsch and Gary B. Smith (editors). Published by: Butterworth Heineman, Elsevier, London. Pp. 553; indexed; illustrated. Price \u00a355.00. ISBN: 0\u20107506\u20108777\u20100.",
   "doi": "10.1093/bja/aeh563",
   "license": "els-covid",
   "abstract": "Unknown",
   "publish_time": "2004-06-30",
   "authors": [
      "Forrest, K.A.",
      "Bodenham, A.R."
   ],
   "journal": "British Journal of Anaesthesia",
   "has_full_text": "False",
   "full_text_file": "custom_license",
   "id": "https://doi.org/10.1093/bja/aeh563"
}