{
   "sha": "1b219dfa8b3228083a7e993ad5247393a5f9285f",
   "source_x": "Elsevier",
   "title": "Nosocomial or Hospital-acquired Infections: An Overview",
   "doi": "10.1016/j.disamonth.2009.03.014",
   "pubmed_id": "19540995",
   "license": "els-covid",
   "publish_time": "2009-07-31",
   "authors": [
      "McFee, Robin B."
   ],
   "journal": "Disease-a-Month",
   "has_full_text": "True",
   "full_text_file": "custom_license",
   "id": "https://doi.org/10.1016/j.disamonth.2009.03.014",
   "fhir_link": [
      "PMC/Composition/1b219dfa8b3228083a7e993ad5247393a5f9285f"
   ]
}