{
   "sha": "92ae6b1561312473553343906b9f297d582dff07",
   "source_x": "Elsevier",
   "title": "Viral diarrhea of young animals: A review",
   "doi": "10.1016/0147-9571(81)90008-4",
   "pubmed_id": "6277556",
   "license": "els-covid",
   "abstract": "Abstract A brief presentation is given of the enteric viral infections of young animals. The general characteristics of rotaviruses, coronaviruses and parvoviruses are reported, and the different aspects of the diseases associated with these viruses are discussed. Certain suggestions are made regarding the prevention of these diseases.",
   "publish_time": "1981-12-31",
   "authors": [
      "Cilli, V",
      "Castrucci, G"
   ],
   "journal": "Comparative Immunology, Microbiology and Infectious Diseases",
   "has_full_text": "True",
   "full_text_file": "custom_license",
   "id": "https://doi.org/10.1016/0147-9571(81)90008-4",
   "fhir_link": [
      "PMC/Composition/92ae6b1561312473553343906b9f297d582dff07"
   ]
}