{
   "sha": "7ef71583b82301530363fb5e9e2d08af30324ca8",
   "source_x": "Elsevier",
   "title": "Hospitality unionism and labour market adjustment: Toward Schumpeterian unionism?",
   "doi": "10.1016/j.geoforum.2009.08.008",
   "license": "els-covid",
   "abstract": "Abstract This paper proposes a conceptual model for understanding emerging changes in a North American labour union. UNITE-HERE, largely representing textile and hospitality workers, has been at the forefront of debates on union revitalization in the US and Canada. UNITE-HERE is often characterized as a successful example of North American union renewal, but I argue that this often oversimplifies many complex and contradictory labour strategies. Much of the labour union renewal literature remains prescriptive and is only beginning to escape false binaries such as business versus social unionism, the servicing versus organizing model, or \u2018top-down\u2019 versus \u2018bottom-up\u2019 administration. In this paper, I attempt to conceptualize the strategies adopted by the union as they exist in relation to the changing political economic landscape. I characterize the current labour practices as \u2018Schumpeterian unionism\u2019, a model which captures the shifting, contradictory, and multi-scalar relationships labour has with the broader community, capital and the state. The model is illustrated with a case study of UNITE-HERE Local 75\u2019s response to the 2003 SARS outbreak through their establishment of a Hospitality Workers Resource Centre to service unemployed workers.",
   "publish_time": "2009-11-30",
   "authors": [
      "Tufts, Steven"
   ],
   "journal": "Geoforum",
   "has_full_text": "True",
   "full_text_file": "custom_license",
   "id": "https://doi.org/10.1016/j.geoforum.2009.08.008",
   "fhir_link": [
      "PMC/Composition/7ef71583b82301530363fb5e9e2d08af30324ca8"
   ]
}