{
   "sha": "e06022e85d59209981ff67b7bd0d4bebd2becfa5",
   "source_x": "Elsevier",
   "title": "Comparing the performance of 3 bioaerosol samplers for influenza virus",
   "doi": "10.1016/j.jaerosci.2017.08.007",
   "license": "els-covid",
   "abstract": "Abstract Respiratory viral diseases can be spread when a virus-containing particle (droplet) from one individual is aerosolized and subsequently comes into either direct or indirect contact with another individual. Increasing numbers of studies are examining the occupational risk to healthcare workers due to proximity to patients. Selecting the appropriate air sampling method is a critical factor in assuring the analytical performance characteristics of a clinical study. The objective of this study was to compare the physical collection efficiency and virus collection efficiency of a 5mL compact SKC BioSampler\u00ae, a gelatin filter, and a glass fiber filter, in a laboratory setting. The gelatin filter and the glass fiber filter were housed in a home-made filter holder. Submersion (with vortexing and subsequent centrifugation) was used for the gelatin and glass fiber filters. Swabbing method was also tested to retrieve the viruses from the glass fiber filter. Experiments were conducted using the H1N1 influenza A virus A/Puerto Rico/8/1934 (IAV-PR8), and viral recovery was determined using culture and commercial real-time-PCR (BioFire and Xpert). An atomizer was used to aerosolize a solution of influenza virus in PBS for measurement, and two Scanning Mobility Particle Sizers were used to determine particle size distributions. The SKC BioSampler demonstrated a U-shaped physical collection efficiency, lowest for particles around 30\u201350nm, and highest at 10nm and 300\u2013350nm within the size range examined. The physical collection efficiency of the gelatin filter was strongly influenced by air flow and time: a stable collection across all particle sizes was only observed at 2L/min for the 9min sampling time, otherwise, degradation of the filter was observed. The glass fiber filter demonstrated the highest physical collection efficiency (100% for all sizes) of all tested samplers, however, its overall virus recovery efficiency fared the worst (too low to quantify). The highest viral collection efficiencies for the SKC BioSampler and gelatin filter were 5% and 1.5%, respectively. Overall, the SKC BioSampler outperformed the filters. It is important to consider the total concentration of viruses entering the sampler when interpreting the results.",
   "publish_time": "2018-01-31",
   "authors": [
      "Li, Jiayu",
      "Leavey, Anna",
      "Wang, Yang",
      "O\u2019Neil, Caroline",
      "Wallace, Meghan A.",
      "Burnham, Carey-Ann D.",
      "Boon, Adrianus CM",
      "Babcock, Hilary",
      "Biswas, Pratim"
   ],
   "journal": "Journal of Aerosol Science",
   "has_full_text": "True",
   "full_text_file": "custom_license",
   "id": "https://doi.org/10.1016/j.jaerosci.2017.08.007",
   "fhir_link": [
      "PMC/Composition/e06022e85d59209981ff67b7bd0d4bebd2becfa5"
   ]
}