{
   "sha": "91760140c1ef6559e6e297d61e122d5a027b8436",
   "source_x": "Elsevier",
   "title": "Experimental Infection of Piglets with a Korean Strain of Porcine Epidemic Diarrhoea Virus",
   "doi": "10.1016/S0021-9975(02)00170-6",
   "pubmed_id": "12859908",
   "license": "els-covid",
   "abstract": "Abstract Thirty colostrum-deprived piglets aged 1 day were inoculated with a Korean strain of porcine epidemic diarrhoea virus (PEDV). The purpose was to elucidate the pathogenicity and viral distribution in PEDV-infected piglets over a period of 60 h, by morphometric analysis, in-situ hybridization and immunohistochemistry. At 24\u201360 h post-inoculation (hpi), the villous height/crypt depth (VH/CD) ratio of infected pigs was significantly less than that of control pigs. Positive cells typically exhibited a dark black reaction product (in-situ hybridization) or brown reaction product (immunohistochemistry) in the cytoplasm, without background staining. PEDV nucleic acid and antigen were detected in the duodenum, jejunum and ileum of experimentally infected pigs. The results suggested that the Korean strain was virulent and caused severe villous atrophy in the small intestine.",
   "publish_time": "2003-07-31",
   "authors": [
      "Kim, O.",
      "Chae, C."
   ],
   "journal": "Journal of Comparative Pathology",
   "has_full_text": "True",
   "full_text_file": "custom_license",
   "id": "https://doi.org/10.1016/S0021-9975(02)00170-6",
   "fhir_link": [
      "PMC/Composition/91760140c1ef6559e6e297d61e122d5a027b8436"
   ]
}