{
   "sha": "827f9bd611a76f4d4163eaae0df0f9509895e5f2",
   "source_x": "Elsevier",
   "title": "Structure and Function of Viral Deubiquitinating Enzymes",
   "doi": "10.1016/j.jmb.2017.06.010",
   "pubmed_id": "28625850",
   "license": "els-covid",
   "abstract": "Abstract Post-translational modification of cellular proteins by ubiquitin regulates numerous cellular processes, including innate and adaptive immune responses. Ubiquitin-mediated control over these processes can be reversed by cellular deubiquitinating enzymes (DUBs), which remove ubiquitin from cellular targets and depolymerize polyubiquitin chains. The importance of protein ubiquitination to host immunity has been underscored by the discovery of viruses that encode proteases with deubiquitinating activity, many of which have been demonstrated to actively corrupt cellular ubiquitin-dependent processes to suppress innate antiviral responses and promote viral replication. DUBs have now been identified in diverse viral lineages, and their characterization is providing valuable insights into virus biology and the role of the ubiquitin system in host antiviral mechanisms. Here, we provide an overview of the structural biology of these fascinating viral enzymes and their role innate immune evasion and viral replication.",
   "publish_time": "2017-11-10",
   "authors": [
      "Bailey-Elkin, Ben A.",
      "Knaap, Robert C.M.",
      "Kikkert, Marjolein",
      "Mark, Brian L."
   ],
   "journal": "Journal of Molecular Biology",
   "has_full_text": "True",
   "full_text_file": "custom_license",
   "id": "https://doi.org/10.1016/j.jmb.2017.06.010",
   "fhir_link": [
      "PMC/Composition/827f9bd611a76f4d4163eaae0df0f9509895e5f2"
   ]
}