{
   "sha": "d7855f0e37fe34ab8dd7d405ceb64fab485f0258",
   "source_x": "Elsevier",
   "title": "Classification analysis of dual nucleotides using dimension reduction",
   "doi": "10.1016/j.jtbi.2009.05.011",
   "pubmed_id": "19481099",
   "license": "els-covid",
   "abstract": "Abstract We introduce a new approach to investigate the dual nucleotides compositions of 11 Gram-positive and 12 Gram-negative eubacteria recently studied by Sorimachi and Okayasu. The approach firstly obtains a 16-dimension vector set of dual nucleotides by PN-curve from the complete genome of organism. Each vector of the set corresponds to a single gene of genome. Then we reduce the 16-dimension vector set to 2-dimension by principal components analysis (PCA). The reduction avoids possible loss of information averaging all 16-dimension vectors. Then we suggest a 2D graphical representation based on the 2-dimension vector to investigate the classification patters among different organisms.",
   "publish_time": "2009-09-07",
   "authors": [
      "Qi, Zhao-Hui",
      "Wang, Jian-Min",
      "Qi, Xiao-Qin"
   ],
   "journal": "Journal of Theoretical Biology",
   "has_full_text": "True",
   "full_text_file": "custom_license",
   "id": "https://doi.org/10.1016/j.jtbi.2009.05.011",
   "fhir_link": [
      "PMC/Composition/d7855f0e37fe34ab8dd7d405ceb64fab485f0258"
   ]
}