{
   "sha": "abc5a91ea2ee193004b17ba999cb5e8ac6948591",
   "source_x": "Elsevier",
   "title": "SARS: 1918 Revisited? The Urgent Need for Global Collaboration in Public Health",
   "doi": "10.4065/78.7.813",
   "license": "els-covid",
   "publish_time": "2003-07-31",
   "authors": [
      "Maki, Dennis G."
   ],
   "journal": "Mayo Clinic Proceedings",
   "has_full_text": "True",
   "full_text_file": "custom_license",
   "id": "https://doi.org/10.4065/78.7.813",
   "fhir_link": [
      "PMC/Composition/abc5a91ea2ee193004b17ba999cb5e8ac6948591"
   ]
}