{
   "sha": "317c002871f5b6fea34beb62dd6a9a7f74323dd1",
   "source_x": "Elsevier",
   "title": "Expression of Ia antigen on perivascular and microglial cells after sublethal and lethal motor neuron injury",
   "doi": "10.1016/0014-4886(89)90111-8",
   "pubmed_id": "2753113",
   "license": "els-covid",
   "abstract": "Abstract The expression of immune-associated (MHC class II) antigen was studied immunohistochemically over several months in the rat facial nucleus after nerve transection and after intraneural injection of toxic ricin. Cells expressing Ia antigen were of a perivascular type and parenchymal ramified microglia. In the first few weeks after nerve lesions we observed a gradual increase in the number of Ia-immunoreactive cells starting with an initial appearance of Ia-positive perivascular cells which were succeeded by increasing numbers of Ia-positive ramified microglia. In long-term animals Ia expression was almost exclusively found in microglia. We propose (a) the existence of a population of immunocompetent perivascular cells normally present in adult rat brain that can be stimulated to express Ia antigen, and (b) the existence of a subpopulation of ramified microglia that arises through transformation of Ia-positive perivascular cells in the adult under pathological conditions.",
   "publish_time": "1989-08-31",
   "authors": [
      "Streit, Wolfgang J.",
      "Graeber, Manuel B.",
      "Kreutzberg, Georg W."
   ],
   "journal": "Experimental Neurology",
   "has_full_text": "True",
   "full_text_file": "custom_license",
   "id": "https://doi.org/10.1016/0014-4886(89)90111-8",
   "fhir_link": [
      "PMC/Composition/317c002871f5b6fea34beb62dd6a9a7f74323dd1"
   ]
}