{
   "sha": "b3aaaa6f04f7085765dcd7d4145f09184c32ae0a",
   "source_x": "Elsevier",
   "title": "Global Infections and Child Health",
   "doi": "10.1016/j.pcl.2017.05.002",
   "pubmed_id": "28734521",
   "license": "els-covid",
   "publish_time": "2017-08-31",
   "authors": [
      "Stanton, Bonita F."
   ],
   "journal": "Pediatric Clinics of North America",
   "has_full_text": "True",
   "full_text_file": "custom_license",
   "id": "https://doi.org/10.1016/j.pcl.2017.05.002",
   "fhir_link": [
      "PMC/Composition/b3aaaa6f04f7085765dcd7d4145f09184c32ae0a"
   ]
}