{
   "sha": "1739e4a43f016ad6e7f0f8c0b3851e9b59359790",
   "source_x": "Elsevier",
   "title": "Research Note: First evidence of infectious bronchitis virus Middle-East GI-23 lineage (Var2-like) in Germany 1",
   "doi": "10.1016/j.psj.2019.10.031",
   "pubmed_id": "32036979",
   "license": "els-covid",
   "abstract": "Abstract The infectious bronchitis virus Middle-East GI-23 lineage (Var2-like) was observed on a German broiler farm, for the first time. The animals suffered from respiratory and nephropathogenic disease. Gross lesions observed during necropsy included tracheitis, aerosacculitis, and nephritis. Tracheal swabs were tested positive for infectious bronchitis virus Middle-East GI-23 lineage (Var2-like) by PCR. Furthermore, sequence analysis of the S1 spike protein showed close relationship to the commercially available vaccine TAbic IBVAR206 and polish isolates.",
   "publish_time": "2020-02-29",
   "authors": [
      "Fischer, Stephani",
      "Klosterhalfen, Dirk",
      "Wilms-Schulze Kump, Frederik",
      "Casteel, Maximilian"
   ],
   "journal": "Poultry Science",
   "has_full_text": "True",
   "full_text_file": "custom_license",
   "id": "https://doi.org/10.1016/j.psj.2019.10.031",
   "fhir_link": [
      "PMC/Composition/1739e4a43f016ad6e7f0f8c0b3851e9b59359790"
   ]
}