{
   "sha": "eded781036843234ba2021a694474d2ee8f54d77",
   "source_x": "Elsevier",
   "title": "Nascent Synthesis of Leader Sequence-Containing Subgenomic mRNAs in Coronavirus Genome-Length Replicative Intermediate RNA",
   "doi": "10.1006/viro.2000.0489",
   "pubmed_id": "10998322",
   "license": "els-covid",
   "abstract": "Abstract Infection with coronavirus results in the accumulation of genomic-sized mRNA and six to eight subgenomic mRNAs that make up a 3\u2032 coterminal nested-set structure. Genome-length negative-strand RNA and subgenomic-length negative-strand RNAs, each of which corresponds to each of the subgenomic mRNAs, also accumulate in infected cells. The present study examined whether the genome-length negative-strand RNA serves as a template for subgenomic mRNA synthesis. Genome-length replicative intermediate (RI) RNA was purified by two-dimensional gel electrophoresis of intracellular RNAs from cells infected with mouse hepatitis virus. RNase A treatment of the purified genome-length RI resulted in the production of the genome-length replicative form RNA, indicating that the genome-length RI included genome-length template RNA. RNase protection assays using the purified genome-length RI and two probes, which corresponded to the 5\u2032 300-nt region of mRNA 6 and to the same region of mRNA 7, showed the presence of nascent leader sequence-containing subgenomic mRNAs in the genome-length RI. These data demonstrated that the genome-length negative-strand RNA serves as a template for subgenomic mRNA synthesis.",
   "publish_time": "2000-09-30",
   "authors": [
      "Mizutani, Tetsuya",
      "Repass, John F.",
      "Makino, Shinji"
   ],
   "journal": "Virology",
   "has_full_text": "True",
   "full_text_file": "custom_license",
   "id": "https://doi.org/10.1006/viro.2000.0489",
   "fhir_link": [
      "PMC/Composition/eded781036843234ba2021a694474d2ee8f54d77"
   ]
}