{
   "sha": "505141b357cd9f6783cce9b4f832e07b45574ca5",
   "source_x": "Elsevier",
   "title": "Expression, purification, and characterization of SARS coronavirus RNA polymerase",
   "doi": "10.1016/j.virol.2005.02.017",
   "pubmed_id": "15840516",
   "license": "els-covid",
   "abstract": "Abstract The RNA-dependent RNA polymerase (RdRp) of SARS coronavirus (SARS-CoV) is essential for viral replication and a potential target for anti-SARS drugs. We report here the cloning, expression, and purification of the N-terminal GST-fused SARS-CoV RdRp and its polymerase catalytic domain in Escherichia coli. During purification, the full-length GST-RdRp was found to cleave into three main fragments: an N-terminal p12 fragment, a middle p30 fragment, and a C-terminal p64 fragment comprising the catalytic domain, presumably due to bacterial proteases. Biochemical assays show that the full-length GST-RdRp has RdRp activity and the p64 and p12 fragments form a complex that exhibits comparable RdRp activity, whereas the GST-p64 protein has no activity, suggesting that the p12 domain is required for polymerase activity possibly via involvement in template-primer binding. Nonnucleoside HIV-1 RT inhibitors are shown to have no evident inhibitory effect on SARS-CoV RdRp activity. This work provides a basis for biochemical and structural studies of SARS-CoV RdRp and for development of anti-SARS drugs.",
   "publish_time": "2005-05-10",
   "authors": [
      "Cheng, Ao",
      "Zhang, Wei",
      "Xie, Youhua",
      "Jiang, Weihong",
      "Arnold, Eddy",
      "Sarafianos, Stefan G.",
      "Ding, Jianping"
   ],
   "journal": "Virology",
   "has_full_text": "True",
   "full_text_file": "custom_license",
   "id": "https://doi.org/10.1016/j.virol.2005.02.017",
   "fhir_link": [
      "PMC/Composition/505141b357cd9f6783cce9b4f832e07b45574ca5"
   ]
}