{
   "sha": "04c9a90c7714882a22670cb77fdcda1c42b575e1",
   "source_x": "Elsevier",
   "title": "Equine Arteritis Virus Subgenomic RNA Transcription: UV Inactivation and Translation Inhibition Studies",
   "doi": "10.1006/viro.1995.0009",
   "license": "els-covid",
   "abstract": "Abstract The expression of the genetic information of equine arteritis virus (EAV), an arterivirus, involves the synthesis of six subgenomic (sg) mRNAs. These are 5\u2032 and 3\u2032 coterminal since they are composed of a leader and a body sequence, which are identical to the 5\u2032 and 3\u2032 ends of the genome, respectively. Previously, it has been suggested thatcis-splicing of a genome-length precursor RNA is involved in their synthesis. This was reevaluated in a comparative analysis of the sg RNA synthesis of EAV, the coronavirus mouse hepatitis virus (MHV), and the alphavirus Sindbis virus. UV transcription mapping showed that the majority of the EAV sg RNAs made at later stages of infection is not derived from a genome-length precursor. However, complete independence of sg RNA synthesis from that of genomic RNA was never observed during the course of infection. The possibility that this resulted from UV irradiation-induced effects on the synthesis of the viral replicase was investigated by inhibiting translation using cycloheximide. For EAV, ongoing protein synthesis was found to be more important for the synthesis of sg RNA than for that of genomic RNA. In general, MHV transcription was extremely sensitive to translation inhibition, whereas EAV genomic RNA synthesis became independent ofde novoprotein synthesis late in infection.",
   "publish_time": "1995-11-30",
   "authors": [
      "DEN BOON, JOHAN A.",
      "SPAAN, WILLY J.M.",
      "SNIJDER, ERIC J."
   ],
   "journal": "Virology",
   "has_full_text": "True",
   "full_text_file": "custom_license",
   "id": "https://doi.org/10.1006/viro.1995.0009",
   "fhir_link": [
      "PMC/Composition/04c9a90c7714882a22670cb77fdcda1c42b575e1"
   ]
}