{
   "sha": "e91a8963319e880db85337b6198a8680f7cdd392",
   "source_x": "Elsevier",
   "title": "Maternal, neonatal, and child health in southeast Asia: towards greater regional collaboration",
   "doi": "10.1016/S0140-6736(10)62049-1",
   "license": "els-covid",
   "abstract": "Summary Although maternal and child mortality are on the decline in southeast Asia, there are still major disparities, and greater equity is key to achieve the Millennium Development Goals. We used comparable cross-national data sources to document mortality trends from 1990 to 2008 and to assess major causes of maternal and child deaths. We present inequalities in intervention coverage by two common measures of wealth quintiles and rural or urban status. Case studies of reduction in mortality in Thailand and Indonesia indicate the varying extents of success and point to some factors that accelerate progress. We developed a Lives Saved Tool analysis for the region and for country subgroups to estimate deaths averted by cause and intervention. We identified three major patterns of maternal and child mortality reduction: early, rapid downward trends (Brunei, Singapore, Malaysia, and Thailand); initially high declines (sustained by Vietnam but faltering in the Philippines and Indonesia); and high initial rates with a downward trend (Laos, Cambodia, and Myanmar). Economic development seems to provide an important context that should be coupled with broader health-system interventions. Increasing coverage and consideration of the health-system context is needed, and regional support from the Association of Southeast Asian Nations can provide increased policy support to achieve maternal, neonatal, and child health goals.",
   "publish_time": "2011-02-11",
   "authors": [
      "Acuin, Cecilia S",
      "Khor, Geok Lin",
      "Liabsuetrakul, Tippawan",
      "Achadi, Endang L",
      "Htay, Thein Thein",
      "Firestone, Rebecca",
      "Bhutta, Zulfiqar A"
   ],
   "journal": "The Lancet",
   "has_full_text": "True",
   "full_text_file": "custom_license",
   "id": "https://doi.org/10.1016/S0140-6736(10)62049-1",
   "fhir_link": [
      "PMC/Composition/e91a8963319e880db85337b6198a8680f7cdd392"
   ]
}