{
   "sha": "c3b5b166fa6e718046085fa6a6c7efc7434d40c5",
   "source_x": "Elsevier",
   "title": "ORAL CONTRACEPTIVES AND POST-MOLAR TROPHOBLASTIC TUMOURS",
   "doi": "10.1016/S0140-6736(80)92510-6",
   "pubmed_id": "6108422",
   "license": "els-covid",
   "publish_time": "1980-12-06",
   "authors": [
      "Bagshawe, K.D.",
      "Stone, Martin"
   ],
   "journal": "The Lancet",
   "has_full_text": "True",
   "full_text_file": "custom_license",
   "id": "https://doi.org/10.1016/S0140-6736(80)92510-6",
   "fhir_link": [
      "PMC/Composition/c3b5b166fa6e718046085fa6a6c7efc7434d40c5"
   ]
}