{
   "sha": "7168b87f268981a48734309017b3bb5b5962969a",
   "source_x": "Elsevier",
   "title": "Severe respiratory disease with rhinovirus detection: Role of bacteria in the most severe cases",
   "doi": "10.1016/j.jinf.2016.07.010",
   "pubmed_id": "27503065",
   "license": "els-covid",
   "publish_time": "2016-11-30",
   "authors": [
      "Armero, Georgina",
      "Launes, Cristian",
      "Hern\u00e1ndez-Platero, Llu\u00efsa",
      "Alejandre, Carme",
      "Mu\u00f1oz-Almagro, Carmen",
      "Jordan, Iolanda"
   ],
   "journal": "Journal of Infection",
   "has_full_text": "True",
   "full_text_file": "custom_license",
   "id": "https://doi.org/10.1016/j.jinf.2016.07.010",
   "fhir_link": [
      "PMC/Composition/7168b87f268981a48734309017b3bb5b5962969a"
   ]
}