{
   "source_x": "Elsevier",
   "title": "Antigen-presenting properties of gingival fibroblasts in chronic adult periodontitis",
   "doi": "10.1016/S0165-2478(97)85715-X",
   "license": "els-covid",
   "publish_time": "1997-05-31",
   "authors": [
      "Wassenaar, A.",
      "Snijders, A.",
      "Abraham-Inpijn, L.",
      "Kapsenberg, M.L.",
      "Kievits, F."
   ],
   "journal": "Immunology Letters",
   "has_full_text": "False",
   "full_text_file": "custom_license",
   "id": "https://doi.org/10.1016/S0165-2478(97)85715-X"
}