{
   "sha": "8d1498b4b95b0bf8f6d9577764fffcecd1bae360",
   "source_x": "Elsevier",
   "title": "Direct diagnosis of human respiratory coronaviruses 229E and OC43 by the polymerase chain reaction",
   "doi": "10.1016/S0166-0934(01)00343-3",
   "pubmed_id": "11483217",
   "license": "els-covid",
   "abstract": "Abstract An RT-PCR-hybridization was developed that amplified genetic material from the M protein gene of HCoV-229E and HCoV-OC43. The analytic sensitivity of these original primers were compared with primers defined in the N gene and described previously. The results show that 0.05 TCID50 of HCoV-229E and 0.01 TCID50 of HCoV-OC43 can be detected by this molecular method using the original method. Detection of HCoV-229E and HCoV-OC43 in clinical specimens is possible using this method: 348 respiratory specimens (202 sputum and 146 nasal aspirates) were tested with this RT-PCR-hybridization and 12 human coronavirus are detected (3%). The method could provide a useful tool for demonstrating the role of human coronavirus in infections of the respiratory tract.",
   "publish_time": "2001-09-30",
   "authors": [
      "Vabret, Astrid",
      "Mouthon, Franck",
      "Mourez, Thomas",
      "Gouarin, Stephanie",
      "Petitjean, Jo\u00eblle",
      "Freymuth, Fran\u00e7ois"
   ],
   "journal": "Journal of Virological Methods",
   "has_full_text": "True",
   "full_text_file": "custom_license",
   "id": "https://doi.org/10.1016/S0166-0934(01)00343-3",
   "fhir_link": [
      "PMC/Composition/8d1498b4b95b0bf8f6d9577764fffcecd1bae360"
   ]
}