{
   "sha": "2feee102eda67b8b2839d523ecb483ad42b53bd7",
   "source_x": "Elsevier",
   "title": "Enhancement of the immunogenicity of an infectious bronchitis virus DNA vaccine by a bicistronic plasmid encoding nucleocapsid protein and interleukin-2",
   "doi": "10.1016/j.jviromet.2008.01.017",
   "license": "els-covid",
   "abstract": "Abstract A DNA vaccine against infectious bronchitis virus (IBV) can induce specific humoral and cell-mediated immunity. However, compared to conventional vaccines, DNA vaccines usually induce poor antibody responses. To develop a more potent IBV DNA vaccine formulations, a monocistronic vector encoding the nucleocapsid protein of IBV and a bicistronic vector separately encoding the nucleocapsid protein and immune-stimulatory interleukin-2 were constructed. When the DNA vaccines were administered to the quadriceps muscle of chickens, the induced humoral and cellular responses were evaluated. There was a significant difference in ELISA antibody levels elicited by either monocistronic or bicistronic DNA vaccines. The percentage of CD3+, CD3+CD8+ and CD3+CD4+ subgroups of peripheral blood T-lymphocytes in chickens immunized with bicistronic DNA vaccine were higher than those in chickens immunized with monocistronic DNA vaccine. When chickens were challenged with a virulent strain of IBV, the protective efficacy could be enhanced significantly after immunization with bicistronic DNA vaccine. These results demonstrated that bicistronic DNA vaccine is an effective approach to increase IBV DNA vaccine immunogenicity.",
   "publish_time": "2008-04-30",
   "authors": [
      "Tang, Mengjun",
      "Wang, Hongning",
      "Zhou, Sheng",
      "Tian, Guobao"
   ],
   "journal": "Journal of Virological Methods",
   "has_full_text": "True",
   "full_text_file": "custom_license",
   "id": "https://doi.org/10.1016/j.jviromet.2008.01.017",
   "fhir_link": [
      "PMC/Composition/2feee102eda67b8b2839d523ecb483ad42b53bd7"
   ]
}