{
   "sha": "bd5157e1e77a1f5e200a1c249e43f995ae44a715",
   "source_x": "Elsevier",
   "title": "Development and evaluation of an antigen-capture ELISA for detection of the UL24 antigen of the duck enteritis virus, based on a polyclonal antibody against the UL24 expression protein",
   "doi": "10.1016/j.jviromet.2009.05.011",
   "pubmed_id": "19467266",
   "license": "els-covid",
   "abstract": "Abstract An antigen-capture enzyme-linked immunosorbent assay (AC-ELISA) method was developed for the efficient detection of the UL24 antigen of the duck enteritis virus (DEV) using polyclonal antibodies. Ducks and rabbits were immunized, respectively, with expressed UL24 recombinant protein. The IgG antibodies against UL24 from ducks and rabbits were purified and used as the capture antibodies. The specificity of the optimized AC-ELISA was evaluated by use of DEV, duck hepatitis virus (DHV), duck hepatitis B virus (DHBV), gosling plague virus (GPV), Riemerella anatipestifer (R.A.), Escherichia coli (E. coli), Pasteurella multocida (P.M.) and Salmonella Enteritidis (S.E.). Only DEV specimens yielded a specific and strong signal. The limit of the sensitivity of this method for the detection of DEV was 46ng/100\u03bcl. Compared with PCR and virus isolation, the rate of agreement for the detection of experimentally infected sera was 100%. A comparative test used on clinical specimens between the neutralization test and the AC-ELISA showed that the proportions of true positives and true negatives by the AC-ELISA were 0.90 and 0.67 respectively. These results indicated that the AC-ELISA approach is rapid, sensitive, and reliable for specific detection of DEV antigen.",
   "publish_time": "2009-10-31",
   "authors": [
      "Jia, Renyong",
      "Cheng, Anchun",
      "Wang, Mingshu",
      "Qi, Xuefeng",
      "Zhu, Dekang",
      "Ge, Han",
      "Luo, Qihui",
      "Liu, Fei",
      "Guo, Yufei",
      "Chen, Xiaoyue"
   ],
   "journal": "Journal of Virological Methods",
   "has_full_text": "True",
   "full_text_file": "custom_license",
   "id": "https://doi.org/10.1016/j.jviromet.2009.05.011",
   "fhir_link": [
      "PMC/Composition/bd5157e1e77a1f5e200a1c249e43f995ae44a715"
   ]
}