{
   "sha": "b662007562000abffc1438cced3ecfac780de171",
   "source_x": "Elsevier",
   "title": "Heterologous expression of full-length capsid protein of porcine circovirus 2 in Escherichia coli and its potential use for detection of antibodies",
   "doi": "10.1016/j.jviromet.2009.07.028",
   "pubmed_id": "19664658",
   "license": "els-covid",
   "abstract": "Abstract A capsid protein of porcine circovirus 2 (PCV 2) serves as a diagnostic antigen for the detection of PCV 2-associated disease known as a postweaning multisystemic wasting syndrome (PMWS). In this report, a bacterial expression system was developed for the expression and purification of the full-length PCV 2 capsid (Cap) protein from a codon-optimized cap gene. Replacement of rare arginine codons located at the 5\u2032 end of the cap reading frame with codons optimal for E. coli was found to overcome the poor expression of the viral protein in the prokaryotic system. The Cap protein was purified to greater than 95% homogeneity by using a single cation-exchange chromatography at a yield of 10mg per litre of bacterial culture. Despite the failure of the E. coli-expressed Cap protein to self-assemble into virus-like particles (VLPs), the immunization of mice with recombinant Cap yielded antibodies with the same specificity as those raised against native PCV 2 virions. In addition, the antigenic properties of the purified Cap protein were employed in a subunit-based indirect ELISA to monitor the levels of PCV 2 specific antibodies in piglets originating from a herd which was experiencing PCV 2 infection. These results pave the way for a straightforward large-scale production of the recombinant PCV 2 capsid protein and its use as a diagnostic antigen or a PCV 2 subunit vaccine.",
   "publish_time": "2009-12-31",
   "authors": [
      "Marcekova, Zuzana",
      "Psikal, Ivan",
      "Kosinova, Eva",
      "Benada, Oldrich",
      "Sebo, Peter",
      "Bumba, Ladislav"
   ],
   "journal": "Journal of Virological Methods",
   "has_full_text": "True",
   "full_text_file": "custom_license",
   "id": "https://doi.org/10.1016/j.jviromet.2009.07.028",
   "fhir_link": [
      "PMC/Composition/b662007562000abffc1438cced3ecfac780de171"
   ]
}