{
   "sha": "1de4fa1d2edead95545fa80b36501f2491b94ce5",
   "source_x": "Elsevier",
   "title": "Detection of human rhinoviruses by reverse transcription strand invasion based amplification method (RT-SIBA)",
   "doi": "10.1016/j.jviromet.2018.10.015",
   "pubmed_id": "30347198",
   "license": "els-covid",
   "abstract": "Abstract Background: Rhinovirus (RV), a major cause of respiratory infection in humans, imposes an enormous economic burden due to the direct and indirect costs associated with the illness. Accurate and timely diagnosis is crucial for deciding the appropriate clinical approach and minimizing unnecessary prescription of antibiotics. Diagnosis of RV is extremely challenging due to genetic and serological variability among its numerous types and their similarity to enteroviruses. Objective: We sought to develop a rapid nucleic acid test that can be used for the detection of Rhinovirus within both laboratory and near patient settings. Study design: We developed and evaluated a novel isothermal nucleic acid amplification method called Reverse Transcription Strand Invasion-Based Amplification (RT-SIBA) to rapidly detect Rhinovirus from clinical specimens. Result: The method, RT-SIBA, detected RV in clinical specimens with high analytical sensitivity (96%) and specificity (100%). The time to positive result was significantly shorter for the RV RT-SIBA assay than for a reference RV nucleic acid amplification method (RT-qPCR). Conclusion: The rapid detection time of the RV SIBA assay, as well as its compatibility with portable instruments, will facilitate prompt diagnosis of infection and thereby improve patient care.",
   "publish_time": "2019-01-31",
   "authors": [
      "Kainulainen, Veera",
      "Elf, Sonja",
      "Susi, Petri",
      "M\u00e4ki, Minna",
      "Pitk\u00e4ranta, Anne",
      "Koskinen, Janne O.",
      "Korpela, Riitta",
      "Eboigbodin, Kevin E."
   ],
   "journal": "Journal of Virological Methods",
   "has_full_text": "True",
   "full_text_file": "custom_license",
   "id": "https://doi.org/10.1016/j.jviromet.2018.10.015",
   "fhir_link": [
      "PMC/Composition/1de4fa1d2edead95545fa80b36501f2491b94ce5"
   ]
}