{
   "sha": "a31ab266e29c84202fb292bd667319662c8337cf",
   "source_x": "Elsevier",
   "title": "Oligonucleotide antiviral therapeutics: Antisense and RNA interference for highly pathogenic RNA viruses",
   "doi": "10.1016/j.antiviral.2007.12.008",
   "pubmed_id": "18258313",
   "license": "els-covid",
   "abstract": "Abstract RNA viruses are a significant source of morbidity and mortality in humans every year. Additionally, the potential use of these viruses in acts of bioterrorism poses a threat to national security. Given the paucity of vaccines or postexposure therapeutics for many highly pathogenic RNA viruses, novel treatments are badly needed. Sequence-based drug design, under development for almost 20 years, is proving effective in animal models and has moved into clinical trials. Important advances in the field include the characterization of RNA interference in mammalian cells and chemical modifications that can dramatically increase the in vivo stability of therapeutic oligonucleotides. Antisense strategies utilize single-stranded DNA oligonucleotides that inhibit protein production by mediating the catalytic degradation of target mRNA, or by binding to sites on mRNA essential for translation. Double-stranded RNA oligonucleotides, known as short-interfering RNAs (siRNAs), also mediate the catalytic degradation of complementary mRNAs. As RNA virus infection is predicated on the delivery, replication, and translation of viral RNA, these pathogens present an obvious target for the rapidly advancing field of sequence-specific therapeutics. Antisense oligonucleotides or siRNAs can be designed to target the viral RNA genome or viral transcripts. This article reviews current knowledge on therapeutic applications of antisense and RNA interference for highly pathogenic RNA viral infections.",
   "publish_time": "2008-04-30",
   "authors": [
      "Spurgers, Kevin B.",
      "Sharkey, C. Matthew",
      "Warfield, Kelly L.",
      "Bavari, Sina"
   ],
   "journal": "Antiviral Research",
   "has_full_text": "True",
   "full_text_file": "custom_license",
   "id": "https://doi.org/10.1016/j.antiviral.2007.12.008",
   "fhir_link": [
      "PMC/Composition/a31ab266e29c84202fb292bd667319662c8337cf"
   ]
}