{
   "sha": "9462e8c8723432e2e93b0b9050d2108d7f075079",
   "source_x": "Elsevier",
   "title": "Transmissible gastroenteritis virus: Identification of M protein-binding peptide ligands with antiviral and diagnostic potential",
   "doi": "10.1016/j.antiviral.2013.06.015",
   "pubmed_id": "23830854",
   "license": "els-covid",
   "abstract": "Abstract The membrane (M) protein is one of the major structural proteins of coronavirus particles. In this study, the M protein of transmissible gastroenteritis virus (TGEV) was used to biopan a 12-mer phage display random peptide library. Three phages expressing TGEV-M-binding peptides were identified and characterized in more depth. A phage-based immunosorbent assay (phage-ELISA) capable of differentiating TGEV from other coronaviruses was developed using one phage, phTGEV-M7, as antigen. When the phage-ELISA was compared to conventional antibody-based ELISA for detecting infections, phage-ELISA exhibited greater sensitivity. A chemically synthesized, TGEV-M7 peptide (pepTGEV-M7; HALTPIKYIPPG) was evaluated for antiviral activity. Plaque-reduction assays revealed that pepTGEV-M7 was able to prevent TGEV infection in vitro (p <0.01) following pretreatment of the virus with the peptide. Indirect immunofluorescence and real-time RT-PCR confirmed the inhibitory effects of the peptide. These results indicate that pepTGEV-M7 might be utilized for virus-specific diagnostics and treatment.",
   "publish_time": "2013-09-30",
   "authors": [
      "Zou, Hao",
      "Zarlenga, Dante S.",
      "Sestak, Karol",
      "Suo, Siqingaowa",
      "Ren, Xiaofeng"
   ],
   "journal": "Antiviral Research",
   "has_full_text": "True",
   "full_text_file": "custom_license",
   "id": "https://doi.org/10.1016/j.antiviral.2013.06.015",
   "fhir_link": [
      "PMC/Composition/9462e8c8723432e2e93b0b9050d2108d7f075079"
   ]
}