{
   "sha": "915788ebeda17fe0f3f6dc5a7ef7d31343dba162",
   "source_x": "Elsevier",
   "title": "Yeast-based assays for the high-throughput screening of inhibitors of coronavirus RNA cap guanine-N7-methyltransferase",
   "doi": "10.1016/j.antiviral.2014.02.002",
   "license": "els-covid",
   "abstract": "Abstract The 5\u2032-cap structure is a distinct feature of eukaryotic mRNAs and is important for RNA stability and protein translation by providing a molecular signature for the distinction of self or non-self mRNA. Eukaryotic viruses generally modify the 5\u2032-end of their RNAs to mimic the cellular mRNA structure, thereby facilitating viral replication in host cells. However, the molecular organization and biochemical mechanisms of the viral capping apparatus typically differ from its cellular counterpart, which makes viral capping enzymes attractive targets for drug discovery. Our previous work showed that SARS coronavirus (SARS-CoV) non-structural protein 14 represents a structurally novel and unique guanine-N7-methyltransferase (N7-MTase) that is able to functionally complement yeast cellular N7-MTase. In the present study, we developed a yeast-based system for identifying and screening inhibitors against coronavirus N7-MTase using both 96-well and 384-well microtiter plates. The MTase inhibitors previously identified by in vitro biochemical assays were tested, and some, such as sinefungin, effectively suppressed N7-MTase in the yeast system. However, other compounds, such as ATA and AdoHcy, did not exert an inhibitory effect within a cellular context. These results validated the yeast assay system for inhibitor screening yet also demonstrated the difference between cell-based and in vitro biochemical assays. The yeast system was applied to the screening of 3000 natural product extracts, and three were observed to more potently inhibit the activity of coronavirus than human N7-MTase.",
   "publish_time": "2014-04-30",
   "authors": [
      "Sun, Ying",
      "Wang, Zidao",
      "Tao, Jiali",
      "Wang, Yi",
      "Wu, Andong",
      "Yang, Ziwen",
      "Wang, Kaimei",
      "Shi, Liqiao",
      "Chen, Yu",
      "Guo, Deyin"
   ],
   "journal": "Antiviral Research",
   "has_full_text": "True",
   "full_text_file": "custom_license",
   "id": "https://doi.org/10.1016/j.antiviral.2014.02.002",
   "fhir_link": [
      "PMC/Composition/915788ebeda17fe0f3f6dc5a7ef7d31343dba162"
   ]
}