{
   "sha": "b51420874cdac09d4e44db51ced412a9b7b11168",
   "source_x": "Elsevier",
   "title": "Suppression of porcine reproductive and respiratory syndrome virus proliferation by glycyrrhizin",
   "doi": "10.1016/j.antiviral.2015.06.001",
   "pubmed_id": "26055123",
   "license": "els-covid",
   "abstract": "Abstract Glycyrrhizin is a natural component extracted from the roots of Glycyrrhiza glabra. In this study, we investigated the antiviral activity of glycyrrhizin against porcine reproductive and respiratory syndrome virus (PRRSV), an Arterivirus that has been devastating the swine industry worldwide since the late 1980s. Our results showed that treatment with glycyrrhizin significantly reduced PRRSV proliferation and PRRSV-encoded protein expression in a dose-dependent manner. Mechanistically, glycyrrhizin mainly inhibits the penetration stage, and has little effect on the steps of adsorption or release of PRRSV in its life cycle. Furthermore, we were able to exclude a direct inhibitory action of glycyrrhizin on PRRSV particles. Given these results, glycyrrhizin may be a candidate component for a novel porcine reproductive and respiratory syndrome (PRRS) control strategy.",
   "publish_time": "2015-08-31",
   "authors": [
      "Duan, Erzhen",
      "Wang, Dang",
      "Fang, Liurong",
      "Ma, Jun",
      "Luo, Jingyi",
      "Chen, Huanchun",
      "Li, Kui",
      "Xiao, Shaobo"
   ],
   "journal": "Antiviral Research",
   "has_full_text": "True",
   "full_text_file": "custom_license",
   "id": "https://doi.org/10.1016/j.antiviral.2015.06.001",
   "fhir_link": [
      "PMC/Composition/b51420874cdac09d4e44db51ced412a9b7b11168"
   ]
}