{
   "sha": "671d14a9553ecce89589ccef31aed7cbe079361a",
   "source_x": "Elsevier",
   "title": "Cellular protein GLTSCR2: A valuable target for the development of broad-spectrum antivirals",
   "doi": "10.1016/j.antiviral.2017.03.004",
   "pubmed_id": "28286234",
   "license": "els-covid",
   "abstract": "Abstract Viral infection induces translocation of the nucleolar protein GLTSCR2 from the nucleus to the cytoplasm, resulting in attenuation of the type I interferon IFN-\u03b2. Addressing the role of GLTSCR2 in viral replication, we detect that knocking down GLTSCR2 by shRNAs results in significant suppression of viral replication in mammalian and chicken cells. Injection of chicken embryo with the GLTSCR2-specific shRNA-1370 simultaneously or 24 h prior to infection with Newcastle disease virus (NDV) substantially reduces viral replication in chicken embryo fibroblasts. Injection of shRNA-1370 into chicken embryo also reduces the replication of avian influenza virus (AIV). In contrast, GLTSCR2-derived protein G4-T, forming \u03b1-helical dimers, increases replication of seven various DNA and RNA viruses in cells. Our studies reveal that alteration of the function of cellular GLTSCR2 plays a role in supporting viral replication. GLTSCR2 should be seriously considered as a therapeutic target for developing broad spectrum antiviral agents to effectively control viral infection.",
   "publish_time": "2017-06-30",
   "authors": [
      "Li, Cui-Cui",
      "Dong, Hui-Jun",
      "Wang, Peng",
      "Meng, Wen",
      "Chi, Xiao-Jing",
      "Han, Shi-Chong",
      "Ning, Shuo",
      "Wang, Chuang",
      "Wang, Xiao-Jia"
   ],
   "journal": "Antiviral Research",
   "has_full_text": "True",
   "full_text_file": "custom_license",
   "id": "https://doi.org/10.1016/j.antiviral.2017.03.004",
   "fhir_link": [
      "PMC/Composition/671d14a9553ecce89589ccef31aed7cbe079361a"
   ]
}