{
   "sha": "f31038fde5984b92a3b4bb4be0f763e9041ba557",
   "source_x": "Elsevier",
   "title": "A case\u2013control study of pathogen and lifestyle risk factors for diarrhoea in dogs",
   "doi": "10.1016/j.prevetmed.2011.02.009",
   "pubmed_id": "21420191",
   "license": "els-covid",
   "abstract": "Abstract Diarrhoea is a common and multi-factorial condition in dogs, the aetiology of which is often incompletely understood. A case\u2013control study was carried out to compare the carriage of some common canine enteric pathogens (enteric coronavirus, parvovirus, distemper, endoparasites, Campylobacter and Salmonella spp.), as well as lifestyle factors such as vaccination history, diet and contact with other species, in dogs presenting at first opinion veterinary practices with and without diarrhoea. Multivariable conditional logistic regression showed that dogs in the study which scavenged or had had a recent change of diet (OR 3.5, p =0.002), had recently stayed in kennels (OR 9.5, p =0.01), or were fed a home-cooked diet (OR 4, p =0.002) were at a significantly greater risk of diarrhoea, whilst being female (OR 0.4, p =0.01), currently up to date with routine vaccinations (OR 0.4, p =0.05) and having contact with horse faeces (OR 0.4, p =0.06) were associated with a reduced risk. None of the pathogens tested for was a significant factor in the final multivariable model suggesting that in this predominantly vaccinated population, diarrhoea may be more associated with lifestyle risk factors than specific pathogens.",
   "publish_time": "2011-05-01",
   "authors": [
      "Stavisky, Jenny",
      "Radford, Alan David",
      "Gaskell, Rosalind",
      "Dawson, Susan",
      "German, Alex",
      "Parsons, Bryony",
      "Clegg, Simon",
      "Newman, Jenny",
      "Pinchbeck, Gina"
   ],
   "journal": "Preventive Veterinary Medicine",
   "has_full_text": "True",
   "full_text_file": "custom_license",
   "id": "https://doi.org/10.1016/j.prevetmed.2011.02.009",
   "fhir_link": [
      "PMC/Composition/f31038fde5984b92a3b4bb4be0f763e9041ba557"
   ]
}