{
   "sha": "cd282ecd515db6ca4e241942e7e916548898bda2",
   "source_x": "Elsevier",
   "title": "Nucleotide sequence variation of the VP7 gene of two G3-type rotaviruses isolated from dogs",
   "doi": "10.1016/S0168-1702(00)00230-6",
   "pubmed_id": "11226570",
   "license": "els-covid",
   "abstract": "Abstract The sequence of the VP7 gene of two rotaviruses isolated from dogs in southern Italy was determined and the inferred amino acid sequence was compared with that of other rotavirus strains. There was very high nucleotide and amino acid identity between canine strain RV198/95 and other canine strains, and to the human strain HCR3A. Strain RV52/96, however, was found to have about 95% identity to the G3 serotype canine strains K9, A79-10 and CU-1 and 96% identity to strain RV198/95 and to the simian strain RRV. Therefore both of the canine strains belong to the G3 serotype. Nevertheless, detailed analysis of the VP7 variable regions revealed that RV52/96 possesses amino acid substitutions uncommon to the other canine isolates. In addition, strain RV52/96 exhibited a nucleotide divergence greater than 16% from all the other canine strains studied; however, it revealed the closest identity (90.4%) to the simian strain RRV. With only a few exceptions, phylogenetic analysis allowed clear differentiation of the G3 rotaviruses on the basis of the species of origin. The nucleotide and amino acid variations observed in strain RV52/96 could account for the existence of a canine rotavirus G3 sub-type.",
   "publish_time": "2001-04-30",
   "authors": [
      "Martella, V.",
      "Pratelli, A.",
      "Greco, G.",
      "Gentile, M.",
      "Fiorente, P.",
      "Tempesta, M.",
      "Buonavoglia, C."
   ],
   "journal": "Virus Research",
   "has_full_text": "True",
   "full_text_file": "custom_license",
   "id": "https://doi.org/10.1016/S0168-1702(00)00230-6",
   "fhir_link": [
      "PMC/Composition/cd282ecd515db6ca4e241942e7e916548898bda2"
   ]
}