{
   "sha": "670bf5f321381ae161143b5e13d811e099218e82",
   "source_x": "Elsevier",
   "title": "Immune response induced by spike protein from transmissible gastroenteritis coronavirus expressed in mouse mammary cells",
   "doi": "10.1016/j.virusres.2007.04.004",
   "pubmed_id": "17532081",
   "license": "els-covid",
   "abstract": "Abstract The present study is undertaken to investigate the immune response that was induced by the recombinant spike (S) protein from swine-transmissible gastroenteritis virus (TGEV) expressed in mouse mammary cells. A mammary-specific expression vector pEBS containing the full-length cDNA of S gene was constructed and expressed in the mouse mammary cells (EMT6). The recombinant S protein from culture supernatant of transgenic EMT6 was harvested and immunized BALB/c mice. The results demonstrated recombinant S protein was expressed at high levels in mammary cells by Western blotting and enzyme-linked immunosorbent assay (ELISA) detection. The antibody titer in BALB/c mice following immunization with recombinant S protein was detectable after the first immunization. Maximum titers of antibody (8.86\u00b10.19ng/ml of serum) were attained after the second immunization. In conclusion, the recombinant S protein expressed in mammary cells was able to elicit substantial immunological response against TGEV. This lays the basis for using mammary gland bioreactor generating edible vaccine.",
   "publish_time": "2007-09-30",
   "authors": [
      "Peng, Shu-Ying",
      "Lv, Ning",
      "Zhang, Yong",
      "Bi, Cong-Ming",
      "Cao, Jun-Wei",
      "Li, Zhi-Yan",
      "Zhang, Shi-Qiang",
      "He, Xiao-Ning"
   ],
   "journal": "Virus Research",
   "has_full_text": "True",
   "full_text_file": "custom_license",
   "id": "https://doi.org/10.1016/j.virusres.2007.04.004",
   "fhir_link": [
      "PMC/Composition/670bf5f321381ae161143b5e13d811e099218e82"
   ]
}