{
   "sha": "e1453bea78424afaa6fd66d773da792ab8980f3a",
   "source_x": "Elsevier",
   "title": "Inhibition of porcine transmissible gastroenteritis virus (TGEV) replication in mini-pigs by shRNA",
   "doi": "10.1016/j.virusres.2009.12.012",
   "pubmed_id": "20080134",
   "license": "els-covid",
   "abstract": "Abstract Transmissible gastroenteritis virus (TGEV) is the causative agent of porcine transmissible gastroenteritis (TGE), characterized by high mortality and severely retarded growth in piglets that dramatically affects the porcine industry. Previously, we have identified two shRNA-expressing plasmids pEGFP-U6/P1 and pEGFP-U6/P2 that target RNA-dependent RNA polymerase (RdRP) gene of TGEV with more than 95% of virus inhibition in vitro. In this study, inhibition of the TGEV replication by pEGFP-U6/P1 and pEGFP-U6/P2 was tested in mini-pigs. SPF mini-pigs at 25 days old were injected with the shRNA-expressing plasmids and then infected with TGEV. The results from the analyses of clinical signs, histopathology, indirect immunofluorescence (IIF) and RT-PCR show that the two shRNA-expressing plasmids could significantly decrease the quantity of TGEV in different organs and protect mini-pigs from TGEV infection. These findings illustrate the prospect for TGEV-specific shRNAs to be new anti-TGEV agents.",
   "publish_time": "2010-04-30",
   "authors": [
      "Zhou, Junfang",
      "Huang, Fen",
      "Hua, Xiuguo",
      "Cui, Li",
      "Zhang, Wen",
      "Shen, Yan",
      "Yan, Yijia",
      "Chen, Piren",
      "Ding, Dezhong",
      "Mou, Jing",
      "Chen, Qi",
      "Lan, Daoliang",
      "Yang, Zhibiao"
   ],
   "journal": "Virus Research",
   "has_full_text": "True",
   "full_text_file": "custom_license",
   "id": "https://doi.org/10.1016/j.virusres.2009.12.012",
   "fhir_link": [
      "PMC/Composition/e1453bea78424afaa6fd66d773da792ab8980f3a"
   ]
}