{
   "sha": "d6ed376c58b4945786f08b2d23010d0a29a80f8c",
   "source_x": "Elsevier",
   "title": "Identification of a linear epitope on the capsid protein of classical swine fever virus",
   "doi": "10.1016/j.virusres.2011.01.009",
   "license": "els-covid",
   "abstract": "Abstract The capsid (C) protein of Classical swine fever virus (CSFV) is proposed to play an essential role in the replication and translation of the viral RNA. In this study, a monoclonal antibody (mAb) directed against the C protein was generated with the recombinant C protein expressed in Escherichia coli as immunogen. IFA and IPMA analysis showed that the native C protein of CSFV virions was reactive to the mAb. By truncating the C protein, we identified a linear epitope recognized by the mAb, corresponding to amino acids 61TQDGLYHNKN70 of the CSFV C protein, which is well conserved among pestiviruses. Laser confocal analysis showed that the C protein mainly locates in the cellular nucleoplasm and nucleolus of PK-15 cells. The results have implications for further study of CSFV replication.",
   "publish_time": "2011-03-31",
   "authors": [
      "Zhang, Xin",
      "Xu, Jia",
      "Sun, Yuan",
      "Li, Su",
      "Li, Na",
      "Yang, Shuo",
      "He, Fan",
      "Huang, Jun-Hua",
      "Ling, Li-Jun",
      "Qiu, Hua-Ji"
   ],
   "journal": "Virus Research",
   "has_full_text": "True",
   "full_text_file": "custom_license",
   "id": "https://doi.org/10.1016/j.virusres.2011.01.009",
   "fhir_link": [
      "PMC/Composition/d6ed376c58b4945786f08b2d23010d0a29a80f8c"
   ]
}