{
   "sha": "6d02914238a99c539638fa7bed1e5a658c731c1f",
   "source_x": "Elsevier",
   "title": "Zoonoses in the Emergence of Human Viral Diseases",
   "doi": "10.1016/S0168-7069(06)16003-6",
   "license": "els-covid",
   "abstract": "Viral zoonoses have represented a significant public health problem throughout history, affecting all continents. Furthermore, many viral zoonoses have emerged or reemerged in recent years, highlighting the importance of such diseases. Emerging viral zoonoses encompass a vast number of different viruses and many different transmission modes. There are many factors influencing the epidemiology of the various zoonoses, such as ecological changes, changes in agriculture and food production, the movement of pathogens, including via travel and trade, human behavior and demographical factors, and microbial changes and adaptation. Cost-effective prevention and control of emerging viral zoonoses necessitates an interdisciplinary and holistic approach and international cooperation. Surveillance, laboratory capability, research, training and education, and last but not least, information and communication are key elements.",
   "publish_time": "2006-12-31",
   "authors": [
      "\u00c5sj\u00f6, Birgitta",
      "Kruse, Hilde"
   ],
   "journal": "Perspectives in Medical Virology",
   "has_full_text": "True",
   "full_text_file": "custom_license",
   "id": "https://doi.org/10.1016/S0168-7069(06)16003-6",
   "fhir_link": [
      "PMC/Composition/6d02914238a99c539638fa7bed1e5a658c731c1f"
   ]
}