{
   "sha": "bd970c92e320913cd3e04887916e764ab1231494",
   "source_x": "Elsevier",
   "title": "Ambulatory care visits and quality of care: does the volume-control policy matter?",
   "doi": "10.1016/j.healthpol.2005.01.017",
   "pubmed_id": "16226143",
   "license": "els-covid",
   "abstract": "Abstract Using claims data from the Bureau of National Health Insurance (BNHI) in Taiwan and primary data collected from 940 patients who visited their physicians at out-patient clinics to complete questionnaire, we investigated the effects of the hospital volume control policy on the frequency of visits, medical expenses and patient satisfaction. We found that the volume control policy on ambulatory care decreased physician fees and increased both the number of visits and co-payments. However, it did not result in any change in the total medical expenses. A shift in ambulatory care expenditure from BNHI to patients did not improve patient satisfaction. While the patients were comfortable with the waiting line, they were not satisfied with the providers\u2019 strategy of limiting quota of visits during a period of time.",
   "publish_time": "2005-11-30",
   "authors": [
      "Yeh, Shu-Chuan Jennifer",
      "Lo, Ying-Ying",
      "Wan, Thomas T.H."
   ],
   "journal": "Health Policy",
   "has_full_text": "True",
   "full_text_file": "custom_license",
   "id": "https://doi.org/10.1016/j.healthpol.2005.01.017",
   "fhir_link": [
      "PMC/Composition/bd970c92e320913cd3e04887916e764ab1231494"
   ]
}