{
   "sha": "3883b3e9bec22a13be60193180b05c107c63cdf0",
   "source_x": "Elsevier",
   "title": "Delivery of therapeutic oligonucleotides with cell penetrating peptides",
   "doi": "10.1016/j.addr.2015.02.008",
   "pubmed_id": "25747758",
   "license": "els-covid",
   "abstract": "Abstract Oligonucleotide-based drugs have received considerable attention for their capacity to modulate gene expression very specifically and as a consequence they have found applications in the treatment of many human acquired or genetic diseases. Clinical translation has been often hampered by poor biodistribution, however. Cell-penetrating peptides (CPPs) appear as a possibility to increase the cellular delivery of non-permeant biomolecules such as nucleic acids. This review focuses on CPP-delivery of several classes of oligonucleotides (ONs), namely antisense oligonucleotides, splice switching oligonucleotides (SSOs) and siRNAs. Two main strategies have been used to transport ONs with CPPs: covalent conjugation (which is more appropriate for charge-neutral ON analogues) and non-covalent complexation (which has been used for siRNA delivery essentially). Chemical synthesis, mechanisms of cellular internalization and various applications will be reviewed. A comprehensive coverage of the enormous amount of published data was not possible. Instead, emphasis has been put on strategies that have proven to be effective in animal models of important human diseases and on examples taken from the authors' own expertise.",
   "publish_time": "2015-06-29",
   "authors": [
      "Boisgu\u00e9rin, Prisca",
      "Deshayes, S\u00e9bastien",
      "Gait, Michael J.",
      "O'Donovan, Liz",
      "Godfrey, Caroline",
      "Betts, Corinne A.",
      "Wood, Matthew J.A.",
      "Lebleu, Bernard"
   ],
   "journal": "Advanced Drug Delivery Reviews",
   "has_full_text": "True",
   "full_text_file": "custom_license",
   "id": "https://doi.org/10.1016/j.addr.2015.02.008",
   "fhir_link": [
      "PMC/Composition/3883b3e9bec22a13be60193180b05c107c63cdf0"
   ]
}