{
   "sha": "0d3951ca998dcf8afe1e56a79eee85da0bc438b1",
   "source_x": "Elsevier",
   "title": "Molecular Diagnostic Assays for Infectious Diseases in Cats",
   "doi": "10.1016/j.cvsm.2010.07.012",
   "pubmed_id": "20933144",
   "license": "els-covid",
   "publish_time": "2010-11-30",
   "authors": [
      "Veir, Julia K.",
      "Lappin, Michael R."
   ],
   "journal": "Veterinary Clinics of North America: Small Animal Practice",
   "has_full_text": "True",
   "full_text_file": "custom_license",
   "id": "https://doi.org/10.1016/j.cvsm.2010.07.012",
   "fhir_link": [
      "PMC/Composition/0d3951ca998dcf8afe1e56a79eee85da0bc438b1"
   ]
}