{
   "sha": "cb8b64a9b132b17468dc87a44eb83660b168f107",
   "source_x": "Elsevier",
   "title": "Spread of infectious microbes during emergency medical response",
   "doi": "10.1016/j.ajic.2015.02.025",
   "pubmed_id": "26042849",
   "license": "els-covid",
   "abstract": "Background To our knowledge, no studies to date demonstrate potential spread of microbes during actual emergency medical service (EMS) activities. Our study introduces a novel approach to identification of contributors to EMS environment contamination and development of infection control strategies, using a bacteriophage surrogate for pathogenic organisms. Methods Bacteriophage \u03a6X174 was used to trace cross-contamination and evaluate current disinfection practices and a hydrogen peroxide (H2O2) wipe intervention within emergency response vehicles. Prior to EMS calls, 2 surfaces were seeded with \u03a6X174. On call completion, EMS vehicle and equipment surfaces were sampled before decontamination, after decontamination per current practices, and after implementation of the intervention. Results Current decontamination practices did not significantly reduce viral loads on surfaces (P = .3113), but H2O2 wipe intervention did (P = .0065). Bacteriophage spread to 56% (27/48) of sites and was reduced to 54% (26/48) and 40% (19/48) with current decontamination practices and intervention practices, respectively. Conclusion Results suggest firefighters' hands were the main vehicles of microbial transfer. Current practices were not consistently applied or standardized and minimally reduced prevalence and quantity of microbial contamination on EMS surfaces. Although use of a consistent protocol of H2O2 wipes significantly reduced percent prevalence and concentration of viruses, training and promotion of surface disinfection should be provided.",
   "publish_time": "2015-06-01",
   "authors": [
      "Valdez, Melissa K.",
      "Sexton, Jonathan D.",
      "Lutz, Eric A.",
      "Reynolds, Kelly A."
   ],
   "journal": "American Journal of Infection Control",
   "has_full_text": "True",
   "full_text_file": "custom_license",
   "id": "https://doi.org/10.1016/j.ajic.2015.02.025",
   "fhir_link": [
      "PMC/Composition/cb8b64a9b132b17468dc87a44eb83660b168f107"
   ]
}