{
   "sha": "bb763d0f78ef16dc35915e08cf7edfaee89cea80",
   "source_x": "Elsevier",
   "title": "Improving knowledge and compliance with infection control Standard Precautions among undergraduate nursing students in Jordan",
   "doi": "10.1016/j.ajic.2017.09.010",
   "pubmed_id": "29102051",
   "license": "els-covid",
   "abstract": "Introduction The recent emergence and reemergence of infectious diseases have made the knowledge and practice of standard infection control precautions in developing countries more important than ever. However, schools of nursing in Jordan do not have a prescribed curriculum in Standard Precautions. Purpose To test the effectiveness of using of an online education module and a learning contract on knowledge and compliance with infection control Standard Precautions among undergraduate nursing students in Jordan. Methods A sample of 256 undergraduate nursing students participated in an online education module in infection control Standard Precautions. A pretest\u2013posttest design tested effectiveness using an online questionnaire (Questionnaires for Knowledge and Compliance with Standard Precautions) before and after the online instruction. Results Initially, subjects reported low levels of knowledge and compliance with Standard Precaution practices and relatively few (15.2%) had high scores. Compliance with Standard Precautions was somewhat better (27%). Significant differences in the mean scores of knowledge and compliance between pretest and posttest were found. Conclusion Online instruction offers a consistent and effective method to include Standard Precautions into nursing education. Organizations that oversee nursing in Jordan have the option to strengthen all nursing curricula by mandating a standardized infection control curricula across all schools of nursing.",
   "publish_time": "2018-03-31",
   "authors": [
      "Hassan, Zeinab M."
   ],
   "journal": "American Journal of Infection Control",
   "has_full_text": "True",
   "full_text_file": "custom_license",
   "id": "https://doi.org/10.1016/j.ajic.2017.09.010",
   "fhir_link": [
      "PMC/Composition/bb763d0f78ef16dc35915e08cf7edfaee89cea80"
   ]
}