{
   "sha": "38ae41435cfa3bbbe259a5348cab773e88f6d7a5",
   "source_x": "Elsevier",
   "title": "The analysis of the relationships of Korean outbound tourism demand: Jeju Island and three international destinations",
   "doi": "10.1016/j.tourman.2008.10.013",
   "license": "els-covid",
   "abstract": "Abstract This paper investigates the determinants of the relationship among Korean outbound tourism demand for Jeju Island and three other Asian island countries using the multivariate generalized autoregressive conditional heteroskedasticity (MGARCH) and Vector Error Correction (VEC) models. It is found that pairwise conditional correlations among tourism demand for Jeju, Thailand, Singapore and the Philippines are not constant but time-varying. Estimated conditional correlations among Jeju and the three Asian countries are negative over some time periods. This implies that the three Asian countries are substitutes for Jeju in certain specific time horizons. The VEC model is used to investigate the short-run and long-run dynamic relationships and the results reveal that Industrial Production Index and real exchange rates had the positive or negative impact on conditional correlations of tourism demand for these destinations. Tourism policy implications are discussed for managing tourism demand for these destinations.",
   "publish_time": "2009-08-31",
   "authors": [
      "Seo, Joo Hwan",
      "Park, Sung Yong",
      "Yu, Larry"
   ],
   "journal": "Tourism Management",
   "has_full_text": "True",
   "full_text_file": "custom_license",
   "id": "https://doi.org/10.1016/j.tourman.2008.10.013",
   "fhir_link": [
      "PMC/Composition/38ae41435cfa3bbbe259a5348cab773e88f6d7a5"
   ]
}