{
   "sha": "325c22d779f60b92dc7eeeb30fad97bee8ef1660",
   "source_x": "Elsevier",
   "title": "A new conjugate for the ELISA quantitation of porcine IgA",
   "doi": "10.1016/0022-1759(85)90062-6",
   "pubmed_id": "3902975",
   "license": "els-covid",
   "abstract": "Abstract The preparation of a new soluble immune complex conjugate (anti-IgA-IgA-peroxidase), suitable for use in the ELISA technique is described. This conjugate requires pure IgA and specific anti-IgA, but the enzyme (peroxidase) was easily conjugated to the IgA.",
   "publish_time": "1985-10-24",
   "authors": [
      "Bernard, S.",
      "Lantier, I."
   ],
   "journal": "Journal of Immunological Methods",
   "has_full_text": "True",
   "full_text_file": "custom_license",
   "id": "https://doi.org/10.1016/0022-1759(85)90062-6",
   "fhir_link": [
      "PMC/Composition/325c22d779f60b92dc7eeeb30fad97bee8ef1660"
   ]
}