{
   "sha": "cee722c7b4eb5a035ba5555a93b6f7c133945f8e",
   "source_x": "Elsevier",
   "title": "Characterization of an outbreak of astroviral diarrhea in a group of cheetahs (Acinonyx jubatus)",
   "doi": "10.1016/j.vetmic.2008.10.035",
   "pubmed_id": "19171442",
   "license": "els-covid",
   "abstract": "Abstract A Mamastrovirus was identified in an outbreak of diarrhea in cheetahs (Acinonyx jubatus). Five young adult and two adult cheetahs presented with lethargy, anorexia, watery diarrhea and regurgitation over an 11-day period. Fecal samples were submitted for electron microscopy and culture. Electron microscopy results revealed particles morphologically consistent with an astrovirus, and no other viral pathogens or significant bacterial pathogens were identified. The astrovirus was confirmed and sequenced using consensus astroviral PCR, resulting in a 367 base pair partial RNA-dependent-RNA polymerase (RdRp) product and a 628 base pair partial capsid product. Bayesian and maximum likelihood phylogenetic analyses were performed on both the RdRp and the capsid protein segments. All animals were monitored and treated with bismuth subsalicylate tablets (524mg PO BID for 5 days), and recovered without additional intervention. This is the first report we are aware of documenting an astrovirus outbreak in cheetah.",
   "publish_time": "2009-04-14",
   "authors": [
      "Atkins, Adrienne",
      "Wellehan, James F.X.",
      "Childress, April L.",
      "Archer, Linda L.",
      "Fraser, William A.",
      "Citino, Scott B."
   ],
   "journal": "Veterinary Microbiology",
   "has_full_text": "True",
   "full_text_file": "custom_license",
   "id": "https://doi.org/10.1016/j.vetmic.2008.10.035",
   "fhir_link": [
      "PMC/Composition/cee722c7b4eb5a035ba5555a93b6f7c133945f8e"
   ]
}