{
   "sha": "a080640d17fb8db7f8bf5b0eebb8cf24c8396aae",
   "source_x": "Elsevier",
   "title": "Experimental study on a comprehensive particle swarm optimization method for locating contaminant sources in dynamic indoor environments with mechanical ventilation",
   "doi": "10.1016/j.enbuild.2019.03.032",
   "license": "els-covid",
   "abstract": "Abstract Source localization is critical to ensuring indoor air quality and environmental safety. Although considerable research has been conducted on source localization in steady-state indoor environments, very few studies have dealt with the more challenging source localization problems in dynamic indoor environments. This paper presents a comprehensive particle swarm optimization (CPSO) method to locate a contaminant source in dynamic indoor environments with mechanical ventilation and develops a multi-robot source localization system to experimentally validate the method. Three robots were used to test the presented method in a typical dynamic indoor environment with periodic swinging of the air supply louvers of a cabinet air conditioner. The presented method was validated with two typical source locations, DS (in the downwind zone) and RS (in the recirculation zone). For DS and RS, 15 and 14 experiments out of 15 experiments were successful, with success rates of 100% and 93.3%, and each robot moved an average of 24.4 and 23.6 steps, respectively. The presented method was also compared with the standard particle swarm optimization (SPSO) and wind utilization II (WUII) methods for locating the source at DS. For the SPSO and WUII methods, only 3 and 6 experiments out of 15 experiments were successful, with success rates of 20% and 40% and averages of 33.0 and 38.0 steps, respectively. The experimental results show that the presented method not only has a much higher success rate than the SPSO and WUII methods but also has higher source localization efficiency.",
   "publish_time": "2019-08-01",
   "authors": [
      "Feng, Qilin",
      "Cai, Hao",
      "Chen, Zhilong",
      "Yang, Yibin",
      "Lu, Jingyu",
      "Li, Fei",
      "Xu, Jiheng",
      "Li, Xianting"
   ],
   "journal": "Energy and Buildings",
   "has_full_text": "True",
   "full_text_file": "custom_license",
   "id": "https://doi.org/10.1016/j.enbuild.2019.03.032",
   "fhir_link": [
      "PMC/Composition/a080640d17fb8db7f8bf5b0eebb8cf24c8396aae"
   ]
}