{
   "sha": "71a63454c9107845ac3ac298cdfbe7fb20f3a876",
   "source_x": "Elsevier",
   "title": "Bilan biologique de 59 cas de pneumopathies aigu\u00ebs atypiques",
   "doi": "10.1016/S0399-077X(79)80065-7",
   "license": "els-covid",
   "abstract": "Summary A prospective survey was undertaken in patients hospitalized from january 1976 to april 1978 with clinical, biological and radiological features of atypical pneumonia. In all patients samples were taken early and 15 days after the on set of the disease to detect specific serum antibodies to influenza A and B viruses, parainfluenza type I, II and III, adenoviruses, respiratory syncitial virus, Micoplasma pneumoniae and Chlamydia psittaci. A fourfold rise in antibodies was observed in 23,7 % of patients (M. pneumoniae 43 %, influenza A virus 28,5 % and C. psittaci 14 %). Taking into account titers equal or higher than 1/64, a specific agent can be recognized in 50 % of 59 cases. Because of those poor results, the delay to obtain them and their cost, the interest of such a laboratory study is questionable.",
   "publish_time": "1979-12-31",
   "authors": [
      "Ghanassia, J.P.",
      "Avril, M.F.",
      "Vezinet, F.",
      "Modai, J."
   ],
   "journal": "M\u00e9decine et Maladies Infectieuses",
   "has_full_text": "True",
   "full_text_file": "custom_license",
   "id": "https://doi.org/10.1016/S0399-077X(79)80065-7",
   "fhir_link": [
      "PMC/Composition/71a63454c9107845ac3ac298cdfbe7fb20f3a876"
   ]
}