{
   "sha": "7c546df1abb5797b209c32b5087f61e785484680",
   "source_x": "Elsevier",
   "title": "Tobacco, a highly efficient green bioreactor for production of therapeutic proteins",
   "doi": "10.1016/j.biotechadv.2009.11.008",
   "pubmed_id": "19961918",
   "license": "els-covid",
   "abstract": "Abstract Molecular farming of pharmaceuticals in plants has the potential to provide almost unlimited amounts of recombinant proteins for use in disease diagnosis, prevention or treatment. Tobacco has been and will continue to be a major crop for molecular farming and offers several practical advantages over other crops. It produces significant leaf biomass, has high soluble protein content and is a non-food crop, minimizing the risk of food-chain contamination. This, combined with its flexibility and highly-efficient genetic transformation/regeneration, has made tobacco particularly well suited for plant-based production of biopharmaceutical products. The goal of this review is to provide an update on the use of tobacco for molecular farming of biopharmaceuticals as well the technologies developed to enhance protein production/purification/efficacy. We show that tobacco is a robust biological reactor with a multitude of applications and may hold the key to success in plant molecular farming.",
   "publish_time": "2010-04-30",
   "authors": [
      "Tremblay, Reynald",
      "Wang, David",
      "Jevnikar, Anthony M.",
      "Ma, Shengwu"
   ],
   "journal": "Biotechnology Advances",
   "has_full_text": "True",
   "full_text_file": "custom_license",
   "id": "https://doi.org/10.1016/j.biotechadv.2009.11.008",
   "fhir_link": [
      "PMC/Composition/7c546df1abb5797b209c32b5087f61e785484680"
   ]
}