{
   "sha": "55d5ea25045f73ffdd9bb81993030e5bec9a3449",
   "source_x": "Elsevier",
   "title": "An attempt at measuring health in nucleus and multiplier pig farms",
   "doi": "10.1016/0301-6226(93)90113-V",
   "license": "els-covid",
   "abstract": "Abstract A pilot epidemiological inquiry was undertaken in France in a group of 205 nucleus and multiplier pig farms. The aim was to find out a method for a quantitative evaluation of the health level in farms selling young breeders. An exhaustive protocol was prepared for data collection. The sources of information were clinical inspections on the farms, meat inspection data at slaughter and laboratory investigations. Data processing issued in the selection of a profile made of 14 prevailing health indicators. These were then associated so as to set up a health index with an overall score. In a second phase, the relevance of the method with respect to disease transmission was assessed. The principle was a contact challenge within totally controlled facilities between SPF pigs hysterectomy-derived and gilts taken from farms with different health scores as previously checked. The contact lasted for 28 days. Eleven farms were chosen and in every one of them 7 gilts were sampled and 10 SPF pigs were assigned to each of these farms. All the pigs were submitted to a detailed observation. At the end of it the pigs were euthanized at the laboratory and checked to find out any lesions and infectious agents. A wide range of symptoms appeared among the SPF pigs. Mortality rate was 14.6%. Pneumonia affected 23.7% of them. A relationship was found between the germ transfer and the severity of the troubles. The degree of illness in SPF pigs was clearly related to the score obtained previously in the corresponding farms. Consequently, the method was considered as valid with respect to health evaluation.",
   "publish_time": "1993-04-30",
   "authors": [
      "Madec, F",
      "Kobisch, M",
      "Leforban, Y"
   ],
   "journal": "Livestock Production Science",
   "has_full_text": "True",
   "full_text_file": "custom_license",
   "id": "https://doi.org/10.1016/0301-6226(93)90113-V",
   "fhir_link": [
      "PMC/Composition/55d5ea25045f73ffdd9bb81993030e5bec9a3449"
   ]
}