{
   "sha": "b76f4a4bd2af0739fd5ac82b0783f0c117a14322",
   "source_x": "Elsevier",
   "title": "Fighting viruses with antibiotics: an overlooked path",
   "doi": "10.1016/j.ijantimicag.2016.07.004",
   "pubmed_id": "27546219",
   "license": "els-covid",
   "publish_time": "2016-10-31",
   "authors": [
      "Colson, Philippe",
      "Raoult, Didier"
   ],
   "journal": "International Journal of Antimicrobial Agents",
   "has_full_text": "True",
   "full_text_file": "custom_license",
   "id": "https://doi.org/10.1016/j.ijantimicag.2016.07.004",
   "fhir_link": [
      "PMC/Composition/b76f4a4bd2af0739fd5ac82b0783f0c117a14322"
   ]
}