{
   "sha": "b50b6fe4ccf8a7d9c184d932d0ca99f7d0e4c447",
   "source_x": "Elsevier",
   "title": "Simultaneous and automated detection of influenza A virus hemagglutinin H7 and H9 based on magnetism and size mediated microfluidic chip",
   "doi": "10.1016/j.snb.2020.127675",
   "license": "els-covid",
   "abstract": "Abstract Influenza viruses with multiple subtypes have highly virulent in humans, of which influenza hemagglutinin (HA) is the major viral surface antigen. Simultaneous and automated detection of multiple influenza HA are of great importance for early-stage diagnosis and operator protection. Herein, a magnetism and size mediated microfluidic platform was developed for point-of-care detection of multiple influenza HA. With multiplex microvalves and computer program control, the detection process showed high automation which had a great potential for avoiding the high-risk virus exposure to the operator. Taking advantage of magnetism and size mediated multiple physical fields, multiple influenza HA could be simultaneous separation and detection depended on different-size magnetic beads. Using high-luminance quantum dots as reporter, this assay achieved high sensitivity with a detection limit of 3.4 ng/mL for H7N9 HA and 4.5 ng/mL for H9N2 HA, and showed excellent specificity, anti-interference ability and good reproducibility. These results indicate that this method may propose new avenues for early detection of multiple influenza subtypes.",
   "publish_time": "2020-04-01",
   "authors": [
      "Wang, Shuibing",
      "Ai, Zhao",
      "Zhang, Zefen",
      "Tang, Man",
      "Zhang, Nangang",
      "Liu, Feng",
      "Han, Gujing",
      "Hong, Shao-Li",
      "Liu, Kan"
   ],
   "journal": "Sensors and Actuators B: Chemical",
   "has_full_text": "True",
   "full_text_file": "custom_license",
   "id": "https://doi.org/10.1016/j.snb.2020.127675",
   "fhir_link": [
      "PMC/Composition/b50b6fe4ccf8a7d9c184d932d0ca99f7d0e4c447"
   ]
}