{
   "sha": "73f7a5c202ee3e20d3c5015cff6427b1c3719fed",
   "source_x": "Elsevier",
   "title": "Declining Emergency Department Visits and Costs During the Severe Acute Respiratory Syndrome (SARS) Outbreak",
   "doi": "10.1016/S0929-6646(09)60106-6",
   "license": "els-covid",
   "abstract": "Background The immediate and long-term impact of severe acute respiratory syndrome (SARS) outbreak on emergency department (ED) visits and hospital expenditures for these visits has not been thoroughly investigated. The objectives of this retrospective observational study investigated the impact of SARS outbreak on ED visits and the cost of these visits in a designated SARS medical center. Methods Data related to the total number of ED visits and their costs were collected for the SARS epidemic period in 2003 and the same period in the preceding year in 2002. Data collected included total number of ED visits, services provided, triage categories, and total expenditures for all patients. Data for before and during the outbreak were retrieved and compared. Results At the peak of the SARS epidemic, the reduction in daily ED visits reached 51.6% of pre-epidemic numbers (p < 0.01). In pediatric, trauma and non-trauma patients, the maximum mean decreases in number of visits were 80.0% (p < 0.01), 57.6% (p < 0.01) and 40.8% (p < 0.01), respectively. In triage 1, 2 and 3 patients, the maximum mean decreases were 18.1% (p < 0.01), 55.9% (p < 0.01) and 53.7% (p < 0.01), respectively. The maximum decrease in total costs was 37.7% (p < 0.01). The maximum mean costs per patient increased 35.9% (p < 0.01). The proportions of increases in mean costs for each patient were attributed to laboratory investigations (31.4%), radiography (21.9%) and medications (29.5%). Conclusion The SARS outbreak resulted in a marked reduction in the number of ED visits which persisted for 3 months after the end of the epidemic. Total cost of treating individual patients showed a simultaneous marked increase, while overall operational costs in the ED showed a marked decrease. The increased total cost for each patient was attributed to the increased number of diagnostic procedures to screen for possible SARS in the ED.",
   "publish_time": "2006-12-31",
   "authors": [
      "Huang, Hsien-Hao",
      "Yen, David Hung-Tsang",
      "Kao, Wei-Fong",
      "Wang, Lee-Min",
      "Huang, Chun-I",
      "Lee, Chen-Hsen"
   ],
   "journal": "Journal of the Formosan Medical Association",
   "has_full_text": "True",
   "full_text_file": "custom_license",
   "id": "https://doi.org/10.1016/S0929-6646(09)60106-6",
   "fhir_link": [
      "PMC/Composition/73f7a5c202ee3e20d3c5015cff6427b1c3719fed"
   ]
}