{
   "sha": "09c0f34d0786ea58eb16048ed2f441d159f5071e",
   "source_x": "Elsevier",
   "title": "Epidemiological survey in a day care center following toddler sudden death due to human metapneumovirus infection",
   "doi": "10.1016/j.arcped.2019.10.002",
   "pubmed_id": "31685408",
   "license": "els-covid",
   "abstract": "Abstract We report the sudden death of a 33-month-old child owing to acute respiratory distress syndrome due to human metapneumovirus (hMPV) infection. Of 30 children attending the same day care centre, 26% and 59% had hMPV and multiple infections, respectively; three of six children with pneumonia had a diagnosis of hMPV. hMPV infection is common in childhood viral co-infections but it can cause sudden death.",
   "publish_time": "2019-11-30",
   "authors": [
      "Lormeau, B.",
      "Foulongne, V.",
      "Baccino, E.",
      "Adriansen, A.",
      "Pidoux, O.",
      "Prodhomme, O.",
      "Haquet, A.",
      "Guyon, G.",
      "Jeziorski, E."
   ],
   "journal": "Archives de P\u00e9diatrie",
   "has_full_text": "True",
   "full_text_file": "custom_license",
   "id": "https://doi.org/10.1016/j.arcped.2019.10.002",
   "fhir_link": [
      "PMC/Composition/09c0f34d0786ea58eb16048ed2f441d159f5071e"
   ]
}