{
   "sha": "c74103d221a534d0d7b946109eb696437880e7fe",
   "source_x": "Elsevier",
   "title": "Growth of Mycoplasma bovis in organ cultures of bovine foetal trachea and comparison with Mycoplasma dispar",
   "doi": "10.1016/0378-1135(87)90044-7",
   "pubmed_id": "3551320",
   "license": "els-covid",
   "abstract": "Abstract Inoculation of tracheal organ cultures from bovine foetuses with Mycoplasma bovis resulted in a loss of cellular structure of the lamina propria, followed 20\u201322 days later by lifting and detachment of overlying epithelium. The effect was associated with large numbers of M. bovis, identified by immunoperoxidase labelling and electromicroscopy, infiltrating between the epithelial cells and amassing in the lamina propria, especially in the region of the basement membrane of the epithelium. Ciliary activity was undiminished for up to 18 days following inoculation and little or no cytopathic effect on the ciliated epithelium was seen in spite of the close proximity of large numbers of organisms. In contrast, M. dispar was restricted to the margin of the ciliated epithelium where, as previously reported, it caused pyknosis, sloughing and flattening of the epithelium with consequent loss of ciliary activity. The cytopathology observed for each mycoplasma bore a close similarity to the behaviour of the two mycoplasmas in vivo and it is suggested that the organ culture system may be a useful and relevant system to elucidate the pathogenic mechanisms for each mycoplasma.",
   "publish_time": "1987-02-28",
   "authors": [
      "Thomas, L.H.",
      "Howard, C.J.",
      "Parsons, K.R.",
      "Anger, H.S."
   ],
   "journal": "Veterinary Microbiology",
   "has_full_text": "True",
   "full_text_file": "custom_license",
   "id": "https://doi.org/10.1016/0378-1135(87)90044-7",
   "fhir_link": [
      "PMC/Composition/c74103d221a534d0d7b946109eb696437880e7fe"
   ]
}