{
   "sha": "1ef3be3443da57bba760d29bcdbfc399ddd5fbde",
   "source_x": "Elsevier",
   "title": "New classes of Gram-positive selective antibacterials: Inhibitors of MRSA and surrogates of the causative agents of anthrax and tuberculosis",
   "doi": "10.1016/j.bmcl.2008.09.085",
   "pubmed_id": "18849164",
   "license": "els-covid",
   "abstract": "Abstract An antimicrobial phenolic stilbene, (E)-3-hydroxy-5-methoxystilbene, 1 was recently isolated from the leaves of Comptonia peregrina (L.) Coulter and shown to possess inhibitory activity against several Gram-positive bacteria, including isolates of methicillin-resistant Staphylococcus aureus (MRSA), Mycobacterium bovis BCG, and avirulent Bacillus anthracis (Sterne strain), among others. These results prompted the design and synthesis of two new classes of compounds, phenoxystyrenes and phenothiostyrenes, as analogs of the natural antimicrobial stilbene. These and additional stilbenoid analogs were synthesized using new, efficient, copper-mediated coupling strategies. Minimum inhibitory concentration (MIC) antimicrobial assays were performed on all compounds prepared. These preliminary structure\u2013activity relationship studies indicated that both new classes of synthetic analogs, as well as the stilbenes, show promising activity against Gram-positive bacteria when at least one phenolic moiety is present, but not when absent. The potencies of the phenolic phenoxystyrenes and phenothiostyrenes were found to be comparable to those of the phenolic stilbenes tested.",
   "publish_time": "2008-11-01",
   "authors": [
      "Kabir, M. Shahjahan",
      "Engelbrecht, Kathleen",
      "Polanowski, Rebecca",
      "Krueger, Sarah M.",
      "Ignasiak, Rachel",
      "Rott, Marc",
      "Schwan, William R.",
      "Stemper, Mary E.",
      "Reed, Kurt D.",
      "Sherman, David",
      "Cook, James M.",
      "Monte, Aaron"
   ],
   "journal": "Bioorganic & Medicinal Chemistry Letters",
   "has_full_text": "True",
   "full_text_file": "custom_license",
   "id": "https://doi.org/10.1016/j.bmcl.2008.09.085",
   "fhir_link": [
      "PMC/Composition/1ef3be3443da57bba760d29bcdbfc399ddd5fbde"
   ]
}