{
   "sha": "4c86f353b91d0a371995b5c6f5f02b69253babe8",
   "source_x": "Elsevier",
   "title": "Early experience with influenza A H1N109 in an Australian intensive care unit",
   "doi": "10.1016/j.iccn.2010.05.005",
   "pubmed_id": "20599382",
   "license": "els-covid",
   "abstract": "Summary Influenza is a common seasonal viral infection that affects large numbers of people. In early 2009, many people were admitted to hospitals in Mexico with severe respiratory failure following an influenza-like illness, subtyped as H1N1. An increased mortality rate was observed. By June 2009, H1N1 was upgraded to pandemic status. In June\u2013July, Australian ICUs were experiencing increased activity due to the influenza pandemic. While hospitals implemented plans for the pandemic, the particularly heavy demand to provide critical care facilities to accommodate an influx of people with severe respiratory failure became evident and placed a great burden on provision of these services. This paper describes the initial experience (June to mid September) of the pandemic from the nursing perspective in a single Australian ICU. Patients were noted to be younger with a higher proportion of women, two of whom were pregnant. Two patients had APACHE III comorbidity. Of the 31 patients admitted during this period, three patients died in ICU and one patient died in hospital. Aerosol precautions were initiated for all patients. The requirement for single room accommodation placed enormous demands for bed management in ICU. Specific infection control procedures were developed to deal with this new pandemic influenza.",
   "publish_time": "2010-08-31",
   "authors": [
      "Leen, Tim",
      "Williams, Teresa A.",
      "Campbell, Lorraine",
      "Chamberlain, Jenny",
      "Gould, Andree",
      "McEntaggart, Geraldine",
      "Leslie, Gavin D."
   ],
   "journal": "Intensive and Critical Care Nursing",
   "has_full_text": "True",
   "full_text_file": "custom_license",
   "id": "https://doi.org/10.1016/j.iccn.2010.05.005",
   "fhir_link": [
      "PMC/Composition/4c86f353b91d0a371995b5c6f5f02b69253babe8"
   ]
}