{
   "sha": "61da96e057e06590c56c3fb5603b968adbcff909",
   "source_x": "Elsevier",
   "title": "Phosphoramidates of 2\u2032-\u03b2-d-arabinouridine (AraU) as phosphate prodrugs; design, synthesis, in vitro activity and metabolism",
   "doi": "10.1016/j.bmc.2010.02.059",
   "pubmed_id": "20299228",
   "license": "els-covid",
   "abstract": "Abstract 2\u2032-\u03b2-d-Arabinouridine (AraU), the uridine analogue of the anticancer agent AraC, was synthesized and evaluated for antiviral activity and cytotoxicity. In addition, a series of AraU monophosphate prodrugs in the form of triester phosphoramidates (ProTides) were also synthesized and tested against a range of viruses, leukaemia and solid tumour cell lines. Unfortunately, neither the parent compound (AraU) nor any of its ProTides showed antiviral activity, nor potent inhibitory activity against any of the cancer cell lines. Therefore, the metabolism of AraU phosphoramidates to release AraU monophosphate was investigated. The results showed carboxypeptidase Y, hog liver esterase and crude CEM tumor cell extracts to hydrolyse the ester motif of phosphoramidates with subsequent loss of the aryl group, while molecular modelling studies suggested that the AraU l-alanine aminoacyl phosphate derivative might not be a good substrate for the phosphoramidase enzyme Hint-1. These findings are in agreement with the observed disappearance of intact prodrug and concomitant appearance of the corresponding phosphoramidate intermediate derivative in CEM cell extracts without measurable formation of araU monophosphate. These findings may explain the poor antiviral/cytostatic potential of the prodrugs.",
   "publish_time": "2010-04-01",
   "authors": [
      "Mehellou, Youcef",
      "Valente, Rocco",
      "Mottram, Huw",
      "Walsby, Elisabeth",
      "Mills, Kenneth I.",
      "Balzarini, Jan",
      "McGuigan, Christopher"
   ],
   "journal": "Bioorganic & Medicinal Chemistry",
   "has_full_text": "True",
   "full_text_file": "custom_license",
   "id": "https://doi.org/10.1016/j.bmc.2010.02.059",
   "fhir_link": [
      "PMC/Composition/61da96e057e06590c56c3fb5603b968adbcff909"
   ]
}