{
   "source_x": "Elsevier",
   "title": "In vitro antiviral activity of phlorotannins isolated from Ecklonia cava against porcine epidemic diarrhea coronavirus infection and hemagglutination",
   "doi": "10.1016/j.bmc.2013.04.085",
   "license": "els-covid",
   "abstract": "Abstract Despite the prepdominat agent causing severe entero-pathogenic diarrhea in swine, there are no effective therapeutical treatment of porcine epidemic diarrhea virus (PEDV). In this study, we evaluated the antiviral activity of five phlorotannins isolated from Ecklonia cava (E. cava) against PEDV. In vitro antiviral activity was tested using two different assay strategies: (1) blockage of the binding of virus to cells (simultaneous-treatment assay) and (2) inhibition of viral replication (post-treatment assay). In simultaneous-treatment assay, compounds 2\u20135 except compound 1 exhibited antiviral activities of a 50% inhibitory concentration (IC50) with the ranging from 10.8\u00b11.4 to 22.5\u00b12.2\u03bcM against PEDV. Compounds 1\u20135 were completely blocked binding of viral spike protein to sialic acids at less than 36.6\u03bcM concentrations by hemagglutination inhibition. Moreover, compounds 4 and 5 of five phlorotannins inhibited viral replication with IC50 values of 12.2\u00b12.8 and 14.6\u00b11.3\u03bcM in the post-treatment assay, respectively. During virus replication steps, compounds 4 and 5 exhibited stronger inhibition of viral RNA and viral protein synthesis in late stages (18 and 24h) than in early stages (6 and 12h). Interestingly, compounds 4 and 5 inhibited both viral entry by hemagglutination inhibition and viral replication by inhibition of viral RNA and viral protein synthesis, but not viral protease. These results suggest that compounds isolated from E. cava have strong antiviral activity against PEDV, inhibiting viral entry and/or viral replication, and may be developed into natural therapeutic drugs against coronavirus infection.",
   "publish_time": "2013-08-01",
   "authors": [
      "Kwon, Hyung-Jun",
      "Ryu, Young Bae",
      "Kim, Young-Min",
      "Song, Naaleum",
      "Kim, Cha Young",
      "Rho, Mun-Chual",
      "Jeong, Jae-Ho",
      "Cho, Kyoung-Oh",
      "Lee, Woo Song",
      "Park, Su-Jin"
   ],
   "journal": "Bioorganic & Medicinal Chemistry",
   "has_full_text": "False",
   "full_text_file": "custom_license",
   "id": "https://doi.org/10.1016/j.bmc.2013.04.085"
}