{
   "sha": "083bb571cdf8f88088dc617a4fddd4dbba99dd5e",
   "source_x": "Elsevier",
   "title": "The hidden threat of unidentified agents of disease in human and veterinary biologicals",
   "doi": "10.1016/j.biologicals.2013.03.004",
   "pubmed_id": "23622811",
   "license": "els-covid",
   "publish_time": "2013-05-31",
   "authors": [
      "Chiu, Charles"
   ],
   "journal": "Biologicals",
   "has_full_text": "True",
   "full_text_file": "custom_license",
   "id": "https://doi.org/10.1016/j.biologicals.2013.03.004",
   "fhir_link": [
      "PMC/Composition/083bb571cdf8f88088dc617a4fddd4dbba99dd5e"
   ]
}