{
   "sha": "0704d276c8659ec9a18ca9a8a3d33413250eb680",
   "source_x": "Elsevier",
   "title": "Human Avian Influenza: How Ready Are We?",
   "doi": "10.1016/j.jana.2006.11.005",
   "pubmed_id": "17338983",
   "license": "els-covid",
   "abstract": "Three influenza pandemics emerged in the 20th century, and scientists are concerned that the currently circulating, highly pathogenic A (H5N1) avian influenza virus could lead to the next pandemic, one as deadly as the 1918 influenza pandemic. Not since the identification of HIV and AIDS will the duty to care among health care providers be tested as during such an event. Nonetheless, the expertise of health care providers is an integral part of the response to a pandemic. In the fight against flu, forewarned is forearmed. This report provides an overview of avian influenza (a.k.a. bird flu) and phases of pandemic influenza, with an emphasis on what health care providers should know to be prepared for a human avian influenza outbreak and the next pandemic.",
   "publish_time": "2007-02-28",
   "authors": [
      "Goldrick, Barbara A."
   ],
   "journal": "Journal of the Association of Nurses in AIDS Care",
   "has_full_text": "True",
   "full_text_file": "custom_license",
   "id": "https://doi.org/10.1016/j.jana.2006.11.005",
   "fhir_link": [
      "PMC/Composition/0704d276c8659ec9a18ca9a8a3d33413250eb680"
   ]
}