{
   "sha": "5c44a8511bfb0d48f61531c5ef81f65732490e24",
   "source_x": "Elsevier",
   "title": "Selected Emerging Diseases in Ferrets",
   "doi": "10.1016/j.cvex.2013.02.003",
   "pubmed_id": "23642872",
   "license": "els-covid",
   "publish_time": "2013-05-31",
   "authors": [
      "Wyre, Nicole R.",
      "Michels, Dennis",
      "Chen, Sue"
   ],
   "journal": "Veterinary Clinics of North America: Exotic Animal Practice",
   "has_full_text": "True",
   "full_text_file": "custom_license",
   "id": "https://doi.org/10.1016/j.cvex.2013.02.003",
   "fhir_link": [
      "PMC/Composition/5c44a8511bfb0d48f61531c5ef81f65732490e24"
   ]
}