{
   "sha": "3364596826c6341e4d0d914c3a175ef9c23dbf6f",
   "source_x": "Elsevier",
   "title": "Characteristics of IFITM, the newly identified IFN-inducible anti-HIV-1 family proteins",
   "doi": "10.1016/j.micinf.2012.12.003",
   "pubmed_id": "23376165",
   "license": "els-covid",
   "abstract": "Abstract IFN-inducible IFITM proteins (IFITM1, 2, and 3) inhibit the replication of various viruses including HIV-1 through poorly understood mechanisms. Here, we further analyzed characteristics of these newly identified HIV-1 restriction factors. Firstly, in contrast to other anti-HIV-1 proteins, such as tetherin and APOBEC3G, IFITMs were resistant to a down-regulation of surface expression or degradation by HIV-1 proteins. Secondly, the enforced expression of IFITMs reduced the production of HIV-1 viruses from cells transfected with proviral plasmids containing whole viral sequences. Although their inhibitory activities were modest when compared to that of tetherin, IFITMs, but not tetherin, directly reduced the expression of HIV-1 proteins including Gag, Vif and Nef. Of importance, however, IFITMs had no inhibitory effect when these viral proteins were expressed by codon-optimized cDNAs that bypassed the viral-specific expression machinery. Indeed, our results supported the idea that IFITMs interfere with viral protein expression mediated by double-stranded viral RNAs, such as RRE and TAR. Finally, the S-palmitoylation of IFITMs, which is crucial for their anti-influenza virus activity, was not required for their anti-HIV-1 activity, indicating that IFITMs restrict these viruses at different steps. These characteristics lead to a better understanding of the mechanism by which IFITMs restrict HIV-1 and other viruses.",
   "publish_time": "2013-04-30",
   "authors": [
      "Chutiwitoonchai, Nopporn",
      "Hiyoshi, Masateru",
      "Hiyoshi-Yoshidomi, Yuka",
      "Hashimoto, Michihiro",
      "Tokunaga, Kenzo",
      "Suzu, Shinya"
   ],
   "journal": "Microbes and Infection",
   "has_full_text": "True",
   "full_text_file": "custom_license",
   "id": "https://doi.org/10.1016/j.micinf.2012.12.003",
   "fhir_link": [
      "PMC/Composition/3364596826c6341e4d0d914c3a175ef9c23dbf6f"
   ]
}