{
   "sha": "7418eee7b09eb0f10a276f74bb7ce7e40ad57a80",
   "source_x": "Elsevier",
   "title": "Severe Acute Respiratory Syndrome (SARS)",
   "doi": "10.1016/j.jcv.2003.08.005",
   "pubmed_id": "14522062",
   "license": "els-covid",
   "publish_time": "2003-12-31",
   "authors": [
      "Peiris, J.S.M"
   ],
   "journal": "Journal of Clinical Virology",
   "has_full_text": "True",
   "full_text_file": "custom_license",
   "id": "https://doi.org/10.1016/j.jcv.2003.08.005",
   "fhir_link": [
      "PMC/Composition/7418eee7b09eb0f10a276f74bb7ce7e40ad57a80"
   ]
}