{
   "sha": "060f83d466d0f77513f8e3d2b55e149894211b64",
   "source_x": "Elsevier",
   "title": "Evidence of human coronavirus HKU1 and human bocavirus in Australian children",
   "doi": "10.1016/j.jcv.2005.09.008",
   "pubmed_id": "16257260",
   "license": "els-covid",
   "abstract": "Abstract Undiagnosed cases of respiratory tract disease suspected of an infectious aetiology peak during the winter months. Since studies applying molecular diagnostic assays usually report reductions in the number of undiagnosed cases of infectious disease compared to traditional techniques, we applied PCR assays to investigate the role of two recently described viruses, namely human coronavirus (HCoV) HKU1 and human bocavirus (HBoV), in a hospital-based paediatric population. Both viruses were found among Australia children with upper or lower respiratory tract disease during the autumn and winter of 2004, contributing to 21.1% of all microbial diagnoses, with individual incidences of 3.1% (HCoV-HKU1) and 5.6% (HBoV) among 324 specimens. HBoV was found to coincide with another virus in more than half of all instances and displayed a single genetic lineage, whilst HCoV-HKU1 was more likely to occur in the absence of another microbe and strains could be divided into two genetic lineages which we propose be termed HCoV-HKU1 type A and type B. Children under the age of 2 years were most at risk of infection by these viruses which contribute significantly to the microbial burden among patients with respiratory tract disease during the colder months.",
   "publish_time": "2006-01-31",
   "authors": [
      "Sloots, Theo P.",
      "McErlean, Peter",
      "Speicher, David J.",
      "Arden, Katherine E.",
      "Nissen, Michael D.",
      "Mackay, Ian M."
   ],
   "journal": "Journal of Clinical Virology",
   "has_full_text": "True",
   "full_text_file": "custom_license",
   "id": "https://doi.org/10.1016/j.jcv.2005.09.008",
   "fhir_link": [
      "PMC/Composition/060f83d466d0f77513f8e3d2b55e149894211b64"
   ]
}