{
   "sha": "7899c49f31d697c6fc8af1cdc7bf1a169a432131",
   "source_x": "Elsevier",
   "title": "Preventive measures against MERS-CoV for Hajj pilgrims",
   "doi": "10.1016/S1473-3099(13)70259-7",
   "pubmed_id": "24070554",
   "license": "els-covid",
   "publish_time": "2013-10-31",
   "authors": [
      "Gautret, Philippe",
      "Benkouiten, Samir",
      "Salaheddine, Imane",
      "Parola, Philippe",
      "Brouqui, Philippe"
   ],
   "journal": "The Lancet Infectious Diseases",
   "has_full_text": "True",
   "full_text_file": "custom_license",
   "id": "https://doi.org/10.1016/S1473-3099(13)70259-7",
   "fhir_link": [
      "PMC/Composition/7899c49f31d697c6fc8af1cdc7bf1a169a432131"
   ]
}