{
   "sha": "415b03048e8a3b6f018ba9c57564da3c210832c4",
   "source_x": "Elsevier",
   "title": "From SARS and avian flu to swine flu",
   "doi": "10.1016/S1526-0542(10)70036-1",
   "license": "els-covid",
   "publish_time": "2010-12-31",
   "authors": [
      "Wong, G.W.K."
   ],
   "journal": "Paediatric Respiratory Reviews",
   "has_full_text": "True",
   "full_text_file": "custom_license",
   "id": "https://doi.org/10.1016/S1526-0542(10)70036-1",
   "fhir_link": [
      "PMC/Composition/415b03048e8a3b6f018ba9c57564da3c210832c4"
   ]
}