{
   "sha": "0cac647a835066dffdeac3ec4bcfafb742ccb178",
   "source_x": "Elsevier",
   "title": "Will First-Responders Show Up for Work During a Pandemic? Lessons From a Smallpox Vaccination Survey of Paramedics",
   "doi": "10.1016/j.dmr.2007.02.002",
   "pubmed_id": "17517362",
   "license": "els-covid",
   "abstract": "Background The presence of H5N1 influenza in Southeast Asia has reawakened fears of a worldwide influenza pandemic of the sort that occurred in 1918. It is estimated that up to 1.9 million people in the United States could die if such an outbreak occurs. It is unlikely that a vaccine for a pandemic strain will be available quickly enough to protect first-responders. Similar concerns existed in 2002 when the United States attempted to vaccinate first-responders against smallpox, a potential biologic weapon. Method We conducted a survey of one group of first-responders, paramedics, to determine if fear of infection would compromise their ability to care for persons potentially infected with smallpox. Results Three hundred paramedics were given the survey, and 95 (32%) responded. More than 80% of paramedics polled would not remain on duty if there were no vaccine and no protective gear. Even if protective gear was available but the vaccine was unavailable, only 39% of respondents would remain on duty. Finally, although 91% of paramedics would remain on duty if they were fully protected, this number falls to 38% if the respondent believed that his or her immediate family was not protected. The results of this survey are relevant to current concerns about an influenza pandemic. Every effort must be made to protect first-responders from pandemic influenza and educate them about it.",
   "publish_time": "2007-06-30",
   "authors": [
      "Mackler, Niklas",
      "Wilkerson, William",
      "Cinti, Sandro"
   ],
   "journal": "Disaster Management & Response",
   "has_full_text": "True",
   "full_text_file": "custom_license",
   "id": "https://doi.org/10.1016/j.dmr.2007.02.002",
   "fhir_link": [
      "PMC/Composition/0cac647a835066dffdeac3ec4bcfafb742ccb178"
   ]
}