{
   "source_x": "Elsevier",
   "title": "151* Sino-pulmonary pairs of mucoid and non-mucoid Pseudomonas aeruginosa isolates from cystic fibrosis patients with chronic airways infection have similar gene expression profiles",
   "doi": "10.1016/S1569-1993(11)60167-7",
   "license": "els-covid",
   "publish_time": "2011-06-30",
   "authors": [
      "Ciofu, O.",
      "Johansen, H.K.",
      "Wassermann, T.",
      "Alhede, M.",
      "H\u00f8iby, N."
   ],
   "journal": "Journal of Cystic Fibrosis",
   "has_full_text": "False",
   "full_text_file": "custom_license",
   "id": "https://doi.org/10.1016/S1569-1993(11)60167-7"
}