{
   "sha": "d01e72d035893cf55b445223a4201a5429483d48",
   "source_x": "Elsevier",
   "title": "Encefalomielite acuta disseminata",
   "doi": "10.1016/S1634-7072(10)70499-2",
   "license": "els-covid",
   "abstract": "L\u2019encefalomielite acuta disseminata (EMAD) \u00e8 una malattia infiammatoria autoimmune che coinvolge il cervello e il midollo spinale. Descritta soprattutto nel bambino, generalmente fa seguito a un episodio infettivo o a una vaccinazione, ma pu\u00f2 essere idiopatica. La sua presentazione clinica comprende un\u2019encefalopatia acuta associata a segni e a sintomi neurologici multifocali. La sua diagnosi si basa sulla clinica e sulla risonanza magnetica, che rivela lesioni multifocali della sostanza bianca in ipersegnale T2 mal delimitate, della stessa et\u00e0, che prendono il gadolinio e possono anche riguardare il talamo e i nuclei della base. Il liquor pu\u00f2 mostrare un\u2019iperlinfocitosi con iperproteinorrachia e, a volte, la presenza di bande oligoclonali transitorie. La sua prognosi \u00e8 piuttosto favorevole, passato l\u2019episodio monofasico, con un trattamento specifico. \u00c8 quindi fondamentale escludere fino dall\u2019inizio le sue molte diagnosi differenziali. Il trattamento dell\u2019EMAD, di prima scelta, consiste in boli di corticosteroidi endovenosi a forti dosi. In caso di insuccesso bisogna ricorrere agli scambi plasmatici o alle immunoglobuline endovenose. Anche se, di solito, \u00e8 monofasica, possono verificarsi altri episodi che fanno allora pensare a un\u2019EMAD multifasica. Tuttavia, in alcuni casi queste nuove pouss\u00e9es sono una modalit\u00e0 di esordio di un\u2019autentica sclerosi multipla.",
   "publish_time": "2010-12-31",
   "authors": [
      "Fromont, A.",
      "Moreau, T.",
      "Roullet, E."
   ],
   "journal": "EMC - Neurologia",
   "has_full_text": "True",
   "full_text_file": "custom_license",
   "id": "https://doi.org/10.1016/S1634-7072(10)70499-2",
   "fhir_link": [
      "PMC/Composition/d01e72d035893cf55b445223a4201a5429483d48"
   ]
}