{
   "source_x": "Elsevier",
   "title": "Capacit\u00e0 globale di rilevamento delle malattie infettive emergenti",
   "doi": "10.1016/j.arped.2012.04.005",
   "license": "els-covid",
   "publish_time": "2012-04-30",
   "authors": [
      "Chan, E.H.",
      "Brewer, T.F.",
      "Madoff, L.C.",
      "Pollack, M.P.",
      "Sonricker, A.L.",
      "Keller, M.",
      "Freifeld, C.C.",
      "Blench, M.",
      "Mawudeku, A.",
      "Brownstein, J.S."
   ],
   "journal": "Area Pediatrica",
   "has_full_text": "False",
   "full_text_file": "custom_license",
   "id": "https://doi.org/10.1016/j.arped.2012.04.005"
}