{
   "sha": "947224a63b916b8f6f70f9b9dffcdccd96988b06",
   "source_x": "Elsevier",
   "title": "Purpuric rash and fever among hospitalized children aged 0\u201318 years: Comparison between clinical, laboratory, therapeutic and outcome features of patients with bacterial versus viral etiology",
   "doi": "10.1016/j.pedneo.2019.02.002",
   "pubmed_id": "30922715",
   "license": "els-covid",
   "abstract": "Background The evaluation of children with purpuric rash and fever (PRF) is controversial. Although many of them have viral infections, on occasion such patients may be infected with Neisseria meningitidis. We described all children aged 0\u201318 years with PRF in southern Israel during the period 2005 \u0336 2016 and compared their microbiologic, laboratory, clinical and outcome characteristics in relation to various etiologies of this syndrome. Methods Data were summarized from electronic patient and microbiology files. Viral diagnoses were made by serology and/or PCR. Results Sixty-nine children with PRF were admitted; 30 (43.48%), 9 (13.04%) and 30 (43.48%) had a syndrome of bacterial, viral or non-established etiology, respectively. N. meningitidis infection was diagnosed in 16/69 (23.19%) patients and in 16/30 (53.33%) patients with bacterial etiology; 14/30 (46.67%) patients suffered from a non-invasive bacterial disease (9 with Rickettsial disease). Adenovirus and Influenza B (3 and 2 cases, respectively) represented the most frequent etiologic agents among patients with viral etiology. More patients with PRF of bacterial etiology were older, of Bedouin ethnicity, looked ill on admission, had higher rates of meningitis and were treated more frequently with antibiotics compared with patients with non-bacterial PRF. Fatality rates among patients with bacterial, viral and non-established etiology were 5/30 (16.7%), 0% and 2/39 (5.1%). Conclusions Although PFR was uncommon, high rates of meningococcal infections were recorded in children with PRF, which was associated with high fatality rates. Rickettsial infections were frequent, emphasizing the need for a high index of suspicion for this disease in endemic geographic areas.",
   "publish_time": "2019-10-31",
   "authors": [
      "Gawie-Rotman, Moran",
      "Hazan, Guy",
      "Fruchtman, Yariv",
      "Cavari, Yuval",
      "Ling, Eduard",
      "Lazar, Isaac",
      "Leibovitz, Eugene"
   ],
   "journal": "Pediatrics & Neonatology",
   "has_full_text": "True",
   "full_text_file": "custom_license",
   "id": "https://doi.org/10.1016/j.pedneo.2019.02.002",
   "fhir_link": [
      "PMC/Composition/947224a63b916b8f6f70f9b9dffcdccd96988b06"
   ]
}