{
   "sha": "5108446cdab4088d0f6d30d4f775fd66c2e91517",
   "source_x": "Elsevier",
   "title": "Chapter 126 Diseases of the Brain and Cranial Nerves",
   "doi": "10.1016/B0-72-160422-6/50128-5",
   "license": "els-covid",
   "publish_time": "2006-12-31",
   "authors": [
      "March, Philip A."
   ],
   "journal": "Saunders Manual of Small Animal Practice",
   "has_full_text": "True",
   "full_text_file": "custom_license",
   "id": "https://doi.org/10.1016/B0-72-160422-6/50128-5",
   "fhir_link": [
      "PMC/Composition/5108446cdab4088d0f6d30d4f775fd66c2e91517"
   ]
}