{
   "source_x": "WHO",
   "title": "Preparing for the Most Critically Ill Patients With COVID-19: The Potential Role of Extracorporeal Membrane Oxygenation",
   "doi": "10.1001/jama.2020.2342",
   "pubmed_id": "32074258",
   "license": "unk",
   "publish_time": "2020-02-19",
   "authors": [
      "MacLaren, Graeme",
      "Fisher, Dale",
      "Brodie, Daniel"
   ],
   "journal": "JAMA",
   "Microsoft Academic Paper ID": "1908342561",
   "WHO #Covidence": "#1551",
   "has_full_text": "False",
   "id": "https://doi.org/10.1001/jama.2020.2342"
}