{
   "source_x": "WHO",
   "title": "Emergency management for preventing and controlling nosocomial infection of 2019 novel coronavirus: implications for the dermatology department",
   "doi": "10.1111/bjd.19011",
   "license": "unk",
   "abstract": "Summary As of Feb 15, 2019, the novel coronavirus (2019-nCoV) has rapidly spread throughout China and across the world with more than 60,000 laboratory-confirmed cases. Due to the current lack of specific treatment and the risk of transmission during the viral incubation period, infection prevention and control of 2019-nCoV are both urgent and critical to global health. In this article, we aim to highlight the necessity of implementing protective measures, and recommend how to set proper emergency management plans for preventing and controlling nosocomial infection of 2019-nCoV in dermatology departments.",
   "publish_time": "2020-03-05",
   "authors": [
      "Tao, J.",
      "Song, Z.",
      "Yang, L.",
      "Huang, C.",
      "Feng, A.",
      "Man, X."
   ],
   "journal": "British Journal of Dermatology",
   "Microsoft Academic Paper ID": "2356688126",
   "WHO #Covidence": "#4435",
   "has_full_text": "False",
   "id": "https://doi.org/10.1111/bjd.19011"
}