{
   "source_x": "WHO",
   "title": "The clinical dynamics of 18 cases of COVID-19 outside of Wuhan, China",
   "doi": "10.1183/13993003.00398-2020",
   "pubmed_id": "32139464",
   "license": "unk",
   "publish_time": "2020-03-05",
   "authors": [
      "Wang, L.",
      "Gao, Y. H.",
      "Lou, L. L.",
      "Zhang, G. J."
   ],
   "journal": "European Respiratory Journal",
   "Microsoft Academic Paper ID": "2613706279",
   "WHO #Covidence": "#5274",
   "has_full_text": "False",
   "id": "https://doi.org/10.1183/13993003.00398-2020"
}