{
   "source_x": "WHO",
   "title": "Imported cases of 2019-novel coronavirus (2019-nCoV) infections in Thailand: Mathematical modelling of the outbreak",
   "doi": "10.4103/1995-7645.277516",
   "license": "unk",
   "abstract": "'Imported cases of 2019-novel coronavirus (2019-nCoV) infections in Thailand: Mathematical modelling of the outbreak' in DOAJ. DOAJ is an online directory that indexes and provides access to quality open access, peer-reviewed journals.",
   "publish_time": "2020-01-01",
   "authors": [
      "Wiwanitkit, Pathum Sookaromdee",
      "Viroj"
   ],
   "journal": "Asian Pacific Journal of Tropical Medicine",
   "Microsoft Academic Paper ID": "3005391564",
   "WHO #Covidence": "#2516",
   "has_full_text": "False",
   "id": "https://doi.org/10.4103/1995-7645.277516"
}