{
   "source_x": "WHO",
   "title": "Update: Public Health Response to the Coronavirus Disease 2019 Outbreak \u2014 United States, February 24, 2020 | MMWR",
   "license": "unk",
   "abstract": "Fourteen cases have been diagnosed in the United States, in addition to 39 cases among repatriated persons from high-risk settings, for a current total of 53 cases within the United States. U.S. government agencies and public health partners are implementing aggressive measures to slow and try to contain transmission of COVID-19 in the United States.",
   "publish_time": "2020",
   "authors": [
      "Jernigan, Daniel B."
   ],
   "WHO #Covidence": "#1981",
   "has_full_text": "False"
}