{
   "sha": "2739ea989ec040104223cfb49d2a13d7d89dc79a",
   "source_x": "PMC",
   "title": "Selection of reference genes for quantitative real-time PCR in bovine preimplantation embryos",
   "doi": "10.1186/1471-213X-5-27",
   "pmcid": "PMC1315359",
   "pubmed_id": "16324220",
   "license": "cc-by",
   "abstract": "BACKGROUND: Real-time quantitative PCR is a sensitive and very efficient technique to examine gene transcription patterns in preimplantation embryos, in order to gain information about embryo development and to optimize assisted reproductive technologies. Critical to the succesful application of real-time PCR is careful assay design, reaction optimization and validation to maximize sensitivity and accuracy. In most of the studies published GAPD, ACTB or 18S rRNA have been used as a single reference gene without prior verification of their expression stability. Normalization of the data using unstable controls can result in erroneous conclusions, especially when only one reference gene is used. RESULTS: In this study the transcription levels of 8 commonly used reference genes (ACTB, GAPD, Histone H2A, TBP, HPRT1, SDHA, YWHAZ and 18S rRNA) were determined at different preimplantation stages (2-cell, 8-cell, blastocyst and hatched blastocyst) in order to select the most stable genes to normalize quantitative data within different preimplantation embryo stages. CONCLUSION: Using the geNorm application YWHAZ, GAPD and SDHA were found to be the most stable genes across the examined embryonic stages, while the commonly used ACTB was shown to be highly regulated. We recommend the use of the geometric mean of those 3 reference genes as an accurate normalization factor, which allows small expression differences to be reliably measured.",
   "publish_time": "2005 Dec 3",
   "authors": [
      "Goossens, Karen",
      "Van Poucke, Mario",
      "Van Soom, Ann",
      "Vandesompele, Jo",
      "Van Zeveren, Alex",
      "Peelman, Luc J"
   ],
   "journal": "BMC Dev Biol",
   "has_full_text": "True",
   "full_text_file": "comm_use_subset",
   "id": "https://doi.org/10.1186/1471-213X-5-27",
   "pubtator": "PMC1315359",
   "fhir_link": [
      "Commercial/Composition/2739ea989ec040104223cfb49d2a13d7d89dc79a"
   ]
}