{
   "sha": "9e45efb86c7c552be221e4d1356d9374a7ebc204",
   "source_x": "PMC",
   "title": "Ubiquitination Is Required for Effective Replication of Coxsackievirus B3",
   "doi": "10.1371/journal.pone.0002585",
   "pmcid": "PMC2440516",
   "pubmed_id": "18612413",
   "license": "cc-by",
   "abstract": "BACKGROUND: Protein ubiquitination and/or degradation by the ubiquitin/proteasome system (UPS) have been recognized as critical mechanisms in the regulation of numerous essential cellular functions. The importance of the UPS in viral pathogenesis has become increasingly apparent. Using murine cardiomyocytes, we have previously demonstrated that the UPS plays a key role in the replication of coxsackievirus B3 (CVB3), an important human pathogen associated with various diseases. To further elucidate the underlying mechanisms, we examined the interplay between the UPS and CVB3, focusing on the role of ubiquitination in viral lifecycle. METHODOLOGY/PRINCIPAL FINDINGS: As assessed by in situ hybridization, Western blot, and plaque assay, we showed that proteasome inhibition decreased CVB3 RNA replication, protein synthesis, and viral titers in HeLa cells. There were no apparent changes in 20S proteasome activities following CVB3 infection. However, we found viral infection led to an accumulation of protein-ubiquitin conjugates, accompanied by a decreased protein expression of free ubiquitin, implicating an important role of ubiquitination in the UPS-mediated viral replication. Using small-interfering RNA, we demonstrated that gene-silencing of ubiquitin significantly reduced viral titers, possibly through downregulation of protein ubiquitination and subsequent alteration of protein function and/or degradation. Inhibition of deubiquitinating enzymes apparently enhances the inhibitory effects of proteasome inhibitors on CVB3 replication. Finally, by immunoprecipitation, we showed that coxsackieviral polymerase 3D was post-translationally modified by ubiquitination and such modification might be a prerequisite for its function in transcriptional regulation of viral genome. CONCLUSION: Coxsackievirus infection promotes protein ubiquitination, contributing to effective viral replication, probably through ubiquitin modification of viral polymerase.",
   "publish_time": "2008 Jul 9",
   "authors": [
      "Si, Xiaoning",
      "Gao, Guang",
      "Wong, Jerry",
      "Wang, Yahong",
      "Zhang, Jingchun",
      "Luo, Honglin"
   ],
   "journal": "PLoS One",
   "has_full_text": "True",
   "full_text_file": "comm_use_subset",
   "id": "https://doi.org/10.1371/journal.pone.0002585",
   "pubtator": "PMC2440516",
   "fhir_link": [
      "Commercial/Composition/9e45efb86c7c552be221e4d1356d9374a7ebc204"
   ]
}