{
   "sha": "347d44e7849c7abbf867722925ffc5996b0f9a11",
   "source_x": "PMC",
   "title": "Influence of Dendritic Cells on Viral Pathogenicity",
   "doi": "10.1371/journal.ppat.1000384",
   "pmcid": "PMC2712770",
   "pubmed_id": "19649323",
   "license": "cc-by",
   "abstract": "Although most viral infections cause minor, if any, symptoms, a certain number result in serious illness. Viral disease symptoms result both from direct viral replication within host cells and from indirect immunopathological consequences. Dendritic cells (DCs) are key determinants of viral disease outcome; they activate immune responses during viral infection and direct T cells toward distinct T helper type responses. Certain viruses are able to skew cytokine secretion by DCs inducing and/or downregulating the immune system with the aim of facilitating and prolonging release of progeny. Thus, the interaction of DCs with viruses most often results in the absence of disease or complete recovery when natural functions of DCs prevail, but may lead to chronic illness or death when these functions are outmanoeuvred by viruses in the exploitation of DCs.",
   "publish_time": "2009 Jul 31",
   "authors": [
      "Freer, Giulia",
      "Matteucci, Donatella"
   ],
   "journal": "PLoS Pathog",
   "has_full_text": "True",
   "full_text_file": "comm_use_subset",
   "id": "https://doi.org/10.1371/journal.ppat.1000384",
   "pubtator": "PMC2712770",
   "fhir_link": [
      "Commercial/Composition/347d44e7849c7abbf867722925ffc5996b0f9a11"
   ]
}