{
   "sha": "fe2000f280297c40bc53ce95d703a9ca6aac19fd",
   "source_x": "PMC",
   "title": "Differential Regulation of Type I Interferon and Epidermal Growth Factor Pathways by a Human Respirovirus Virulence Factor",
   "doi": "10.1371/journal.ppat.1000587",
   "pmcid": "PMC2736567",
   "pubmed_id": "19806178",
   "license": "cc-by",
   "abstract": "A number of paramyxoviruses are responsible for acute respiratory infections in children, elderly and immuno-compromised individuals, resulting in airway inflammation and exacerbation of chronic diseases like asthma. To understand the molecular pathogenesis of these infections, we searched for cellular targets of the virulence protein C of human parainfluenza virus type 3 (hPIV3-C). We found that hPIV3-C interacts directly through its C-terminal domain with STAT1 and GRB2, whereas C proteins from measles or Nipah viruses failed to do so. Binding to STAT1 explains the previously reported capacity of hPIV3-C to block type I interferon signaling, but the interaction with GRB2 was unexpected. This adaptor protein bridges Epidermal Growth Factor (EGF) receptor to MAPK/ERK pathway, a signaling cascade recently found to be involved in airway inflammatory response. We report that either hPIV3 infection or transient expression of hPIV3-C both increase cellular response to EGF, as assessed by Elk1 transactivation and phosphorylation levels of ERK1/2, 40S ribosomal subunit protein S6 and translation initiation factor 4E (eIF4E). Furthermore, inhibition of MAPK/ERK pathway with U0126 prevented viral protein expression in infected cells. Altogether, our data provide molecular basis to explain the role of hPIV3-C as a virulence factor and determinant of pathogenesis and demonstrate that Paramyxoviridae have evolved a single virulence factor to block type I interferon signaling and to boost simultaneous cellular response to growth factors.",
   "publish_time": "2009 Sep 18",
   "authors": [
      "Caignard, Gr\u00e9gory",
      "Komarova, Anastassia V.",
      "Boura\u00ef, Mehdi",
      "Mourez, Thomas",
      "Jacob, Yves",
      "Jones, Louis M.",
      "Rozenberg, Flore",
      "Vabret, Astrid",
      "Freymuth, Fran\u00e7ois",
      "Tangy, Fr\u00e9d\u00e9ric",
      "Vidalain, Pierre-Olivier"
   ],
   "journal": "PLoS Pathog",
   "has_full_text": "True",
   "full_text_file": "comm_use_subset",
   "id": "https://doi.org/10.1371/journal.ppat.1000587",
   "pubtator": "PMC2736567",
   "fhir_link": [
      "Commercial/Composition/fe2000f280297c40bc53ce95d703a9ca6aac19fd"
   ]
}