{
   "sha": "38d4184fcc07afbf2bd269491da88687764e86f0",
   "source_x": "PMC",
   "title": "Protein Microarrays and Biomarkers of Infectious Disease",
   "doi": "10.3390/ijms11125165",
   "pmcid": "PMC3100839",
   "pubmed_id": "21614200",
   "license": "cc-by",
   "abstract": "Protein microarrays are powerful tools that are widely used in systems biology research. For infectious diseases, proteome microarrays assembled from proteins of pathogens will play an increasingly important role in discovery of diagnostic markers, vaccines, and therapeutics. Distinct formats of protein microarrays have been developed for different applications, including abundance-based and function-based methods. Depending on the application, design issues should be considered, such as the need for multiplexing and label or label free detection methods. New developments, challenges, and future demands in infectious disease research will impact the application of protein microarrays for discovery and validation of biomarkers.",
   "publish_time": "2010 Dec 16",
   "authors": [
      "Natesan, Mohan",
      "Ulrich, Robert G."
   ],
   "journal": "Int J Mol Sci",
   "has_full_text": "True",
   "full_text_file": "comm_use_subset",
   "id": "https://doi.org/10.3390/ijms11125165",
   "pubtator": "PMC3100839",
   "fhir_link": [
      "Commercial/Composition/38d4184fcc07afbf2bd269491da88687764e86f0"
   ]
}