{
   "sha": "e3d75d7baf118918395a6950b724215ec2c8023c",
   "source_x": "PMC",
   "title": "Identification and Typing of Human Enterovirus: A Genomic Barcode Approach",
   "doi": "10.1371/journal.pone.0026296",
   "pmcid": "PMC3194813",
   "pubmed_id": "22022592",
   "license": "cc-by",
   "abstract": "Identification and typing of human enterovirus (HEVs) are important to pathogen detection and therapy. Previous phylogeny-based typing methods are mainly based on multiple sequence alignments of specific genes in the HEVs, but the results are not stable with respect to different choices of genes. Here we report a novel method for identification and typing of HEVs based on information derived from their whole genomes. Specifically, we calculate the k-mer based barcode image for each genome, HEV or other human viruses, for a fixed k, 1<k<7, where a genome barcode is defined in terms of the k-mer frequency distribution across the whole genome for all combinations of k-mers. A phylogenetic tree is constructed using a barcode-based distance and a neighbor-joining method among a set of 443 representative non-HEV human viruses and 395 HEV sequences. The tree shows a clear separation of the HEV viruses from all the non-HEV viruses with 100% accuracy and a separation of the HEVs into four distinct clads with 93.4% consistency with a multiple sequence alignment-based phylogeny. Our detailed analyses of the HEVs having different typing results by the two methods indicate that our results are in better agreement with known information about the HEVs.",
   "publish_time": "2011 Oct 14",
   "authors": [
      "Wei, Chengguo",
      "Wang, Guoqing",
      "Chen, Xin",
      "Huang, Honglan",
      "Liu, Bin",
      "Xu, Ying",
      "Li, Fan"
   ],
   "journal": "PLoS One",
   "has_full_text": "True",
   "full_text_file": "comm_use_subset",
   "id": "https://doi.org/10.1371/journal.pone.0026296",
   "pubtator": "PMC3194813",
   "fhir_link": [
      "Commercial/Composition/e3d75d7baf118918395a6950b724215ec2c8023c"
   ]
}