{
   "sha": "650c105dc3718ea36a7abffa0de7f9068390045f",
   "source_x": "PMC",
   "title": "A20 (Tnfaip3) Deficiency in Myeloid Cells Protects against Influenza A Virus Infection",
   "doi": "10.1371/journal.ppat.1002570",
   "pmcid": "PMC3291650",
   "pubmed_id": "22396652",
   "license": "cc-by",
   "abstract": "The innate immune response provides the first line of defense against viruses and other pathogens by responding to specific microbial molecules. Influenza A virus (IAV) produces double-stranded RNA as an intermediate during the replication life cycle, which activates the intracellular pathogen recognition receptor RIG-I and induces the production of proinflammatory cytokines and antiviral interferon. Understanding the mechanisms that regulate innate immune responses to IAV and other viruses is of key importance to develop novel therapeutic strategies. Here we used myeloid cell specific A20 knockout mice to examine the role of the ubiquitin-editing protein A20 in the response of myeloid cells to IAV infection. A20 deficient macrophages were hyperresponsive to double stranded RNA and IAV infection, as illustrated by enhanced NF-\u03baB and IRF3 activation, concomitant with increased production of proinflammatory cytokines, chemokines and type I interferon. In vivo this was associated with an increased number of alveolar macrophages and neutrophils in the lungs of IAV infected mice. Surprisingly, myeloid cell specific A20 knockout mice are protected against lethal IAV infection. These results challenge the general belief that an excessive host proinflammatory response is associated with IAV-induced lethality, and suggest that under certain conditions inhibition of A20 might be of interest in the management of IAV infections.",
   "publish_time": "2012 Mar 1",
   "authors": [
      "Maelfait, Jonathan",
      "Roose, Kenny",
      "Bogaert, Pieter",
      "Sze, Mozes",
      "Saelens, Xavier",
      "Pasparakis, Manolis",
      "Carpentier, Isabelle",
      "van Loo, Geert",
      "Beyaert, Rudi"
   ],
   "journal": "PLoS Pathog",
   "has_full_text": "True",
   "full_text_file": "comm_use_subset",
   "id": "https://doi.org/10.1371/journal.ppat.1002570",
   "pubtator": "PMC3291650",
   "fhir_link": [
      "Commercial/Composition/650c105dc3718ea36a7abffa0de7f9068390045f"
   ]
}