{
   "sha": "8a2fd6ad99f53bb749e4ccaf50fdd36a14bd4aba",
   "source_x": "PMC",
   "title": "Photodynamic Inactivation of Mammalian Viruses and Bacteriophages",
   "doi": "10.3390/v4071034",
   "pmcid": "PMC3407894",
   "pubmed_id": "22852040",
   "license": "cc-by",
   "abstract": "Photodynamic inactivation (PDI) has been used to inactivate microorganisms through the use of photosensitizers. The inactivation of mammalian viruses and bacteriophages by photosensitization has been applied with success since the first decades of the last century. Due to the fact that mammalian viruses are known to pose a threat to public health and that bacteriophages are frequently used as models of mammalian viruses, it is important to know and understand the mechanisms and photodynamic procedures involved in their photoinactivation. The aim of this review is to (i) summarize the main approaches developed until now for the photodynamic inactivation of bacteriophages and mammalian viruses and, (ii) discuss and compare the present state of the art of mammalian viruses PDI with phage photoinactivation, with special focus on the most relevant mechanisms, molecular targets and factors affecting the viral inactivation process.",
   "publish_time": "2012 Jun 26",
   "authors": [
      "Costa, Liliana",
      "Faustino, Maria Amparo F.",
      "Neves, Maria Gra\u00e7a P. M. S.",
      "Cunha, \u00c2ngela",
      "Almeida, Adelaide"
   ],
   "journal": "Viruses",
   "has_full_text": "True",
   "full_text_file": "comm_use_subset",
   "id": "https://doi.org/10.3390/v4071034",
   "pubtator": "PMC3407894",
   "fhir_link": [
      "Commercial/Composition/8a2fd6ad99f53bb749e4ccaf50fdd36a14bd4aba"
   ]
}