{
   "sha": "17752cd197628ca49a7b800528bdd68532e4a148",
   "source_x": "PMC",
   "title": "Ezrin Interacts with the SARS Coronavirus Spike Protein and Restrains Infection at the Entry Stage",
   "doi": "10.1371/journal.pone.0049566",
   "pmcid": "PMC3504146",
   "pubmed_id": "23185364",
   "license": "cc-by",
   "abstract": "BACKGROUND: Entry of Severe Acute Respiratory Syndrome coronavirus (SARS-CoV) and its envelope fusion with host cell membrane are controlled by a series of complex molecular mechanisms, largely dependent on the viral envelope glycoprotein Spike (S). There are still many unknowns on the implication of cellular factors that regulate the entry process. METHODOLOGY/PRINCIPAL FINDINGS: We performed a yeast two-hybrid screen using as bait the carboxy-terminal endodomain of S, which faces the cytosol during and after opening of the fusion pore at early stages of the virus life cycle. Here we show that the ezrin membrane-actin linker interacts with S endodomain through the F1 lobe of its FERM domain and that both the eight carboxy-terminal amino-acids and a membrane-proximal cysteine cluster of S endodomain are important for this interaction in vitro. Interestingly, we found that ezrin is present at the site of entry of S-pseudotyped lentiviral particles in Vero E6 cells. Targeting ezrin function by small interfering RNA increased S-mediated entry of pseudotyped particles in epithelial cells. Furthermore, deletion of the eight carboxy-terminal amino acids of S enhanced S-pseudotyped particles infection. Expression of the ezrin dominant negative FERM domain enhanced cell susceptibility to infection by SARS-CoV and S-pseudotyped particles and potentiated S-dependent membrane fusion. CONCLUSIONS/SIGNIFICANCE: Ezrin interacts with SARS-CoV S endodomain and limits virus entry and fusion. Our data present a novel mechanism involving a cellular factor in the regulation of S-dependent early events of infection.",
   "publish_time": "2012 Nov 21",
   "authors": [
      "Millet, Jean Kaoru",
      "Kien, Fran\u00e7ois",
      "Cheung, Chung-Yan",
      "Siu, Yu-Lam",
      "Chan, Wing-Lim",
      "Li, Huiying",
      "Leung, Hiu-Lan",
      "Jaume, Martial",
      "Bruzzone, Roberto",
      "Malik Peiris, Joseph S.",
      "Altmeyer, Ralf Marius",
      "Nal, B\u00e9atrice"
   ],
   "journal": "PLoS One",
   "has_full_text": "True",
   "full_text_file": "comm_use_subset",
   "id": "https://doi.org/10.1371/journal.pone.0049566",
   "pubtator": "PMC3504146",
   "fhir_link": [
      "Commercial/Composition/17752cd197628ca49a7b800528bdd68532e4a148"
   ]
}