{
   "sha": "4afc459e347836f0f92a75ab0c6cbe2e02e6f3a4",
   "source_x": "PMC",
   "title": "Proposals for the classification of human rhinovirus species A, B and C into genotypically assigned types",
   "doi": "10.1099/vir.0.053686-0",
   "pmcid": "PMC3749525",
   "pubmed_id": "23677786",
   "license": "cc-by",
   "abstract": "Human rhinoviruses (HRVs) frequently cause mild upper respiratory tract infections and more severe disease manifestations such as bronchiolitis and asthma exacerbations. HRV is classified into three species within the genus Enterovirus of the family Picornaviridae. HRV species A and B contain 75 and 25 serotypes identified by cross-neutralization assays, although the use of such assays for routine HRV typing is hampered by the large number of serotypes, replacement of virus isolation by molecular methods in HRV diagnosis and the poor or absent replication of HRV species C in cell culture. To address these problems, we propose an alternative, genotypic classification of HRV-based genetic relatedness analogous to that used for enteroviruses. Nucleotide distances between 384 complete VP1 sequences of currently assigned HRV (sero)types identified divergence thresholds of 13, 12 and 13 % for species A, B and C, respectively, that divided inter- and intra-type comparisons. These were paralleled by 10, 9.5 and 10 % thresholds in the larger dataset of >3800 VP4 region sequences. Assignments based on VP1 sequences led to minor revisions of existing type designations (such as the reclassification of serotype pairs, e.g. A8/A95 and A29/A44, as single serotypes) and the designation of new HRV types A101\u2013106, B101\u2013103 and C34\u2013C51. A protocol for assignment and numbering of new HRV types using VP1 sequences and the restriction of VP4 sequence comparisons to type identification and provisional type assignments is proposed. Genotypic assignment and identification of HRV types will be of considerable value in the future investigation of type-associated differences in disease outcomes, transmission and epidemiology.",
   "publish_time": "2013 Aug",
   "authors": [
      "McIntyre, Chloe L.",
      "Knowles, Nick J.",
      "Simmonds, Peter"
   ],
   "journal": "J Gen Virol",
   "has_full_text": "True",
   "full_text_file": "comm_use_subset",
   "id": "https://doi.org/10.1099/vir.0.053686-0",
   "pubtator": "PMC3749525",
   "fhir_link": [
      "Commercial/Composition/4afc459e347836f0f92a75ab0c6cbe2e02e6f3a4"
   ]
}