{
   "sha": "aca7762f80af606fe3c6d2614096db74f1398368",
   "source_x": "PMC",
   "title": "Development of VHH Antibodies against Dengue Virus Type 2 NS1 and Comparison with Monoclonal Antibodies for Use in Immunological Diagnosis",
   "doi": "10.1371/journal.pone.0095263",
   "pmcid": "PMC3994031",
   "pubmed_id": "24751715",
   "license": "cc-by",
   "abstract": "The possibility of using variable domain heavy-chain antibodies (VHH antibodies) as diagnostic tools for dengue virus (DENV) type 2 NS1 protein was investigated and compared with the use of conventional monoclonal antibodies. After successful expression of DENV type 2 NS1 protein, the genes of VHH antibodies against NS1 protein were biopanned from a non-immune llama library by phage display. VHH antibodies were then expressed and purified from Escherichia coli. Simultaneously, monoclonal antibodies were obtained by the conventional route. Sequence analysis of the VHH antibodies revealed novel and long complementarity determining regions 3 (CDR3). Epitope mapping was performed via a phage display peptide library using purified VHH and monoclonal antibodies as targets. Interestingly, the same region of NS1, which comprises amino acids (224)HWPKPHTLW(232), was conserved for both kinds of antibodies displaying the consensus motif histidine-tryptophan-tryptophan or tryptophan-proline-tryptophan. The two types of antibodies were used to prepare rapid diagnostic kits based on immunochromatographic assay. The VHH antibody immobilized rapid diagnostic kit showed better sensitivity and specificity than the monoclonal antibody immobilized rapid diagnostic kit, which might be due to the long CDR3 regions of the VHH antibodies and their ability to bind to the pocket and cleft of the targeted antigen. This demonstrates that VHH antibodies are likely to be an option for developing point-of-care tests against DENV infection.",
   "publish_time": "2014 Apr 21",
   "authors": [
      "Fatima, Aneela",
      "Wang, Haiying",
      "Kang, Keren",
      "Xia, Liliang",
      "Wang, Ying",
      "Ye, Wei",
      "Wang, Jufang",
      "Wang, Xiaoning"
   ],
   "journal": "PLoS One",
   "has_full_text": "True",
   "full_text_file": "comm_use_subset",
   "id": "https://doi.org/10.1371/journal.pone.0095263",
   "pubtator": "PMC3994031",
   "fhir_link": [
      "Commercial/Composition/aca7762f80af606fe3c6d2614096db74f1398368"
   ]
}