{
   "sha": "cec21bb25c57f0e17f672a7ed7b91a01bd371ee7",
   "source_x": "PMC",
   "title": "Bovine respiratory syncytial virus and bovine coronavirus in Swedish organic and conventional dairy herds",
   "doi": "10.1186/s13028-014-0091-x",
   "pmcid": "PMC4300160",
   "pubmed_id": "25582919",
   "license": "cc-by",
   "abstract": "BACKGROUND: Infections with bovine respiratory syncytial virus (BRSV) and bovine coronavirus (BoCV) are endemic to the cattle populations in most countries, causing respiratory and/or enteric disease. It has been demonstrated that herds can remain free from these infections for several years also in high prevalence areas. Organically managed (OM) dairy herds have been shown to have lower seroprevalence of both viruses compared to conventionally managed (CM) herds. The objective of this study was to challenge the hypothesis of a lower occurrence of BRSV and BoCV in OM compared to CM dairy herds. In November 2011, May 2012 and May 2013 milk samples from four homebred primiparous cows were collected in 75 to 65 OM and 69 to 62 CM herds. The antibody status regarding BRSV and BoCV was analysed with commercial indirect ELISAs. Herds were classified as positive if at least one individual sample was positive. RESULTS: The prevalence of positive herds ranged from 73.4% to 82.3% for BRSV and from 76.8% to 85.3% for BoCV among OM and CM herds, over the three sampling occasions. There was no statistically significant difference between OM and CM herds at any sampling occasion. The incidence risk of newly infected herds did not differ statistically between OM and CM herds at any sampling occasion, neither for BRSV nor for BoCV. The incidence of herds turning sero-negative between samplings corresponded to the incidence of newly infected. Bulk tank milk (BTM) samples were also sampled in the herds and analysed. Several herds were negative on individual samples but positive in BTM. Herd-level data on production, health and reproduction were retrieved from V\u00c4XA Sweden and the study herds were representative of the source population. CONCLUSION: There was no difference in prevalence of or incidence risk for BRSV or BoCV between Swedish OM and CM herds. Because the incidence of herds becoming seropositive was balanced by herds becoming seronegative it should be possible to lower the prevalence of these two infections among Swedish dairy cattle herds if biosecurity is improved. ELECTRONIC SUPPLEMENTARY MATERIAL: The online version of this article (doi:10.1186/s13028-014-0091-x) contains supplementary material, which is available to authorized users.",
   "publish_time": "2015 Jan 13",
   "authors": [
      "Wolff, Cecilia",
      "Emanuelson, Ulf",
      "Ohlson, Anna",
      "Alenius, Stefan",
      "Fall, Nils"
   ],
   "journal": "Acta Vet Scand",
   "has_full_text": "True",
   "full_text_file": "comm_use_subset",
   "id": "https://doi.org/10.1186/s13028-014-0091-x",
   "pubtator": "PMC4300160",
   "fhir_link": [
      "Commercial/Composition/cec21bb25c57f0e17f672a7ed7b91a01bd371ee7"
   ]
}