{
   "source_x": "PMC",
   "title": "Tough challenges for testing Ebola therapeutics",
   "doi": "10.2471/BLT.15.020215",
   "pmcid": "PMC4339970",
   "pubmed_id": "25883398",
   "license": "cc-by",
   "abstract": "Therapies for Ebola virus disease are urgently needed, but they must be rigorously tested for safety and efficacy before any mass roll-out to patients. Fiona Fleck reports.",
   "publish_time": "2015 Feb 1",
   "journal": "Bull World Health Organ",
   "has_full_text": "False",
   "full_text_file": "comm_use_subset",
   "id": "https://doi.org/10.2471/BLT.15.020215",
   "pubtator": "PMC4339970"
}