{
   "sha": "1926a717f92225eb7539c0fe190cefe1b067f08e",
   "source_x": "PMC",
   "title": "Assessment of reference gene stability in Rice stripe virus and Rice black streaked dwarf virus infection rice by quantitative Real-time PCR",
   "doi": "10.1186/s12985-015-0405-2",
   "pmcid": "PMC4619528",
   "pubmed_id": "26497487",
   "license": "cc-by",
   "abstract": "BACKGROUND: Stably expressed reference gene(s) normalization is important for the understanding of gene expression patterns by quantitative Real-time PCR (RT-qPCR), particularly for Rice stripe virus (RSV) and Rice black streaked dwarf virus (RBSDV) that caused seriously damage on rice plants in China and Southeast Asia. METHODS: The expression of fourteen common used reference genes of Oryza sativa L. were evaluated by RT-qPCR in RSV and RBSDV infected rice plants. Suitable normalization reference gene(s) were identified by geNorm and NormFinder algorithms. RESULTS: UBQ 10 + GAPDH and UBC + Actin1 were identified as suitable reference genes for RT-qPCR normalization under RSV and RBSDV infection, respectively. When using multiple reference genes, the expression patterns of OsPRIb and OsWRKY, two virus resistance genes, were approximately similar with that reported previously. Comparatively, by using single reference gene (TIP41-Like), a weaker inducible response was observed. CONCLUSIONS: We proposed that the combination of two reference genes could obtain more accurate and reliable normalization of RT-qPCR results in RSV- and RBSDV-infected plants. This work therefore sheds light on establishing a standardized RT-qPCR procedure in RSV- and RBSDV-infected rice plants, and might serve as an important point for discovering complex regulatory networks and identifying genes relevant to biological processes or implicated in virus. ELECTRONIC SUPPLEMENTARY MATERIAL: The online version of this article (doi:10.1186/s12985-015-0405-2) contains supplementary material, which is available to authorized users.",
   "publish_time": "2015 Oct 24",
   "authors": [
      "Fang, Peng",
      "Lu, Rongfei",
      "Sun, Feng",
      "Lan, Ying",
      "Shen, Wenbiao",
      "Du, Linlin",
      "Zhou, Yijun",
      "Zhou, Tong"
   ],
   "journal": "Virol J",
   "has_full_text": "True",
   "full_text_file": "comm_use_subset",
   "id": "https://doi.org/10.1186/s12985-015-0405-2",
   "pubtator": "PMC4619528",
   "fhir_link": [
      "Commercial/Composition/1926a717f92225eb7539c0fe190cefe1b067f08e"
   ]
}