{
   "sha": "ca5c35779ac657261ff729dd0f8509e1b14a6acd",
   "source_x": "PMC",
   "title": "Clinical determinants of the severity of Middle East respiratory syndrome (MERS): a systematic review and meta-analysis",
   "doi": "10.1186/s12889-016-3881-4",
   "pmcid": "PMC5129628",
   "pubmed_id": "27899100",
   "license": "cc-by",
   "abstract": "BACKGROUND: While the risk of severe complications of Middle East respiratory syndrome (MERS) and its determinants have been explored in previous studies, a systematic analysis of published articles with different designs and populations has yet to be conducted. The present study aimed to systematically review the risk of death associated with MERS as well as risk factors for associated complications. METHODS: PubMed and Web of Science databases were searched for clinical and epidemiological studies on confirmed cases of MERS. Eligible articles reported clinical outcomes, especially severe complications or death associated with MERS. Risks of admission to intensive care unit (ICU), mechanical ventilation and death were estimated. Subsequently, potential associations between MERS-associated death and age, sex, underlying medical conditions and study design were explored. RESULTS: A total of 25 eligible articles were identified. The case fatality risk ranged from 14.5 to 100%, with the pooled estimate at 39.1%. The risks of ICU admission and mechanical ventilation ranged from 44.4 to 100% and from 25.0 to 100%, with pooled estimates at 78.2 and 73.0%, respectively. These risks showed a substantial heterogeneity among the identified studies, and appeared to be the highest in case studies focusing on ICU cases. We identified older age, male sex and underlying medical conditions, including diabetes mellitus, renal disease, respiratory disease, heart disease and hypertension, as clinical predictors of death associated with MERS. In ICU case studies, the expected odds ratios (OR) of death among patients with underlying heart disease or renal disease to patients without such comorbidities were 0.6 (95% Confidence Interval (CI): 0.1, 4.3) and 0.6 (95% CI: 0.0, 2.1), respectively, while the ORs were 3.8 (95% CI: 3.4, 4.2) and 2.4 (95% CI: 2.0, 2.9), respectively, in studies with other types of designs. CONCLUSIONS: The heterogeneity for the risk of death and severe manifestations was substantially high among the studies, and varying study designs was one of the underlying reasons for this heterogeneity. A statistical estimation of the risk of MERS death and identification of risk factors must be conducted, particularly considering the study design and potential biases associated with case detection and diagnosis. ELECTRONIC SUPPLEMENTARY MATERIAL: The online version of this article (doi:10.1186/s12889-016-3881-4) contains supplementary material, which is available to authorized users.",
   "publish_time": "2016 Nov 29",
   "authors": [
      "Matsuyama, Ryota",
      "Nishiura, Hiroshi",
      "Kutsuna, Satoshi",
      "Hayakawa, Kayoko",
      "Ohmagari, Norio"
   ],
   "journal": "BMC Public Health",
   "has_full_text": "True",
   "full_text_file": "comm_use_subset",
   "id": "https://doi.org/10.1186/s12889-016-3881-4",
   "pubtator": "PMC5129628",
   "fhir_link": [
      "Commercial/Composition/ca5c35779ac657261ff729dd0f8509e1b14a6acd"
   ]
}