{
   "sha": "43918c75d7b7d3f9402b1342dfea1e19eb2bd909",
   "source_x": "PMC",
   "title": "Antibacterial Properties of Visible-Light-Responsive Carbon-Containing Titanium Dioxide Photocatalytic Nanoparticles against Anthrax",
   "doi": "10.3390/nano6120237",
   "pmcid": "PMC5302719",
   "pubmed_id": "28335365",
   "license": "cc-by",
   "abstract": "The bactericidal activity of conventional titanium dioxide (TiO(2)) photocatalyst is effective only on irradiation by ultraviolet light, which restricts the applications of TiO(2) for use in living environments. Recently, carbon-containing TiO(2) nanoparticles [TiO(2)(C) NP] were found to be a visible-light-responsive photocatalyst (VLRP), which displayed significantly enhanced antibacterial properties under visible light illumination. However, whether TiO(2)(C) NPs exert antibacterial properties against Bacillus anthracis remains elusive. Here, we evaluated these VLRP NPs in the reduction of anthrax-induced pathogenesis. Bacteria-killing experiments indicated that a significantly higher proportion (40%\u201360%) of all tested Bacillus species, including B. subtilis, B. cereus, B. thuringiensis, and B. anthracis, were considerably eliminated by TiO(2)(C) NPs. Toxin inactivation analysis further suggested that the TiO(2)(C) NPs efficiently detoxify approximately 90% of tested anthrax lethal toxin, a major virulence factor of anthrax. Notably, macrophage clearance experiments further suggested that, even under suboptimal conditions without considerable bacterial killing, the TiO(2)(C) NP-mediated photocatalysis still exhibited antibacterial properties through the reduction of bacterial resistance against macrophage killing. Our results collectively suggested that TiO(2)(C) NP is a conceptually feasible anti-anthrax material, and the relevant technologies described herein may be useful in the development of new strategies against anthrax.",
   "publish_time": "2016 Dec 9",
   "authors": [
      "Sun, Der-Shan",
      "Kau, Jyh-Hwa",
      "Huang, Hsin-Hsien",
      "Tseng, Yao-Hsuan",
      "Wu, Wen-Shiang",
      "Chang, Hsin-Hou"
   ],
   "journal": "Nanomaterials (Basel)",
   "has_full_text": "True",
   "full_text_file": "comm_use_subset",
   "id": "https://doi.org/10.3390/nano6120237",
   "pubtator": "PMC5302719",
   "fhir_link": [
      "Commercial/Composition/43918c75d7b7d3f9402b1342dfea1e19eb2bd909"
   ]
}