{
   "sha": "17889315db35509927f4fd1fb1d656b800365377",
   "source_x": "PMC",
   "title": "Risk of tuberculosis among air passengers estimated by interferon gamma release assay: survey of contact investigations, Japan, 2012 to 2015",
   "doi": "10.2807/1560-7917.ES.2017.22.12.30492",
   "pmcid": "PMC5388131",
   "pubmed_id": "28367799",
   "license": "cc-by",
   "abstract": "Although the World Health Organization recommends contact investigations around air travel-associated sputum smear-positive tuberculosis (TB) patients, evidence suggests that the information thus obtained may have overestimated the risk of TB infection because it involved some contacts born in countries with high TB burden who were likely to have been infected with TB in the past, or because tuberculin skin tests were used, which are less specific than the interferon gamma release assay (IGRA) particularly in areas where Bacillus Calmette-Gu\u00e9rin (BCG) vaccination coverage is high. We conducted a questionnaire survey on air travel-associated TB contact investigations in local health offices of Japan from 2012 to 2015, focusing on IGRA positivity. Among 651 air travel-associated TB contacts, average positivity was 3.8% (95% confidence interval (CI): 2.5\u20135.6) with a statistically significant increasing trend with older age (p < 0.0094). Positivity among 0\u201334 year-old contacts was 1.0% (95% CI: 0.12\u20133.5%), suggesting their risk of TB infection is as small as among Japanese young adults with low risk of TB infection (positivity: 0.85\u20130.90%). Limiting the contact investigation to fewer passengers (within two seats surrounding the index case, rather than two rows) seems reasonable in the case of aircraft with many seats per row.",
   "publish_time": "2017 Mar 23",
   "authors": [
      "Ota, Masaki",
      "Kato, Seiya"
   ],
   "journal": "Euro Surveill",
   "has_full_text": "True",
   "full_text_file": "comm_use_subset",
   "id": "https://doi.org/10.2807/1560-7917.ES.2017.22.12.30492",
   "pubtator": "PMC5388131",
   "fhir_link": [
      "Commercial/Composition/17889315db35509927f4fd1fb1d656b800365377"
   ]
}