{
   "sha": "3838015252b0ac31630c87d5cb719869e1569aa3",
   "source_x": "PMC",
   "title": "Bocavirus Viremia and Hepatitis in an Immunocompetent Child",
   "doi": "10.4274/balkanmedj.2015.1492",
   "pmcid": "PMC5450871",
   "pubmed_id": "28443581",
   "license": "cc-by",
   "abstract": "BACKGROUND: So far, many studies have shown that Human Bocavirus ( HBoV) is the main pathogen of the respiratory tract. Until now, there is no study that proves the association between HBoV and hepatitis. HBoV viremia/DNAemia has been associated closely with acute primary infection and moderate-to-severe illness but, more detailed clinical data about HBoV dissemination are still unavailable. CASE REPORT: Here we report a 2-years-5-months-old girl suffering from respiratory distress and heptitis followed in our intensive care unit. HBoV was detected in our patients nose and throat swabs concurrent with whole blood sample by positive polymerase chain reactions. After a through investigation no causative agent other than HBoV viremia was found. CONCLUSION: Human Bocavirus viremia with high viral loads may be associated with hepatitis.",
   "publish_time": "2017 May 15",
   "authors": [
      "Hayto\u011flu, Zeliha",
      "Canan, O\u011fuz"
   ],
   "journal": "Balkan Med J",
   "has_full_text": "True",
   "full_text_file": "comm_use_subset",
   "id": "https://doi.org/10.4274/balkanmedj.2015.1492",
   "pubtator": "PMC5450871",
   "fhir_link": [
      "Commercial/Composition/3838015252b0ac31630c87d5cb719869e1569aa3"
   ]
}