{
   "sha": "bc04647c4db146a7078e6de38873824a95e99314",
   "source_x": "PMC",
   "title": "No evidence of enteric viral involvement in the new neonatal porcine diarrhoea syndrome in Danish pigs",
   "doi": "10.1186/s12917-017-1239-5",
   "pmcid": "PMC5678564",
   "pubmed_id": "29115952",
   "license": "cc-by",
   "abstract": "BACKGROUND: The aim of this study was to investigate whether the syndrome New Neonatal Porcine Diarrhoea Syndrome (NNPDS) is associated with a viral aetiology. Four well-managed herds experiencing neonatal diarrhoea and suspected to be affected by NNPDS were included in a case-control set up. A total of 989 piglets were clinically examined on a daily basis. Samples from diarrhoeic and non-diarrhoeic piglets at the age of three to seven days were selected for extensive virological examination using specific real time polymerase chain reactions (qPCRs) and general virus detection methods. RESULTS: A total of 91.7% of the animals tested positive by reverse transcription qPCR (RT-qPCR) for porcine kobuvirus 1 (PKV-1) while 9% and 3% were found to be positive for rotavirus A and porcine teschovirus (PTV), respectively. The overall prevalence of porcine astrovirus (PAstV) was 75% with 69.8% of the PAstV positive pigs infected with PAstV type 3. No animals tested positive for rotavirus C, coronavirus (TGEV, PEDV and PRCV), sapovirus, enterovirus, parechovirus, saffoldvirus, cosavirus, klassevirus or porcine circovirus type 2 (PCV2). Microarray analyses performed on a total of 18 animals were all negative, as were eight animals examined by Transmission Electron Microscopy (TEM). Using Next Generation de novo sequencing (de novo NGS) on pools of samples from case animals within all herds, PKV-1 was detected in four herds and rotavirus A, rotavirus C and PTV were detected in one herd each. CONCLUSIONS: Our detailed analyses of piglets from NNPDS-affected herds demonstrated that viruses did not pose a significant contribution to NNPDS. However, further investigations are needed to investigate if a systemic virus infection plays a role in the pathogenesis of NNPDS.",
   "publish_time": "2017 Nov 7",
   "authors": [
      "Goecke, N. B.",
      "Hjulsager, C. K.",
      "Kongsted, H.",
      "Boye, M.",
      "Rasmussen, S.",
      "Granberg, F.",
      "Fischer, T. K.",
      "Midgley, S. E.",
      "Rasmussen, L. D.",
      "Angen, \u00d8.",
      "Nielsen, J. P.",
      "Jorsal, S. E.",
      "Larsen, L. E."
   ],
   "journal": "BMC Vet Res",
   "has_full_text": "True",
   "full_text_file": "comm_use_subset",
   "id": "https://doi.org/10.1186/s12917-017-1239-5",
   "pubtator": "PMC5678564",
   "fhir_link": [
      "Commercial/Composition/bc04647c4db146a7078e6de38873824a95e99314"
   ]
}