{
   "sha": "d62945f450e20fa12213b58d43cd1d0348de2e5b",
   "source_x": "PMC",
   "title": "When are pathogen genome sequences informative of transmission events?",
   "doi": "10.1371/journal.ppat.1006885",
   "pmcid": "PMC5821398",
   "pubmed_id": "29420641",
   "license": "cc-by",
   "abstract": "Recent years have seen the development of numerous methodologies for reconstructing transmission trees in infectious disease outbreaks from densely sampled whole genome sequence data. However, a fundamental and as of yet poorly addressed limitation of such approaches is the requirement for genetic diversity to arise on epidemiological timescales. Specifically, the position of infected individuals in a transmission tree can only be resolved by genetic data if mutations have accumulated between the sampled pathogen genomes. To quantify and compare the useful genetic diversity expected from genetic data in different pathogen outbreaks, we introduce here the concept of \u2018transmission divergence\u2019, defined as the number of mutations separating whole genome sequences sampled from transmission pairs. Using parameter values obtained by literature review, we simulate outbreak scenarios alongside sequence evolution using two models described in the literature to describe transmission divergence of ten major outbreak-causing pathogens. We find that while mean values vary significantly between the pathogens considered, their transmission divergence is generally very low, with many outbreaks characterised by large numbers of genetically identical transmission pairs. We describe the impact of transmission divergence on our ability to reconstruct outbreaks using two outbreak reconstruction tools, the R packages outbreaker and phybreak, and demonstrate that, in agreement with previous observations, genetic sequence data of rapidly evolving pathogens such as RNA viruses can provide valuable information on individual transmission events. Conversely, sequence data of pathogens with lower mean transmission divergence, including Streptococcus pneumoniae, Shigella sonnei and Clostridium difficile, provide little to no information about individual transmission events. Our results highlight the informational limitations of genetic sequence data in certain outbreak scenarios, and demonstrate the need to expand the toolkit of outbreak reconstruction tools to integrate other types of epidemiological data.",
   "publish_time": "2018 Feb 8",
   "authors": [
      "Campbell, Finlay",
      "Strang, Camilla",
      "Ferguson, Neil",
      "Cori, Anne",
      "Jombart, Thibaut"
   ],
   "journal": "PLoS Pathog",
   "has_full_text": "True",
   "full_text_file": "comm_use_subset",
   "id": "https://doi.org/10.1371/journal.ppat.1006885",
   "pubtator": "PMC5821398",
   "fhir_link": [
      "Commercial/Composition/d62945f450e20fa12213b58d43cd1d0348de2e5b"
   ]
}