{
   "sha": "daf5c921872ab27dc1a714408f626f49c71480e1",
   "source_x": "PMC",
   "title": "Strain-Specific Antagonism of the Human H1N1 Influenza A Virus against Equine Tetherin",
   "doi": "10.3390/v10050264",
   "pmcid": "PMC5977257",
   "pubmed_id": "29772683",
   "license": "cc-by",
   "abstract": "Tetherin/BST-2/CD317 is an interferon-induced host restriction factor that can block the budding of enveloped viruses by tethering them to the cell surface. Many viruses use certain proteins to counteract restriction by tetherin from their natural hosts, but not from other species. The influenza A virus (FLUAV) has a wide range of subtypes with different host tropisms. Human tetherin (huTHN) has been reported to restrict only specific FLUAV strains and the viral hemagglutinin (HA) and neuraminidase (NA) genes determine the sensitivity to huTHN. Whether tetherins from other hosts can block human FLUAV is still unknown. Here, we evaluate the impact of equine tetherin (eqTHN) and huTHN on the replication of A/Sichuan/1/2009 (H1N1) and A/equine/Xinjiang/1/2007 (H3N8) strains. Our results show that eqTHN had higher restriction activity towards both viruses, and its shorter cytoplasmic tail contributed to that activity. We further demonstrated that HA and NA of A/Hamburg/4/2009 (H1N1) could counteract eqTHN. Notably, our results indicate that four amino acids, 13T and 49L of HA and 32T and 80V of NA, were involved in blocking the restriction activity of eqTHN. These findings reveal interspecies restriction by eqTHN towards FLUAV, and the role of the HA and NA proteins in overcoming this restriction.",
   "publish_time": "2018 May 16",
   "authors": [
      "Wang, Meiyue",
      "Zhang, Zhenyu",
      "Wang, Xiaojun"
   ],
   "journal": "Viruses",
   "has_full_text": "True",
   "full_text_file": "comm_use_subset",
   "id": "https://doi.org/10.3390/v10050264",
   "pubtator": "PMC5977257",
   "fhir_link": [
      "Commercial/Composition/daf5c921872ab27dc1a714408f626f49c71480e1"
   ]
}