{
   "sha": "6285a0930a05dfe14ae9f09101a789e070435b3f",
   "source_x": "PMC",
   "title": "A Review on the Phytochemistry, Pharmacology, and Pharmacokinetics of Amentoflavone, a Naturally-Occurring Biflavonoid",
   "doi": "10.3390/molecules22020299",
   "pmcid": "PMC6155574",
   "pubmed_id": "28212342",
   "license": "cc-by",
   "abstract": "Amentoflavone (C(30)H(18)O(10)) is a well-known biflavonoid occurring in many natural plants. This polyphenolic compound has been discovered to have some important bioactivities, including anti-inflammation, anti-oxidation, anti-diabetes, and anti-senescence effects on many important reactions in the cardiovascular and central nervous system, etc. Over 120 plants have been found to contain this bioactive component, such as Selaginellaceae, Cupressaceae, Euphorbiaceae, Podocarpaceae, and Calophyllaceae plant families. This review paper aims to profile amentoflavone on its plant sources, natural derivatives, pharmacology, and pharmacokinetics, and to highlight some existing issues and perspectives in the future.",
   "publish_time": "2017 Feb 16",
   "authors": [
      "Yu, Sheng",
      "Yan, Hui",
      "Zhang, Li",
      "Shan, Mingqiu",
      "Chen, Peidong",
      "Ding, Anwei",
      "Li, Sam Fong Yau"
   ],
   "journal": "Molecules",
   "has_full_text": "True",
   "full_text_file": "comm_use_subset",
   "id": "https://doi.org/10.3390/molecules22020299",
   "pubtator": "PMC6155574",
   "fhir_link": [
      "Commercial/Composition/6285a0930a05dfe14ae9f09101a789e070435b3f"
   ]
}