{
   "sha": "948028bf6ac0f66ea490a476c599db04fb42a50f",
   "source_x": "PMC",
   "title": "Complement Activation Contributes to Severe Acute Respiratory Syndrome Coronavirus Pathogenesis",
   "doi": "10.1128/mBio.01753-18",
   "pmcid": "PMC6178621",
   "pubmed_id": "30301856",
   "license": "cc-by",
   "abstract": "Acute respiratory distress syndrome (ARDS) is immune-driven pathologies that are observed in severe cases of severe acute respiratory syndrome coronavirus (SARS-CoV) infection. SARS-CoV emerged in 2002 to 2003 and led to a global outbreak of SARS. As with the outcome of human infection, intranasal infection of C57BL/6J mice with mouse-adapted SARS-CoV results in high-titer virus replication within the lung, induction of inflammatory cytokines and chemokines, and immune cell infiltration within the lung. Using this model, we investigated the role of the complement system during SARS-CoV infection. We observed activation of the complement cascade in the lung as early as day 1 following SARS-CoV infection. To test whether this activation contributed to protective or pathologic outcomes, we utilized mice deficient in C3 (C3(\u2013/\u2013)), the central component of the complement system. Relative to C57BL/6J control mice, SARS-CoV-infected C3(\u2013/\u2013) mice exhibited significantly less weight loss and less respiratory dysfunction despite equivalent viral loads in the lung. Significantly fewer neutrophils and inflammatory monocytes were present in the lungs of C3(\u2013/\u2013) mice than in C56BL/6J controls, and subsequent studies revealed reduced lung pathology and lower cytokine and chemokine levels in both the lungs and the sera of C3(\u2013/\u2013) mice than in controls. These studies identify the complement system as an important host mediator of SARS-CoV-induced disease and suggest that complement activation regulates a systemic proinflammatory response to SARS-CoV infection. Furthermore, these data suggest that SARS-CoV-mediated disease is largely immune driven and that inhibiting complement signaling after SARS-CoV infection might function as an effective immune therapeutic.",
   "publish_time": "2018 Oct 9",
   "authors": [
      "Gralinski, Lisa E.",
      "Sheahan, Timothy P.",
      "Morrison, Thomas E.",
      "Menachery, Vineet D.",
      "Jensen, Kara",
      "Leist, Sarah R.",
      "Whitmore, Alan",
      "Heise, Mark T.",
      "Baric, Ralph S."
   ],
   "journal": "mBio",
   "has_full_text": "True",
   "full_text_file": "comm_use_subset",
   "id": "https://doi.org/10.1128/mBio.01753-18",
   "pubtator": "PMC6178621",
   "fhir_link": [
      "Commercial/Composition/948028bf6ac0f66ea490a476c599db04fb42a50f"
   ]
}