{
   "sha": "7e92385d74e531617394983f187f6b4c9ca2f328",
   "source_x": "PMC",
   "title": "Neuroprotective Effects of Musk of Muskrat on Transient Focal Cerebral Ischemia in Rats",
   "doi": "10.1155/2019/9817949",
   "pmcid": "PMC6614976",
   "pubmed_id": "31341507",
   "license": "cc-by",
   "abstract": "Musk of musk deer has been one of the most precious traditional medicinal materials for treatment of stroke, but trading is prohibited. Musk of muskrat, Ondatra zibethicus, is an accessible substitute for musk of musk deer. However, neuroprotective effects of the musk of muskrat on stroke model are so far unclear. Aim of the study is to determine neuroprotective effects of the musk of muskrat on focal cerebral ischemia. The protective effects against focal cerebral ischemia were evaluated using a model of middle cerebral artery occlusion (90-minute occlusion followed by 24-hour reperfusion). Musk of muskrat was collected from scent bag of muskrat and orally administered at doses of 100 and 300 mg/kg twice at times of 0 and 90 min after occlusion. The effects on sensorimotor dysfunction were investigated by using balance beam test and rotarod test after brain ischemia. The expression of cyclooxygenase-2 (COX-2) was investigated by immunohistochemistry. Oral administration of musk at 300 mg/kg significantly reduced (p<0.001) the infarct volume by 32.4% compared with a vehicle-treated group. Oral administration of musk at 300 mg/kg also ameliorated ischemia-induced spontaneous and vestibule sensorimotor dysfunction in balance beam test and rotarod test compared with control group and COX-2 upregulation. Musk of muskrat may have neuroprotective effects against transient focal cerebral ischemia with recovery of sensorimotor dysfunction. Regarding the immunohistochemistry, the effects of muskrat may be due to anti-inflammatory properties through inhibition of COX-2 expressions.",
   "publish_time": "2019 Jun 25",
   "authors": [
      "Lee, Donghun",
      "Kim, Young-Sik",
      "Song, Jungbin",
      "Kim, Hocheol"
   ],
   "journal": "Evid Based Complement Alternat Med",
   "has_full_text": "True",
   "full_text_file": "comm_use_subset",
   "id": "https://doi.org/10.1155/2019/9817949",
   "pubtator": "PMC6614976",
   "fhir_link": [
      "Commercial/Composition/7e92385d74e531617394983f187f6b4c9ca2f328"
   ]
}