{
   "sha": "d5dd18b98d06fac67015e3619c8e501ec02ad5a8",
   "source_x": "PMC",
   "title": "High Diversity and Novel Enteric Viruses in Fecal Viromes of Healthy Wild and Captive Thai Cynomolgus Macaques (Macaca fascicularis)",
   "doi": "10.3390/v11100971",
   "pmcid": "PMC6832579",
   "pubmed_id": "31652508",
   "license": "cc-by",
   "abstract": "Cynomolgus macaques are common across South East Asian countries including Thailand. The National Primate Research Center of Thailand, Chulalongkorn University (NPRCT-CU) captures wild-borne cynomolgus macaque for research use. Limited information is available on the enteric viruses and possible zoonotic infections into or from cynomolgus macaques. We characterized and compare the fecal virome of two populations; healthy wild-originated captive cynomolgus macaques (n = 43) reared in NPRCT-CU and healthy wild cynomolgus macaques (n = 35). Over 90% of recognized viral sequence reads amplified from feces were from bacterial viruses. Viruses from seven families of mammalian viruses were also detected (Parvoviridae, Anelloviridae, Picornaviridae, Adenoviridae, Papillomaviridae, Herpesviridae, and Caliciviridae). The genomes of a member of a new picornavirus genus we named Mafapivirus, a primate chapparvovirus, and a circular Rep-encoding single-strand (CRESS) DNA virus were also characterized. Higher abundance of CRESS DNA viruses of unknown tropism and invertebrate-tropic ambidensovirus were detected in wild versus captive macaques likely reflecting dietary differences. Short term rearing in captivity did not have a pronounced effect on the diversity of mammalian viruses of wild cynomolgus macaques. This study is the first report of the fecal virome of cynomolgus macaques, non-human primates frequently used in biomedical research and vaccination studies.",
   "publish_time": "2019 Oct 22",
   "authors": [
      "Sawaswong, Vorthon",
      "Fahsbender, Elizabeth",
      "Altan, Eda",
      "Kemthong, Taratorn",
      "Deng, Xutao",
      "Malaivijitnond, Suchinda",
      "Payungporn, Sunchai",
      "Delwart, Eric"
   ],
   "journal": "Viruses",
   "has_full_text": "True",
   "full_text_file": "comm_use_subset",
   "id": "https://doi.org/10.3390/v11100971",
   "pubtator": "PMC6832579",
   "fhir_link": [
      "Commercial/Composition/d5dd18b98d06fac67015e3619c8e501ec02ad5a8"
   ]
}