{
   "sha": "1a7d600387654c0315c076f74d8479adb4403d75",
   "source_x": "PMC",
   "title": "Photonic Crystal Nanobeam Cavities for Nanoscale Optical Sensing: A Review",
   "doi": "10.3390/mi11010072",
   "pmcid": "PMC7019810",
   "pubmed_id": "31936559",
   "license": "cc-by",
   "abstract": "The ability to detect nanoscale objects is particular crucial for a wide range of applications, such as environmental protection, early-stage disease diagnosis and drug discovery. Photonic crystal nanobeam cavity (PCNC) sensors have attracted great attention due to high-quality factors and small-mode volumes (Q/V) and good on-chip integrability with optical waveguides/circuits. In this review, we focus on nanoscale optical sensing based on PCNC sensors, including ultrahigh figure of merit (FOM) sensing, single nanoparticle trapping, label-free molecule detection and an integrated sensor array for multiplexed sensing. We believe that the PCNC sensors featuring ultracompact footprint, high monolithic integration capability, fast response and ultrahigh sensitivity sensing ability, etc., will provide a promising platform for further developing lab-on-a-chip devices for biosensing and other functionalities.",
   "publish_time": "2020 Jan 9",
   "authors": [
      "Yang, Da-Quan",
      "Duan, Bing",
      "Liu, Xiao",
      "Wang, Ai-Qiang",
      "Li, Xiao-Gang",
      "Ji, Yue-Feng"
   ],
   "journal": "Micromachines (Basel)",
   "has_full_text": "True",
   "full_text_file": "comm_use_subset",
   "id": "https://doi.org/10.3390/mi11010072",
   "pubtator": "PMC7019810",
   "fhir_link": [
      "Commercial/Composition/1a7d600387654c0315c076f74d8479adb4403d75"
   ]
}