{
   "sha": "efd6ea1e3d5223f220c6c09084ac5fb043618b03",
   "source_x": "PMC",
   "title": "Adeno-Associated Viruses Serotype 2-Mediated RNA Interference Efficiently Inhibits Rabies Virus Replication In Vitro and In Vivo",
   "doi": "10.1292/jvms.13-0127",
   "pmcid": "PMC3942934",
   "pubmed_id": "23774028",
   "license": "cc-by-nc-nd",
   "abstract": "To investigate the potential of adeno-associated viruses serotype 2 (AAV2)-mediated RNA interference (RNAi) as an antiviral agent against rabies, recombinant AAV2 vectors expressing siRNA targeting the nucleoprotein (N) gene of rabies virus (RABV) (rAAV-N796) were constructed and evaluated. When NA cells pretreated with rAAV-N796 were challenged with RABV, there was a 37.8 \u00b1 3.4% to 55.1 \u00b1 5.3% reduction in RABV virus titer. When cells pre-challenged with RABV were treated with rAAV-N796, there was a 4.4 \u00b1 1.4 to 28.8 \u00b1 3.2% reduction in RABV virus titer. Relative quantification of RABV transcripts using real-time PCR and Western blot revealed that the knockdown of RABV-N gene transcripts was based on the rAAV-N796 inoculation titer. When any NA cells were treated with rAAV-N796 before or after challenged with RABV, significant reduction in virus titer was observed in both administrations. Mice treated intracerebrally with rAAV-N796 exhibited 50 \u00b1 5.3 and 62.5 \u00b1 4.7% protection when challenged intracerebrally or intramuscally, respectively, with lethal RABV. When mice treated intramuscularly with rAAV-N796 were challenged intramuscularly with lethal RABV, they exhibited 37.5 \u00b1 3.7% protection. When mice were intracerebrally and intramuscularly with rAAV-N796 24 hr after exposure to RABV infection, they exhibited 25 \u00b1 4.1% protection The N gene mRNA levels in the brains of challenged mice with three different administrations were reduced (55, 68, 32 and 25%, respectively). These results indicated that AAV2 vector-mediated siRNA delivery in vitro in NA cells inhibited RABV multiplication, inhibited RABV multiplication in vivo in the mice brain and imparted partial protection against lethal rabies. So, it may have a potential to be used as an alternative antiviral approach against rabies.",
   "publish_time": "2013 Oct 14",
   "authors": [
      "WU, Hong-Xia",
      "WANG, Hua-Lei",
      "GUO, Xiao-Feng",
      "YANG, Yu-Jiao",
      "MA, Jin-Zhu",
      "WANG, Tie-Cheng",
      "GAO, Yu-Wei",
      "ZHAO, Yong-Kun",
      "YANG, Song-Tao",
      "XIA, Xian-Zhu"
   ],
   "journal": "J Vet Med Sci",
   "has_full_text": "True",
   "full_text_file": "noncomm_use_subset",
   "id": "https://doi.org/10.1292/jvms.13-0127",
   "pubtator": "PMC3942934",
   "fhir_link": [
      "Non-comercial/Composition/efd6ea1e3d5223f220c6c09084ac5fb043618b03"
   ]
}