{
   "sha": "cfb3735e8a8570efe9bc510fb05fe73441b00314",
   "source_x": "PMC",
   "title": "Comparison of the Luminex xTAG Respiratory Viral Panel Fast v2 Assay With Anyplex II RV16 Detection Kit and AdvanSure RV Real-Time RT-PCR Assay for the Detection of Respiratory Viruses",
   "doi": "10.3343/alm.2017.37.5.408",
   "pmcid": "PMC5500739",
   "pubmed_id": "28643489",
   "license": "cc-by-nc",
   "abstract": "BACKGROUND: The accurate and rapid identification of the causative viruses is important for the timely diagnosis and management of respiratory infections. Multiplex molecular diagnostic techniques have been widely adopted to detect respiratory viruses. We compared the results of a newly upgraded, multiplex, molecular bead-based respiratory viral panel (RVP) assay with the results of Anyplex II RV16 detection kit and AdvanSure RV real-time RT-PCR assay. METHODS: We tested 254 respiratory specimens and cultured viral strains using the Luminex xTAG RVP Fast v2 assay (Luminex Molecular Diagnostics, Canada) and Anyplex II RV16 detection kit and compared the results. Specimens showing discordant results between the two assays were tested with a AdvanSure RV real-time RT-PCR assay. RESULTS: Of the 254 respiratory specimens, there was total agreement in the results between the xTAG RVP Fast v2 assay and the other real-time PCR assay in 94.1\u2013100% of the specimens. The agreement levels were relatively low (94.1\u201397.6%) for specimens of adenovirus, coronavirus NL63, and parainfluenza type 3. In comparison to the other assay, the xTAG RVP Fast v2 assay detected a higher number of parainfluenza type 3 (4 cases) and metapneumovirus (9 cases). CONCLUSIONS: The xTAG RVP Fast v2 assay showed comparable capabilities compared with the other assays; it will be useful for identifying respiratory viral infections in patients with respiratory symptoms. Clinicians should be aware of the characteristics of the assays they use, since different assays show different detectability for each virus.",
   "publish_time": "2017 Sep 20",
   "authors": [
      "Ko, Dae-Hyun",
      "Kim, Hyun Soo",
      "Hyun, Jungwon",
      "Kim, Han-Sung",
      "Kim, Jae-Seok",
      "Park, Kyoung Un",
      "Song, Wonkeun"
   ],
   "journal": "Ann Lab Med",
   "has_full_text": "True",
   "full_text_file": "noncomm_use_subset",
   "id": "https://doi.org/10.3343/alm.2017.37.5.408",
   "pubtator": "PMC5500739",
   "fhir_link": [
      "Non-comercial/Composition/cfb3735e8a8570efe9bc510fb05fe73441b00314"
   ]
}