{
   "sha": "5d38ec30f0a4ea9b504808bc6bb2c8793db72e7a",
   "source_x": "PMC",
   "title": "Recent Advances in Biosensor Development for Foodborne Virus Detection",
   "doi": "10.7150/ntno.20301",
   "pmcid": "PMC5646734",
   "pubmed_id": "29071193",
   "license": "cc-by-nc",
   "abstract": "Outbreaks of foodborne diseases related to fresh produce have been increasing in North America and Europe. Viral foodborne pathogens are poorly understood, suffering from insufficient awareness and surveillance due to the limits on knowledge, availability, and costs of related technologies and devices. Current foodborne viruses are emphasized and newly emerging foodborne viruses are beginning to attract interest. To face current challenges regarding foodborne pathogens, a point-of-care (POC) concept has been introduced to food testing technology and device. POC device development involves technologies such as microfluidics, nanomaterials, biosensors and other advanced techniques. These advanced technologies, together with the challenges in developing foodborne virus detection assays and devices, are described and analysed in this critical review. Advanced technologies provide a path forward for foodborne virus detection, but more research and development will be needed to provide the level of manufacturing capacity required.",
   "publish_time": "2017 Jul 5",
   "authors": [
      "Neethirajan, Suresh",
      "Ahmed, Syed Rahin",
      "Chand, Rohit",
      "Buozis, John",
      "Nagy, \u00c9va"
   ],
   "journal": "Nanotheranostics",
   "has_full_text": "True",
   "full_text_file": "noncomm_use_subset",
   "id": "https://doi.org/10.7150/ntno.20301",
   "pubtator": "PMC5646734",
   "fhir_link": [
      "Non-comercial/Composition/5d38ec30f0a4ea9b504808bc6bb2c8793db72e7a"
   ]
}