{
   "sha": "acb8da60c4ee0bcc69d4c1da2786a429e7a374ee",
   "source_x": "PMC",
   "title": "Differential chemokine expression patterns in tonsillar disease",
   "doi": "10.14639/0392-100X-1743",
   "pmcid": "PMC6146581",
   "pubmed_id": "30197422",
   "license": "cc-by-nc-nd",
   "abstract": "Expression profiles of CXC- and CC-chemokines in various forms of tonsillar disease were studied to evaluate whether certain chemokines play a predominant role in a specific subset of tonsillar disease. Total RNA was isolated from 89 biopsies (21 hyperplastic palatine tonsils, 25 adenoids, 16 chronic inflammatory palatine tonsils and 27 chronic inflammatory palatine tonsils with histological prove of acute inflammation), reverse transcribed and subjected to PCR amplifying IL-8, Gro-alpha, eotaxin-1, eotaxin-2, MCP-3, MCP-4 and RANTES. 2% agarose gel electrophoresis revealed a predominance of IL-8 in the chronic inflammatory palatine tonsil group compared to tonsillar hyperplasia. Furthermore, eotaxin-2 was strongly overexpressed in adenoid samples compared to chronic inflammatory specimens. Our data suggest that the majority of diseases related to adenoid formation are mediated via an eotaxin-2 expression, whereas chronic inflammatory tonsillitis is associated with IL-8 upregulation. These data imply that adenoids are related to a Th-2, and chronic inflammatory tonsillitis to a Th-1 based immune response.",
   "publish_time": "2018 Aug",
   "authors": [
      "Mandapathil, M.",
      "H.Beier, U.",
      "Graefe, H.",
      "Kr\u00f6ger, B.",
      "Hedderich, J.",
      "Maune, S.",
      "Meyer, J. E"
   ],
   "journal": "Acta Otorhinolaryngol Ital",
   "has_full_text": "True",
   "full_text_file": "noncomm_use_subset",
   "id": "https://doi.org/10.14639/0392-100X-1743",
   "pubtator": "PMC6146581",
   "fhir_link": [
      "Non-comercial/Composition/acb8da60c4ee0bcc69d4c1da2786a429e7a374ee"
   ]
}