{
   "sha": "344b7576e8d591d39fa83b3fe6d6176a61c0ec9a",
   "source_x": "PMC",
   "title": "Factors Influencing the Diagnosis and Treatment of Latent Tuberculosis among Contacts in Congregated Settings in Korea",
   "doi": "10.3346/jkms.2019.34.e138",
   "pmcid": "PMC6509364",
   "pubmed_id": "31074252",
   "license": "cc-by-nc",
   "abstract": "BACKGROUND: This study aimed to compare the indicators (the rates of diagnosis, need for treatment, treatment initiation, and treatment completion) of management of latent tuberculosis infection (LTBI) in contacts and to identify the impact of active tuberculosis (TB) index case characteristics on the exposed population in congregated settings, such as schools, workplaces, and medical institutes. METHODS: The data of 8,648 clusters in the TB epidemiological investigation database between 2013 and 2016 were extracted and analyzed to evaluate the indicators and perform multilevel logistic regression (MLR) analyses to identify the factors affecting each indicator. RESULTS: The rates of total LTBI diagnosis, need for treatment, treatment initiation, and treatment completion were 15.2%, 10.2%, 69.4%, and 76.6%, respectively. After adjusting for other factors on MLR, the probability of diagnosis and need for treatment of latent TB in contacts was higher in most types of facilities than in schools. Conversely, treatment completion rates in these facilities were lower. Notably, the correctional institutions showed the highest odds ratio (OR) relative to school for LTBI diagnosis (OR, 6.37) and need for treatment (OR, 4.49) and the lowest OR for treatment completion (OR, 0.10). CONCLUSION: This study provided evidence for the implementation of latent TB control policies in congregated settings.",
   "publish_time": "2019 May 7",
   "authors": [
      "Kim, Ahreum",
      "Choi, Minhyeok"
   ],
   "journal": "J Korean Med Sci",
   "has_full_text": "True",
   "full_text_file": "noncomm_use_subset",
   "id": "https://doi.org/10.3346/jkms.2019.34.e138",
   "pubtator": "PMC6509364",
   "fhir_link": [
      "Non-comercial/Composition/344b7576e8d591d39fa83b3fe6d6176a61c0ec9a"
   ]
}