{
   "sha": "53e010f880f4fc5f6a6832c81cbae2342f98b210",
   "source_x": "PMC",
   "title": "Real-time Forecast of Multiphase Outbreak",
   "doi": "10.3201/eid1201.050396",
   "pmcid": "PMC3293463",
   "pubmed_id": "16494728",
   "license": "no-cc",
   "abstract": "We used a single equation with discrete phases to fit the daily cumulative case data from the 2003 severe acute respiratory syndrome outbreak in Toronto. This model enabled us to estimate turning points and case numbers during the 2 phases of this outbreak. The 3 estimated turning points are March 25, April 27, and May 24. The estimated case number during the first phase of the outbreak between February 23 and April 26 is 140.53 (95% confidence interval [CI] 115.88\u2013165.17) if we use the data from February 23 to April 4; and 249 (95% CI: 246.67\u2013251.25) at the end of the second phase on June 12 if we use the data from April 28 to June 4. The second phase can be detected by using case data just 3 days past the beginning of the phase, while the first and third turning points can be identified only \u224810 days afterwards. Our modeling procedure provides insights into ongoing outbreaks that may facilitate real-time public health responses.",
   "publish_time": "2006 Jan",
   "authors": [
      "Hsieh, Ying-Hen",
      "Cheng, Yuan-Sen"
   ],
   "journal": "Emerg Infect Dis",
   "has_full_text": "True",
   "full_text_file": "custom_license",
   "id": "https://doi.org/10.3201/eid1201.050396",
   "pubtator": "PMC3293463",
   "fhir_link": [
      "PMC/Composition/53e010f880f4fc5f6a6832c81cbae2342f98b210"
   ]
}