{
   "sha": "45e865433224c553d51f17b449c8d7bff7bd83cc",
   "source_x": "Elsevier",
   "title": "Chapter 8 Environmental Factors and Their Regulation of Immunity in Multiple Sclerosis",
   "doi": "10.1016/B978-0-12-801914-6.00008-8",
   "license": "els-covid",
   "abstract": "Abstract In multiple sclerosis (MS), environmental factors and genetic traits cooperate in the induction of the chronic activation of immune cells to produce the brain pathology. Epidemiology has focused on different environmental risk factors but certainly virus infection, smoking, vitamin D levels, and sunlight exposure are the most relevant. What is certainly less clear is the way in which these external factors are able to induce and sustain the internal pathology process of the disease. Epigenetics has been recently focused on trying to shed light on this aspect. As a matter of fact epigenetic changes are highly sensitive to environmental factors that therefore may influence the susceptibility to the disease by acting through epigenetic modifications. In this chapter we discuss the most relevant environmental factors and how they may affect the immune response in MS. Finally, we discuss the possible role of the microbiota in inducing autoimmunity in MS.",
   "publish_time": "2016-12-31",
   "authors": [
      "Trojano, M.",
      "Avolio, C."
   ],
   "journal": "Translational Neuroimmunology in Multiple Sclerosis",
   "has_full_text": "True",
   "full_text_file": "custom_license",
   "id": "https://doi.org/10.1016/B978-0-12-801914-6.00008-8",
   "fhir_link": [
      "PMC/Composition/45e865433224c553d51f17b449c8d7bff7bd83cc"
   ]
}