{
   "sha": "b3fd1c9139c31dc46f7b65873260adcb21f47192",
   "source_x": "PMC",
   "title": "Estimates and determinants of economic impacts from influenza\u2010like illnesses caused by respiratory viruses in Australian children attending childcare: a cohort study",
   "doi": "10.1111/irv.12138",
   "pmcid": "PMC4634260",
   "pubmed_id": "23829670",
   "license": "no-cc",
   "abstract": "BACKGROUND: Influenza and other respiratory infections cause excess winter morbidity in children. This study assessed the economic impact of influenza\u2010like illness (ILI) on families with children attending childcare using a societal perspective. METHODS: We conducted a prospective cohort study in 90 childcare centres and one general practitioner clinics in Sydney, Australia, during 2010. Healthy children aged \u22656 months to <3 years were enrolled. Economic impacts of ILI (temperature \u226537\u00b78\u00b0C or parental report of fever, plus \u22651 respiratory symptoms) were collected at 2 and 4 weeks after ILI onset by telephone interview. Parent\u2010collected respiratory specimens were tested for respiratory viruses using real\u2010time PCR (RT\u2010PCR). Costs associated with healthcare visits, medication usage, carer time lost (work or recreation) and home care and/or additional childcare were collected. Influenza\u2010like illness costs were described and further analysed using a Tobit model. Zero\u2010inflated Poisson regression was employed to compare the numbers of healthcare visits for each ILI. RESULTS: Of 381 children enrolled and analysed, 105 developed 124 ILIs. Specimens were available for 117 ILIs: five were positive by RT\u2010PCR for A(H1N1)pdm09, 39 for adenovirus, 39 for rhinovirus, 15 for a coronavirus and 27 for a polyomavirus. The mean cost of all ILIs was AU$626 (95% confidence interval: AU$484\u2013768) per ILI with no significant differences observed between viruses. Carers lost on average 13 hours of work and 3 hours of leisure time per ILI. Independent drivers of ILI costs were having both parents in employed work and longer duration of ILI. In multivariate analyses, four variables were significantly associated with an increased number of healthcare visits per ILI: non\u2010Caucasian child, living in a detached house, both parents in employed work and having an ILI with one or more viruses identified. CONCLUSIONS: For families with a child attending childcare, ILIs cause a substantial economic burden. An ILI in a child with working parents and/or with longer duration appears to cost more in monetary terms. Healthcare visits were increased if the child was non\u2010Caucasian, lived in a detached house, had working parents or had a virus\u2010positive ILI. Our findings on the estimates and determinants of economic impacts from respiratory virus infection highlight the importance and feasibility of an interdisciplinary (epidemiology/health economics) approach to such research.",
   "publish_time": "2013 Nov 6",
   "authors": [
      "Yin, Jiehui Kevin",
      "Salkeld, Glenn",
      "Lambert, Stephen B.",
      "Dierig, Alexa",
      "Heron, Leon",
      "Leask, Julie",
      "Yui Kwan Chow, Maria",
      "Booy, Robert"
   ],
   "journal": "Influenza Other Respir Viruses",
   "has_full_text": "True",
   "full_text_file": "custom_license",
   "id": "https://doi.org/10.1111/irv.12138",
   "pubtator": "PMC4634260",
   "fhir_link": [
      "PMC/Composition/b3fd1c9139c31dc46f7b65873260adcb21f47192"
   ]
}