{
   "sha": "54f05a81f01710c9f2c441e30233bca6163da6a9",
   "source_x": "PMC",
   "title": "Joint External Evaluation\u2014Development and Scale-Up of Global Multisectoral Health Capacity Evaluation Process",
   "doi": "10.3201/eid2313.170949",
   "pmcid": "PMC5711324",
   "pubmed_id": "29155678",
   "license": "no-cc",
   "abstract": "The Joint External Evaluation (JEE), a consolidation of the World Health Organization (WHO) International Health Regulations 2005 (IHR 2005) Monitoring and Evaluation Framework and the Global Health Security Agenda country assessment tool, is an objective, voluntary, independent peer-to-peer multisectoral assessment of a country\u2019s health security preparedness and response capacity across 19 IHR technical areas. WHO approved the standardized JEE tool in February 2016. The JEE process is wholly transparent; countries request a JEE and are encouraged to make its findings public. Donors (e.g., member states, public and private partners, and other public health institutions) can support countries in addressing identified JEE gaps, and implementing country-led national action plans for health security. Through July 2017, 52 JEEs were completed, and 25 more countries were scheduled across WHO\u2019s 6 regions. JEEs facilitate progress toward IHR 2005 implementation, thereby building trust and mutual accountability among countries to detect and respond to public health threats.",
   "publish_time": "2017 Dec",
   "authors": [
      "Bell, Elizabeth",
      "Tappero, Jordan W.",
      "Ijaz, Kashef",
      "Bartee, Maureen",
      "Fernandez, Jose",
      "Burris, Hannah",
      "Sliter, Karen",
      "Nikkari, Simo",
      "Chungong, Stella",
      "Rodier, Guenael",
      "Jafari, Hamid"
   ],
   "journal": "Emerg Infect Dis",
   "has_full_text": "True",
   "full_text_file": "custom_license",
   "id": "https://doi.org/10.3201/eid2313.170949",
   "pubtator": "PMC5711324",
   "fhir_link": [
      "PMC/Composition/54f05a81f01710c9f2c441e30233bca6163da6a9"
   ]
}