{
   "source_x": "PMC",
   "title": "Tetraspanins: Architects of Viral Entry and Exit Platforms",
   "doi": "10.1128/JVI.01429-17",
   "pmcid": "PMC6401424",
   "license": "unk",
   "abstract": "Host factors render cells susceptible to viral infection. One family of susceptibility factors, the tetraspanin proteins, facilitate enveloped virus entry by promoting virus-cell membrane fusion. They also facilitate viral egress from infected cells. In this Gem, we discuss recent insights into how tetraspanins assemble viral entry and exit platforms on cell membranes, and we speculate that tetraspanins contribute to nonviral membrane fusions by similar mechanisms.",
   "authors": [
      "Hantak, Michael P.",
      "Qing, Enya",
      "Earnest, James T.",
      "Gallagher, Tom"
   ],
   "has_full_text": "False",
   "id": "https://doi.org/10.1128/JVI.01429-17",
   "pubtator": "PMC6401424"
}