{
   "source_x": "PMC",
   "title": "Molecular detection and characterization of transient bovine viral diarrhea virus (BVDV) infections in cattle commingled with ten BVDV persistently infected cattle",
   "doi": "10.1177/1040638717753962",
   "pmcid": "PMC6505824",
   "license": "unk",
   "abstract": "Fifty-three cattle of unknown serologic status that were not persistently infected (PI) with bovine viral diarrhea virus (BVDV) were commingled with 10 cattle that were PI with different strains of BVDV, and were monitored for an extended commingle period using a reverse-transcription real-time PCR (RT-rtPCR) BVDV assay on various sample types. Transient infections with BVDV were also assessed by virus isolation, virus neutralization (VN) assays, and direct buffy coat 5\u2032-UTR sequencing. Infections were demonstrated in all cattle by RT-rtPCR; however, the detection rate was dependent on the type of sample. Buffy coat samples demonstrated a significantly greater number of positive results (p \u2264 0.05) than either serum or nasal swab samples. Presence of elevated BVDV VN titers at the onset inversely correlated with the number of test days positive that an individual would be identified by RT-rtPCR from buffy coat samples, and directly correlated with the average Ct values accumulated over all RT-rtPCR test days from buffy coat samples. Both single and mixed genotype/subgenotype/strain infections were detected in individual cattle by direct sample 5\u2032-UTR sequencing. A BVDV-2a strain from a PI animal was found to be the predominant strain infecting 64% of all non-PI cattle; BVDV-1b strains originating from 3 PI cattle were never detected in non-PI cattle. Although direct sample 5\u2032-UTR sequencing was capable of demonstrating mixed BVDV infections, identifying all strains suspected was not always efficient or possible.",
   "authors": [
      "Peddireddi, Lalitha",
      "Foster, Kelly A.",
      "Poulsen, Elizabeth G.",
      "An, Baoyan",
      "Hoang, Quoc Hung",
      "O\u2019Connell, Catherine",
      "Anderson, Joseph W.",
      "Thomson, Daniel U.",
      "Hanzlicek, Gregg A.",
      "Bai, Jianfa",
      "Hesse, Richard A.",
      "Oberst, Richard D.",
      "Anderson, Gary A.",
      "Leyva-Baca, Ivan"
   ],
   "has_full_text": "False",
   "id": "https://doi.org/10.1177/1040638717753962",
   "pubtator": "PMC6505824"
}