{
   "source_x": "PMC",
   "title": "Equine Arteritis Virus Has Specific Tropism for Stromal Cells and CD8(+) T and CD21(+) B Lymphocytes but Not for Glandular Epithelium at the Primary Site of Persistent Infection in the Stallion Reproductive Tract",
   "doi": "10.1128/JVI.00418-17",
   "pmcid": "PMC5469258",
   "license": "unk",
   "abstract": "Equine arteritis virus (EAV) has a global impact on the equine industry as the causative agent of equine viral arteritis (EVA), a respiratory, systemic, and reproductive disease of equids. A distinctive feature of EAV infection is that it establishes long-term persistent infection in 10 to 70% of infected stallions (carriers). In these stallions, EAV is detectable only in the reproductive tract, and viral persistence occurs despite the presence of high serum neutralizing antibody titers. Carrier stallions constitute the natural reservoir of the virus as they continuously shed EAV in their semen. Although the accessory sex glands have been implicated as the primary sites of EAV persistence, the viral host cell tropism and whether viral replication in carrier stallions occurs in the presence or absence of host inflammatory responses remain unknown. In this study, dual immunohistochemical and immunofluorescence techniques were employed to unequivocally demonstrate that the ampulla is the main EAV tissue reservoir rather than immunologically privileged tissues (i.e., testes). Furthermore, we demonstrate that EAV has specific tropism for stromal cells (fibrocytes and possibly tissue macrophages) and CD8(+) T and CD21(+) B lymphocytes but not glandular epithelium. Persistent EAV infection is associated with moderate, multifocal lymphoplasmacytic ampullitis comprising clusters of B (CD21(+)) lymphocytes and significant infiltration of T (CD3(+), CD4(+), CD8(+), and CD25(+)) lymphocytes, tissue macrophages, and dendritic cells (Iba-1(+) and CD83(+)), with a small number of tissue macrophages expressing CD163 and CD204 scavenger receptors. This study suggests that EAV employs complex immune evasion mechanisms that warrant further investigation. IMPORTANCE The major challenge for the worldwide control of EAV is that this virus has the distinctive ability to establish persistent infection in the stallion's reproductive tract as a mechanism to ensure its maintenance in equid populations. Therefore, the precise identification of tissue and cellular tropism of EAV is critical for understanding the molecular basis of viral persistence and for development of improved prophylactic or treatment strategies. This study significantly enhances our understanding of the EAV carrier state in stallions by unequivocally identifying the ampullae as the primary sites of viral persistence, combined with the fact that persistence involves continuous viral replication in fibrocytes (possibly including tissue macrophages) and T and B lymphocytes in the presence of detectable inflammatory responses, suggesting the involvement of complex viral mechanisms of immune evasion. Therefore, EAV persistence provides a powerful new natural animal model to study RNA virus persistence in the male reproductive tract.",
   "authors": [
      "Carossino, Mariano",
      "Loynachan, Alan T.",
      "Canisso, Igor F.",
      "Cook, R. Frank",
      "Campos, Juliana R.",
      "Nam, Bora",
      "Go, Yun Young",
      "Squires, Edward L.",
      "Troedsson, Mats H. T.",
      "Swerczek, Thomas",
      "Del Piero, Fabio",
      "Bailey, Ernest",
      "Timoney, Peter J.",
      "Balasuriya, Udeni B. R."
   ],
   "has_full_text": "False",
   "id": "https://doi.org/10.1128/JVI.00418-17",
   "pubtator": "PMC5469258"
}