{
   "sha": "36604ca8d903fb68487993a2933a749dd9c32cd5",
   "source_x": "Elsevier",
   "title": "5 Operating environment",
   "doi": "10.1016/B978-0-12-810528-3.00005-6",
   "license": "els-covid",
   "abstract": "Abstract The operating environment of an airport is affecting its financial performance. This will be worked out for different regions and size brackets, based on empirical airport data provided by ACI\u2019s economic surveys. This chapter will also investigate influencing factors such as major traffic flows and their consequences for airport demand as well as site-specific circumstances, including aviation policy. Due to their importance for the economic development of a region, airports have frequently been subject to political activities. This chapter\u2019s feature is on potential effects of aviation policy on regional airports. It is focusing on the European Commission\u2019s 2014 guidelines on state aid and their amendment as of May 2017.",
   "publish_time": "2019-12-31",
   "authors": [
      "Vogel, Hans-Arthur"
   ],
   "journal": "Foundations of Airport Economics and Finance",
   "has_full_text": "True",
   "full_text_file": "custom_license",
   "id": "https://doi.org/10.1016/B978-0-12-810528-3.00005-6",
   "fhir_link": [
      "PMC/Composition/36604ca8d903fb68487993a2933a749dd9c32cd5"
   ]
}