{
   "source_x": "PMC",
   "title": "Innate cell communication kick-starts pathogen-specific immunity",
   "doi": "10.1038/ni.3375",
   "pmcid": "PMC4949486",
   "license": "unk",
   "abstract": "Innate cells are responsible for the rapid recognition of infection and mediate essential mechanisms of pathogen elimination, and also facilitate adaptive immune responses. We review here the numerous intricate interactions among innate cells that initiate protective immunity. The efficient eradication of pathogens depends on the coordinated actions of multiple cells, including innate cells and epithelial cells. Rather than acting as isolated effector cells, innate cells are in constant communication with other responding cells of the immune system, locally and distally. These interactions are critically important for the efficient control of primary infections as well for the development of \u2018trained\u2019 innate cells that facilitate the rapid elimination of homologous or heterologous infections.",
   "authors": [
      "Rivera, Amariliz",
      "Siracusa, Mark C.",
      "Yap, George S.",
      "Gause, William C."
   ],
   "has_full_text": "False",
   "id": "https://doi.org/10.1038/ni.3375",
   "pubtator": "PMC4949486"
}