{
   "source_x": "PMC",
   "title": "Repurposing of the antihistamine chlorcyclizine and related compounds for treatment of hepatitis C virus infection",
   "doi": "10.1126/scitranslmed.3010286",
   "pmcid": "PMC6420960",
   "license": "unk",
   "abstract": "Hepatitis C virus (HCV) infection affects an estimated 185 million people worldwide, with chronic infection often leading to liver cirrhosis and hepatocellular carcinoma. Although HCV is curable, there is an unmet need for the development of effective and affordable treatment options. Through a cell-based high-throughput screen, we identified chlorcyclizine HCl (CCZ), an over-the-counter drug for allergy symptoms, as a potent inhibitor of HCV infection. CCZ inhibited HCV infection in human hepatoma cells and primary human hepatocytes. The mode of action of CCZ is mediated by inhibiting an early stage of HCV infection, probably targeting viral entry into host cells. The in vitro antiviral effect of CCZ was synergistic with other anti-HCV drugs, including ribavirin, interferon-\u03b1, telaprevir, boceprevir, sofosbuvir, daclatasvir, and cyclosporin A, without significant cytotoxicity, suggesting its potential in combination therapy of hepatitis C. In the mouse pharmaco\u00adkinetic model, CCZ showed preferential liver distribution. In chimeric mice engrafted with primary human hepatocytes, CCZ significantly inhibited infection of HCV genotypes 1b and 2a, without evidence of emergence of drug resistance, during 4 and 6 weeks of treatment, respectively. With its established clinical safety profile as an allergy medication, affordability, and a simple chemical structure for optimization, CCZ represents a promising candidate for drug repurposing and further development as an effective and accessible agent for treatment of HCV infection.",
   "authors": [
      "He, Shanshan",
      "Lin, Billy",
      "Chu, Virginia",
      "Hu, Zongyi",
      "Hu, Xin",
      "Xiao, Jingbo",
      "Wang, Amy Q.",
      "Schweitzer, Cameron J.",
      "Li, Qisheng",
      "Imamura, Michio",
      "Hiraga, Nobuhiko",
      "Southall, Noel",
      "Ferrer, Marc",
      "Zheng, Wei",
      "Chayama, Kazuaki",
      "Marugan, Juan J.",
      "Liang, T. Jake"
   ],
   "has_full_text": "False",
   "id": "https://doi.org/10.1126/scitranslmed.3010286",
   "pubtator": "PMC6420960"
}