{
   "source_x": "PMC",
   "title": "The Folding Unit of Phosphofructokinase-2 as Defined by the Biophysical Properties of a Monomeric Mutant",
   "doi": "10.1016/j.bpj.2015.04.001",
   "pmcid": "PMC4423062",
   "license": "unk",
   "abstract": "Escherichia coli phosphofructokinase-2 (Pfk-2) is an obligate homodimer that follows a highly cooperative three-state folding mechanism N(2) \u2194 2I \u2194 2U. The strong coupling between dissociation and unfolding is a consequence of the structural features of its interface: a bimolecular domain formed by intertwining of the small domain of each subunit into a flattened \u03b2-barrel. Although isolated monomers of E. coli Pfk-2 have been observed by modification of the environment (changes in temperature, addition of chaotropic agents), no isolated subunits in native conditions have been obtained. Based on in silico estimations of the change in free energy and the local energetic frustration upon binding, we engineered a single-point mutant to destabilize the interface of Pfk-2. This mutant, L93A, is an inactive monomer at protein concentrations below 30 \u03bcM, as determined by analytical ultracentrifugation, dynamic light scattering, size exclusion chromatography, small-angle x-ray scattering, and enzyme kinetics. Active dimer formation can be induced by increasing the protein concentration and by addition of its substrate fructose-6-phosphate. Chemical and thermal unfolding of the L93A monomer followed by circular dichroism and dynamic light scattering suggest that it unfolds noncooperatively and that the isolated subunit is partially unstructured and marginally stable. The detailed structural features of the L93A monomer and the F6P-induced dimer were ascertained by high-resolution hydrogen/deuterium exchange mass spectrometry. Our results show that the isolated subunit has overall higher solvent accessibility than the native dimer, with the exception of residues 240\u2013309. These residues correspond to most of the \u03b2-meander module and show the same extent of deuterium uptake as the native dimer. Our results support the idea that the hydrophobic core of the isolated monomer of Pfk-2 is solvent-penetrated in native conditions and that the \u03b2-meander module is not affected by monomerizing mutations.",
   "authors": [
      "Ram\u00edrez-Sarmiento, C\u00e9sar\u00a0A.",
      "Baez, Mauricio",
      "Zamora, Ricardo\u00a0A.",
      "Balasubramaniam, Deepa",
      "Babul, Jorge",
      "Komives, Elizabeth\u00a0A.",
      "Guix\u00e9, Victoria"
   ],
   "has_full_text": "False",
   "id": "https://doi.org/10.1016/j.bpj.2015.04.001",
   "pubtator": "PMC4423062"
}