{
   "source_x": "PMC",
   "title": "Towards the prophylactic and therapeutic use of human neutralizing monoclonal antibodies for Middle East respiratory syndrome coronavirus (MERS-CoV)",
   "doi": "10.3978/j.issn.2305-5839.2015.01.15",
   "pmcid": "PMC4356854",
   "license": "unk",
   "authors": [
      "Sakamoto, Seiichi",
      "Tanaka, Hiroyuki",
      "Morimoto, Satoshi"
   ],
   "has_full_text": "False",
   "id": "https://doi.org/10.3978/j.issn.2305-5839.2015.01.15",
   "pubtator": "PMC4356854"
}