{
   "source_x": "PMC",
   "title": "MKK3 mediates inflammatory response through modulation of mitochondrial function",
   "doi": "10.1016/j.freeradbiomed.2015.01.035",
   "pmcid": "PMC4441852",
   "license": "unk",
   "abstract": "Mitochondria are increasingly recognized as drivers of inflammatory responses. MAP kinase kinase 3 (MKK3), a dual-specificity protein kinase, is activated in inflammation and in turn activates p38 MAP kinase signaling. Here we show that MKK3 influences mitochondrial function and acts as a critical mediator of inflammation. MKK3 deficient (MKK3(\u2212/\u2212)) mice and bone marrow derived macrophages (BMDMs) secreted less cytokines than wild type (WT) after LPS exposure. There was improved mitochondrial function, as measured by basal oxygen consumption rate, mitochondrial membrane potential, and ATP production, in MKK3(\u2212/\u2212) BMDMs. After LPS exposure, MKK3(\u2212/\u2212) BMDM did not show significant increase in cellular reactive oxygen species (ROS) production as well as mitochondrial superoxide (MitoSOX) compared to WT. Activation of two important inflammatory mediators i.e. the nuclear translocation of NF-\u03baB and caspase-1 activity (a key component of the inflammasome), were lower in MKK3(\u2212/\u2212) BMDMs. p-38 and JNK activation were lower in MKK3(\u2212/\u2212) BMDMs compared to WT after exposure to LPS. Knockdown of MKK3 by siRNA in wild type BMDMs improved mitochondrial membrane potential, reduced LPS induced caspase-1 activation and attenuated cytokine secretion. Our studies establish MKK3 as a regulator of mitochondrial function and inflammatory responses to LPS and suggest that MKK3 may be a therapeutic target in inflammatory disorders like sepsis.",
   "authors": [
      "Srivastava, Anup",
      "Shinn, Amanda S.",
      "Lee, Patty J.",
      "Mannam, Praveen"
   ],
   "has_full_text": "False",
   "id": "https://doi.org/10.1016/j.freeradbiomed.2015.01.035",
   "pubtator": "PMC4441852"
}