{
   "source_x": "PMC",
   "title": "The Emergence of Ebola as a Global Health Security Threat: From \u2018Lessons Learned\u2019 to Coordinated Multilateral Containment Efforts",
   "doi": "10.4103/0974-777X.145247",
   "pmcid": "PMC4265832",
   "pubmed_id": "25538455",
   "license": "cc-by-nc-sa",
   "abstract": "First reported in remote villages of Africa in the 1970s, the Ebolavirus was originally believed to be transmitted to people from wild animals. Ebolavirus (EBOV) causes a severe, frequently fatal hemorrhagic syndrome in humans. Each outbreak of the Ebolavirus over the last three decades has perpetuated fear and economic turmoil among the local and regional populations in Africa. Until now it has been considered a tragic malady confined largely to the isolated regions of the African continent, but it is no longer so. The frequency of outbreaks has increased since the 1970s. The 2014 Ebola outbreak in Western Africa has been the most severe in history and was declared a public health emergency by the World Health Organization. Given the widespread use of modern transportation and global travel, the EBOV is now a risk to the entire Global Village, with intercontinental transmission only an airplane flight away. Clinically, symptoms typically appear after an incubation period of approximately 11 days. A flu-like syndrome can progress to full hemorrhagic fever with multiorgan failure, and frequently, death. Diagnosis is confirmed by detection of viral antigens or Ribonucleic acid (RNA) in the blood or other body fluids. Although historically the mortality of this infection exceeded 80%, modern medicine and public health measures have been able to lower this figure and reduce the impact of EBOV on individuals and communities. The treatment involves early, aggressive supportive care with rehydration. Core interventions, including contact tracing, preventive initiatives, active surveillance, effective isolation and quarantine procedures, and timely response to patients, are essential for a successful outbreak control. These measures, combined with public health education, point-of-care diagnostics, promising new vaccine and pharmaceutical efforts, and coordinated efforts of the international community, give new hope to the Global effort to eliminate Ebola as a public health threat. Here we present a review of EBOV infection in an effort to further educate medical and political communities on what the Ebolavirus disease entails, and what efforts are recommended to treat, isolate, and eventually eliminate it.",
   "publish_time": "2014 Oct-Dec",
   "authors": [
      "Kalra, Sarathi",
      "Kelkar, Dhanashree",
      "Galwankar, Sagar C.",
      "Papadimos, Thomas J.",
      "Stawicki, Stanislaw P.",
      "Arquilla, Bonnie",
      "Hoey, Brian A.",
      "Sharpe, Richard P.",
      "Sabol, Donna",
      "Jahre, Jeffrey A."
   ],
   "journal": "J Glob Infect Dis",
   "has_full_text": "False",
   "id": "https://doi.org/10.4103/0974-777X.145247",
   "pubtator": "PMC4265832"
}