{
   "source_x": "PMC",
   "title": "New Approach for Phylogenetic Tree Recovery Based on Genome-Scale Metabolic Networks",
   "doi": "10.1089/cmb.2013.0150",
   "pmcid": "PMC4082356",
   "license": "unk",
   "abstract": "A wide range of applications and research has been done with genome-scale metabolic models. In this work, we describe an innovative methodology for comparing metabolic networks constructed from genome-scale metabolic models and how to apply this comparison in order to infer evolutionary distances between different organisms. Our methodology allows a quantification of the metabolic differences between different species from a broad range of families and even kingdoms. This quantification is then applied in order to reconstruct phylogenetic trees for sets of various organisms.",
   "authors": [
      "Gamermann, Daniel",
      "Montagud, Arnaud",
      "Conejero, J. Alberto",
      "Urchuegu\u00eda, Javier F.",
      "de C\u00f3rdoba, Pedro Fern\u00e1ndez"
   ],
   "has_full_text": "False",
   "id": "https://doi.org/10.1089/cmb.2013.0150",
   "pubtator": "PMC4082356"
}