{
   "source_x": "PMC",
   "title": "Decoding the complexity of type I interferon to treat persistent viral infections",
   "doi": "10.1016/j.tim.2013.10.003",
   "pmcid": "PMC3864553",
   "license": "unk",
   "abstract": "Type I interferons (IFN-I) are a broad family of cytokines that are central to the innate immune response. These proteins have long been appreciated for the critical roles they play in restraining viral infections and shaping antiviral immune responses. However, in recent years there has been increased awareness of the immunosuppressive actions of these proteins as well. While there are many current therapeutic applications to manipulate IFN-I pathways we have limited understanding of the mechanisms by which these therapies are actually functioning. In this review we highlight the diversity and temporal impact of IFN-I signaling, discuss the current therapeutic uses of IFN-I, and explore the strategy of blocking IFN-I to alleviate immune dysfunction in persistent virus infections.",
   "authors": [
      "Wilson, Elizabeth B.",
      "Brooks, David G."
   ],
   "has_full_text": "False",
   "id": "https://doi.org/10.1016/j.tim.2013.10.003",
   "pubtator": "PMC3864553"
}