{
   "source_x": "PMC",
   "title": "Effectiveness of Border Screening for Detecting Influenza in Arriving Airline Travelers",
   "doi": "10.2105/AJPH.2012.300761",
   "pmcid": "PMC4007855",
   "license": "unk",
   "abstract": "Objectives. We measured symptom and influenza prevalence, and the effectiveness of symptom and temperature screening for identifying influenza, in arriving international airline travelers. Methods. This cross-sectional study collected data from travelers to Christchurch International Airport, New Zealand, in winter 2008, via a health questionnaire, temperature testing, and respiratory sampling. Results. Forms were returned by 15 976 (68%) travelers. Of these, 17% reported at least 1 influenza symptom, with runny or blocked nose (10%) and cough (8%) most common. Respiratory specimens were obtained from 3769 travelers. Estimated prevalence of influenza was 1.1% (4% among symptomatic, 0.2% among asymptomatic). The sensitivity of screening criteria ranged from 84% for \u201cany symptom\u201d to 3% for a fever of 37.8 \u00b0C or greater. The positive predictive value was low for all criteria. Conclusions. Border screening using self-reported symptoms and temperature testing has limitations for preventing pandemic influenza from entering a country. Using \u201cany symptom\u201d or cough would lead to many uninfected people being investigated, yet some infected people would remain undetected. If more specific criteria such as fever were used, most infected people would enter the country despite screening.",
   "authors": [
      "Priest, Patricia C.",
      "Jennings, Lance C.",
      "Duncan, Alasdair R.",
      "Brunton, Cheryl R.",
      "Baker, Michael G."
   ],
   "has_full_text": "False",
   "id": "https://doi.org/10.2105/AJPH.2012.300761",
   "pubtator": "PMC4007855"
}