{
   "source_x": "PMC",
   "title": "Porcine Reproductive and Respiratory Syndrome Virus Nsp1\u03b2 Inhibits Interferon-Activated JAK/STAT Signal Transduction by Inducing Karyopherin-\u03b11 Degradation",
   "doi": "10.1128/JVI.02643-12",
   "pmcid": "PMC3624296",
   "license": "unk",
   "abstract": "Porcine reproductive and respiratory syndrome virus (PRRSV) inhibits the interferon-mediated antiviral response. Type I interferons (IFNs) induce the expression of IFN-stimulated genes by activating phosphorylation of both signal transducer and activator of transcription 1 (STAT1) and STAT2, which form heterotrimers (interferon-stimulated gene factor 3 [ISGF3]) with interferon regulatory factor 9 (IRF9) and translocate to the nucleus. PRRSV Nsp1\u03b2 blocks the nuclear translocation of the ISGF3 complex by an unknown mechanism. In this study, we discovered that Nsp1\u03b2 induced the degradation of karyopherin-\u03b11 (KPNA1, also called importin-\u03b15), which is known to mediate the nuclear import of ISGF3. Overexpression of Nsp1\u03b2 resulted in a reduction of KPNA1 levels in a dose-dependent manner, and treatment of the cells with the proteasome inhibitor MG132 restored KPNA1 levels. Furthermore, the presence of Nsp1\u03b2 induced an elevation of KPNA1 ubiquitination and a shortening of its half-life. Our analysis of Nsp1\u03b2 deletion constructs showed that the N-terminal domain of Nsp1\u03b2 was involved in the ubiquitin-proteasomal degradation of KPNA1. A nucleotide substitution resulting in an amino acid change from valine to isoleucine at residue 19 of Nsp1\u03b2 diminished its ability to induce KPNA1 degradation and to inhibit IFN-mediated signaling. Interestingly, infection of MARC-145 cells by PRRSV strains VR-2332 and VR-2385 also resulted in KPNA1 reduction, whereas infection by an avirulent strain, Ingelvac PRRS modified live virus (MLV), did not. MLV Nsp1\u03b2 had no effect on KPNA1; however, a mutant with an amino acid change at residue 19 from isoleucine to valine induced KPNA1 degradation. These results indicate that Nsp1\u03b2 blocks ISGF3 nuclear translocation by inducing KPNA1 degradation and that valine-19 in Nsp1\u03b2 correlates with the inhibition.",
   "authors": [
      "Wang, Rong",
      "Nan, Yuchen",
      "Yu, Ying",
      "Zhang, Yan-Jin"
   ],
   "has_full_text": "False",
   "id": "https://doi.org/10.1128/JVI.02643-12",
   "pubtator": "PMC3624296"
}