{
   "source_x": "PMC",
   "title": "Estimation with Right-Censored Observations Under A Semi-Markov Model",
   "doi": "10.1002/cjs.11176",
   "pmcid": "PMC3713855",
   "license": "unk",
   "abstract": "The semi-Markov process often provides a better framework than the classical Markov process for the analysis of events with multiple states. The purpose of this paper is twofold. First, we show that in the presence of right censoring, when the right end-point of the support of the censoring time is strictly less than the right end-point of the support of the semi-Markov kernel, the transition probability of the semi-Markov process is nonidentifiable, and the estimators proposed in the literature are inconsistent in general. We derive the set of all attainable values for the transition probability based on the censored data, and we propose a nonparametric inference procedure for the transition probability using this set. Second, the conventional approach to constructing confidence bands is not applicable for the semi-Markov kernel and the sojourn time distribution. We propose new perturbation resampling methods to construct these confidence bands. Different weights and transformations are explored in the construction. We use simulation to examine our proposals and illustrate them with hospitalization data from a recent cancer survivor study.",
   "authors": [
      "Zhao, Lihui",
      "Hu, X. Joan"
   ],
   "has_full_text": "False",
   "id": "https://doi.org/10.1002/cjs.11176",
   "pubtator": "PMC3713855"
}