{
   "source_x": "PMC",
   "title": "Feline Tetherin Is Characterized by a Short N-Terminal Region and Is Counteracted by the Feline Immunodeficiency Virus Envelope Glycoprotein",
   "doi": "10.1128/JVI.07037-11",
   "pmcid": "PMC3393548",
   "license": "unk",
   "abstract": "Tetherin (BST2) is the host cell factor that blocks the particle release of some enveloped viruses. Two putative feline tetherin proteins differing at the level of the N-terminal coding region have recently been described and tested for their antiviral activity. By cloning and comparing the two reported feline tetherins (called here cBST2(504) and cBST2*) and generating specific derivative mutants, this study provides evidence that feline tetherin has a shorter intracytoplasmic domain than those of other known homologues. The minimal tetherin promoter was identified and assayed for its ability to drive tetherin expression in an alpha interferon-inducible manner. We also demonstrated that cBST2(504) is able to dimerize, is localized at the cellular membrane, and impairs human immunodeficiency virus type 1 (HIV-1) particle release, regardless of the presence of the Vpu antagonist accessory protein. While cBST2(504) failed to restrict wild-type feline immunodeficiency virus (FIV) egress, FIV mutants, bearing a frameshift at the level of the envelope-encoding region, were potently blocked. The transient expression of the FIV envelope glycoprotein was able to rescue mutant particle release from feline tetherin-positive cells but did not antagonize human BST2 activity. Moreover, cBST2(504) was capable of specifically immunoprecipitating the FIV envelope glycoprotein. Finally, cBST2(504) also exerted its function on HIV-2 ROD10 and on the simian immunodeficiency virus SIVmac239. Taken together, these results show that feline tetherin does indeed have a short N-terminal region and that the FIV envelope glycoprotein is the predominant factor counteracting tetherin restriction.",
   "authors": [
      "Celestino, Michele",
      "Calistri, Arianna",
      "Del Vecchio, Claudia",
      "Salata, Cristiano",
      "Chiuppesi, Flavia",
      "Pistello, Mauro",
      "Borsetti, Alessandra",
      "Pal\u00f9, Giorgio",
      "Parolin, Cristina"
   ],
   "has_full_text": "False",
   "id": "https://doi.org/10.1128/JVI.07037-11",
   "pubtator": "PMC3393548"
}