{
   "source_x": "PMC",
   "title": "The adaptive immune system in diseases of the central nervous system",
   "doi": "10.1172/JCI58648",
   "pmcid": "PMC3314451",
   "license": "unk",
   "abstract": "Tissues of the CNS, such as the brain, optic nerves, and spinal cord, may be affected by a range of insults including genetic, autoimmune, infectious, or neurodegenerative diseases and cancer. The immune system is involved in the pathogenesis of many of these, either by causing tissue damage or alternatively by responding to disease and contributing to repair. It is clearly vital that cells of the immune system patrol the CNS and protect against infection. However, in contrast to other tissues, damage caused by immune pathology in the CNS can be irreparable. The nervous and immune systems have, therefore, coevolved to permit effective immune surveillance while limiting immune pathology. Here we will consider aspects of adaptive immunity in the CNS and the retina, both in the context of protection from infection as well as cancer and autoimmunity, while focusing on immune responses that compromise health and lead to significant morbidity.",
   "authors": [
      "Wraith, David C.",
      "Nicholson, Lindsay B."
   ],
   "has_full_text": "False",
   "id": "https://doi.org/10.1172/JCI58648",
   "pubtator": "PMC3314451"
}