{
   "source_x": "PMC",
   "title": "Molecular Determinants of Enterovirus 71 Viral Entry: CLEFT AROUND GLN-172 ON VP1 PROTEIN INTERACTS WITH VARIABLE REGION ON SCAVENGE RECEPTOR B 2",
   "doi": "10.1074/jbc.M111.301622",
   "pmcid": "PMC3307280",
   "license": "unk",
   "abstract": "Enterovirus 71 (EV71) is one of the major pathogens that cause hand, foot, and mouth disease outbreaks in young children in the Asia-Pacific region in recent years. Human scavenger receptor class B 2 (SCARB2) is the main cellular receptor for EV71 on target cells. The requirements of the EV71-SCARB2 interaction have not been fully characterized, and it has not been determined whether SCARB2 serves as an uncoating receptor for EV71. Here we compared the efficiency of the receptor from different species including human, horseshoe bat, mouse, and hamster and demonstrated that the residues between 144 and 151 are critical for SCARB2 binding to viral capsid protein VP1 of EV71 and seven residues from the human receptor could convert murine SCARB2, an otherwise inefficient receptor, to an efficient receptor for EV71 viral infection. We also identified that EV71 binds to SCARB2 via a canyon of VP1 around residue Gln-172. Soluble SCARB2 could convert the EV71 virions from 160 S to 135 S particles, indicating that SCARB2 is an uncoating receptor of the virus. The uncoating efficiency of SCARB2 significantly increased in an acidic environment (pH 5.6). These studies elucidated the viral capsid and receptor determinants of enterovirus 71 infection and revealed a possible target for antiviral interventions.",
   "authors": [
      "Chen, Pan",
      "Song, Zilin",
      "Qi, Yonghe",
      "Feng, Xiaofeng",
      "Xu, Naiqing",
      "Sun, Yinyan",
      "Wu, Xing",
      "Yao, Xin",
      "Mao, Qunyin",
      "Li, Xiuling",
      "Dong, Wenjuan",
      "Wan, Xiaobo",
      "Huang, Niu",
      "Shen, Xinliang",
      "Liang, Zhenglun",
      "Li, Wenhui"
   ],
   "has_full_text": "False",
   "id": "https://doi.org/10.1074/jbc.M111.301622",
   "pubtator": "PMC3307280"
}