{
   "source_x": "PMC",
   "title": "Complete Genome Sequence of a Coxsackievirus A22 Strain in Hong Kong Reveals a Natural Intratypic Recombination Event",
   "doi": "10.1128/JVI.05944-11",
   "pmcid": "PMC3209295",
   "license": "unk",
   "abstract": "Coxsackievirus A22 (CVA22) belongs to the species human enterovirus C in the Picornaviridae family. We report the first complete genome sequence of CVA22 with natural intratypic recombination between CVA22 prototype strain Chulman and CVA22 strain ban99-10427, identified in the stool of a patient in Hong Kong.",
   "authors": [
      "Yip, Cyril C. Y.",
      "Lau, Susanna K. P.",
      "Woo, Patrick C. Y.",
      "Chan, Kwok-Hung",
      "Yuen, Kwok-Yung"
   ],
   "has_full_text": "False",
   "id": "https://doi.org/10.1128/JVI.05944-11",
   "pubtator": "PMC3209295"
}