{
   "source_x": "PMC",
   "title": "The Angiotensin-Converting Enzyme 2/Angiogenesis-(1\u20137)/Mas Axis Confers Cardiopulmonary Protection against Lung Fibrosis and Pulmonary Hypertension",
   "doi": "10.1164/rccm.200912-1840OC",
   "pmcid": "PMC2970847",
   "license": "unk",
   "abstract": "Rationale: An activated vasoconstrictive, proliferative, and fibrotic axis of the renin angiotensin system (angiotensin-converting enzyme [ACE]/angiotensin [Ang]II/AngII type 1 receptor) has been implicated in the pathophysiology of pulmonary fibrosis (PF) and pulmonary hypertension (PH). The recent discovery of a counterregulatory axis of the renin angiotensin system composed of ACE2/Ang-(1\u20137)/Mas has led us to examine the role of this vasoprotective axis on such disorders. Objectives: We hypothesized that Ang-(1\u20137) treatment would exert protective effects against PF and PH. Methods: Lentiviral packaged Ang-(1\u20137) fusion gene or ACE2 cDNA was intratracheally administered into the lungs of male Sprague Dawley rats. Two weeks after gene transfer, animals received bleomycin (2.5 mg/kg). In a subsequent study, animals were administered monocrotaline (MCT, 50 mg/kg). Measurements and Main Results: In the PF study, bleomycin administration resulted in a significant increase in right ventricular systolic pressure, which was associated with the development of right ventricular hypertrophy. The lungs of these animals also exhibited excessive collagen deposition, decreased expression of ACE and ACE2, increased mRNA levels for transforming growth factor \u03b2 and other proinflammatory cytokines, and increased protein levels of the AT(1)R. Overexpression of Ang-(1\u20137) significantly prevented all the above-mentioned pathophysiological conditions. Similar protective effects were also obtained with ACE2 overexpression. In the PH study, rats injected with MCT developed elevated right ventricular systolic pressure, right ventricular hypertrophy, right ventricular fibrosis, and pulmonary vascular remodeling, all of which were attenuated by Ang-(1\u20137) overexpression. Blockade of the Mas receptor abolished the beneficial effects of Ang-(1\u20137) against MCT-induced PH. Conclusions: Our observations demonstrate a cardiopulmonary protective role for the ACE2/Ang-(1\u20137)/Mas axis in the treatment of lung disorders.",
   "authors": [
      "Shenoy, Vinayak",
      "Ferreira, Anderson J.",
      "Qi, Yanfei",
      "Fraga-Silva, Rodrigo A.",
      "D\u00edez-Freire, Carlos",
      "Dooies, Autumn",
      "Jun, Joo Yun",
      "Sriramula, Srinivas",
      "Mariappan, Nithya",
      "Pourang, Dorna",
      "Venugopal, Changaram S.",
      "Francis, Joseph",
      "Reudelhuber, Timothy",
      "Santos, Robson A.",
      "Patel, Jawaharlal M.",
      "Raizada, Mohan K.",
      "Katovich, Michael J."
   ],
   "has_full_text": "False",
   "id": "https://doi.org/10.1164/rccm.200912-1840OC",
   "pubtator": "PMC2970847"
}