{
   "source_x": "PMC",
   "title": "An Improved Reverse Genetics System for Mammalian Orthoreoviruses",
   "doi": "10.1016/j.virol.2009.11.037",
   "pmcid": "PMC2823833",
   "license": "unk",
   "abstract": "Mammalian orthoreoviruses (reoviruses) are highly useful models for studies of double-stranded RNA virus replication and pathogenesis. We previously developed a strategy to recover prototype reovirus strain T3D from cloned cDNAs transfected into murine L929 fibroblast cells. Here, we report the development of a second-generation reovirus reverse genetics system featuring several major improvements: (1) the capacity to rescue prototype reovirus strain T1L, (2) reduction of required plasmids from ten to four, and (3) isolation of recombinant viruses following transfection of baby hamster kidney cells engineered to express bacteriophage T7 RNA polymerase. The efficiency of virus rescue using the 4-plasmid strategy was substantially increased in comparison to the original 10-plasmid system. We observed full compatibility of T1L and T3D rescue vectors when intermixed to produce a panel of T1L \u00d7 T3D monoreassortant viruses. Improvements to the reovirus reverse genetics system enhance its applicability for studies of reovirus biology and clinical use.",
   "authors": [
      "Kobayashi, Takeshi",
      "Ooms, Laura S.",
      "Ikizler, Mine",
      "Chappell, James D.",
      "Dermody, Terence S."
   ],
   "has_full_text": "False",
   "id": "https://doi.org/10.1016/j.virol.2009.11.037",
   "pubtator": "PMC2823833"
}