{
   "sha": "d88bb13c3e9b5f003ed3d866730c1f7c17b3740b",
   "source_x": "Elsevier",
   "title": "33 Viral Respiratory Infections",
   "doi": "10.1016/B978-0-323-55512-8.00033-8",
   "license": "els-covid",
   "abstract": "Abstract Acute respiratory illnesses are the most frequently occurring illness in all age groups globally. Disease is mostly limited to the upper airways and is self-limiting, but a small percentage can progress to lower respiratory tract infections as bronchiolitis and pneumonia. Children and elderly people are at increased risk, especially in developing countries. The most important etiologic agents of severe lower respiratory illness are bacteria such as Streptococcus pneumoniae and Haemophilus influenzae and viruses such as respiratory syncytial virus (RSV) and influenza virus. Efficacious vaccines are available against the two bacteria and the influenza virus. Viruses are much more important in mild upper and middle respiratory tract infections and in bronchiolitis in children, whereas bacteria are the main cause of pneumonia, especially in adults. Clinical syndromes overlap considerably, and there is increasing evidence of bacterial-viral co-infections and of bacterial pneumonia being secondary to viral respiratory tract infection.",
   "publish_time": "2020-12-31",
   "authors": [
      "van Doorn, H. Rogier",
      "Yu, Hongjie"
   ],
   "journal": "Hunter's Tropical Medicine and Emerging Infectious Diseases",
   "has_full_text": "True",
   "full_text_file": "custom_license",
   "id": "https://doi.org/10.1016/B978-0-323-55512-8.00033-8",
   "fhir_link": [
      "PMC/Composition/d88bb13c3e9b5f003ed3d866730c1f7c17b3740b"
   ]
}