{
   "source_x": "PMC",
   "title": "Immunosuppression in islet transplantation",
   "doi": "10.1172/JCI35639",
   "pmcid": "PMC2323197",
   "license": "unk",
   "abstract": "Islet transplantation can temporarily cure type 1 diabetes mellitus (T1DM) but requires simultaneous immunosuppression to avoid allograft rejection. In this issue of the JCI, Monti et al. report that immune conditioning via use of the Edmonton protocol \u2014 a treatment approach in which T1DM patients infused with pancreatic islets from multiple cadaveric donors simultaneously receive immunosuppressive drugs \u2014 results in lymphopenia that is associated with elevated serum levels of the homeostatic cytokines IL-7 and IL-15, which causes in vivo expansion of the autoreactive CD8(+) T cell population (see the related article beginning on page 1806). Reemergence of autoreactivity is likely the main culprit underlying long-term islet graft failure, and new strategies will need to be tested to circumvent this homeostatic expansion and recurrent autoreactivity.",
   "authors": [
      "Van Belle, Tom",
      "von Herrath, Matthias"
   ],
   "has_full_text": "False",
   "id": "https://doi.org/10.1172/JCI35639",
   "pubtator": "PMC2323197"
}