{
   "source_x": "PMC",
   "title": "Differential type I interferon activation and susceptibility of dendritic cell populations to porcine arterivirus",
   "doi": "10.1111/j.1365-2567.2006.02493.x",
   "pmcid": "PMC2265861",
   "license": "unk",
   "abstract": "Dendritic cells (DCs) play a role in anti-viral immunity by providing early innate protection against viral replication and by presenting antigen to T cells for initiation of the adaptive immune response. Studies show the adaptive response to porcine reproductive and respiratory syndrome virus (PRRSV) is ineffective for complete viral elimination. Other studies describe the kinetics of the adaptive response to PRRSV, but have not investigated the early response by DCs. We hypothesize that there is an aberrant activation of DCs early in PRRSV infection; consequently, the adaptive response is triggered inadequately. The current study characterized a subtype of porcine lung DCs (L-DCs) and investigated the ability of PRRSV to infect and replicate in L-DCs and monocyte-derived DCs (MDDCs). Furthermore, the type I interferon anti-viral response to PRRSV with and without the addition of recombinant porcine IFN-\u03b1 (rpIFN-\u03b1), an important cytokine that signals for anti-viral mediator activation, was analysed. Results show that PRRSV replicated in MDDCs but not L-DCs, providing evidence that these cells have followed distinct differentiation pathways. Although both cell types responded to PRRSV with an induction of IFN-\u03b2 mRNA, the magnitude and duration of the response differed between cell types. The addition of rpIFN-\u03b1 was protective in MDDCs, and mRNA synthesis of Mx (myxovirus resistant) and PKR (double-stranded RNA dependent protein kinase) was observed in both cell types after rpIFN-\u03b1 addition. Overall, PRRSV replicated in MDDCs but not L-DCs, and rpIFN-\u03b1 was required for the transcription of protective anti-viral mediators. DC response to PRRSV was limited to IFN-\u03b2 transcription, which may be inadequate in triggering the adaptive immune response.",
   "authors": [
      "Loving, Crystal L",
      "Brockmeier, Susan L",
      "Sacco, Randy E"
   ],
   "has_full_text": "False",
   "id": "https://doi.org/10.1111/j.1365-2567.2006.02493.x",
   "pubtator": "PMC2265861"
}