{
   "source_x": "PMC",
   "title": "Glycyrrhizic acid alters Kaposi sarcoma\u2013associated herpesvirus latency, triggering p53-mediated apoptosis in transformed B lymphocytes",
   "doi": "10.1172/JCI200523334",
   "pmcid": "PMC1051998",
   "license": "unk",
   "abstract": "Kaposi sarcoma\u2013associated herpesvirus (KSHV) is linked with all clinical forms of Kaposi sarcoma and several lymphoproliferative disorders. Like other herpesviruses, KSHV becomes latent in the infected cells, expressing only a few genes that are essential for the establishment and maintenance of its latency and for the survival of the infected cells. Inhibiting the expression of these latent genes should lead to eradication of herpesvirus infection. All currently available drugs are ineffective against latent infection. Here we show, for the first time to our knowledge, that latent infection with KSHV in B lymphocytes can be terminated by glycyrrhizic acid (GA), a triterpenoid compound earlier shown to inhibit the lytic replication of other herpesviruses. We demonstrate that GA disrupts latent KSHV infection by downregulating the expression of latency-associated nuclear antigen (LANA) and upregulating the expression of viral cyclin and selectively induces cell death of KSHV-infected cells. We show that reduced levels of LANA lead to p53 reactivation, an increase in ROS, and mitochondrial dysfunction, which result in G(1) cell cycle arrest, DNA fragmentation, and oxidative stress\u2013mediated apoptosis. Latent genes are involved in KSHV-induced oncogenesis, and strategies to interfere with their expression might prove useful for eradicating latent KSHV infection and have future therapeutic implications.",
   "authors": [
      "Curreli, Francesca",
      "Friedman-Kien, Alvin E.",
      "Flore, Ornella"
   ],
   "has_full_text": "False",
   "id": "https://doi.org/10.1172/JCI200523334",
   "pubtator": "PMC1051998"
}