{
   "source_x": "PMC",
   "title": "Molecular and Biological Characterization of Human Monoclonal Antibodies Binding to the Spike and Nucleocapsid Proteins of Severe Acute Respiratory Syndrome Coronavirus",
   "doi": "10.1128/JVI.79.3.1635-1644.2005",
   "pmcid": "PMC544131",
   "license": "unk",
   "abstract": "Human monoclonal antibodies (MAbs) were selected from semisynthetic antibody phage display libraries by using whole irradiated severe acute respiratory syndrome (SARS) coronavirus (CoV) virions as target. We identified eight human MAbs binding to virus and infected cells, six of which could be mapped to two SARS-CoV structural proteins: the nucleocapsid (N) and spike (S) proteins. Two MAbs reacted with N protein. One of the N protein MAbs recognized a linear epitope conserved between all published human and animal SARS-CoV isolates, and the other bound to a nonlinear N epitope. These two N MAbs did not compete for binding to SARS-CoV. Four MAbs reacted with the S glycoprotein, and three of these MAbs neutralized SARS-CoV in vitro. All three neutralizing anti-S MAbs bound a recombinant S1 fragment comprising residues 318 to 510, a region previously identified as the SARS-CoV S receptor binding domain; the nonneutralizing MAb did not. Two strongly neutralizing anti-S1 MAbs blocked the binding of a recombinant S fragment (residues 1 to 565) to SARS-CoV-susceptible Vero cells completely, whereas a poorly neutralizing S1 MAb blocked binding only partially. The MAb ability to block S1-receptor binding and the level of neutralization of the two strongly neutralizing S1 MAbs correlated with the binding affinity to the S1 domain. Finally, epitope mapping, using recombinant S fragments (residues 318 to 510) containing naturally occurring mutations, revealed the importance of residue N479 for the binding of the most potent neutralizing MAb, CR3014. The complete set of SARS-CoV MAbs described here may be useful for diagnosis, chemoprophylaxis, and therapy of SARS-CoV infection and disease.",
   "authors": [
      "van den Brink, Edward N.",
      "ter Meulen, Jan",
      "Cox, Freek",
      "Jongeneelen, Mandy A. C.",
      "Thijsse, Alexandra",
      "Throsby, Mark",
      "Marissen, Wilfred E.",
      "Rood, Pauline M. L.",
      "Bakker, Alexander B. H.",
      "Gelderblom, Hans R.",
      "Martina, Byron E.",
      "Osterhaus, Albert D. M. E.",
      "Preiser, Wolfgang",
      "Doerr, Hans Wilhelm",
      "de Kruif, John",
      "Goudsmit, Jaap"
   ],
   "has_full_text": "False",
   "id": "https://doi.org/10.1128/JVI.79.3.1635-1644.2005",
   "pubtator": "PMC544131"
}