{
   "sha": "3b42969f61b4727750a1a23ddf6b8902b0334ea0",
   "source_x": "Elsevier",
   "title": "CHAPTER 91 Lambing Management and Neonatal Care",
   "doi": "10.1016/B978-072169323-1.50094-5",
   "license": "els-covid",
   "publish_time": "2007-12-31",
   "authors": [
      "MENZIES, PAULA I."
   ],
   "journal": "Current Therapy in Large Animal Theriogenology",
   "has_full_text": "True",
   "full_text_file": "custom_license",
   "id": "https://doi.org/10.1016/B978-072169323-1.50094-5",
   "fhir_link": [
      "PMC/Composition/3b42969f61b4727750a1a23ddf6b8902b0334ea0"
   ]
}