{
   "source_x": "biorxiv",
   "title": "Myeloablation-associated deletion of ORF4 in a human coronavirus 229E infection",
   "doi": "10.1101/113423",
   "license": "biorxiv",
   "abstract": "We describe metagenomic next-generation sequencing (mNGS) of a human coronavirus 229E from a patient with AML and persistent upper respiratory symptoms, who underwent hematopoietic cell transplantation (HCT). mNGS revealed a 548-nucleotide deletion, which comprised the near entirety of the ORF4 gene, and no minor allele variants were detected to suggest a mixed infection. As part of her pre-HCT conditioning regimen, the patient received myeloablative treatment with cyclophosphamide and 12 Gy total body irradiation. Iterative sequencing and RT-PCR confirmation of 4 respiratory samples over the 4-week peritransplant period revealed that the pre-conditioning strain contained an intact ORF4 gene, while the deletion strain appeared just after conditioning and persisted over a 2.5-week period. This sequence represents one of the largest genomic deletions detected in a human RNA virus and describes large-scale viral mutation associated with myeloablation for HCT.",
   "publish_time": "2017-08-26",
   "authors": [
      "Greninger, A.",
      "Pepper, G.",
      "Shean, R. C.",
      "Cent, A.",
      "Palileo, I.",
      "Kuypers, J. M.",
      "Schiffer, J. T.",
      "Jerome, K. R."
   ],
   "has_full_text": "False",
   "full_text_file": "biorxiv_medrxiv",
   "id": "https://doi.org/10.1101/113423"
}