{
   "sha": "ba92c589f077b55e9cd13264d619c2ffe9d3ce7a",
   "source_x": "medrxiv",
   "title": "Transmission Dynamics of 2019-nCoV in Malaysia",
   "doi": "10.1101/2020.02.07.20021188",
   "license": "medrvix",
   "abstract": "This paper focuses on the formulation of a deterministic 2019-nCov transmission model by considering the exposed and recovered populations with immunity. The scenario of the simulation is depicted based on the patient zero in Malaysia. The transmission model is found to be able to predict the next confirmed case given a single case introduced in a fully susceptible population. The mathematical model is developed based on the SEIR model which has susceptible, exposed, infectious and recovered populations. The system of equations which were obtained were solved numerically and the simulation results were analyzed. The analysis includes the impact of the disease if no control is taken.",
   "publish_time": "2020-02-11",
   "authors": [
      "Jane Labadin",
      "Boon Hao Hong"
   ],
   "has_full_text": "True",
   "full_text_file": "biorxiv_medrxiv",
   "id": "https://doi.org/10.1101/2020.02.07.20021188",
   "fhir_link": [
      "bioRxiv-medRxiv/Composition/ba92c589f077b55e9cd13264d619c2ffe9d3ce7a"
   ]
}