{
   "sha": "7a856e19b6c14cf6cf82bcb7da8729dd2169acea",
   "source_x": "Elsevier",
   "title": "CHAPTER 14 RABBITS",
   "doi": "10.1016/B978-141600119-5.50017-2",
   "license": "els-covid",
   "abstract": "Publisher Summary This chapter provides an overview of the biology and medical care of rabbits. There are about 50 different breeds of domestic rabbits. Rabbits have very thin and delicate skin that is covered with fine fur comprised of both a soft undercoat and stiff guard hairs. Care must be taken when clipping fur because the skin is prone to tearing. A rabbit enclosure should be large enough to provide a sleeping space, eating space, and latrine. Animals housed for long periods of time should also have ample room to exercise. The enclosure should be tall enough to allow the rabbit to sit up and not have its ears touch the top of the cage. Because rabbits are prone to heatstroke, they should be housed in temperatures ranging from 60\u00b0F to 75\u00b0F. If rabbits are housed outdoors, they must have access to shade and clean water, and the shelter should protect them from the elements as well as from predators. The ideal substrate for rabbits is grass hay; however, for indoor, caged rabbits, a foam rubber pad or a towel covered with newspaper and a thick layer of timothy hay can also be used.",
   "publish_time": "2009-12-31",
   "authors": [
      "Vennen, Kristine M.",
      "Mitchell, Mark A."
   ],
   "journal": "Manual of Exotic Pet Practice",
   "has_full_text": "True",
   "full_text_file": "custom_license",
   "id": "https://doi.org/10.1016/B978-141600119-5.50017-2",
   "fhir_link": [
      "PMC/Composition/7a856e19b6c14cf6cf82bcb7da8729dd2169acea"
   ]
}