{
   "sha": "ee7f56d556c2063d71905df34a589bbf5f1ff051",
   "source_x": "medrxiv",
   "title": "Effectiveness of isolation and contact tracing for containment and slowing down a COVID-19 epidemic: a modelling study",
   "doi": "10.1101/2020.03.10.20033738",
   "license": "medrvix",
   "abstract": "Background: Novel coronavirus (SARS-CoV-2) is extending its range of transmission in all parts of the world, with substantial variation in rates of transmission and severity of associated disease. Methods: We evaluated whether and under which conditions it is possible to control and slow down a COVID-19 epidemic in the early stages by isolation and contact tracing. We used a stochastic transmission model in which every person generates novel infections according to a probability distribution that is affected by the incubation period distribution (time from infection to symptoms), distribution of the latent period (time from infection to a person becoming infectious), and overall transmissibility. The model distinguishes between close contacts (e.g., within a household) and other contacts in the population. Findings: The analyses showed that transmissibility and the duration of the latent period relative to the duration of incubation period have strong impact on the controllability of the disease. Delays in diagnosis of cases and proportion of asymptomatic cases are key factors for containment and slowing down the epidemic. Interpretation: Isolation and contact tracing can be an effective means to control early epidemics, but only if transmissibility as measured by R0 is in the lower ranges of reported values. Timeliness as well as completeness of tracing and diagnosis of cases are paramount to achieve containment and effective slowing down of the epidemic growth rate.",
   "publish_time": "2020-03-13",
   "authors": [
      "Mirjam E Kretzschmar",
      "Ganna Rozhnova",
      "Michiel E van Boven"
   ],
   "has_full_text": "True",
   "full_text_file": "biorxiv_medrxiv",
   "id": "https://doi.org/10.1101/2020.03.10.20033738",
   "fhir_link": [
      "bioRxiv-medRxiv/Composition/ee7f56d556c2063d71905df34a589bbf5f1ff051"
   ]
}