{
   "sha": "a85bf11a1e9b9ea361e5478c0bcd938990fff73d",
   "source_x": "Elsevier",
   "title": "Middle East respiratory syndrome coronavirus not detected in children hospitalized with acute respiratory illness in Amman, Jordan, March 2010 to September 2012",
   "doi": "10.1111/1469-0691.12438",
   "pmcid": "PMC4618562",
   "pubmed_id": "24313317",
   "license": "els-covid",
   "abstract": "Abstract Hospitalized children < 2 years of age in Amman, Jordan, admitted for fever and/or respiratory symptoms, were tested for Middle East respiratory syndrome coronavirus (MERS-CoV): MERS-CoV by real-time RT-PCR (rRT-PCR). This was a prospective year-round viral surveillance study in children <2 years of age admitted with acute respiratory symptoms and/or fever from March 2010 to September 2012 and enrolled from a government-run hospital, Al-Bashir in Amman, Jordan. Clinical and demographic data, including antibiotic use, were collected. Combined nasal/throat swabs were collected, aliquoted, and frozen at \u201380\u00b0C. Specimen aliquots were shipped to Vanderbilt University and the Centers for Disease Control and Prevention (CDC), and tested by rRT-PCR for MERS-CoV. Of the 2433 subjects enrolled from 16 March 2010 to 10 September 2012, 2427 subjects had viral testing and clinical data. Of 1898 specimens prospectively tested for other viruses between 16 March 2010 and 18 March 2012, 474 samples did not have other common respiratory viruses detected. These samples were tested at CDC for MERS-CoV and all were negative by rRT-PCR for MERS-CoV. Of the remaining 531 samples, collected from 19 March 2012 to 10 September 2012 and tested at Vanderbilt, none were positive for MERS-CoV. Our negative findings from a large sample of young Jordanian children hospitalized with fever and/or respiratory symptoms suggest that MERS-CoV was not widely circulating in Amman, Jordan, during the 30-month period of prospective, active surveillance occurring before and after the first documented MERS-CoV outbreak in the Middle East region.",
   "publish_time": "2014-07-31",
   "authors": [
      "Khuri-Bulos, N.",
      "Payne, D.C.",
      "Lu, X.",
      "Erdman, D.",
      "Wang, L.",
      "Faouri, S.",
      "Shehabi, A.",
      "Johnson, M.",
      "Becker, M.M.",
      "Denison, M.R.",
      "Williams, J.V.",
      "Halasa, N.B."
   ],
   "journal": "Clinical Microbiology and Infection",
   "has_full_text": "True",
   "full_text_file": "custom_license",
   "id": "https://doi.org/10.1111/1469-0691.12438",
   "pubtator": "PMC4618562",
   "fhir_link": [
      "PMC/Composition/a85bf11a1e9b9ea361e5478c0bcd938990fff73d"
   ]
}