{
   "sha": "33913a923d3467395dc73bd79cd11bf2060a9023",
   "source_x": "Elsevier",
   "title": "Virus assembly, allostery and antivirals",
   "doi": "10.1016/j.tim.2010.11.003",
   "pmcid": "PMC3026312",
   "pubmed_id": "21163649",
   "license": "els-covid",
   "abstract": "Assembly of virus capsids and surface proteins must be regulated to ensure that the resulting complex is an infectious virion. In this review, we examine assembly of virus capsids, focusing on hepatitis B virus and bacteriophage MS2, and formation of glycoproteins in the alphaviruses. These systems are structurally and biochemically well-characterized and are simplest-case paradigms of self-assembly. Published data suggest that capsid and glycoprotein assembly is subject to allosteric regulation, that is regulation at the level of conformational change. The hypothesis that allostery is a common theme in viruses suggests that deregulation of capsid and glycoprotein assembly by small molecule effectors will be an attractive antiviral strategy, as has been demonstrated with hepatitis B virus.",
   "publish_time": "2011-01-31",
   "authors": [
      "Zlotnick, Adam",
      "Mukhopadhyay, Suchetana"
   ],
   "journal": "Trends in Microbiology",
   "has_full_text": "True",
   "full_text_file": "custom_license",
   "id": "https://doi.org/10.1016/j.tim.2010.11.003",
   "pubtator": "PMC3026312",
   "fhir_link": [
      "PMC/Composition/33913a923d3467395dc73bd79cd11bf2060a9023"
   ]
}