{
   "sha": "310f2c636d121f3a0e48ccaf6b97e4c3c8ce5abe",
   "source_x": "PMC",
   "title": "Protection afforded by respirators when performing endotracheal intubation using a direct laryngoscope, GlideScope\u00ae, and i-gel\u00ae device: A randomized trial",
   "doi": "10.1371/journal.pone.0195745",
   "pmcid": "PMC5909605",
   "pubmed_id": "29672533",
   "license": "cc-by",
   "abstract": "Emergency physicians are at risk of infection during invasive procedures, and wearing a respirator can reduce this risk. The aim of this study was to determine whether the protection afforded by a respirator during intubation is affected by the type of airway device used. In this randomized crossover study, 26 emergency physicians underwent quantitative fit tests for a N95 respirator (cup-type or fold-type) before and during intubation with a direct laryngoscope, GlideScope\u00ae, or i-gel\u00ae airway device. The primary outcome was the fit factor value of the respirator and the secondary outcome was the level of acceptable protection provided (percentage of fit factor scores above 100). Compared with the GlideScope and i-gel device, the fit factor values and level of acceptable protection provided were lower when physicians wore the cup-type respirator while intubating using the direct laryngoscope (200 fit factor [152\u2013200] and 200 fit factor [121.25\u2013200] versus 166 fit factor [70\u2013200], 100% and 100% versus 75%, respectively; all P < 0.001). There were no significant differences in the fit factor value or level of acceptable protection provided when the physicians wore the fold-type respirator while intubating using any of the three airway devices (all P > 0.05). The type of airway device used for endotracheal intubation may influence the protective performance of some types of respirators. Emergency physicians should consider the effects of airway device types on fit factor of N95 respirators, when they perform intubation at risk of infection.",
   "publish_time": "2018 Apr 19",
   "authors": [
      "Kang, Hyunggoo",
      "Lee, Yoonje",
      "Lee, Sanghyun",
      "Song, Yeongtak",
      "Lim, Tae Ho",
      "Oh, Jaehoon",
      "Lee, Juncheol",
      "Shin, Hyungoo"
   ],
   "journal": "PLoS One",
   "has_full_text": "True",
   "full_text_file": "comm_use_subset",
   "id": "https://doi.org/10.1371/journal.pone.0195745",
   "pubtator": "PMC5909605",
   "fhir_link": [
      "Commercial/Composition/310f2c636d121f3a0e48ccaf6b97e4c3c8ce5abe"
   ]
}