{
   "sha": "5427108068edbf6065fc35c3c96476b41eba56f6; 291ac6b6c787766b3628d2b7a3ee304c95e6baa0",
   "source_x": "PMC",
   "title": "Worldwide Reduction in MERS Cases and Deaths since 2016",
   "doi": "10.3201/eid2509.190143",
   "pmcid": "PMC6711233",
   "pubmed_id": "31264567",
   "license": "no-cc",
   "abstract": "Since 2012, Middle East respiratory syndrome (MERS) coronavirus has infected 2,442 persons worldwide. Case-based data analysis suggests that since 2016, as many as 1,465 cases and 293\u2013520 deaths might have been averted. Efforts to reduce the global MERS threat are working, but countries must maintain vigilance to prevent further infections.",
   "publish_time": "2019 Sep",
   "authors": [
      "Donnelly, Christl A.",
      "Malik, Mamun R.",
      "Elkholy, Amgad",
      "Cauchemez, Simon",
      "Van Kerkhove, Maria D."
   ],
   "journal": "Emerg Infect Dis",
   "has_full_text": "True",
   "full_text_file": "custom_license",
   "id": "https://doi.org/10.3201/eid2509.190143",
   "pubtator": "PMC6711233",
   "fhir_link": [
      "PMC/Composition/5427108068edbf6065fc35c3c96476b41eba56f6",
      "PMC/Composition/291ac6b6c787766b3628d2b7a3ee304c95e6baa0"
   ]
}