{
   "sha": "555c6d5dec99b8cf5c8c97415b127dbe30179721",
   "source_x": "PMC",
   "title": "Structure of the type VI secretion system TssK\u2013TssF\u2013TssG baseplate subcomplex revealed by cryo-electron microscopy",
   "doi": "10.1038/s41467-018-07796-5",
   "pmcid": "PMC6300606",
   "pubmed_id": "30568167",
   "license": "cc-by",
   "abstract": "Type VI secretion systems (T6SSs) translocate effectors into target cells and are made of a contractile sheath and a tube docked onto a multi-protein transmembrane complex via a baseplate. Although some information is available about the mechanisms of tail contraction leading to effector delivery, the detailed architecture and function of the baseplate remain unknown. Here, we report the 3.7 \u00c5 resolution cryo-electron microscopy reconstruction of an enteroaggregative Escherichia coli baseplate subcomplex assembled from TssK, TssF and TssG. The structure reveals two TssK trimers interact with a locally pseudo-3-fold symmetrical complex comprising two copies of TssF and one copy of TssG. TssF and TssG are structurally related to each other and to components of the phage T4 baseplate and of the type IV secretion system, strengthening the evolutionary relationships among these macromolecular machines. These results, together with bacterial two-hybrid assays, provide a structural framework to understand the T6SS baseplate architecture.",
   "publish_time": "2018 Dec 19",
   "authors": [
      "Park, Young-Jun",
      "Lacourse, Kaitlyn D.",
      "Cambillau, Christian",
      "DiMaio, Frank",
      "Mougous, Joseph D.",
      "Veesler, David"
   ],
   "journal": "Nat Commun",
   "has_full_text": "True",
   "full_text_file": "comm_use_subset",
   "id": "https://doi.org/10.1038/s41467-018-07796-5",
   "pubtator": "PMC6300606",
   "fhir_link": [
      "Commercial/Composition/555c6d5dec99b8cf5c8c97415b127dbe30179721"
   ]
}