{
   "source_x": "PMC_new",
   "title": "Emerging novel coronavirus (2019-nCoV)\u2014current scenario, evolutionary perspective based on genome analysis and recent developments",
   "doi": "10.1080/01652176.2020.1727993",
   "pmcid": "PMC7054940",
   "pubmed_id": "32036774",
   "license": "cc-by",
   "abstract": "Coronaviruses are the well-known cause of severe respiratory, enteric and systemic infections in a wide range of hosts including man, mammals, fish, and avian. The scientific interest on coronaviruses increased after the emergence of Severe Acute Respiratory Syndrome coronavirus (SARS-CoV) outbreaks in 2002-2003 followed by Middle East Respiratory Syndrome CoV (MERS-CoV). This decade\u2019s first CoV, named 2019-nCoV, emerged from Wuhan, China, and declared as \u2018Public Health Emergency of International Concern\u2019 on January 30(th), 2020 by the World Health Organization (WHO). As on February 4, 2020, 425 deaths reported in China only and one death outside China (Philippines). In a short span of time, the virus spread has been noted in 24 countries. The zoonotic transmission (animal-to-human) is suspected as the route of disease origin. The genetic analyses predict bats as the most probable source of 2019-nCoV though further investigations needed to confirm the origin of the novel virus. The ongoing nCoV outbreak highlights the hidden wild animal reservoir of the deadly viruses and possible threat of spillover zoonoses as well. The successful virus isolation attempts have made doors open for developing better diagnostics and effective vaccines helping in combating the spread of the virus to newer areas.",
   "publish_time": "2020-02-08",
   "authors": [
      "Malik, Yashpal Singh",
      "Sircar, Shubhankar",
      "Bhat, Sudipta",
      "Sharun, Khan",
      "Dhama, Kuldeep",
      "Dadar, Maryam",
      "Tiwari, Ruchi",
      "Chaicumpa, Wanpen"
   ],
   "journal": "Vet Q",
   "Microsoft Academic Paper ID": "3004789303",
   "WHO #Covidence": "#561",
   "has_full_text": "False",
   "id": "https://doi.org/10.1080/01652176.2020.1727993",
   "pubtator": "PMC7054940"
}