{
   "sha": "ee091049684ecee3ab3d1beff9d2e00bd808b7ab",
   "source_x": "Elsevier",
   "title": "Enhancement of blood\u2013brain barrier permeability is required for intravenously administered virus neutralizing antibodies to clear an established rabies virus infection from the brain and prevent the development of rabies in mice",
   "doi": "10.1016/j.antiviral.2014.07.013",
   "pmcid": "PMC4171353",
   "pubmed_id": "25108172",
   "license": "els-covid",
   "abstract": "Abstract Rabies virus (RABV) is a neurotropic virus that causes fatal disease in humans and animals. Currently there is no cure for rabies once clinical signs appear. It is believed that once RABV enters the central nervous system (CNS), virus neutralizing antibodies (VNAs) in the periphery cannot pass through the blood\u2013brain barrier (BBB) and into the CNS. Furthermore, it has been hypothesized that VNAs produced in the CNS by invading B cells, rather than those produced in the periphery and then transported into the CNS, are important in clearing RABV from the CNS. In the present study, mouse serum containing VNA was administered intravenously into mice after infection with wild-type RABV. Our studies demonstrate that exogenous administration of VNAs is crucial in the clearance of RABV from the brain and prevent the development of rabies in both immunocompetent and immunocompromised mice as long as the BBB permeability remains enhanced. This present study therefore provides a foundation for the possibility of developing VNA therapy for clinical rabies in humans.",
   "publish_time": "2014-10-31",
   "authors": [
      "Huang, Chien-Tsun",
      "Li, Zhenguang",
      "Huang, Ying",
      "Zhang, Guoqing",
      "Zhou, Ming",
      "Chai, Qingqing",
      "Wu, Hua",
      "Fu, Zhen F."
   ],
   "journal": "Antiviral Research",
   "has_full_text": "True",
   "full_text_file": "custom_license",
   "id": "https://doi.org/10.1016/j.antiviral.2014.07.013",
   "pubtator": "PMC4171353",
   "fhir_link": [
      "PMC/Composition/ee091049684ecee3ab3d1beff9d2e00bd808b7ab"
   ]
}