{
   "sha": "1e2678ba55265e7afbeee0af9b5dee86342f85f6",
   "source_x": "PMC",
   "title": "Novel Orthoreovirus from Mink, China, 2011",
   "doi": "10.3201/eid1912.130043",
   "pmcid": "PMC3840883",
   "pubmed_id": "24274037",
   "license": "no-cc",
   "abstract": "We identified a novel mink orthoreovirus, MRV1HB-A, which seems to be closely related to human strain MRV2tou05, which was isolated from 2 children with acute necrotizing encephalopathy in 2005. Evolution of this virus should be closely monitored so that prevention and control measures can be taken should it become more virulent.",
   "publish_time": "2013 Dec",
   "authors": [
      "Lian, Hai",
      "Liu, Ye",
      "Zhang, Shoufeng",
      "Zhang, Fei",
      "Hu, Rongliang"
   ],
   "journal": "Emerg Infect Dis",
   "has_full_text": "True",
   "full_text_file": "custom_license",
   "id": "https://doi.org/10.3201/eid1912.130043",
   "pubtator": "PMC3840883",
   "fhir_link": [
      "PMC/Composition/1e2678ba55265e7afbeee0af9b5dee86342f85f6"
   ]
}