{
   "sha": "3cca30d1cc54ef4a38a3dda706059bea64906e6b",
   "source_x": "Elsevier",
   "title": "Coronavirus 2019-nCoV: Is the genie already out of the bottle?",
   "doi": "10.1016/j.tmaid.2020.101577",
   "license": "els-covid",
   "publish_time": "2020-02-07",
   "authors": [
      "Hanscheid, Thomas",
      "Valadas, Em\u00edlia",
      "Grobusch, Martin P."
   ],
   "journal": "Travel Medicine and Infectious Disease",
   "Microsoft Academic Paper ID": "3004801973",
   "WHO #Covidence": "#489",
   "has_full_text": "True",
   "full_text_file": "custom_license",
   "id": "https://doi.org/10.1016/j.tmaid.2020.101577",
   "fhir_link": [
      "PMC/Composition/3cca30d1cc54ef4a38a3dda706059bea64906e6b"
   ]
}