{
   "sha": "051382aee4c0ba273ffcecaa0ec1b3bf28a3c3a7",
   "source_x": "Elsevier",
   "title": "Clinical and molecular epidemiology of human rhinovirus infections in patients with hematologic malignancy",
   "doi": "10.1016/j.jcv.2015.07.309",
   "pmcid": "PMC4750469",
   "pubmed_id": "26370315",
   "license": "els-covid",
   "abstract": "Abstract Background Human rhinoviruses (HRVs) are common causes of upper respiratory tract infection (URTI) in hematologic malignancy (HM) patients. Predictors of lower respiratory tract infection (LRTI) including the impact of HRV species and types are poorly understood. Objectives This study aims to describe the clinical and molecular epidemiology of HRV infections among HM patients. Study design From April 2012\u2013March 2013, HRV-positive respiratory specimens from symptomatic HM patients were molecularly characterized by analysis of partial viral protein 1 (VP1) or VP4 gene sequence. HRV LRTI risk-factors and outcomes were analyzed using multivariable logistic regression. Results One hundred and ten HM patients presented with HRV URTI (n =78) and HRV LRTI (n =32). Hypoalbuminemia (OR 3.0; 95% CI, 1.0\u20139.2; p =0.05) was independently associated with LRTI, but other clinical and laboratory markers of host immunity did not differ between patients with URTI versus LRTI. Detection of bacterial co-pathogens was common in LRTI cases (25%). Among 92 typeable respiratory specimens, there were 58 (64%) HRV-As, 12 (13%) HRV-Bs, and 21 (23%) HRV-Cs, and one Enterovirus 68. LRTI rates among HRV-A (29%), HRV-B (17%), and HRV-C (29%) were similar. HRV-A infections occurred year-round while HRV-B and HRV-C infections clustered in the late fall and winter. Conclusions HRVs are associated with LRTI in HM patients. Illness severity is not attributable to specific HRV species or types. The frequent detection of bacterial co-pathogens in HRV LRTIs further substantiates the hypothesis that HRVs predispose to bacterial superinfection of the lower airways, similar to that of other community-acquired respiratory viruses.",
   "publish_time": "2015-10-31",
   "authors": [
      "Jacobs, Samantha E.",
      "Lamson, Daryl M.",
      "Soave, Rosemary",
      "Guzman, Brigitte Huertas",
      "Shore, Tsiporah B.",
      "Ritchie, Ellen K.",
      "Zappetti, Dana",
      "Satlin, Michael J.",
      "Leonard, John P.",
      "Besien, Koen van",
      "Schuetz, Audrey N.",
      "Jenkins, Stephen G.",
      "George, Kirsten St.",
      "Walsh, Thomas J."
   ],
   "journal": "Journal of Clinical Virology",
   "has_full_text": "True",
   "full_text_file": "custom_license",
   "id": "https://doi.org/10.1016/j.jcv.2015.07.309",
   "pubtator": "PMC4750469",
   "fhir_link": [
      "PMC/Composition/051382aee4c0ba273ffcecaa0ec1b3bf28a3c3a7"
   ]
}