{
   "sha": "9cda7cc79c0dee43d486d8165181e5b5ca09a817",
   "source_x": "PMC",
   "title": "Moving interdisciplinary science forward: integrating participatory modelling with mathematical modelling of zoonotic disease in Africa",
   "doi": "10.1186/s40249-016-0110-4",
   "pmcid": "PMC4766706",
   "pubmed_id": "26916067",
   "license": "cc-by",
   "abstract": "This review outlines the benefits of using multiple approaches to improve model design and facilitate multidisciplinary research into infectious diseases, as well as showing and proposing practical examples of effective integration. It looks particularly at the benefits of using participatory research in conjunction with traditional modelling methods to potentially improve disease research, control and management. Integrated approaches can lead to more realistic mathematical models which in turn can assist with making policy decisions that reduce disease and benefit local people. The emergence, risk, spread and control of diseases are affected by many complex bio-physical, environmental and socio-economic factors. These include climate and environmental change, land-use variation, changes in population and people\u2019s behaviour. The evidence base for this scoping review comes from the work of a consortium, with the aim of integrating modelling approaches traditionally used in epidemiological, ecological and development research. A total of five examples of the impacts of participatory research on the choice of model structure are presented. Example 1 focused on using participatory research as a tool to structure a model. Example 2 looks at identifying the most relevant parameters of the system. Example 3 concentrates on identifying the most relevant regime of the system (e.g., temporal stability or otherwise), Example 4 examines the feedbacks from mathematical models to guide participatory research and Example 5 goes beyond the so-far described two-way interplay between participatory and mathematical approaches to look at the integration of multiple methods and frameworks. This scoping review describes examples of best practice in the use of participatory methods, illustrating their potential to overcome disciplinary hurdles and promote multidisciplinary collaboration, with the aim of making models and their predictions more useful for decision-making and policy formulation. ELECTRONIC SUPPLEMENTARY MATERIAL: The online version of this article (doi:10.1186/s40249-016-0110-4) contains supplementary material, which is available to authorized users.",
   "publish_time": "2016 Feb 25",
   "authors": [
      "Grant, Catherine",
      "Lo Iacono, Giovanni",
      "Dzingirai, Vupenyu",
      "Bett, Bernard",
      "Winnebah, Thomas R. A.",
      "Atkinson, Peter M."
   ],
   "journal": "Infect Dis Poverty",
   "has_full_text": "True",
   "full_text_file": "comm_use_subset",
   "id": "https://doi.org/10.1186/s40249-016-0110-4",
   "pubtator": "PMC4766706",
   "fhir_link": [
      "Commercial/Composition/9cda7cc79c0dee43d486d8165181e5b5ca09a817"
   ]
}