{
   "sha": "5140a6e76f2d904f83352ec46845267debd2d977",
   "source_x": "Elsevier",
   "title": "Chapter 10 Nanoparticles and the Control of Oral Biofilms",
   "doi": "10.1016/B978-1-4557-3127-5.00010-6",
   "license": "els-covid",
   "abstract": "Nanoparticles, novel in size, shape, or surface chemistry, may offer additional functional properties to a range of products from drug delivery systems to dental implant coatings. The potential to control oral biofilms through the use of nanoparticles, classified as particles having a size no greater than 100nm, is reviewed in this chapter. Exploitation of the toxic properties of nanoparticles to bacteria, viruses, and fungi, in particular metals and metal oxides and their incorporation into other materials has increased markedly over the past decade. The potential of nanoparticles to control the formation of biofilms within the oral cavity, as a function of their antimicrobial, antiadhesive, and delivery capabilities, is now coming under close scrutiny. Formulation of materials at the nanoscale range does require novel physicochemical and technological approaches. Keywords Nanoparticles, metals, oral infections, biofilm, coatings, antimicrobial, antiadhesive",
   "publish_time": "2013-12-31",
   "authors": [
      "Allaker, Robert Patrick"
   ],
   "journal": "Nanobiomaterials in Clinical Dentistry",
   "has_full_text": "True",
   "full_text_file": "custom_license",
   "id": "https://doi.org/10.1016/B978-1-4557-3127-5.00010-6",
   "fhir_link": [
      "PMC/Composition/5140a6e76f2d904f83352ec46845267debd2d977"
   ]
}