{
   "sha": "82e80640af0a98cc07c911c9476f693c5e9a62cf; 87f178ed1bcc5a747200ccd4adf42d883afd9fb7",
   "source_x": "PMC",
   "title": "Complete Genome Sequences of the SARS-CoV: the BJ Group (Isolates BJ01-BJ04)",
   "doi": "10.1016/S1672-0229(03)01023-4",
   "pmcid": "PMC5172409",
   "pubmed_id": "15629030",
   "license": "cc-by-nc-nd",
   "abstract": "Beijing has been one of the epicenters attacked most severely by the SARS-CoV (severe acute respiratory syndrome-associated coronavirus) since the first patient was diagnosed in one of the city\u2019s hospitals. We now report complete genome sequences of the BJ Group, including four isolates (Isolates BJ01, BJ02, BJ03, and BJ04) of the SARS-CoV. It is remarkable that all members of the BJ Group share a common haplotype, consisting of seven loci that differentiate the group from other isolates published to date. Among 42 substitutions uniquely identified from the BJ group, 32 are non-synonymous changes at the amino acid level. Rooted phylogenetic trees, proposed on the basis of haplotypes and other sequence variations of SARS-CoV isolates from Canada, USA, Singapore, and China, gave rise to different paradigms but positioned the BJ Group, together with the newly discovered GD01 (GD-Ins29) in the same clade, followed by the H-U Group (from Hong Kong to USA) and the H-T Group (from Hong Kong to Toronto), leaving the SP Group (Singapore) more distant. This result appears to suggest a possible transmission path from Guangdong to Beijing/Hong Kong, then to other countries and regions.",
   "publish_time": "2003 Aug 28",
   "authors": [
      "Bi, Shengli",
      "Qin, E\u2019de",
      "Xu, Zuyuan",
      "Li, Wei",
      "Wang, Jing",
      "Hu, Yongwu",
      "Liu, Yong",
      "Duan, Shumin",
      "Hu, Jianfei",
      "Han, Yujun",
      "Xu, Jing",
      "Li, Yan",
      "Yi, Yao",
      "Zhou, Yongdong",
      "Lin, Wei",
      "Wen, Jie",
      "Xu, Hong",
      "Li, Ruan",
      "Zhang, Zizhang",
      "Sun, Haiyan",
      "Zhu, Jingui",
      "Yu, Man",
      "Fan, Baochang",
      "Wu, Qingfa",
      "Lin, Wei",
      "Tang, Lin",
      "Yang, Bao\u2019an",
      "Li, Guoqing",
      "Peng, Wenming",
      "Li, Wenjie",
      "Jiang, Tao",
      "Deng, Yajun",
      "Liu, Bohua",
      "Shi, Jianping",
      "Deng, Yongqiang",
      "Wei, Wei",
      "Liu, Hong",
      "Tong, Zongzhong",
      "Zhang, Feng",
      "Zhang, Yu",
      "Wang, Cui\u2019e",
      "Li, Yuquan",
      "Ye, Jia",
      "Gan, Yonghua",
      "Ji, Jia",
      "Li, Xiaoyu",
      "Tian, Xiangjun",
      "Lu, Fushuang",
      "Tan, Gang",
      "Yang, Ruifu",
      "Liu, Bin",
      "Liu, Siqi",
      "Li, Songgang",
      "Wang, Jun",
      "Wang, Jian",
      "Cao, Wuchun",
      "Yu, Jun",
      "Dong, Xiaoping",
      "Yang, Huanming"
   ],
   "journal": "Genomics Proteomics Bioinformatics",
   "has_full_text": "True",
   "full_text_file": "noncomm_use_subset",
   "id": "https://doi.org/10.1016/S1672-0229(03)01023-4",
   "pubtator": "PMC5172409",
   "fhir_link": [
      "Non-comercial/Composition/82e80640af0a98cc07c911c9476f693c5e9a62cf",
      "Non-comercial/Composition/87f178ed1bcc5a747200ccd4adf42d883afd9fb7"
   ]
}