{
   "source_x": "Elsevier",
   "title": "The veterinary formulary. Handbook of medicines used in veterinary practice Edited by Yolande Debuf London: The Pharmaceutical Press. 1991. 448 pp. \u00a337.50 (hard)",
   "doi": "10.1016/0007-1935(92)90055-6",
   "license": "els-covid",
   "publish_time": "1992-06-30",
   "authors": [
      "McKellar, Q.A."
   ],
   "journal": "British Veterinary Journal",
   "has_full_text": "False",
   "full_text_file": "custom_license",
   "id": "https://doi.org/10.1016/0007-1935(92)90055-6"
}