{
   "sha": "66c3a788a187f69c4221381744b145d2ed197c25",
   "source_x": "Elsevier",
   "title": "A winter of windborne spread",
   "doi": "10.1016/S0007-1935(05)80033-8",
   "pubmed_id": "8111609",
   "license": "els-covid",
   "publish_time": "1993-12-31",
   "authors": [
      "Alexander, T.J.L."
   ],
   "journal": "British Veterinary Journal",
   "has_full_text": "True",
   "full_text_file": "custom_license",
   "id": "https://doi.org/10.1016/S0007-1935(05)80033-8",
   "fhir_link": [
      "PMC/Composition/66c3a788a187f69c4221381744b145d2ed197c25"
   ]
}