{
   "sha": "8831a94a54bef57d9f26efc9719de79d9f62a66f",
   "source_x": "Elsevier",
   "title": "Noninvasive Positive-Pressure Ventilation An Experimental Model to Assess Air and Particle Dispersion",
   "doi": "10.1378/chest.130.3.730",
   "pubmed_id": "16963670",
   "license": "els-covid",
   "abstract": "Background Health-care workers are concerned about the risk of acquiring contagious diseases such as severe acute respiratory syndrome and avian influenza after recent outbreaks. We studied exhaled air and particle dispersion through an oronasal mask attached to a human-patient simulator (HPS) during noninvasive positive-pressure ventilation (NPPV). Methods Airflow was marked with intrapulmonary smoke for visualization. Therapy with inspiratory positive airway pressure (IPAP) was started at 10 cm H2O and gradually increased to 18 cm H2O, whereas expiratory positive airway pressure was maintained at 4 cm H2O. A leakage jet plume was revealed by a laser light sheet and images captured by video. Smoke concentration in the plume was estimated from the light scattered by smoke particles. Findings A jet plume of air leaked through the mask exhaust holes to a radial distance of 0.25 m from the mask during the application of IPAP at 10 cm H2O with some leakage from the nasal bridge. The leakage plume exposure probability was highest about 60 to 80 mm lateral to the median sagittal plane of the HPS. Without nasal bridge leakage, the jet plume from the exhaust holes increased to a 0.40-m radius from the mask, whereas exposure probability was highest about 0.28 m above the patient. When IPAP was increased to 18 cm H2O, the vertical plume extended to 0.45 m above the patient with some horizontal spreading along the ward ceiling. Conclusion Substantial exposure to exhaled air occurs within a 0.5-m radius of patients receiving NPPV. Medical wards should be designed with an architectural aerodynamics approach and knowledge of air/particle dispersion from common mechanical ventilatory techniques.",
   "publish_time": "2006-09-30",
   "authors": [
      "Hui, David S.",
      "Hall, Stephen D.",
      "Chan, Matthew T.V.",
      "Chow, Benny K.",
      "Tsou, Jin Y.",
      "Joynt, Gavin M.",
      "Sullivan, Colin E.",
      "Sung, Joseph J.Y."
   ],
   "journal": "Chest",
   "has_full_text": "True",
   "full_text_file": "custom_license",
   "id": "https://doi.org/10.1378/chest.130.3.730",
   "fhir_link": [
      "PMC/Composition/8831a94a54bef57d9f26efc9719de79d9f62a66f"
   ]
}