{
   "sha": "179eb234c90570eb6a4017bf4b644672ffed2744",
   "source_x": "Elsevier",
   "title": "Viajar por trabajo. \u00bfUn nuevo perfil de viajero de alto riesgo?",
   "doi": "10.1016/j.rce.2015.07.007",
   "license": "els-covid",
   "publish_time": "2015-11-30",
   "authors": [
      "P\u00e9rez-Molina, J.A."
   ],
   "journal": "Revista Cl\u00ednica Espa\u00f1ola",
   "has_full_text": "True",
   "full_text_file": "custom_license",
   "id": "https://doi.org/10.1016/j.rce.2015.07.007",
   "fhir_link": [
      "PMC/Composition/179eb234c90570eb6a4017bf4b644672ffed2744"
   ]
}