{
   "sha": "762b99951ed5f0c0f1e12bed8918a4d43f85b2a6",
   "source_x": "Elsevier",
   "title": "Contents and index of volume 113, July to November 1995",
   "doi": "10.1016/S0021-9975(05)80124-0",
   "license": "els-covid",
   "publish_time": "1995-11-30",
   "journal": "Journal of Comparative Pathology",
   "has_full_text": "True",
   "full_text_file": "custom_license",
   "id": "https://doi.org/10.1016/S0021-9975(05)80124-0",
   "fhir_link": [
      "PMC/Composition/762b99951ed5f0c0f1e12bed8918a4d43f85b2a6"
   ]
}