{
   "sha": "384067e97a54bb4960a3b1068fe0d2cb1835c974",
   "source_x": "Elsevier",
   "title": "Identifying Asthma Triggers",
   "doi": "10.1016/j.otc.2013.08.012",
   "pubmed_id": "24286684",
   "license": "els-covid",
   "publish_time": "2014-02-28",
   "authors": [
      "McCarty, Justin C.",
      "Ferguson, Berrylin J."
   ],
   "journal": "Otolaryngologic Clinics of North America",
   "has_full_text": "True",
   "full_text_file": "custom_license",
   "id": "https://doi.org/10.1016/j.otc.2013.08.012",
   "fhir_link": [
      "PMC/Composition/384067e97a54bb4960a3b1068fe0d2cb1835c974"
   ]
}