{
   "sha": "0a62c80536aac29f30a65d03070fe79f9e8705c5",
   "source_x": "Elsevier",
   "title": "Identification of two auto-cleavage products of nonstructural protein 1 (nsp1) in porcine reproductive and respiratory syndrome virus infected cells: nsp1 function as interferon antagonist",
   "doi": "10.1016/j.virol.2009.11.033",
   "license": "els-covid",
   "abstract": "Abstract The porcine reproductive and respiratory syndrome virus nsp1 is predicted to be auto-cleaved from the replicase polyprotein into nsp1\u03b1 and nsp1\u03b2 subunits. In infected cells, we detected the actual existence of nsp1\u03b1 and nsp1\u03b2. Cleavage sites between nsp1\u03b1/nsp1\u03b2 and nsp1\u03b2/nsp2 were identified by protein microsequencing analysis. Time course study showed that nsp1\u03b1 and nsp1\u03b2 mainly localize into the cell nucleus after 10 h post infection. Further analysis revealed that both proteins dramatically inhibited IFN-\u03b2 expression. The nsp1\u03b2 was observed to significantly inhibit expression from an interferon-stimulated response element promoter after Sendai virus infection or interferon treatment. It was further determined to inhibit nuclear translocation of STAT1 in the JAK\u2013STAT signaling pathway. These results demonstrated that nsp1\u03b2 has ability to inhibit both interferon synthesis and signaling, while nsp1\u03b1 alone strongly inhibits interferon synthesis. These findings provide important insights into mechanisms of nsp1 in PRRSV pathogenesis and its impact in vaccine development.",
   "publish_time": "2010-03-01",
   "authors": [
      "Chen, Z.",
      "Lawson, S.",
      "Sun, Z.",
      "Zhou, X.",
      "Guan, X.",
      "Christopher-Hennings, J.",
      "Nelson, E.A.",
      "Fang, Y."
   ],
   "journal": "Virology",
   "has_full_text": "True",
   "full_text_file": "custom_license",
   "id": "https://doi.org/10.1016/j.virol.2009.11.033",
   "fhir_link": [
      "PMC/Composition/0a62c80536aac29f30a65d03070fe79f9e8705c5"
   ]
}