{
   "sha": "34eb329f2f34b1ed2f0c7312de0f3075adfb57a6",
   "source_x": "Elsevier",
   "title": "Chapter Two Pathogen and Particle Associations in Wastewater Significance and Implications for Treatment and Disinfection Processes",
   "doi": "10.1016/bs.aambs.2016.08.001",
   "pubmed_id": "27926432",
   "license": "els-covid",
   "abstract": "Abstract Disinfection guidelines exist for pathogen inactivation in potable water and recycled water, but wastewater with high numbers of particles can be more difficult to disinfect, making compliance with the guidelines problematic. Disinfection guidelines specify that drinking water with turbidity \u22651 Nephelometric Turbidity Units (NTU) is not suitable for disinfection and therefore not fit for purpose. Treated wastewater typically has higher concentrations of particles (1\u201310NTU for secondary treated effluent). Two processes widely used for disinfecting wastewater are chlorination and ultraviolet radiation. In both cases, particles in wastewater can interfere with disinfection and can significantly increase treatment costs by increasing operational expenditure (chemical demand, power consumption) or infrastructure costs by requiring additional treatment processes to achieve the required levels of pathogen inactivation. Many microorganisms (viruses, bacteria, protozoans) associate with particles, which can allow them to survive disinfection processes and cause a health hazard. Improved understanding of this association will enable development of cost-effective treatment, which will become increasingly important as indirect and direct potable reuse of wastewater becomes more widespread in both developed and developing countries. This review provides an overview of wastewater and associated treatment processes, the pathogens in wastewater, the nature of particles in wastewater and how they interact with pathogens, and how particles can impact disinfection processes.",
   "publish_time": "2016-12-31",
   "authors": [
      "Chahal, C.",
      "van den Akker, B.",
      "Young, F.",
      "Franco, C.",
      "Blackbeard, J.",
      "Monis, P."
   ],
   "journal": "Advances in Applied Microbiology",
   "has_full_text": "True",
   "full_text_file": "custom_license",
   "id": "https://doi.org/10.1016/bs.aambs.2016.08.001",
   "fhir_link": [
      "PMC/Composition/34eb329f2f34b1ed2f0c7312de0f3075adfb57a6"
   ]
}