{
   "sha": "b1749aa40bfee7dd0d990fcff4e0e13294706825",
   "source_x": "Elsevier",
   "title": "Lung pathology of fatal severe acute respiratory syndrome",
   "doi": "10.1016/S0140-6736(03)13413-7",
   "pubmed_id": "12781536",
   "license": "els-covid",
   "abstract": "Summary Background Severe acute respiratory syndrome (SARS) is a novel infectious disease with global impact. A virus from the family Coronaviridae has been identified as the cause, but the pathogenesis is still unclear. Methods Post-mortem tissue samples from six patients who died from SARS in February and March, 2003, and an open lung biopsy from one of these patients were studied by histology and virology. Only one full autopsy was done. Evidence of infection with the SARS-associated coronavirus (SARS-CoV) and human metapneumovirus was sought by reverse-transcriptase PCR and serology. Pathological samples were examined by light and electron microscopy and immunohistochemistry. Findings All six patients had serological evidence of recent infection with SARS-CoV. Diffuse alveolar damage was common but not universal. Morphological changes identified were bronchial epithelial denudation, loss of cilia, and squamous metaplasia. Secondary bacterial pneumonia was present in one case. A giant-cell infiltrate was seen in four patients, with a pronounced increase in macrophages in the alveoli and the interstitium of the lung. Haemophagocytosis was present in two patients. The alveolar pneumocytes also showed cytomegaly with granular amphophilic cytoplasm. The patient for whom full autopsy was done had atrophy of the white pulp of the spleen. Electron microscopy revealed viral particles in the cytoplasm of epithelial cells corresponding to coronavirus. Interpretation SARS is associated with epithelial-cell proliferation and an increase in macrophages in the lung. The presence of haemophagocytosis supports the contention that cytokine dysregulation may account, at least partly, for the severity of the clinical disease. The case definition of SARS should acknowledge the range of lung pathology associated with this disease. Published online May 16, 2003 http://image.thelancet.com/extras/03art4347web.pdf",
   "publish_time": "2003-05-24",
   "authors": [
      "Nicholls, John M",
      "Poon, Leo LM",
      "Lee, Kam C",
      "Ng, Wai F",
      "Lai, Sik T",
      "Leung, Chung Y",
      "Chu, Chung M",
      "Hui, Pak K",
      "Mak, Kong L",
      "Lim, Wilna",
      "Yan, Kin W",
      "Chan, Kwok H",
      "Tsang, Ngai C",
      "Guan, Yi",
      "Yuen, Kwok Y",
      "Malik Peiris, JS"
   ],
   "journal": "The Lancet",
   "has_full_text": "True",
   "full_text_file": "custom_license",
   "id": "https://doi.org/10.1016/S0140-6736(03)13413-7",
   "fhir_link": [
      "PMC/Composition/b1749aa40bfee7dd0d990fcff4e0e13294706825"
   ]
}