{
   "sha": "fcf54a5f5fd1cf3e1b8f8537fbac49cd5ad797eb",
   "source_x": "Elsevier",
   "title": "Resistance to anti-influenza agents",
   "doi": "10.1016/S0140-6736(05)67340-0",
   "pubmed_id": "16198748",
   "license": "els-covid",
   "publish_time": "2005-10-07",
   "authors": [
      "Guan, Yi",
      "Chen, Honglin"
   ],
   "journal": "The Lancet",
   "has_full_text": "True",
   "full_text_file": "custom_license",
   "id": "https://doi.org/10.1016/S0140-6736(05)67340-0",
   "fhir_link": [
      "PMC/Composition/fcf54a5f5fd1cf3e1b8f8537fbac49cd5ad797eb"
   ]
}