{
   "sha": "f57591c9f7d1f4957fdc4deef87c231b16df084f",
   "source_x": "Elsevier",
   "title": "Alteration of intracerebral cytokine production in mice infected with herpes simplex virus types 1 and 2",
   "doi": "10.1016/0165-5728(94)90143-0",
   "pubmed_id": "7962482",
   "license": "els-covid",
   "abstract": "Abstract Previously we reported that a lethal strain of herpes simplex virus type 2 (HSV-2) infects the brain following ocular inoculation of mice. We now demonstrate that HSV-2 mediates an unusual intracellular sequestering of class II major histocompatibility complex (MHC) antigens. With use of an RNase protection assay, we observed a selective inhibition of IFN-\u03b3 and IL-6 gene transcription in brains of mice infected with HSV-2. It is likely that the inhibition of cytokine gene expression was mediated through a failure to activate CD4+ lymphocytes. These data suggest that the infecting herpesvirus can influence the profile of intracerebrally produced cytokines, which in turn may determine the outcome of the infection.",
   "publish_time": "1994-11-30",
   "authors": [
      "Lewandowski, Gail",
      "Hobbs, Monte V.",
      "Bloom, Floyd E."
   ],
   "journal": "Journal of Neuroimmunology",
   "has_full_text": "True",
   "full_text_file": "custom_license",
   "id": "https://doi.org/10.1016/0165-5728(94)90143-0",
   "fhir_link": [
      "PMC/Composition/f57591c9f7d1f4957fdc4deef87c231b16df084f"
   ]
}