{
   "sha": "6160b70c9ba139ee9e4b2accd40954bec9b46f07",
   "source_x": "Elsevier",
   "title": "NBCZone: Universal three-dimensional construction of eleven amino acids near the catalytic nucleophile and base in the superfamily of (chymo)trypsin-like serine fold proteases",
   "doi": "10.1016/j.ijbiomac.2020.03.025",
   "license": "els-covid",
   "abstract": "Abstract (Chymo)trypsin-like serine fold proteases belong to the serine/cysteine proteases found in eukaryotes, prokaryotes, and viruses. Their catalytic activity is carried out using a triad of amino acids, a nucleophile, a base, and an acid. For this superfamily of proteases, we propose the existence of a universal 3D structure comprising 11 amino acids near the catalytic nucleophile and base \u2013 Nucleophile-Base Catalytic Zone (NBCZone). The comparison of NBCZones among 169 eukaryotic, prokaryotic, and viral (chymo)trypsin-like proteases suggested the existence of 15 distinct groups determined by the combination of amino acids located at two \u201ckey\u201d structure-functional positions 54T and 55T near the catalytic base His57T. Most eukaryotic and prokaryotic proteases fell into two major groups, [ST]A and TN. Usually, proteases of [ST]A group contain a disulfide bond between cysteines Cys42T and Cys58T of the NBCZone. In contrast, viral proteases were distributed among seven groups, and lack this disulfide bond. Furthermore, only the [ST]A group of eukaryotic proteases contains glycine at position 43T, which is instrumental for activation of these enzymes. In contrast, due to the side chains of residues at position 43T prokaryotic and viral proteases do not have the ability to carry out the structural transition of the eukaryotic zymogen-zyme type.",
   "publish_time": "2020-06-15",
   "authors": [
      "Denesyuk, Alexander I.",
      "Johnson, Mark S.",
      "Salo-Ahen, Outi M.H.",
      "Uversky, Vladimir N.",
      "Denessiouk, Konstantin"
   ],
   "journal": "International Journal of Biological Macromolecules",
   "has_full_text": "True",
   "full_text_file": "custom_license",
   "id": "https://doi.org/10.1016/j.ijbiomac.2020.03.025",
   "fhir_link": [
      "PMC/Composition/6160b70c9ba139ee9e4b2accd40954bec9b46f07"
   ]
}