{
   "sha": "0110eaeb5103ac1d44cc2e7aa0f6c0f621e6acc7",
   "source_x": "Elsevier",
   "title": "Increased pulmonary secretion of tumor necrosis factor-\u03b1 in calves experimentally infected with bovine respiratory syncytial virus",
   "doi": "10.1016/S0165-2427(00)00214-2",
   "pubmed_id": "11044554",
   "license": "els-covid",
   "abstract": "Abstract Bovine respiratory syncytial virus (BRSV) is an important cause of respiratory disease among calves in the Danish cattle industry. An experimental BRSV infection model was used to study the pathogenesis of the disease in calves. Broncho alveolar lung lavage (BAL) was performed on 28 Jersey calves, of which 23 were experimentally infected with BRSV and five were given a mock inoculum. The presence of the cytokine tumor necrosis factor \u03b1 (TNF-\u03b1) in the BAL fluids was detected and quantified by a capture ELISA. TNF-\u03b1 was detected in 21 of the infected animals. The amount of TNF-\u03b1 in the BAL fluid of calves killed post inoculation day (PID) 2 and 4 was at the same very low level as in the uninfected control animals. Large amounts of TNF-\u03b1 were detected on PID 6, maximum levels of TNF-\u03b1 were reached on PID 7, and smaller amounts of TNF-\u03b1 were seen on PID 8. The high levels of TNF-\u03b1 appeared on the days where severe lung lesions and clinical signs were obvious and the amounts of BRSV-antigen were at their greatest. Although Pasteurellaceae were isolated from some of the BRSV-infected calves, calves treated with antibiotics before and through the whole period of the infection, as well as BRSV-infected calves free of bacteria reached the same level of TNF-\u03b1 as animals from which bacteria were isolated from the lungs. It is concluded that significant quantities of TNF-\u03b1 are produced in the lungs of the calves on PID 6\u20137 of BRSV infection. The involvement of TNF-\u03b1 in the pathogenesis of, as well as the anti-viral immune response against, BRSV infection is discussed.",
   "publish_time": "2000-10-31",
   "authors": [
      "R\u00f8ntved, C.M",
      "Tj\u00f8rneh\u00f8j, K",
      "Viuff, B",
      "Larsen, L.E",
      "Godson, D.L",
      "R\u00f8nsholt, L",
      "Alexandersen, S"
   ],
   "journal": "Veterinary Immunology and Immunopathology",
   "has_full_text": "True",
   "full_text_file": "custom_license",
   "id": "https://doi.org/10.1016/S0165-2427(00)00214-2",
   "fhir_link": [
      "PMC/Composition/0110eaeb5103ac1d44cc2e7aa0f6c0f621e6acc7"
   ]
}