{
   "sha": "3bb5e14bebfacecb87a30114b881c3c43157afd1",
   "source_x": "Elsevier",
   "title": "A causal link between lymphopenia and autoimmunity",
   "doi": "10.1016/j.imlet.2004.10.022",
   "pubmed_id": "15790505",
   "license": "els-covid",
   "abstract": "Abstract It is well recognized that the composition of the mature T cell population is subject to strict homeostatic control. The TCR repertoire and relative proportions of various T cell subsets are established in the thymus, and continue to be shaped and regulated in the periphery. As the thymic function declines, peripheral homeostatic mechanisms assume increasing importance. Indeed, loss of thymic function does not lead to progressive decline of T cell numbers because peripheral mechanisms ensure that the size of the T cell population is maintained due to proliferation of residual cells. However, our current understanding of the basic mechanisms of \u2018homeostatic\u2019 or lymphopenia-induced proliferation suggests that this drive to maintain population size may be accompanied by loss of TCR diversity and emergence of auto-reactive effector T cells. This prediction is supported by experimental and clinical evidence. This consideration is important because lymphopenia is seen commonly in clinical practice as a consequence of viral infections, or medical treatment of cancer, autoimmunity, and graft rejection. Lymphopenia may be a simple link between viral infections and autoimmunity, and may be one reason for common failure of very potent, but non-specific, immunosuppressive drugs in current clinical use.",
   "publish_time": "2005-04-15",
   "authors": [
      "Khoruts, Alexander",
      "Fraser, Joanne M."
   ],
   "journal": "Immunology Letters",
   "has_full_text": "True",
   "full_text_file": "custom_license",
   "id": "https://doi.org/10.1016/j.imlet.2004.10.022",
   "fhir_link": [
      "PMC/Composition/3bb5e14bebfacecb87a30114b881c3c43157afd1"
   ]
}