{
   "sha": "98ee81384c2646b2f2517792a34d175bf27e69e8",
   "source_x": "Elsevier",
   "title": "An updated TaqMan real-time PCR for canine and feline parvoviruses",
   "doi": "10.1016/j.jviromet.2013.04.025",
   "pubmed_id": "23680092",
   "license": "els-covid",
   "abstract": "Abstract Canine parvovirus type 2 (CPV-2) emerged in late 1970s from the feline panleukopenia virus (FPLV) and developed, since then, into novel genetic and antigenic variants (CPV-2a, -2b and -2c). Canine and feline parvoviruses cause an acute enteric disease in their hosts, with high level of viral shedding. In this study, a quantitative TaqMan PCR for detection and quantitation of canine and feline parvoviruses in serum and fecal samples was developed. The primers were designed based upon the entire GenBank content for CPV and FPLV. A standard curve was generated, and validation tests were performed using 10-fold serial dilutions of CPV-2 virus in CPV/FPLV-negative feces and CPV/FPLV-negative serum samples. As a result, the 100% detection limit of the PCR was 18 copies of the viral genome per \u03bcl of serum and fecal sample. All canine parvovirus types as well as FPLV were detected. In conclusion, the real-time PCR represents an upgraded and useful tool to identify and quantify canine and feline parvoviruses in different sample matrices.",
   "publish_time": "2013-10-31",
   "authors": [
      "Streck, Andr\u00e9 Felipe",
      "R\u00fcster, Dana",
      "Truyen, Uwe",
      "Homeier, Timo"
   ],
   "journal": "Journal of Virological Methods",
   "has_full_text": "True",
   "full_text_file": "custom_license",
   "id": "https://doi.org/10.1016/j.jviromet.2013.04.025",
   "fhir_link": [
      "PMC/Composition/98ee81384c2646b2f2517792a34d175bf27e69e8"
   ]
}