{
   "sha": "94fa1796580537641b9a22e95664544dcf25e869",
   "source_x": "Elsevier",
   "title": "Comparative analytical evaluation of the respiratory TaqMan Array Card with real-time PCR and commercial multi-pathogen assays",
   "doi": "10.1016/j.jviromet.2015.11.020",
   "pubmed_id": "26640122",
   "license": "els-covid",
   "abstract": "Abstract In this study, a multicenter evaluation of the Life Technologies TaqMan\u00ae Array Card (TAC) with 21 custom viral and bacterial respiratory assays was performed on the Applied Biosystems ViiA\u2122 7 Real-Time PCR System. The goal of the study was to demonstrate the analytical performance of this platform when compared to identical individual pathogen specific laboratory developed tests (LDTs) designed at the Centers for Disease Control and Prevention (CDC), equivalent LDTs provided by state public health laboratories, or to three different commercial multi-respiratory panels. CDC and Association of Public Health Laboratories (APHL) LDTs had similar analytical sensitivities for viral pathogens, while several of the bacterial pathogen APHL LDTs demonstrated sensitivities one log higher than the corresponding CDC LDT. When compared to CDC LDTs, TAC assays were generally one to two logs less sensitive depending on the site performing the analysis. Finally, TAC assays were generally more sensitive than their counterparts in three different commercial multi-respiratory panels. TAC technology allows users to spot customized assays and design TAC layout, simplify assay setup, conserve specimen, dramatically reduce contamination potential, and as demonstrated in this study, analyze multiple samples in parallel with good reproducibility between instruments and operators.",
   "publish_time": "2016-02-29",
   "authors": [
      "Harvey, John J.",
      "Chester, Stephanie",
      "Burke, Stephen A.",
      "Ansbro, Marisela",
      "Aden, Tricia",
      "Gose, Remedios",
      "Sciulli, Rebecca",
      "Bai, Jing",
      "DesJardin, Lucy",
      "Benfer, Jeffrey L.",
      "Hall, Joshua",
      "Smole, Sandra",
      "Doan, Kimberly",
      "Popowich, Michael D.",
      "St. George, Kirsten",
      "Quinlan, Tammy",
      "Halse, Tanya A.",
      "Li, Zhen",
      "P\u00e9rez-Osorio, Ailyn C.",
      "Glover, William A.",
      "Russell, Denny",
      "Reisdorf, Erik",
      "Whyte, Thomas",
      "Whitaker, Brett",
      "Hatcher, Cynthia",
      "Srinivasan, Velusamy",
      "Tatti, Kathleen",
      "Tondella, Maria Lucia",
      "Wang, Xin",
      "Winchell, Jonas M.",
      "Mayer, Leonard W.",
      "Jernigan, Daniel",
      "Mawle, Alison C."
   ],
   "journal": "Journal of Virological Methods",
   "has_full_text": "True",
   "full_text_file": "custom_license",
   "id": "https://doi.org/10.1016/j.jviromet.2015.11.020",
   "fhir_link": [
      "PMC/Composition/94fa1796580537641b9a22e95664544dcf25e869"
   ]
}