{
   "sha": "19e9f6a8e0880d10527cc9d1fd75aa64793ee0c6",
   "source_x": "Elsevier",
   "title": "Traditional Chinese herbal medicine as a source of molecules with antiviral activity",
   "doi": "10.1016/j.antiviral.2012.10.006",
   "license": "els-covid",
   "abstract": "Abstract Traditional Chinese herbal medicine (TCHM) is widely used in the prevention and treatment of viral infectious diseases. However, the operative mechanisms of TCHM remain largely obscure, mainly because of its complicated nature and the fragmented nature of research. In recent years, systematic methodologies have been developed to discover the active compounds in TCHM and to elucidate its underlying mechanisms. In this review, we summarize recent progress in TCHM-based antiviral research in China and other Asian countries. In particular, this review focuses on progress in targeting key steps in the viral replication cycle and key cellular components of the host defense system. Recent developments in centralized and standardized TCHM screening and databases are also summarized.",
   "publish_time": "2013-01-31",
   "authors": [
      "Li, Ting",
      "Peng, Tao"
   ],
   "journal": "Antiviral Research",
   "has_full_text": "True",
   "full_text_file": "custom_license",
   "id": "https://doi.org/10.1016/j.antiviral.2012.10.006",
   "fhir_link": [
      "PMC/Composition/19e9f6a8e0880d10527cc9d1fd75aa64793ee0c6"
   ]
}