{
   "sha": "36963b30a8a9eeae6c4fa3c1b921c2a56864231b",
   "source_x": "Elsevier",
   "title": "Advances in respiratory virus therapeutics \u2013 A meeting report from the 6th isirv Antiviral Group conference",
   "doi": "10.1016/j.antiviral.2019.04.006",
   "pubmed_id": "30974127",
   "license": "els-covid",
   "abstract": "Abstract The International Society for Influenza and other Respiratory Virus Diseases held its 6th Antiviral Group (isirv-AVG) conference in Rockville, Maryland, November 13\u201315, 2018. The three-day program was focused on therapeutics towards seasonal and pandemic influenza, respiratory syncytial virus, coronaviruses including MERS-CoV and SARS-CoV, human rhinovirus, and other respiratory viruses. Updates were presented on several influenza antivirals including baloxavir, CC-42344, VIS410, immunoglobulin, immune plasma, MHAA4549A, pimodivir (JNJ-63623872), umifenovir, and HA minibinders; RSV antivirals including presatovir (GS-5806), ziresovir (AK0529), lumicitabine (ALS-008176), JNJ-53718678, JNJ-64417184, and EDP-938; broad spectrum antivirals such as favipiravir, VH244, remdesivir, and EIDD-1931/EIDD-2801; and host directed strategies including nitazoxanide, eritoran, and diltiazem. Other topics included considerations of novel endpoints such as ordinal scales and patient reported outcomes (PRO), and study design issues, and other regulatory considerations for antiviral drug development. The aim of this report is to provide a summary of the presentations given at this meeting.",
   "publish_time": "2019-07-31",
   "authors": [
      "Beigel, John H.",
      "Nam, Hannah H.",
      "Adams, Peter L.",
      "Krafft, Amy",
      "Ince, William L.",
      "El-Kamary, Samer S.",
      "Sims, Amy C."
   ],
   "journal": "Antiviral Research",
   "has_full_text": "True",
   "full_text_file": "custom_license",
   "id": "https://doi.org/10.1016/j.antiviral.2019.04.006",
   "fhir_link": [
      "PMC/Composition/36963b30a8a9eeae6c4fa3c1b921c2a56864231b"
   ]
}