{
   "sha": "e90318a70577f501de82ffb11839cfe7f2aa5bb2",
   "source_x": "Elsevier",
   "title": "Regulation and evasion of antiviral immune responses by porcine reproductive and respiratory syndrome virus",
   "doi": "10.1016/j.virusres.2014.12.014",
   "pubmed_id": "25529442",
   "license": "els-covid",
   "abstract": "Abstract Virus infection of mammalian cells triggers host innate immune responses to restrict viral replication and induces adaptive immunity for viral elimination. In order to survive and propagate, viruses have evolved sophisticated mechanisms to subvert host defense system by encoding proteins that target key components of the immune signaling pathways. Porcine reproductive and respiratory syndrome virus (PRRSV), a RNA virus, impairs several processes of host immune responses including interfering with interferon production and signaling, modulating cytokine expression, manipulating apoptotic responses and regulating adaptive immunity. In this review, we highlight the molecular mechanisms of how PRRSV interferes with the different steps of initial antiviral host responses to establish persistent infection in pigs. Dissection of the PRRSV\u2013host interaction is the key in understanding PRRSV pathogenesis and will provide a basis for the rational design of vaccines.",
   "publish_time": "2015-04-16",
   "authors": [
      "Huang, Chen",
      "Zhang, Qiong",
      "Feng, Wen-hai"
   ],
   "journal": "Virus Research",
   "has_full_text": "True",
   "full_text_file": "custom_license",
   "id": "https://doi.org/10.1016/j.virusres.2014.12.014",
   "fhir_link": [
      "PMC/Composition/e90318a70577f501de82ffb11839cfe7f2aa5bb2"
   ]
}