{
   "sha": "e1d54d1ec033522012a4f994961fec6582c17ce6",
   "source_x": "Elsevier",
   "title": "Inflammatory Oral Cavity Diseases of the Cat",
   "doi": "10.1016/S0195-5616(92)50130-9",
   "pubmed_id": "1455576",
   "license": "els-covid",
   "abstract": "This article reviews the classification and characterization of specific and nonspecific inflammatory disease entities of the feline mouth. Special emphasis is placed on their etiology, pathogenesis, and comparison to related disorders of humans.",
   "publish_time": "1992-11-30",
   "authors": [
      "Pedersen, Niels C."
   ],
   "journal": "Veterinary Clinics of North America: Small Animal Practice",
   "has_full_text": "True",
   "full_text_file": "custom_license",
   "id": "https://doi.org/10.1016/S0195-5616(92)50130-9",
   "fhir_link": [
      "PMC/Composition/e1d54d1ec033522012a4f994961fec6582c17ce6"
   ]
}