{
   "sha": "85d80ad717017002446bd0be2d5f369096c31517",
   "source_x": "PMC",
   "title": "Live Bacterial Vectors\u2014A Promising DNA Vaccine Delivery System",
   "doi": "http://dx.doi.org/10.3390/medsci6020027",
   "pmcid": "PMC6024733",
   "pubmed_id": "29570602",
   "license": "CC BY",
   "abstract": "Vaccination is one of the most successful immunology applications that has considerably improved human health. The DNA vaccine is a new vaccine being developed since the early 1990s. Although the DNA vaccine is promising, no human DNA vaccine has been approved to date. The main problem facing DNA vaccine efficacy is the lack of a DNA vaccine delivery system. Several studies explored this limitation. One of the best DNA vaccine delivery systems uses a live bacterial vector as the carrier. The live bacterial vector induces a robust immune response due to its natural characteristics that are recognized by the immune system. Moreover, the route of administration used by the live bacterial vector is through the mucosal route that beneficially induces both mucosal and systemic immune responses. The mucosal route is not invasive, making the vaccine easy to administer, increasing the patient\u2019s acceptance. Lactic acid bacterium is one of the most promising bacteria used as a live bacterial vector. However, some other attenuated pathogenic bacteria, such as Salmonella spp. and Shigella spp., have been used as DNA vaccine carriers. Numerous studies showed that live bacterial vectors are a promising candidate to deliver DNA vaccines.",
   "publish_time": "2018 Mar 23",
   "authors": [
      "Yurina, Valentina"
   ],
   "journal": "Med Sci (Basel)",
   "has_full_text": "True",
   "id": "85d80ad717017002446bd0be2d5f369096c31517",
   "fhir_link": "Commercial/Composition/85d80ad717017002446bd0be2d5f369096c31517.json"
}