{
   "sha": "a1e0e87aa7ee35b21ae7bd4a995b933f93778659",
   "source_x": "Elsevier",
   "title": "Diagnosis of Canine Viral Infections",
   "doi": "10.1016/S0195-5616(86)50133-9",
   "pubmed_id": "3538630",
   "license": "els-covid",
   "abstract": "Canine viral infections may be tentatively diagnosed on the basis of clinical signs, hematologic findings, and/or gross pathology; however, definitive diagnosis generally requires laboratory assistance. Laboratory diagnosis of these infections relies on one or more of the following procedures: histopathology, virus isolation, serology, and the detection of virus, or viral antigens, using electron microscopy, fluorescent antibody techniques, immunoperoxidase techniques, and enzyme immunosorbent assays.",
   "publish_time": "1986-11-30",
   "authors": [
      "Guy, James S."
   ],
   "journal": "Veterinary Clinics of North America: Small Animal Practice",
   "has_full_text": "True",
   "full_text_file": "custom_license",
   "id": "https://doi.org/10.1016/S0195-5616(86)50133-9",
   "fhir_link": [
      "PMC/Composition/a1e0e87aa7ee35b21ae7bd4a995b933f93778659"
   ]
}