{
   "sha": "3eaf78d4b825967c146b1954942e0309c2cac18a",
   "source_x": "Elsevier",
   "title": "Hospitalized patients' knowledge of influenza transmission and prevention",
   "doi": "10.1016/j.jhin.2007.08.008",
   "pubmed_id": "17942188",
   "license": "els-covid",
   "publish_time": "2007-11-30",
   "authors": [
      "B\u00e9net, T.",
      "Vaillant, L.",
      "Del Signore, C.",
      "Crozet, M.N.",
      "Nicolle, M.C.",
      "Vanhems, P."
   ],
   "journal": "Journal of Hospital Infection",
   "has_full_text": "True",
   "full_text_file": "custom_license",
   "id": "https://doi.org/10.1016/j.jhin.2007.08.008",
   "fhir_link": [
      "PMC/Composition/3eaf78d4b825967c146b1954942e0309c2cac18a"
   ]
}