{
   "sha": "2906d781d6cac5a07bf2826f620a788e3f8432ef",
   "source_x": "PMC",
   "title": "Oral edible plant vaccine containing hypoallergen of American cockroach major allergen Per a 2 prevents roach-allergic asthma in a murine model",
   "doi": "http://dx.doi.org/10.1371/journal.pone.0201281",
   "pmcid": "PMC6066233",
   "pubmed_id": "30059516",
   "license": "CC BY",
   "abstract": "BACKGROUND: American cockroaches (Periplaneta americana) are an important indoor allergen source and a major risk factor for exacerbations and poor control of asthma. We previously reported that allergen components from American cockroaches exhibit varying levels of pathogenicity. Sensitization to major American cockroach allergen, Per a 2, correlated with more severe clinical phenotypes among patients with allergic airway diseases. MATERIALS AND METHODS: In this study, we examined whether oral plant vaccine-encoding full-length Per a 2 clone-996 or its hypoallergenic clone-372 could exert a prophylactic role in Per a 2-sensitized mice. The cDNAs coding Per a 2\u2013996 and Per a 2\u2013372 were inserted into TuMV vector and expressed in Chinese cabbage. Adult female BALB/c mice were fed with the cabbage extracts for 21 days and subsequently underwent two-step sensitization with recombinant Per a 2. RESULTS: Per a 2-specific IgE measured by in-house ELISA in the sera of Per a 2-372-treated groups were significantly lower than in the control groups after allergen challenge but not the Per a 2-996-treated group. Moreover, Per a 2\u2013372 vaccine markedly decreased airway hyper-responsiveness and infiltration of inflammatory cells into the lungs, as well as reduced mRNA expression of IL-4 and IL-13 in comparison with the control mice. CONCLUSION: Our data suggest that oral administration of edible plant vaccine encoding Per a 2 hypo-allergen may be used as a prophylactic strategy against the development of cockroach allergy.",
   "publish_time": "2018 Jul 30",
   "authors": [
      "['Lee, Mey-Fann', 'Chiang, Chu-Hui', 'Li, Ying-Lan', 'Wang, Nancy M.', 'Song, Pei-Pong', 'Lin, Shyh-Jye', 'Chen, Yi-Hsing']"
   ],
   "journal": "PLoS One",
   "has_full_text": "True",
   "id": "2906d781d6cac5a07bf2826f620a788e3f8432ef",
   "fhir_link": "Commercial/Composition/2906d781d6cac5a07bf2826f620a788e3f8432ef.json"
}