{
   "sha": "432f684fc8610e68154ea21a86387c4f9ec80cf5",
   "source_x": "Elsevier",
   "title": "Continuous monitoring of aerial bioburden within intensive care isolation rooms and identification of high-risk activities",
   "doi": "10.1016/j.jhin.2019.05.010",
   "pubmed_id": "31145931",
   "license": "els-covid",
   "abstract": "Summary Background The spread of pathogens via the airborne route is often underestimated, and little is known about the extent to which airborne microbial contamination levels vary throughout the day and night in hospital facilities. Aims To evaluate airborne contamination levels within intensive care unit (ICU) isolation rooms over 10\u201324-h periods in order to improve understanding of the variability of environmental aerial bioburden, and the extent to which ward activities may contribute. Methods Environmental air monitoring was conducted within occupied and vacant inpatient isolation rooms. A sieve impactor sampler was used to collect 500-L air samples every 15 min over 10-h (08:00\u201318:00 h) and 24-h (08:00\u201308:00 h) periods. Samples were collected, room activity was logged, and bacterial contamination levels were recorded as colony-forming units (cfu)/m3 air. Findings A high degree of variability in levels of airborne contamination was observed across all scenarios in the studied isolation rooms. Air bioburden increased as room occupancy increased, with air contamination levels highest in rooms occupied for the longest time during the study (10 days) (mean 104.4 cfu/m3, range 12\u2013510 cfu/m3). Counts were lowest in unoccupied rooms (mean 20 cfu/m3) and during the night. Conclusion Peaks in airborne contamination were directly associated with an increase in activity levels. This study provides the first clear evidence of the extent of variability in microbial airborne levels over 24-h periods in ICU isolation rooms, and found direct correlation between microbial load and ward activity.",
   "publish_time": "2019-10-31",
   "authors": [
      "Dougall, L.R.",
      "Booth, M.G.",
      "Khoo, E.",
      "Hood, H.",
      "MacGregor, S.J.",
      "Anderson, J.G.",
      "Timoshkin, I.V.",
      "Maclean, M."
   ],
   "journal": "Journal of Hospital Infection",
   "has_full_text": "True",
   "full_text_file": "custom_license",
   "id": "https://doi.org/10.1016/j.jhin.2019.05.010",
   "fhir_link": [
      "PMC/Composition/432f684fc8610e68154ea21a86387c4f9ec80cf5"
   ]
}