{
   "sha": "de6c34a97fa39dae81dd7f300648f1e6c21c67f6",
   "source_x": "PMC",
   "title": "T84 air\u2010liquid interface cultures enable isolation of human bocavirus",
   "doi": "http://dx.doi.org/10.1111/irv.12567",
   "pmcid": "PMC6086856",
   "pubmed_id": "29676538",
   "license": "CC BY",
   "publish_time": "2018 Sep 8",
   "authors": [
      "['Schildgen, Verena', 'Longo, Ylenia', 'Pieper, Monika', 'Schildgen, Oliver']"
   ],
   "journal": "Influenza Other Respir Viruses",
   "has_full_text": "True",
   "id": "de6c34a97fa39dae81dd7f300648f1e6c21c67f6",
   "fhir_link": "Commercial/Composition/de6c34a97fa39dae81dd7f300648f1e6c21c67f6"
}