{
   "sha": "1c7c9d9c03f404119c5cc1dd98e0ebe17ea3bb3e",
   "source_x": "PMC",
   "title": "Interferon-beta expression and type I interferon receptor signaling of hepatocytes prevent hepatic necrosis and virus dissemination in Coxsackievirus B3-infected mice",
   "doi": "http://dx.doi.org/10.1371/journal.ppat.1007235",
   "pmcid": "PMC6107283",
   "pubmed_id": "30075026",
   "license": "CC BY",
   "abstract": "During Coxsackievirus B3 (CVB3) infection hepatitis is a potentially life threatening complication, particularly in newborns. Studies with type I interferon (IFN-I) receptor (IFNAR)-deficient mice revealed a key role of the IFN-I axis in the protection against CVB3 infection, whereas the source of IFN-I and cell types that have to be IFNAR triggered in order to promote survival are still unknown. We found that CVB3 infected IFN-\u03b2 reporter mice showed effective reporter induction, especially in hepatocytes and only to a minor extent in liver-resident macrophages. Accordingly, upon in vitro CVB3 infection of primary hepatocytes from murine or human origin abundant IFN-\u03b2 responses were induced. To identify sites of IFNAR-triggering we performed experiments with Mx reporter mice, which upon CVB3 infection showed massive luciferase induction in the liver. Immunohistological studies revealed that during CVB3 infection MX1 expression of hepatocytes was induced primarily by IFNAR-, and not by IFN-III receptor (IFNLR)-triggering. CVB3 infection studies with primary human hepatocytes, in which either the IFN-I or the IFN-III axis was inhibited, also indicated that primarily IFNAR-, and to a lesser extent IFNLR-triggering was needed for ISG induction. Interestingly, CVB3 infected mice with a hepatocyte-specific IFNAR ablation showed severe liver cell necrosis and ubiquitous viral dissemination that resulted in lethal disease, as similarly detected in classical IFNAR(-/-) mice. In conclusion, we found that during CVB3 infection hepatocytes are major IFN-I producers and that the liver is also the organ that shows strong IFNAR-triggering. Importantly, hepatocytes need to be IFNAR-triggered in order to prevent virus dissemination and to assure survival. These data are compatible with the hypothesis that during CVB3 infection hepatocytes serve as important IFN-I producers and sensors not only in the murine, but also in the human system.",
   "publish_time": "2018 Aug 3",
   "authors": [
      "['Koestner, Wolfgang', 'Spanier, Julia', 'Klause, Tanja', 'Tegtmeyer, Pia-K.', 'Becker, Jennifer', 'Herder, Vanessa', 'Borst, Katharina', 'Todt, Daniel', 'Lienenklaus, Stefan', 'Gerhauser, Ingo', 'Detje, Claudia N.', 'Geffers, Robert', 'Langereis, Martijn A.', 'Vondran, Florian W. R.', 'Yuan, Qinggong', 'van Kuppeveld, Frank J. M.', 'Ott, Michael', 'Staeheli, Peter', 'Steinmann, Eike', 'Baumg\u00e4rtner, Wolfgang', 'Wacker, Frank', 'Kalinke, Ulrich']"
   ],
   "journal": "PLoS Pathog",
   "has_full_text": "True",
   "id": "1c7c9d9c03f404119c5cc1dd98e0ebe17ea3bb3e",
   "fhir_link": "Commercial/Composition/1c7c9d9c03f404119c5cc1dd98e0ebe17ea3bb3e"
}