{
   "sha": "8744fa6959106f1045dbffde97b64a6801c312b1",
   "source_x": "PMC",
   "title": "LY6E mediates an evolutionarily conserved enhancement of virus infection by targeting a late entry step",
   "doi": "http://dx.doi.org/10.1038/s41467-018-06000-y",
   "pmcid": "PMC6127192",
   "pubmed_id": "30190477",
   "license": "CC BY",
   "abstract": "Interferons (IFNs) contribute to cell-intrinsic antiviral immunity by inducing hundreds of interferon-stimulated genes (ISGs). In a screen to identify antiviral ISGs, we unexpectedly found that LY6E, a member of the LY6/uPAR family, enhanced viral infection. Here, we show that viral enhancement by ectopically expressed LY6E extends to several cellular backgrounds and affects multiple RNA viruses. LY6E does not impair IFN antiviral activity or signaling, but rather promotes viral entry. Using influenza A virus as a model, we narrow the enhancing effect of LY6E to uncoating after endosomal escape. Diverse mammalian orthologs of LY6E also enhance viral infectivity, indicating evolutionary conservation of function. By structure-function analyses, we identify a single amino acid in a predicted loop region that is essential for viral enhancement. Our study suggests that LY6E belongs to a class of IFN-inducible host factors that enhance viral infectivity without suppressing IFN antiviral activity.",
   "publish_time": "2018 Sep 6",
   "authors": [
      "['Mar, Katrina B.', 'Rinkenberger, Nicholas R.', 'Boys, Ian N.', 'Eitson, Jennifer L.', 'McDougal, Matthew B.', 'Richardson, R. Blake', 'Schoggins, John W.']"
   ],
   "journal": "Nat Commun",
   "has_full_text": "False",
   "id": "8744fa6959106f1045dbffde97b64a6801c312b1"
}