{
   "sha": "3d4bcf09bf7e247b4f3f93954b3bf07a14375c4d",
   "source_x": "PMC",
   "title": "Of mice and men: the host response to influenza virus infection",
   "doi": "http://dx.doi.org/10.1007/s00335-018-9750-y",
   "pmcid": "PMC6132725",
   "pubmed_id": "29947965",
   "license": "CC BY",
   "abstract": "Influenza virus (IV) infections represent a very serious public health problem. At present, no established biomarkers exist to support diagnosis for respiratory viral infections and more importantly for severe IV disease. Studies in animal models are extremely important to understand the biological, genetic, and environmental factors that contribute to severe IV disease and to validate biomarker candidates from human studies. However, mouse human cross-species comparisons are often compromised by the fact that animal studies concentrate on the infected lungs, whereas in humans almost all studies use peripheral blood from patients. In addition, human studies do not consider genetic background as variable although human populations are genetically very diverse. Therefore, in this study, we performed a cross-species gene expression study of the peripheral blood from human patients and from the highly genetically diverse Collaborative Cross (CC) mouse population after IV infection. Our results demonstrate that changes of gene expression in individual genes are highly similar in mice and humans. The top-regulated genes in humans were also differentially regulated in mice. We conclude that the mouse is a highly valuable in vivo model system to validate and to discover gene candidates which can be used as biomarkers in humans. Furthermore, mouse studies allow confirmation of findings in humans in a well-controlled experimental system adding enormous value to the understanding of expression and function of human candidate genes. ELECTRONIC SUPPLEMENTARY MATERIAL: The online version of this article (10.1007/s00335-018-9750-y) contains supplementary material, which is available to authorized users.",
   "publish_time": "2018 Jun 15",
   "authors": [
      "['Kollmus, Heike', 'Pilzner, Carolin', 'Leist, Sarah R.', 'Heise, Mark', 'Geffers, Robert', 'Schughart, Klaus']"
   ],
   "journal": "Mamm Genome",
   "has_full_text": "False",
   "id": "3d4bcf09bf7e247b4f3f93954b3bf07a14375c4d"
}