{
   "sha": "3137e6b6910babf168d2ec65a8dd8b0b1b693fbb",
   "source_x": "Elsevier",
   "title": "Cluster of necrotizing enterocolitis in a neonatal intensive care unit: New Mexico, 2007",
   "doi": "10.1016/j.ajic.2009.06.009",
   "pubmed_id": "19822381",
   "license": "els-covid",
   "abstract": "Background Although the cause of necrotizing enterocolitis (NEC) is unknown, infection control practices have been shown to play an important role in containing many outbreaks. We investigated the etiology of a cluster of NEC in a level 3 neonatal intensive care unit and monitored for new cases following the implementation of enhanced infection control measures. Methods Investigators performed a chart and laboratory review for neonates with a diagnosis of NEC during January 1, 2007, to February 13, 2007, to identify risk factors. Enhanced environmental cleaning, cohorting of infants and nurses, and increased attention to hand hygiene were instituted. Commercial feeding products in the unit were tested for bacterial contamination. Close monitoring for new cases continued for 2 months following the identification of the cluster. Results Eleven cases of NEC were identified during the study period. Patients had a median of 5 disease risk factors (range, 3-8). Four distinct pathogens were detected in blood or stool specimens from 4 different patients. One sample of human milk fortifier (HMF) tested contained a colony count of Bacillus cereus at the US Food and Drug Administration's upper microbiologic limit for contamination. Seven (65%) patients received HMF before symptom onset, and 9 (82%) patients received 1 or more types of liquid formula. Only 1 new case was identified during the period of close monitoring. Conclusion A microbiologic cause was not identified, and, although the cluster might have resolved spontaneously, enhanced infection control and changing batches of HMF might have played a role in controlling this outbreak.",
   "publish_time": "2010-03-31",
   "authors": [
      "Wendelboe, Aaron M.",
      "Smelser, Chad",
      "Lucero, Cynthia A.",
      "McDonald, L. Clifford"
   ],
   "journal": "American Journal of Infection Control",
   "has_full_text": "True",
   "full_text_file": "custom_license",
   "id": "https://doi.org/10.1016/j.ajic.2009.06.009",
   "fhir_link": [
      "PMC/Composition/3137e6b6910babf168d2ec65a8dd8b0b1b693fbb"
   ]
}