{
   "sha": "e3b1f0fbe72d7d8bd76bea7ed9f717b5ae1b4de9",
   "source_x": "Elsevier",
   "title": "Validity and reliability of the proposed core competency for infection control nurses of hospitals in Hong Kong",
   "doi": "10.1016/j.ajic.2010.06.019",
   "pubmed_id": "21074896",
   "license": "els-covid",
   "abstract": "Literature review and the Delphi approach were used to draft the core competency items of hospital infection control nurses in Hong Kong. Content validity, internal consistency, and test-retest reliability of the proposed core competency were ensured. The result serves as the foundation of developing training and assessment tools for infection control nurses in Hong Kong.",
   "publish_time": "2011-04-30",
   "authors": [
      "Chan, Wai Fong",
      "Adamson, Bob",
      "Chung, Joanne W.Y.",
      "Chow, Meyrick C.M."
   ],
   "journal": "American Journal of Infection Control",
   "has_full_text": "True",
   "full_text_file": "custom_license",
   "id": "https://doi.org/10.1016/j.ajic.2010.06.019",
   "fhir_link": [
      "PMC/Composition/e3b1f0fbe72d7d8bd76bea7ed9f717b5ae1b4de9"
   ]
}