{
   "sha": "9001b914a0f375d8c4a114e5f24469ffe732e8e2",
   "source_x": "Elsevier",
   "title": "Preventive Medicine for Some Economically Important Bovine Viral Diseases",
   "doi": "10.1016/S0196-9846(17)30136-2",
   "pubmed_id": "7344240",
   "license": "els-covid",
   "publish_time": "1981-11-30",
   "authors": [
      "Heuschele, Werner P."
   ],
   "journal": "Veterinary Clinics of North America: Large Animal Practice",
   "has_full_text": "True",
   "full_text_file": "custom_license",
   "id": "https://doi.org/10.1016/S0196-9846(17)30136-2",
   "fhir_link": [
      "PMC/Composition/9001b914a0f375d8c4a114e5f24469ffe732e8e2"
   ]
}