{
   "sha": "ceb20b553bb8bf847fc4b72d555836e7ccc4403d",
   "source_x": "Elsevier",
   "title": "Viral and bacterial coinfection among hospitalized children with respiratory tract infections",
   "doi": "10.1016/j.ajic.2020.01.013",
   "license": "els-covid",
   "abstract": "Background The epidemiology of Mycoplasma pneumoniae (MP) and local dominant etiologies of pathogens that cause respiratory tract infections (RTIs) among central China children (\u226414 years old) hospitalized are poorly understood. Methods A total of 10,429 specimens were analyzed, and IgM antibodies against 9 respiratory pathogens including MP were detected using indirect immunofluorescence assay from serum. Results It showed that 59.3% of the enrolled children were positive for at least 1 pathogen; highest detection rates included those between 3 and <6 years of age (70.4%), female (63.2%), and who were hospitalized in 2014 (80.9%). The most predominant pathogen was MP (45.6%), followed by Parainfluenza viruses (PIVs) (22.6%) and influenza B viruses (IFVB) (14.7%). Coinfection was observed in 2,907 specimens (27.9%); the coinfection combination containing MP and PIVs had the highest detection rate of 15%, followed by MP and IFVB as well as IFVB and PIVs. Conclusions MP was the most commonly detected bacteria among hospitalized children, which should be included in the differential diagnosis for hospitalized children with RTI. These findings will contribute to the effective prevention and therapeutic approaches of pathogens among local children suffering from RTI.",
   "publish_time": "2020-02-26",
   "authors": [
      "Liu, Junxiao",
      "Wang, Mengli",
      "Zhao, Zhihong",
      "Lin, Xiao",
      "Zhang, Pei",
      "Yue, Qingfen",
      "Zhang, Ting",
      "Meng, Yujuan"
   ],
   "journal": "American Journal of Infection Control",
   "has_full_text": "True",
   "full_text_file": "custom_license",
   "id": "https://doi.org/10.1016/j.ajic.2020.01.013",
   "fhir_link": [
      "PMC/Composition/ceb20b553bb8bf847fc4b72d555836e7ccc4403d"
   ]
}