{
   "sha": "342be6290ba0cd9fd3be17d1a1c3bb0d069185ce",
   "source_x": "Elsevier",
   "title": "Potential targets for anti-SARS drugs in the structural proteins from SARS related coronavirus",
   "doi": "10.1016/j.peptides.2004.03.002",
   "pubmed_id": "15203235",
   "license": "els-covid",
   "abstract": "Abstract This is a further study on the severe acute respiratory syndrome (SARS) using the probabilistic models. The purpose was to define the potential targets for anti-SARS drugs in the structural proteins from human SARS related coronavirus (SARS-CoV) while knowing little about the functional sites and possible mutations in these proteins. From a probabilistic viewpoint, we can theoretically select the amino acid pairs as potential candidates for anti-SARS drugs. These candidates have a greater chance of colliding with anti-SARS drugs, are more likely to link with the protein functions and are less vulnerable to mutations.",
   "publish_time": "2004-06-30",
   "authors": [
      "Wu, Guang",
      "Yan, Shaomin"
   ],
   "journal": "Peptides",
   "has_full_text": "True",
   "full_text_file": "custom_license",
   "id": "https://doi.org/10.1016/j.peptides.2004.03.002",
   "fhir_link": [
      "PMC/Composition/342be6290ba0cd9fd3be17d1a1c3bb0d069185ce"
   ]
}