{
   "sha": "49af320db4eb8944ad055eff7bbd30d0dd3094b7",
   "source_x": "PMC",
   "title": "A multiplex one-tube nested real time RT-PCR assay for simultaneous detection of respiratory syncytial virus, human rhinovirus and human metapneumovirus",
   "doi": "http://dx.doi.org/10.1186/s12985-018-1061-0",
   "pmcid": "PMC6208169",
   "pubmed_id": "30376870",
   "license": "CC BY",
   "abstract": "BACKGROUND: Respiratory syncytial virus (RSV), human Rhinovirus (HRV) and human Metapneumo Virus (HMPV) are important viral pathogens causing acute respiratory tract infections in the hospitalized patients. Sensitive and accurate detection of RSV, HRV and HMPV is necessary for clinical diagnosis and treatment. RESULTS: A locked nucleic acid (LNA)-based multiplex closed one-tube nested real-time RT-PCR (mOTNRT-PCR) assay was developed for simultaneous detection of RSV, HRV and HMPV. The sensitivity, specificity, reproducibility and clinical performance of mOTNRT-PCR were evaluated and compared with individual real time PCR (RT-qPCR) assay using clinical samples. The analytical sensitivity of mOTNRT-PCR assay was 5 copies/reaction for RSV, HRV and HMPV, respectively, and no cross-reaction with other common respiratory viruses was observed. The coefficients of variation (CV) of intra-assay and inter-assay were between 0.51 to 3.67%. Of 398 nasopharyngeal aspirates samples tested, 109 (27.39%), 150 (37.69%) and 44 (11.06%) were positive for RSV, HRV and HMPV, respectively, whereas 95 (23.87%), 137 (34.42%) and 38 (9.55%) were positive for RSV, HRV and HMPV, respectively, by individual RT-qPCR assay. Thirty three samples that were positive by mOTNRT-PCR but negative by RT-qPCR were confirmed as true positives by sequencing using reported traditional two-step nested PCR assay. CONCLUSION: mOTNRT-PCR assay reveals extremely higher sensitivity than that of RT-qPCR assay for detecting RSV, HRV and HMPV in clinical settings. ELECTRONIC SUPPLEMENTARY MATERIAL: The online version of this article (10.1186/s12985-018-1061-0) contains supplementary material, which is available to authorized users.",
   "publish_time": "2018 Oct 30",
   "authors": [
      "['Feng, Zhi-shan', 'Zhao, Li', 'Wang, Ji', 'Qiu, Fang-zhou', 'Zhao, Meng-chuan', 'Wang, Le', 'Duan, Su-xia', 'Zhang, Rui-qing', 'Chen, Chen', 'Qi, Ju-Ju', 'Fan, Tao', 'Li, Gui-xia', 'Ma, Xue-jun']"
   ],
   "journal": "Virol J",
   "has_full_text": "True",
   "id": "49af320db4eb8944ad055eff7bbd30d0dd3094b7",
   "fhir_link": "Commercial/Composition/49af320db4eb8944ad055eff7bbd30d0dd3094b7"
}