{
   "sha": "effe008c973c299113ffd163a6d6d02d4182756b",
   "source_x": "Elsevier",
   "title": "Importancia de la transmisi\u00f3n nosocomial en el s\u00edndrome respiratorio agudo grave y su prevenci\u00f3n",
   "doi": "10.1016/S0213-005X(04)73043-8",
   "pubmed_id": "14756992",
   "license": "els-covid",
   "publish_time": "2004-12-31",
   "authors": [
      "Vaqu\u00e9-Rafart, Josep",
      "Armadans-Gil, Llu\u00eds"
   ],
   "journal": "Enfermedades Infecciosas y Microbiolog\u00eda Cl\u00ednica",
   "has_full_text": "True",
   "full_text_file": "custom_license",
   "id": "https://doi.org/10.1016/S0213-005X(04)73043-8",
   "fhir_link": [
      "PMC/Composition/effe008c973c299113ffd163a6d6d02d4182756b"
   ]
}