{
   "sha": "2890249daa0601affd680a8aadee19b50ed2044d",
   "source_x": "PMC",
   "title": "Kinome-Wide siRNA Screening Identifies Src-Enhanced Resistance of Chemotherapeutic Drugs in Triple-Negative Breast Cancer Cells",
   "doi": "http://dx.doi.org/10.3389/fphar.2018.01285",
   "pmcid": "PMC6238227",
   "pubmed_id": "30473665",
   "license": "CC BY",
   "abstract": "Background: Chemotherapy is the main treatment for triple-negative breast cancer (TNBC), which lack molecular markers for diagnosis and therapy. Cancer cells activate chemoresistant pathways and lead to therapeutic failure for patients with TNBC. Several kinases have been identified as chemoresistant genes. However, the involvement of kinases in the chemoresistance in TNBC cells is not fully understood. Methods: We employed a kinome siRNA library to screen whether targeting any kinases could increase the chemosensitivity of TNBC cell lines. The effects of kinase on cell viability in various breast cancer cells were validated with ATP level and colony formation. Protein expression and phosphorylation were determined by immunoblotting. The Cancer Genome Atlas (TCGA) dataset was collected to analyze the correlation of Src expression with prognosis of TNBC patients. Results: Primary screening and validation for the initial hits showed that Src kinase was a potential doxorubicin-resistant kinase in the TNBC cell lines MDA-MB-231 and Hs578T. Both siRNA against Src and the Src inhibitor dasatinib enhanced the cytotoxic effects of doxorubicin in TNBC cells. Moreover, phosphorylation of AKT and signal transducer and activator of transcription 3 (STAT3), downstream effectors of Src, were accordingly decreased in Src-silenced or -inhibited TNBC cells. Additionally, TCGA data analysis indicated that Src expression levels in tumor tissues were higher than those in tumor-adjacent normal tissues in patients with TNBC. High co-expression level of Src and STAT3 was also significantly correlated with poor prognosis in patients. Conclusion: Our results showed that Src-STAT3 axis might be involved in chemoresistance of TNBC cells.",
   "publish_time": "2018 Nov 9",
   "authors": [
      "['Tzeng, Yen-Dun Tony', 'Liu, Pei-Feng', 'Li, Ju-Yueh', 'Liu, Li-Feng', 'Kuo, Soong-Yu', 'Hsieh, Chiao-Wei', 'Lee, Cheng-Hsin', 'Wu, Chih-Hsuan', 'Hsiao, Michael', 'Chang, Hong-Tai', 'Shu, Chih-Wen']"
   ],
   "journal": "Front Pharmacol",
   "has_full_text": "True",
   "id": "2890249daa0601affd680a8aadee19b50ed2044d",
   "fhir_link": "Commercial/Composition/2890249daa0601affd680a8aadee19b50ed2044d"
}