{
   "sha": "fbb6f2b684fca878de22dc0a61968b640825b20e",
   "source_x": "Elsevier",
   "title": "Controverse : pour ou contre la PCR multiplexe dans les infections respiratoires",
   "doi": "10.1016/j.revmed.2018.10.001",
   "license": "els-covid",
   "publish_time": "2018-12-31",
   "journal": "La Revue de M\u00e9decine Interne",
   "has_full_text": "True",
   "full_text_file": "custom_license",
   "id": "https://doi.org/10.1016/j.revmed.2018.10.001",
   "fhir_link": [
      "PMC/Composition/fbb6f2b684fca878de22dc0a61968b640825b20e"
   ]
}