{
   "sha": "94cad8eb2f7ef7b18edd43115de077da98425871",
   "source_x": "PMC",
   "title": "ISG15, a Small Molecule with Huge Implications: Regulation of Mitochondrial Homeostasis",
   "doi": "http://dx.doi.org/10.3390/v10110629",
   "pmcid": "PMC6265978",
   "pubmed_id": "30428561",
   "license": "CC BY",
   "abstract": "Viruses are responsible for the majority of infectious diseases, from the common cold to HIV/AIDS or hemorrhagic fevers, the latter with devastating effects on the human population. Accordingly, the development of efficient antiviral therapies is a major goal and a challenge for the scientific community, as we are still far from understanding the molecular mechanisms that operate after virus infection. Interferon-stimulated gene 15 (ISG15) plays an important antiviral role during viral infection. ISG15 catalyzes a ubiquitin-like post-translational modification termed ISGylation, involving the conjugation of ISG15 molecules to de novo synthesized viral or cellular proteins, which regulates their stability and function. Numerous biomedically relevant viruses are targets of ISG15, as well as proteins involved in antiviral immunity. Beyond their role as cellular powerhouses, mitochondria are multifunctional organelles that act as signaling hubs in antiviral responses. In this review, we give an overview of the biological consequences of ISGylation for virus infection and host defense. We also compare several published proteomic studies to identify and classify potential mitochondrial ISGylation targets. Finally, based on our recent observations, we discuss the essential functions of mitochondria in the antiviral response and examine the role of ISG15 in the regulation of mitochondrial processes, specifically OXPHOS and mitophagy.",
   "publish_time": "2018 Nov 13",
   "authors": [
      "['Albert, Manuel', 'B\u00e9cares, Martina', 'Falqui, Michela', 'Fern\u00e1ndez-Lozano, Carlos', 'Guerra, Susana']"
   ],
   "journal": "Viruses",
   "has_full_text": "True",
   "id": "94cad8eb2f7ef7b18edd43115de077da98425871",
   "fhir_link": "Commercial/Composition/94cad8eb2f7ef7b18edd43115de077da98425871"
}