{
   "sha": "3ebbe746b0f09acf2bef30ee83a8fb7bb9cdc537",
   "source_x": "PMC",
   "title": "Artificial MicroRNA-Mediated Inhibition of Japanese Encephalitis Virus Replication in Neuronal Cells",
   "doi": "http://dx.doi.org/10.1089/nat.2018.0743",
   "pmcid": "PMC6277082",
   "pubmed_id": "30457923",
   "license": "CC BY",
   "abstract": "Artificial microRNA (amiRNA)-mediated inhibition of viral replication has recently gained importance as a strategy for antiviral therapy. In this study, we evaluated the benefit of using the amiRNA vector against Japanese encephalitis virus (JEV). We designed three single amiRNA sequences against the consensus sequence of 3\u2032 untranslated region (3\u2032UTR) of JEV and tested their efficacy against cell culture-grown JEV Vellore strain (P20778) in neuronal cells. The binding ability of three amiRNAs on 3\u2032UTR region was tested in vitro in HEK293T cells using a JEV 3\u2032UTR tagged with luciferase reporter vector. Transient transfection of amiRNAs was nontoxic to cells as evident from the MTT assay and caused minimal induction in interferon-stimulated gene expression. Furthermore, our result suggested that transient expression of two amiRNAs (amiRNA #1 and amiRNA #2) significantly reduced intracellular viral RNA and nonstructural 1 (NS1) protein, as well as diminished infectious viral particle release up to 95% in the culture supernatant as evident from viral plaque reduction assay. Overall, our results indicated that RNA interference based on amiRNAs targeting viral conserved regions at 3\u2032UTR was a useful approach for improvements of nucleic acid inhibitors against JEV.",
   "publish_time": "2018 Dec 1",
   "authors": [
      "['Sharma, Himani', 'Tripathi, Aarti', 'Kumari, Bharti', 'Vrati, Sudhanshu', 'Banerjee, Arup']"
   ],
   "journal": "Nucleic Acid Ther",
   "has_full_text": "True",
   "id": "3ebbe746b0f09acf2bef30ee83a8fb7bb9cdc537",
   "fhir_link": "Commercial/Composition/3ebbe746b0f09acf2bef30ee83a8fb7bb9cdc537.json"
}