{
   "sha": "2ef7ce66fc8445aa7bfabc121193e2ae0091fecb",
   "source_x": "CZI",
   "title": "2019-nCoV: Polite with children!",
   "doi": "10.4081/pr.2020.8495",
   "license": "cc-by-nc",
   "abstract": "A novel epidemic is challenging the global health care system. Starting from probably November to December 2019, another Coronavirus entered the arena of human pathogens, to be then defined 2019- nCoV [...].",
   "publish_time": "2020",
   "authors": [
      "Aric\u00f2, D\u00e9sir\u00e9e Caselli",
      "Maurizio"
   ],
   "journal": "Pediatric Reports. 2020;12(1)",
   "Microsoft Academic Paper ID": "3006451293",
   "WHO #Covidence": "#700",
   "has_full_text": "True",
   "id": "2ef7ce66fc8445aa7bfabc121193e2ae0091fecb",
   "fhir_link": "Non-comercial/Composition/2ef7ce66fc8445aa7bfabc121193e2ae0091fecb"
}