{
   "sha": "57a851ef4ef9c13bc326a9c0e57bd24690694e06",
   "source_x": "Elsevier",
   "title": "Immunogenicity, safety, and protective efficacy of an inactivated SARS-associated coronavirus vaccine in rhesus monkeys",
   "doi": "10.1016/j.vaccine.2004.11.075",
   "pubmed_id": "15837221",
   "license": "els-covid",
   "abstract": "Abstract An inactivated vaccine for severe acute respiratory syndrome (SARS)-associated coronavirus (SARS-CoV) was evaluated in rhesus monkeys. The monkeys were inoculated intramuscularly (i.m.) with 0.5, 5, 50, or 5000\u03bcg of vaccine, or PBS as control, and boosted on day 7. After 3 weeks, they were challenged with the NS-1 strain of SARS-CoV. The humoral and mucosal immune responses, clinical signs, chemical indices and viremia were monitored following the immunization and challenge. The control animals who received PBS developed atypical SAR-CoV infection after viral challenge, according to clinical, virological and pathological findings. No systematic side effects were observed in vaccinated animals post-immunization, even in at the high dose of 5000\u03bcg. The 50\u03bcg dosage of vaccine elicited SARS-CoV specific immune responses against viral infection as compared to the partial immunity elicited by 0.5 and 5\u03bcg doses. The results show that this inactivated vaccine can induce effective concomitant humoral and mucosal immunity against SARS-CoV infection, is safe in monkeys, and the vaccine maybe a good candidate for clinical trials.",
   "publish_time": "2005-05-02",
   "authors": [
      "Zhou, Jun",
      "Wang, Wei",
      "Zhong, Qiong",
      "Hou, Wei",
      "Yang, Zhanqiu",
      "Xiao, Shu-Yuan",
      "Zhu, Runqing",
      "Tang, Zhijiao",
      "Wang, Yong",
      "Xian, Qiaoyang",
      "Tang, Hongbing",
      "Wen, Li"
   ],
   "journal": "Vaccine",
   "has_full_text": "True",
   "full_text_file": "custom_license",
   "id": "https://doi.org/10.1016/j.vaccine.2004.11.075",
   "fhir_link": [
      "PMC/Composition/57a851ef4ef9c13bc326a9c0e57bd24690694e06"
   ]
}