{
   "sha": "2b07d72452c0881c2e56963816cff76069cb1c7c",
   "source_x": "Elsevier",
   "title": "A vector expressing feline mature IL-18 fused to IL-1\u03b2 antagonist protein signal sequence is an effective adjuvant to a DNA vaccine for feline leukaemia virus",
   "doi": "10.1016/j.vaccine.2005.02.026",
   "pubmed_id": "15893619",
   "license": "els-covid",
   "abstract": "Abstract DNA vaccination using vectors expressing the gag/pol and env genes of feline leukaemia virus (FeLV) and plasmids encoding feline interleukin-12 (IL-12) and IL-18 completely protected cats from viraemia following challenge [Hanlon L, Argyle D, Bain D, Nicolson L, Dunham S, Golder MC, et al. Feline leukaemia virus DNA vaccine efficacy is enhanced by coadministration with interleukin-12 (IL-12) and IL-18 expression vectors. J Virol 2001;75:8424\u201333]. However, the relative contribution of each cytokine gene towards protection is unknown. This study aimed to resolve this issue. IL-12 and IL-18 constructs were modified to ensure effective expression, and bioactivity was demonstrated using specific assays. Kittens were immunised intramuscularly with FeLV DNA and various cytokine constructs. Together with control kittens, these were challenged oronasally with FeLV and monitored for 15 weeks. All six kittens given FeLV, IL-12 and IL-18 were protected from the establishment of persistent viraemia and four from latent infection. Of six kittens immunised with FeLV DNA and IL-18, all were protected from viraemia and five from latent infection. In contrast, three of five kittens given FeLV DNA and IL-12 became persistently viraemic. Therefore, the adjuvant effect on the FeLV DNA vaccine appears to reside in the expression of IL-18.",
   "publish_time": "2005-05-31",
   "authors": [
      "O\u2019Donovan, Lucy H.",
      "McMonagle, Elizabeth L.",
      "Taylor, Samantha",
      "Bain, Derek",
      "Pacitti, Angela M.",
      "Golder, Mathew C.",
      "McDonald, Michael",
      "Hanlon, Linda",
      "Onions, David E.",
      "Argyle, David J.",
      "Jarrett, Oswald",
      "Nicolson, Lesley"
   ],
   "journal": "Vaccine",
   "has_full_text": "True",
   "full_text_file": "custom_license",
   "id": "https://doi.org/10.1016/j.vaccine.2005.02.026",
   "fhir_link": [
      "PMC/Composition/2b07d72452c0881c2e56963816cff76069cb1c7c"
   ]
}