{
   "sha": "533809638564f3d5ce4a13acd1ec0eaadf5bd05d",
   "source_x": "PMC",
   "title": "Self-contamination during doffing of personal protective equipment by healthcare workers to prevent Ebola transmission",
   "doi": "http://dx.doi.org/10.1186/s13756-018-0433-y",
   "pmcid": "PMC6303998",
   "pubmed_id": "30607244",
   "license": "CC BY",
   "abstract": "BACKGROUND: Healthcare workers (HCWs) use personal protective equipment (PPE) in Ebola virus disease (EVD) situations. However, preventing the contamination of HCWs and the environment during PPE removal crucially requires improved strategies. This study aimed to compare the efficacy of three PPE ensembles, namely, Hospital Authority (HA) Standard Ebola PPE set (PPE1), Dupont Tyvek Model, style 1422A (PPE2), and HA isolation gown for routine patient care and performing aerosol-generating procedures (PPE3) to prevent EVD transmission by measuring the degree of contamination of HCWs and the environment. METHODS: A total of 59 participants randomly performed PPE donning and doffing. The trial consisted of PPE donning, applying fluorescent solution on the PPE surface, PPE doffing of participants, and estimation of the degree of contamination as indicated by the number of fluorescent stains on the working clothes and environment. Protocol deviations during PPE donning and doffing were monitored. RESULTS: PPE2 and PPE3 presented higher contamination risks than PPE1. Environmental contaminations such as those originating from rubbish bin covers, chairs, faucets, and sinks were detected. Procedure deviations were observed during PPE donning and doffing, with PPE1 presenting the lowest overall deviation rate (%) among the three PPE ensembles (p\u2009<\u00a00.05). CONCLUSION: Contamination of the subjects\u2019 working clothes and surrounding environment occurred frequently during PPE doffing. Procedure deviations were observed during PPE donning and doffing. Although PPE1 presented a lower contamination risk than PPE2 and PPE3 during doffing and protocol deviations, the design of PPE1 can still be further improved. Future directions should focus on designing a high-coverage-area PPE with simple ergonomic features and on evaluating the doffing procedure to minimise the risk of recontamination. Regular training for users should be emphasised to minimise protocol deviations, and in turn, guarantee the best protection to HCWs. ELECTRONIC SUPPLEMENTARY MATERIAL: The online version of this article (10.1186/s13756-018-0433-y) contains supplementary material, which is available to authorized users.",
   "publish_time": "2018 Dec 22",
   "authors": [
      "['Suen, Lorna K. P.', 'Guo, Yue Ping', 'Tong, Danny W. K.', 'Leung, Polly H. M.', 'Lung, David', 'Ng, Mandy S. P.', 'Lai, Timothy K. H.', 'Lo, Kiki Y. K.', 'Au-Yeung, Cypher H.', 'Yu, Winnie']"
   ],
   "journal": "Antimicrob Resist Infect Control",
   "has_full_text": "True",
   "id": "533809638564f3d5ce4a13acd1ec0eaadf5bd05d",
   "fhir_link": "Commercial/533809638564f3d5ce4a13acd1ec0eaadf5bd05d"
}