{
   "sha": "91ffeae61ed0981effb5f833295322144f620af4",
   "source_x": "Elsevier",
   "title": "l-Arginine stimulates intestinal intraepithelial lymphocyte functions and immune response in chickens orally immunized with live intermediate plus strain of infectious bursal disease vaccine",
   "doi": "10.1016/j.vaccine.2006.03.086",
   "pubmed_id": "16723175",
   "license": "els-covid",
   "abstract": "Abstract Infectious bursal disease (IBD) continues to pose potential threat to poultry industry all over the world. The disease can spell disaster not only through its infection but also by break of immunity in chickens vaccinated for other diseases. l-Arginine, a ubiquitous, semi-essential amino acid has emerged as an imunostimulant from variety of human and animal studies. In the present study, we demonstrate the stimulatory effects of l-arginine on intestinal intraepithelial lymphocyte (iIELs) functions as well as on systemic immune response in chickens orally vaccinated with live intermediate plus (IP) strain of IBD vaccine. Challenge studies with virulent IBDV revealed complete (100%) protection in IP+ l-arginine group compared with 80% protection recorded in IP strain vaccinated chickens. Functional activities of iIELs evaluated by cytotoxicity assay demonstrated significantly high percentage cytotoxicity in IP+ l-arginine groups compared with IP group (P <0.05). Proliferative response of iIELs against IBDV antigen and Con-A was also significantly higher in IP+ l-arginine group. Similar results were obtained with peripheral blood mononuclear cell blastogenic response to IBDV and Con-A analyzed as an indicator of systemic cell-mediated immune response. Orally administered IP strain vaccine elicited good antibody titres in both the groups, IP and IP+ l-arginine, however, the antibody titres were significantly higher in IP+ l-arginine group compared with IP vaccinated group (P <0.05). These results clearly demonstrate that l-arginine stimulates intestinal and systemic immune response against IBDV.",
   "publish_time": "2006-06-29",
   "authors": [
      "Tayade, Chandrakant",
      "Koti, Madhuri",
      "Mishra, S.C."
   ],
   "journal": "Vaccine",
   "has_full_text": "True",
   "full_text_file": "custom_license",
   "id": "https://doi.org/10.1016/j.vaccine.2006.03.086",
   "fhir_link": [
      "PMC/Composition/91ffeae61ed0981effb5f833295322144f620af4"
   ]
}