{
   "sha": "fb080f850b4fb6c67d192394ad477d7b77c9270a",
   "source_x": "Elsevier",
   "title": "Recombinant vesicular stomatitis virus-based west Nile vaccine elicits strong humoral and cellular immune responses and protects mice against lethal challenge with the virulent west Nile virus strain LSU-AR01",
   "doi": "10.1016/j.vaccine.2008.11.087",
   "pubmed_id": "19070640",
   "license": "els-covid",
   "abstract": "Abstract Vesicular stomatitis virus (VSV) has been extensively utilized as a viral vector system for the induction of protective immune responses against a variety of pathogens. We constructed recombinant VSVs specifying either the Indiana or Chandipura virus G glycoprotein and expressing the West Nile virus (WNV) envelope (E) glycoprotein. Mice were intranasally vaccinated using a prime (Indiana)-boost (Chandipura) immunization approach and challenged with the virulent WNV-LSU-AR01. Ninety-percent (9 of 10) of the vaccinated mice survived as compared to 10% of the mock-vaccinated mice after WNV lethal challenge. Histopathological examination of brain tissues revealed neuronal necrosis in mock-vaccinated mice but not in vaccinated mice, and vaccinated, but not mock-vaccinated mice developed a strong neutralizing antibody response against WNV. Extensive immunological analysis using polychromatic flow cytometry staining revealed that vaccinated, but not mock-vaccinated mice developed robust cellular immune responses as evidenced by up-regulation of CD4+ CD154+ IFN\u03b3+ T cells in vaccinated, but not mock-vaccinated mice. Similarly, vaccinated mice developed robust E-glycoprotein-specific CD8+ T cell immune responses as evidenced by the presence of a high percentage of CD8+ CD62Llow IFN\u03b3+ cells. In addition, a sizeable population of CD8+ CD69+ cells was detected indicating E-specific activation of mature T cells and CD4+ CD25+ CD127low T regulatory (T reg) cells were down-regulated. These results suggest that VSV-vectored vaccines administered intranasally can efficiently induce protective humoral and cellular immune responses against WNV infections.",
   "publish_time": "2009-02-05",
   "authors": [
      "Iyer, Arun V.",
      "Pahar, Bapi",
      "Boudreaux, Marc J.",
      "Wakamatsu, Nobuko",
      "Roy, Alma F.",
      "Chouljenko, Vladimir N.",
      "Baghian, Abolghasem",
      "Apetrei, Cristian",
      "Marx, Preston A.",
      "Kousoulas, Konstantin G."
   ],
   "journal": "Vaccine",
   "has_full_text": "True",
   "full_text_file": "custom_license",
   "id": "https://doi.org/10.1016/j.vaccine.2008.11.087",
   "fhir_link": [
      "PMC/Composition/fb080f850b4fb6c67d192394ad477d7b77c9270a"
   ]
}