{
   "sha": "51d3450393a2a698cfe8ae3e94cb9d8f556e43ff",
   "source_x": "PMC",
   "title": "Rapid interferon independent expression of IFITM3 following T cell activation protects cells from influenza virus infection",
   "doi": "http://dx.doi.org/10.1371/journal.pone.0210132",
   "pmcid": "PMC6334895",
   "pubmed_id": "30650117",
   "license": "CC BY",
   "abstract": "Interferon-induced transmembrane protein 3 (IFITM3) is a potent antiviral protein that enhances cellular resistance to a variety of pathogens, including influenza virus. Classically defined as an interferon-stimulated gene, expression of IFITM3 on cells is rapidly up-regulated in response to type I and II interferon. Here we found that IFITM3 is rapidly up-regulated by T cells following their activation and this occurred independently of type I and II interferon and the interferon regulatory factors 3 and 7. Up-regulation of IFITM3 on effector T cells protected these cells from virus infection and imparted a survival advantage at sites of virus infection. Our results show that IFITM3 expression on effector T cells is crucial for these cells to mediate their effector function and highlights an interferon independent pathway for the induction of IFITM3 which, if targeted, could be an effective approach to harness the activity of IFITM3 for infection prevention.",
   "publish_time": "2019 Jan 16",
   "authors": [
      "['Bedford, James G.', 'O\u2019Keeffe, Meredith', 'Reading, Patrick C.', 'Wakim, Linda M.']"
   ],
   "journal": "PLoS One",
   "has_full_text": "True",
   "id": "51d3450393a2a698cfe8ae3e94cb9d8f556e43ff",
   "fhir_link": "Commercial/Composition/51d3450393a2a698cfe8ae3e94cb9d8f556e43ff.json"
}