{
   "sha": "6d2f0e8c7dd69338395c49a3e3aab7c4239766c2",
   "source_x": "PMC",
   "title": "A Novel Supplementation Approach to Enhance Host Response to Sublingual Vaccination",
   "doi": "http://dx.doi.org/10.1038/s41598-018-36370-8",
   "pmcid": "PMC6346055",
   "pubmed_id": "30679470",
   "license": "CC BY",
   "abstract": "Sublingual immunization is emerging as an alternative to nasal immunization and induction of mucosal IgA responses. Using Bacillus anthracis edema toxin (EdTx) as an adjuvant, we previously showed that innate responses triggered after sublingual immunization could limit generation of IgA responses. We tested whether co-administration of a neutrophil elastase inhibitor (NEI) could rescue the ability of EdTx to induce broad antibody responses, including mucosal IgA. NEI supplementation of sublingual vaccines containing EdTx promoted antigen-specific serum IgA responses but also enhanced serum IgG1, and IgG2b responses. This enhancing effect of NEI did not extend to all antibody isotypes and IgG sublclasses, since NEI\u00a0 reduced serum IgE responses and did not affect IgG2a/c and IgG3 responses. NEI supplementation\u00a0also promoted anti-Bacillus anthracis protective antigen (PA) neutralizing antibodies and enhanced high affinity IgG1 and IgA antibodies. In addition to serum IgA, NEI supplementation stimulated antigen-specific mucosal IgA responses in the GI tract, and enhanced antigen-specific IgG responses in vaginal washes. Analysis of CD4(+) T helper cell responses revealed that co-administration of NEI broadened the profile of cytokine responses, by stimulating Th1, Th2, Th17, and Tfh cytokines. We also noted that NEI had a higher stimulatory effect on IL-5, IL-10, IL-17 responses.",
   "publish_time": "2019 Jan 24",
   "authors": [
      "['Rowe, John C.', 'Attia, Zayed', 'Kim, Eunsoo', 'Cormet-Boyaka, Estelle', 'Boyaka, Prosper N.']"
   ],
   "journal": "Sci Rep",
   "has_full_text": "True",
   "id": "6d2f0e8c7dd69338395c49a3e3aab7c4239766c2",
   "fhir_link": "Commercial/Composition/6d2f0e8c7dd69338395c49a3e3aab7c4239766c2"
}