{
   "sha": "84c977e07f895215385e49ed5791d1d39eb71589",
   "source_x": "Elsevier",
   "title": "Current concepts in the prevention of pathogen transmission via blood/plasma-derived products for bleeding disorders",
   "doi": "10.1016/j.blre.2015.07.004",
   "pubmed_id": "26381318",
   "license": "els-covid",
   "abstract": "Abstract The pathogen safety of blood/plasma-derived products has historically been a subject of significant concern to the medical community. Measures such as donor selection and blood screening have contributed to increase the safety of these products, but pathogen transmission does still occur. Reasons for this include lack of sensitivity/specificity of current screening methods, lack of reliable screening tests for some pathogens (e.g. prions) and the fact that many potentially harmful infectious agents are not routinely screened for. Methods for the purification/inactivation of blood/plasma-derived products have been developed in order to further reduce the residual risk, but low concentrations of pathogens do not necessarily imply a low level of risk for the patient and so the overall challenge of minimising risk remains. This review aims to discuss the variable level of pathogenic risk and describes the current screening methods used to prevent/detect the presence of pathogens in blood/plasma-derived products.",
   "publish_time": "2016-01-31",
   "authors": [
      "Di Minno, Giovanni",
      "Perno, Carlo Federico",
      "Tiede, Andreas",
      "Navarro, David",
      "Canaro, Mariana",
      "G\u00fcertler, Lutz",
      "Ironside, James W."
   ],
   "journal": "Blood Reviews",
   "has_full_text": "True",
   "full_text_file": "custom_license",
   "id": "https://doi.org/10.1016/j.blre.2015.07.004",
   "fhir_link": [
      "PMC/Composition/84c977e07f895215385e49ed5791d1d39eb71589"
   ]
}