{
   "sha": "b419ea900da16b40a8ae3316c9828371607c3c4f",
   "source_x": "Elsevier",
   "title": "Maternal anxiety and feelings of control during labour: A study of Chinese first-time pregnant women",
   "doi": "10.1016/j.midw.2006.05.001",
   "pubmed_id": "17055624",
   "license": "els-covid",
   "abstract": "Abstract Objective to explore and examine the relationship between maternal anxiety levels and feelings of control during labour among Hong Kong Chinese first-time pregnant women. Design an exploratory descriptive correlation design. Data were collected on three occasions: during latent phase of labour, during active phase of labour and within 24\u201348 hrs after delivery. Setting an obstetric unit of a public teaching hospital in Hong Kong. Participants a convenience sample of 90 Hong Kong Chinese first-time mothers. Measurements and findings the Labour Agentry Scale (LAS) is a self-report scale designed to measure feelings of control during childbirth. A Visual Analogue Scale for anxiety (VAS-A) was used to measure women's self-reported level of anxiety during labour. Pearson Product Moment Correlation coefficient test indicated a significant negative relationship between the feelings of control and maternal anxiety during labour. No statistical relationships were detected between women's attendance at antenatal classes and feelings of control during labour. Key conclusions the study showed a significant negative relationship between maternal anxiety and feelings of control during labour. Implications for practice midwives should work with women to enhance their personal control during labour and satisfaction with their birth. The insignificant relationship between attendance at antenatal classes and feelings of control suggests the need to evaluate the content of childbirth education in order to empower women's control during labour.",
   "publish_time": "2007-06-30",
   "authors": [
      "Cheung, Wing",
      "Ip, Wan-Yim",
      "Chan, Dominic"
   ],
   "journal": "Midwifery",
   "has_full_text": "True",
   "full_text_file": "custom_license",
   "id": "https://doi.org/10.1016/j.midw.2006.05.001",
   "fhir_link": [
      "PMC/Composition/b419ea900da16b40a8ae3316c9828371607c3c4f"
   ]
}