{
   "sha": "89abb573b10d9a38b4724a0d38d91dfa6e162657",
   "source_x": "PMC",
   "title": "Alignment-free similarity analysis for protein sequences based on fuzzy integral",
   "doi": "http://dx.doi.org/10.1038/s41598-019-39477-8",
   "pmcid": "PMC6391537",
   "pubmed_id": "30808983",
   "license": "CC BY",
   "abstract": "Sequence comparison is an essential part of modern molecular biology research. In this study, we estimated the parameters of Markov chain by considering the frequencies of occurrence of the all possible amino acid pairs from each alignment-free protein sequence. These estimated Markov chain parameters were used to calculate similarity between two protein sequences based on a fuzzy integral algorithm. For validation, our result was compared with both alignment-based (ClustalW) and alignment-free methods on six benchmark datasets. The results indicate that our developed algorithm has a better clustering performance for protein sequence comparison.",
   "publish_time": "2019 Feb 26",
   "authors": [
      "['Saw, Ajay Kumar', 'Tripathy, Binod Chandra', 'Nandi, Soumyadeep']"
   ],
   "journal": "Sci Rep",
   "has_full_text": "True",
   "id": "89abb573b10d9a38b4724a0d38d91dfa6e162657",
   "fhir_link": "Commercial/Composition/89abb573b10d9a38b4724a0d38d91dfa6e162657.json"
}