{
   "source_x": "CZI",
   "title": "Clinical and epidemiological characteristics of 34 children with 2019 novel coronavirus infection in Shenzhen",
   "doi": "10.3760/cma.j.issn.0578-1310.2020.0008",
   "pubmed_id": "32062875",
   "abstract": "Objective: To describe the characteristics of clinical manifestations and epidemiology of children with 2019 novel coronavirus (2019-nCoV) infection. Methods: All 34 children with laboratory-confirmed 2019-nCoV infection by quantitative real-time reverse transcription-PCR through nasopharyngeal swab specimens were admitted to the Third People's Hospital of Shenzhen from January 19 to Febuary 7, 2020. Clinical data and epidemiological history of these patients were retrospectively collected and analyzed. Results: Among the 34 cases, 14 were males, and 20 were females. The median age was 8 years and 11 months. No patients had underlying diseases. There were 28 children (82%) related with a family cluster outbreak. There were 26 children (76%) with a travel or residence history in Hubei Province. These patients could be categorized into different clinical types, including 22 (65%) common cases, 9 (26%) mild cases and 3 (8.8%) asymptomatic cases. No severe or critical cases were identified. The most common symptoms were fever (17 cases, 50%) and cough (13 cases, 38% ). In the 34 cases, the white blood cell counts of 28 cases (82%) were normal. Five cases had white blood cell counts more than 10\u00d710(9)/L. One case had white blood cell counts less than 4\u00d710(9)/L. Neutropenia and lymphopenia was found in one case, respectively. C-reactive protein levels and erythrocyte sedimentation rates were elevated in 1 and 5 case, respectively. Elevated procalcitonin was found in 1 case and D-Dimer in 3 cases. The levels of lactic dehydrogenase (LDH) were more than 400 U/L in 10 cases. The CT images of these patients showed bilateral multiple patchy or nodular ground-glass opacities and/or infiltrating shadows in middle and outer zone of the lung or under the pleura. Twenty patients were treated with lopinavir and ritonavir. Glucocorticoids and immunoglobulin were not used in any cases. All the cases improved and were discharged from hospital. Further following up was need. Conclusions: The clinical manifestations in children with 2019-nCoV infection are non-specific and are milder than that in adults. Chest CT scanning is heplful for early diagnosis. Children's infection is mainly caused by family cluster outbreak and imported cases. Family daily prevention is the main way to prevent 2019-nCoV infection.",
   "publish_time": "2020",
   "authors": [
      "Wang, X. F.",
      "Yuan, J.",
      "Zheng, Y. J.",
      "Chen, J.",
      "Bao, Y. M.",
      "Wang, Y. R.",
      "Wang, L. F.",
      "Li, H.",
      "Zeng, J. X.",
      "Zhang, Y. H.",
      "Liu, Y. X.",
      "Liu, L."
   ],
   "journal": "Zhonghua Er Ke Za Zhi",
   "Microsoft Academic Paper ID": "3002108456",
   "WHO #Covidence": "#1004",
   "id": "https://www.ncbi.nlm.nih.gov/pubmed/32062875"
}