{
   "sha": "400c89f4fbfc771d3e99ddba5769f14025182608",
   "source_x": "Elsevier",
   "title": "Sites for health rights: Local, national, regional and global",
   "doi": "10.1016/j.socscimed.2011.09.038",
   "pubmed_id": "22137735",
   "license": "els-covid",
   "publish_time": "2012-01-31",
   "authors": [
      "Stuttaford, Maria",
      "Harrington, John",
      "Lewando-Hundt, Gillian"
   ],
   "journal": "Social Science & Medicine",
   "has_full_text": "True",
   "full_text_file": "custom_license",
   "id": "https://doi.org/10.1016/j.socscimed.2011.09.038",
   "fhir_link": [
      "PMC/Composition/400c89f4fbfc771d3e99ddba5769f14025182608"
   ]
}