{
   "sha": "615c4a00d39f88f880ce3677ed76771c499ff652",
   "source_x": "PMC",
   "title": "Diagnostic tests for Crimean-Congo haemorrhagic fever: a widespread tickborne disease",
   "doi": "http://dx.doi.org/10.1136/bmjgh-2018-001114",
   "pmcid": "PMC6407549",
   "pubmed_id": "30899574",
   "license": "CC BY",
   "abstract": "Crimean-Congo haemorrhagic fever (CCHF) is a widespread tickborne disease that circulates in wild and domestic animal hosts, and causes severe and often fatal haemorrhagic fever in infected humans. Due to the lack of treatment options or vaccines, and a high fatality rate, CCHF virus (CCHFV) is considered a high-priority pathogen according to the WHO R&D Blueprint. Several commercial reverse transcriptase PCR (RT-PCR) and serological diagnostic assays for CCHFV are already available, including febrile agent panels to distinguish CCHFV from other viral haemorrhagic fever agents; however, the majority of international laboratories use inhouse assays. As CCHFV has numerous amplifying animal hosts, a cross-sectoral \u2018One Health\u2019 approach to outbreak prevention is recommended to enhance notifications and enable early warning for genetic and epidemiological shifts in the human, animal and tick populations. However, a lack of guidance for surveillance in animals, harmonisation of case identification and validated serodiagnostic kits for animal testing hinders efforts to strengthen surveillance systems. Additionally, as RT-PCR tests tend to be lineage-specific for regional circulating strains, there is a need for pan-lineage sensitive diagnostics. Adaptation of existing tests to point-of-care molecular diagnostic platforms that can be implemented in clinic or field-based settings would be of value given the potential for CCHFV outbreaks in remote or low-resource areas. Finally, improved access to clinical specimens for validation of diagnostics would help to accelerate development of new tests. These gaps should be addressed by updated target product profiles for CCHFV diagnostics.",
   "publish_time": "2019 Feb 20",
   "authors": [
      "['Mazzola, Laura T', 'Kelly-Cirino, Cassandra']"
   ],
   "journal": "BMJ Glob Health",
   "has_full_text": "True",
   "id": "615c4a00d39f88f880ce3677ed76771c499ff652",
   "fhir_link": "Commercial/Composition/615c4a00d39f88f880ce3677ed76771c499ff652.json"
}