{
   "sha": "55930dd8e96ee14eb6e5500fcaa4562cfb42fd41",
   "source_x": "Elsevier",
   "title": "Management learning from air purifier tests in hotels: Experiment and action research",
   "doi": "10.1016/j.ijhm.2014.10.007",
   "license": "els-covid",
   "abstract": "Abstract Recently, indoor air quality (IAQ) has become an important issue as it affects people's comfort and health. To mitigate the problem, application of some innovative air filtering devices has been generally recognized as one of the effective ways. This study adopted an action research-dominated approach to test whether the indoor air quality in the tested hotel rooms meets the recognized standard, and measure the pollutant removal efficiency of three types of air purifiers. Focus group discussion was carried out to ascertain the difference in hotel managers\u2019 understanding of indoor air quality research before the experiment and management response after the experiment. The result of field test indicates that the actual performance of the purifiers is not as good as the manufactures claim. The management response study also ascertains that hotel department heads\u2019 awareness, exposure and training in relation to IAQ testing is limited.",
   "publish_time": "2015-01-31",
   "authors": [
      "Chan, Wilco",
      "Lee, Shun-Cheng",
      "Hon, Alice",
      "Liu, Leon",
      "Li, Danny",
      "Zhu, Ningyi"
   ],
   "journal": "International Journal of Hospitality Management",
   "has_full_text": "True",
   "full_text_file": "custom_license",
   "id": "https://doi.org/10.1016/j.ijhm.2014.10.007",
   "fhir_link": [
      "PMC/Composition/55930dd8e96ee14eb6e5500fcaa4562cfb42fd41"
   ]
}