{
   "sha": "4cb678948f6791f5fb4bd0f8b2ca1856fa8c2320",
   "source_x": "Elsevier",
   "title": "El genoma humano. L\u00edmites y perspectivas en el avance de la medicina",
   "doi": "10.1016/S0300-2896(04)75488-5",
   "pubmed_id": "14998477",
   "license": "els-covid",
   "publish_time": "2004-12-31",
   "authors": [
      "Pardo, A."
   ],
   "journal": "Archivos de Bronconeumolog\u00eda",
   "has_full_text": "True",
   "full_text_file": "custom_license",
   "id": "https://doi.org/10.1016/S0300-2896(04)75488-5",
   "fhir_link": [
      "PMC/Composition/4cb678948f6791f5fb4bd0f8b2ca1856fa8c2320"
   ]
}