{
   "sha": "1068a2a6e9563bf672373a1a06337dbabbe73050",
   "source_x": "PMC",
   "title": "The Eukaryotic Translation Initiation Factor 4F Complex Restricts Rotavirus Infection via Regulating the Expression of IRF1 and IRF7",
   "doi": "http://dx.doi.org/10.3390/ijms20071580",
   "pmcid": "PMC6480131",
   "pubmed_id": "30934842",
   "license": "CC BY",
   "abstract": "The eIF4F complex is a translation initiation factor that closely regulates translation in response to a multitude of environmental conditions including viral infection. How translation initiation factors regulate rotavirus infection remains poorly understood. In this study, the knockdown of the components of the eIF4F complex using shRNA and CRISPR/Cas9 were performed, respectively. We have demonstrated that loss-of-function of the three components of eIF4F, including eIF4A, eIF4E and eIF4G, remarkably promotes the levels of rotavirus genomic RNA and viral protein VP4. Consistently, knockdown of the negative regulator of eIF4F and programmed cell death protein 4 (PDCD4) inhibits the expression of viral mRNA and the VP4 protein. Mechanically, we confirmed that the silence of the eIF4F complex suppressed the protein level of IRF1 and IRF7 that exert potent antiviral effects against rotavirus infection. Thus, these results demonstrate that the eIF4F complex is an essential host factor restricting rotavirus replication, revealing new targets for the development of new antiviral strategies against rotavirus infection.",
   "publish_time": "2019 Mar 29",
   "authors": [
      "['Chen, Sunrui', 'Feng, Cui', 'Fang, Yan', 'Zhou, Xinying', 'Xu, Lei', 'Wang, Wenshi', 'Kong, Xiangdong', 'P. Peppelenbosch, Maikel', 'Pan, Qiuwei', 'Yin, Yuebang']"
   ],
   "journal": "Int J Mol Sci",
   "has_full_text": "False",
   "id": "1068a2a6e9563bf672373a1a06337dbabbe73050"
}