{
   "sha": "ca263a715caad1f66d07a2aa191154fafbfbe67a",
   "source_x": "PMC",
   "title": "Strategies in regulating glioblastoma signaling pathways and anti-invasion therapy",
   "doi": "http://dx.doi.org/10.1371/journal.pone.0215547",
   "pmcid": "PMC6476530",
   "pubmed_id": "31009513",
   "license": "CC BY",
   "abstract": "Glioblastoma multiforme is one of the most invasive type of glial tumors, which rapidly grows and commonly spreads into nearby brain tissue. It is a devastating brain cancer that often results in death within approximately 12 to 15 months after diagnosis. In this work, optimal control theory was applied to regulate intracellular signaling pathways of miR-451\u2013AMPK\u2013mTOR\u2013cell cycle dynamics via glucose and drug intravenous administration infusions. Glucose level is controlled to activate miR-451 in the up-stream pathway of the model. A potential drug blocking the inhibitory pathway of mTOR by AMPK complex is incorporated to explore regulation of the down-stream pathway to the cell cycle. Both miR-451 and mTOR levels are up-regulated inducing cell proliferation and reducing invasion in the neighboring tissues. Concomitant and alternating glucose and drug infusions are explored under various circumstances to predict best clinical outcomes with least administration costs.",
   "publish_time": "2019 Apr 22",
   "authors": [
      "['Jung, Eunok', 'de los Reyes V, Aurelio A.', 'Pumares, Kurt Jan A.', 'Kim, Yangjin']"
   ],
   "journal": "PLoS One",
   "has_full_text": "False",
   "id": "ca263a715caad1f66d07a2aa191154fafbfbe67a"
}