{
   "sha": "954a68177fd22cbb6f2dc0710b236c10731357bf",
   "source_x": "PMC",
   "title": "Comparative analysis of serologic cross-reactivity using convalescent sera from filovirus-experimentally infected fruit bats",
   "doi": "http://dx.doi.org/10.1038/s41598-019-43156-z",
   "pmcid": "PMC6491471",
   "pubmed_id": "31040343",
   "license": "CC BY",
   "abstract": "With the exception of Reston and Bombali viruses, the marburgviruses and ebolaviruses (family Filoviridae) cause outbreaks of viral hemorrhagic fever in sub-Saharan Africa. The Egyptian rousette bat (ERB) is a natural reservoir host for the marburgviruses and evidence suggests that bats are also natural reservoirs for the ebolaviruses. Although the search for the natural reservoirs of the ebolaviruses has largely involved serosurveillance of the bat population, there are no validated serological assays to screen bat sera for ebolavirus-specific IgG antibodies. Here, we generate filovirus-specific antisera by prime-boost immunization of groups of captive ERBs with all seven known culturable filoviruses. After validating a system of filovirus-specific indirect ELISAs utilizing infectious-based virus antigens for detection of virus-specific IgG antibodies from bat sera, we assess the level of serological cross-reactivity between the virus-specific antisera and heterologous filovirus antigens. This data is then used to generate a filovirus antibody fingerprint that can predict which of the filovirus species in the system is most antigenically similar to the species responsible for past infection. Our filovirus IgG indirect ELISA system will be a critical tool for identifying bat species with high ebolavirus seroprevalence rates to target for longitudinal studies aimed at establishing natural reservoir host-ebolavirus relationships.",
   "publish_time": "2019 Apr 30",
   "authors": [
      "['Schuh, Amy J.', 'Amman, Brian R.', 'Sealy, Tara S.', 'Flietstra, Timothy D.', 'Guito, Jonathan C.', 'Nichol, Stuart T.', 'Towner, Jonathan S.']"
   ],
   "journal": "Sci Rep",
   "has_full_text": "False",
   "id": "954a68177fd22cbb6f2dc0710b236c10731357bf"
}