{
   "sha": "d1e1f76d0764e679749a4203590665917aef1f86",
   "source_x": "Elsevier",
   "title": "Experience in managing an urban massive burn incident: The Hangzhou bus attack on 5 July 2014",
   "doi": "10.1016/j.burns.2015.09.015",
   "pubmed_id": "26526377",
   "license": "els-covid",
   "abstract": "Abstract Background On 5 July 2014, a suicide terrorist set a crowded bus on fire in Hangzhou, injuring 33 passengers. Among these, 19 adult victims with the most severe burns were triaged to our center. This is a single-center, descriptive study recording the prehospital response and in-hospital treatment of these patients. Methods Information on the attack, on-scene rescue, and patient triage was collected from public media, governmental, and hospital reports. Information on patient injury and our in-hospital procedures was collected from the emergency registry and patient records. Results Of the 80 passengers in the burning bus, 33 were injured. The total burn surface area (TBSA) of the 19 most severely injured patients triaged to our hospital ranged from 25% to 95% (mean 48.3\u00b12.08%). Two patients had a TBSA of >90% (92% and 95%) and eight had a TBSA of >60%. Nineteen cases of inhalation injury were diagnosed, eight of which were severe. The emergency center performed 14 bedside escharotomies, 14 central venous catheter (CVC) implantations, and one cardiopulmonary resuscitation (CPR). Approximately 131000ml of resuscitation fluid was infused within the first 24h and 111000ml within the second; further, 160230ml of plasma and 4100ml of red blood cells were infused during the antishock stage. All victims were transported to the burn ward to receive burn-centered multidisciplinary care. The respiratory team conducted 121 bronchoscopies. A total of 89 operations were performed, and the residual wound area decreased dramatically. After 124 days of extensive therapy, complete wound healing was observed and all patients entered the rehabilitation stage. Conclusion Adequate preparation, including planning and disaster drills, is crucial for handling mass casualty events. Efficient and precise first rescue and triage can reduce prehospital mortality, and burn-centered multidisciplinary care and hospital\u2013government cooperation helps reduce in-hospital mortality. Nevertheless, lessons can be drawn from this incident to be better prepared for future disasters.",
   "publish_time": "2016-02-29",
   "authors": [
      "Hang, Hu",
      "Jianan, Wang",
      "Chunmao, Han"
   ],
   "journal": "Burns",
   "has_full_text": "True",
   "full_text_file": "custom_license",
   "id": "https://doi.org/10.1016/j.burns.2015.09.015",
   "fhir_link": [
      "PMC/Composition/d1e1f76d0764e679749a4203590665917aef1f86"
   ]
}