{
   "sha": "38635b39c48f52cda530e1d594582bb24fedb12f",
   "source_x": "Elsevier",
   "title": "Asthma in children: mapping the literature by bibliometric analysis",
   "doi": "10.1016/j.allerg.2005.08.002",
   "license": "els-covid",
   "abstract": "Abstract Aim. \u2013 To evaluate the publication output associated with research on asthma in children. Methods. \u2013 The data encompassed the period from 1991 to 2002 and were extracted from the Science Citation Index online version. Selected documents included \u2018asthmatic children\u2019 and \u2018asthma children\u2019 as a part of its title, abstract, or keyword from. Parameters analyzed included language, type of document, page count, publication output, country of publication, authorship, publication pattern, and the most frequently cited paper. Results. \u2013 The yearly publications have increased from 1991 to 2002. The seven industrialized countries have high productivity in this research field. English was the dominant language, and four or five authors were the moot common number of co-author. The US was the world leader and dominated most of the publications, followed by the UK. Conclusions. \u2013 The most important functions of scientific publications are to communicate and exchange research findings and results. The results of the study not only offer a comprehensive picture of asthma in children by bibliometric research, but also demonstrate the performance of research workers, institutions, and even countries.",
   "publish_time": "2005-10-31",
   "authors": [
      "Chen, Su-Ru",
      "Chiu, Wen-Ta",
      "Ho, Y.S."
   ],
   "journal": "Revue Fran\u00e7aise d'Allergologie et d'Immunologie Clinique",
   "has_full_text": "True",
   "full_text_file": "custom_license",
   "id": "https://doi.org/10.1016/j.allerg.2005.08.002",
   "fhir_link": [
      "PMC/Composition/38635b39c48f52cda530e1d594582bb24fedb12f"
   ]
}