{
   "sha": "73a2171fc7716dd485b9c3348902a7672213fc0a",
   "source_x": "PMC",
   "title": "ADAM17-dependent signaling is required for oncogenic human papillomavirus entry platform assembly",
   "doi": "http://dx.doi.org/10.7554/eLife.44345",
   "pmcid": "PMC6557631",
   "pubmed_id": "31107240",
   "license": "CC BY",
   "abstract": "Oncogenic human papillomaviruses (HPV) are small DNA viruses that infect keratinocytes. After HPV binding to cell surface receptors, a cascade of molecular interactions mediates the infectious cellular internalization of virus particles. Aside from the virus itself, important molecular players involved in virus entry include the tetraspanin CD151 and the epidermal growth factor receptor (EGFR). To date, it is unknown how these components are coordinated in space and time. Here, we studied plasma membrane dynamics of CD151 and EGFR and the HPV16 capsid during the early phase of infection. We find that the proteinase ADAM17 activates the extracellular signal-regulated kinases (ERK1/2) pathway by the shedding of growth factors which triggers the formation of an endocytic entry platform. Infectious endocytic entry platforms carrying virus particles consist of two-fold larger CD151 domains containing the EGFR. Our finding clearly dissects initial virus binding from ADAM17-dependent assembly of a HPV/CD151/EGFR entry platform.",
   "authors": [
      "['Mikuli\u010di\u0107, Snje\u017eana', 'Finke, J\u00e9r\u00f4me', 'Boukhallouk, Fatima', 'W\u00fcstenhagen, Elena', 'Sons, Dominik', 'Homsi, Yahya', 'Reiss, Karina', 'Lang, Thorsten', 'Florin, Luise']"
   ],
   "journal": "eLife.; 8:e44345",
   "has_full_text": "True",
   "id": "73a2171fc7716dd485b9c3348902a7672213fc0a",
   "fhir_link": "Commercial/73a2171fc7716dd485b9c3348902a7672213fc0a"
}