{
   "sha": "74a81638dc54bc8e0fee501f23723bda2761195b",
   "source_x": "PMC",
   "title": "Reversible ADP-ribosylation of RNA",
   "doi": "http://dx.doi.org/10.1093/nar/gkz305",
   "pmcid": "PMC6582358",
   "pubmed_id": "31216043",
   "license": "CC BY",
   "abstract": "ADP-ribosylation is a reversible chemical modification catalysed by ADP-ribosyltransferases such as PARPs that utilize nicotinamide adenine dinucleotide (NAD(+)) as a cofactor to transfer monomer or polymers of ADP-ribose nucleotide onto macromolecular targets such as proteins and DNA. ADP-ribosylation plays an important role in several biological processes such as DNA repair, transcription, chromatin remodelling, host-virus interactions, cellular stress response and many more. Using biochemical methods we identify RNA as a novel target of reversible mono-ADP-ribosylation. We demonstrate that the human PARPs - PARP10, PARP11 and PARP15 as well as a highly diverged PARP homologue TRPT1, ADP-ribosylate phosphorylated ends of RNA. We further reveal that ADP-ribosylation of RNA mediated by PARP10 and TRPT1 can be efficiently reversed by several cellular ADP-ribosylhydrolases (PARG, TARG1, MACROD1, MACROD2 and ARH3), as well as by MACROD-like hydrolases from VEEV and SARS viruses. Finally, we show that TRPT1 and MACROD homologues in bacteria possess activities equivalent to the human proteins. Our data suggest that RNA ADP-ribosylation may represent a widespread and physiologically relevant form of reversible ADP-ribosylation signalling.",
   "publish_time": "2019 Jun 20",
   "authors": [
      "['Munnur, Deeksha', 'Bartlett, Edward', 'Mikol\u010devi\u0107, Petra', 'Kirby, Ilsa T', 'Matthias\\xa0Rack, Johannes Gregor', 'Miko\u010d, Andreja', 'Cohen, Michael S', 'Ahel, Ivan']"
   ],
   "journal": "Nucleic Acids Res",
   "has_full_text": "True",
   "id": "74a81638dc54bc8e0fee501f23723bda2761195b",
   "fhir_link": "Commercial/Composition/74a81638dc54bc8e0fee501f23723bda2761195b"
}