{
   "sha": "35d2665a9d06c67cd85ff2ed458c9df80902d4bd",
   "source_x": "PMC",
   "title": "Mapping the drivers of within-host pathogen evolution using massive data sets",
   "doi": "http://dx.doi.org/10.1038/s41467-019-10724-w",
   "pmcid": "PMC6616926",
   "pubmed_id": "31289267",
   "license": "CC BY",
   "abstract": "Differences among hosts, resulting from genetic variation in the immune system or heterogeneity in drug treatment, can impact within-host pathogen evolution. Genetic association studies can potentially identify such interactions. However, extensive and correlated genetic population structure in hosts and pathogens presents a substantial risk of confounding analyses. Moreover, the multiple testing burden of interaction scanning can potentially limit power. We present a Bayesian approach for detecting host influences on pathogen evolution that exploits vast existing data sets of pathogen diversity to improve power and control for stratification. The approach models key processes, including recombination and selection, and identifies regions of the pathogen genome affected by host factors. Our simulations and empirical analysis of drug-induced selection on the HIV-1 genome show that the method recovers known associations\u00a0and has superior precision-recall characteristics compared to other approaches. We build a high-resolution map of HLA-induced selection in the HIV-1 genome, identifying novel epitope-allele combinations.",
   "publish_time": "2019 Jul 9",
   "authors": [
      "['Palmer, Duncan S.', 'Turner, Isaac', 'Fidler, Sarah', 'Frater, John', 'Goedhals, Dominique', 'Goulder, Philip', 'Huang, Kuan-Hsiang Gary', 'Oxenius, Annette', 'Phillips, Rodney', 'Shapiro, Roger', 'Vuuren, Cloete van', 'McLean, Angela R.', 'McVean, Gil']"
   ],
   "journal": "Nat Commun",
   "has_full_text": "True",
   "id": "35d2665a9d06c67cd85ff2ed458c9df80902d4bd",
   "fhir_link": "Commercial/Composition/35d2665a9d06c67cd85ff2ed458c9df80902d4bd.json"
}