{
   "sha": "93a3e9ccff1d9991907c8f959fbfd99f07af5c29",
   "source_x": "PMC",
   "title": "Interaction between the nasal microbiota and S. pneumoniae in the context of live-attenuated influenza vaccine",
   "doi": "http://dx.doi.org/10.1038/s41467-019-10814-9",
   "pmcid": "PMC6611866",
   "pubmed_id": "31278315",
   "license": "CC BY",
   "abstract": "Streptococcus pneumoniae is the main bacterial pathogen involved in pneumonia. Pneumococcal acquisition and colonization density is probably affected by viral co-infections, the local microbiome composition and mucosal immunity. Here, we report the interactions between live-attenuated influenza vaccine (LAIV), successive pneumococcal challenge, and the healthy adult nasal microbiota and mucosal immunity using an experimental human\u00a0challenge model. Nasal microbiota profiles at baseline are associated with consecutive pneumococcal carriage outcome (non-carrier, low-dense and high-dense pneumococcal carriage), independent of LAIV co-administration. Corynebacterium/Dolosigranulum-dominated profiles are associated with low-density colonization. Lowest rates of natural viral co-infection at baseline and post-LAIV influenza replication are detected in the low-density carriers. Also, we detected the fewest microbiota perturbations and mucosal cytokine responses in the low-density carriers compared to non-carriers or high-density carriers. These results indicate that the complete respiratory ecosystem affects pneumococcal behaviour following challenge, with low-density carriage representing the most stable ecological state.",
   "publish_time": "2019 Jul 5",
   "authors": [
      "['de Steenhuijsen Piters, Wouter A. A.', 'Jochems, Simon P.', 'Mitsi, Elena', 'Rylance, Jamie', 'Pojar, Sherin', 'Nikolaou, Elissavet', 'German, Esther L.', 'Holloway, Mark', 'Carniel, Beatriz F.', 'Chu, Mei Ling J. N.', 'Arp, Kayleigh', 'Sanders, Elisabeth A. M.', 'Ferreira, Daniela M.', 'Bogaert, Debby']"
   ],
   "journal": "Nat Commun",
   "has_full_text": "True",
   "id": "93a3e9ccff1d9991907c8f959fbfd99f07af5c29",
   "fhir_link": "Commercial/93a3e9ccff1d9991907c8f959fbfd99f07af5c29"
}