{
   "sha": "6673835e81ea115480bd68bc4e2d90c742bb77c1",
   "source_x": "PMC",
   "title": "Susceptibility of Chickens to Porcine Deltacoronavirus Infection",
   "doi": "http://dx.doi.org/10.3390/v11060573",
   "pmcid": "PMC6631122",
   "pubmed_id": "31234434",
   "license": "CC BY",
   "abstract": "Porcine deltacoronavirus (PDCoV) is a novel swine enteropathogenic coronavirus with worldwide distribution. PDCoV belongs to the Deltacoronavirus (DCoV) genus, which mainly includes avian coronaviruses (CoVs). PDCoV has the potential to infect human and chicken cells in vitro, and also has limited infectivity in calves. However, the origin of PDCoV in pigs, the host range, and cross-species infection of PDCoV still remain unclear. To determine whether PDCoV really has the ability to infect chickens in vivo, the three lines of chicken embryos and specific pathogen free (SPF) chickens were inoculated with PDCoV HNZK-02 strain to investigate PDCoV infection in the current study. Our results indicated that PDCoV can infect chicken embryos and could be continuously passaged on them. Furthermore, we observed that PDCoV-inoculated chickens showed mild diarrhea symptoms and low fecal viral RNA shedding. PDCoV RNA could also be detected in multiple organs (lung, kidney, jejunum, cecum, and rectum) and intestinal contents of PDCoV-inoculated chickens until 17 day post-inoculation by real-time quantitative PCR (qRT-PCR). A histology analysis indicated that PDCoV caused mild lesions in the lung, kidney, and intestinal tissues. These results prove the susceptibility of chickens to PDCoV infection, which might provide more insight about the cross-species transmission of PDCoV.",
   "publish_time": "2019 Jun 21",
   "authors": [
      "['Liang, Qingqing', 'Zhang, Honglei', 'Li, Bingxiao', 'Ding, Qingwen', 'Wang, Yabin', 'Gao, Wenming', 'Guo, Donghui', 'Wei, Zhanyong', 'Hu, Hui']"
   ],
   "journal": "Viruses",
   "has_full_text": "True",
   "id": "6673835e81ea115480bd68bc4e2d90c742bb77c1",
   "fhir_link": "Commercial/Composition/6673835e81ea115480bd68bc4e2d90c742bb77c1"
}