{
   "sha": "e8735adff7db8b800e72ed1e036597d7f8da892f",
   "source_x": "PMC",
   "title": "Projections of epidemic transmission and estimation of vaccination impact during an ongoing Ebola virus disease outbreak in Northeastern Democratic Republic of Congo, as of Feb. 25, 2019",
   "doi": "http://dx.doi.org/10.1371/journal.pntd.0007512",
   "pmcid": "PMC6695208",
   "pubmed_id": "31381606",
   "license": "CC BY",
   "abstract": "BACKGROUND: As of February 25, 2019, 875 cases of Ebola virus disease (EVD) were reported in North Kivu and Ituri Provinces, Democratic Republic of Congo. Since the beginning of October 2018, the outbreak has largely shifted into regions in which active armed conflict has occurred, and in which EVD cases and their contacts have been difficult for health workers to reach. We used available data on the current outbreak, with case-count time series from prior outbreaks, to project the short-term and long-term course of the outbreak. METHODS: For short- and long-term projections, we modeled Ebola virus transmission using a stochastic branching process that assumes gradually quenching transmission rates estimated from past EVD outbreaks, with outbreak trajectories conditioned on agreement with the course of the current outbreak, and with multiple levels of vaccination coverage. We used two regression models to estimate similar projection periods. Short- and long-term projections were estimated using negative binomial autoregression and Theil-Sen regression, respectively. We also used Gott\u2019s rule to estimate a baseline minimum-information projection. We then constructed an ensemble of forecasts to be compared and recorded for future evaluation against final outcomes. From August 20, 2018 to February 25, 2019, short-term model projections were validated against known case counts. RESULTS: During validation of short-term projections, from one week to four weeks, we found models consistently scored higher on shorter-term forecasts. Based on case counts as of February 25, the stochastic model projected a median case count of 933 cases by February 18 (95% prediction interval: 872\u20131054) and 955 cases by March 4 (95% prediction interval: 874\u20131105), while the auto-regression model projects median case counts of 889 (95% prediction interval: 876\u2013933) and 898 (95% prediction interval: 877\u2013983) cases for those dates, respectively. Projected median final counts range from 953 to 1,749. Although the outbreak is already larger than all past Ebola outbreaks other than the 2013\u20132016 outbreak of over 26,000 cases, our models do not project that it is likely to grow to that scale. The stochastic model estimates that vaccination coverage in this outbreak is lower than reported in its trial setting in Sierra Leone. CONCLUSIONS: Our projections are concentrated in a range up to about 300 cases beyond those already reported. While a catastrophic outbreak is not projected, it is not ruled out, and prevention and vigilance are warranted. Prospective validation of our models in real time allowed us to generate more accurate short-term forecasts, and this process may prove useful for future real-time short-term forecasting. We estimate that transmission rates are higher than would be seen under target levels of 62% coverage due to contact tracing and vaccination, and this model estimate may offer a surrogate indicator for the outbreak response challenges.",
   "publish_time": "2019 Aug 5",
   "authors": [
      "['Worden, Lee', 'Wannier, Rae', 'Hoff, Nicole A.', 'Musene, Kamy', 'Selo, Bernice', 'Mossoko, Mathias', 'Okitolonda-Wemakoy, Emile', 'Muyembe Tamfum, Jean Jacques', 'Rutherford, George W.', 'Lietman, Thomas M.', 'Rimoin, Anne W.', 'Porco, Travis C.', 'Kelly, J. Daniel']"
   ],
   "journal": "PLoS Negl Trop Dis",
   "has_full_text": "False",
   "id": "e8735adff7db8b800e72ed1e036597d7f8da892f"
}