{
   "source_x": "Elsevier",
   "title": "Preparation of a helicase region coded by hepatitis C virus; hepatitis C virus recombinant helicase production via gene cloning and expression in Spodoptera frugiperda insect cell culture using baculovirus vector Soyaku Eng. Res. Inst. Jpn 06319 583; 22 November 1994",
   "doi": "10.1016/0264-410X(95)90207-6",
   "license": "els-covid",
   "publish_time": "1995-12-31",
   "journal": "Vaccine",
   "has_full_text": "False",
   "full_text_file": "custom_license",
   "id": "https://doi.org/10.1016/0264-410X(95)90207-6"
}