{
   "sha": "9c18608fb7d5a7ed7ad4040d773d40debf3fe7c1",
   "source_x": "Elsevier",
   "title": "A preference driven multi-criteria optimization tool for HVAC design and operation",
   "doi": "10.1016/j.enbuild.2012.04.021",
   "license": "els-covid",
   "abstract": "Abstract This paper discusses the issue of selecting the design solution that best accords with an articulated preference of multiple criteria with an acceptable performance band. The application of a newly developed multi-criteria decision-making tool called RR-PARETO2 is presented. An example of HVAC design is used to illustrate how solutions could be selected within a multi-criteria optimization framework. In this example, five criteria have been selected, namely, power consumption, thermal comfort, risk of airborne infection of influenza and tuberculosis and effective differential temperature (\u0394t eq) of body parts. The goal is to select the optimal air exchange rate that makes reasonable trade-offs among all the objectives. Two scenarios have been studied. In the first scenario, there is an influenza outbreak and the important objective is to prevent the spread of infection. In the second scenario, energy prices are high and the primary objective is to reduce energy. In both scenarios, RR-PARETO2 algorithm selects solutions that make reasonable trade-offs among conflicting objectives. The example illustrates how objectives such as reduction of airborne disease transmission and maximizing thermal comfort can be incorporated in the design of a practical, full-scale HVAC system.",
   "publish_time": "2012-12-31",
   "authors": [
      "Pantelic, Jovan",
      "Raphael, Benny",
      "Tham, Kwok Wai"
   ],
   "journal": "Energy and Buildings",
   "has_full_text": "True",
   "full_text_file": "custom_license",
   "id": "https://doi.org/10.1016/j.enbuild.2012.04.021",
   "fhir_link": [
      "PMC/Composition/9c18608fb7d5a7ed7ad4040d773d40debf3fe7c1"
   ]
}