{
   "sha": "7893cf156352a62aa22eb29708fbe1a5ead47a89",
   "source_x": "Elsevier",
   "title": "\u00c9pid\u00e9miologie microbienne des infections respiratoires basses actualit\u00e9s",
   "doi": "10.1016/j.medmal.2006.05.013",
   "pubmed_id": "17011149",
   "license": "els-covid",
   "abstract": "R\u00e9sum\u00e9 La litt\u00e9rature r\u00e9cente n'apporte gu\u00e8re de grandes nouveaut\u00e9s, exposant les r\u00e9sultats d'enqu\u00eates parcellaires utiles, mais qui s'ins\u00e8rent dans les fourchettes de pr\u00e9valence d\u00e9j\u00e0 connues pour les diff\u00e9rentes bact\u00e9ries. La fr\u00e9quence des germes retrouv\u00e9s varie dans le temps et l'espace, mais les trois germes les plus fr\u00e9quemment en cause dans toutes les s\u00e9ries se recrutent, quel que soit le lieu, parmi les cinq agents que sont Streptococcus pneumoniae, Influenza A, Mycoplasma pneumoniae, Haemophilus influenzae et Legionella pneumophila. Ainsi, parmi les pneumopathies document\u00e9es, plus de 90 % sont dues \u00e0 : S. pneumoniae, le plus fr\u00e9quent chez les malades hospitalis\u00e9s ; Mycoplasma, Chlamydia et les virus respiratoires, pr\u00e9dominant en ville, avec des variations selon le lieu et l'\u00e9poque ; Staphylococcus aureus et ent\u00e9robact\u00e9ries qui peuvent \u00e9galement \u00eatre en cause chez le vieillard et les patients atteints de tares majeures ; des associations de germes, avec le pneumocoque notamment, qui sont de plus en plus fr\u00e9quemment identifi\u00e9es. Enfin, l'agent causal reste m\u00e9connu dans 25 \u00e0 50 % des cas. On voit r\u00e9cemment notifier des pneumonies aigu\u00ebs communautaires \u00e0 staphylocoques r\u00e9sistants \u00e0 la m\u00e9ticilline. Le diagnostic virologique (et celui des bact\u00e9ries li\u00e9es aux cellules) progresse, gr\u00e2ce \u00e0 la PCR. Il reste de nombreuses incertitudes sur l'int\u00e9r\u00eat de ce diagnostic en dehors d'\u00e9tudes \u00e9pid\u00e9miologiques, mais aussi sur sa pertinence en pratique clinique. Rien de nouveau pour l'\u00e9pid\u00e9miologie des bronchites aigu\u00ebs ; pour les exacerbations de bronchopneumopathie chronique obstructive (BPCO), le r\u00f4le de H. influenzae, colonisant ou infectant, dans la gen\u00e8se de l'inflammation bronchique fait toujours l'objet de d\u00e9bats. Abstract The recent literature brings nothing new since it provides only fragmented, though undoubtedly useful, studies which remain within the prevalence interval for the different bacterias. The occurrence of germs varies with time and space; nevertheless, whatever the studied series and the site of the studies, the 3 most frequent causal germs belong to the following five strains: Streptococcus pneumoniae, Influenza A, Mycoplasma pneumoniae, Haemophilus influenzae, and Legionella pneumophila. Thus, 90% of all documented pneumoniae appear to be caused by the following pathogens: Pneumococcus; most frequent in hospitalized patients; Mycoplasma, Chlamydia and respiratory viruses were predominant in outpatients, with great variations; Staphylococcus and enterobacteriace may be encountered, mostly in elderlies with major debilitating diseases; association of germs, generally including pneumococcus, are increasingly identified. Last, in 25% to 50% of cases, the causal agent is not known. Recently, some Staphylococcus meticillin-resistant were identified. The diagnosis of viruses (as well as that of atypical bacterias) seems to have improved, thanks to the use of PCR though the interest of such a diagnosis remains questionable, except for epidemiological studies, as well as the relevance of this type of test in clinical practice. Nothing really new has come out on the epidemiology of acute bronchitis, while in bacterial exacerbation of COPD, attention focused on the colonizing or infective role of H. influenzae in the genesis of bronchus inflammation.",
   "publish_time": "2006-12-31",
   "authors": [
      "Tr\u00e9moli\u00e8res, F."
   ],
   "journal": "M\u00e9decine et Maladies Infectieuses",
   "has_full_text": "True",
   "full_text_file": "custom_license",
   "id": "https://doi.org/10.1016/j.medmal.2006.05.013",
   "fhir_link": [
      "PMC/Composition/7893cf156352a62aa22eb29708fbe1a5ead47a89"
   ]
}