{
   "sha": "686258462f76bc196e1b056ebbbb93a6f53c982e",
   "source_x": "PMC",
   "title": "IFN-Lambda 3 Mediates Antiviral Protection Against Porcine Epidemic Diarrhea Virus by Inducing a Distinct Antiviral Transcript Profile in Porcine Intestinal Epithelia",
   "doi": "http://dx.doi.org/10.3389/fimmu.2019.02394",
   "pmcid": "PMC6811514",
   "pubmed_id": "31681286",
   "license": "CC BY",
   "abstract": "Type III interferon-lambda (IFN-\u03bb) plays a critical role against infection, particularly in mucosal infection in the respiratory and gastrointestinal tract. Our study and other previous studies have shown that porcine IFN-\u03bb more efficiently curtails the infection of porcine epidemic diarrhea virus (PEDV) in the intestine epithelia than type I IFN, whereas IFN-\u03bb3 exerts a more potent effect than IFN-\u03bb1. However, the underlying mechanism remains elusive, and in particular, the transcriptional profile induced by IFN-\u03bb3 has not been reported. Here, to resolve the mechanism responsible for the disparity between IFN-\u03bb3 and type I IFN in anti-mucosal virus infection, we compared the transcription profiles induced by the two IFNs in porcine intestinal epithelial (IPEC-J2) cells by RNA-Seq. Our results showed that the pretreatment of IPEC-J2 cells with IFN-\u03bb3 resulted in the differential expression of 983 genes. In contrast, IFN-\u03b1 only modified the expression of 134 genes, and 110 of these genes were also observed in the response to IFN-\u03bb3. A transcriptional enrichment analysis indicated that IFN-\u03bb3 or IFN-\u03b1 regulates multiple cellular processes and that IFN-\u03bb3 activates more robust signaling pathways, particularly the antiviral Jak-STAT signaling pathway, than IFN-\u03b1. Furthermore, we verified the RNA-Seq results through an RT-qPCR analysis of IPEC-J2 cells and porcine enteroids. Moreover, transient expression of the porcine rsad2 and mx2 genes among the top 10 genes induced by IFN-\u03bb3 significantly inhibited PEDV infection. Collectively, the data showed that IFN-\u03bb3 induces a unique transcriptional profile that does not completely overlap with that induced by IFN-\u03b1 and strongly elicits a set of genes responsible for the antiviral activity of IFN-\u03bb3. These findings provide important knowledge regarding the elicited ISGs of type I and III IFNs in restricting porcine intestinal viral infection.",
   "publish_time": "2019 Oct 17",
   "authors": [
      "['Li, Liang', 'Xue, Mei', 'Fu, Fang', 'Yin, Lingdan', 'Feng, Li', 'Liu, Pinghuang']"
   ],
   "journal": "Front Immunol",
   "has_full_text": "True",
   "id": "686258462f76bc196e1b056ebbbb93a6f53c982e",
   "fhir_link": "Commercial/686258462f76bc196e1b056ebbbb93a6f53c982e"
}