{
   "sha": "fa137f1562d599f03605b83bc68f91e5105110d9",
   "source_x": "PMC",
   "title": "Pharmacological plasticity\u2014How do you hit a moving target?",
   "doi": "http://dx.doi.org/10.1002/prp2.532",
   "pmcid": "PMC6868654",
   "pubmed_id": "31768257",
   "license": "CC BY",
   "abstract": "Paul Ehrlich's concept of the magic bullet, by which a single drug induces pharmacological effects by interacting with a single receptor has been a strong driving force in pharmacology for a century. It is continually thwarted, though, by the fact that the treated organism is highly dynamic and the target molecule(s) is (are) never static. In this article, we address some of the factors that modify and cause the mobility and plasticity of drug targets and their interactions with ligands and discuss how these can lead to unexpected (lack of) effects of drugs. These factors include genetic, epigenetic, and phenotypic variability, cellular plasticity, chronobiological rhythms, time, age and disease resolution, sex, drug metabolism, and distribution. We emphasize four existing approaches that can be taken, either singly or in combination, to try to minimize effects of pharmacological plasticity. These are firstly, to enhance specificity using target conditions close to those in diseases, secondly, by simultaneously or thirdly, sequentially aiming at multiple targets, and fourthly, in synchronization with concurrent dietary, psychological, training, and biorhythm\u2010synchronizing procedures to optimize drug therapy.",
   "publish_time": "2019 Nov 21",
   "authors": [
      "['Parnham, Michael J.', 'Geisslinger, Gerd']"
   ],
   "journal": "Pharmacol Res Perspect",
   "has_full_text": "True",
   "id": "fa137f1562d599f03605b83bc68f91e5105110d9",
   "fhir_link": "Commercial/Composition/fa137f1562d599f03605b83bc68f91e5105110d9"
}