{
   "sha": "892e0a43f862ce5adb7611e7f5243e2a30724800",
   "source_x": "PMC",
   "title": "Respiratory tract infections among French Hajj pilgrims from 2014 to 2017",
   "doi": "http://dx.doi.org/10.1038/s41598-019-54370-0",
   "pmcid": "PMC6883043",
   "pubmed_id": "31780750",
   "license": "CC BY",
   "abstract": "Respiratory tract infections (RTIs) are common among Hajj pilgrims, but risk factors for RTIs and respiratory pathogen acquisition during the Hajj are not clearly identified. Based on previous studies, most frequent pathogens acquired by Hajj pilgrims were investigated: rhinovirus, human coronaviruses, influenza viruses, Streptococcus pneumoniae, Staphylococcus aureus, Klebsiella pneumoniae and Haemophilus influenzae. 485 pilgrims were included. 82.1% presented with RTIs. Respiratory chronic diseases were associated with cough, Influenza-like illness (ILI) and the acquisition of H. influenzae. Vaccination against invasive pneumococcal diseases (IPD) and influenza was associated with a decrease in the acquisition of S. pneumoniae and prevalence of ILI (aRR\u2009=\u20090.53, 95%CI [0.39\u20130.73] and aRR\u2009=\u20090.69, 95%CI [0.52\u20130.92] respectively). Individuals carrying rhinovirus and H. influenzae-S. pneumoniae together were respectively twice and five times more likely to have respiratory symptoms. Individual with H. influenzae-K. pneumoniae carriage were twice (p\u2009=\u20090.04) as likely to develop a cough. The use of disposable handkerchiefs was associated with a decrease in the acquisition of S. aureus (aRR\u2009=\u20090.75, 95%CI [0.57\u20130.97]). Results could be used to identify pilgrims at increased risk of RTIs and acquisition of respiratory pathogens. Results also confirm the effectiveness of influenza and IPD vaccinations in reducing ILI symptoms and acquisition of S. pneumoniae carriage respectively.",
   "publish_time": "2019 Nov 28",
   "authors": [
      "['Hoang, Van-Thuan', 'Ali-Salem, Saliha', 'Belhouchat, Khadidja', 'Meftah, Mohammed', 'Sow, Doudou', 'Dao, Thi-Loi', 'Ly, Tran Duc Anh', 'Drali, Tassadit', 'Ninove, Laetitia', 'Yezli, Saber', 'Alotaibi, Badriah', 'Raoult, Didier', 'Parola, Philippe', 'Pommier de Santi, Vincent', 'Gautret, Philippe']"
   ],
   "journal": "Sci Rep",
   "has_full_text": "True",
   "id": "892e0a43f862ce5adb7611e7f5243e2a30724800",
   "fhir_link": "Commercial/Composition/892e0a43f862ce5adb7611e7f5243e2a30724800"
}