{
   "sha": "6e5b97a5233c0425ab04e65545e3e0b72f13b5cd",
   "source_x": "Elsevier",
   "title": "SARS and its impact on current and future Emergency Department operations 1 1 The opinions expressed in this article are those of the authors and do not reflect the official policy of the Department of the Army, Department of Defense, or the U. S. Government.",
   "doi": "10.1016/j.jemermed.2003.12.023",
   "pubmed_id": "15093847",
   "license": "els-covid",
   "abstract": "Abstract A long-standing concern for international spread of new, virulent pathogens became a reality with the advent of Severe Acute Respiratory Syndrome (SARS). This respiratory syndrome, caused by a coronavirus, spread rapidly across 30 nations since its first recognition in late 2002. SARS has presented the greatest recent threat to U.S. public health, and has come at a time when purposeful introduction of pathogens by terrorists is also of heightened concern. SARS has forced the international medical establishment to reexamine how best to manage such incidents.",
   "publish_time": "2004-05-31",
   "authors": [
      "Marley, Chad T",
      "Levsky, Marc E",
      "Talbot, Timothy S",
      "Kang, Christopher S"
   ],
   "journal": "The Journal of Emergency Medicine",
   "has_full_text": "True",
   "full_text_file": "custom_license",
   "id": "https://doi.org/10.1016/j.jemermed.2003.12.023",
   "fhir_link": [
      "PMC/Composition/6e5b97a5233c0425ab04e65545e3e0b72f13b5cd"
   ]
}