{
   "sha": "e463640fffb76dbf04a2ea1dad656a85399af850",
   "source_x": "Elsevier",
   "title": "Who goes to a library for cancer information in the e-health era? A secondary data analysis of the Health Information National Trends Survey (HINTS)",
   "doi": "10.1016/j.lisr.2009.01.006",
   "license": "els-covid",
   "abstract": "Abstract This study identifies characteristics of Americans who chose the library as their primary cancer information source over the Internet by examining demographic characteristics, online use experience, concerns of information quality, and perceptions of cancer information seeking. A secondary data analysis is conducted using the Health Information National Trends Survey (HINTS) of the National Cancer Institute (NCI). Findings reveal that people who are more likely to choose the library are, compared to their Internet counterparts, people who lack online experience, are distrustful of online cancer information, and are more aware of cancer sources. However, they are not necessarily more adept cancer information seekers and do not have a greater expectation of getting quality information from the library. These findings suggest how the library plays its role as an information source for cancer information consumers in the e-health environment. Implications of the findings are discussed in a way that libraries could invest their efforts to reduce the digital health divide and to advance consumer health information literacy.",
   "publish_time": "2009-09-30",
   "authors": [
      "Kwon, Nahyun",
      "Kim, Kyunghye"
   ],
   "journal": "Library & Information Science Research",
   "has_full_text": "True",
   "full_text_file": "custom_license",
   "id": "https://doi.org/10.1016/j.lisr.2009.01.006",
   "fhir_link": [
      "PMC/Composition/e463640fffb76dbf04a2ea1dad656a85399af850"
   ]
}