{
   "sha": "3881c1624df0b25cf7e9b0c6a7bd934b169de3f9",
   "source_x": "PMC",
   "title": "In Vivo Activity of Amodiaquine against Ebola Virus Infection",
   "doi": "http://dx.doi.org/10.1038/s41598-019-56481-0",
   "pmcid": "PMC6934550",
   "pubmed_id": "31882748",
   "license": "CC BY",
   "abstract": "During the Ebola virus disease (EVD) epidemic in Western Africa (2013\u20122016), antimalarial treatment was administered to EVD patients due\u00a0to the high coexisting malaria burden in accordance with World Health Organization guidelines. In an Ebola treatment center in Liberia, EVD patients receiving the combination antimalarial artesunate-amodiaquine had a lower risk of death compared to those treated with artemether-lumefantrine. As artemether and artesunate are derivatives of artemisinin, the beneficial anti-Ebola virus (EBOV) effect observed could possibly be attributed to the change from lumefantrine to amodiaquine. Amodiaquine is a widely used antimalarial in the countries that experience outbreaks of EVD and, therefore, holds promise as an approved drug that could be repurposed for treating EBOV infections. We investigated the potential anti-EBOV effect of amodiaquine in a well-characterized nonhuman primate model of EVD. Using a similar 3-day antimalarial dosing strategy as for human patients, plasma concentrations of amodiaquine in healthy animals were similar to those found in humans. However, the treatment regimen did not result in a survival benefit or decrease of disease signs in EBOV-infected animals. While amodiaquine on its own failed to demonstrate efficacy, we cannot exclude potential therapeutic value of amodiaquine when used in combination with artesunate or another antiviral.",
   "publish_time": "2019 Dec 27",
   "authors": [
      "['DeWald, Lisa Evans', 'Johnson, Joshua C.', 'Gerhardt, Dawn M.', 'Torzewski, Lisa M.', 'Postnikova, Elena', 'Honko, Anna N.', 'Janosko, Krisztina', 'Huzella, Louis', 'Dowling, William E.', 'Eakin, Ann E.', 'Osborn, Blaire L.', 'Gahagen, Janet', 'Tang, Liang', 'Green, Carol E.', 'Mirsalis, Jon C.', 'Holbrook, Michael R.', 'Jahrling, Peter B.', 'Dyall, Julie', 'Hensley, Lisa E.']"
   ],
   "journal": "Sci Rep",
   "has_full_text": "False",
   "id": "3881c1624df0b25cf7e9b0c6a7bd934b169de3f9"
}