{
   "sha": "111e82fd55d8b42cd523cf365b53dfcdaa2165d3",
   "source_x": "PMC",
   "title": "A Recombinant La Sota Vaccine Strain Expressing Multiple Epitopes of Infectious Bronchitis Virus (IBV) Protects Specific Pathogen-Free (SPF) Chickens against IBV and NDV Challenges",
   "doi": "http://dx.doi.org/10.3390/vaccines7040170",
   "pmcid": "PMC6963182",
   "pubmed_id": "31683905",
   "license": "CC BY",
   "abstract": "Infectious bronchitis (IB) and Newcastle disease (ND) are two major infectious diseases that are a threat to the domestic poultry industry. In this study, we successfully generated a recombinant LaSota candidate vaccine strain, rNDV-IBV-T/B, which expresses a short, synthetic, previously identified IBV S1 multi-epitope cassette using the reverse genetic system. The recombinant virus was propagated in nine-day-old embryonated chicken eggs for 20 passages and genetic stability was confirmed by whole genome DNA sequencing. The recombinant virus had a hemagglutination (HA) titer of 2(10), mean death time (MDT) of 118 hours, and intracerebral pathogenicity index (ICPI) of 0.05. None of these were significantly different from the parental Newcastle disease virus (NDV) LaSota strain (p > 0.05). Vaccination of white leghorn chickens at one day of age with 10(6) EID(50) rNDV-IBV-T/B provided 90% protection against virulent IBV M41 challenge at three weeks of age, which was significantly higher than the protection of the control group vaccinated with phosphate-buffered saline (PBS) (p < 0.05). The ciliostasis scores of rNDV-IBV-T/B-vaccinated and LaSota-vaccinated groups were 4.2 and 37.6, respectively, which indicated that rNDV-IBV-T/B vaccination reduced the pathogenicity of IBV toward the trachea. Furthermore, real-time RT-PCR assay showed that the rNDV-IBV-T/B vaccination resulted in low levels of viral load (647.80 \u00b1 49.65 RNA copies) in the trachea four days post-challenge, which is significantly lower than groups vaccinated with PBS (8591.25 \u00b1 311.10 RNA copies) or LaSota (7742.60 \u00b1 298.50 RNA copies) (p < 0.05). Meanwhile, the same dose of rNDV-IBV-T/B vaccination provided complete protection against velogenic NDV F48E9 challenge. These results demonstrate that the rNDV-IBV-T/B strain is a promising vaccine candidate to control both IB and ND simultaneously. Furthermore, epitope-based live vector vaccines provide an alternative strategy for the development of cost-effective and, broadly, cross-protective vaccines.",
   "publish_time": "2019 Nov 1",
   "authors": [
      "['Tan, Lei', 'Wen, Guoyuan', 'Qiu, Xusheng', 'Yuan, Yanmei', 'Meng, Chunchun', 'Sun, Yingjie', 'Liao, Ying', 'Song, Cuiping', 'Liu, Weiwei', 'Shi, Yonghong', 'Shao, Huabin', 'Ding, Chan']"
   ],
   "journal": "Vaccines (Basel)",
   "has_full_text": "True",
   "id": "111e82fd55d8b42cd523cf365b53dfcdaa2165d3",
   "fhir_link": "Commercial/Composition/111e82fd55d8b42cd523cf365b53dfcdaa2165d3.json"
}