{
   "sha": "f42e5b1a8e7e77b998cb233f689c4107e19c7c1d",
   "source_x": "Elsevier",
   "title": "The Impact of Emerging Infectious Diseases on Chinese Blood Safety",
   "doi": "10.1016/j.tmrv.2016.10.002",
   "pubmed_id": "27923518",
   "license": "els-covid",
   "abstract": "Abstract Emerging infectious diseases (EIDs) have always been one of the major threats to public health. Although the implementation of mandatory testing for 4 classical transfusion-transmitted infectious\u2014human immunodeficiency virus, hepatitis B virus, hepatitis C virus, and syphilis\u2014has reduced the transfusion risk of these pathogens, the potential threat of various EID agents and their constantly evolving variants to blood safety in China is not fully understood. This review presents 9 representative EID agents that are autochthonous and epidemic nationally or regionally in China. The epidemiologic status and distribution of these EID agents among donors and/or healthy populations are summarized. The potential risks of these EID agents to blood safety are discussed. The review also explores strategies to strengthen hemovigilance systems and studies to further evaluate the impact of EID agents on blood safety.",
   "publish_time": "2017-04-30",
   "authors": [
      "He, Miao",
      "Wang, Jingxing",
      "Chen, Limin",
      "Liu, Jing",
      "Zeng, Peibin"
   ],
   "journal": "Transfusion Medicine Reviews",
   "has_full_text": "True",
   "full_text_file": "custom_license",
   "id": "https://doi.org/10.1016/j.tmrv.2016.10.002",
   "fhir_link": [
      "PMC/Composition/f42e5b1a8e7e77b998cb233f689c4107e19c7c1d"
   ]
}