{
   "sha": "6f7b39ecfc90c29ae92f607ebe37c55a1d4f575d",
   "source_x": "PMC",
   "title": "s-RT-MELT for rapid mutation scanning using enzymatic selection and real time DNA-melting: new potential for multiplex genetic analysis",
   "doi": "http://dx.doi.org/10.1093/nar/gkm403",
   "pmcid": "PMC1919510",
   "pubmed_id": "17545195",
   "license": "CC BY-NC",
   "abstract": "The rapidly growing understanding of human genetic pathways, including those that mediate cancer biology and drug response, leads to an increasing need for extensive and reliable mutation screening on a population or on a single patient basis. Here we describe s-RT-MELT, a novel technology that enables highly expanded enzymatic mutation scanning in human samples for germline or low-level somatic mutations, or for SNP discovery. GC-clamp-containing PCR products from interrogated and wild-type samples are hybridized to generate mismatches at the positions of mutations over one or multiple sequences in-parallel. Mismatches are converted to double-strand breaks using a DNA endonuclease (Surveyor\u2122) and oligonucleotide tails are enzymatically attached at the position of mutations. A novel application of PCR enables selective amplification of mutation-containing DNA fragments. Subsequently, melting curve analysis, on conventional or nano-technology real-time PCR platforms, detects the samples that contain mutations in a high-throughput and closed-tube manner. We apply s-RT-MELT in the screening of p53 and EGFR mutations in cell lines and clinical samples and demonstrate its advantages for rapid, multiplexed mutation scanning in cancer and for genetic variation screening in biology and medicine.",
   "publish_time": "2007 Jun 1",
   "authors": [
      "['Li, Jin', 'Berbeco, Ross', 'Distel, Robert J.', 'J\u00e4nne, Pasi A.', 'Wang, Lilin', 'Makrigiorgos, G. Mike']"
   ],
   "journal": "Nucleic Acids Res",
   "has_full_text": "False",
   "id": "6f7b39ecfc90c29ae92f607ebe37c55a1d4f575d"
}