{
   "sha": "ff6d57f2aad99be129432058665b361dc18747e8",
   "source_x": "PMC",
   "title": "Macrophages genetically resistant to mouse hepatitis virus converted in vitro to susceptible macrophages",
   "pmcid": "PMC2190139",
   "pubmed_id": "175127",
   "license": "CC BY-NC-SA",
   "abstract": "Genetic resistance to mouse hepatitis, which resides largely in the macrophages of resistant C3H mice, may be altered by exposing the cells in vitro to fluid from allogeneic mixed lymphocytes. A 1,000-fold increase in susceptibility was produced in these genetically resistant cells by exposure to this fluid. This presumed lymphokine was effective without producing any change in host adaption of the virus.",
   "publish_time": "1976 Mar 1",
   "journal": "J Exp Med",
   "has_full_text": "True",
   "id": "ff6d57f2aad99be129432058665b361dc18747e8",
   "fhir_link": "Non-comercial/Composition/ff6d57f2aad99be129432058665b361dc18747e8"
}