{
   "sha": "019ee335c75173ed118a7707d5887288c596884e",
   "source_x": "Elsevier",
   "title": "The Asia Pacific Academic Consortium for Global Public Health and Medicine: Stabilizing South-South Academic Collaboration",
   "doi": "10.1016/j.idc.2011.05.005",
   "pubmed_id": "21896357",
   "license": "els-covid",
   "publish_time": "2011-09-30",
   "authors": [
      "Patrick, Walter K."
   ],
   "journal": "Infectious Disease Clinics of North America",
   "has_full_text": "True",
   "full_text_file": "custom_license",
   "id": "https://doi.org/10.1016/j.idc.2011.05.005",
   "fhir_link": [
      "PMC/Composition/019ee335c75173ed118a7707d5887288c596884e"
   ]
}