{
   "sha": "9835beda27f1dd6f88639b7047079c9e509afcdd",
   "source_x": "PMC",
   "title": "Unique Signatures of Long Noncoding RNA Expression in Response to Virus Infection and Altered Innate Immune Signaling",
   "doi": "http://dx.doi.org/10.1128/mBio.00206-10",
   "pmcid": "PMC2962437",
   "pubmed_id": "20978541",
   "license": "CC BY-NC-SA",
   "abstract": "Studies of the host response to virus infection typically focus on protein-coding genes. However, non-protein-coding RNAs (ncRNAs) are transcribed in mammalian cells, and the roles of many of these ncRNAs remain enigmas. Using next-generation sequencing, we performed a whole-transcriptome analysis of the host response to severe acute respiratory syndrome coronavirus (SARS-CoV) infection across four founder mouse strains of the Collaborative Cross. We observed differential expression of approximately 500 annotated, long ncRNAs and 1,000 nonannotated genomic regions during infection. Moreover, studies of a subset of these ncRNAs and genomic regions showed the following. (i) Most were similarly regulated in response to influenza virus infection. (ii) They had distinctive kinetic expression profiles in type I interferon receptor and STAT1 knockout mice during SARS-CoV infection, including unique signatures of ncRNA expression associated with lethal infection. (iii) Over 40% were similarly regulated in vitro in response to both influenza virus infection and interferon treatment. These findings represent the first discovery of the widespread differential expression of long ncRNAs in response to virus infection and suggest that ncRNAs are involved in regulating the host response, including innate immunity. At the same time, virus infection models provide a unique platform for studying the biology and regulation of ncRNAs.",
   "publish_time": "2010 Oct 26",
   "authors": [
      "['Peng, Xinxia', 'Gralinski, Lisa', 'Armour, Christopher D.', 'Ferris, Martin T.', 'Thomas, Matthew J.', 'Proll, Sean', 'Bradel-Tretheway, Birgit G.', 'Korth, Marcus J.', 'Castle, John C.', 'Biery, Matthew C.', 'Bouzek, Heather K.', 'Haynor, David R.', 'Frieman, Matthew B.', 'Heise, Mark', 'Raymond, Christopher K.', 'Baric, Ralph S.', 'Katze, Michael G.']"
   ],
   "journal": "mBio",
   "has_full_text": "False",
   "id": "9835beda27f1dd6f88639b7047079c9e509afcdd"
}