{
   "sha": "f866dfaccbc646719c85b4103b05ded741a30bee",
   "source_x": "PMC",
   "title": "Cooperative translocation enhances the unwinding of duplex DNA by SARS coronavirus helicase nsP13",
   "doi": "http://dx.doi.org/10.1093/nar/gkq647",
   "pmcid": "PMC2995068",
   "pubmed_id": "20671029",
   "license": "CC BY-NC",
   "abstract": "SARS coronavirus encodes non-structural protein 13 (nsP13), a nucleic acid helicase/NTPase belonging to superfamily 1 helicase, which efficiently unwinds both partial-duplex RNA and DNA. In this study, unwinding of DNA substrates that had different duplex lengths and 5\u2032-overhangs was examined under single-turnover reaction conditions in the presence of excess enzyme. The amount of DNA unwound decreased significantly as the length of the duplex increased, indicating a poor in vitro processivity. However, the quantity of duplex DNA unwound increased as the length of the single-stranded 5\u2032-tail increased for the 50-bp duplex. This enhanced processivity was also observed for duplex DNA that had a longer single-stranded gap in between. These results demonstrate that nsP13 requires the presence of a long 5\u2032-overhang to unwind longer DNA duplexes. In addition, enhanced DNA unwinding was observed for gapped DNA substrates that had a 5\u2032-overhang, indicating that the translocated nsP13 molecules pile up and the preceding helicase facilitate DNA unwinding. Together with the propensity of oligomer formation of nsP13 molecules, we propose that the cooperative translocation by the functionally interacting oligomers of the helicase molecules loaded onto the 5\u2032-overhang account for the observed enhanced processivity of DNA unwinding.",
   "publish_time": "2010 Nov 29",
   "authors": [
      "['Lee, Na-Ra', 'Kwon, Hyun-Mi', 'Park, Kkothanahreum', 'Oh, Sangtaek', 'Jeong, Yong-Joo', 'Kim, Dong-Eun']"
   ],
   "journal": "Nucleic Acids Res",
   "has_full_text": "True",
   "id": "f866dfaccbc646719c85b4103b05ded741a30bee",
   "fhir_link": "Non-comercial/f866dfaccbc646719c85b4103b05ded741a30bee"
}