{
   "sha": "882b4b4a41b772d31e8f9e860882088336f26e26",
   "source_x": "PMC",
   "title": "Automated extraction protocol for quantification of SARS-Coronavirus RNA in serum: an evaluation study",
   "doi": "http://dx.doi.org/10.1186/1471-2334-6-20",
   "pmcid": "PMC1382231",
   "pubmed_id": "16466582",
   "license": "CC BY",
   "abstract": "BACKGROUND: We have previously developed a test for the diagnosis and prognostic assessment of the severe acute respiratory syndrome (SARS) based on the detection of the SARS-coronavirus RNA in serum by real-time quantitative reverse transcriptase polymerase chain reaction (RT-PCR). In this study, we evaluated the feasibility of automating the serum RNA extraction procedure in order to increase the throughput of the assay. METHODS: An automated nucleic acid extraction platform using the MagNA Pure LC instrument (Roche Diagnostics) was evaluated. We developed a modified protocol in compliance with the recommended biosafety guidelines from the World Health Organization based on the use of the MagNA Pure total nucleic acid large volume isolation kit for the extraction of SARS-coronavirus RNA. The modified protocol was compared with a column-based extraction kit (QIAamp viral RNA mini kit, Qiagen) for quantitative performance, analytical sensitivity and precision. RESULTS: The newly developed automated protocol was shown to be free from carry-over contamination and have comparable performance with other standard protocols and kits designed for the MagNA Pure LC instrument. However, the automated method was found to be less sensitive, less precise and led to consistently lower serum SARS-coronavirus concentrations when compared with the column-based extraction method. CONCLUSION: As the diagnostic efficiency and prognostic value of the serum SARS-CoV RNA RT-PCR test is critically associated with the analytical sensitivity and quantitative performance contributed both by the RNA extraction and RT-PCR components of the test, we recommend the use of the column-based manual RNA extraction method.",
   "publish_time": "2006 Feb 9",
   "authors": [
      "['Chiu, Rossa WK', 'Jin, Yongjie', 'Chung, Grace TY', 'Lui, Wing-bong', 'Chan, Anthony TC', 'Lim, Wilina', 'Dennis Lo, YM']"
   ],
   "journal": "BMC Infect Dis",
   "has_full_text": "True",
   "id": "882b4b4a41b772d31e8f9e860882088336f26e26",
   "fhir_link": "Commercial/Composition/882b4b4a41b772d31e8f9e860882088336f26e26.json"
}