{
   "sha": "93997d90a946c98079e8effec3cd4679edccb5fd",
   "source_x": "Elsevier",
   "title": "\u00c9pid\u00e9miologie des diarrh\u00e9es aigu\u00ebs infectieuses en France et en Europe",
   "doi": "10.1016/S0929-693X(07)80017-0",
   "pubmed_id": "17961805",
   "license": "els-covid",
   "abstract": "Abstract Acute infectious diarrhoea can be linked to various pathogens among which viruses are responsible for more than a half cases. Rotaviruses and caliciviruses are the most frequently encountered, in close to 60 % of viral gastroenterititis. Rotaviruses account for more than 50 % of severe diseases and caliciviruses, especially norovirus are reponsible for less severe sporadic gastroenteritis and water-or food- borne epidemics. Astroviruses and adenoviruses are minority, excepted for immunocompromised patients. Viral or Bacterial and viral co- infections are frequent (up to 15 %). To date, the first rotavirus vaccine assays did not reveal any shift from a viral genus to another, such as calicivirus or adenovirns, according to the fact that epidemiologic features of these viruses are quite different. Progress in viral diagnosis and genotyping enabled to analyse viral diversity and to follow viral recombination events, and emergence of new variants that could propagate among various countries. This dynamic evolution that concerns not only Europe but also developing countries should be carefully surveyed at the era of rotavirus vaccination.",
   "publish_time": "2007-10-31",
   "authors": [
      "Alain, S.",
      "Denis, F."
   ],
   "journal": "Archives de P\u00e9diatrie",
   "has_full_text": "True",
   "full_text_file": "custom_license",
   "id": "https://doi.org/10.1016/S0929-693X(07)80017-0",
   "fhir_link": [
      "PMC/Composition/93997d90a946c98079e8effec3cd4679edccb5fd"
   ]
}