{
   "sha": "1b1be3227cddaf35d98b26bdb5aac5a11842bfc9",
   "source_x": "Elsevier",
   "title": "The mannose-binding lectin: a prototypic pattern recognition molecule",
   "doi": "10.1016/j.coi.2005.11.014",
   "license": "els-covid",
   "abstract": "The innate immune system is comprised of a sophisticated network of recognition and effector molecules that act together to protect the host in the first minutes or hours of exposure to an infectious challenge. The mannose-binding lectin (MBL) is an evolutionary conserved circulating host defense protein that acts as a broad-spectrum recognition molecule against a wide variety of infectious agents. Target binding triggers the MBL pathway of complement activation. MBL can be considered conceptually as an \u2018ante-antibody\u2019 because it has a role in mammals during the lag period that is required to develop an antibody response against infectious agents. Additionally, there are MBL-like homologues in animals that lack adaptive immunity that activate a primitive complement system, and under these circumstances these MBL-like molecules play an analogous role to antibodies in higher animals. These molecules might be considered to be functional antecedents of antibodies. Recent work also indicates that MBL recognizes altered self-antigens, and as such MBL has a role that extends beyond a traditional role in first line host defense as it appears to play a role as a modulator of inflammation.",
   "publish_time": "2006-02-28",
   "authors": [
      "Takahashi, Kazue",
      "Ip, WK Eddie",
      "Michelow, Ian C",
      "Ezekowitz, R Alan B"
   ],
   "journal": "Current Opinion in Immunology",
   "has_full_text": "True",
   "full_text_file": "custom_license",
   "id": "https://doi.org/10.1016/j.coi.2005.11.014",
   "fhir_link": [
      "PMC/Composition/1b1be3227cddaf35d98b26bdb5aac5a11842bfc9"
   ]
}