{
   "sha": "bf573e1259148bb11f71b1dce3ad11c0a091ce36",
   "source_x": "PMC",
   "title": "H7N9 avian influenza virus - search and re-search",
   "doi": "http://dx.doi.org/10.1038/emi.2013.18",
   "pmcid": "PMC3636592",
   "pubmed_id": "26038459",
   "license": "CC BY-NC-ND",
   "publish_time": "2013 Apr 10",
   "authors": [
      "['Wen, Yu-Mei', 'Klenk, Hans-Dieter']"
   ],
   "journal": "Emerg Microbes Infect",
   "has_full_text": "True",
   "id": "bf573e1259148bb11f71b1dce3ad11c0a091ce36",
   "fhir_link": "Non-comercial/Composition/bf573e1259148bb11f71b1dce3ad11c0a091ce36"
}