{
   "sha": "8dc8c40ee8b61c5660b15c9e81e928eb3dc44ee5",
   "source_x": "PMC",
   "title": "Highly similar structural frames link the template tunnel and NTP entry tunnel to the exterior surface in RNA-dependent RNA polymerases",
   "doi": "http://dx.doi.org/10.1093/nar/gks1251",
   "pmcid": "PMC3561941",
   "pubmed_id": "23275546",
   "license": "CC BY-NC",
   "abstract": "RNA-dependent RNA polymerase (RdRp) is essential to viral replication and is therefore one of the primary targets of countermeasures against these dangerous infectious agents. Development of broad-spectrum therapeutics targeting polymerases has been hampered by the extreme sequence variability of these sequences. RdRps range in length from 400\u2013800 residues, yet contain only \u223c20 residues that are conserved in most species. In this study, we made structure-based comparisons that are independent of sequence composition using a recently developed algorithm. We identified residue-to-residue correspondences of multiple protein structures and created (two-dimensional) structure-based alignment maps of 37 polymerase structures that provide both sequence and structure details. Using these maps, we determined that \u223c75% of each polymerase species consists of seven protein segments, each of which has high structural similarity to segments in other species, though they are widely divergent in sequence composition and order. We define each of these segments as a \u2018homomorph\u2019, and each includes (though most are much larger than) the well-known conserved polymerase motifs. All homomorphs contact the template tunnel or nucleoside triphosphate (NTP) entry tunnel and the exterior of the protein, suggesting they constitute a structural and functional skeleton common among the polymerases.",
   "publish_time": "2013 Feb 25",
   "authors": [
      "['Lang, Dorothy M.', 'Zemla, A. T.', 'Zhou, C. L. Ecale']"
   ],
   "journal": "Nucleic Acids Res",
   "has_full_text": "True",
   "id": "8dc8c40ee8b61c5660b15c9e81e928eb3dc44ee5",
   "fhir_link": "Non-comercial/Composition/8dc8c40ee8b61c5660b15c9e81e928eb3dc44ee5"
}