{
   "sha": "77fcb3d2473e9f9c05c8f0bce3f4ebecdd5252ca",
   "source_x": "PMC",
   "title": "The Advantages and Limitations of International Classification of Diseases, Injuries and Causes of Death from Aspect of Existing Health Care System of Bosnia and Herzegovina",
   "doi": "http://dx.doi.org/10.5455/aim.2008.16.159-161",
   "pmcid": "PMC3789162",
   "pubmed_id": "24109155",
   "license": "CC BY-NC",
   "abstract": "CONFLICT OF INTEREST: NONE DECLARED INTRODUCTION: The International classification of diseases (ICD) is the most important classification in medicine. It is used by all medical professionals. CONCEPT: The basic concept of ICD is founded on the standardization of the nomenclature for the names of diseases and their basic systematization in the hierarchically structured category. ADVANTAGES AND DISADVANTAGES: The health care provider institutions such as hospitals are subjects that should facilitate implementation of medical applications that follows the patient medical condition and facts connected with him. The definitive diagnosis that can be coded using ICD can be achieved after several visits of patient and rarely during the first visit. CONCLUSION: The ICD classification is one of the oldest and most important classifications in medicine. In the scope of ICD are all fields of medicine. It is used in statistical purpose and as a coding system in medical databases.",
   "publish_time": "2008 Sep",
   "authors": [
      "['Kurbasic, Izeta', 'Pandza, Haris', 'Masic, Izet', 'Huseinagic, Senad', 'Tandir, Salih', 'Alicajic, Fredi', 'Toromanovic, Selim']"
   ],
   "journal": "Acta Inform Med",
   "has_full_text": "True",
   "id": "77fcb3d2473e9f9c05c8f0bce3f4ebecdd5252ca",
   "fhir_link": "Non-comercial/Composition/77fcb3d2473e9f9c05c8f0bce3f4ebecdd5252ca.json"
}