{
   "sha": "241348149ec43ddce1d3033145b00307db56aea0",
   "source_x": "PMC",
   "title": "Tanshinone IIA Attenuates Bleomycin-Induced Pulmonary Fibrosis via Modulating Angiotensin-Converting Enzyme 2/ Angiotensin-(1-7) Axis in Rats",
   "doi": "http://dx.doi.org/10.7150/ijms.8365",
   "pmcid": "PMC4003542",
   "pubmed_id": "24782646",
   "license": "CC BY-NC-ND",
   "abstract": "Pulmonary fibrosis (PF) is a common complication in those interstitial lung diseases patients, which will result in poor prognosis and short survival. Traditional therapeutic methods such as glucocorticoid and cytotoxic drugs are insufficient for treating PF and may cause severe side effects. Recent studies showed that traditional Chinese herbal abstraction such as Tanshinone IIA (TIIA) was displayed significant anti-PF effects in animal models. However, the exact mechanisms underlying the protective effects of TIIA were not fully understood. Here we further investigated the protective effects of TIIA and its mechanisms underlying. PF models of rat were induced by bleomycin (BLM); TIIA was administered subsequently. The PF changes were identified by histopathological analyses. The results showed that BLM resulted in severe PF and alveolar inflammation; together with significant elevation of transforming growth factor-\u03b2 1 (TGF-\u03b21). Angiotensin-converting enzyme 2 (ACE-2) together with angiotensin-(1-7) [ANG-(1-7)] were both greatly reduced after BLM administration. TIIA treatment notably attenuated BLM induced PF and inflammation, decreased expression of TGF-\u03b21 and reversed ACE-2 and ANG-(1-7) production in rat lungs. Thus we may draw the conclusion that TIIA may exert protective effects on BLM induced PF in rats, and the ACE-2/ANG-(1-7) axis may ascribe to those protective effects.",
   "publish_time": "2014 Apr 7",
   "authors": [
      "['Wu, Huajie', 'Li, Yan', 'Wang, Yanxia', 'Xu, Dunquan', 'Li, Congcong', 'Liu, Manling', 'Sun, Xin', 'Li, Zhichao']"
   ],
   "journal": "Int J Med Sci",
   "has_full_text": "True",
   "id": "241348149ec43ddce1d3033145b00307db56aea0",
   "fhir_link": "Non-comercial/Composition/241348149ec43ddce1d3033145b00307db56aea0.json"
}