{
   "sha": "53acde11a13a4bc899736ad69bd9a140c68b1a17",
   "source_x": "Elsevier",
   "title": "Impacts and responsibilities for sustainable tourism: a tour operator\u2019s perspective",
   "doi": "10.1016/j.jclepro.2003.12.024",
   "license": "els-covid",
   "abstract": "Abstract Tourism is currently responsible for the largest, annual human migration in history. This great movement of people has significant positive and negative consequences on nature, societies, cultures and economies. Desired worldwide for its economic benefits, tourism is anticipated to double during the next 20 years, and the multiple consequences of such rapid growth, call for a preventative approach at all strategic and professional levels, in order to avoid negative impacts. Considering mass tourism as a reality of our contemporary life that cannot be neglected by current efforts to endorse sustainable tourism, this paper draws attention to one of its key players\u2014the tour operators\u2014advancing the proposition that they play significant roles in affecting changes in behaviors and attitudes towards more responsible forms of tourism. Aiming to facilitate a constructive debate on the matter, the article presents a few of the most important arguments that underscore the potential that tour operators\u2019 have in promoting sustainable tourism.",
   "publish_time": "2005-01-31",
   "authors": [
      "Budeanu, Adriana"
   ],
   "journal": "Journal of Cleaner Production",
   "has_full_text": "True",
   "full_text_file": "custom_license",
   "id": "https://doi.org/10.1016/j.jclepro.2003.12.024",
   "fhir_link": [
      "PMC/Composition/53acde11a13a4bc899736ad69bd9a140c68b1a17"
   ]
}