{
   "sha": "43061772da7c84b389ab1e7ee98e110861120118",
   "source_x": "PMC",
   "title": "Comprehensive Functional Analysis of N-Linked Glycans on Ebola Virus GP1",
   "doi": "http://dx.doi.org/10.1128/mBio.00862-13",
   "pmcid": "PMC3950510",
   "pubmed_id": "24473128",
   "license": "CC BY-NC-SA",
   "abstract": "Ebola virus (EBOV) entry requires the virion surface-associated glycoprotein (GP) that is composed of a trimer of heterodimers (GP1/GP2). The GP1 subunit contains two heavily glycosylated domains, the glycan cap and the mucin-like domain (MLD). The glycan cap contains only N-linked glycans, whereas the MLD contains both N- and O-linked glycans. Site-directed mutagenesis was performed on EBOV GP1 to systematically disrupt N-linked glycan sites to gain an understanding of their role in GP structure and function. All 15 N-glycosylation sites of EBOV GP1 could be removed without compromising the expression of GP. The loss of these 15 glycosylation sites significantly enhanced pseudovirion transduction in Vero cells, which correlated with an increase in protease sensitivity. Interestingly, exposing the receptor-binding domain (RBD) by removing the glycan shield did not allow interaction with the endosomal receptor, NPC1, indicating that the glycan cap/MLD domains mask RBD residues required for binding. The effects of the loss of GP1 N-linked glycans on Ca(2+)-dependent (C-type) lectin (CLEC)-dependent transduction were complex, and the effect was unique for each of the CLECs tested. Surprisingly, EBOV entry into murine peritoneal macrophages was independent of GP1 N-glycans, suggesting that CLEC-GP1 N-glycan interactions are not required for entry into this important primary cell. Finally, the removal of all GP1 N-glycans outside the MLD enhanced antiserum and antibody sensitivity. In total, our results provide evidence that the conserved N-linked glycans on the EBOV GP1 core protect GP from antibody neutralization despite the negative impact the glycans have on viral entry efficiency.",
   "publish_time": "2014 Jan 28",
   "authors": [
      "['Lennemann, Nicholas J.', 'Rhein, Bethany A.', 'Ndungo, Esther', 'Chandran, Kartik', 'Qiu, Xiangguo', 'Maury, Wendy']"
   ],
   "journal": "mBio",
   "has_full_text": "False",
   "id": "43061772da7c84b389ab1e7ee98e110861120118"
}