{
   "sha": "e049c6c0a11f74f4ca0c96d81d41a52174043b5a",
   "source_x": "Elsevier",
   "title": "Engineering Coronaviruses to Evaluate Emergence and Pathogenic Potential",
   "doi": "10.1016/j.tim.2016.04.001",
   "pubmed_id": "27095615",
   "license": "els-covid",
   "abstract": "A recent study provides a platform for generating infectious coronavirus genomes using sequence data, examining their capabilities of replicating in human cells and causing diseases in animal models, and evaluating therapeutics and vaccines. Similar approaches could be used to assess the potential of human emergence and pathogenicity for other viruses.",
   "publish_time": "2016-06-30",
   "authors": [
      "Lau, Susanna K.P.",
      "Woo, Patrick C.Y."
   ],
   "journal": "Trends in Microbiology",
   "has_full_text": "True",
   "full_text_file": "custom_license",
   "id": "https://doi.org/10.1016/j.tim.2016.04.001",
   "fhir_link": [
      "PMC/Composition/e049c6c0a11f74f4ca0c96d81d41a52174043b5a"
   ]
}