{
   "sha": "54b1aa9288d2c87dfe3b26d6289b41c4dcdb6982",
   "source_x": "Elsevier",
   "title": "Bacteriophages as model organisms for virus emergence research",
   "doi": "10.1016/j.tim.2009.07.006",
   "pubmed_id": "19765997",
   "license": "els-covid",
   "abstract": "Viruses fully emerge by gaining the ability to sustainably infect new host populations. When the hosts are humans, emerging viruses can present major public health issues, as exemplified by the AIDS pandemic. Therefore, heuristic approaches to identify nascent diseases before they become pandemic would be valuable. Unfortunately, the current patient-based and epidemiological approaches are ill-suited in this regard because they are largely responsive and not predictive. Alternative approaches based on virus evolutionary ecology might have greater potential to predict virus emergence. However, given the difficulties encountered when studying metazoan viruses in this context, the development of new model systems is greatly desirable. Here, I highlight studies that show that bacteriophages are appropriate model organisms for virus emergence research because of the ease in which important population parameters can be manipulated. Ideally this research will permit identifying major factors determining the persistence or extinction of emerging viruses. If such viruses could be recognized in advance, patient-based and epidemiological strategies could be better mobilized to deal with them.",
   "publish_time": "2009-10-31",
   "authors": [
      "Dennehy, John J."
   ],
   "journal": "Trends in Microbiology",
   "has_full_text": "True",
   "full_text_file": "custom_license",
   "id": "https://doi.org/10.1016/j.tim.2009.07.006",
   "fhir_link": [
      "PMC/Composition/54b1aa9288d2c87dfe3b26d6289b41c4dcdb6982"
   ]
}