{
   "sha": "0ced6299507661eeb13e9b4ecb79619740620daf",
   "source_x": "Elsevier",
   "title": "Post-vaccination encephalomyelitis: Literature review and illustrative case",
   "doi": "10.1016/j.jocn.2008.05.002",
   "pubmed_id": "18976924",
   "license": "els-covid",
   "abstract": "Abstract Acute disseminated encephalomyelitis (ADEM) is an inflammatory demyelinating disease of the central nervous system that is usually considered a monophasic disease. ADEM forms one of several categories of primary inflammatory demyelinating disorders of the central nervous system including multiple sclerosis, optic neuropathy, acute transverse myelitis, and neuromyelitis optica (Devic\u2019s disease). Post-infectious and post-immunisation encephalomyelitis make up about three-quarters of cases, where the timing of a febrile event is associated with the onset of neurological disease. Post-vaccination ADEM has been associated with several vaccines such as rabies, diphtheria\u2013tetanus\u2013polio, smallpox, measles, mumps, rubella, Japanese B encephalitis, pertussis, influenza, hepatitis B, and the Hog vaccine. We review ADEM with particular emphasis on vaccination as the precipitating factor. We performed a literature search using Medline (1976\u20132007) with search terms including \u201cADEM\u201d, \u201cacute disseminated encephalomyelitis\u201d, \u201cencephalomyelitis\u201d, \u201cvaccination\u201d, and \u201cimmunisation\u201d. A patient presenting with bilateral optic neuropathies within 3 weeks of \u201cinactivated\u201d influenza vaccination followed by delayed onset of ADEM 3 months post-vaccination is described.",
   "publish_time": "2008-12-31",
   "authors": [
      "Huynh, William",
      "Cordato, Dennis J.",
      "Kehdi, Elias",
      "Masters, Lynette T.",
      "Dedousis, Chris"
   ],
   "journal": "Journal of Clinical Neuroscience",
   "has_full_text": "True",
   "full_text_file": "custom_license",
   "id": "https://doi.org/10.1016/j.jocn.2008.05.002",
   "fhir_link": [
      "PMC/Composition/0ced6299507661eeb13e9b4ecb79619740620daf"
   ]
}