{
   "sha": "11a6f813fa996f0baa670ecc66875602f971eef1",
   "source_x": "PMC",
   "title": "Cytomegalovirus pneumonia as the first manifestation of severe combined immunodeficiency",
   "doi": "http://dx.doi.org/10.5114/ceji.2014.45953",
   "pmcid": "PMC4440000",
   "pubmed_id": "26155153",
   "license": "CC BY-NC-ND",
   "abstract": "Severe combined immunodeficiency (SCID) is characterized by the absence of functional T lymphocytes and impairment of adaptive immunity. While heterogeneity of the genetic background in SCID leads to the variability of immune phenotypes, most of affected newborns appear healthy but within the first few months they develop life-threatening opportunistic respiratory or gastrointestinal tract infections. The objective of the study was to define the presenting features and etiology of infections in children with SCID. We retrospectively reviewed five children in whom the diagnosis of SCID had been established in our pediatric immunology clinic over the last 10-year period. A viral respiratory tract infection was the first manifestation of SCID in all the children studied. Cytomegalovirus (CMV) pneumonia was recognized in as many as 4 cases and coronavirus pulmonary infection was diagnosed in one case, whereas Pneumocystis jiroveci was identified as a co-pathogen in one CMV-infected patient. Severe combined immunodeficiency is a pediatric emergency condition and given the significant impact of pulmonary CMV infection in SCID children, establishing an accurate etiological diagnosis is of essential importance in instituting the specific treatment and improving the outcome.",
   "publish_time": "2014 Oct 14",
   "authors": [
      "['Szczawi\u0144ska-Pop\u0142onyk, Aleksandra', 'Jo\u0144czyk-Potoczna, Katarzyna', 'Ossowska, Lidia', 'Br\u0119borowicz, Anna', 'Bartkowska-\u015aniatkowska, Alicja', 'Wachowiak, Jacek']"
   ],
   "journal": "Cent Eur J Immunol",
   "has_full_text": "True",
   "id": "11a6f813fa996f0baa670ecc66875602f971eef1",
   "fhir_link": "Non-comercial/Composition/11a6f813fa996f0baa670ecc66875602f971eef1"
}