{
   "sha": "6241b706a18027d86e08d20fc43d05bcfecd00d3",
   "source_x": "Elsevier",
   "title": "MultiBac: expanding the research toolbox for multiprotein complexes",
   "doi": "10.1016/j.tibs.2011.10.005",
   "pubmed_id": "22154230",
   "license": "els-covid",
   "abstract": "Protein complexes composed of many subunits carry out most essential processes in cells and, therefore, have become the focus of intense research. However, deciphering the structure and function of these multiprotein assemblies imposes the challenging task of producing them in sufficient quality and quantity. To overcome this bottleneck, powerful recombinant expression technologies are being developed. In this review, we describe the use of one of these technologies, MultiBac, a baculovirus expression vector system that is particularly tailored for the production of eukaryotic multiprotein complexes. Among other applications, MultiBac has been used to produce many important proteins and their complexes for their structural characterization, revealing fundamental cellular mechanisms.",
   "publish_time": "2012-02-29",
   "authors": [
      "Bieniossek, Christoph",
      "Imasaki, Tsuyoshi",
      "Takagi, Yuichiro",
      "Berger, Imre"
   ],
   "journal": "Trends in Biochemical Sciences",
   "has_full_text": "True",
   "full_text_file": "custom_license",
   "id": "https://doi.org/10.1016/j.tibs.2011.10.005",
   "fhir_link": [
      "PMC/Composition/6241b706a18027d86e08d20fc43d05bcfecd00d3"
   ]
}