{
   "sha": "0ffc503972e23c8b6c079724b9b24ff59028d323",
   "source_x": "Elsevier",
   "title": "Infections in the tropics- is the bane of yesteryears waning?",
   "doi": "10.1016/j.injms.2017.08.005",
   "license": "els-covid",
   "publish_time": "2017-09-30",
   "authors": [
      "Prakash, Anupam"
   ],
   "journal": "Indian Journal of Medical Specialities",
   "has_full_text": "True",
   "full_text_file": "custom_license",
   "id": "https://doi.org/10.1016/j.injms.2017.08.005",
   "fhir_link": [
      "PMC/Composition/0ffc503972e23c8b6c079724b9b24ff59028d323"
   ]
}