{
   "sha": "5654f631d4fdb16992c05e76574f311f24dd506e",
   "source_x": "PMC",
   "title": "2015 MERS outbreak in Korea: hospital-to-hospital transmission",
   "doi": "http://dx.doi.org/10.4178/epih/e2015033",
   "pmcid": "PMC4533026",
   "pubmed_id": "26212508",
   "license": "CC BY-NC",
   "abstract": "The distinct characteristic of the Middle East Respiratory Syndrome (MERS) outbreak in South Korea is that it not only involves intra-hospital transmission, but it also involves hospital-to-hospital transmission. It has been the largest MERS outbreak outside the Middle East, with 186 confirmed cases and, among them, 36 fatal cases as of July 26, 2015. All confirmed cases are suspected to be hospital-acquired infections except one case of household transmission and two cases still undergoing examination. The Korean health care system has been the major factor shaping the unique characteristics of the outbreak. Taking this as an opportunity, the Korean government should carefully assess the fundamental problems of the vulnerability to hospital infection and make short- as well as long-term plans for countermeasures. In addition, it is hoped that this journal, Epidemiology and Health, becomes a place where various topics regarding MERS can be discussed and shared.",
   "publish_time": "2015 Jul 21",
   "authors": [
      "Ki, Moran"
   ],
   "journal": "Epidemiol Health",
   "has_full_text": "False",
   "id": "5654f631d4fdb16992c05e76574f311f24dd506e"
}