{
   "sha": "975a8b4abe4cc0181522e859a92c5ddc22f50c29",
   "source_x": "PMC",
   "title": "A questionnaire-based survey on the uptake and use of cattle vaccines in the UK",
   "doi": "http://dx.doi.org/10.1136/vropen-2014-000042",
   "pmcid": "PMC4562447",
   "pubmed_id": "26392877",
   "license": "CC BY-NC",
   "abstract": "BACKGROUND: Vaccination is a widely used strategy for disease control in cattle in the UK and abroad. However, there has been limited research describing the uptake and use of cattle vaccines on UK farms. AIM: To describe the current uptake and usage of cattle vaccines in the UK. DESIGN: A questionnaire, available in paper and online format, was distributed to cattle farmers by convenience sampling. PARTICIPANTS: All UK cattle farmers were eligible to participate in the study. RESULTS: Eighty-six per cent of respondents (n=229/266) had vaccinated their cattle in the past year. Diseases most commonly vaccinated against were Bovine Viral Diarrhoea, Leptospirosis and Infectious Bovine Rhinotracheitis. Vaccination compliance was limited in certain areas, for example only 48 per cent of respondents stated that they administered the second dose in the primary course within the recommended timeframe, and 14 per cent of respondents stated that they vaccinated earlier than the youngest recommended age. Although outside the scope of this study, further work is needed to establish the extent of inadequate compliance and the effect this has on vaccine efficacy. The role of the veterinarian was highlighted as the main supplier of vaccines and preferred source of vaccination information. Respondents preferred to receive recommendations regarding vaccination by face-to-face communication with the veterinarian. CONCLUSIONS: The results provide a description of the current uptake and usage of cattle vaccines in the UK. Uptake is generally high but there are areas of usage of vaccines which could be improved upon. The veterinarian plays a key role as supplier of vaccines and a source of information for the majority of farmers. Although outside the scope of this study, further work is needed to establish the extent of inadequate compliance and the effect this has on vaccine efficacy. Although the respondents in this study represent a biased population of farmers, the findings indicate areas for future investigation in order to improve vaccination strategies in cattle in the UK.",
   "publish_time": "2014 Jul 11",
   "authors": [
      "['Cresswell, E.', 'Brennan, M. L.', 'Barkema, H. W.', 'Wapenaar, W.']"
   ],
   "journal": "Vet Rec Open",
   "has_full_text": "True",
   "id": "975a8b4abe4cc0181522e859a92c5ddc22f50c29",
   "fhir_link": "Non-comercial/975a8b4abe4cc0181522e859a92c5ddc22f50c29"
}