{
   "sha": "7e0195ed4cec2a365ca4668e68a6b8ebc29e7d83",
   "source_x": "PMC",
   "title": "Widening participation would be key in enhancing bioinformatics and genomics research in Africa",
   "doi": "http://dx.doi.org/10.1016/j.atg.2015.09.001",
   "pmcid": "PMC4699381",
   "pubmed_id": "26767163",
   "license": "CC BY-NC-ND",
   "abstract": "Bioinformatics and genome science (BGS) are gradually gaining roots in Africa, contributing to studies that are leading to improved understanding of health, disease, agriculture and food security. While a few African countries have established foundations for research and training in these areas, BGS appear to be limited to only a few institutions in specific African countries. However, improving the disciplines in Africa will require pragmatic efforts to expand training and research partnerships to scientists in yet-unreached institutions. Here, we discuss the need to expand BGS programmes in Africa, and propose mechanisms to do so.",
   "publish_time": "2015 Sep 16",
   "authors": [
      "['Karikari, Thomas K.', 'Quansah, Emmanuel', 'Mohamed, Wael M.Y.']"
   ],
   "journal": "Appl Transl Genom",
   "has_full_text": "False",
   "id": "7e0195ed4cec2a365ca4668e68a6b8ebc29e7d83"
}