{
   "sha": "176fa00106dc0e7b0ef19c0b606aa80cd14e4057",
   "source_x": "PMC",
   "title": "Comparative Functional Analysis of 12 Mammalian IFN-\u03bb4 Orthologs",
   "doi": "http://dx.doi.org/10.1089/jir.2015.0096",
   "pmcid": "PMC4722605",
   "pubmed_id": "26308395",
   "license": "CC BY-NC",
   "abstract": "IFN-\u03bb4 is a novel type-III interferon with strong clinical significance in humans. Only a subset of individuals\u2014up to 10% of Asians, 50% of Europeans, and 90% of Africans\u2014carry the \u0394G allele of a genetic variant rs368234815-TT/\u0394G and are genetically able to produce IFN-\u03bb4 protein. Carriers of the \u0394G allele have impaired ability to clear infection with hepatitis C virus (HCV). IFN-\u03bb4 is also predicted to exist and be functionally important in several nonhuman mammals. In this study, we present the first comparative analysis of 12 mammalian IFN-\u03bb4 orthologs in a human hepatic cell line, HepG2, which supports signaling of the human IFN-\u03bb4. We show that despite differences in protein sequences, functional properties of the recombinant human and nonhuman IFN-\u03bb4 proteins are comparable\u2014they are all expressed as predominantly cytoplasmic proteins that are biologically active for induction of interferon signaling. We show that several IFN-\u03bb4 orthologs can be detected by Western blotting, flow cytometry, and confocal imaging using a monoclonal antibody developed for the human IFN-\u03bb4. Studies of IFN-\u03bb4 in animals should help improve our understanding of the biology of this novel clinically important interferon in normal and disease conditions.",
   "publish_time": "2016 Jan 1",
   "authors": [
      "['Paquin, Ashley', 'Onabajo, Olusegun O.', 'Tang, Wei', 'Prokunina-Olsson, Ludmila']"
   ],
   "journal": "J Interferon Cytokine Res",
   "has_full_text": "True",
   "id": "176fa00106dc0e7b0ef19c0b606aa80cd14e4057",
   "fhir_link": "Non-comercial/176fa00106dc0e7b0ef19c0b606aa80cd14e4057"
}