{
   "sha": "437023e7796433e7123e918659e67f460ad876f7",
   "source_x": "PMC",
   "title": "The Author Reply: A Comment on \u201cQuaternary Prevention in Public Health\u201d",
   "doi": "http://dx.doi.org/10.3961/jpmph.16.032",
   "pmcid": "PMC4829374",
   "pubmed_id": "27055552",
   "license": "CC BY-NC",
   "publish_time": "2016 Mar 31",
   "authors": [
      "Bae, Jong-Myon"
   ],
   "journal": "J Prev Med Public Health",
   "has_full_text": "False",
   "id": "437023e7796433e7123e918659e67f460ad876f7"
}