{
   "sha": "d01d18b030a878f854bd1fcfb99595f22bfedcd5",
   "source_x": "Elsevier",
   "title": "Molecular cloning, expression, and purification of SARS-CoV nsp13",
   "doi": "10.1016/j.pep.2004.08.003",
   "pubmed_id": "15866708",
   "license": "els-covid",
   "abstract": "Abstract The SARS-nsp13 protein was identified as an mRNA cap1 methyltransferase. In this study, the nsp13 gene was cloned from the SARS-CoV PUMC02 strain viral RNA by RT-PCR, and inserted into the expression plasmid pET30a(+). The recombinant plasmid pET30a(+)-nsp13 was confirmed by restriction enzymes and sequencing analysis, and transformed into Escherichia coli BL21(DE3). The His-tag-fused protein was expressed by induction of 0.5mM IPTG and purified by a single Ni2+ affinity chromatography. The protein was validated by western blot and MS analysis. A large quantity of the nsp13 protein obtained with this method may be useful for further study of its structure and function.",
   "publish_time": "2005-06-30",
   "authors": [
      "Fan, Zheng",
      "Peng, Kunpeng",
      "Tan, Xinyu",
      "Yin, Bin",
      "Dong, Xiuhua",
      "Qiu, Feichan",
      "Shen, Yan",
      "Wang, Heng",
      "Yuan, Jiangang",
      "Qiang, Boqin",
      "Peng, Xiaozhong"
   ],
   "journal": "Protein Expression and Purification",
   "has_full_text": "True",
   "full_text_file": "custom_license",
   "id": "https://doi.org/10.1016/j.pep.2004.08.003",
   "fhir_link": [
      "PMC/Composition/d01d18b030a878f854bd1fcfb99595f22bfedcd5"
   ]
}