{
   "sha": "8016c07acf423bde29ea3e2742fb37286a9b013a",
   "source_x": "PMC",
   "title": "Update on Canine and Feline Blood Donor Screening for Blood\u2010Borne Pathogens",
   "doi": "http://dx.doi.org/10.1111/jvim.13823",
   "pmcid": "PMC4913655",
   "pubmed_id": "26806261",
   "license": "CC BY-NC",
   "abstract": "An update on the 2005 American College of Veterinary Internal Medicine (ACVIM) Consensus Statement on blood donor infectious disease screening was presented at the 2015 ACVIM Forum in Indianapolis, Indiana, followed by panel and audience discussion. The updated consensus statement is presented below. The consensus statement aims to provide guidance on appropriate blood\u2010borne pathogen testing for canine and feline blood donors in North America.",
   "publish_time": "2016 Jan 25 Jan-Feb",
   "authors": [
      "['Wardrop, K.J.', 'Birkenheuer, A.', 'Blais, M.C.', 'Callan, M.B.', 'Kohn, B.', 'Lappin, M.R.', 'Sykes, J.']"
   ],
   "journal": "J Vet Intern Med",
   "has_full_text": "True",
   "id": "8016c07acf423bde29ea3e2742fb37286a9b013a",
   "fhir_link": "Non-comercial/8016c07acf423bde29ea3e2742fb37286a9b013a"
}