{
   "sha": "744870464b8da5b528316c8761bd006c3724245a",
   "source_x": "Elsevier",
   "title": "Innate and Adaptive Immunity through Autophagy",
   "doi": "10.1016/j.immuni.2007.07.004",
   "pubmed_id": "17663981",
   "license": "els-covid",
   "abstract": "The two main proteolytic machineries of eukaryotic cells, lysosomes and proteasomes, receive substrates by different routes. Polyubiquitination targets proteins for proteasomal degradation, whereas autophagy delivers intracellular material for lysosomal hydrolysis. The importance of autophagy for cell survival has long been appreciated, but more recently, its essential role in both innate and adaptive immunity has been characterized. Autophagy is now recognized to restrict viral infections and replication of intracellular bacteria and parasites. Additionally, this pathway delivers cytoplasmic antigens for MHC class II presentation to the adaptive immune system, which then in turn is able to regulate autophagy. At the same time, autophagy plays a role in the survival and the cell death of T cells. Thus, the immune system utilizes autophagic degradation of cytoplasmic material, to both restrict intracellular pathogens and regulate adaptive immunity.",
   "publish_time": "2007-07-27",
   "authors": [
      "Schmid, Dorothee",
      "M\u00fcnz, Christian"
   ],
   "journal": "Immunity",
   "has_full_text": "True",
   "full_text_file": "custom_license",
   "id": "https://doi.org/10.1016/j.immuni.2007.07.004",
   "fhir_link": [
      "PMC/Composition/744870464b8da5b528316c8761bd006c3724245a"
   ]
}