{
   "sha": "6c5eefe46e0d278ccfc29c476c8adaa18444c69c",
   "source_x": "PMC",
   "title": "The Utility of Acute\u2010Phase Proteins in the Assessment of Treatment Response in Dogs With Bacterial Pneumonia",
   "doi": "http://dx.doi.org/10.1111/jvim.14631",
   "pmcid": "PMC5259651",
   "pubmed_id": "28032360",
   "license": "CC BY-NC",
   "abstract": "BACKGROUND: Acute\u2010phase proteins (APPs) are sensitive markers of inflammation, and serum C\u2010reactive protein (CRP) recently has been shown to be a useful diagnostic marker in dogs with bacterial pneumonia (BP). In humans with community\u2010acquired pneumonia, APPs also have great utility as follow\u2010up markers aiding in the assessment of treatment response. OBJECTIVES: The aim of our study was to investigate the applicability of APPs as markers of treatment response in dogs with BP. ANIMALS: Nineteen dogs diagnosed with BP and 64 healthy dogs. METHODS: The study was conducted as a prospective longitudinal observational study. Serum CRP, serum amyloid A (SAA), and haptoglobin concentrations were followed during a natural course of BP. Normalization of serum CRP was used to guide the duration of antibiotic treatment (treatment was stopped 5\u20137 days after CRP normalized) in 8 of 17 dogs surviving to discharge; 9 of 17 dogs were treated according to conventional recommendations. RESULTS: All measured APPs initially were significantly increased, but the magnitude of increase was not correlated to disease severity. C\u2010reactive protein and SAA concentrations decreased rapidly after initiation of antimicrobial treatment. When normalization of serum CRP was used to guide the duration of antibiotic treatment, treatment duration was significantly (P = .015) decreased without increasing the number of relapses. CONCLUSIONS AND CLINICAL IMPORTANCE: Serum CRP and SAA reflected the recovery process well and therefore may be used as markers of treatment response. According to the results, the normalization of serum CRP may be used to guide the duration of antibiotic treatment in dogs with BP.",
   "publish_time": "2017 Dec 29 Jan-Feb",
   "authors": [
      "['Viitanen, S.J.', 'Lappalainen, A.K.', 'Christensen, M.B.', 'Sankari, S.', 'Rajam\u00e4ki, M.M.']"
   ],
   "journal": "J Vet Intern Med",
   "has_full_text": "False",
   "id": "6c5eefe46e0d278ccfc29c476c8adaa18444c69c"
}