{
   "sha": "00676f1131e03ca8defe523e79bc1635cc933909",
   "source_x": "PMC",
   "title": "Dromedary camels in northern Mali have high seropositivity to MERS-CoV",
   "doi": "http://dx.doi.org/10.1016/j.onehlt.2017.03.003",
   "pmcid": "PMC5454179",
   "pubmed_id": "28616502",
   "license": "CC BY-NC-ND",
   "abstract": "A high percentage (up to 90%) of dromedary camels in the Middle East as well as eastern and central Africa have antibodies to Middle East respiratory syndrome coronavirus (MERS-CoV). Here we report comparably high positivity of MERS-CoV antibodies in dromedary camels from northern Mali. This extends the range of MERS-CoV further west in Africa than reported to date and cautions that MERS-CoV should be considered in cases of severe respiratory disease in the region.",
   "publish_time": "2017 Mar 10",
   "authors": [
      "['Falzarano, Darryl', 'Kamissoko, Badian', 'de Wit, Emmie', 'Ma\u00efga, Ousmane', 'Cronin, Jacqueline', 'Samak\u00e9, Kassim', 'Traor\u00e9, Abdalah', 'Milne-Price, Shauna', 'Munster, Vincent J.', 'Sogoba, Nafomon', 'Niang, Mamadou', 'Safronetz, David', 'Feldmann, Heinz']"
   ],
   "journal": "One Health",
   "has_full_text": "False",
   "id": "00676f1131e03ca8defe523e79bc1635cc933909"
}