{
   "sha": "73e7afead191100d40815046ec54385155e9921f",
   "source_x": "PMC",
   "title": "Hepatitis E Virus\u2013Associated Meningoencephalitis in a Lung Transplant Recipient Diagnosed by Clinical Metagenomic Sequencing",
   "doi": "http://dx.doi.org/10.1093/ofid/ofx121",
   "pmcid": "PMC5508774",
   "pubmed_id": "28721353",
   "license": "CC BY-NC-ND",
   "abstract": "Hepatitis E virus (HEV) infection uncommonly causes chronic hepatitis and neurologic disease. We describe a case of genotype 3a HEV meningoencephalitis diagnosed by metagenomic next-generation sequencing, illustrating the power of an unbiased molecular approach to microbial testing and the first reported case of HEV infection presumably acquired through lung transplantation.",
   "publish_time": "2017 Jun 13",
   "authors": [
      "['Murkey, Jamie A.', 'Chew, Kara W.', 'Carlson, Margrit', 'Shannon, Chelsea L.', 'Sirohi, Deepika', 'Sample, Hannah A.', 'Wilson, Michael R.', 'Vespa, Paul', 'Humphries, Romney M.', 'Miller, Steve', 'Klausner, Jeffrey D.', 'Chiu, Charles Y.']"
   ],
   "journal": "Open Forum Infect Dis",
   "has_full_text": "False",
   "id": "73e7afead191100d40815046ec54385155e9921f"
}