{
   "sha": "2808175f20e87931b354d8b6d623abf8e338fb14",
   "source_x": "PMC",
   "title": "The Impact of Middle East Respiratory Syndrome Outbreak on Trends in Emergency Department Utilization Patterns",
   "doi": "http://dx.doi.org/10.3346/jkms.2017.32.10.1576",
   "pmcid": "PMC5592169",
   "pubmed_id": "28875599",
   "license": "CC BY-NC",
   "abstract": "Changes occurred in the patterns of utilization of emergency medical services during the Middle East respiratory syndrome (MERS) outbreak. The purpose of this study was to analyze the patterns of adult and pediatric patients who visited the emergency department (ED) during the outbreak. This retrospective study was conducted by analyzing changes in the patterns of visits among adult and pediatric patients in the ED at one tertiary teaching hospital in Korea. The study was performed from June 1, 2013 to July 31, 2015. The MERS outbreak period was from June 1 to July 31, 2015, and we compared that period to the same periods in 2013 and 2014. We compared and analyzed the patients' characteristics, emergency severity index (ESI) level at the visit, cause of visit, diagnosis, final dispositions, injury/non-injury, length of stay at the ED (EDLOS), and hospitalization rate. A total of 9,107 patients visited the ED during this period. Of these patients, 2,572 (28.2%) were pediatric patients and 6,535 (71.8%) were adult patients. The most common cause of an ED visit was fever (adult patients: 21.6%, pediatric patients: 56.2%). The proportion of non-urgent visits involving an ESI level of 4 or 5 and the EDLOS decreased significantly in pediatric and adult patients in comparison to that during the past two years. This change was significant in pediatric patients. Among adult patients, the rate of injury decreased, whereas it increased among pediatric patients. During the MERS outbreak period, pediatric ED visits due to non-urgent cases decreased significantly and there were more pronounced differences in ED utilization patterns in pediatric patients than in adult patients.",
   "publish_time": "2017 Oct 4",
   "authors": [
      "['Paek, So Hyun', 'Kim, Do Kyun', 'Lee, Jin Hee', 'Kwak, Young Ho']"
   ],
   "journal": "J Korean Med Sci",
   "has_full_text": "False",
   "id": "2808175f20e87931b354d8b6d623abf8e338fb14"
}