{
   "sha": "1d3cf8875813bb56f4d5df8c11d0785ddeaf1a99",
   "source_x": "PMC",
   "title": "Human intestinal tract serves as an alternative infection route for Middle East respiratory syndrome coronavirus",
   "doi": "http://dx.doi.org/10.1126/sciadv.aao4966",
   "pmcid": "PMC5687858",
   "pubmed_id": "29152574",
   "license": "CC BY-NC",
   "abstract": "Middle East respiratory syndrome coronavirus (MERS-CoV) has caused human respiratory infections with a high case fatality rate since 2012. However, the mode of virus transmission is not well understood. The findings of epidemiological and virological studies prompted us to hypothesize that the human gastrointestinal tract could serve as an alternative route to acquire MERS-CoV infection. We demonstrated that human primary intestinal epithelial cells, small intestine explants, and intestinal organoids were highly susceptible to MERS-CoV and can sustain robust viral replication. We also identified the evidence of enteric MERS-CoV infection in the stool specimen of a clinical patient. MERS-CoV was considerably resistant to fed-state gastrointestinal fluids but less tolerant to highly acidic fasted-state gastric fluid. In polarized Caco-2 cells cultured in Transwell inserts, apical MERS-CoV inoculation was more effective in establishing infection than basolateral inoculation. Notably, direct intragastric inoculation of MERS-CoV caused a lethal infection in human DPP4 transgenic mice. Histological examination revealed MERS-CoV enteric infection in all inoculated mice, as shown by the presence of virus-positive cells, progressive inflammation, and epithelial degeneration in small intestines, which were exaggerated in the mice pretreated with the proton pump inhibitor pantoprazole. With the progression of the enteric infection, inflammation, virus-positive cells, and live viruses emerged in the lung tissues, indicating the development of sequential respiratory infection. Taken together, these data suggest that the human intestinal tract may serve as an alternative infection route for MERS-CoV.",
   "publish_time": "2017 Nov 15",
   "authors": [
      "['Zhou, Jie', 'Li, Cun', 'Zhao, Guangyu', 'Chu, Hin', 'Wang, Dong', 'Yan, Helen Hoi-Ning', 'Poon, Vincent Kwok-Man', 'Wen, Lei', 'Wong, Bosco Ho-Yin', 'Zhao, Xiaoyu', 'Chiu, Man Chun', 'Yang, Dong', 'Wang, Yixin', 'Au-Yeung, Rex K. H.', 'Chan, Ivy Hau-Yee', 'Sun, Shihui', 'Chan, Jasper Fuk-Woo', 'To, Kelvin Kai-Wang', 'Memish, Ziad A.', 'Corman, Victor M.', 'Drosten, Christian', 'Hung, Ivan Fan-Ngai', 'Zhou, Yusen', 'Leung, Suet Yi', 'Yuen, Kwok-Yung']"
   ],
   "journal": "Sci Adv",
   "has_full_text": "False",
   "id": "1d3cf8875813bb56f4d5df8c11d0785ddeaf1a99"
}