{
   "sha": "a08c4e602749e341326260596d647994e306b0aa",
   "source_x": "Elsevier",
   "title": "Conocimientos b\u00e1sicos sobre enfermedades v\u00edricas emergentes: apuntes para atenci\u00f3n primaria (parte 1)",
   "doi": "10.1016/j.fmc.2017.06.006",
   "license": "els-covid",
   "publish_time": "2018-01-31",
   "authors": [
      "Saratxaga, Estibaliz Alonso",
      "P\u00e9rez Esquerdo, Mar\u00eda Rosa"
   ],
   "journal": "FMC - Formaci\u00f3n M\u00e9dica Continuada en Atenci\u00f3n Primaria",
   "has_full_text": "True",
   "full_text_file": "custom_license",
   "id": "https://doi.org/10.1016/j.fmc.2017.06.006",
   "fhir_link": [
      "PMC/Composition/a08c4e602749e341326260596d647994e306b0aa"
   ]
}