{
   "sha": "70d06c387ae9d1fc248ed01ff078be5403a904e1",
   "source_x": "Elsevier",
   "title": "Skin fragility syndrome in a cat with cholangiohepatitis and hepatic lipidosis",
   "doi": "10.1016/j.jfms.2009.07.006",
   "pubmed_id": "19699668",
   "license": "els-covid",
   "abstract": "A case of acquired skin fragility syndrome associated with hepatic disease in a 9-year-old, spayed female, domestic shorthair cat is described. The cat was admitted to the veterinary hospital of the University of S\u00e3o Paulo (Brazil) with a 6-week history of vomiting, inappetence and weight loss. Remarkable signs were weakness, lethargy and profound jaundice that had been present for 10 days according to the owner. On completion of the physical examination, when the cat was gently manipulated for blood collection the thoracic limb and interscapular skin tore. Liver enzymes and bilirubin levels were all above the normal range. On histological examination of skin and liver, Masson's trichrome stain showed collagen fibre alteration and major hepatocyte abnormalities. Findings were consistent with feline skin fragility syndrome associated with cholangiohepatitis and hepatic lipidosis.",
   "publish_time": "2010-02-28",
   "authors": [
      "Daniel, Alexandre G.T.",
      "Lucas, S\u00edlvia R.R.",
      "J\u00fanior, Archivaldo R.",
      "Monteiro, Paula R.G.",
      "Ramos, Daniela",
      "Pires, Carolina G.",
      "Sinhorini, Id\u00e9rcio L."
   ],
   "journal": "Journal of Feline Medicine & Surgery",
   "has_full_text": "True",
   "full_text_file": "custom_license",
   "id": "https://doi.org/10.1016/j.jfms.2009.07.006",
   "fhir_link": [
      "PMC/Composition/70d06c387ae9d1fc248ed01ff078be5403a904e1"
   ]
}