{
   "sha": "78a8160fcd2fa09e9ed38b567566738d51a5bdc9",
   "source_x": "Elsevier",
   "title": "Presumptive meningoencephalitis secondary to extension of otitis media/interna caused by Streptococcus equi subspecies zooepidemicus in a cat",
   "doi": "10.1016/j.jfms.2011.04.002",
   "pubmed_id": "21640625",
   "license": "els-covid",
   "abstract": "A 5-year-old castrated male domestic longhair cat was presented with neurological signs consistent with a central vestibular lesion and left Horner\u2019s syndrome. Computed tomography images revealed hyperattenuating, moderately contrast-enhancing material within the left tympanic bulla, most consistent with left otitis media/interna. Marked neutrophilic pleocytosis was identified on cerebrospinal fluid analysis. Streptococcus equi subspecies zooepidemicus (SEZ) was isolated from the cerebrospinal fluid. Intracranial extension of otitis media/interna is relatively infrequent in small animals. There are no reports of otitis media/interna caused by SEZ in dogs or cats. This is the first report of otitis media/interna and presumptive secondary meningoencephalitis caused by SEZ in a cat.",
   "publish_time": "2011-08-31",
   "authors": [
      "Martin-Vaquero, Paula",
      "da Costa, Ronaldo C.",
      "Daniels, Joshua B."
   ],
   "journal": "Journal of Feline Medicine & Surgery",
   "has_full_text": "True",
   "full_text_file": "custom_license",
   "id": "https://doi.org/10.1016/j.jfms.2011.04.002",
   "fhir_link": [
      "PMC/Composition/78a8160fcd2fa09e9ed38b567566738d51a5bdc9"
   ]
}