{
   "sha": "ec01a032a68dbe66dafb1dedb6ff6ee38f2b3cca",
   "source_x": "Elsevier",
   "title": "Impact of bacterial colonization on the severity, and accompanying airway inflammation, of virus-induced wheezing in children",
   "doi": "10.1111/j.1469-0691.2010.03147.x",
   "pubmed_id": "20041894",
   "license": "els-covid",
   "abstract": "Abstract It is reported that bacterial colonization of the airway in neonates affects the likelihood and severity of subsequent wheezing in childhood. This study aimed to explore the impact of bacterial colonization on the severity of virus-induced wheezing, and accompanying airway inflammation. Nasopharyngeal aspirates (NPAs) from 68 hospitalized children with bronchiolitis and 85 children with recurrent wheezing were obtained. Eleven common respiratory viruses were sought by PCR and/or direct fluorescence assay. Bacteria were isolated from NPAs by routine culture methods. Cell numbers and concentrations of cytokines/chemokines in the NPAs were measured, and nucleated cells were characterized. The frequency of bacterial colonization in children with recurrent wheezing was significantly higher than in children with an initial attack of bronchiolitis. Bacterial colonization accompanying virus infection had no effect on clinical manifestations, duration of hospitalization, concentrations of cytokines/chemokines (except interleukin-10 (IL-10)) or cellularity in the children with bronchiolitis; however, among the children with recurrent wheezing, those who had coexistent non-invasive bacterial colonization and virus infection presented more frequent cyanosis, longer duration of hospitalization, a higher concentration of IL-10 and a higher percentage of neutrophils in NPAs than those with virus infection but without bacterial colonization. Bacterial colonization was common in children with virus-induced wheezing, particularly in the situation of recurrent wheezing. To some extent, bacterial colonization accompanying virus infection may contribute to the severity of the wheezing because of its impact on airway inflammation.",
   "publish_time": "2010-09-30",
   "authors": [
      "Yu, D.",
      "Wei, L.",
      "Zhengxiu, L.",
      "Jian, L.",
      "Lijia, W.",
      "Wei, L.",
      "Xiqiang, Y.",
      "Xiaodong, Z.",
      "Zhou, F.",
      "Enmei, L."
   ],
   "journal": "Clinical Microbiology and Infection",
   "has_full_text": "True",
   "full_text_file": "custom_license",
   "id": "https://doi.org/10.1111/j.1469-0691.2010.03147.x",
   "fhir_link": [
      "PMC/Composition/ec01a032a68dbe66dafb1dedb6ff6ee38f2b3cca"
   ]
}