{
   "sha": "4e0e3408b8be8fabde40e804af36d5d0ee3078b2",
   "source_x": "Elsevier",
   "title": "Incidence of Hajj-associated febrile cough episodes among French pilgrims: a prospective cohort study on the influence of statin use and risk factors",
   "doi": "10.1111/j.1469-0691.2009.02816.x",
   "pubmed_id": "19416305",
   "license": "els-covid",
   "abstract": "Abstract A prospective epidemiological study was conducted to evaluate the incidence of febrile cough episodes among adult Muslims travelling from Marseille to Saudi Arabia during the Hajj pilgrimage and to assess if use of statin had an influence on this incidence. In total, 580 individuals were presented with a questionnaire. A significant proportion of individuals had chronic medical disorders, e.g. diabetes mellitus (132, 22.8%) and hypertension (147, 25.3%). Pilgrims had a low level of education and a low employment rate. Sixty (10.3%) were treated with statins for hypercholesterolemia. Four hundred and fourty-seven pilgrims were presented a questionnaire on returning home. A total of 74 travellers (16.6%) experienced fever during their stay in Saudi Arabia (67 attended a doctor) and 271 (60.6%) had cough (259 attended a doctor); 70 travellers with cough were febrile (25.9%). Seventy per cent of the travellers who suffered cough episodes developed their first symptoms within 3 days, suggesting a human to human transmission of the responsible pathogen, with short incubation time as evidenced by a bimodal distribution of cough in two peaks at a 24 h interval. None of demographical and socioeconomic characteristics, underlying diseases or vaccination against influenza significantly affected the occurrence of cough. Diabetes correlated with an increased risk of febrile cough (OR = 2.02 (1.05\u20133.89)) as well as unemployment (OR = 2.22 (0.91\u20135.53)). Use of statins had no significant influence on the occurrence of cough and/or fever during the pilgrimage. This result suggests that while treatment with a statin has been demonstrated to reduce the mortality from severe sepsis associated with respiratory tract infections, it probably does not play a role in the outcome of regular febrile cough episodes as observed in the cohort studied here.",
   "publish_time": "2009-04-30",
   "authors": [
      "Gautret, P.",
      "Yong, W.",
      "Soula, G.",
      "Gaudart, J.",
      "Delmont, J.",
      "Dia, A.",
      "Parola, P.",
      "Brouqui, P."
   ],
   "journal": "Clinical Microbiology and Infection",
   "has_full_text": "True",
   "full_text_file": "custom_license",
   "id": "https://doi.org/10.1111/j.1469-0691.2009.02816.x",
   "fhir_link": [
      "PMC/Composition/4e0e3408b8be8fabde40e804af36d5d0ee3078b2"
   ]
}