{
   "sha": "2ba882c9ddb5e9db8ebb0db536788bff66b67f14",
   "source_x": "PMC",
   "title": "Beyond molecular tumor heterogeneity: protein synthesis takes control",
   "doi": "http://dx.doi.org/10.1038/s41388-018-0152-0",
   "pmcid": "PMC5945578",
   "pubmed_id": "29463861",
   "license": "CC BY-NC-ND",
   "abstract": "One of the daunting challenges facing modern medicine lies in the understanding and treatment of tumor heterogeneity. Most tumors show intra-tumor heterogeneity at both genomic and proteomic levels, with marked impacts on the responses of therapeutic targets. Therapeutic target-related gene expression pathways are affected by hypoxia and cellular stress. However, the finding that targets such as eukaryotic initiation factor (eIF) 4E (and its phosphorylated form, p-eIF4E) are generally homogenously expressed throughout tumors, regardless of the presence of hypoxia or other cellular stress conditions, opens the exciting possibility that malignancies could be treated with therapies that combine targeting of eIF4E phosphorylation with immune checkpoint inhibitors or chemotherapy.",
   "publish_time": "2018 Feb 21",
   "authors": [
      "['Ramon y Cajal, Santiago', 'Castellvi, Josep', 'H\u00fcmmer, Stefan', 'Peg, Vicente', 'Pelletier, Jerry', 'Sonenberg, Nahum']"
   ],
   "journal": "Oncogene",
   "has_full_text": "True",
   "id": "2ba882c9ddb5e9db8ebb0db536788bff66b67f14",
   "fhir_link": "Non-comercial/2ba882c9ddb5e9db8ebb0db536788bff66b67f14"
}