{
   "sha": "5f88b4180ba190e37e27776b11432d61770529ef",
   "source_x": "PMC",
   "title": "Artificial Intelligence in Public Health and Epidemiology",
   "doi": "http://dx.doi.org/10.1055/s-0038-1667082",
   "pmcid": "PMC6115208",
   "pubmed_id": "30157525",
   "license": "CC BY-NC-ND",
   "abstract": "Objectives: \u2003To introduce and summarize current research in the field of Public Health and Epidemiology Informatics. Methods: \u2003The 2017 literature concerning public health and epidemiology informatics was searched in PubMed and Web of Science, and the returned references were reviewed by the two section editors to select 14 candidate best papers. These papers were then peer-reviewed by external reviewers to provide the editorial team with an enlightened vision to select the best papers. Results: \u2003Among the 843 references retrieved from PubMed and Web of Science, two were finally selected as best papers. The first one analyzes the relationship between the disease, social/mass media, and public emotions to understand public overreaction (leading to a noticeable reduction of social and economic activities) in the context of a nation-wide outbreak of Middle East Respiratory Syndrome (MERS) in Korea in 2015. The second paper concerns a new methodology to de-identify patient notes in electronic health records based on artificial neural networks that outperformed existing methods. Conclusions: \u2003Surveillance is still a productive topic in public health informatics but other very important topics in Public Health are appearing. For example, the use of artificial intelligence approaches is increasing.",
   "publish_time": "2018 Aug 29",
   "authors": [
      "['Thi\u00e9baut, Rodolphe', 'Thiessard, Frantz', None]"
   ],
   "journal": "Yearb Med Inform",
   "has_full_text": "True",
   "id": "5f88b4180ba190e37e27776b11432d61770529ef",
   "fhir_link": "Non-comercial/5f88b4180ba190e37e27776b11432d61770529ef"
}