{
   "sha": "6b399b83db192f4d005e6950ca0e7b77060500a7",
   "source_x": "PMC",
   "title": "The current perspectives of dromedary camel stem cells research",
   "doi": "http://dx.doi.org/10.1016/j.ijvsm.2018.01.002",
   "pmcid": "PMC6161867",
   "pubmed_id": "30761317",
   "license": "CC BY-NC-ND",
   "abstract": "Camels have cultural value in the Arab society and are considered one of the most important animals in the Arabian Peninsula and arid environments, due to the distinct characteristics of their meat and milk. Moreover, there is a great interest in camel racing and beauty shows. Therefore, treatment of elite animals, increasing the number of camels as well as genetic improvement is an essential demand. Because there are unique camels for milk production, meat, or in racing, the need to propagate genetically superior camels is urgent. Recent biotechnological approaches such as stem cells hold great promise for biomedical research, genetic engineering, and as a model for studying early mammalian developmental biology. Establishment of stem cells lines from camels would tremendously facilitate regenerative medicine for genetically superior camels, permit the gene targeting of the camel genome and the generation of genetically modified animal and be a mean for genome conservation for the elite breeds. In this mini-review, we show the current research, future horizons and potential applications for camel stem cells.",
   "publish_time": "2018 Feb 14",
   "authors": [
      "['Saadeldin, Islam M.', 'Abdel-Aziz Swelum, Ayman', 'Alzahrani, Faisal A.', 'Alowaimer, Abdullah N.']"
   ],
   "journal": "Int J Vet Sci Med",
   "has_full_text": "False",
   "id": "6b399b83db192f4d005e6950ca0e7b77060500a7"
}