{
   "sha": "4476687d4a23df5d5428626f81d9621abf94e679",
   "source_x": "PMC",
   "title": "Synergistic effect of ribavirin and vaccine for protection during early infection stage of foot-and-mouth disease",
   "doi": "http://dx.doi.org/10.4142/jvs.2018.19.6.788",
   "pmcid": "PMC6265586",
   "pubmed_id": "30304889",
   "license": "CC BY-NC",
   "abstract": "In many countries, vaccines are used for the prevention of foot-and-mouth disease (FMD). However, because there is no protection against FMD immediately after vaccination, research and development on antiviral agents is being conducted to induce protection until immunological competence is produced. This study tested whether well-known chemicals used as RNA virus treatment agents had inhibitory effects on FMD viruses (FMDVs) and demonstrated that ribavirin showed antiviral effects against FMDV in vitro/in vivo. In addition, it was observed that combining the administration of the antiviral agents orally and complementary therapy with vaccines synergistically enhanced antiviral activity and preserved the survival rate and body weight in the experimental animals. Antiviral agents mixed with an adjuvant were inoculated intramuscularly along with the vaccines, thereby inhibiting virus replication after injection and verifying that it was possible to induce early protection against viral infection prior to immunity being achieved through the vaccine. Finally, pigs treated with antiviral agents and vaccines showed no clinical signs and had low virus excretion. Based on these results, it is expected that this combined approach could be a therapeutic and preventive treatment for early protection against FMD.",
   "publish_time": "2018 Nov 28",
   "authors": [
      "['Choi, Joo-Hyung', 'Jeong, Kwiwan', 'Kim, Su-Mi', 'Ko, Mi-Kyeong', 'You, Su-Hwa', 'Lyoo, Young S.', 'Kim, Byounghan', 'Ku, Jin-Mo', 'Park, Jong-Hyeon']"
   ],
   "journal": "J Vet Sci",
   "has_full_text": "True",
   "id": "4476687d4a23df5d5428626f81d9621abf94e679",
   "fhir_link": "Non-comercial/Composition/4476687d4a23df5d5428626f81d9621abf94e679.json"
}