{
   "sha": "ec8575899e5cb98581924d58a9af677fbf573729",
   "source_x": "Elsevier",
   "title": "Replicative virus shedding in the respiratory tract of patients with Middle East respiratory syndrome coronavirus infection",
   "doi": "10.1016/j.ijid.2018.05.003",
   "pubmed_id": "29753119",
   "license": "els-covid",
   "abstract": "Abstract Background Information on the duration of replicative Middle East respiratory syndrome coronavirus (MERS-CoV) shedding is important for infection control. The detection of MERS-CoV sub-genomic mRNAs indicates that the virus is replicative. This study examined the duration for detecting MERS-CoV sub-genomic mRNA compared with genomic RNA in diverse respiratory specimens. Methods Upper and lower respiratory samples were obtained from 17 MERS-CoV-infected patients. MERS-CoV sub-genomic mRNA was detected by reverse transcription PCR (RT-PCR) and MERS-CoV genomic RNA by real-time RT-PCR. Results In sputum and transtracheal aspirate, sub-genomic mRNA was detected for up to 4 weeks after symptoms developed, which correlated with the detection of genomic RNA. In oropharyngeal and nasopharyngeal swab specimens, the detection of sub-genomic mRNA and genomic RNA did not correlate. Conclusions These findings suggest that MERS-CoV does not replicate well in the upper respiratory tract.",
   "publish_time": "2018-07-31",
   "authors": [
      "Park, Wan Beom",
      "Poon, Leo L.M.",
      "Choi, Su-Jin",
      "Choe, Pyoeng Gyun",
      "Song, Kyoung-Ho",
      "Bang, Ji Hwan",
      "Kim, Eu Suk",
      "Kim, Hong Bin",
      "Park, Sang Won",
      "Kim, Nam Joong",
      "Peiris, Malik",
      "Oh, Myoung-don"
   ],
   "journal": "International Journal of Infectious Diseases",
   "has_full_text": "True",
   "full_text_file": "custom_license",
   "id": "https://doi.org/10.1016/j.ijid.2018.05.003",
   "fhir_link": [
      "PMC/Composition/ec8575899e5cb98581924d58a9af677fbf573729"
   ]
}