{
   "sha": "5bea1407f7c18ef88f4d7ac325d6a7af6960f71d",
   "source_x": "Elsevier",
   "title": "Polmoniti nosocomiali acquisite sotto ventilazione meccanica",
   "doi": "10.1016/S1283-0771(08)70292-5",
   "license": "els-covid",
   "abstract": "Le polmoniti sono la prima causa di infezione nosocomiale in rianimazione. Le polmoniti nosocomiali acquisite sotto ventilazione meccanica (PNAVM) compaiono dopo almeno 48 ore di ventilazione meccanica invasiva. Il loro meccanismo \u00e8 multifattoriale, ma predomina la nozione di inalazione che compare dopo una colonizzazione orofaringea, gastrica o tracheale. Il tempo di comparsa permette di classificare queste PNAVM come precoci o tardive a seconda che compaiano prima o dopo il 5\u00b0 giorno di ventilazione meccanica. La diagnosi pu\u00f2 essere aiutata dalla clinica, essenzialmente grazie al punteggio CPIS (Clinical Pulmonary Infection Score), e dal lavaggio broncoalveolare (BAL), che sembra l\u2019esame pi\u00f9 utile per la diagnosi microbiologica. La diagnosi differenziale con una pneumopatia non batterica o anche non infettiva (neoplastica, infiammatoria, fibrotica) o la ricerca di un altro focolaio infettivo devono sempre essere discusse in funzione dell\u2019orientamento clinico iniziale o del fallimento della terapia antibiotica. Il ricorso preferenziale alla ventilazione non invasiva, quando possibile, sembra utile per prevenire l\u2019insorgenza di una pneumopatia nosocomiale. La posizione semiseduta del paziente a 30\u201345\u00b0 \u00e8 la sola misura profilattica veramente validata di prevenzione delle PNAVM. Il trattamento curativo delle polmoniti batteriche si basa in genere su una doppia terapia antibiotica. Quest\u2019ultima pu\u00f2 essere orientata dai dati di prelievi non invasivi, come le aspirazioni tracheali, realizzate in modo periodico e sistematico. La durata del trattamento \u00e8 discussa, ma gli ultimi dati sono in favore di una terapia antibiotica relativamente breve, di 8 giorni.",
   "publish_time": "2008-12-31",
   "authors": [
      "Donati, S.Y.",
      "Papazian, L."
   ],
   "journal": "EMC - Anestesia-Rianimazione",
   "has_full_text": "True",
   "full_text_file": "custom_license",
   "id": "https://doi.org/10.1016/S1283-0771(08)70292-5",
   "fhir_link": [
      "PMC/Composition/5bea1407f7c18ef88f4d7ac325d6a7af6960f71d"
   ]
}