{
   "sha": "7f69a764a32e9fefc971d79582da33db151cdeb5",
   "source_x": "PMC",
   "title": "BAR scaffolds drive membrane fission by crowding disordered domains",
   "doi": "http://dx.doi.org/10.1083/jcb.201807119",
   "pmcid": "PMC6363457",
   "pubmed_id": "30504247",
   "license": "CC BY-NC-SA",
   "abstract": "Cellular membranes are continuously remodeled. The crescent-shaped bin-amphiphysin-rvs (BAR) domains remodel membranes in multiple cellular pathways. Based on studies of isolated BAR domains in vitro, the current paradigm is that BAR domain\u2013containing proteins polymerize into cylindrical scaffolds that stabilize lipid tubules. But in nature, proteins that contain BAR domains often also contain large intrinsically disordered regions. Using in vitro and live cell assays, here we show that full-length BAR domain\u2013containing proteins, rather than stabilizing membrane tubules, are instead surprisingly potent drivers of membrane fission. Specifically, when BAR scaffolds assemble at membrane surfaces, their bulky disordered domains become crowded, generating steric pressure that destabilizes lipid tubules. More broadly, we observe this behavior with BAR domains that have a range of curvatures. These data suggest that the ability to concentrate disordered domains is a key driver of membrane remodeling and fission by BAR domain\u2013containing proteins.",
   "publish_time": "2019 Feb 4",
   "authors": [
      "['Snead, Wilton T.', 'Zeno, Wade F.', 'Kago, Grace', 'Perkins, Ryan W.', 'Richter, J Blair', 'Zhao, Chi', 'Lafer, Eileen M.', 'Stachowiak, Jeanne C.']"
   ],
   "journal": "J Cell Biol",
   "has_full_text": "True",
   "id": "7f69a764a32e9fefc971d79582da33db151cdeb5",
   "fhir_link": "Non-comercial/Composition/7f69a764a32e9fefc971d79582da33db151cdeb5"
}