{
   "sha": "2d07e323c6ca944934316295569596dfe41367f4",
   "source_x": "PMC",
   "title": "Modulation of HIV-1 Gag/Gag-Pol frameshifting by tRNA abundance",
   "doi": "http://dx.doi.org/10.1093/nar/gkz202",
   "pmcid": "PMC6547452",
   "pubmed_id": "30968122",
   "license": "CC BY-NC",
   "abstract": "A hallmark of translation in human immunodeficiency virus type 1 (HIV-1) is a \u20131 programmed ribosome frameshifting event that produces the Gag-Pol fusion polyprotein. The constant Gag to Gag-Pol ratio is essential for the virion structure and infectivity. Here we show that the frameshifting efficiency is modulated by Leu-tRNA(Leu) that reads the UUA codon at the mRNA slippery site. This tRNA(Leu) isoacceptor is particularly rare in human cell lines derived from T-lymphocytes, the cells that are targeted by HIV-1. When UUA decoding is delayed, the frameshifting follows an alternative route, which maintains the Gag to Gag-Pol ratio constant. A second potential slippery site downstream of the first one is normally inefficient but can also support \u20131-frameshifting when altered by a compensatory resistance mutation in response to current antiviral drug therapy. Together these different regimes allow the virus to maintain a constant \u20131-frameshifting efficiency to ensure successful virus propagation.",
   "publish_time": "2019 Jun 4",
   "authors": [
      "['Korniy, Natalia', 'Goyal, Akanksha', 'Hoffmann, Markus', 'Samatova, Ekaterina', 'Peske, Frank', 'P\u00f6hlmann, Stefan', 'Rodnina, Marina V']"
   ],
   "journal": "Nucleic Acids Res",
   "has_full_text": "False",
   "id": "2d07e323c6ca944934316295569596dfe41367f4"
}