{
   "sha": "326a5a610d778f8f3608045d4ca4f69b30e7204b",
   "source_x": "PMC",
   "title": "Impact of the 2015 Middle East Respiratory Syndrome Outbreak on Emergency Care Utilization and Mortality in South Korea",
   "doi": "http://dx.doi.org/10.3349/ymj.2019.60.8.796",
   "pmcid": "PMC6660446",
   "pubmed_id": "31347336",
   "license": "CC BY-NC",
   "abstract": "PURPOSE: In May 2015, South Korea experienced an epidemic of Middle East respiratory syndrome (MERS). This study investigated the impacts of MERS epidemic on emergency care utilization and mortality in South Korea. MATERIALS AND METHODS: A natural experimental study was conducted using healthcare utilization and mortality data of the entire Korean population. The number of monthly emergency room (ER) visits was investigated to identify changes in emergency care utilization during the MERS epidemic; these trends were also examined according to patients' demographic factors, disease severity, and region. Deaths within 7 days after visiting an ER were analyzed to evaluate the impact of the reduction in ER visits on mortality. RESULTS: The number of ER visits during the peak of the MERS epidemic (June 2015) decreased by 33.1% compared to the average figures from June 2014 and June 2016. The decrease was observed in all age, sex, and income groups, and was more pronounced for low-acuity diseases (acute otitis media: 53.0%; upper respiratory infections: 45.2%) than for high-acuity diseases (myocardial infarctions: 14.0%; ischemic stroke: 16.6%). No substantial changes were detected for the highest-acuity diseases, with increases of 3.5% for cardiac arrest and 2.4% for hemorrhagic stroke. The number of deaths within 7 days of an ER visit did not change significantly. CONCLUSION: During the MERS epidemic, the number of ER visits decreased in all age, sex, and socioeconomic groups, and decreased most sharply for low-acuity diseases. Nonetheless, there was no significant change in deaths after emergency care.",
   "publish_time": "2019 Aug 1",
   "authors": [
      "['Lee, Sun Young', 'Khang, Young-Ho', 'Lim, Hwa-Kyung']"
   ],
   "journal": "Yonsei Med J",
   "has_full_text": "False",
   "id": "326a5a610d778f8f3608045d4ca4f69b30e7204b"
}