{
   "sha": "0bdd5261670a9bdb2a9532b05a4378708a58f465",
   "source_x": "Elsevier",
   "title": "Regulatory interplay between deubiquitinating enzymes and cytokines",
   "doi": "10.1016/j.cytogfr.2019.06.001",
   "pubmed_id": "31208841",
   "license": "els-covid",
   "abstract": "Abstract Deubiquitinating enzymes (DUBs) are cysteine protease proteins that reverse the ubiquitination by removing ubiquitins from the target protein. With over 100 DUBs identified and categorized into at least 7 families, many DUBs interact with one or more cytokines, influencing cellular processes, such as antiviral responses, inflammatory responses, apoptosis, etc. While some DUBs influence cytokine pathway or production, some DUBs are cytokine-inducible. In this article, we summarize a list of DUBs, their interaction with cytokines, target proteins and mechanisms of action.",
   "publish_time": "2019-08-31",
   "authors": [
      "Woo, Bean",
      "Baek, Kwang-Hyun"
   ],
   "journal": "Cytokine & Growth Factor Reviews",
   "has_full_text": "True",
   "full_text_file": "custom_license",
   "id": "https://doi.org/10.1016/j.cytogfr.2019.06.001",
   "fhir_link": [
      "PMC/Composition/0bdd5261670a9bdb2a9532b05a4378708a58f465"
   ]
}