{
   "sha": "805c110087cfa6adeacbe68f581bb5b83fc172b8",
   "source_x": "Elsevier",
   "title": "Mouse hepatitis virus",
   "doi": "10.1016/S1369-5274(00)00236-8",
   "pubmed_id": "11495812",
   "license": "els-covid",
   "abstract": "Abstract Inoculation of mice with most neurotropic strains of the coronavirus mouse hepatitis virus results in an immune response-mediated demyelinating disease that serves as an excellent animal model for the human disease multiple sclerosis. Recent work has shown that either virus-specific CD4+ or CD8+ T cells are able to mediate demyelination and also that the antibody response is crucial for clearing infectious virus. Another exciting advance is the development of recombinant coronaviruses, which, for the first time, will allow genetic manipulation of the entire viral genome.",
   "publish_time": "2001-08-01",
   "authors": [
      "Haring, Jodie",
      "Perlman, Stanley"
   ],
   "journal": "Current Opinion in Microbiology",
   "has_full_text": "True",
   "full_text_file": "custom_license",
   "id": "https://doi.org/10.1016/S1369-5274(00)00236-8",
   "fhir_link": [
      "PMC/Composition/805c110087cfa6adeacbe68f581bb5b83fc172b8"
   ]
}