{
   "sha": "b1a4463a80b51e113e68c992b53781869881b73a",
   "source_x": "Elsevier",
   "title": "An evolving arsenal: viral RNA detection by RIG-I-like receptors",
   "doi": "10.1016/j.mib.2014.05.004",
   "pubmed_id": "24912143",
   "license": "els-covid",
   "abstract": "RIG-I-like receptors (RLRs) utilize a specialized, multi-domain architecture to detect and respond to invasion by a diverse set of viruses. Structural similarities among these receptors provide a general mechanism for double strand RNA recognition and signal transduction. However, each RLR has developed unique strategies for sensing the specific molecular determinants on subgroups of viral RNAs. As a means to circumvent the antiviral response, viruses escape RLR detection by degrading, or sequestering or modifying their RNA. Patterns of variation in RLR sequence reveal a continuous evolution of the protein domains that contribute to RNA recognition and signaling.",
   "publish_time": "2014-08-31",
   "authors": [
      "Fitzgerald, Megan E",
      "Rawling, David C",
      "Vela, Adriana",
      "Pyle, Anna Marie"
   ],
   "journal": "Current Opinion in Microbiology",
   "has_full_text": "True",
   "full_text_file": "custom_license",
   "id": "https://doi.org/10.1016/j.mib.2014.05.004",
   "fhir_link": [
      "PMC/Composition/b1a4463a80b51e113e68c992b53781869881b73a"
   ]
}