{
   "sha": "8cfedfcfe692d38a55444702e704325ad1163277",
   "source_x": "PMC",
   "title": "Phenobarbital-induced anticonvulsant hypersensitivity syndrome in a cat",
   "doi": "http://dx.doi.org/10.1292/jvms.19-0388",
   "pmcid": "PMC6943318",
   "pubmed_id": "31685729",
   "license": "CC BY-NC-ND",
   "abstract": "In this study, we document a case of phenobarbital-induced anticonvulsant hypersensitivity syndrome (AHS), which has been rarely reported in veterinary medicine. A 2-year-old, 5.4 kg, neutered male Russian Blue cat was diagnosed with idiopathic epilepsy and started on phenobarbital treatment. Eight days after initiation of phenobarbital treatment, the cat showed tachypnea and hyperthermia. CBC and serum biochemistry were unremarkable. However, the patient showed high serum amyloid A (SAA). On abdominal ultrasonography, generalized enlargement of abdominal lymph nodes and splenic multiple hypo-echoic nodules, which were consistent with reactive lymphadenopathy were found. The cat was diagnosed with AHS, and phenobarbital was discontinued. After 10 days of cessation, the patient had normal SAA, and clinical signs were resolved.",
   "publish_time": "2019 Dec 4",
   "authors": [
      "['SOHN, Sang-June', 'JEUNG, So-Young', 'CHAE, Hyung-Kyu', 'CHO, Hee-Seon', 'AN, Ju-Hyun', 'LI, Qiang', 'SONG, Woo-Jin', 'YOUN, Hwa-Young']"
   ],
   "journal": "J Vet Med Sci",
   "has_full_text": "True",
   "id": "8cfedfcfe692d38a55444702e704325ad1163277",
   "fhir_link": "Non-comercial/Composition/8cfedfcfe692d38a55444702e704325ad1163277.json"
}