{
   "source_x": "Elsevier",
   "title": "Quality control assessment for the PCR diagnosis of TBEV infections",
   "doi": "10.1016/S1386-6532(06)80789-4",
   "license": "els-covid",
   "publish_time": "2006-12-31",
   "authors": [
      "Donoso Mantke, O.",
      "Aberle, S.",
      "Av\u0161i\u010d-upanc, T.",
      "Labuda, M.",
      "Niedrig, M."
   ],
   "journal": "Journal of Clinical Virology",
   "has_full_text": "False",
   "full_text_file": "custom_license",
   "id": "https://doi.org/10.1016/S1386-6532(06)80789-4"
}