{
   "source_x": "Elsevier",
   "title": "Life threatening human metapneumovirus infections in the West of Scotland",
   "doi": "10.1016/S1386-6532(06)80761-4",
   "license": "els-covid",
   "publish_time": "2006-12-31",
   "authors": [
      "Sivaprakasam, V.",
      "Collins, T.",
      "Carman, W.F.",
      "Aitken, C."
   ],
   "journal": "Journal of Clinical Virology",
   "has_full_text": "False",
   "full_text_file": "custom_license",
   "id": "https://doi.org/10.1016/S1386-6532(06)80761-4"
}