{
   "sha": "86137493357f000507e97acf40e74d2fdf8039a4",
   "source_x": "PMC",
   "title": "Nearest neighbor parameters for Watson\u2013Crick complementary heteroduplexes formed between 2\u2032-O-methyl RNA and RNA oligonucleotides",
   "doi": "http://dx.doi.org/10.1093/nar/gkl232",
   "pmcid": "PMC1540717",
   "pubmed_id": "16870722",
   "license": "NO-CC CODE",
   "abstract": "Results from optical melting studies of Watson\u2013Crick complementary heteroduplexes formed between 2\u2032-O-methyl RNA and RNA oligonucleotides are used to determine nearest neighbor thermodynamic parameters for predicting the stabilities of such duplexes. The results are consistent with the physical model assumed by the individual nearest neighbor-hydrogen bonding model, which contains terms for helix initiation, base pair stacking and base pair composition. The sequence dependence is similar to that for Watson\u2013Crick complementary RNA/RNA duplexes, which suggests that the sequence dependence may also be similar to that for other backbones that favor A-form RNA conformations.",
   "publish_time": "2006 Jul 26",
   "authors": [
      "['Kierzek, Elzbieta', 'Mathews, David H.', 'Ciesielska, Anna', 'Turner, Douglas H.', 'Kierzek, Ryszard']"
   ],
   "journal": "Nucleic Acids Res",
   "has_full_text": "True",
   "id": "86137493357f000507e97acf40e74d2fdf8039a4",
   "fhir_link": "PMC/Composition/86137493357f000507e97acf40e74d2fdf8039a4"
}