{
   "sha": "5ae641a5bf24b53a895f5f2f04254cc00e909c08",
   "source_x": "PMC",
   "title": "Species-independent detection of RNA virus by representational difference analysis using non-ribosomal hexanucleotides for reverse transcription",
   "doi": "http://dx.doi.org/10.1093/nar/gni064",
   "pmcid": "PMC1074749",
   "pubmed_id": "15817564",
   "license": "NO-CC CODE",
   "abstract": "A method for the isolation of genomic fragments of RNA virus based on cDNA representational difference analysis (cDNA RDA) was developed. cDNA RDA has been applied for the subtraction of poly(A)(+) RNAs but not for poly(A)(\u2212) RNAs, such as RNA virus genomes, owing to the vast quantity of ribosomal RNAs. We constructed primers for inefficient reverse transcription of ribosomal sequences based on the distribution analysis of hexanucleotide patterns in ribosomal RNA. The analysis revealed that distributions of hexanucleotide patterns in ribosomal RNA and virus genome were different. We constructed 96 hexanucleotides (non-ribosomal hexanucleotides) and used them as mixed primers for reverse transcription of cDNA RDA. A synchronous analysis of hexanucleotide patterns in known viral sequences showed that all the known genomic-size viral sequences include non-ribosomal hexanucleotides. In a model experiment, when non-ribosomal hexanucleotides were used as primers, in vitro transcribed plasmid RNA was efficiently reverse transcribed when compared with ribosomal RNA of rat cells. Using non-ribosomal primers, the cDNA fragments of severe acute respiratory syndrome coronavirus and bovine parainfluenza virus 3 were efficiently amplified by subtracting the cDNA amplicons derived from uninfected cells from those that were derived from virus-infected cells. The results suggest that cDNA RDA with non-ribosomal primers can be used for species-independent detection of viruses, including new viruses.",
   "publish_time": "2005 Apr 7",
   "authors": [
      "['Endoh, Daiji', 'Mizutani, Tetsuya', 'Kirisawa, Rikio', 'Maki, Yoshiyuki', 'Saito, Hidetoshi', 'Kon, Yasuhiro', 'Morikawa, Shigeru', 'Hayashi, Masanobu']"
   ],
   "journal": "Nucleic Acids Res",
   "has_full_text": "True",
   "id": "5ae641a5bf24b53a895f5f2f04254cc00e909c08",
   "fhir_link": "PMC/Composition/5ae641a5bf24b53a895f5f2f04254cc00e909c08.json"
}