{
   "sha": "5f4a9c2d6e1f0256ef7c1088f61809fcc6af5734",
   "source_x": "PMC",
   "title": "The Role of Internists During Epidemics, Outbreaks, and Bioterrorist Attacks",
   "doi": "http://dx.doi.org/10.1007/s11606-006-0030-2",
   "pmcid": "PMC1824729",
   "pubmed_id": "17351853",
   "license": "NO-CC CODE",
   "abstract": "Internists are well-positioned to play significant roles in recognizing and responding to epidemics, outbreaks, and bioterrorist attacks. They see large numbers of patients with various health problems and may be the patients\u2019 only interaction with the medical community for symptoms resulting from infectious diseases and injuries from radiation, chemicals, and/or burns. Therefore, Internists must understand early warning signs of different bioterrorist and infectious agents, proper reporting channels and measures, various ways that they can assist the public health response, and roles of different local, state, and federal agencies. In addition, it is important to understand effects of a public health disaster on clinic operations and relevant legal consequences.",
   "publish_time": "2007 Jan 13",
   "authors": [
      "Lee, Bruce Y."
   ],
   "journal": "J Gen Intern Med",
   "has_full_text": "True",
   "id": "5f4a9c2d6e1f0256ef7c1088f61809fcc6af5734",
   "fhir_link": "PMC/Composition/5f4a9c2d6e1f0256ef7c1088f61809fcc6af5734.json"
}