{
   "sha": "7f90265c6f254f3c10e47394f1a573a36507a7e5",
   "source_x": "PMC",
   "title": "Genetic susceptibility to infectious diseases: big is beautiful, but will bigger be even better?",
   "doi": "http://dx.doi.org/10.1016/S1473-3099(06)70601-6",
   "pmcid": "PMC2330096",
   "pubmed_id": "17008174",
   "license": "NO-CC CODE",
   "abstract": "Genetic epidemiology, including twin studies, provides robust evidence that genetic variation in human populations contributes to susceptibility to infectious disease. One of the major limitations of studies that attempt to identify the genes and mechanisms that underlie this susceptibility has been lack of power caused by small sample size. With the development of novel technologies, burgeoning information on the human genome, the HapMap project, and human genetic diversity, we are at the beginning of a new era in the study of the genetics of complex diseases. This review looks afresh at the epidemiological evidence that supports a role for genetics in susceptibility to infectious disease, examines the somewhat limited achievements to date, and discusses current advances in methodology and technology that will potentially lead to translational data in the future.",
   "publish_time": "2006 Oct",
   "authors": [
      "['Burgner, David', 'Jamieson, Sarra E', 'Blackwell, Jenefer M']"
   ],
   "journal": "Lancet Infect Dis",
   "has_full_text": "True",
   "id": "7f90265c6f254f3c10e47394f1a573a36507a7e5",
   "fhir_link": "PMC/Composition/7f90265c6f254f3c10e47394f1a573a36507a7e5.json"
}