{
   "sha": "26e1199f4fb9b496c1d127d03cbed9f03b406325",
   "source_x": "Elsevier",
   "title": "Development and evaluation of a four-tube real time multiplex PCR assay covering fourteen respiratory viruses, and comparison to its corresponding single target counterparts",
   "doi": "10.1016/j.jcv.2011.04.010",
   "pubmed_id": "21571585",
   "license": "els-covid",
   "abstract": "Abstract Background Multiplex real time PCR is increasingly used to diagnose respiratory viruses and has shown to be superior to traditional methods, like culture and antigen detection. However, comprehensive data on sensitivity, specificity and performance of the multiplex PCR compared to the single target PCR's is limited for most published respiratory multiplex real time PCR assays. Objectives Development and extensive analysis of an internally controlled multiplex real time rt-PCR for detection of respiratory viruses. Study design The assay was validated in comparison to single-target PCR's using plasmid targets and prospectively collected nasopharyngeal aspirates. Results Using plasmid targets the multiplex format was found to be as least as sensitive and specific as the single-target PCR and no competition was observed when different targets were present at different amounts in one tube. Clinical validation showed high concordance for all viruses tested except for samples with low levels of enterovirus. Conclusion This multiplex showed excellent specificities for all 14 respiratory viruses and sensitivity was high except for clinical samples with low levels of enterovirus.",
   "publish_time": "2011-07-31",
   "authors": [
      "Jansen, Rogier R.",
      "Schinkel, Janke",
      "Koekkoek, Sylvie",
      "Pajkrt, Dasja",
      "Beld, Marcel",
      "Jong, Menno D. de",
      "Molenkamp, Richard"
   ],
   "journal": "Journal of Clinical Virology",
   "has_full_text": "True",
   "full_text_file": "custom_license",
   "id": "https://doi.org/10.1016/j.jcv.2011.04.010",
   "fhir_link": [
      "PMC/Composition/26e1199f4fb9b496c1d127d03cbed9f03b406325"
   ]
}