{
   "sha": "45dad2e0a82a6a22df9c573f868655018d5233f5",
   "source_x": "PMC",
   "title": "Use of Unstructured Event-Based Reports for Global Infectious Disease Surveillance",
   "doi": "http://dx.doi.org/10.3201/eid1505.081114",
   "pmcid": "PMC2687026",
   "pubmed_id": "19402953",
   "license": "NO-CC CODE",
   "abstract": "Free or low-cost sources of unstructured information, such as Internet news and online discussion sites, provide detailed local and near real-time data on disease outbreaks, even in countries that lack traditional public health surveillance. To improve public health surveillance and, ultimately, interventions, we examined 3 primary systems that process event-based outbreak information: Global Public Health Intelligence Network, HealthMap, and EpiSPIDER. Despite similarities among them, these systems are highly complementary because they monitor different data types, rely on varying levels of automation and human analysis, and distribute distinct information. Future development should focus on linking these systems more closely to public health practitioners in the field and establishing collaborative networks for alert verification and dissemination. Such development would further establish event-based monitoring as an invaluable public health resource that provides critical context and an alternative to traditional indicator-based outbreak reporting.",
   "publish_time": "2009 May",
   "authors": [
      "['Keller, Mikaela', 'Blench, Michael', 'Tolentino, Herman', 'Freifeld, Clark C.', 'Mandl, Kenneth D.', 'Mawudeku, Abla', 'Eysenbach, Gunther', 'Brownstein, John S.']"
   ],
   "journal": "Emerg Infect Dis",
   "has_full_text": "True",
   "id": "45dad2e0a82a6a22df9c573f868655018d5233f5",
   "fhir_link": "PMC/Composition/45dad2e0a82a6a22df9c573f868655018d5233f5"
}