{
   "source_x": "Elsevier",
   "title": "Communicable Disease Control Handbook second edition Jeremy Hawker Norman Begg Iain Blair Ralf Reintjes Julius Weinberg Communicable Disease Control Handbook second edition 2005 Blackwell Publishing 1 4051 2424 5 UK \u00a339.50, 416pp",
   "doi": "10.1016/S1473-3099(06)70624-7",
   "license": "els-covid",
   "abstract": "Unknown",
   "publish_time": "2006-11-30",
   "authors": [
      "Damani, Nizam"
   ],
   "journal": "The Lancet Infectious Diseases",
   "has_full_text": "False",
   "full_text_file": "custom_license",
   "id": "https://doi.org/10.1016/S1473-3099(06)70624-7"
}