{
   "sha": "ac95cb72b88bd91e07ca2ce413c126e179bd063c",
   "source_x": "Elsevier",
   "title": "Pandemic avian influenza",
   "doi": "10.1016/S1473-3099(05)70246-2",
   "pubmed_id": "16253881",
   "license": "els-covid",
   "publish_time": "2005-11-30",
   "authors": [
      "Mermel, Leonard A"
   ],
   "journal": "The Lancet Infectious Diseases",
   "has_full_text": "True",
   "full_text_file": "custom_license",
   "id": "https://doi.org/10.1016/S1473-3099(05)70246-2",
   "fhir_link": [
      "PMC/Composition/ac95cb72b88bd91e07ca2ce413c126e179bd063c"
   ]
}