{
   "sha": "7affb8951346d72458b9aa05be31531d43695add",
   "source_x": "PMC",
   "title": "Public Understanding of Pandemic Influenza, United Kingdom",
   "doi": "http://dx.doi.org/10.3201/eid1210.060208",
   "pmcid": "PMC3290942",
   "pubmed_id": "17176595",
   "license": "NO-CC CODE",
   "publish_time": "2006 Oct",
   "authors": [
      "['Gupta, Ravindra K.', 'Toby, Martina', 'Bandopadhyay, Gagori', 'Cooke, Mary', 'Gelb, David', 'Nguyen-Van-Tam, Jonathan S.']"
   ],
   "journal": "Emerg Infect Dis",
   "has_full_text": "True",
   "id": "7affb8951346d72458b9aa05be31531d43695add",
   "fhir_link": "PMC/Composition/7affb8951346d72458b9aa05be31531d43695add"
}