{
   "sha": "a182a9e0f572f332c47c7a1f8be1ce1bc75fb2ac",
   "source_x": "Elsevier",
   "title": "Age distribution of cases caused by different influenza viruses",
   "doi": "10.1016/S1473-3099(13)70181-6",
   "pubmed_id": "23886322",
   "license": "els-covid",
   "publish_time": "2013-08-31",
   "authors": [
      "Rimmelzwaan, Guus F",
      "Fouchier, Ron AM",
      "Osterhaus, Albert DME"
   ],
   "journal": "The Lancet Infectious Diseases",
   "has_full_text": "True",
   "full_text_file": "custom_license",
   "id": "https://doi.org/10.1016/S1473-3099(13)70181-6",
   "fhir_link": [
      "PMC/Composition/a182a9e0f572f332c47c7a1f8be1ce1bc75fb2ac"
   ]
}