{
   "sha": "469d2702c9ac28d511d9f921432ef44e83a07723",
   "source_x": "Elsevier",
   "title": "Closure of schools during an influenza pandemic",
   "doi": "10.1016/S1473-3099(09)70176-8",
   "pubmed_id": "19628172",
   "license": "els-covid",
   "abstract": "Summary In response to WHO raising the influenza pandemic alert level from phase five to phase six, health officials around the world are carefully reviewing pandemic mitigation protocols. School closure (also called class dismissal in North America) is a non-pharmaceutical intervention that is commonly suggested for mitigating influenza pandemics. Health officials taking the decision to close schools must weigh the potential health benefits of reducing transmission and thus case numbers against high economic and social costs, difficult ethical issues, and the possible disruption of key services such as health care. Also, if schools are expected to close as a deliberate policy option, or just because of high levels of staff absenteeism, it is important to plan to mitigate the negative features of closure. In this context, there is still debate about if, when, and how school closure policy should be used. In this Review, we take a multidisciplinary and holistic perspective and review the multiple aspects of school closure as a public health policy. Implications for the mitigation of the swine-origin influenza A H1N1 pandemic are also discussed.",
   "publish_time": "2009-08-31",
   "authors": [
      "Cauchemez, Simon",
      "Ferguson, Neil M",
      "Wachtel, Claude",
      "Tegnell, Anders",
      "Saour, Guillaume",
      "Duncan, Ben",
      "Nicoll, Angus"
   ],
   "journal": "The Lancet Infectious Diseases",
   "has_full_text": "True",
   "full_text_file": "custom_license",
   "id": "https://doi.org/10.1016/S1473-3099(09)70176-8",
   "fhir_link": [
      "PMC/Composition/469d2702c9ac28d511d9f921432ef44e83a07723"
   ]
}