{
   "sha": "e69dfe25f7db4608216cabd383668302a49df586",
   "source_x": "PMC",
   "title": "Model Parameters and Outbreak Control for SARS",
   "doi": "http://dx.doi.org/10.3201/eid1007.030647",
   "pmcid": "PMC3323341",
   "pubmed_id": "15324546",
   "license": "NO-CC CODE",
   "abstract": "Control of the 2002\u20132003 severe acute respiratory syndrome (SARS) outbreak was based on rapid diagnosis coupled with effective patient isolation. We used uncertainty and sensitivity analysis of the basic reproductive number R(0) to assess the role that model parameters play in outbreak control. The transmission rate and isolation effectiveness have the largest fractional effect on R(0). We estimated the distribution of the reproductive number R(0) under perfect isolation conditions. The distribution lies in the interquartile range 0.19\u20131.08, with a median of 0.49. Even though the median of R(0) is <1, we found that 25% of our R(0) distribution lies at R(0) > 1, even with perfect isolation. This implies the need to simultaneously apply more than one method of control.",
   "publish_time": "2004 Jul",
   "authors": [
      "['Chowell, Gerardo', 'Castillo-Chavez, Carlos', 'Fenimore, Paul W.', 'Kribs-Zaleta, Christopher M.', 'Arriola, Leon', 'Hyman, James M.']"
   ],
   "journal": "Emerg Infect Dis",
   "has_full_text": "True",
   "id": "e69dfe25f7db4608216cabd383668302a49df586",
   "fhir_link": "PMC/e69dfe25f7db4608216cabd383668302a49df586"
}