{
   "sha": "a334bbb2a7fe8f65dccde53a8d0234d524bf10f7",
   "source_x": "PMC",
   "title": "Genomics and outbreak investigation: from sequence to consequence",
   "doi": "http://dx.doi.org/10.1186/gm440",
   "pmcid": "PMC3706975",
   "pubmed_id": "23673226",
   "license": "NO-CC CODE",
   "abstract": "Outbreaks of infection can be devastating for individuals and societies. In this review, we examine the applications of new high-throughput sequencing approaches to the identification and characterization of outbreaks, focusing on the application of whole-genome sequencing (WGS) to outbreaks of bacterial infection. We describe traditional epidemiological analysis and show how WGS can be informative at multiple steps in outbreak investigation, as evidenced by many recent studies. We conclude that high-throughput sequencing approaches can make a significant contribution to the investigation of outbreaks of bacterial infection and that the integration of WGS with epidemiological investigation, diagnostic assays and antimicrobial susceptibility testing will precipitate radical changes in clinical microbiology and infectious disease epidemiology in the near future. However, several challenges remain before WGS can be routinely used in outbreak investigation and clinical practice.",
   "publish_time": "2013 Apr 29",
   "authors": [
      "['Robinson, Esther R', 'Walker, Timothy M', 'Pallen, Mark J']"
   ],
   "journal": "Genome Med",
   "has_full_text": "True",
   "id": "a334bbb2a7fe8f65dccde53a8d0234d524bf10f7",
   "fhir_link": "PMC/Composition/a334bbb2a7fe8f65dccde53a8d0234d524bf10f7"
}