{
   "sha": "73279d65c65778c2758cc786bfdaa354199d8953",
   "source_x": "Elsevier",
   "title": "Acute care issues in internationally adopted children",
   "doi": "10.1016/j.cpem.2004.01.005",
   "license": "els-covid",
   "abstract": "Abstract Over the past decade there has been a dramatic increase in international adoptions in the United States. While most adopted children will have common illnesses, others may have unique medical issues as a result of the conditions in their birth country requiring a broadened differential diagnosis. Knowledge of these issues is essential in the management of these patients. This review will predominately focus on infectious disease issues commonly seen in international adoptees but will also discuss other medical conditions and some of the psychosocial issues which may be encountered by caregivers in the emergency department.",
   "publish_time": "2004-06-30",
   "authors": [
      "Kim, Julia",
      "Staat, Mary Allen"
   ],
   "journal": "Clinical Pediatric Emergency Medicine",
   "has_full_text": "True",
   "full_text_file": "custom_license",
   "id": "https://doi.org/10.1016/j.cpem.2004.01.005",
   "fhir_link": [
      "PMC/Composition/73279d65c65778c2758cc786bfdaa354199d8953"
   ]
}