{
   "sha": "9595fe80c8e79a20286b0bfad42c930623e13805",
   "source_x": "PMC",
   "title": "Middle East Respiratory Syndrome Coronavirus in Bats, Saudi Arabia",
   "doi": "http://dx.doi.org/10.3201/eid1911.131172",
   "pmcid": "PMC3837665",
   "pubmed_id": "24206838",
   "license": "NO-CC CODE",
   "abstract": "The source of human infection with Middle East respiratory syndrome coronavirus remains unknown. Molecular investigation indicated that bats in Saudi Arabia are infected with several alphacoronaviruses and betacoronaviruses. Virus from 1 bat showed 100% nucleotide\u00a0identity to virus from the human index case-patient. Bats might play a role in human infection.",
   "publish_time": "2013 Nov",
   "authors": [
      "['Memish, Ziad A.', 'Mishra, Nischay', 'Olival, Kevin J.', 'Fagbo, Shamsudeen F.', 'Kapoor, Vishal', 'Epstein, Jonathan H.', 'AlHakeem, Rafat', 'Durosinloun, Abdulkareem', 'Al Asmari, Mushabab', 'Islam, Ariful', 'Kapoor, Amit', 'Briese, Thomas', 'Daszak, Peter', 'Al Rabeeah, Abdullah A.', 'Lipkin, W. Ian']"
   ],
   "journal": "Emerg Infect Dis",
   "has_full_text": "True",
   "id": "9595fe80c8e79a20286b0bfad42c930623e13805",
   "fhir_link": "PMC/Composition/9595fe80c8e79a20286b0bfad42c930623e13805"
}