{
   "sha": "c6d5d32d30b80cc1fa8ee8ef6b8794d194eca6c5",
   "source_x": "Elsevier",
   "title": "RNA pseudoknots",
   "doi": "10.1016/0959-440X(92)90221-R",
   "license": "els-covid",
   "abstract": "Abstract RNA pseudoknots result from Watson-Crick base pairing involving a stretch of bases located between paired strands and a distal single-stranded region. Recently, significant advances in our understanding of their structural and functional aspects have been accomplished. At the structural level, modelling and NMR studies have shown that a defined subset of pseudoknots may be considered as tertiary motifs in RNA foldings. At the functional level, there is evidence that the realm of functions encompassed by RNA pseudoknots extends from the control of translation in prokaryotes, retroviruses and coronaviruses to the control of catalytic activity in ribozymes and the control of replication in some plant viruses.",
   "publish_time": "1992-06-30",
   "authors": [
      "Westhof, Eric",
      "Jaeger, Luc"
   ],
   "journal": "Current Opinion in Structural Biology",
   "has_full_text": "True",
   "full_text_file": "custom_license",
   "id": "https://doi.org/10.1016/0959-440X(92)90221-R",
   "fhir_link": [
      "PMC/Composition/c6d5d32d30b80cc1fa8ee8ef6b8794d194eca6c5"
   ]
}