{
   "sha": "df806aba65548a95da899a9663ff3b37fadd3da8",
   "source_x": "PMC",
   "title": "Persistent Human Cosavirus Infection in Lung Transplant Recipient, Italy",
   "doi": "http://dx.doi.org/10.3201/eid1910.130352",
   "pmcid": "PMC3810744",
   "pubmed_id": "24047954",
   "license": "NO-CC CODE",
   "abstract": "Human cosavirus is a novel picornavirus recently identified in feces from children in southern Asia. We report infection with human cosavirus in a patient in the Mediterranean area. The patient was an adult double lung transplant recipient who had chronic diarrhea associated with persistent infection with human cosavirus.",
   "publish_time": "2013 Oct",
   "authors": [
      "['Campanini, Giulia', 'Rovida, Francesca', 'Meloni, Federica', 'Cascina, Alessandro', 'Ciccocioppo, Rachele', 'Piralla, Antonio', 'Baldanti, Fausto']"
   ],
   "journal": "Emerg Infect Dis",
   "has_full_text": "True",
   "id": "df806aba65548a95da899a9663ff3b37fadd3da8",
   "fhir_link": "PMC/df806aba65548a95da899a9663ff3b37fadd3da8"
}