{
   "sha": "13ef940f453b41f002b5525a2a575a05da87b1d6",
   "source_x": "Elsevier",
   "title": "A call to respond, not to react",
   "doi": "10.1016/S1540-2487(03)00043-9",
   "pubmed_id": "12888742",
   "license": "els-covid",
   "publish_time": "2003-09-30",
   "authors": [
      "Robinson, Kathy"
   ],
   "journal": "Disaster Management & Response",
   "has_full_text": "True",
   "full_text_file": "custom_license",
   "id": "https://doi.org/10.1016/S1540-2487(03)00043-9",
   "fhir_link": [
      "PMC/Composition/13ef940f453b41f002b5525a2a575a05da87b1d6"
   ]
}