{
   "sha": "22212b4c01be73b039da9396b7d20fb4a3429cb5",
   "source_x": "PMC",
   "title": "Associations of IFN-\u03b3 rs2430561 T/A, IL28B rs12979860 C/T and ER\u03b1 rs2077647 T/C polymorphisms with outcomes of hepatitis B virus infection: a meta-analysis",
   "doi": "http://dx.doi.org/10.7555/JBR.28.20130162",
   "pmcid": "PMC4250527",
   "pubmed_id": "25469118",
   "license": "NO-CC CODE",
   "abstract": "Several studies investigated associations of IFN-\u03b3 rs2430561 T/A, IL28B rs12979860 C/T and ER\u03b1 rs2077647 T/C gene polymorphisms with outcomes of hepatitis B virus (HBV) infection, but the results were controversial. Therefore, we performed a meta-analysis of all published observational studies to address this inconsistency. Literature was searched in online database and a systematic review was conducted based on the search results. A total of 24 studies were included and dichotomous data were presented as odds ratio (OR) with a 95% confidence interval (CI). The rs2430561 T allele was associated with reduced persistent HBV infection risk (T vs. A: OR, 0.690; 95% CI, [0.490, 0.971]), while the rs2077647 T allele significantly increased the risk of persistent HBV infection (T vs. C: OR, 1.678; 95% CI, [1.212, 2.323]). Rs 2077647 CC might play a role in protecting individuals against HBV persistence (TT vs. CC: OR, 4.109; 95% CI, [2.609, 6.473]). Furthermore, carriers of the rs2430561 TT genotype were more likely to clear HBV spontaneously compared with those of the AA genotype (TT vs. AA: OR, 0.555; 95% CI, [0.359, 0.856]). For rs12979860 C/T polymorphism, no significant correlation with HBV infection outcomes was found. In subgroup analyses, the results were similar to those of overall analysis. However, for rs2077647 TT vs. TC+CC, significantly increased risks were observed in the Asian and hospital-based population, but not in the overall analysis. IFN-\u03b3 rs2430561 T/A and ER\u03b1 rs2077647 T/C genetic polymorphisms were associated with outcomes of HBV infection, but no association was found between IL28B rs12979860 C/T and HBV infection.",
   "publish_time": "2014 Nov 10",
   "authors": [
      "['Tang, Shaidi', 'Yue, Ming', 'Wang, Jiajia', 'Zhang, Yun', 'Yu, Rongbin', 'Su, Jing', 'Peng, Zhihang', 'Wang, Jie']"
   ],
   "journal": "J Biomed Res",
   "has_full_text": "True",
   "id": "22212b4c01be73b039da9396b7d20fb4a3429cb5",
   "fhir_link": "PMC/Composition/22212b4c01be73b039da9396b7d20fb4a3429cb5.json"
}