{
   "sha": "44c0a8230ff9d4468cebe29f69a0a985f5b7a4d1",
   "source_x": "PMC",
   "title": "Enhanced MERS Coronavirus Surveillance of Travelers from the Middle East to England",
   "doi": "http://dx.doi.org/10.3201/eid2009.140817",
   "pmcid": "PMC4178421",
   "pubmed_id": "25148267",
   "license": "NO-CC CODE",
   "abstract": "During the first year of enhanced MERS coronavirus surveillance in England, 77 persons traveling from the Middle East had acute respiratory illness and were tested for the virus. Infection was confirmed in 2 travelers with acute respiratory distress syndrome and 2 of their contacts. Patients with less severe manifestations tested negative.",
   "publish_time": "2014 Sep",
   "authors": [
      "['Thomas, Helen Lucy', 'Zhao, Hongxin', 'Green, Helen K.', 'Boddington, Nicola L.', 'Carvalho, Carlos F.A.', 'Osman, Husam K.', 'Sadler, Carol', 'Zambon, Maria', 'Bermingham, Alison', 'Pebody, Richard G.']"
   ],
   "journal": "Emerg Infect Dis",
   "has_full_text": "True",
   "id": "44c0a8230ff9d4468cebe29f69a0a985f5b7a4d1",
   "fhir_link": "PMC/Composition/44c0a8230ff9d4468cebe29f69a0a985f5b7a4d1.json"
}