{
   "sha": "962be48120698b63486380044e250ee143f486dc",
   "source_x": "Elsevier",
   "title": "Genetic diversity of bats coronaviruses in the Atlantic Forest hotspot biome, Brazil",
   "doi": "10.1016/j.meegid.2016.07.034",
   "pubmed_id": "27473780",
   "license": "els-covid",
   "abstract": "Abstract Bats are notorious reservoirs of genetically-diverse and high-profile pathogens, and are playing crucial roles in the emergence and re-emergence of viruses, both in human and in animals. In this report, we identified and characterized previously unknown and diverse genetic clusters of bat coronaviruses in the Atlantic Forest Biome, Brazil. These results highlight the virus richness of bats and their possible roles in the public health.",
   "publish_time": "2016-10-31",
   "authors": [
      "G\u00f3es, Luiz Gustavo Bentim",
      "Campos, Ang\u00e9lica Cristine de Almeida",
      "Carvalho, Cristiano de",
      "Ambar, Guilherme",
      "Queiroz, Luzia Helena",
      "Cruz-Neto, Ariovaldo Pereira",
      "Munir, Muhammad",
      "Durigon, Edison Luiz"
   ],
   "journal": "Infection, Genetics and Evolution",
   "has_full_text": "True",
   "full_text_file": "custom_license",
   "id": "https://doi.org/10.1016/j.meegid.2016.07.034",
   "fhir_link": [
      "PMC/Composition/962be48120698b63486380044e250ee143f486dc"
   ]
}