{
   "sha": "8004486cd94fe30d59168de8109ebfe241223a13",
   "source_x": "PMC",
   "title": "Chemical and Structural Aspects of Ebola Virus Entry Inhibitors",
   "doi": "http://dx.doi.org/10.1021/id500025n",
   "pmcid": "PMC4426353",
   "pubmed_id": "25984565",
   "license": "NO-CC CODE",
   "abstract": "[Image: see text] The Ebolaviruses are members of the family Filoviridae (\u201cfiloviruses\u201d) and cause severe hemhorragic fever with human case fatality rates as high as 90%. Infection requires attachment of the viral particle to cells and triggering of membrane fusion between the host and viral membranes, a process that occurs in the host endosome and is facilitated by the envelope glycoprotein (GP). One potential strategy for therapeutic intervention is the development of agents (antibodies, peptides, and small molecules) that can interfere with viral entry aspects such as attachment, uptake, priming, or membrane fusion. This paper highlights recent developments in the discovery and evaluation of therapeutic entry inhibitors and identifies opportunities moving forward.",
   "publish_time": "2015 Jan 9",
   "authors": [
      "['Nyakatura, Elisabeth K.', 'Frei, Julia C.', 'Lai, Jonathan R.']"
   ],
   "journal": "ACS Infect Dis",
   "has_full_text": "True",
   "id": "8004486cd94fe30d59168de8109ebfe241223a13",
   "fhir_link": "PMC/Composition/8004486cd94fe30d59168de8109ebfe241223a13.json"
}