{
   "sha": "bbe2e49fac5f007f3313b35f9b264bb4219aa67d",
   "source_x": "PMC",
   "title": "The Role of Carbohydrates in Infection Strategies of Enteric Pathogens",
   "doi": "http://dx.doi.org/10.2149/tmh.2014-25",
   "pmcid": "PMC4361345",
   "pubmed_id": "25859152",
   "license": "NO-CC CODE",
   "abstract": "Enteric pathogens cause considerable public health concerns worldwide including tropical regions. Here, we review the roles of carbohydrates in the infection strategies of various enteric pathogens including viruses, bacteria and protozoa, which infect the epithelial lining of the human and animal intestine. At host cell entry, enteric viruses, including norovirus, recognize mainly histo-blood group antigens. At the initial step of bacterial infections, carbohydrates also function as receptors for attachment. Here, we describe the function of carbohydrates in infection by Salmonella enterica and several bacterial species that produce a variety of fimbrial adhesions. During invasion by enteropathogenic protozoa, apicomplexan parasites utilize sialic acids or sulfated glycans. Carbohydrates serve as receptors for infection by these microbes; however, their usage of carbohydrates varies depending on the microbe. On the surface of the mucosal tissues of the gastrointestinal tract, various carbohydrate moieties are present and play a crucial role in infection, representing the site of infection or route of access for most microbes. During the infection and/or invasion process of the microbes, carbohydrates function as receptors for various microbes, but they can also function as a barrier to infection. One approach to develop effective prophylactic and therapeutic antimicrobial agents is to modify the drug structure. Another approach is to modify the mode of inhibition of infection depending on the individual pathogen by using and mimicking the interactions with carbohydrates. In addition, similarities in mode of infection may also be utilized. Our findings will be useful in the development of new drugs for the treatment of enteric pathogens.",
   "publish_time": "2015 Mar 15",
   "authors": [
      "['Kato, Kentaro', 'Ishiwa, Akiko']"
   ],
   "journal": "Trop Med Health",
   "has_full_text": "True",
   "id": "bbe2e49fac5f007f3313b35f9b264bb4219aa67d",
   "fhir_link": "PMC/Composition/bbe2e49fac5f007f3313b35f9b264bb4219aa67d"
}