{
   "source_x": "Elsevier",
   "title": "EPS4.6 Inherent differences in multiple breath washout (MBW) using N2 and SF6 demonstrated by simultaneous analysis with respiratory mass spectrometry (RMS)",
   "doi": "10.1016/S1569-1993(17)30307-7",
   "license": "els-covid",
   "publish_time": "2017-06-30",
   "authors": [
      "Bayfield, K.J.",
      "Alton, E.W.",
      "Irving, S.",
      "Bush, A.",
      "Horsley, A.R.",
      "Davies, J."
   ],
   "journal": "Journal of Cystic Fibrosis",
   "has_full_text": "False",
   "full_text_file": "custom_license",
   "id": "https://doi.org/10.1016/S1569-1993(17)30307-7"
}