{
   "sha": "9afb35f53239d7fc6c241632cef92d1ed9742ef6",
   "source_x": "PMC",
   "title": "N-Methylation as a Strategy for Enhancing the Affinity and Selectivity of RNA-binding Peptides: Application to the HIV-1 Frameshift-Stimulating RNA",
   "doi": "http://dx.doi.org/10.1021/acschembio.5b00682",
   "pmcid": "PMC4720131",
   "pubmed_id": "26496521",
   "license": "NO-CC CODE",
   "abstract": "[Image: see text] Human Immunodeficiency Virus (HIV) type 1 uses a \u22121 programmed ribosomal frameshift (\u22121 PRF) event to translate its enzymes from the same transcript used to encode the virus\u2019 structural proteins. The frequency of this event is highly regulated, and significant deviation from the normal 5\u201310% frequency has been demonstrated to decrease viral infectivity. Frameshifting is primarily regulated by the Frameshift Stimulatory Signal RNA (FSS-RNA), a thermodynamically stable, highly conserved stem loop that has been proposed as a therapeutic target. We describe the design, synthesis, and testing of a series of N-methyl peptides able to bind the HIV-1 FSS RNA stem loop with low nanomolar affinity and high selectivity. Surface plasmon resonance (SPR) data indicates increased affinity is a reflection of a substantially enhanced on rate. Compounds readily penetrate cell membranes and inhibit HIV infectivity in a pseudotyped virus assay. Viral infectivity inhibition correlates with compound-dependent changes in the ratios of Gag and Gag-Pol in virus particles. As the first compounds with both single digit nanomolar affinities for the FSS RNA and an ability to inhibit HIV in cells, these studies support the use of N-methylation for enhancing the affinity, selectivity, and bioactivity of RNA-binding peptides.",
   "publish_time": "2016 Jan 15",
   "authors": [
      "['Hilimire, Thomas\\nA.', 'Bennett, Ryan P.', 'Stewart, Ryan A.', 'Garcia-Miranda, Pablo', 'Blume, Alex', 'Becker, Jordan', 'Sherer, Nathan', 'Helms, Eric D.', 'Butcher, Samuel E.', 'Smith, Harold C.', 'Miller, Benjamin L.']"
   ],
   "journal": "ACS Chem Biol",
   "has_full_text": "True",
   "id": "9afb35f53239d7fc6c241632cef92d1ed9742ef6",
   "fhir_link": "PMC/Composition/9afb35f53239d7fc6c241632cef92d1ed9742ef6.json"
}