{
   "sha": "c723a1d259891519fd489b94a7ff128f9a5555aa",
   "source_x": "PMC",
   "title": "Partitioning of Viruses in Wastewater Systems and Potential for Aerosolization",
   "doi": "http://dx.doi.org/10.1021/acs.estlett.6b00105",
   "pmcid": "PMC4869619",
   "pubmed_id": "27213164",
   "license": "NO-CC CODE",
   "abstract": "[Image: see text] To gain insight into the potential for aerosolization of viruses in wastewater systems, we investigated the partitioning of MS2 and Phi6 bacteriophages in synthetic sludge and anaerobically digested sludge from a wastewater treatment plant. We evaluated partitioning among the liquid, solids, and material surfaces of porcelain, concrete, polyvinyl chloride (PVC), and polypropylene. In all cases, at least 94% of the virions partitioned into the liquid fraction. In real sludge, no more than 0.8% of virions partitioned to the solids and no more than 6% to the material surface. Both MS2 and Phi6 partitioned more to the surface of concrete and polypropylene than to the surface of porcelain or PVC. Partitioning of viruses in wastewater among the liquid, biosolids, and material surface does not appear to mitigate the potential for aerosolization of virus, as most of the virus remains in the liquid phase.",
   "publish_time": "2016 May 10",
   "authors": [
      "['Titcombe Lee, Mari', 'Pruden, Amy', 'Marr, Linsey C.']"
   ],
   "journal": "Environ Sci Technol Lett",
   "has_full_text": "True",
   "id": "c723a1d259891519fd489b94a7ff128f9a5555aa",
   "fhir_link": "PMC/c723a1d259891519fd489b94a7ff128f9a5555aa"
}