{
   "sha": "858b0dc0f06ee13491a382db48121c0214904d8c",
   "source_x": "Elsevier",
   "title": "Arguments Against Corticosteroids in Community Acquired Pneumonia",
   "doi": "10.1016/S1579-2129(11)70054-4",
   "license": "els-covid",
   "publish_time": "2011-12-31",
   "authors": [
      "de Castro, Felipe Rodr\u00edguez",
      "Sol\u00e9-Viol\u00e1n, Jordi"
   ],
   "journal": "Archivos de Bronconeumolog\u00eda ((English Edition))",
   "has_full_text": "True",
   "full_text_file": "custom_license",
   "id": "https://doi.org/10.1016/S1579-2129(11)70054-4",
   "fhir_link": [
      "PMC/Composition/858b0dc0f06ee13491a382db48121c0214904d8c"
   ]
}