{
   "sha": "b8cb0a85e08fc7ff6ab02dac2e29cb204616c4b0",
   "source_x": "Elsevier",
   "title": "Ebola virus disease outbreak in West Africa and challenge of Hajj and Omrah in Saudi Arabia",
   "doi": "10.1016/j.jtumed.2014.10.001",
   "license": "els-covid",
   "publish_time": "2015-06-30",
   "authors": [
      "Al Turki, Yousef Abdullah"
   ],
   "journal": "Journal of Taibah University Medical Sciences",
   "has_full_text": "True",
   "full_text_file": "custom_license",
   "id": "https://doi.org/10.1016/j.jtumed.2014.10.001",
   "fhir_link": [
      "PMC/Composition/b8cb0a85e08fc7ff6ab02dac2e29cb204616c4b0"
   ]
}