{
   "sha": "2140635bd0abbea93a3dbb83af50aff3485b6b8c",
   "source_x": "PMC",
   "title": "Contributions of the US Centers for Disease Control and Prevention in Implementing the Global Health Security Agenda in 17 Partner Countries",
   "doi": "http://dx.doi.org/10.3201/eid2313.170898",
   "pmcid": "PMC5711326",
   "pubmed_id": "29155676",
   "license": "NO-CC CODE",
   "abstract": "The Global Health Security Agenda (GHSA), a partnership of nations, international organizations, and civil society, was launched in 2014 with a mission to build countries\u2019 capacities to respond to infectious disease threats and to foster global compliance with the International Health Regulations (IHR 2005). The US Centers for Disease Control and Prevention (CDC) assists partner nations to improve IHR 2005 capacities and achieve GHSA targets. To assess progress through these CDC-supported efforts, we analyzed country activity reports dating from April 2015 through March 2017. Our analysis shows that CDC helped 17 Phase I countries achieve 675 major GHSA accomplishments, particularly in the cross-cutting areas of public health surveillance, laboratory systems, workforce development, and emergency response management. CDC\u2019s engagement has been critical to these accomplishments, but sustained support is needed until countries attain IHR 2005 capacities, thereby fostering national and regional health protection and ensuring a world safer and more secure from global health threats.",
   "publish_time": "2017 Dec",
   "authors": [
      "['Fitzmaurice, Arthur G.', 'Mahar, Michael', 'Moriarty, Leah F.', 'Bartee, Maureen', 'Hirai, Mitsuaki', 'Li, Wenshu', 'Gerber, A. Russell', 'Tappero, Jordan W.', 'Bunnell, Rebecca', None]"
   ],
   "journal": "Emerg Infect Dis",
   "has_full_text": "True",
   "id": "2140635bd0abbea93a3dbb83af50aff3485b6b8c",
   "fhir_link": "PMC/Composition/2140635bd0abbea93a3dbb83af50aff3485b6b8c"
}