{
   "sha": "cc4a286bf84cca61756e9a8688b306c4da70a5f7",
   "source_x": "Elsevier",
   "title": "Rapid generation of a human monoclonal antibody to combat Middle East respiratory syndrome",
   "doi": "10.1016/j.jiph.2016.04.003",
   "pubmed_id": "27102927",
   "license": "els-covid",
   "abstract": "Summary The last century has witnessed the emergence of several previously unknown viruses as life-threatening human pathogens. Several examples include HIV, Ebola, Lujo, and, most recently, the Middle East respiratory syndrome (MERS) and Ebola. In this study, we describe a method for the swift generation of a human-derived monoclonal antibody, known as LCA60, as a treatment for MERS infections. LCA60 antibody was generated using the Cellclone Technology from the immortalized B cells of a human donor recovering from MERS. Only four months were required from the initial screening of B cells to the development of a stable CHO cell line suitable for the production of clinical grade antibody, thereby delineating a rapid pathway for the development of antiviral therapies against emerging viruses. Currently, the LCA60 antibody is being considered for clinical development, which includes prophylaxis in individuals at risk and a treatment for severe MERS-CoV infections.",
   "publish_time": "2016-06-30",
   "authors": [
      "Corti, Davide",
      "Passini, Nadia",
      "Lanzavecchia, Antonio",
      "Zambon, Maria"
   ],
   "journal": "Journal of Infection and Public Health",
   "has_full_text": "True",
   "full_text_file": "custom_license",
   "id": "https://doi.org/10.1016/j.jiph.2016.04.003",
   "fhir_link": [
      "PMC/Composition/cc4a286bf84cca61756e9a8688b306c4da70a5f7"
   ]
}