{
   "sha": "efc40fc57c0832923577b3f3fea326be41143765",
   "source_x": "Elsevier",
   "title": "Exploration of the mechanisms of Ge Gen Decoction against influenza A virus infection",
   "doi": "10.1016/S1875-5364(19)30079-2",
   "pubmed_id": "31526500",
   "license": "els-covid",
   "abstract": "Abstract Ge Gen Decoction (GGD), a Traditional Chinese Medicine prescription, is mainly used to treat infectious respiratory diseases and can relieve the symptoms of influenza A virus (IAV) infection. However, the underlying mechanism of GGD against IAV infection remains unclear. In this study, we found that GGD had moderate anti-IAV activity in vitro. GGD was more effective when given before the viral infection and targeted the viral attachment and replication stages rather than the internalization stage. In vivo, GGD treatment reduced thevirus titers of lung tissue significantly and improved the survival rate, lung index, and pulmonary histopathological changes in H1N1-infected mice. We observed the changes in several key immuno-related indexes in GGD administrated H1N1-infected mice with anti-IAV drug oseltamivir phosphate as the control. GGD treatment decreased the expression of TNF-\u03b1 and improved Th1/Th2 immune balance to reduce the excessive immune response in H1N1-infected mice. Besides, the expression of the toll-like receptor 7 signaling pathway in H1N1-infected mice decreased after GGD treatment. Our results showed that GGD has anti-IAV activity and can modulate the immune system to relieve lung inflammation.",
   "publish_time": "2019-09-30",
   "authors": [
      "GENG, Zi-Kai",
      "LI, Ya-Qun",
      "CUI, Qing-Hua",
      "DU, Rui-Kun",
      "TIAN, Jing-Zhen"
   ],
   "journal": "Chinese Journal of Natural Medicines",
   "has_full_text": "True",
   "full_text_file": "custom_license",
   "id": "https://doi.org/10.1016/S1875-5364(19)30079-2",
   "fhir_link": [
      "PMC/Composition/efc40fc57c0832923577b3f3fea326be41143765"
   ]
}