{
   "source_x": "PMC",
   "title": "Meeting report: Global vaccine and immunization research forum, 2018",
   "doi": "http://dx.doi.org/10.1016/j.vaccine.2019.10.011",
   "pmcid": "PMC6899432",
   "pubmed_id": "31623915",
   "license": "CC BY",
   "abstract": "Every two years, the Global Vaccine and Immunization Research Forum takes stock of global research in vaccines and immunization. As in prior years, the 2018 meeting addressed vaccine discovery, development, decision-making, and deployment. This time, however, it also featured two overarching themes: \u201cInnovating for Equity\u201d and \u201cEnd-to-End Integration.\u201d Significant advances have been made in the last two years, but participants noted that some important goals of the Global Vaccine Action Plan are not being met and called urgently for innovation in improving access to vaccines. Two factors were highlighted as crucial to improving coverage: a focus on equity and sustainability throughout the immunization ecosystem, and an enabling political environment that prioritizes health and immunization.",
   "publish_time": "2019 Dec 10",
   "authors": [
      "['Dull, Peter', 'Friede, Martin', 'Hwang, Angela', 'Hall, B. Fenton']"
   ],
   "journal": "Vaccine",
   "id": "https://www.ncbi.nlm.nih.gov/pubmed/31623915"
}