{
   "source_x": "Elsevier",
   "title": "Descriptive Epidemiology, Clinical Characteristics and Outcomes for Middle East Respiratory Syndrome Coronavirus (MERS-CoV) Infected Patients in AlAin \u2013 Abu Dhabi Emirate",
   "doi": "10.1016/j.jiph.2018.10.099",
   "license": "els-covid",
   "publish_time": "2019-02-28",
   "authors": [
      "Alkendi, F.",
      "Nair, S. Chandrasekhar",
      "Hashmey, R."
   ],
   "journal": "Journal of Infection and Public Health",
   "has_full_text": "False",
   "full_text_file": "custom_license",
   "id": "https://doi.org/10.1016/j.jiph.2018.10.099"
}