{
   "source_x": "Elsevier",
   "title": "Risque de r\u00e9currence \u00e0 1 an d\u2019une population de nourrissons ayant pr\u00e9sent\u00e9 une bronchiolite aigu\u00eb : le poids de l\u2019allergie familiale ?",
   "doi": "10.1016/j.reval.2014.02.144",
   "license": "els-covid",
   "publish_time": "2014-04-30",
   "authors": [
      "Amat, F.",
      "Petit, I.",
      "Verdan, M.",
      "Mulliez, A.",
      "Rochette, E.",
      "Henquell, C."
   ],
   "journal": "Revue Fran\u00e7aise d'Allergologie",
   "has_full_text": "False",
   "full_text_file": "custom_license",
   "id": "https://doi.org/10.1016/j.reval.2014.02.144"
}