{
   "source_x": "PMC",
   "title": "Dual-degree MBBS-MPH programs in Saudi Arabia: A call for implementation",
   "doi": "http://dx.doi.org/10.4103/jfmpc.jfmpc_461_18",
   "pmcid": "PMC6436275",
   "pubmed_id": "30984637",
   "license": "CC BY-NC-SA",
   "abstract": "Nowadays, any healthcare problem should be dealt with in a multidisciplinary approach that employs not only treating the symptoms of the problem but also its source. This simply implies the necessity to produce well-rounded medical graduates (physicians) who can competently integrate clinical knowledge/skills (for disease treatment) and public health knowledge/skills (for disease prevention). Moreover, the medical training (MD/MBBS curriculum) largely gives emphasis to the clinical skills needed to treat individual patients, whereas public health training (MPH degree) emphasizes the methods needed to improve the overall community health. Bridging the gap between patients and community is best achieved through a combined multidisciplinary training in both medicine and public health, that is, dual-degree MBBS-MPH programs are the way forward. In United States, for example, there are >80 medical schools that offer such joint MD-MPH programs, whereas there is none in Saudi Arabia. Herein, I call on higher education bodies to implement dual-degree MBBS-MPH programs in Saudi Arabia. To the best of knowledge, this is the first ever report to call for such an innovative implementation. Also, this short communication briefly sheds light on background, rationale, benefits, curriculum design, and future directions of such programs. The implications of this perspective (i.e. dual-degree MBBS-MPH programs) should not be limited to Saudi Arabia only; rather, it should be contemplated by the other medical curricula in the different countries.",
   "publish_time": "2019 Feb",
   "authors": [
      "['Abu-Zaid, Ahmed', 'Eshaq, Abdulaziz M.', 'Alkattan, Khaled']"
   ],
   "journal": "J Family Med Prim Care",
   "id": "https://www.ncbi.nlm.nih.gov/pubmed/30984637"
}