{
   "source_x": "PMC",
   "title": "Repurposing Potential of 1(st) Generation H(1)-specific Antihistamines as Anti-filovirus Therapeutics",
   "doi": "http://dx.doi.org/10.1016/j.antiviral.2018.07.003",
   "pmcid": "PMC6087678",
   "abstract": "Ebola and Marburg are filoviruses and biosafety level 4 pathogens responsible for causing severe hemorrhagic fevers in humans with mortality rates up to 90%. The most recent outbreak in West Africa resulted in approximately 11,310 deaths in 28,616 reported cases. Currently there are no FDA-approved vaccines or therapeutics to treat infections of these deadly viruses. Recently we screened an FDA-approved drug library and identified numerous G protein-coupled receptor (GPCR) antagonists including antihistamines possessing anti-filovirus properties. Antihistamines are attractive targets for drug repurposing because of their low cost and ease of access due to wide use. In this report we identify common over the counter antihistamines, such as diphenhydramine (Benadryl) and chlorcyclizine (Ahist) as potential candidates for repurposing as anti-filovirus agents. Furthermore, we demonstrate that this potential is wide-spread through the 1(st) generation of H(1)-specific antihistamines but is not present in newer drugs or drugs targeting H(2), H(3) and H(4) receptors. We showed that the filovirus entry inhibition is not dependent on the classical antagonism of cell surface histamine or muscarinic acetylcholine receptors but occurs in the endosome, like the cathepsin inhibitor CA-074. Finally, using extensive docking studies we showed the potential for these drugs to bind directly to the EBOV-GP at the same site as toremifene. These findings suggest that the 1(st) generation antihistamines are excellent candidates for repurposing as anti-filovirus therapeutics and can be further optimized for removal of unwanted histamine or muscarinic receptor interactions without loss of anti-filovirus efficacy.",
   "authors": [
      "['Schafer, Adam', 'Cheng, Han', 'Xiong, Rui', 'Soloveva, Veronica', 'Retterer, Cary', 'Mo, Feiyan', 'Bavari, Sina', 'Thatcher, Gregory', 'Rong, Lijun']"
   ],
   "id": "https://www.ncbi.nlm.nih.gov/pmc/articles/PMC6087678"
}