{
   "sha": "6f8d4a17c37b8700d4ff6ce0a2e44eaac32c1e7c",
   "source_x": "Elsevier",
   "title": "Mass Gatherings and Public Health: Case Studies from the Hajj to Mecca",
   "doi": "10.1016/j.aogh.2016.12.001",
   "pubmed_id": "28619416",
   "license": "els-covid",
   "abstract": "Abstract Background Many new and challenging risks can be introduced during mass gatherings. The Hajj, as one of the largest mass gatherings, provides an excellent annual opportunity to reflect on the public health risk posed by international and multicultural crowds and the value of mitigation strategies. Objectives To identify the gap between preparation and training taken before being exposed to the mass gathering and postexposure experiences, and the breach between the expectations and reality of the holy place. Methods This was a qualitative study with in-depth interviews using semistructured questionnaires among Hajjis from 4 different countries (Bangladesh, Pakistan, Myanmar, and New Zealand). Purposive sampling was done. The present study was also supported by literature review. Findings Findings pointed to weaknesses in implementation and enforcement of law, for both the custodian country and countries of origin of Hajjis. Disparities among developed and developing countries were also noticeable. Conclusions From a global health and human security perspective, strengthening of core capacities in managing mass gatherings as well as researching risks posed by such gatherings are paramount to safeguard the public\u2019s health. Attention of health professionals worldwide and adoption of strategic planning at custodian country and sending countries are obligatory.",
   "publish_time": "2017-04-30",
   "authors": [
      "Rahman, Juma",
      "Thu, Min",
      "Arshad, Neelam",
      "Van der Putten, Marc"
   ],
   "journal": "Annals of Global Health",
   "has_full_text": "True",
   "full_text_file": "custom_license",
   "id": "https://doi.org/10.1016/j.aogh.2016.12.001",
   "fhir_link": [
      "PMC/Composition/6f8d4a17c37b8700d4ff6ce0a2e44eaac32c1e7c"
   ]
}