{
   "sha": "80b9fa6e747e2c9451e26508989af2802acb2de7",
   "source_x": "Elsevier",
   "title": "Chapter 6 New Diagnostic Tools for Infectious Disease",
   "doi": "10.1016/B0-72-160423-4/50009-3",
   "license": "els-covid",
   "publish_time": "2006-12-31",
   "authors": [
      "Relford, Roberta L.",
      "DiMarco, Anthony"
   ],
   "journal": "Consultations in Feline Internal Medicine",
   "has_full_text": "True",
   "full_text_file": "custom_license",
   "id": "https://doi.org/10.1016/B0-72-160423-4/50009-3",
   "fhir_link": [
      "PMC/Composition/80b9fa6e747e2c9451e26508989af2802acb2de7"
   ]
}