{
   "sha": "7e0e0ff33edf6320b94266b023995a488257d81d",
   "source_x": "Elsevier",
   "title": "Laboratory biosafety for handling emerging viruses",
   "doi": "10.1016/j.apjtb.2017.01.020",
   "license": "els-covid",
   "abstract": "Abstract Emerging viruses are viruses whose occurrence has risen within the past twenty years, or whose presence is likely to increase in the near future. Diseases caused by emerging viruses are a major threat to global public health. In spite of greater awareness of safety and containment procedures, the handling of pathogenic viruses remains a likely source of infection, and mortality, among laboratory workers. There is a steady increase in both the number of laboratories and scientist handling emerging viruses for diagnostics and research. The potential for harm associated to work with these infectious agents can be minimized through the application of sound biosafety concepts and practices. The main factors to the prevention of laboratory-acquired infection are well-trained personnel who are knowledgable and biohazard aware, who are perceptive of the various ways of transmission, and who are professional in safe laboratory practice management. In addition, we should emphasize that appropriate facilities, practices and procedures are to be used by the laboratory workers for the handling of emerging viruses in a safe and secure manner. This review is aimed at providing researchers and laboratory personnel with basic biosafety principles to protect themselves from exposure to emerging viruses while working in the laboratory. This paper focuses on what emerging viruses are, why emerging viruses can cause laboratory-acquired infection, how to assess the risk of working with emerging viruses, and how laboratory-acquired infection can be prevented. Control measures used in the laboratory designed as such that they protect workers from emerging viruses and safeguard the public through the safe disposal of infectious wastes are also addressed.",
   "publish_time": "2017-05-31",
   "authors": [
      "Artika, I. Made",
      "Ma'roef, Chairin Nisa"
   ],
   "journal": "Asian Pacific Journal of Tropical Biomedicine",
   "has_full_text": "True",
   "full_text_file": "custom_license",
   "id": "https://doi.org/10.1016/j.apjtb.2017.01.020",
   "fhir_link": [
      "PMC/Composition/7e0e0ff33edf6320b94266b023995a488257d81d"
   ]
}