{
   "source_x": "CZI",
   "title": "Chinese medical staff request international medical assistance in fighting against COVID-19",
   "doi": "10.1016/s2214-109x(20)30065-6",
   "pubmed_id": "32105614",
   "license": "cc-by",
   "publish_time": "2020",
   "authors": [
      "Zeng, Yingchun",
      "Zhen, Yan"
   ],
   "journal": "The Lancet. Global health",
   "Microsoft Academic Paper ID": "2627046314",
   "WHO #Covidence": "#5386",
   "has_full_text": "False",
   "full_text_file": "comm_use_subset",
   "id": "https://doi.org/10.1016/s2214-109x(20)30065-6"
}