{
   "sha": "ebc8f68d591a7979fcde0afc4cfcae3a9dac58af",
   "source_x": "PMC",
   "title": "An Amphipathic \u03b1-Helix Controls Multiple Roles of Brome Mosaic Virus Protein 1a in RNA Replication Complex Assembly and Function",
   "doi": "http://dx.doi.org/10.1371/journal.ppat.1000351",
   "pmcid": "PMC2654722",
   "pubmed_id": "19325881",
   "license": "CC BY",
   "abstract": "Brome mosaic virus (BMV) protein 1a has multiple key roles in viral RNA replication. 1a localizes to perinuclear endoplasmic reticulum (ER) membranes as a peripheral membrane protein, induces ER membrane invaginations in which RNA replication complexes form, and recruits and stabilizes BMV 2a polymerase (2a(Pol)) and RNA replication templates at these sites to establish active replication complexes. During replication, 1a provides RNA capping, NTPase and possibly RNA helicase functions. Here we identify in BMV 1a an amphipathic \u03b1-helix, helix A, and use NMR analysis to define its structure and propensity to insert in hydrophobic membrane-mimicking micelles. We show that helix A is essential for efficient 1a\u2013ER membrane association and normal perinuclear ER localization, and that deletion or mutation of helix A abolishes RNA replication. Strikingly, mutations in helix A give rise to two dramatically opposite 1a function phenotypes, implying that helix A acts as a molecular switch regulating the intricate balance between separable 1a functions. One class of helix A deletions and amino acid substitutions markedly inhibits 1a\u2013membrane association and abolishes ER membrane invagination, viral RNA template recruitment, and replication, but doubles the 1a-mediated increase in 2a(Pol) accumulation. The second class of helix A mutations not only maintains efficient 1a\u2013membrane association but also amplifies the number of 1a-induced membrane invaginations 5- to 8-fold and enhances viral RNA template recruitment, while failing to stimulate 2a(Pol) accumulation. The results provide new insights into the pathways of RNA replication complex assembly and show that helix A is critical for assembly and function of the viral RNA replication complex, including its central role in targeting replication components and controlling modes of 1a action.",
   "publish_time": "2009 Mar 27",
   "authors": [
      "['Liu, Ling', 'Westler, William M.', 'den Boon, Johan A.', 'Wang, Xiaofeng', 'Diaz, Arturo', 'Steinberg, H. Adam', 'Ahlquist, Paul']"
   ],
   "journal": "PLoS Pathog",
   "has_full_text": "True",
   "id": "ebc8f68d591a7979fcde0afc4cfcae3a9dac58af",
   "fhir_link": "Commercial/ebc8f68d591a7979fcde0afc4cfcae3a9dac58af"
}