{
   "source_x": "PMC",
   "title": "Molecular survey of infectious agents associated with bovine respiratory disease in a beef cattle feedlot in southern Brazil",
   "doi": "http://dx.doi.org/10.1177/1040638717739945",
   "pmcid": "PMC6505859",
   "abstract": "We investigated the occurrence of infectious pathogens during an outbreak of bovine respiratory disease (BRD) in a beef cattle feedlot in southern Brazil that has a high risk of developing BRD. Nasopharyngeal swabs were randomly collected from steers (n = 23) and assessed for the presence of infectious agents of BRD by PCR and/or RT-PCR assays. These included: Histophilus somni, Mannheimia haemolytica, Pasteurella multocida, Mycoplasma bovis, bovine respiratory syncytial virus (BRSV), bovine coronavirus (BCoV), bovine viral diarrhea virus (BVDV), bovine alphaherpesvirus 1 (BoHV-1), and bovine parainfluenza virus 3 (BPIV-3). Pulmonary sections of one steer that died with clinical BRD were submitted for pathology and molecular testing. The frequencies of the pathogens identified from the nasopharyngeal swabs were: H. somni 39% (9 of 23), BRSV 35% (8 of 23), BCoV 22% (5 of 23), and M. haemolytica 13% (3 of 23). PCR or RT-PCR assays did not identify P. multocida, M. bovis, BoHV-1, BVDV, or BPIV-3 from the nasopharyngeal swabs. Single and concomitant associations of infectious agents of BRD were identified. Fibrinous bronchopneumonia was diagnosed in one steer that died; samples were positive for H. somni and M. haemolytica by PCR. H. somni, BRSV, and BCoV are important disease pathogens of BRD in feedlot cattle in Brazil, but H. somni and BCoV are probably under-reported.",
   "authors": [
      "['Headley, Selwyn A.', 'Okano, Werner', 'Balbo, Luciana C.', 'Marcasso, Rog\u00e9rio A.', 'Oliveira, Thalita E.', 'Alfieri, Alice F.', 'Negri Filho, Luiz C.', 'Michelazzo, Mariana Z.', 'Rodrigues, Silvio C.', 'Baptista, Anderson L.', 'Saut, Jo\u00e3o Paulo E.', 'Alfieri, Amauri A.']"
   ],
   "id": "https://www.ncbi.nlm.nih.gov/pmc/articles/PMC6505859"
}