{
   "sha": "1560867701aecc60f73407501a5c5c85e53c8522",
   "source_x": "PMC",
   "title": "MAVS-Mediated Apoptosis and Its Inhibition by Viral Proteins",
   "doi": "http://dx.doi.org/10.1371/journal.pone.0005466",
   "pmcid": "PMC2674933",
   "pubmed_id": "19404494",
   "license": "CC BY",
   "abstract": "BACKGROUND: Host responses to viral infection include both immune activation and programmed cell death. The mitochondrial antiviral signaling adaptor, MAVS (IPS-1, VISA or Cardif) is critical for host defenses to viral infection by inducing type-1 interferons (IFN-I), however its role in virus-induced apoptotic responses has not been elucidated. PRINCIPAL FINDINGS: We show that MAVS causes apoptosis independent of its function in initiating IFN-I production. MAVS-induced cell death requires mitochondrial localization, is caspase dependent, and displays hallmarks of apoptosis. Furthermore, MAVS(\u2212/\u2212) fibroblasts are resistant to Sendai virus-induced apoptosis. A functional screen identifies the hepatitis C virus NS3/4A and the Severe Acute Respiratory Syndrome coronavirus (SARS-CoV) nonstructural protein (NSP15) as inhibitors of MAVS-induced apoptosis, possibly as a method of immune evasion. SIGNIFICANCE: This study describes a novel role for MAVS in controlling viral infections through the induction of apoptosis, and identifies viral proteins which inhibit this host response.",
   "publish_time": "2009 Mar 7",
   "authors": [
      "['Lei, Yu', 'Moore, Chris B.', 'Liesman, Rachael M.', \"O'Connor, Brian P.\", 'Bergstralh, Daniel T.', 'Chen, Zhijian J.', 'Pickles, Raymond J.', 'Ting, Jenny P.-Y.']"
   ],
   "journal": "PLoS One",
   "has_full_text": "True",
   "id": "1560867701aecc60f73407501a5c5c85e53c8522",
   "fhir_link": "Commercial/Composition/1560867701aecc60f73407501a5c5c85e53c8522"
}