{
   "source_x": "WHO",
   "title": "A familial cluster of infection associated with the 2019 novel coronavirus indicating potential person-to-person transmission during the incubation period",
   "doi": "10.1093/infdis/jiaa077",
   "license": "unk",
   "abstract": "An ongoing outbreak of pneumonia associated with 2019 novel coronavirus (2019-nCoV) was reported in China. It is unclear if the infectivity exists during the incubation period, although a person-to-person transmission has been reported in previous studies. We report the epidemiological features of a familial cluster of four patients in Shanghai, of which one was 88 years old man with moving difficulties and was only exposed to his asymptomatic family members who developed symptoms later. The epidemiological evidence has shown a potential transmission of the 2019-nCoV during the incubation period.",
   "publish_time": "2020-02-18",
   "authors": [
      "Yu, Ping",
      "Zhu, Jiang",
      "Zhang, Zhengdong",
      "Han, Yingjun",
      "Huang, Lihong"
   ],
   "journal": "The Journal of Infectious Diseases",
   "Microsoft Academic Paper ID": "3002539152",
   "WHO #Covidence": "#1085",
   "has_full_text": "False",
   "id": "https://doi.org/10.1093/infdis/jiaa077"
}