{
   "source_x": "PMC",
   "title": "Enterovirus 71 suppresses interferon responses by blocking Janus kinase (JAK)/signal transducer and activator of transcription (STAT) signaling through inducing karyopherin-\u03b11 degradation",
   "doi": "http://dx.doi.org/10.1074/jbc.M116.745729",
   "pmcid": "PMC5473229",
   "abstract": "Enterovirus 71 (EV71) has emerged as one of the most important enteroviruses since the eradication of poliovirus, and it causes severe neurological symptoms for which no effective antiviral drugs are available. Type I interferons (IFN) \u03b1/\u03b2 have been used clinically as antiviral therapy as the first line of defense against virus infections successfully for decades. However, treatment with type I interferons has not been effective in patients with EV71 infection. In this study, we found that in cells pretreated with IFN-\u03b2, EV71 infection could still lead to a cytopathic effect, and the viral replication was not affected. The mechanism by which EV71 antagonizes interferon signaling, however, has been controversial. Our study indicated that EV71 infection did not inhibit phosphorylation of STAT1/2 induced by IFN-\u03b2 stimulation, but p-STAT1/2 transport into the nucleus was significantly blocked. We showed that EV71 infection reduced the formation of STAT/karyopherin-\u03b11 (KPNA1) complex upon interferon stimulation and that the virus down-regulated the expression of KPNA1, a nuclear localization signal receptor for p-STAT1. Using specific caspase inhibitors and siRNA for caspase-3, we demonstrated that EV71 infection induced degradation of cellular KPNA1 in a caspase-3-dependent manner, which led to decreased induction of interferon-inducible genes and IFN response. Viral 2A and 3C proteases did not degrade KPNA1, inhibit the activity of ISRE or suppress the transcription of interferon-inducible genes induced by IFN-\u03b2. Our study demonstrates a novel mechanism by which antiviral signaling is suppressed through degradation of KPNA1 by activated caspase-3 induced in an enteroviral infection.",
   "authors": [
      "['Wang, Chunyang', 'Sun, Menghuai', 'Yuan, Xinhui', 'Ji, Lianfu', 'Jin, Yu', 'Cardona, Carol J.', 'Xing, Zheng']"
   ],
   "id": "https://www.ncbi.nlm.nih.gov/pmc/articles/PMC5473229"
}