{
   "source_x": "PMC",
   "title": "Serum protease activity in chronic kidney disease patients: The GANI_MED renal cohort",
   "doi": "http://dx.doi.org/10.1177/1535370216684040",
   "pmcid": "PMC5367655",
   "abstract": "Serum or plasma proteases have been associated with various diseases including cancer, inflammation, or reno-cardiovascular diseases. We aimed to investigate whether the enzymatic activities of serum proteases are associated with the estimated glomerular filtration rate (eGFR) in patients with different stages of chronic kidney disease (CKD). Our study population comprised 268 participants of the \u201cGreifswald Approach to Individualized Medicine\u201d (GANI_MED) cohort. Enzymatic activity of aminopeptidase A, aminopeptidase B, alanyl (membrane) aminopeptidase, insulin-regulated aminopeptidase, puromycin-sensitive aminopeptidase, leucine aminopeptidase 3, prolyl-endopeptidase (PEP), dipeptidyl peptidase 4 (DPP4), angiotensin I-converting enzyme, and angiotensin I-converting enzyme 2 (ACE2) proteases was measured in serum. Linear regression of the respective protease was performed on kidney function adjusted for age and sex. Kidney function was modeled either by the continuous Modification of Diet in Renal Disease (MDRD)-based eGFR or dichotomized by eGFR\u2009<\u200915\u2009mL/min/1.73\u2009m(2) or <45\u2009mL/min/1.73\u2009m(2), respectively. Results with a false discovery rate below 0.05 were deemed statistically significant. Among the 10 proteases investigated, only the activities of ACE2 and DPP4 were correlated with eGFR. Patients with lowest eGFR exhibited highest DPP4 and ACE2 activities. DPP4 and PEP were correlated with age, but all other serum protease activities showed no associations with age or sex. Our data indicate that ACE2 and DPP4 enzymatic activity are associated with the eGFR in patients with CKD. This finding distinguishes ACE2 and DPP4 from other serum peptidases analyzed and clearly indicates that further analyses are warranted to identify the precise role of these serum ectopeptidases in the pathogenesis of CKD and to fully elucidate underlying molecular mechanisms. IMPACT STATEMENT: \u2022\u2003Renal and cardiac diseases are very common and often occur concomitantly, resulting in increased morbidity and mortality. Understanding of molecular mechanisms linking both diseases is limited, available fragmentary data point to a role of the renin\u2013angiotensin system (RAS) and, in particular, Ras-related peptidases. \u2022\u2003Here, a comprehensive analysis of serum peptidase activities in patients with different stages of chronic kidney disease (CKD) is presented, with special emphasis given to RAS peptidases \u2022\u2003The serum activities of the peptidases angiotensin I-converting enzyme 2 and dipeptidyl peptidase 4 were identified as closely associated with kidney function, specifically with the estimated glomerular filtration rate. The findings are discussed in the context of available data suggesting protective roles for both enzymes in reno-cardiac diseases. \u2022\u2003The data add to our understanding of pathomechanisms underlying development and progression of CKD and indicate that both enzymes might represent potential pharmacological targets for the preservation of renal function.",
   "authors": [
      "['Wolke, Carmen', 'Teumer, Alexander', 'Endlich, Karlhans', 'Endlich, Nicole', 'Rettig, Rainer', 'Stracke, Sylvia', 'Fiene, Beate', 'Aymanns, Simone', 'Felix, Stephan B', 'Hannemann, Anke', 'Lendeckel, Uwe']"
   ],
   "id": "https://www.ncbi.nlm.nih.gov/pmc/articles/PMC5367655"
}