{
   "source_x": "WHO",
   "title": "COVID-19: Perspectives on the Potential Novel Global Threat",
   "doi": "10.2174/1574887115999200228100745",
   "pubmed_id": "32116200",
   "license": "unk",
   "publish_time": "2020-02-28",
   "authors": [
      "Gentile, Ivan",
      "Abenavoli, Ludovico"
   ],
   "journal": "Reviews on Recent Clinical Trials",
   "Microsoft Academic Paper ID": "3006113744",
   "WHO #Covidence": "#4112",
   "has_full_text": "False",
   "id": "https://doi.org/10.2174/1574887115999200228100745"
}