{
   "source_x": "PMC",
   "title": "IgG Fc variant cross-reactivity between human and rhesus macaque Fc\u03b3Rs",
   "doi": "http://dx.doi.org/10.1080/19420862.2016.1274845",
   "pmcid": "PMC5384711",
   "abstract": "Non-human primate (NHP) studies are often an essential component of antibody development efforts before human trials. Because the efficacy or toxicity of candidate antibodies may depend on their interactions with Fc\u03b3 receptors (Fc\u03b3R) and their resulting ability to induce Fc\u03b3R-mediated effector functions such as antibody-dependent cell-meditated cytotoxicity and phagocytosis (ADCP), the evaluation of human IgG variants with modulated affinity toward human Fc\u03b3R is becoming more prevalent in both infectious disease and oncology studies in NHP. Reliable translation of these results necessitates analysis of the cross-reactivity of these human Fc variants with NHP Fc\u03b3R. We report evaluation of the binding affinities of a panel of human IgG subclasses, Fc amino acid point mutants and Fc glycosylation variants against the common allotypes of human and rhesus macaque Fc\u03b3R by applying a high-throughput array-based surface plasmon resonance platform. The resulting data indicate that amino acid variation present in rhesus Fc\u03b3Rs can result in disrupted, matched, or even increased affinity of IgG Fc variants compared with human Fc\u03b3R orthologs. These observations emphasize the importance of evaluating species cross-reactivity and developing an understanding of the potential limitations or suitability of representative in vitro and in vivo models before human clinical studies when either efficacy or toxicity may be associated with Fc\u03b3R engagement.",
   "authors": [
      "['Boesch, Austin W.', 'Miles, Adam R.', 'Chan, Ying N.', 'Osei-Owusu, Nana Y.', 'Ackerman, Margaret E.']"
   ],
   "id": "https://www.ncbi.nlm.nih.gov/pmc/articles/PMC5384711"
}