{
   "source_x": "WHO",
   "title": "Evolution of Computed Tomography Manifestations in Five Patients Who Recovered from Coronavirus Disease 2019 (COVID-19) Pneumonia",
   "doi": "10.3348/kjr.2020.0157",
   "license": "unk",
   "publish_time": "2020-01-01",
   "authors": [
      "Sun, Qiulian",
      "Xu, Xinjian",
      "Xie, Jicheng",
      "Li, Jingjing",
      "Huang, Xiangzhong"
   ],
   "journal": "Korean Journal of Radiology",
   "WHO #Covidence": "#8673",
   "has_full_text": "False",
   "id": "https://doi.org/10.3348/kjr.2020.0157"
}