{
   "source_x": "PMC",
   "title": "Structure-Based Exploration and Exploitation of the S(4) Subsite of Norovirus 3CL Protease in the Design of Potent and Permeable Inhibitors",
   "doi": "http://dx.doi.org/10.1016/j.ejmech.2016.11.027",
   "pmcid": "PMC5501333",
   "abstract": "Human noroviruses are the primary cause of epidemic and sporadic acute gastroenteritis. The worldwide high morbidity and mortality associated with norovirus infections, particularly among the elderly, immunocompromised patients and children, constitute a serious public health concern. There are currently no approved human vaccines or norovirus-specific small-molecule therapeutics or prophylactics. Norovirus 3CL protease has recently emerged as a potential therapeutic target for the development of anti-norovirus agents. We hypothesized that the S(4) subsite of the enzyme may provide an effective means of designing potent and cell permeable inhibitors of the enzyme. We report herein the structure-guided exploration and exploitation of the S(4) subsite of norovirus 3CL protease in the design and synthesis of effective inhibitors of the protease.",
   "authors": [
      "['Galasiti Kankanamalage, Anushka C.', 'Kim, Yunjeong', 'Rathnayake, Athri D.', 'Damalanka, Vishnu C.', 'Weerawarna, Pathum M.', 'Doyle, Sean T.', 'Alsoudi, Amer F.', 'Padmasankha Dissanayake, D. M.', 'Lushington, Gerald H.', 'Mehzabeen, Nurjahan', 'Battaile, Kevin P.', 'Lovell, Scott', 'Chang, Kyeong-Ok', 'Groutas, William C.']"
   ],
   "id": "https://www.ncbi.nlm.nih.gov/pmc/articles/PMC5501333"
}