{
   "source_x": "WHO",
   "title": "How to train the health personnel for protecting themselves from novel coronavirus (COVID-19) infection during their patient or suspected case care",
   "doi": "10.3352/jeehp.2020.17.10",
   "license": "unk",
   "publish_time": "2020-03-07",
   "authors": [
      "Huh, Sun"
   ],
   "journal": "Journal of Educational Evaluation for Health Professions",
   "WHO #Covidence": "#6263",
   "has_full_text": "False",
   "id": "https://doi.org/10.3352/jeehp.2020.17.10"
}