{
   "source_x": "WHO",
   "title": "Early containment strategies and core measures for prevention and control of novel coronavirus pneumonia in China",
   "doi": "10.3760/cma.j.issn.0253-9624.2020.03.003",
   "pubmed_id": "32064856",
   "license": "unk",
   "abstract": "In December 2019, novel coronavirus pneumonia epidemic occurred in Wuhan, Hubei Province, and spread rapidly across the country. In the early stages of the epidemic, China adopted the containment strategy and implemented a series of core measures around this strategic point, including social mobilization, strengthening case isolation and close contacts tracking management, blocking epidemic areas and traffic control to reduce personnel movements and increase social distance, environmental measures and personal protection, with a view to controlling the epidemic as soon as possible in limited areas such as Wuhan. This article summarizes the background, key points and core measures in the country and provinces. It sent prospects for future prevention and control strategies.",
   "publish_time": "2020",
   "authors": [
      "Chen, W.",
      "Wang, Q.",
      "Li, Y. Q.",
      "Yu, H. L.",
      "Xia, Y. Y.",
      "Zhang, M. L.",
      "Qin, Y.",
      "Zhang, T.",
      "Peng, Z. B.",
      "Zhang, R. C.",
      "Yang, X. K.",
      "Yin, W. W.",
      "An, Z. J.",
      "Wu, D.",
      "Yin, Z. D.",
      "Li, S.",
      "Chen, Q. L.",
      "Feng, L. Z.",
      "Li, Z. J.",
      "Feng, Z. J."
   ],
   "journal": "Zhonghua Yu Fang Yi Xue Za Zhi",
   "Microsoft Academic Paper ID": "2995124404",
   "WHO #Covidence": "#1159",
   "has_full_text": "False",
   "id": "https://doi.org/10.3760/cma.j.issn.0253-9624.2020.03.003"
}