{
   "source_x": "PMC",
   "title": "Updates in diagnosis and management of Ebola hemorrhagic fever",
   "doi": "http://dx.doi.org/10.4103/1735-1995.192500",
   "pmcid": "PMC5244689",
   "pubmed_id": "28163730",
   "license": "CC BY-NC-SA",
   "abstract": "Ebola hemorrhagic fever is a lethal viral disease transmitted by contact with infected people and animals. Ebola infection represents a worldwide health threat causing enormous mortality rates and fatal epidemics. Major concern is pilgrimage seasons with possible transmission to Middle East populations. In this review, we aim to shed light on Ebola hemorrhagic fever as regard: virology, transmission, biology, pathogenesis, clinical picture, and complications to get the best results for prevention and management. We also aim to guide future research to new therapeutic perspectives to precise targets. Our methodology was to review the literature extensively to make an overall view of the biology of Ebola virus infection, its serious health effects and possible therapeutic benefits using currently available remedies and future perspectives. Key findings in Ebola patients are fever, hepatic impairment, hepatocellular necrosis, lymphopenia (for T-lymphocyte and natural killer cells) with lymphocyte apoptosis, hemorrhagic manifestations, and complications. Pathogenesis in Ebola infection includes oxidative stress, immune suppression of both cell-mediated and humoral immunities, hepatic and adrenal impairment and failure, hemorrhagic fever, activation of deleterious inflammatory pathways, for example, tumor necrosis factor-related apoptosis-inducing ligand, and factor of apoptotic signal death receptor pathways causing lymphocyte depletion. Several inflammatory mediators and cytokines are involved in pathogenesis, for example, interleukin-2, 6, 8, and 10 and others. In conclusion, Ebola hemorrhagic fever is a serious fatal viral infection that can be prevented using strict health measures and can be treated to some extent using some currently available remedies. Newer treatment lines, for example, prophetic medicine remedies as nigella sativa may be promising.",
   "publish_time": "2016 Oct 18",
   "authors": [
      "['El Sayed, Salah Mohamed', 'Abdelrahman, Ali A.', 'Ozbak, Hani Adnan', 'Hemeg, Hassan Abdullah', 'Kheyami, Ali Mohammed', 'Rezk, Nasser', 'El-Ghoul, Mohamed Baioumy', 'Nabo, Manal Mohamed Helmy', 'Fathy, Yasser Mohamed']"
   ],
   "journal": "J Res Med Sci",
   "id": "https://www.ncbi.nlm.nih.gov/pubmed/28163730"
}