{
   "source_x": "WHO",
   "title": "Dose prediction of lopinavir/ritonavir for 2019-novel coronavirus (2019-nCoV) infection based on mathematic modeling",
   "doi": "10.4103/1995-7645.277815",
   "license": "unk",
   "abstract": "At present, lopinavir/ritonavir is widely used for possible treatment of 2019-nCoV infection in countries that the emerging infection exists. Here, the authors used a mathematical modelling theoretical approach to predict the expectedproper dosage of lopinavir/ritonavir for possible treatment of 2019-nCoV infection. The protocol for mathematical modeling in this work is the same as previous report by Wiwanitkit et al[5]. Briefly, the primary agreement was there had to be a specific amount of required energy for reaction between lopinavir/ritonavir and its target enzyme and this energy is a specific constant for the reaction. Based on bonding theory, the required amount of lopinavir/ritonavir was varied to the two substrates, lopinavir/ritonavir and target, protease. Here, the simple equation \u2018A + B ? C where A was the target enzyme, B was lopinavir/ritonavir and C was end product\u2019 could be written.",
   "publish_time": "2020-01-01",
   "authors": [
      "Wiwanitkit, Sora Yasri",
      "Viroj"
   ],
   "journal": "Asian Pacific Journal of Tropical Medicine",
   "Microsoft Academic Paper ID": "3006177842",
   "WHO #Covidence": "#2515",
   "has_full_text": "False",
   "id": "https://doi.org/10.4103/1995-7645.277815"
}