{
   "source_x": "PMC",
   "title": "Human Metapneumovirus Infections Following Hematopoietic Cell Transplantation: Factors Associated With Disease Progression",
   "doi": "http://dx.doi.org/10.1093/cid/ciw284",
   "pmcid": "PMC4928387",
   "abstract": "Background.\u2003Human metapneumovirus (HMPV) is a newly identified pulmonary pathogen that can cause fatal lower respiratory tract disease (LRD) in hematopoietic cell transplantation (HCT) recipients. Little is known about progression rates from upper respiratory tract infection (URI) to LRD and risk factors associated with progression. Methods.\u2003A total of 118 HCT recipients receiving transplantation between 2004 and 2014 who had HMPV detected in nasopharyngeal, bronchoalveolar lavage, or lung biopsy samples by real-time reverse transcription polymerase chain reaction were retrospectively analyzed. Results.\u2003More than 90% of the cases were identified between December and May. Among the 118 HCT patients, 88 and 30 had URI alone and LRD, respectively. Among 30 patients with LRD, 17 patients progressed from URI to LRD after a median of 7 days (range, 2\u201363 days). The probability of progression to LRD within 40 days after URI was 16%. In Cox regression analysis, steroid use \u22651 mg/kg prior to URI diagnosis (hazard ratio [HR], 5.10; P = .004), low lymphocyte count (HR, 3.43; P = .011), and early onset of HMPV infection after HCT (before day 30 after HCT; HR, 3.54; P = .013) were associated with higher progression to LRD. The median viral load in nasal wash samples was 1.1 \u00d7 10(6) copies/mL (range, 3.3 \u00d7 10(2)\u20131.7 \u00d7 10(9)) with no correlation between the viral load and progression. Conclusions.\u2003Progression from URI to LRD occurred in up to 60% of HCT recipients with risk factors such as systemic corticosteroid use or low lymphocyte counts. Further studies are needed to define the role of viral load in the pathogenesis of progressive disease.",
   "authors": [
      "['Seo, Sachiko', 'Gooley, Ted A.', 'Kuypers, Jane M.', 'Stednick, Zachary', 'Jerome, Keith R.', 'Englund, Janet A.', 'Boeckh, Michael']"
   ],
   "id": "https://www.ncbi.nlm.nih.gov/pmc/articles/PMC4928387"
}