{
   "source_x": "PMC",
   "title": "Successful therapeutic management of canine Isosporosis in puppies",
   "doi": "http://dx.doi.org/10.1007/s12639-015-0747-0",
   "pmcid": "PMC5339170",
   "abstract": "Four labrador male puppies were confirmed for the Isospora spp infection by direct smear and flotation method following complains of anorexia, haematemesis and haematochezia. The puppies were treated with trimethoprime and sulphamethoxazole @ 40\u00a0mg/kg body weight in combination with metronidazole @ 10\u00a0mg/kg body weight twice daily for 5\u00a0days which was supported with fluid therapy, aniemetics and plasma expanders. All the animals showed completed clinical recovery along with clearing of faecal oocyst.",
   "authors": [
      "['Garanayak, Nishiswapna', 'Gupta, A. R.', 'Patra, R. C.']"
   ],
   "id": "https://www.ncbi.nlm.nih.gov/pmc/articles/PMC5339170"
}