{
   "sha": "f50b6632623eb4fe2193588b4f2c217c7125872d",
   "source_x": "PMC",
   "title": "Virus-mediated autoimmunity in Multiple Sclerosis",
   "doi": "10.1186/1740-2557-3-1",
   "pmcid": "PMC1397830",
   "pubmed_id": "16504001",
   "license": "cc-by",
   "abstract": "Epidemiological data suggest the notion that in Multiple Sclerosis (MS) is an acquired autoimmune disease and the cause may be an environmental factor(s), probably infectious, in genetically susceptible individuals. Several cases of viral induced demyelinatimg encephalomyelitis in human beings and in experimental models as well as the presence of IgG oligoclonal bands in the cerebrospinal fluid indicate that the infectious factor may be viral. However, the absence of a specific virus identification in MS central nervous system may hardly support this notion. On the other hand, the partial response of patients with MS to immunosuppressive and immunomodulatory therapy support the evidence of an autoimmune etiology for MS. However, the autoimmune hypothesis shares the same criticism with the infectious one in that no autoantigen(s) specific to and causative for MS has ever been identified. Nevertheless, the absence of identifiable infectious agent, especially viral does not rule out its presence at a certain time \u2013 point and the concomitant long term triggering of an autoimmune cascade of events thereafter. Several concepts have emerged in an attempt to explain the autoimmune mechanisms and ongoing neurodegeneration in MS on the basis of the infectious \u2013 viral hypothesis.",
   "publish_time": "2006 Feb 19",
   "authors": [
      "Grigoriadis, Nikolaos",
      "Hadjigeorgiou, Georgios M"
   ],
   "journal": "J Autoimmune Dis",
   "has_full_text": "True",
   "full_text_file": "comm_use_subset",
   "id": "https://doi.org/10.1186/1740-2557-3-1",
   "pubtator": "PMC1397830",
   "fhir_link": [
      "Commercial/Composition/f50b6632623eb4fe2193588b4f2c217c7125872d"
   ]
}