{
   "sha": "0a1533470817bc5ef0d0d0af56386a96b505dc0d",
   "source_x": "PMC",
   "title": "Evaluation of potential reference genes in real-time RT-PCR studies of Atlantic salmon",
   "doi": "10.1186/1471-2199-6-21",
   "pmcid": "PMC1314898",
   "pubmed_id": "16293192",
   "license": "cc-by",
   "abstract": "BACKGROUND: Salmonid fishes are among the most widely studied model fish species but reports on systematic evaluation of reference genes in qRT-PCR studies is lacking. RESULTS: The stability of six potential reference genes was examined in eight tissues of Atlantic salmon (Salmo salar), to determine the most suitable genes to be used in quantitative real-time RT-PCR analyses. The relative transcription levels of genes encoding 18S rRNA, S20 ribosomal protein, \u03b2-actin, glyceraldehyde-3P-dehydrogenase (GAPDH), and two paralog genes encoding elongation factor 1A (EF1A(A )and EF1A(B)) were quantified in gills, liver, head kidney, spleen, thymus, brain, muscle, and posterior intestine in six untreated adult fish, in addition to a group of individuals that went through smoltification. Based on calculations performed with the geNorm VBA applet, which determines the most stable genes from a set of tested genes in a given cDNA sample, the ranking of the examined genes in adult Atlantic salmon was EF1A(B)>EF1A(A)>\u03b2-actin>18S rRNA>S20>GAPDH. When the same calculations were done on a total of 24 individuals from four stages in the smoltification process (presmolt, smolt, smoltified seawater and desmoltified freshwater), the gene ranking was EF1A(B)>EF1A(A)>S20>\u03b2-actin>18S rRNA>GAPDH. CONCLUSION: Overall, this work suggests that the EF1A(A )and EF1A(B )genes can be useful as reference genes in qRT-PCR examination of gene expression in the Atlantic salmon.",
   "publish_time": "2005 Nov 17",
   "authors": [
      "Olsvik, P\u00e5l A",
      "Lie, Kai K",
      "Jordal, Ann-Elise O",
      "Nilsen, Tom O",
      "Hordvik, Ivar"
   ],
   "journal": "BMC Mol Biol",
   "has_full_text": "True",
   "full_text_file": "comm_use_subset",
   "id": "https://doi.org/10.1186/1471-2199-6-21",
   "pubtator": "PMC1314898",
   "fhir_link": [
      "Commercial/Composition/0a1533470817bc5ef0d0d0af56386a96b505dc0d"
   ]
}