{
   "source_x": "PMC",
   "title": "Ebolavirus Glycoprotein Directs Fusion through NPC1(+) Endolysosomes",
   "doi": "http://dx.doi.org/10.1128/JVI.01828-15",
   "pmcid": "PMC4702577",
   "abstract": "Ebolavirus, a deadly hemorrhagic fever virus, was thought to enter cells through endolysosomes harboring its glycoprotein receptor, Niemann-Pick C1. However, an alternate model was recently proposed in which ebolavirus enters through a later NPC1-negative endosome that contains two-pore Ca(2+) channel 2 (TPC2), a newly identified ebolavirus entry factor. Here, using live cell imaging, we obtained evidence that in contrast to the new model, ebolavirus enters cells through endolysosomes that contain both NPC1 and TPC2.",
   "authors": [
      "['Simmons, James A.', \"D'Souza, Ryan S.\", 'Ruas, Margarida', 'Galione, Antony', 'Casanova, James E.', 'White, Judith M.']"
   ],
   "id": "https://www.ncbi.nlm.nih.gov/pmc/articles/PMC4702577"
}