{
   "sha": "ee8dca216514deeed4c9415bc2ad8a78dc3d9670",
   "source_x": "PMC",
   "title": "A focus reduction neutralization assay for hepatitis C virus neutralizing antibodies",
   "doi": "10.1186/1743-422X-4-35",
   "pmcid": "PMC1852297",
   "pubmed_id": "17397531",
   "license": "cc-by",
   "abstract": "BACKGROUND/AIM: The role of humoral immunity in hepatitis C virus (HCV) infection is poorly understood. Nevertheless, there is increasing interest in characterizing the neutralizing antibodies in the serum of HCV-infected patients. Focus reduction assays have been widely used to evaluate neutralizing antibody responses against a range of non-cytopathic viruses. Based on the recent development of a HCV cell culture system using the genotype 2 JFH-1-strain, we developed a focus reduction assay for HCV-neutralizing antibodies. METHODS: The focus reduction assay was based on a standard microneutralization assay in which immunostained foci on tissue culture plates are counted. The neutralizing anti-HCV antibodies titers of purified serum immunoglobulin samples from seventy-seven individuals were determined using a 50% focus reduction neutralization assay. Each titer was determined as the log value of the reciprocal antibody dilution that reduced the number of viral foci by 50%. IgG antibodies were first purified from each serum in order to avoid the facilitating effect of HDL on HCV entry. RESULTS: The assay's cut-off using an ELISA and RNA HCV-negative samples was found to be 1.25 log, corresponding to a dilution of 1:18. The assay was compared with a commercial HCV ELISA and exhibited specificity and sensitivity values of 100% and 96.5%, respectively, and good reproducibility (with intra-assay and inter-assay coefficients of variation of 6.7% and 12.6%, respectively). The assay did not show any cross-reactivity with anti-HIV, anti-HBs or heterophile antibody-positive samples. The neutralizing antibodies titers were 2.13 log (1:134) for homologous samples from HCV genotype 2 infected patients harboring the same genotype as JFH-1 and 1.93 log (1:85) for heterologous samples from patients infected by genotypes other than type 2. These results confirm the presence of broadly cross-neutralizing antibodies already reported using the HCV pseudoparticles system. CONCLUSION: This study presents a simple, specific and reproducible cell culture-based assay for determination of HCV-neutralizing antibodies in human sera. The assay should be an important tool for gauging the relationship between the neutralizing antibodies response and viral load kinetics in acutely or chronically infected patients and for investigating the possible eradication or prevention of HCV infection by neutralizing antibodies.",
   "publish_time": "2007 Mar 30",
   "authors": [
      "Fournier, Carole",
      "Duverlie, Gilles",
      "Fran\u00e7ois, Catherine",
      "Schnuriger, Aurelie",
      "Dedeurwaerder, Sarah",
      "Brochot, Etienne",
      "Capron, Dominique",
      "Wychowski, Czeslaw",
      "Thibault, Vincent",
      "Castelain, Sandrine"
   ],
   "journal": "Virol J",
   "has_full_text": "True",
   "full_text_file": "comm_use_subset",
   "id": "https://doi.org/10.1186/1743-422X-4-35",
   "pubtator": "PMC1852297",
   "fhir_link": [
      "Commercial/Composition/ee8dca216514deeed4c9415bc2ad8a78dc3d9670"
   ]
}