{
   "source_x": "PMC",
   "title": "Estimating the Distribution of the Incubation Periods of Human Avian Influenza A(H7N9) Virus Infections",
   "doi": "http://dx.doi.org/10.1093/aje/kwv115",
   "pmcid": "PMC4597801",
   "abstract": "A novel avian influenza virus, influenza A(H7N9), emerged in China in early 2013 and caused severe disease in humans, with infections occurring most frequently after recent exposure to live poultry. The distribution of A(H7N9) incubation periods is of interest to epidemiologists and public health officials, but estimation of the distribution is complicated by interval censoring of exposures. Imputation of the midpoint of intervals was used in some early studies, resulting in estimated mean incubation times of approximately 5 days. In this study, we estimated the incubation period distribution of human influenza A(H7N9) infections using exposure data available for 229 patients with laboratory-confirmed A(H7N9) infection from mainland China. A nonparametric model (Turnbull) and several parametric models accounting for the interval censoring in some exposures were fitted to the data. For the best-fitting parametric model (Weibull), the mean incubation period was 3.4 days (95% confidence interval: 3.0, 3.7) and the variance was 2.9 days; results were very similar for the nonparametric Turnbull estimate. Under the Weibull model, the 95th percentile of the incubation period distribution was 6.5 days (95% confidence interval: 5.9, 7.1). The midpoint approximation for interval-censored exposures led to overestimation of the mean incubation period. Public health observation of potentially exposed persons for 7 days after exposure would be appropriate.",
   "authors": [
      "['Virlogeux, Victor', 'Li, Ming', 'Tsang, Tim K.', 'Feng, Luzhao', 'Fang, Vicky J.', 'Jiang, Hui', 'Wu, Peng', 'Zheng, Jiandong', 'Lau, Eric H. Y.', 'Cao, Yu', 'Qin, Ying', 'Liao, Qiaohong', 'Yu, Hongjie', 'Cowling, Benjamin J.']"
   ],
   "id": "https://www.ncbi.nlm.nih.gov/pmc/articles/PMC4597801"
}