{
   "sha": "6e2b123ad273e69afefb875594ac0fac7c785c74",
   "source_x": "PMC",
   "title": "Expression stability of commonly used reference genes in canine articular connective tissues",
   "doi": "10.1186/1746-6148-3-7",
   "pmcid": "PMC1884148",
   "pubmed_id": "17484782",
   "license": "cc-by",
   "abstract": "BACKGROUND: The quantification of gene expression in tissue samples requires the use of reference genes to normalise transcript numbers between different samples. Reference gene stability may vary between different tissues, and between the same tissue in different disease states. We evaluated the stability of 9 reference genes commonly used in human gene expression studies. Real-time reverse transcription PCR and a mathematical algorithm were used to establish which reference genes were most stably expressed in normal and diseased canine articular tissues and two canine cell lines stimulated with lipolysaccaride (LPS). RESULTS: The optimal reference genes for comparing gene expression data between normal and diseased infrapatella fat pad were RPL13A and YWHAZ (M = 0.56). The ideal reference genes for comparing normal and osteoarthritic (OA) cartilage were RPL13A and SDHA (M = 0.57). The best reference genes for comparing normal and ruptured canine cranial cruciate ligament were B2M and TBP (M = 0.59). The best reference genes for normalising gene expression data from normal and LPS stimulated cell lines were SDHA and YWHAZ (K6) or SDHA and HMBS (DH82), which had expression stability (M) values of 0.05 (K6) and 0.07 (DH82) respectively. The number of reference genes required to reduce pairwise variation (V) to <0.20 was 4 for cell lines, 5 for cartilage, 7 for cranial cruciate ligament and 8 for fat tissue. Reference gene stability was not related to the level of gene expression. CONCLUSION: The reference genes demonstrating the most stable expression within each different canine articular tissue were identified, but no single reference gene was identified as having stable expression in all different tissue types. This study underlines the necessity to select reference genes on the basis of tissue and disease specific expression profile evaluation and highlights the requirement for the identification of new reference genes with greater expression stability for use in canine articular tissue gene expression studies.",
   "publish_time": "2007 May 7",
   "authors": [
      "Ayers, Duncan",
      "Clements, Dylan N",
      "Salway, Fiona",
      "Day, Philip JR"
   ],
   "journal": "BMC Vet Res",
   "has_full_text": "True",
   "full_text_file": "comm_use_subset",
   "id": "https://doi.org/10.1186/1746-6148-3-7",
   "pubtator": "PMC1884148",
   "fhir_link": [
      "Commercial/Composition/6e2b123ad273e69afefb875594ac0fac7c785c74"
   ]
}