{
   "sha": "1a009c62e2e9971384488abc4711a6be0ef2b7c2",
   "source_x": "PMC",
   "title": "Evolutionarily Conserved Herpesviral Protein Interaction Networks",
   "doi": "http://dx.doi.org/10.1371/journal.ppat.1000570",
   "pmcid": "PMC2731838",
   "pubmed_id": "19730696",
   "license": "CC BY",
   "abstract": "Herpesviruses constitute a family of large DNA viruses widely spread in vertebrates and causing a variety of different diseases. They possess dsDNA genomes ranging from 120 to 240 kbp encoding between 70 to 170 open reading frames. We previously reported the protein interaction networks of two herpesviruses, varicella-zoster virus (VZV) and Kaposi's sarcoma-associated herpesvirus (KSHV). In this study, we systematically tested three additional herpesvirus species, herpes simplex virus 1 (HSV-1), murine cytomegalovirus and Epstein-Barr virus, for protein interactions in order to be able to perform a comparative analysis of all three herpesvirus subfamilies. We identified 735 interactions by genome-wide yeast-two-hybrid screens (Y2H), and, together with the interactomes of VZV and KSHV, included a total of 1,007 intraviral protein interactions in the analysis. Whereas a large number of interactions have not been reported previously, we were able to identify a core set of highly conserved protein interactions, like the interaction between HSV-1 UL33 with the nuclear egress proteins UL31/UL34. Interactions were conserved between orthologous proteins despite generally low sequence similarity, suggesting that function may be more conserved than sequence. By combining interactomes of different species we were able to systematically address the low coverage of the Y2H system and to extract biologically relevant interactions which were not evident from single species.",
   "publish_time": "2009 Sep 4",
   "authors": [
      "['Fossum, Even', 'Friedel, Caroline C.', 'Rajagopala, Seesandra V.', 'Titz, Bj\u00f6rn', 'Baiker, Armin', 'Schmidt, Tina', 'Kraus, Theo', 'Stellberger, Thorsten', 'Rutenberg, Christiane', 'Suthram, Silpa', 'Bandyopadhyay, Sourav', 'Rose, Dietlind', 'von Brunn, Albrecht', 'Uhlmann, Mareike', 'Zeretzke, Christine', 'Dong, Yu-An', 'Boulet, H\u00e9l\u00e8ne', 'Koegl, Manfred', 'Bailer, Susanne M.', 'Koszinowski, Ulrich', 'Ideker, Trey', 'Uetz, Peter', 'Zimmer, Ralf', 'Haas, J\u00fcrgen']"
   ],
   "journal": "PLoS Pathog",
   "has_full_text": "False",
   "id": "1a009c62e2e9971384488abc4711a6be0ef2b7c2"
}