{
   "sha": "bbbeb27419905cbacf36b6932302650784570099",
   "source_x": "PMC",
   "title": "Genome-Wide Analysis of Protein-Protein Interactions and Involvement of Viral Proteins in SARS-CoV Replication",
   "doi": "10.1371/journal.pone.0003299",
   "pmcid": "PMC2553179",
   "pubmed_id": "18827877",
   "license": "cc-by",
   "abstract": "Analyses of viral protein-protein interactions are an important step to understand viral protein functions and their underlying molecular mechanisms. In this study, we adopted a mammalian two-hybrid system to screen the genome-wide intraviral protein-protein interactions of SARS coronavirus (SARS-CoV) and therefrom revealed a number of novel interactions which could be partly confirmed by in vitro biochemical assays. Three pairs of the interactions identified were detected in both directions: non-structural protein (nsp) 10 and nsp14, nsp10 and nsp16, and nsp7 and nsp8. The interactions between the multifunctional nsp10 and nsp14 or nsp16, which are the unique proteins found in the members of Nidovirales with large RNA genomes including coronaviruses and toroviruses, may have important implication for the mechanisms of replication/transcription complex assembly and functions of these viruses. Using a SARS-CoV replicon expressing a luciferase reporter under the control of a transcription regulating sequence, it has been shown that several viral proteins (N, X and SUD domains of nsp3, and nsp12) provided in trans stimulated the replicon reporter activity, indicating that these proteins may regulate coronavirus replication and transcription. Collectively, our findings provide a basis and platform for further characterization of the functions and mechanisms of coronavirus proteins.",
   "publish_time": "2008 Oct 1",
   "authors": [
      "Pan, Ji'An",
      "Peng, Xiaoxue",
      "Gao, Yajing",
      "Li, Zhilin",
      "Lu, Xiaolu",
      "Chen, Yingzhao",
      "Ishaq, Musarat",
      "Liu, Dan",
      "DeDiego, Marta L.",
      "Enjuanes, Luis",
      "Guo, Deyin"
   ],
   "journal": "PLoS One",
   "has_full_text": "True",
   "full_text_file": "comm_use_subset",
   "id": "https://doi.org/10.1371/journal.pone.0003299",
   "pubtator": "PMC2553179",
   "fhir_link": [
      "Commercial/Composition/bbbeb27419905cbacf36b6932302650784570099"
   ]
}