{
   "source_x": "PMC",
   "title": "Quantitative proteomics identifies serum response factor binding protein 1 as a host factor for hepatitis C virus entry",
   "doi": "http://dx.doi.org/10.1016/j.celrep.2015.06.063",
   "pmcid": "PMC4836839",
   "abstract": "Hepatitis C virus (HCV) enters human hepatocytes through a multistep mechanism involving, among other host proteins, the virus receptor CD81. How CD81 governs HCV entry is poorly characterized and CD81 protein interactions after virus binding remain elusive. We have developed a quantitative proteomics protocol to identify HCV-triggered CD81 interactions and found 26 dynamic binding partners. At least six of these proteins promote HCV infection as indicated by RNA interference. We further characterized serum response factor binding protein 1 (SRFBP1), which is recruited to CD81 during HCV uptake and supports HCV infection in hepatoma cells and primary human hepatocytes. SRFBP1 facilitates host cell penetration by all seven HCV genotypes, but not of vesicular stomatitis virus and human coronavirus. Thus, SRFBP1 is an HCV specific, pan-genotypic host entry factor. These results demonstrate the use of quantitative proteomics to elucidate pathogen entry and underscore the importance of host protein-protein interactions during HCV invasion.",
   "authors": [
      "['Gerold, Gisa', 'Meissner, Felix', 'Bruening, Janina', 'Welsch, Kathrin', 'Perin, Paula M.', 'Baumert, Thomas F.', 'Vondran, Florian W.', 'Kaderali, Lars', 'Marcotrigiano, Joseph', 'Khan, Abdul G.', 'Mann, Matthias', 'Rice, Charles M.', 'Pietschmann, Thomas']"
   ],
   "id": "https://www.ncbi.nlm.nih.gov/pmc/articles/PMC4836839"
}