{
   "sha": "61f80012b6b8ea03a65fe97eefc30480990b11be",
   "source_x": "PMC",
   "title": "P58(IPK): A Novel \u201cCIHD\u201d Member of the Host Innate Defense Response against Pathogenic Virus Infection",
   "doi": "10.1371/journal.ppat.1000438",
   "pmcid": "PMC2677460",
   "pubmed_id": "19461876",
   "license": "cc0",
   "abstract": "To support their replication, viruses take advantage of numerous cellular factors and processes. Recent large-scale screens have identified hundreds of such factors, yet little is known about how viruses exploit any of these. Influenza virus infection post-translationally activates P58(IPK), a cellular inhibitor of the interferon-induced, dsRNA-activated eIF2\u03b1 kinase, PKR. Here, we report that infection of P58(IPK) knockout mice with influenza virus resulted in increased lung pathology, immune cell apoptosis, PKR activation, and mortality. Analysis of lung transcriptional profiles, including those induced by the reconstructed 1918 pandemic virus, revealed increased expression of genes associated with the cell death, immune, and inflammatory responses. These experiments represent the first use of a mammalian infection model to demonstrate the role of P58(IPK) in the antiviral response. Our results suggest that P58(IPK) represents a new class of molecule, a cellular inhibitor of the host defense (CIHD), as P58(IPK) is activated during virus infection to inhibit virus-induced apoptosis and inflammation to prolong host survival, even while prolonging viral replication.",
   "publish_time": "2009 May 22",
   "authors": [
      "Goodman, Alan G.",
      "Fornek, Jamie L.",
      "Medigeshi, Guruprasad R.",
      "Perrone, Lucy A.",
      "Peng, Xinxia",
      "Dyer, Matthew D.",
      "Proll, Sean C.",
      "Knoblaugh, Sue E.",
      "Carter, Victoria S.",
      "Korth, Marcus J.",
      "Nelson, Jay A.",
      "Tumpey, Terrence M.",
      "Katze, Michael G."
   ],
   "journal": "PLoS Pathog",
   "has_full_text": "True",
   "full_text_file": "comm_use_subset",
   "id": "https://doi.org/10.1371/journal.ppat.1000438",
   "pubtator": "PMC2677460",
   "fhir_link": [
      "Commercial/Composition/61f80012b6b8ea03a65fe97eefc30480990b11be"
   ]
}