{
   "source_x": "PMC",
   "title": "Beclin orthologs: integrative hubs of cell signaling, membrane trafficking, and physiology",
   "doi": "http://dx.doi.org/10.1016/j.tcb.2015.05.004",
   "pmcid": "PMC4554927",
   "abstract": "The Beclin family, including yeast Atg6 (autophagy related gene 6), its orthologs in higher eukaryotic species, and the more recently characterized mammalian-specific Beclin 2, are essential molecules in autophagy and other membrane-trafficking events. Extensive studies of Beclin orthologs have provided considerable insights into the regulation of autophagy, the diverse roles of autophagy in physiology and disease, and potential new strategies to modulate autophagy in a variety of clinical diseases. In this review we discuss the functions of Beclin 1 orthologs, the regulation of such functions by diverse cellular signaling pathways, and the effects of such regulation on downstream cellular processes including tumor suppression and metabolism. These findings suggest that Beclin orthologs serve as crucial molecules that integrate diverse environmental signals with membrane trafficking events to ensure optimal responses of the cell to stressful stimuli.",
   "authors": [
      "['Levine, Beth', 'Liu, Rong', 'Dong, Xiaonan', 'Zhong, Qing']"
   ],
   "id": "https://www.ncbi.nlm.nih.gov/pmc/articles/PMC4554927"
}