{
   "sha": "02783b0989ab6a54fd4af139d787b69b9d9d009e",
   "source_x": "PMC",
   "title": "Single Assay for Simultaneous Detection and Differential Identification of Human and Avian Influenza Virus Types, Subtypes, and Emergent Variants",
   "doi": "10.1371/journal.pone.0008995",
   "pmcid": "PMC2815781",
   "pubmed_id": "20140251",
   "license": "cc0",
   "abstract": "For more than four decades the cause of most type A influenza virus infections of humans has been attributed to only two viral subtypes, A/H1N1 or A/H3N2. In contrast, avian and other vertebrate species are a reservoir of type A influenza virus genome diversity, hosting strains representing at least 120 of 144 combinations of 16 viral hemagglutinin and 9 viral neuraminidase subtypes. Viral genome segment reassortments and mutations emerging within this reservoir may spawn new influenza virus strains as imminent epidemic or pandemic threats to human health and poultry production. Traditional methods to detect and differentiate influenza virus subtypes are either time-consuming and labor-intensive (culture-based) or remarkably insensitive (antibody-based). Molecular diagnostic assays based upon reverse transcriptase-polymerase chain reaction (RT-PCR) have short assay cycle time, and high analytical sensitivity and specificity. However, none of these diagnostic tests determine viral gene nucleotide sequences to distinguish strains and variants of a detected pathogen from one specimen to the next. Decision-quality, strain- and variant-specific pathogen gene sequence information may be critical for public health, infection control, surveillance, epidemiology, or medical/veterinary treatment planning. The Resequencing Pathogen Microarray (RPM-Flu) is a robust, highly multiplexed and target gene sequencing-based alternative to both traditional culture- or biomarker-based diagnostic tests. RPM-Flu is a single, simultaneous differential diagnostic assay for all subtype combinations of type A influenza viruses and for 30 other viral and bacterial pathogens that may cause influenza-like illness. These other pathogen targets of RPM-Flu may co-infect and compound the morbidity and/or mortality of patients with influenza. The informative specificity of a single RPM-Flu test represents specimen-specific viral gene sequences as determinants of virus type, A/HN subtype, virulence, host-range, and resistance to antiviral agents.",
   "publish_time": "2010 Feb 3",
   "authors": [
      "Metzgar, David",
      "Myers, Christopher A.",
      "Russell, Kevin L.",
      "Faix, Dennis",
      "Blair, Patrick J.",
      "Brown, Jason",
      "Vo, Scott",
      "Swayne, David E.",
      "Thomas, Colleen",
      "Stenger, David A.",
      "Lin, Baochuan",
      "Malanoski, Anthony P.",
      "Wang, Zheng",
      "Blaney, Kate M.",
      "Long, Nina C.",
      "Schnur, Joel M.",
      "Saad, Magdi D.",
      "Borsuk, Lisa A.",
      "Lichanska, Agnieszka M.",
      "Lorence, Matthew C.",
      "Weslowski, Brian",
      "Schafer, Klaus O.",
      "Tibbetts, Clark"
   ],
   "journal": "PLoS One",
   "has_full_text": "True",
   "full_text_file": "comm_use_subset",
   "id": "https://doi.org/10.1371/journal.pone.0008995",
   "pubtator": "PMC2815781",
   "fhir_link": [
      "Commercial/Composition/02783b0989ab6a54fd4af139d787b69b9d9d009e"
   ]
}