{
   "sha": "f8f601687c9a9a4debc34112cec0165ad81fb15d",
   "source_x": "PMC",
   "title": "Immune Response to Lactobacillus plantarum Expressing Borrelia burgdorferi OspA Is Modulated by the Lipid Modification of the Antigen",
   "doi": "10.1371/journal.pone.0011199",
   "pmcid": "PMC2887847",
   "pubmed_id": "20585451",
   "license": "cc-by",
   "abstract": "BACKGROUND: Over the past decade there has been increasing interest in the use of lactic acid bacteria as mucosal delivery vehicles for vaccine antigens, microbicides and therapeutics. We investigated the mechanism by which a mucosal vaccine based in recombinant lactic acid bacteria breaks the immunological tolerance of the gut in order to elicit a protective immune response. METHODOLOGY/PRINCIPAL FINDINGS: We analyzed how the lipid modification of OspA affects the localization of the antigen in our delivery vehicle using a number of biochemistry techniques. Furthermore, we examined how OspA-expressing L. plantarum breaks the oral tolerance of the gut by stimulating human intestinal epithelial cells, peripheral blood mononuclear cells and monocyte derived dendritic cells and measuring cytokine production. We show that the leader peptide of OspA targets the protein to the cell envelope of L. plantarum, and it is responsible for protein export across the membrane. Mutation of the lipidation site in OspA redirects protein localization within the cell envelope. Further, we show that lipidated-OspA-expressing L. plantarum does not induce secretion of the pro-inflammatory cytokine IL-8 by intestinal epithelial cells. In addition, it breaks oral tolerance of the gut via Th1/Th2 cell mediated immunity, as shown by the production of pro- and anti-inflammatory cytokines by human dendritic cells, and by the production of IgG2a and IgG1 antibodies, respectively. CONCLUSIONS/SIGNIFICANCE: Lipid modification of OspA expressed in L. plantarum modulates the immune response to this antigen through a Th1/Th2 immune response.",
   "publish_time": "2010 Jun 18",
   "authors": [
      "del Rio, Beatriz",
      "Seegers, Jos F. M. L.",
      "Gomes-Solecki, Maria"
   ],
   "journal": "PLoS One",
   "has_full_text": "True",
   "full_text_file": "comm_use_subset",
   "id": "https://doi.org/10.1371/journal.pone.0011199",
   "pubtator": "PMC2887847",
   "fhir_link": [
      "Commercial/Composition/f8f601687c9a9a4debc34112cec0165ad81fb15d"
   ]
}