{
   "source_x": "PMC",
   "title": "Mapping Rwanda public health research (1975\u20132014)",
   "doi": "http://dx.doi.org/10.4314/ahs.v14i4.41",
   "pmcid": "PMC4370091",
   "abstract": "BACKGROUND: Since the genocide occurred in 1994, Rwanda has faced up to the challenge of rebuilding. Public health is a main field to understand this rebuilding. OBJECTIVES: In this paper, the aim was to map the scientific research on public health in Rwanda after the genocide and to present the links between different financing systems. METHODS: We used bibliographic analyses with Web of Science of papers published during the period 1975\u20132014. We performed analyses on journals, most cited articles, authors, publication years, organizations, funding companies, countries, and keywords. RESULTS: We obtained 86 articles between 1975 and 2014. Most articles were published after 2007. The main countries of research laboratories were the United States of America, Rwanda, England and Belgium and represented the main network collaboration. The relevant keywords were: HIV, woman, child, program, rural and violence. CONCLUSIONS: Public health research on Rwanda appeared 14 years after the genocide. A main field was emerging: the spread of HIV with mother-child transmission, and the policies to take this subject into account in rural zones. The network of institutions developing these studies was USA-Rwanda.",
   "authors": [
      "Poreau, Brice"
   ],
   "id": "https://www.ncbi.nlm.nih.gov/pmc/articles/PMC4370091"
}