{
   "sha": "9dc767a57df46887166f86194ad8fd2d94b6dba5",
   "source_x": "PMC",
   "title": "Chest imaging features of patients afflicted with Influenza A (H1N1) in a Malaysian tertiary referral centre",
   "doi": "10.2349/biij.6.4.e35",
   "pmcid": "PMC3097804",
   "pubmed_id": "21611071",
   "license": "cc-by",
   "abstract": "This is a retrospective descriptive study of the chest imaging findings of 118 patients with confirmed A(H1N1) in a tertiary referral centre. About 42% of the patients had positive initial chest radiographic (CXR) findings. The common findings were bi-basal air-space opacities and perihilar reticular and alveolar infiltrates. In select cases, high-resolution computed tomography (CT) imaging showed ground-glass change with some widespread reticular changes and atelectasis.",
   "publish_time": "2010 Oct 1",
   "authors": [
      "Bux, SI",
      "Mohd. Ramli, N",
      "Ahmad Sarji, S",
      "Kamarulzaman, A"
   ],
   "journal": "Biomed Imaging Interv J",
   "has_full_text": "True",
   "full_text_file": "comm_use_subset",
   "id": "https://doi.org/10.2349/biij.6.4.e35",
   "pubtator": "PMC3097804",
   "fhir_link": [
      "Commercial/Composition/9dc767a57df46887166f86194ad8fd2d94b6dba5"
   ]
}