{
   "source_x": "PMC",
   "title": "Rapid viral diagnosis for acute febrile respiratory illness in children in the Emergency Department",
   "doi": "http://dx.doi.org/10.1002/14651858.CD006452.pub4",
   "pmcid": "PMC6718218",
   "abstract": "BACKGROUND: Pediatric acute respiratory infections (ARIs) represent a significant burden on pediatric Emergency Departments (EDs) and families. Most of these illnesses are due to viruses. However, investigations (radiography, blood, and urine testing) to rule out bacterial infections and antibiotics are often ordered because of diagnostic uncertainties. This results in prolonged ED visits and unnecessary antibiotic use. The risk of concurrent bacterial infection has been reported to be negligible in children over three months of age with a confirmed viral infection.\u00a0Rapid viral testing in the ED may alleviate the need for precautionary testing and antibiotic use. OBJECTIVES: To determine if the use of a rapid viral detection test for children with an acute respiratory infection (ARI) in Emergency Departments (EDs) changes patient management and resource use in the ED, compared to not using a rapid viral detection test. We hypothesized that rapid viral testing reduces antibiotic use in the ED as well as reduces the rate of ancillary testing and length of ED visits. SEARCH METHODS: We searched CENTRAL (2014, Issue 6), MEDLINE (1950 to July week 1, 2014), MEDLINE In\u2010Process & Other Non\u2010Indexed Citations (15 July 2014), EMBASE.com (1988 to July 2014), HealthStar (1966 to 2009), BIOSIS Previews (1969 to July 2014), CAB Abstracts (1973 to July 2014), CBCA Reference (1970 to 2007) and ProQuest Dissertations and Theses (1861 to 2009). SELECTION CRITERIA: Randomized controlled trials (RCTs) of rapid viral testing for children with ARIs in the ED. DATA COLLECTION AND ANALYSIS: Two review authors used the inclusion criteria to select trials, evaluate their quality, and extract data. We obtained missing data from trial authors. We expressed differences in rate of investigations and antibiotic use as risk ratios (RRs), and expressed difference in ED length of visits as mean differences (MDs), with 95% confidence intervals (CIs). MAIN RESULTS: No new trials were identified in this 2014 update. We included four trials (three RCTs and one quazi\u2010RCT), with 759 children in the rapid viral testing group and 829 in the control group. Three out of the four studies were comparable in terms of young age of participants, with one study increasing the age of inclusion up to five years of age. All studies included either fever or respiratory symptoms as inclusion criteria (two required both, one required fever or respiratory symptoms, and one required only fever). All studies were comparable in terms of exclusion criteria, intervention, and outcome data. In terms of risk of bias, one study failed to utilize a random sequence generator, one study did not comment on completeness of outcome data, and only one of four studies included allocation concealment as part of the study design. None of the studies definitively blinded participants. Rapid viral testing resulted in a trend toward decreased antibiotic use in the ED, but this was not statistically significant. We found lower rates of chest radiography (RR 0.77, 95% CI 0.65 to 0.91) in the rapid viral testing group, but no effect on length of ED visits, or blood or urine testing in the ED. No study made mention of any adverse effects related to viral testing. AUTHORS' CONCLUSIONS: There is insufficient evidence to support routine rapid viral testing to reduce antibiotic use in pediatric EDs. Rapid viral testing may or may not reduce rates of antibiotic use, and other investigations (urine and blood testing); these studies do not provide enough power to resolve this question. However, rapid viral testing does reduce the rate of chest X\u2010rays in the ED. An adequately powered trial with antibiotic use as an outcome is needed.",
   "authors": [
      "['Doan, Quynh', 'Enarson, Paul', 'Kissoon, Niranjan', 'Klassen, Terry P', 'Johnson, David W']"
   ],
   "id": "https://www.ncbi.nlm.nih.gov/pmc/articles/PMC6718218"
}