{
   "sha": "704a894ab79031263de39fc49d954f7d13aa1bf2",
   "source_x": "PMC",
   "title": "Prevalence of Korean cats with natural feline coronavirus infections",
   "doi": "10.1186/1743-422X-8-455",
   "pmcid": "PMC3219666",
   "pubmed_id": "21951835",
   "license": "cc-by",
   "abstract": "BACKGROUND: Feline coronavirus is comprised of two pathogenic biotypes consisting of feline infectious peritonitis virus (FIPV) and feline enteric coronavirus (FECV), which are both divided into two serotypes. To examine the prevalence of Korean cats infected with feline coronavirus (FCoV) type I and II, fecal samples were obtained from 212 cats (107 pet and 105 feral) in 2009. RESULTS: Fourteen cats were FCoV-positive, including infections with type I FCoV (n = 8), type II FCoV (n = 4), and types I and II co-infection (n = 2). Low seroprevalences (13.7%, 29/212) of FCoV were identified in chronically ill cats (19.3%, 16/83) and healthy cats (10.1%, 13/129). CONCLUSIONS: Although the prevalence of FCoV infection was not high in comparison to other countries, there was a higher prevalence of type I FCoV in Korean felines. The prevalence of FCoV antigen and antibody in Korean cats are expected to gradually increase due to the rising numbers of stray and companion cats.",
   "publish_time": "2011 Sep 28",
   "authors": [
      "An, Dong-Jun",
      "Jeoung, Hye-Young",
      "Jeong, WooSeog",
      "Park, Jee-Yong",
      "Lee, Myoung-Heon",
      "Park, Bong-Kyun"
   ],
   "journal": "Virol J",
   "has_full_text": "True",
   "full_text_file": "comm_use_subset",
   "id": "https://doi.org/10.1186/1743-422X-8-455",
   "pubtator": "PMC3219666",
   "fhir_link": [
      "Commercial/Composition/704a894ab79031263de39fc49d954f7d13aa1bf2"
   ]
}