{
   "sha": "cd21b40d05f66d9cc280d65928651c4552ad8fdd",
   "source_x": "PMC",
   "title": "Evaluation of Internal Reference Genes for Quantitative Expression Analysis by Real-Time PCR in Ovine Whole Blood",
   "doi": "10.3390/ijms12117732",
   "pmcid": "PMC3233434",
   "pubmed_id": "22174628",
   "license": "cc-by",
   "abstract": "The use of reference genes is commonly accepted as the most reliable approach to normalize qRT-PCR and to reduce possible errors in the quantification of gene expression. The most suitable reference genes in sheep have been identified for a restricted range of tissues, but no specific data on whole blood are available. The aim of this study was to identify a set of reference genes for normalizing qRT-PCR from ovine whole blood. We designed 11 PCR assays for commonly employed reference genes belonging to various functional classes and then determined their expression stability in whole blood samples from control and disease-stressed sheep. SDHA and YWHAZ were considered the most suitable internal controls as they were stably expressed regardless of disease status according to both geNorm and NormFinder software; furthermore, geNorm indicated SDHA/HPRT, YWHAZ/GAPDH and SDHA/YWHAZ as the best reference gene combinations in control, disease-stressed and combined sheep groups, respectively. Our study provides a validated panel of optimal control genes which may be useful for the identification of genes differentially expressed by qRT-PCR in a readily accessible tissue, with potential for discovering new physiological and disease markers and as a tool to improve production traits (e.g., by identifying expression Quantitative Trait Loci). An additional outcome of the study is a set of intron-spanning primer sequences suitable for gene expression experiments employing SYBR Green chemistry on other ovine tissues and cells.",
   "publish_time": "2011 Nov 9",
   "authors": [
      "Peletto, Simone",
      "Bertuzzi, Simone",
      "Campanella, Chiara",
      "Modesto, Paola",
      "Maniaci, Maria Grazia",
      "Bellino, Claudio",
      "Ariello, Dario",
      "Quasso, Antonio",
      "Caramelli, Maria",
      "Acutis, Pier Luigi"
   ],
   "journal": "Int J Mol Sci",
   "has_full_text": "True",
   "full_text_file": "comm_use_subset",
   "id": "https://doi.org/10.3390/ijms12117732",
   "pubtator": "PMC3233434",
   "fhir_link": [
      "Commercial/Composition/cd21b40d05f66d9cc280d65928651c4552ad8fdd"
   ]
}