{
   "source_x": "PMC",
   "title": "Antiviral T-cell therapy",
   "doi": "http://dx.doi.org/10.1111/imr.12138",
   "pmcid": "PMC3927231",
   "abstract": "Serious viral infections are a common cause of morbidity and mortality after allogeneic stem cell transplantation. They occur in the majority of allograft recipients and are fatal in 17\u201320%. These severe infections may be prolonged or recurrent and add substantially to the cost, both human and financial, of the procedure. Many features of allogeneic stem cell transplantation contribute to this high rate of viral disease. The cytotoxic and immunosuppressive drugs administered pre-transplant to eliminate the host hematopoietic/immune system and any associated malignancy, the delay in recapitulating immune ontogeny post-transplant, the immunosuppressive drugs given to prevent graft versus host disease (GvHD), and the effects of GvHD itself, all serve to make stem cell transplant recipients vulnerable to disease from endogenous (latent) and exogenous (community) viruses, and to be incapable of controlling them as quickly and effectively as most normal individuals.",
   "authors": [
      "['Leen, Ann M', 'Heslop, Helen E', 'Brenner, Malcolm K']"
   ],
   "id": "https://www.ncbi.nlm.nih.gov/pmc/articles/PMC3927231"
}