{
   "sha": "86fca5af635ee9425e3375140fb48cbe6d429411",
   "source_x": "PMC",
   "title": "Deep Sequencing for the Detection of Virus-Like Sequences in the Brains of Patients with Multiple Sclerosis: Detection of GBV-C in Human Brain",
   "doi": "10.1371/journal.pone.0031886",
   "pmcid": "PMC3297595",
   "pubmed_id": "22412845",
   "license": "cc-by",
   "abstract": "Multiple sclerosis (MS) is a demyelinating disease of unknown origin that affects the central nervous system of an estimated 400,000 Americans. GBV-C or hepatitis G is a flavivirus that is found in the serum of 1\u20132% of blood donors. It was originally associated with hepatitis, but is now believed to be a relatively non-pathogenic lymphotropic virus. Fifty frozen specimens from the brains of deceased persons affected by MS were obtained along with 15 normal control brain specimens. RNA was extracted and ribosomal RNAs were depleted before sequencing on the Illumina GAII. These 36 bp reads were compared with a non-redundant database derived from the 600,000+ viral sequences in GenBank organized into 4080 taxa. An individual read successfully aligned to the viral database was considered to be a \u201chit\u201d. Normalized MS specimen hit rates for each viral taxon were compared to the distribution of hits in the normal controls. Seventeen MS and 11 control brain extracts were sequenced, yielding 4\u201310 million sequences (\u201creads\u201d) each. Over-representation of sequence from at least one of 12 viral taxa was observed in 7 of the 17 MS samples. Sequences resembling other viruses previously implicated in the pathogenesis of MS were not significantly enriched in any of the diseased brain specimens. Sequences from GB virus C (GBV-C), a flavivirus not previously isolated from brain, were enriched in one of the MS samples. GBV-C in this brain specimen was confirmed by specific amplification in this single MS brain specimen, but not in the 30 other MS brain samples available. The entire 9.4 kb sequence of this GBV-C isolate is reported here. This study shows the feasibility of deep sequencing for the detection of occult viral infections in the brains of deceased persons with MS. The first isolation of GBV-C from human brain is reported here.",
   "publish_time": "2012 Mar 8",
   "authors": [
      "Kriesel, John D.",
      "Hobbs, Maurine R.",
      "Jones, Brandt B.",
      "Milash, Brett",
      "Nagra, Rashed M.",
      "Fischer, Kael F."
   ],
   "journal": "PLoS One",
   "has_full_text": "True",
   "full_text_file": "comm_use_subset",
   "id": "https://doi.org/10.1371/journal.pone.0031886",
   "pubtator": "PMC3297595",
   "fhir_link": [
      "Commercial/Composition/86fca5af635ee9425e3375140fb48cbe6d429411"
   ]
}