{
   "source_x": "PMC",
   "title": "Effect of Microtubule Disruption on Neuronal Spread and Replication of Demyelinating and Nondemyelinating Strains of Mouse Hepatitis Virus In Vitro",
   "doi": "http://dx.doi.org/10.1128/JVI.02545-13",
   "pmcid": "PMC3958069",
   "abstract": "The isogenic host attachment spike protein recombinant demyelinating strain of mouse hepatitis virus (MHV) (RSA59) and the nondemyelinating strain (RSMHV2) differ in their abilities to infect distinct types of neural cells, spread from cell to cell, and induce subsequent demyelination and axonal loss. The differential demyelination properties of RSA59 and RSMHV2 may be a function of spike protein-mediated neuronal transport. Disruption of microtubules with colchicine and vinblastine significantly blocks neuronal transport and reduces the replication of RSA59, whereas RSMHV2 remains unaffected.",
   "authors": [
      "['Biswas, Kaushiki', 'Das Sarma, Jayasri']"
   ],
   "id": "https://www.ncbi.nlm.nih.gov/pmc/articles/PMC3958069"
}