{
   "source_x": "PMC",
   "title": "Evaluation of the BioFire FilmArray Respiratory Panel and the GenMark eSensor Respiratory Viral Panel on Lower Respiratory Tract Specimens",
   "doi": "http://dx.doi.org/10.1128/JCM.02787-13",
   "pmcid": "PMC3911424",
   "abstract": "We evaluated the performance characteristics of the FilmArray respiratory panel and the eSensor respiratory viral panel on clinical and spiked lower respiratory tract specimens (LRTS). The overall agreement between the two methods was 89.5% (51/57). The lower limit of detection of both assays for all targets in LRTS was comparable to that for nasopharyngeal swab specimens.",
   "authors": [
      "['Ruggiero, Phyllis', 'McMillen, Tracy', 'Tang, Yi-Wei', 'Babady, N. Esther']"
   ],
   "id": "https://www.ncbi.nlm.nih.gov/pmc/articles/PMC3911424"
}