{
   "sha": "628b63978a499c7cdecbccf06dd60980da895fb0",
   "source_x": "PMC",
   "title": "Renalase's Expression and Distribution in Renal Tissue and Cells",
   "doi": "10.1371/journal.pone.0046442",
   "pmcid": "PMC3463591",
   "pubmed_id": "23056310",
   "license": "cc-by",
   "abstract": "To study renalase's expression and distribution in renal tissues and cells, renalase coded DNA vaccine was constructed, and anti-renalase monoclonal antibodies were produced using DNA immunization and hybridoma technique, followed by further investigation with immunological testing and western blotting to detect the expression and distribution of renalase among the renal tissue and cells. Anti-renalase monoclonal antibodies were successfully prepared by using DNA immunization technique. Further studies with anti-renalase monoclonal antibody showed that renalase expressed in glomeruli, tubule, mesangial cells, podocytes, renal tubule epithelial cells and its cells supernatant. Renalase is wildly expressed in kidney, including glomeruli, tubule, mesangial cells, podocytes and tubule epithelial cells, and may be secreted by tubule epithelial cells primarily.",
   "publish_time": "2012 Oct 3",
   "authors": [
      "Wang, Feng",
      "Xing, Tao",
      "Li, Junhui",
      "Bai, Mei",
      "Hu, Ruimin",
      "Zhao, Zhonghua",
      "Tian, Shoufu",
      "Zhang, Zhigang",
      "Wang, Niansong"
   ],
   "journal": "PLoS One",
   "has_full_text": "True",
   "full_text_file": "comm_use_subset",
   "id": "https://doi.org/10.1371/journal.pone.0046442",
   "pubtator": "PMC3463591",
   "fhir_link": [
      "Commercial/Composition/628b63978a499c7cdecbccf06dd60980da895fb0"
   ]
}