{
   "sha": "6177fd107242a0dbf2cfdd0d617e6a384dba6eaa",
   "source_x": "PMC",
   "title": "Understanding Viral Transmission Behavior via Protein Intrinsic Disorder Prediction: Coronaviruses",
   "doi": "10.1155/2012/738590",
   "pmcid": "PMC3477565",
   "pubmed_id": "23097708",
   "license": "cc-by",
   "abstract": "Besides being a common threat to farm animals and poultry, coronavirus (CoV) was responsible for the human severe acute respiratory syndrome (SARS) epidemic in 2002\u20134. However, many aspects of CoV behavior, including modes of its transmission, are yet to be fully understood. We show that the amount and the peculiarities of distribution of the protein intrinsic disorder in the viral shell can be used for the efficient analysis of the behavior and transmission modes of CoV. The proposed model allows categorization of the various CoVs by the peculiarities of disorder distribution in their membrane (M) and nucleocapsid (N). This categorization enables quick identification of viruses with similar behaviors in transmission, regardless of genetic proximity. Based on this analysis, an empirical model for predicting the viral transmission behavior is developed. This model is able to explain some behavioral aspects of important coronaviruses that previously were not fully understood. The new predictor can be a useful tool for better epidemiological, clinical, and structural understanding of behavior of both newly emerging viruses and viruses that have been known for a long time. A potentially new vaccine strategy could involve searches for viral strains that are characterized by the evolutionary misfit between the peculiarities of the disorder distribution in their shells and their behavior.",
   "publish_time": "2012 Oct 14",
   "authors": [
      "Goh, Gerard Kian-Meng",
      "Dunker, A. Keith",
      "Uversky, Vladimir N."
   ],
   "journal": "J Pathog",
   "has_full_text": "True",
   "full_text_file": "comm_use_subset",
   "id": "https://doi.org/10.1155/2012/738590",
   "pubtator": "PMC3477565",
   "fhir_link": [
      "Commercial/Composition/6177fd107242a0dbf2cfdd0d617e6a384dba6eaa"
   ]
}