{
   "sha": "54ebc03fe88092d143f0758472adf54252d6c224",
   "source_x": "PMC",
   "title": "Free fatty acids induce ER stress and block antiviral activity of interferon alpha against hepatitis C virus in cell culture",
   "doi": "10.1186/1743-422X-9-143",
   "pmcid": "PMC3490746",
   "pubmed_id": "22863531",
   "license": "cc-by",
   "abstract": "BACKGROUND: Hepatic steatosis is recognized as a major risk factor for liver disease progression and impaired response to interferon based therapy in chronic hepatitis C (CHC) patients. The mechanism of response to interferon-alpha (IFN-\u03b1) therapy under the condition of hepatic steatosis is unexplored. We investigated the effect of hepatocellular steatosis on hepatitis C virus (HCV) replication and IFN-\u03b1 antiviral response in a cell culture model. METHODS: Sub-genomic replicon (S3-GFP) and HCV infected Huh-7.5 cells were cultured with a mixture of saturated (palmitate) and unsaturated (oleate) long-chain free fatty acids (FFA). Intracytoplasmic fat accumulation in these cells was visualized by Nile red staining and electron microscopy then quantified by microfluorometry. The effect of FFA treatment on HCV replication and IFN-\u03b1 antiviral response was measured by flow cytometric analysis, Renilla luciferase activity, and real-time RT-PCR. RESULTS: FFA treatment induced dose dependent hepatocellular steatosis and lipid droplet accumulation in the HCV replicon cells was confirmed by Nile red staining, microfluorometry, and by electron microscopy. Intracellular fat accumulation supports replication more in the persistently HCV infected culture than in the sub-genomic replicon (S3-GFP) cell line. FFA treatment also partially blocked IFN-\u03b1 response and viral clearance by reducing the phosphorylation of Stat1 and Stat2 dependent IFN-\u03b2 promoter activation. We show that FFA treatment induces endoplasmic reticulum (ER) stress response and down regulates the IFNAR1 chain of the type I IFN receptor leading to defective Jak-Stat signaling and impaired antiviral response. CONCLUSION: These results suggest that intracellular fat accumulation in HCV cell culture induces ER stress, defective Jak-Stat signaling, and attenuates the antiviral response, thus providing an explanation to the clinical observation regarding how hepatocellular steatosis influences IFN-\u03b1 response in CHC.",
   "publish_time": "2012 Aug 3",
   "authors": [
      "Gunduz, Feyza",
      "Aboulnasr, Fatma M",
      "Chandra, Partha K",
      "Hazari, Sidhartha",
      "Poat, Bret",
      "Baker, Darren P",
      "Balart, Luis A",
      "Dash, Srikanta"
   ],
   "journal": "Virol J",
   "has_full_text": "True",
   "full_text_file": "comm_use_subset",
   "id": "https://doi.org/10.1186/1743-422X-9-143",
   "pubtator": "PMC3490746",
   "fhir_link": [
      "Commercial/Composition/54ebc03fe88092d143f0758472adf54252d6c224"
   ]
}