{
   "sha": "c24570f542d59b0d17450b1bd83c708f9401ca9c",
   "source_x": "PMC",
   "title": "Immunization with a Recombinant Vaccinia Virus That Encodes Nonstructural Proteins of the Hepatitis C Virus Suppresses Viral Protein Levels in Mouse Liver",
   "doi": "10.1371/journal.pone.0051656",
   "pmcid": "PMC3524174",
   "pubmed_id": "23284733",
   "license": "cc-by",
   "abstract": "Chronic hepatitis C, which is caused by infection with the hepatitis C virus (HCV), is a global health problem. Using a mouse model of hepatitis C, we examined the therapeutic effects of a recombinant vaccinia virus (rVV) that encodes an HCV protein. We generated immunocompetent mice that each expressed multiple HCV proteins via a Cre/loxP switching system and established several distinct attenuated rVV strains. The HCV core protein was expressed consistently in the liver after polyinosinic acid\u2013polycytidylic acid injection, and these mice showed chronic hepatitis C-related pathological findings (hepatocyte abnormalities, accumulation of glycogen, steatosis), liver fibrosis, and hepatocellular carcinoma. Immunization with one rVV strain (rVV-N25), which encoded nonstructural HCV proteins, suppressed serum inflammatory cytokine levels and alleviated the symptoms of pathological chronic hepatitis C within 7 days after injection. Furthermore, HCV protein levels in liver tissue also decreased in a CD4 and CD8 T-cell-dependent manner. Consistent with these results, we showed that rVV-N25 immunization induced a robust CD8 T-cell immune response that was specific to the HCV nonstructural protein 2. We also demonstrated that the onset of chronic hepatitis in CN2-29((+/\u2212))/MxCre((+/\u2212)) mice was mainly attributable to inflammatory cytokines, (tumor necrosis factor) TNF-\u03b1 and (interleukin) IL-6. Thus, our generated mice model should be useful for further investigation of the immunological processes associated with persistent expression of HCV proteins because these mice had not developed immune tolerance to the HCV antigen. In addition, we propose that rVV-N25 could be developed as an effective therapeutic vaccine.",
   "publish_time": "2012 Dec 17",
   "authors": [
      "Sekiguchi, Satoshi",
      "Kimura, Kiminori",
      "Chiyo, Tomoko",
      "Ohtsuki, Takahiro",
      "Tobita, Yoshimi",
      "Tokunaga, Yuko",
      "Yasui, Fumihiko",
      "Tsukiyama-Kohara, Kyoko",
      "Wakita, Takaji",
      "Tanaka, Toshiyuki",
      "Miyasaka, Masayuki",
      "Mizuno, Kyosuke",
      "Hayashi, Yukiko",
      "Hishima, Tsunekazu",
      "Matsushima, Kouji",
      "Kohara, Michinori"
   ],
   "journal": "PLoS One",
   "has_full_text": "True",
   "full_text_file": "comm_use_subset",
   "id": "https://doi.org/10.1371/journal.pone.0051656",
   "pubtator": "PMC3524174",
   "fhir_link": [
      "Commercial/Composition/c24570f542d59b0d17450b1bd83c708f9401ca9c"
   ]
}