{
   "source_x": "PMC",
   "title": "Search strategy has influenced the discovery rate of human viruses",
   "doi": "http://dx.doi.org/10.1073/pnas.1307243110",
   "pmcid": "PMC3752202",
   "abstract": "A widely held concern is that the pace of infectious disease emergence has been increasing. We have analyzed the rate of discovery of pathogenic viruses, the preeminent source of newly discovered causes of human disease, from 1897 through 2010. The rate was highest during 1950\u20131969, after which it moderated. This general picture masks two distinct trends: for arthropod-borne viruses, which comprised 39% of pathogenic viruses, the discovery rate peaked at three per year during 1960\u20131969, but subsequently fell nearly to zero by 1980; however, the rate of discovery of nonarboviruses remained stable at about two per year from 1950 through 2010. The period of highest arbovirus discovery coincided with a comprehensive program supported by The Rockefeller Foundation of isolating viruses from humans, animals, and arthropod vectors at field stations in Latin America, Africa, and India. The productivity of this strategy illustrates the importance of location, approach, long-term commitment, and sponsorship in the discovery of emerging pathogens.",
   "authors": [
      "['Rosenberg, Ronald', 'Johansson, Michael A.', 'Powers, Ann M.', 'Miller, Barry R.']"
   ],
   "id": "https://www.ncbi.nlm.nih.gov/pmc/articles/PMC3752202"
}