{
   "source_x": "PMC",
   "title": "Regulation of hepatic innate immunity by hepatitis C virus",
   "doi": "http://dx.doi.org/10.1038/nm.3253",
   "pmcid": "PMC4251871",
   "abstract": "Hepatitis C virus (HCV) is a global public health problem involving chronic infection of the liver in over 170 million people. Chronic HCV causes liver disease and is linked with liver cancer. Viral innate immune evasion strategies and human genetic determinants underlie the transition of acute HCV infection to viral persistence and the support of chronic infection. Host genetic factors, such as sequence polymorphisms in IFNL3, a gene in the host interferon system, can influence both the outcome of infection and response to antiviral therapy. Recent insights into how HCV regulates innate immune signaling within the liver reveal a complex interaction of patient genetic background with viral and host factors of innate immune triggering and control that impart the outcome of HCV infection and immunity.",
   "authors": [
      "['Horner, Stacy M.', 'Gale, Michael']"
   ],
   "id": "https://www.ncbi.nlm.nih.gov/pmc/articles/PMC4251871"
}