{
   "source_x": "PMC",
   "title": "Double-membraned Liposomes Sculpted by Poliovirus 3AB Protein",
   "doi": "http://dx.doi.org/10.1074/jbc.M113.498899",
   "pmcid": "PMC3779724",
   "abstract": "Infection with many positive-strand RNA viruses dramatically remodels cellular membranes, resulting in the accumulation of double-membraned vesicles that resemble cellular autophagosomes. In this study, a single protein encoded by poliovirus, 3AB, is shown to be sufficient to induce the formation of double-membraned liposomes via the invagination of single-membraned liposomes. Poliovirus 3AB is a 109-amino acid protein with a natively unstructured N-terminal domain. HeLa cells transduced with 3AB protein displayed intracellular membrane disruption; specifically, the formation of cytoplasmic invaginations. The ability of a single viral protein to produce structures of similar topology to cellular autophagosomes should facilitate the understanding of both cellular and viral mechanisms for membrane remodeling.",
   "authors": [
      "['Wang, Jing', 'Ptacek, Jennifer B.', 'Kirkegaard, Karla', 'Bullitt, Esther']"
   ],
   "id": "https://www.ncbi.nlm.nih.gov/pmc/articles/PMC3779724"
}