{
   "sha": "513d5ea4db4eb8e94c14c46b018c6041d78119cf",
   "source_x": "PMC",
   "title": "IPS-1 Is Essential for the Control of West Nile Virus Infection and Immunity",
   "doi": "http://dx.doi.org/10.1371/journal.ppat.1000757",
   "pmcid": "PMC2816698",
   "pubmed_id": "20140199",
   "license": "CC BY",
   "abstract": "The innate immune response is essential for controlling West Nile virus (WNV) infection but how this response is propagated and regulates adaptive immunity in vivo are not defined. Herein, we show that IPS-1, the central adaptor protein to RIG-I-like receptor (RLR) signaling, is essential for triggering of innate immunity and for effective development and regulation of adaptive immunity against pathogenic WNV. IPS-1(\u2212/\u2212) mice exhibited increased susceptibility to WNV infection marked by enhanced viral replication and dissemination with early viral entry into the CNS. Infection of cultured bone-marrow (BM) derived dendritic cells (DCs), macrophages (Macs), and primary cortical neurons showed that the IPS-1-dependent RLR signaling was essential for triggering IFN defenses and controlling virus replication in these key target cells of infection. Intriguingly, infected IPS-1(\u2212/\u2212) mice displayed uncontrolled inflammation that included elevated systemic type I IFN, proinflammatory cytokine and chemokine responses, increased numbers of inflammatory DCs, enhanced humoral responses marked by complete loss of virus neutralization activity, and increased numbers of virus-specific CD8+ T cells and non-specific immune cell proliferation in the periphery and in the CNS. This uncontrolled inflammatory response was associated with a lack of regulatory T cell expansion that normally occurs during acute WNV infection. Thus, the enhanced inflammatory response in the absence of IPS-1 was coupled with a failure to protect against WNV infection. Our data define an innate/adaptive immune interface mediated through IPS-1-dependent RLR signaling that regulates the quantity, quality, and balance of the immune response to WNV infection.",
   "publish_time": "2010 Feb 5",
   "authors": [
      "['Suthar, Mehul S.', 'Ma, Daphne Y.', 'Thomas, Sunil', 'Lund, Jennifer M.', 'Zhang, Nu', 'Daffis, Stephane', 'Rudensky, Alexander Y.', 'Bevan, Michael J.', 'Clark, Edward A.', 'Kaja, Murali-Krishna', 'Diamond, Michael S.', 'Gale, Michael']"
   ],
   "journal": "PLoS Pathog",
   "has_full_text": "True",
   "id": "513d5ea4db4eb8e94c14c46b018c6041d78119cf",
   "fhir_link": "Commercial/Composition/513d5ea4db4eb8e94c14c46b018c6041d78119cf"
}