{
   "sha": "b454887997af026ed0589fcb18e59aed44473e1d",
   "source_x": "PMC",
   "title": "Super Resolution Microscopy Reveals that Caveolin-1 Is Required for Spatial Organization of CRFB1 and Subsequent Antiviral Signaling in Zebrafish",
   "doi": "10.1371/journal.pone.0068759",
   "pmcid": "PMC3706321",
   "pubmed_id": "23874753",
   "license": "cc-by",
   "abstract": "Understanding spatial distribution and dynamics of receptors within unperturbed membranes is essential for elucidating their role in antiviral signaling, but conventional studies of detergent-resistant membrane fractions cannot provide this information. Caveolae are integral to numerous signaling pathways and these membrane domains have been previously implicated in viral entry but not antiviral defense. This study shows, for the first time, the importance of spatio-temporal regulation of signaling receptors and the importance of the regulation of clustering for downstream signaling. A novel mechanism for virus evasion of host cell defenses is demonstrated through disruption of clusters of signaling molecules organized within caveolin-rich domains. Viral infection leads to a downregulation in Caveolin-1b (Cav-1b), disrupting clusters of CRFB1, a zebrafish type I interferon receptor (\u2013R) subunit. Super-resolution microscopy has enabled the first single-molecule imaging of CRFB1 association with cav-1b-containing membrane domains. Strikingly, downregulation of Cav-1b, the major protein component of caveolae, caused CRFB1 clusters to disperse. Dispersal of CRFB1 clusters led to a suppressed antiviral immune response both in vitro and in vivo, through abrogation of downstream signaling. This response strongly suggests that CRFB1 organization within cav-1b-containing membrane domains is critical for IFN-mediated antiviral defense and presents a previously undescribed antiviral evasion strategy to alter IFN signaling and the antiviral immune response.",
   "publish_time": "2013 Jul 9",
   "authors": [
      "Gabor, Kristin A.",
      "Stevens, Chad R.",
      "Pietraszewski, Matthew J.",
      "Gould, Travis J.",
      "Shim, Juyoung",
      "Yoder, Jeffrey A.",
      "Lam, Siew Hong",
      "Gong, Zhiyuan",
      "Hess, Samuel T.",
      "Kim, Carol H."
   ],
   "journal": "PLoS One",
   "has_full_text": "True",
   "full_text_file": "comm_use_subset",
   "id": "https://doi.org/10.1371/journal.pone.0068759",
   "pubtator": "PMC3706321",
   "fhir_link": [
      "Commercial/Composition/b454887997af026ed0589fcb18e59aed44473e1d"
   ]
}