{
   "sha": "16c14c63746634d9cc1a2d4257b7d7560af187ba",
   "source_x": "PMC",
   "title": "Alphavirus Mutator Variants Present Host-Specific Defects and Attenuation in Mammalian and Insect Models",
   "doi": "10.1371/journal.ppat.1003877",
   "pmcid": "PMC3894214",
   "pubmed_id": "24453971",
   "license": "cc-by",
   "abstract": "Arboviruses cycle through both vertebrates and invertebrates, which requires them to adapt to disparate hosts while maintaining genetic integrity during genome replication. To study the genetic mechanisms and determinants of these processes, we use chikungunya virus (CHIKV), a re-emerging human pathogen transmitted by the Aedes mosquito. We previously isolated a high fidelity (or antimutator) polymerase variant, C483Y, which had decreased fitness in both mammalian and mosquito hosts, suggesting this residue may be a key molecular determinant. To further investigate effects of position 483 on RNA-dependent RNA-polymerase (RdRp) fidelity, we substituted every amino acid at this position. We isolated novel mutators with decreased replication fidelity and higher mutation frequencies, allowing us to examine the fitness of error-prone arbovirus variants. Although CHIKV mutators displayed no major replication defects in mammalian cell culture, they had reduced specific infectivity and were attenuated in vivo. Unexpectedly, mutator phenotypes were suppressed in mosquito cells and the variants exhibited significant defects in RNA synthesis. Consequently, these replication defects resulted in strong selection for reversion during infection of mosquitoes. Since residue 483 is conserved among alphaviruses, we examined the analogous mutations in Sindbis virus (SINV), which also reduced polymerase fidelity and generated replication defects in mosquito cells. However, replication defects were mosquito cell-specific and were not observed in Drosophila S2 cells, allowing us to evaluate the potential attenuation of mutators in insect models where pressure for reversion was absent. Indeed, the SINV mutator variant was attenuated in fruit flies. These findings confirm that residue 483 is a determinant regulating alphavirus polymerase fidelity and demonstrate proof of principle that arboviruses can be attenuated in mammalian and insect hosts by reducing fidelity.",
   "publish_time": "2014 Jan 16",
   "authors": [
      "Rozen-Gagnon, Kathryn",
      "Stapleford, Kenneth A.",
      "Mongelli, Vanesa",
      "Blanc, Herv\u00e9",
      "Failloux, Anna-Bella",
      "Saleh, Maria-Carla",
      "Vignuzzi, Marco"
   ],
   "journal": "PLoS Pathog",
   "has_full_text": "True",
   "full_text_file": "comm_use_subset",
   "id": "https://doi.org/10.1371/journal.ppat.1003877",
   "pubtator": "PMC3894214",
   "fhir_link": [
      "Commercial/Composition/16c14c63746634d9cc1a2d4257b7d7560af187ba"
   ]
}