{
   "sha": "cee3dd6c1927b863e94e9493295d99213401f158",
   "source_x": "PMC",
   "title": "Bat Airway Epithelial Cells: A Novel Tool for the Study of Zoonotic Viruses",
   "doi": "10.1371/journal.pone.0084679",
   "pmcid": "PMC3890267",
   "pubmed_id": "24454736",
   "license": "cc-by",
   "abstract": "Bats have been increasingly recognized as reservoir of important zoonotic viruses. However, until now many attempts to isolate bat-borne viruses in cell culture have been unsuccessful. Further, experimental studies on reservoir host species have been limited by the difficulty of rearing these species. The epithelium of the respiratory tract plays a central role during airborne transmission, as it is the first tissue encountered by viral particles. Although several cell lines from bats were established recently, no well-characterized, selectively cultured airway epithelial cells were available so far. Here, primary cells and immortalized cell lines from bats of the two important suborders Yangochiroptera and Yinpterochiroptera, Carollia perspicillata (Seba's short-tailed bat) and Eidolon helvum (Straw-colored fruit bat), were successfully cultured under standardized conditions from both fresh and frozen organ specimens by cell outgrowth of organ explants and by the use of serum-free primary cell culture medium. Cells were immortalized to generate permanent cell lines. Cells were characterized for their epithelial properties such as expression of cytokeratin and tight junctions proteins and permissiveness for viral infection with Rift-Valley fever virus and vesicular stomatitis virus Indiana. These cells can serve as suitable models for the study of bat-borne viruses and complement cell culture models for virus infection in human airway epithelial cells.",
   "publish_time": "2014 Jan 13",
   "authors": [
      "Eckerle, Isabella",
      "Ehlen, Lukas",
      "Kallies, Ren\u00e9",
      "Wollny, Robert",
      "Corman, Victor M.",
      "Cottontail, Veronika M.",
      "Tschapka, Marco",
      "Oppong, Samuel",
      "Drosten, Christian",
      "M\u00fcller, Marcel A."
   ],
   "journal": "PLoS One",
   "has_full_text": "True",
   "full_text_file": "comm_use_subset",
   "id": "https://doi.org/10.1371/journal.pone.0084679",
   "pubtator": "PMC3890267",
   "fhir_link": [
      "Commercial/Composition/cee3dd6c1927b863e94e9493295d99213401f158"
   ]
}