{
   "source_x": "PMC",
   "title": "Exceptional Simian Hemorrhagic Fever Virus Diversity in a Wild African Primate Community",
   "doi": "http://dx.doi.org/10.1128/JVI.02433-12",
   "pmcid": "PMC3536393",
   "abstract": "Simian hemorrhagic fever virus (SHFV) is an arterivirus that causes severe disease in captive macaques. We describe two new SHFV variants subclinically infecting wild African red-tailed guenons (Cercopithecus ascanius). Both variants are highly divergent from the prototype virus and variants infecting sympatric red colobus (Procolobus rufomitratus). All known SHFV variants are monophyletic and share three open reading frames not present in other arteriviruses. Our data suggest a need to modify the current arterivirus classification.",
   "authors": [
      "['Lauck, Michael', 'Sibley, Samuel D.', 'Hyeroba, David', 'Tumukunde, Alex', 'Weny, Geoffrey', 'Chapman, Colin A.', 'Ting, Nelson', 'Switzer, William M.', 'Kuhn, Jens H.', 'Friedrich, Thomas C.', \"O'Connor, David H.\", 'Goldberg, Tony L.']"
   ],
   "id": "https://www.ncbi.nlm.nih.gov/pmc/articles/PMC3536393"
}