{
   "source_x": "PMC",
   "title": "MHC mismatch results in neural progenitor cell rejection following spinal cord transplantation in a model of viral-induced demyelination",
   "doi": "http://dx.doi.org/10.1002/stem.1234",
   "pmcid": "PMC3479361",
   "abstract": "Transplantation of syngeneic neural progenitor cells (NPCs) into mice persistently infected with the JHM strain of mouse hepatitis virus (JHMV) results in enhanced differentiation into oligodendrocyte progenitor cells (OPCs) that is associated with remyelination, axonal sparing, and clinical improvement. Whether allogeneic NPCs are tolerated or induce immune-mediated rejection is controversial and poorly defined under neuroinflammatory demyelinating conditions. We have used the JHMV-induced demyelination model to evaluate the antigenicity of transplanted allogeneic NPCs within the central nervous system (CNS) of mice with established immune-mediated demyelination. Cultured NPCs constitutively expressed the co-stimulatory molecules CD80/CD86 and IFN-\u03b3 treatment induced expression of MHC class I and II antigens. Injection of allogeneic C57BL/6 NPCs (H-2(b) background) led to a delayed type hypersensitivity (DTH) response in Balb/c (H-2(d) background) associated with T cell proliferation and IFN-\u03b3 secretion following co-culture with allogeneic NPCs. Transplantation of MHC-mismatched NPCs into JHMV-infected mice resulted in increased transcripts encoding the T cell chemoattractant chemokines CXCL9 and CXCL10 that correlated with increased T cell infiltration that was associated with NPC rejection. Treatment of MHC-mismatched mice with T cell subset-specific depleting antibodies increased survival of allogeneic NPCs without affecting commitment to an oligodendroyte lineage. Collectively, these results show that allogeneic NPCs are antigenic and T cells contribute to rejection following transplantation into an inflamed CNS suggesting that immunomodulatory treatments may be necessary to prolong survival of allogeneic cells.",
   "authors": [
      "['Weinger, Jason G.', 'Weist, Brian M.', 'Plaisted, Warren C.', 'Klaus, Suzi M.', 'Walsh, Craig M.', 'Lane, Thomas E.']"
   ],
   "id": "https://www.ncbi.nlm.nih.gov/pmc/articles/PMC3479361"
}