{
   "sha": "439ddbbdb17f5ab18ac2e208e7df5c09a8dc9789",
   "source_x": "PMC",
   "title": "Unexplained diarrhoea in HIV-1 infected individuals",
   "doi": "10.1186/1471-2334-14-22",
   "pmcid": "PMC3925291",
   "pubmed_id": "24410947",
   "license": "cc-by",
   "abstract": "BACKGROUND: Gastrointestinal symptoms, in particular diarrhoea, are common in non-treated HIV-1 infected individuals. Although various enteric pathogens have been implicated, the aetiology of diarrhoea remains unexplained in a large proportion of HIV-1 infected patients. Our aim is to identify the cause of diarrhoea for patients that remain negative in routine diagnostics. METHODS: In this study stool samples of 196 HIV-1 infected persons, including 29 persons with diarrhoea, were examined for enteropathogens and HIV-1. A search for unknown and unexpected viruses was performed using virus discovery cDNA-AFLP combined with Roche-454 sequencing (VIDISCA-454). RESULTS: HIV-1 RNA was detected in stool of 19 patients with diarrhoea (66%) compared to 75 patients (45%) without diarrhoea. In 19 of the 29 diarrhoea cases a known enteropathogen could be identified (66%). Next to these known causative agents, a range of recently identified viruses was identified via VIDISCA-454: cosavirus, Aichi virus, human gyrovirus, and non-A non-B hepatitis virus. Moreover, a novel virus was detected which was named immunodeficiency-associated stool virus (IASvirus). However, PCR based screening for these viruses showed that none of these novel viruses was associated with diarrhoea. Notably, among the 34% enteropathogen-negative cases, HIV-1 RNA shedding in stool was more frequently observed (80%) compared to enteropathogen-positive cases (47%), indicating that HIV-1 itself is the most likely candidate to be involved in diarrhoea. CONCLUSION: Unexplained diarrhoea in HIV-1 infected patients is probably not caused by recently described or previously unknown pathogens, but it is more likely that HIV-1 itself plays a role in intestinal mucosal abnormalities which leads to diarrhoea.",
   "publish_time": "2014 Jan 13",
   "authors": [
      "Oude Munnink, Bas B",
      "Canuti, Marta",
      "Deijs, Martin",
      "de Vries, Michel",
      "Jebbink, Maarten F",
      "Rebers, Sjoerd",
      "Molenkamp, Richard",
      "van Hemert, Formijn J",
      "Chung, Kevin",
      "Cotten, Matthew",
      "Snijders, Fransje",
      "Sol, Cees JA",
      "van der Hoek, Lia"
   ],
   "journal": "BMC Infect Dis",
   "has_full_text": "True",
   "full_text_file": "comm_use_subset",
   "id": "https://doi.org/10.1186/1471-2334-14-22",
   "pubtator": "PMC3925291",
   "fhir_link": [
      "Commercial/Composition/439ddbbdb17f5ab18ac2e208e7df5c09a8dc9789"
   ]
}