{
   "source_x": "PMC",
   "title": "Longitudinal Analysis of the Human Antibody Response to Chikungunya Virus Infection: Implications for Serodiagnosis and Vaccine Development",
   "doi": "http://dx.doi.org/10.1128/JVI.01780-12",
   "pmcid": "PMC3497641",
   "abstract": "Chikungunya virus (CHIKV) is an alphavirus which causes chronic and incapacitating arthralgia in humans. Although previous studies have shown that antibodies against the virus are produced during and after infection, the fine specificity of the antibody response against CHIKV is not known. Here, using plasma from patients at different times postinfection, we characterized the antibody response against various proteins of the virus. We have shown that the E2 and E3 glycoproteins and the capsid and nsP3 proteins are targets of the anti-CHIKV antibody response. Moreover, we have identified the different regions in these proteins which contain the linear epitopes recognized by the anti-CHIKV antibodies and determined their structural localization. Data also illustrated the effect of a single K(252)Q amino acid change at the E2 glycoprotein that was able to influence antibody binding and interaction between the antibodies and epitope because of the changes of epitope-antibody binding capacity. This study provides important knowledge that will not only aid in the understanding of the immune response to CHIKV infection but also provide new knowledge in the design of modern vaccine development. Furthermore, these pathogen-specific epitopes could be used for future seroepidemiological studies that will unravel the molecular mechanisms of human immunity and protection from CHIKV disease.",
   "authors": [
      "['Kam, Yiu-Wing', 'Lee, Wendy W. L.', 'Simarmata, Diane', 'Harjanto, Sumitro', 'Teng, Terk-Shin', 'Tolou, Hugues', 'Chow, Angela', 'Lin, Raymond T. P.', 'Leo, Yee-Sin', 'R\u00e9nia, Laurent', 'Ng, Lisa F. P.']"
   ],
   "id": "https://www.ncbi.nlm.nih.gov/pmc/articles/PMC3497641"
}