{
   "sha": "1d0c8b03f2da34c55161d6205a97d06d373762c0",
   "source_x": "PMC",
   "title": "Isolation and Identification of Feline Herpesvirus Type 1 from a South China Tiger in China",
   "doi": "10.3390/v6031004",
   "pmcid": "PMC3970135",
   "pubmed_id": "24590411",
   "license": "cc-by",
   "abstract": "In 2012, an FHV-1-like virus was isolated from a tiger that presented with clinical signs of sialorrhea, sneezing and purulent rhinorrhea. Isolation was performed with the FK81 cell line, and the virus was identified by PCR, transmission electron microscopy (TEM), and the phylogenetic analysis of the partial thymidine kinase (TK) and glycoprotein B (gB) genes. A total of 253 bp of the TK gene and 566 bp of the gB gene were amplified from the trachea of the tiger by PCR/RT-PCR method. Phylogenetic analysis showed that the isolate belonged to the same cluster with other FHV-1 strains obtained from GenBank. Herpes-like viruses with an envelope and diameters of approximately 200 nm were observed in the culture supernatants of FK81 cells inoculated with samples from the tiger. The FHV-1 infection was confirmed by an animal challenge experiment in a cat model. Our finding extends the host range of FHV-1 and has implications for FHV-1 infection and South China tiger conservation.",
   "publish_time": "2014 Feb 28",
   "authors": [
      "Sun, Heting",
      "Li, Yuanguo",
      "Jiao, Weiyi",
      "Liu, Cunfa",
      "Liu, Xiujuan",
      "Wang, Haijun",
      "Hua, Fuyou",
      "Dong, Jianxiu",
      "Fan, Shengtao",
      "Yu, Zhijun",
      "Gao, Yuwei",
      "Xia, Xianzhu"
   ],
   "journal": "Viruses",
   "has_full_text": "True",
   "full_text_file": "comm_use_subset",
   "id": "https://doi.org/10.3390/v6031004",
   "pubtator": "PMC3970135",
   "fhir_link": [
      "Commercial/Composition/1d0c8b03f2da34c55161d6205a97d06d373762c0"
   ]
}