{
   "sha": "bdd49a68f33046aa3a724721b7050c5f548f90de",
   "source_x": "PMC",
   "title": "Identification of Plakortide E from the Caribbean Sponge Plakortis halichondroides as a Trypanocidal Protease Inhibitor using Bioactivity-Guided Fractionation",
   "doi": "10.3390/md12052614",
   "pmcid": "PMC4052307",
   "pubmed_id": "24798927",
   "license": "cc-by",
   "abstract": "In this paper, we report new protease inhibitory activity of plakortide E towards cathepsins and cathepsin-like parasitic proteases. We further report on its anti-parasitic activity against Trypanosoma brucei with an IC(50) value of 5 \u03bcM and without cytotoxic effects against J774.1 macrophages at 100 \u03bcM concentration. Plakortide E was isolated from the sponge Plakortis halichondroides using enzyme assay-guided fractionation and identified by NMR spectroscopy and mass spectrometry. Furthermore, enzyme kinetic studies confirmed plakortide E as a non-competitive, slowly-binding, reversible inhibitor of rhodesain.",
   "publish_time": "2014 May 2",
   "authors": [
      "Oli, Swarna",
      "Abdelmohsen, Usama Ramadan",
      "Hentschel, Ute",
      "Schirmeister, Tanja"
   ],
   "journal": "Mar Drugs",
   "has_full_text": "True",
   "full_text_file": "comm_use_subset",
   "id": "https://doi.org/10.3390/md12052614",
   "pubtator": "PMC4052307",
   "fhir_link": [
      "Commercial/Composition/bdd49a68f33046aa3a724721b7050c5f548f90de"
   ]
}