{
   "sha": "8446bfae882d6ec192e572e9bbcb858eeae83cc8",
   "source_x": "PMC",
   "title": "DV-Curve Representation of Protein Sequences and Its Application",
   "doi": "10.1155/2014/203871",
   "pmcid": "PMC4034481",
   "pubmed_id": "24899916",
   "license": "cc-by",
   "abstract": "Based on the detailed hydrophobic-hydrophilic(HP) model of amino acids, we propose dual-vector curve (DV-curve) representation of protein sequences, which uses two vectors to represent one alphabet of protein sequences. This graphical representation not only avoids degeneracy, but also has good visualization no matter how long these sequences are, and can reflect the length of protein sequence. Then we transform the 2D-graphical representation into a numerical characterization that can facilitate quantitative comparison of protein sequences. The utility of this approach is illustrated by two examples: one is similarity/dissimilarity comparison among different ND6 protein sequences based on their DV-curve figures the other is the phylogenetic analysis among coronaviruses based on their spike proteins.",
   "publish_time": "2014 May 8",
   "authors": [
      "Deng, Wei",
      "Luan, Yihui"
   ],
   "journal": "Comput Math Methods Med",
   "has_full_text": "True",
   "full_text_file": "comm_use_subset",
   "id": "https://doi.org/10.1155/2014/203871",
   "pubtator": "PMC4034481",
   "fhir_link": [
      "Commercial/Composition/8446bfae882d6ec192e572e9bbcb858eeae83cc8"
   ]
}