{
   "source_x": "PMC",
   "title": "Chinese hamster ovary cell lines selected for resistance to ebolavirus glycoprotein mediated infection are defective for NPC1 expression",
   "doi": "http://dx.doi.org/10.1016/j.virol.2012.05.018",
   "pmcid": "PMC3402687",
   "abstract": "Ebolavirus causes severe hemorrhagic fever in humans and non-human primates. Entry of ebolavirus is mediated by the viral glycoprotein, GP; however, the required host factors have not been fully elucidated. A screen utilizing a recombinant Vesicular Stomatitis Virus (VSV) encoding Zaire ebolavirus GP identified four Chinese Hamster Ovary (CHO) cell lines resistant to GP-mediated viral entry. Susceptibility to vectors carrying SARS coronavirus S or VSV-G glycoproteins suggests that endocytic and processing pathways utilized by other viruses are intact in these cells. A cathepsin-activated form of the ebolaviral glycoprotein did not overcome the entry restriction, nor did expression of several host factors previously described as important for ebolavirus entry. Conversely, expression of the recently described ebolavirus host entry factor Niemann-Pick Type C1 (NPC1) restored infection. Resistant cells encode distinct mutations in the NPC1 gene, resulting in loss of protein expression. These studies reinforce the importance of NPC1 for ebolavirus entry.",
   "authors": [
      "['Haines, Kathleen M.', 'Vande Burgt, Nathan H.', 'Francica, Joseph R.', 'Kaletsky, Rachel L.', 'Bates, Paul']"
   ],
   "id": "https://www.ncbi.nlm.nih.gov/pmc/articles/PMC3402687"
}