{
   "source_x": "PMC",
   "title": "Comparison of the Luminex xTAG RVP Fast Assay and the Idaho Technology FilmArray RP Assay for Detection of Respiratory Viruses in Pediatric Patients at a Cancer Hospital",
   "doi": "http://dx.doi.org/10.1128/JCM.06186-11",
   "pmcid": "PMC3405573",
   "abstract": "Respiratory viruses are increasingly recognized as serious causes of morbidity and mortality in immunocompromised patients. The rapid and sensitive detection of respiratory viruses is essential for the early diagnosis and administration of appropriate antiviral therapy, as well as for the effective implementation of infection control measures. We compared the performance of two commercial assays, xTAG RVP Fast (Luminex Diagnostics, Toronto, Canada) and FilmArray RVP (FA RVP; Idaho Technology, Salt Lake City, UT), in pediatric patients at Memorial Sloan-Kettering Cancer Center. These assays detect the following viruses: respiratory syncytial virus; influenza A and B viruses; parainfluenza viruses 1, 2, 3, and 4; human metapneumovirus; adenovirus; enterovirus-rhinovirus; coronaviruses NL63, HKU1, 229E, and OC43; and bocavirus. We tested a total of 358 respiratory specimens from 173 pediatric patients previously tested by direct fluorescence assay (DFA) and viral culture. The overall detection rate (number of positive specimens/total specimens) for viruses tested by all methods was 24% for DFA/culture, 45% for xTAG RVP Fast, and 51% for FA RVP. The agreement between the two multiplex assays was 84.5%, and the difference in detection rate was statistically significant (P < 0.0001). Overall, the FA RVP assay was more sensitive than the xTAG RVP Fast assay and had a turnaround time of approximately 1 h. The sensitivity, simplicity, and random-access platform make FA RVP an excellent choice for laboratory on-demand service with low to medium volume.",
   "authors": [
      "['Babady, N. Esther', 'Mead, Peter', 'Stiles, Jeffrey', 'Brennan, Carrie', 'Li, Haijing', 'Shuptar, Susan', 'Stratton, Charles W.', 'Tang, Yi-Wei', 'Kamboj, Mini']"
   ],
   "id": "https://www.ncbi.nlm.nih.gov/pmc/articles/PMC3405573"
}