{
   "sha": "9ac01047c360e0def0d96adf2e59f6e5bd68b3b7",
   "source_x": "PMC",
   "title": "Photodynamic Antimicrobial Polymers for Infection Control",
   "doi": "10.1371/journal.pone.0108500",
   "pmcid": "PMC4177408",
   "pubmed_id": "25250740",
   "license": "cc-by",
   "abstract": "Hospital-acquired infections pose both a major risk to patient wellbeing and an economic burden on global healthcare systems, with the problem compounded by the emergence of multidrug resistant and biocide tolerant bacterial pathogens. Many inanimate surfaces can act as a reservoir for infection, and adequate disinfection is difficult to achieve and requires direct intervention. In this study we demonstrate the preparation and performance of materials with inherent photodynamic, surface-active, persistent antimicrobial properties through the incorporation of photosensitizers into high density poly(ethylene) (HDPE) using hot-melt extrusion, which require no external intervention except a source of visible light. Our aim is to prevent bacterial adherence to these surfaces and eliminate them as reservoirs of nosocomial pathogens, thus presenting a valuable advance in infection control. A two-layer system with one layer comprising photosensitizer-incorporated HDPE, and one layer comprising HDPE alone is also described to demonstrate the versatility of our approach. The photosensitizer-incorporated materials are capable of reducing the adherence of viable bacteria by up to 3.62 Log colony forming units (CFU) per square centimeter of material surface for methicillin resistant Staphylococcus aureus (MRSA), and by up to 1.51 Log CFU/cm(2) for Escherichia coli. Potential applications for the technology are in antimicrobial coatings for, or materials comprising objects, such as tubing, collection bags, handrails, finger-plates on hospital doors, or medical equipment found in the healthcare setting.",
   "publish_time": "2014 Sep 24",
   "authors": [
      "McCoy, Colin P.",
      "O\u2019Neil, Edward J.",
      "Cowley, John F.",
      "Carson, Louise",
      "De Bar\u00f3id, \u00c1ine T.",
      "Gdowski, Greg T.",
      "Gorman, Sean P.",
      "Jones, David S."
   ],
   "journal": "PLoS One",
   "has_full_text": "True",
   "full_text_file": "comm_use_subset",
   "id": "https://doi.org/10.1371/journal.pone.0108500",
   "pubtator": "PMC4177408",
   "fhir_link": [
      "Commercial/Composition/9ac01047c360e0def0d96adf2e59f6e5bd68b3b7"
   ]
}