{
   "sha": "241ba286b5b231ad009c7e9a28c85aacbdff49a9",
   "source_x": "PMC",
   "title": "Combined analysis of cell growth and apoptosis-regulating proteins in HPVs associated anogenital tumors",
   "doi": "http://dx.doi.org/10.1186/1471-2407-10-118",
   "pmcid": "PMC2868050",
   "pubmed_id": "20346172",
   "license": "CC BY",
   "abstract": "BACKGROUND: The clinical course of human papillomavirus (HPV) associated with Bowenoid papulosis and condyloma acuminatum of anogenital tumors are still unknown. Here we evaluated molecules that are relevant to cellular proliferation and regulation of apoptosis in HPV associated anogenital tumors. METHODS: We investigated the levels of telomerase activity, and inhibitor of apoptosis proteins (IAPs) family (c-IAP1, c-IAP2, XIAP) and c-Myc mRNA expression levels in 20 specimens of Bowenoid papulosis and 36 specimens of condyloma acuminatum in anogenital areas. Overall, phosphorylated (p-) AKT, p-ribosomal protein S6 (S6) and p-4E-binding protein 1 (4EBP1) expression levels were examined by immunohistochemistry in anogenital tumors both with and without positive telomerase activity. RESULTS: Positive telomerase activity was detected in 41.7% of Bowenoid papulosis and 27.3% of condyloma acuminatum compared to normal skin (p < 0.001). In contrast, the expression levels of Bowenoid papulosis indicated that c-IAP1, c-IAP2 and XIAP mRNA were significantly upregulated compared to those in both condyloma acuminatum samples (p < 0.001, p < 0.001, p = 0.022, respectively) and normal skin (p < 0.001, p = 0.002, p = 0.034, respectively). Overall, 30% of Bowenoid papulosis with high risk HPV strongly promoted IAPs family and c-Myc but condyloma acuminatum did not significantly activate those genes. Immunohistochemically, p-Akt and p-S6 expressions were associated with positive telomerase activity but not with p-4EBP1 expression. CONCLUSION: Combined analysis of the IAPs family, c-Myc mRNA expression, telomerase activity levels and p-Akt/p-S6 expressions may provide clinically relevant molecular markers in HPV associated anogenital tumors.",
   "publish_time": "2010 Mar 27",
   "authors": [
      "['Mitsuishi, Tsuyoshi', 'Iwabu, Yukie', 'Tokunaga, Kenzo', 'Sata, Tetsutaro', 'Kaneko, Takehiko', 'Ohara, Kuniaki', 'Ohsawa, Ikuroh', 'Oda, Fumino', 'Yamada, Yuko', 'Kawana, Seiji', 'Ozaki, Kohji', 'Nakatake, Mayuka', 'Yamada, Osamu']"
   ],
   "journal": "BMC Cancer",
   "has_full_text": "True",
   "id": "241ba286b5b231ad009c7e9a28c85aacbdff49a9",
   "fhir_link": "Commercial/Composition/241ba286b5b231ad009c7e9a28c85aacbdff49a9"
}