{
   "source_x": "CZI",
   "title": "Does SARS-CoV-2 has a longer incubation period than SARS and MERS?",
   "doi": "10.1002/jmv.25708",
   "abstract": "Abstract The outbreak of a novel coronavirus (SARS-CoV-2) since Dec 2019 in Wuhan, the major transportation hub in central China, became an emergency of major international concern. While several etiological studies have begun to reveal the specific biological features of this virus, the epidemic characteristics need to be elucidated. Notably, a long incubation time was reported to be associated with SARS-CoV-2 infection, leading to adjustments in screening and control policies. To avoid the risk of virus spread, all potentially exposed subjects are required to be isolated for 14 days, which is the longest predicted incubation time. However, based on our analysis of a larger dataset available so far, we find there is no observable difference between the incubation time for SARS-CoV-2, SARS and MERS, highlighting the need for larger and well annotated datasets. This article is protected by copyright. All rights reserved.",
   "publish_time": "2020",
   "authors": [
      "Jiang, Xuan",
      "Rayner, Simon",
      "Luo, Min-Hua"
   ],
   "journal": "Journal of Medical Virology",
   "Microsoft Academic Paper ID": "3005802419",
   "WHO #Covidence": "#857",
   "id": "https://doi.org/10.1002/jmv.25708"
}