{
   "sha": "a286d1120f3b36b22f1b9e4e6409cad9b8471370",
   "source_x": "PMC",
   "title": "Recognizing flu-like symptoms from videos",
   "doi": "10.1186/1471-2105-15-300",
   "pmcid": "PMC4180141",
   "pubmed_id": "25217118",
   "license": "cc-by",
   "abstract": "BACKGROUND: Vision-based surveillance and monitoring is a potential alternative for early detection of respiratory disease outbreaks in urban areas complementing molecular diagnostics and hospital and doctor visit-based alert systems. Visible actions representing typical flu-like symptoms include sneeze and cough that are associated with changing patterns of hand to head distances, among others. The technical difficulties lie in the high complexity and large variation of those actions as well as numerous similar background actions such as scratching head, cell phone use, eating, drinking and so on. RESULTS: In this paper, we make a first attempt at the challenging problem of recognizing flu-like symptoms from videos. Since there was no related dataset available, we created a new public health dataset for action recognition that includes two major flu-like symptom related actions (sneeze and cough) and a number of background actions. We also developed a suitable novel algorithm by introducing two types of Action Matching Kernels, where both types aim to integrate two aspects of local features, namely the space-time layout and the Bag-of-Words representations. In particular, we show that the Pyramid Match Kernel and Spatial Pyramid Matching are both special cases of our proposed kernels. Besides experimenting on standard testbed, the proposed algorithm is evaluated also on the new sneeze and cough set. Empirically, we observe that our approach achieves competitive performance compared to the state-of-the-arts, while recognition on the new public health dataset is shown to be a non-trivial task even with simple single person unobstructed view. CONCLUSIONS: Our sneeze and cough video dataset and newly developed action recognition algorithm is the first of its kind and aims to kick-start the field of action recognition of flu-like symptoms from videos. It will be challenging but necessary in future developments to consider more complex real-life scenario of detecting these actions simultaneously from multiple persons in possibly crowded environments.",
   "publish_time": "2014 Sep 12",
   "authors": [
      "Thi, Tuan Hue",
      "Wang, Li",
      "Ye, Ning",
      "Zhang, Jian",
      "Maurer-Stroh, Sebastian",
      "Cheng, Li"
   ],
   "journal": "BMC Bioinformatics",
   "has_full_text": "True",
   "full_text_file": "comm_use_subset",
   "id": "https://doi.org/10.1186/1471-2105-15-300",
   "pubtator": "PMC4180141",
   "fhir_link": [
      "Commercial/Composition/a286d1120f3b36b22f1b9e4e6409cad9b8471370"
   ]
}