{
   "sha": "1bbc62d0c5e165ad41e3afafe2183b849331b352",
   "source_x": "Elsevier",
   "title": "T Cell Responses during Acute Respiratory Virus Infection",
   "doi": "10.1016/B978-0-12-374279-7.14011-1",
   "license": "els-covid",
   "abstract": "Abstract The T cell response is an integral and essential part of the host immune response to acute virus infection. Each viral pathogen has unique, frequently nuanced, aspects to its replication, which affects the host response and as a consequence the capacity of the virus to produce disease. There are, however, common features to the T cell response to viruses, which produce acute limited infection. This is true whether virus replication is restricted to a single site, for example, the respiratory tract (RT), CNS etc., or replication is in multiple sites throughout the body. In describing below the acute T cell response to virus infection, we employ acute virus infection of the RT as a convenient model to explore this process of virus infection and the host response. We divide the process into three phases: the induction (initiation) of the response, the expression of antiviral effector activity resulting in virus elimination, and the resolution of inflammation with restoration of tissue homeostasis.",
   "publish_time": "2016-12-31",
   "authors": [
      "Kim, Taeg S.",
      "Sun, Jie",
      "Legge, Kevin L.",
      "Braciale, Thomas J."
   ],
   "journal": "Encyclopedia of Immunobiology",
   "has_full_text": "True",
   "full_text_file": "custom_license",
   "id": "https://doi.org/10.1016/B978-0-12-374279-7.14011-1",
   "fhir_link": [
      "PMC/Composition/1bbc62d0c5e165ad41e3afafe2183b849331b352"
   ]
}