{
   "source_x": "PMC",
   "title": "Microvesicles at the crossroads between infection and cardiovascular diseases",
   "doi": "http://dx.doi.org/10.1097/FJC.0b013e31820c6254",
   "pmcid": "PMC3090703",
   "abstract": "Observational and experimental studies continue to support the association of infection and infection-stimulated inflammation with development of cardiovascular disease (CVD) including atherosclerosis and thrombosis. Microvesicles (MV) are heterogeneous populations of sealed membrane-derived vesicles shed into circulation by activated mammalian cells and/or pathogenic microbes that may represent an interface between bacterial/microbial infection and increased risk of CVD. This review evaluates how MV act to modulate and intersect immunological and inflammatory responses to infection with particular attention to progression of CVD. While infection-related stimuli provoke release of MV from blood and vascular cells, MV express phosphatidylserine (PS) and other procoagulant factors on their surface which initiate and amplify blood coagulation. In addition, MV mediate cell-cell adhesion which may stimulate production of pro-inflammatory cytokines in vascular cells, which in turn aggravate progression of CVD and propagate atherothrombosis. MV transfer membrane receptors, RNA and proteins among cells, and present auto-antigens from their cells of origin to proximal or remote target cells. Because MV harbor cell surface proteins and contain cytoplasmic components of the parent cell, they mediate biological messages and play a pivotal role in the crossroad between infection-stimulated inflammation and cardiovascular diseases.",
   "authors": [
      "['Xiong, Jing', 'Miller, Virginia M.', 'Li, Yunman', 'Jayachandran, Muthuvel']"
   ],
   "id": "https://www.ncbi.nlm.nih.gov/pmc/articles/PMC3090703"
}