{
   "sha": "d66311a0656685a7a39bd82b24ac3cb16c17ecfa",
   "source_x": "Elsevier",
   "title": "Replacement Management in Cattle | Breeding Standards and Pregnancy Management",
   "doi": "10.1016/B978-0-12-374407-4.00446-5",
   "license": "els-covid",
   "abstract": "Rearing replacement heifers is part of herd survivability and represents 15\u201320% of total farm costs. Proper attention to the growth of heifers is paramount to producing heifers that achieve adequate stature and body weight before first breeding and calving. Timely entry of heifers into the milking herd by 2 years of age, or their first eligible calving season in seasonal pasture-based dairy enterprises, can be facilitated by applying synchronization of estrus and ovulation in addition to traditional detection of estrus by visual or other means. Because fertility is better in heifers than in lactating cows, artificial insemination of heifers with semen from the best available progeny-tested bulls is a wise investment to ensure genetic gain of economically important traits. Annual culling rates of 25\u201333% necessitate a supply of herd replacement heifers. Application of gender-biased semen to produce more female offspring is also warranted for increasing the replacement population. The main goal of a heifer replacement program is to develop heifers at minimal cost and in a timely manner to obtain heifers of desired size and body weight so that they attain puberty, establish pregnancy, calve easily, and achieve their maximum genetic lifetime milk production as cows.",
   "publish_time": "2011-12-31",
   "authors": [
      "Stevenson, J.S.",
      "Ahmadzadeh, A."
   ],
   "journal": "Encyclopedia of Dairy Sciences",
   "has_full_text": "True",
   "full_text_file": "custom_license",
   "id": "https://doi.org/10.1016/B978-0-12-374407-4.00446-5",
   "fhir_link": [
      "PMC/Composition/d66311a0656685a7a39bd82b24ac3cb16c17ecfa"
   ]
}