{
   "sha": "b70653608d4d8838aaf1dae4e710fa03a858df43",
   "source_x": "PMC",
   "title": "The Highly Conserved Codon following the Slippery Sequence Supports \u22121 Frameshift Efficiency at the HIV-1 Frameshift Site",
   "doi": "10.1371/journal.pone.0122176",
   "pmcid": "PMC4373837",
   "pubmed_id": "25807539",
   "license": "cc-by",
   "abstract": "HIV-1 utilises \u22121 programmed ribosomal frameshifting to translate structural and enzymatic domains in a defined proportion required for replication. A slippery sequence, U UUU UUA, and a stem-loop are well-defined RNA features modulating \u22121 frameshifting in HIV-1. The GGG glycine codon immediately following the slippery sequence (the \u2018intercodon\u2019) contributes structurally to the start of the stem-loop but has no defined role in current models of the frameshift mechanism, as slippage is inferred to occur before the intercodon has reached the ribosomal decoding site. This GGG codon is highly conserved in natural isolates of HIV. When the natural intercodon was replaced with a stop codon two different decoding molecules\u2014eRF1 protein or a cognate suppressor tRNA\u2014were able to access and decode the intercodon prior to \u22121 frameshifting. This implies significant slippage occurs when the intercodon is in the (perhaps distorted) ribosomal A site. We accommodate the influence of the intercodon in a model of frame maintenance versus frameshifting in HIV-1.",
   "publish_time": "2015 Mar 25",
   "authors": [
      "Mathew, Suneeth F.",
      "Crowe-McAuliffe, Caillan",
      "Graves, Ryan",
      "Cardno, Tony S.",
      "McKinney, Cushla",
      "Poole, Elizabeth S.",
      "Tate, Warren P."
   ],
   "journal": "PLoS One",
   "has_full_text": "True",
   "full_text_file": "comm_use_subset",
   "id": "https://doi.org/10.1371/journal.pone.0122176",
   "pubtator": "PMC4373837",
   "fhir_link": [
      "Commercial/Composition/b70653608d4d8838aaf1dae4e710fa03a858df43"
   ]
}