{
   "sha": "6ce5b9aac3338153eaf845252d28c3f06a0fb014",
   "source_x": "PMC",
   "title": "Adenovirus and Herpesvirus Diversity in Free-Ranging Great Apes in the Sangha Region of the Republic of Congo",
   "doi": "10.1371/journal.pone.0118543",
   "pmcid": "PMC4362762",
   "pubmed_id": "25781992",
   "license": "cc-by",
   "abstract": "Infectious diseases have caused die-offs in both free-ranging gorillas and chimpanzees. Understanding pathogen diversity and disease ecology is therefore critical for conserving these endangered animals. To determine viral diversity in free-ranging, non-habituated gorillas and chimpanzees in the Republic of Congo, genetic testing was performed on great-ape fecal samples collected near Odzala-Kokoua National Park. Samples were analyzed to determine ape species, identify individuals in the population, and to test for the presence of herpesviruses, adenoviruses, poxviruses, bocaviruses, flaviviruses, paramyxoviruses, coronaviruses, filoviruses, and simian immunodeficiency virus (SIV). We identified 19 DNA viruses representing two viral families, Herpesviridae and Adenoviridae, of which three herpesviruses had not been previously described. Co-detections of multiple herpesviruses and/or adenoviruses were present in both gorillas and chimpanzees. Cytomegalovirus (CMV) and lymphocryptovirus (LCV) were found primarily in the context of co-association with each other and adenoviruses. Using viral discovery curves for herpesviruses and adenoviruses, the total viral richness in the sample population of gorillas and chimpanzees was estimated to be a minimum of 23 viruses, corresponding to a detection rate of 83%. These findings represent the first description of DNA viral diversity in feces from free-ranging gorillas and chimpanzees in or near the Odzala-Kokoua National Park and form a basis for understanding the types of viruses circulating among great apes in this region.",
   "publish_time": "2015 Mar 17",
   "authors": [
      "Seimon, Tracie A.",
      "Olson, Sarah H.",
      "Lee, Kerry Jo",
      "Rosen, Gail",
      "Ondzie, Alain",
      "Cameron, Kenneth",
      "Reed, Patricia",
      "Anthony, Simon J.",
      "Joly, Damien O.",
      "McAloose, Denise",
      "Lipkin, W. Ian"
   ],
   "journal": "PLoS One",
   "has_full_text": "True",
   "full_text_file": "comm_use_subset",
   "id": "https://doi.org/10.1371/journal.pone.0118543",
   "pubtator": "PMC4362762",
   "fhir_link": [
      "Commercial/Composition/6ce5b9aac3338153eaf845252d28c3f06a0fb014"
   ]
}