{
   "source_x": "PMC",
   "title": "Regulation of the nucleocytoplasmic trafficking of viral and cellular proteins by ubiquitin and small ubiquitin-related modifiers",
   "doi": "http://dx.doi.org/10.1111/boc.201100105",
   "pmcid": "PMC3625690",
   "abstract": "Nucleocytoplasmic trafficking of many cellular proteins is regulated by nuclear import/export signals as well as post-translational modifications such as covalent conjugation of ubiquitin and small ubiquitin-related modifiers (SUMOs). Ubiquitination and SUMOylation are rapid and reversible ways to modulate the intracellular localisation and function of substrate proteins. These pathways have been co-opted by some viruses, which depend on the host cell machinery to transport their proteins in and out of the nucleus. In this review, we will summarise our current knowledge on the ubiquitin/SUMO-regulated nuclear/subnuclear trafficking of cellular proteins and describe examples of viral exploitation of these pathways.",
   "authors": [
      "['Wang, Yao E.', 'Pernet, Olivier', 'Lee, Benhur']"
   ],
   "id": "https://www.ncbi.nlm.nih.gov/pmc/articles/PMC3625690"
}