{
   "sha": "3faebf3f78e4b42abd134372119fde0ed298fa4b",
   "source_x": "PMC",
   "title": "Cleavage of Dicer Protein by I7 Protease during Vaccinia Virus Infection",
   "doi": "10.1371/journal.pone.0120390",
   "pmcid": "PMC4376780",
   "pubmed_id": "25815818",
   "license": "cc-by",
   "abstract": "Dicer is the key component in the miRNA pathway. Degradation of Dicer protein is facilitated during vaccinia virus (VV) infection. A C-terminal cleaved product of Dicer protein was detected in the presence of MG132 during VV infection. Thus, it is possible that Dicer protein is cleaved by a viral protease followed by proteasome degradation of the cleaved product. There is a potential I7 protease cleavage site in the C-terminus of Dicer protein. Indeed, reduction of Dicer protein was detected when Dicer was co-expressed with I7 protease but not with an I7 protease mutant protein lack of the protease activity. Mutation of the potential I7 cleavage site in the C-terminus of Dicer protein resisted its degradation during VV infection. Furthermore, Dicer protein was reduced dramatically by recombinant VV vI7Li after the induction of I7 protease. If VV could facilitate the degradation of Dicer protein, the process of miRNA should be affected by VV infection. Indeed, accumulation of precursor miR122 was detected after VV infection or I7 protease expression. Reduction of miR122 would result in the suppression of HCV sub-genomic RNA replication, and, in turn, the amount of viral proteins. As expected, significant reduction of HCVNS5A protein was detected after VV infection and I7 protease expression. Therefore, our results suggest that VV could cleave Dicer protein through I7 protease to facilitate Dicer degradation, and in turn, suppress the processing of miRNAs. Effect of Dicer protein on VV replication was also studied. Exogenous expression of Dicer protein suppresses VV replication slightly while knockdown of Dicer protein does not affect VV replication significantly.",
   "publish_time": "2015 Mar 27",
   "authors": [
      "Chen, Jhih-Si",
      "Li, Hui-Chun",
      "Lin, Shu-I",
      "Yang, Chee-Hing",
      "Chien, Wan-Yu",
      "Syu, Ciao-Ling",
      "Lo, Shih-Yen"
   ],
   "journal": "PLoS One",
   "has_full_text": "True",
   "full_text_file": "comm_use_subset",
   "id": "https://doi.org/10.1371/journal.pone.0120390",
   "pubtator": "PMC4376780",
   "fhir_link": [
      "Commercial/Composition/3faebf3f78e4b42abd134372119fde0ed298fa4b"
   ]
}