{
   "sha": "3bc7abde53bcbdc7ca555c835d5ad34a67941a80",
   "source_x": "PMC",
   "title": "The eEF1A Proteins: At the Crossroads of Oncogenesis, Apoptosis, and Viral Infections",
   "doi": "10.3389/fonc.2015.00075",
   "pmcid": "PMC4387925",
   "pubmed_id": "25905039",
   "license": "cc-by",
   "abstract": "Eukaryotic translation elongation factors 1 alpha, eEF1A1 and eEF1A2, are not only translation factors but also pleiotropic proteins that are highly expressed in human tumors, including breast cancer, ovarian cancer, and lung cancer. eEF1A1 modulates cytoskeleton, exhibits chaperone-like activity and also controls cell proliferation and cell death. In contrast, eEF1A2 protein favors oncogenesis as shown by the fact that overexpression of eEF1A2 leads to cellular transformation and gives rise to tumors in nude mice. The eEF1A2 protein stimulates the phospholipid signaling and activates the Akt-dependent cell migration and actin remodeling that ultimately favors tumorigenesis. In contrast, inactivation of eEF1A proteins leads to immunodeficiency, neural and muscular defects, and favors apoptosis. Finally, eEF1A proteins interact with several viral proteins resulting in enhanced viral replication, decreased apoptosis, and increased cellular transformation. This review summarizes the recent findings on eEF1A proteins indicating that eEF1A proteins play a critical role in numerous human diseases through enhancement of oncogenesis, blockade of apoptosis, and increased viral pathogenesis.",
   "publish_time": "2015 Apr 7",
   "authors": [
      "Abbas, Wasim",
      "Kumar, Amit",
      "Herbein, Georges"
   ],
   "journal": "Front Oncol",
   "has_full_text": "True",
   "full_text_file": "comm_use_subset",
   "id": "https://doi.org/10.3389/fonc.2015.00075",
   "pubtator": "PMC4387925",
   "fhir_link": [
      "Commercial/Composition/3bc7abde53bcbdc7ca555c835d5ad34a67941a80"
   ]
}