{
   "source_x": "PMC",
   "title": "Toxoplasma gondii HLA-B*0702 restricted GRA7(20\u201328) peptide with adjuvants and an universal helper T cell epitope elicits CD8(+) T cells producing IFN-\u03b3 and reduces parasite burden in HLA-B*0702 mice",
   "doi": "http://dx.doi.org/10.1016/j.humimm.2011.10.006",
   "pmcid": "PMC3246109",
   "abstract": "Ability of CD8(+) T cells to act as cytolytic effectors and produce IFN-\u03b3 was shown to mediate resistance to Toxoplasma gondii in murine models due to recognition of peptides restricted by murine MHC Class I molecules. However, no T. gondii specific HLA-B07 restricted peptides were proven protective against T gondii. Recently, two T gondii-specific HLA-B*0702-restricted T cell epitopes, GRA7(20\u201328) (LPQFATAAT) and GRA3(27\u201335) (VPFVVFLVA), displayed high-affinity binding to HLA-B*0702, and elicited IFN-\u03b3 from PBMCs of seropositive HLA-B*0702 persons. Herein, these peptides were evaluated to determine whether they could elicit IFN-\u03b3 in splenocytes of HLA-B*0702 transgenic mice when administered with adjuvants and protect against subsequent challenge. Peptide-specific IFN-\u03b3 producing T cells were identified by ELISPOT and proliferation assays utilizing splenic T lymphocytes from HLA transgenic mice. When HLA-B*0702 mice were immunized with one of the epitopes identified, GRA7(20\u201328) in conjunction with a universal CD4(+) T cell epitope (PADRE) and adjuvants (CD4(+) T cell adjuvant, GLA-SE, and TLR2 stimulatory Pam(2)Cys for CD8(+) T cells), this immunization induced CD8(+) T cells to produce IFN-\u03b3 and protected mice against high parasite burden when challenged with T gondii. This work demonstrates feasibility of bioinformatics followed by an empirical approach based on HLA binding to test this biological activity for identifying protective HLA-B*0702 restricted T gondii peptides and adjuvants that elicit protective immune responses in HLA-B*0702 mice.",
   "authors": [
      "['Cong, Hua', 'Mui, Ernest J.', 'Witola, William H.', 'Sidney, John', 'Alexander, Jeff', 'Sette, Alessandro', 'Maewal, Ajesh', 'El Bissati, Kamal', 'Zhou, Ying', 'Suzuki, Yasuhiro', 'Lee, Daniel', 'Woods, Stuart', 'Sommerville, Caroline', 'Henriquez, Fiona', 'W.Roberts, Craig', 'McLeod, Rima']"
   ],
   "id": "https://www.ncbi.nlm.nih.gov/pmc/articles/PMC3246109"
}