{
   "sha": "af728043c4fdbde717229134e2cd8bada6760176",
   "source_x": "PMC",
   "title": "Development of a real-time reverse transcription loop-mediated isothermal amplification method for the rapid detection of porcine epidemic diarrhea virus",
   "doi": "10.1186/s12985-015-0297-1",
   "pmcid": "PMC4459462",
   "pubmed_id": "25972083",
   "license": "cc-by",
   "abstract": "BACKGROUND: Porcine epidemic diarrhea (PED) is an acute and highly contagious enteric disease characterized by severe enteritis, vomiting and watery diarrhea in swine. Recently, the outbreak of the epidemic disease has been a serious problem in swine industry. The objective of this study is to develop a rapid, sensitive, and real-time reverse transcription loop-mediated isothermal amplification (RT-LAMP) method for the detection of porcine epidemic diarrhea virus (PEDV) in less equipped laboratories. RESULTS: The optimal reaction condition of the current real-time RT-LAMP for PEDV was 62 \u00b0C for 45 min. It was capable of detecting PEDV from clinical samples and differentiating PEDV from several related porcine viruses, while it did not require additional expensive equipment. The minimum detection limit of the real-time RT-LAMP assay was 0.07PFU per reaction for PEDV RNA, making this assay approximately 100-fold more sensitive than that of one-step RT-PCR. By screening a panel of clinical specimens, the results showed that this method presented a similar sensitivity with real-time RT-PCR and was somewhat sensitive than one-step RT-PCR in detection of clinical samples. CONCLUSIONS: In this study, we have developed a new real-time RT-LAMP method, which is rapid, sensitive and efficient to detect PEDV.This method holds great promises not only in laboratory detection and discrimination of PEDV but also in large scale field and clinical studies.",
   "publish_time": "2015 May 14",
   "authors": [
      "Yu, Xuewu",
      "Shi, Lin",
      "Lv, Xiaoping",
      "Yao, Wei",
      "Cao, Minghui",
      "Yu, Hanxun",
      "Wang, Xiurong",
      "Zheng, Shimin"
   ],
   "journal": "Virol J",
   "has_full_text": "True",
   "full_text_file": "comm_use_subset",
   "id": "https://doi.org/10.1186/s12985-015-0297-1",
   "pubtator": "PMC4459462",
   "fhir_link": [
      "Commercial/Composition/af728043c4fdbde717229134e2cd8bada6760176"
   ]
}