{
   "sha": "ff6f7ec41fcfb1353aea25253c33ae25469f6a07",
   "source_x": "PMC",
   "title": "Risky Bodies in the Plasma Bioeconomy: A Feminist Analysis",
   "doi": "10.1177/1357034X13520331",
   "pmcid": "PMC4467286",
   "pubmed_id": "26097401",
   "license": "cc-by",
   "abstract": "In 2003 the UK National Blood Service introduced a policy of \u2018male donor preference\u2019 which involved women\u2019s plasma being discarded following blood collection. The policy was based on the view that data relating to the incidence of Transfusion-Related Acute Lung Injury (TRALI) was linked to transfusion with women\u2019s plasma. While appearing to treat female donors as equal to male donors, exclusion criteria operate after donation at the stage of processing blood, thus perpetuating myths of universality even though only certain \u2018extractions\u2019 from women are retained for use in transfusion. Many women in the UK receive a plasma-derived product called Anti-D immunoglobulin which is manufactured from pooled male plasma. This article examines ways in which gender has significance for understanding blood relations, and how the blood economy is gendered. In our study of relations between blood donors and recipients, we explore how gendered bodies are produced through the discursive and material practices within blood services. We examine both how donation policies and the manufacturing and use of blood products produces gendered blood relations.",
   "publish_time": "2015 Mar",
   "authors": [
      "Kent, Julie",
      "Farrell, Anne-Maree"
   ],
   "journal": "Body Soc",
   "has_full_text": "True",
   "full_text_file": "comm_use_subset",
   "id": "https://doi.org/10.1177/1357034X13520331",
   "pubtator": "PMC4467286",
   "fhir_link": [
      "Commercial/Composition/ff6f7ec41fcfb1353aea25253c33ae25469f6a07"
   ]
}