{
   "source_x": "PMC",
   "title": "Peak Oil, Urban Form, and Public Health: Exploring the Connections",
   "doi": "http://dx.doi.org/10.2105/AJPH.2011.300192",
   "pmcid": "PMC3154239",
   "abstract": "We assessed the relationships between peak oil and urban form, travel behavior, and public health. Peak oil will affect the general economy, travel behavior, and urban form through income and substitution effects; however, because of the wide range of substitution possibilities, the impacts are likely to be gradual and relatively small. Furthermore, we suggest that changes in travel behavior and increases in urban density will have both favorable and unfavorable effects on public health. To mitigate the adverse impacts and to maximize the positive effects of peak oil, we recommend that careful attention should be paid to urban design and public health responses for a range of urbanization patterns.",
   "authors": [
      "['Kaza, Nikhil', 'Knaap, Gerrit-Jan', 'Knaap, Isolde', 'Lewis, Rebecca']"
   ],
   "id": "https://www.ncbi.nlm.nih.gov/pmc/articles/PMC3154239"
}