{
   "sha": "c24060d084e314b214e061995b5528b2e0071e31",
   "source_x": "PMC",
   "title": "CXCR2 Signaling Protects Oligodendrocytes and Restricts Demyelination in a Mouse Model of Viral-Induced Demyelination",
   "doi": "http://dx.doi.org/10.1371/journal.pone.0011340",
   "pmcid": "PMC2893165",
   "pubmed_id": "20596532",
   "license": "CC BY",
   "abstract": "BACKGROUND: The functional role of ELR-positive CXC chemokines during viral \u2013 induced demyelination was assessed. Inoculation of the neuroattenuated JHM strain of mouse hepatitis virus (JHMV) into the CNS of susceptible mice results in an acute encephalomyelitis that evolves into a chronic demyelinating disease, modeling white matter pathology observed in the human demyelinating disease Multiple Sclerosis. METHODOLOGY/PRINCIPAL FINDINGS: JHMV infection induced the rapid and sustained expression of transcripts specific for the ELR (+) chemokine ligands CXCL1 and CXCL2, as well as their binding receptor CXCR2, which was enriched within the spinal cord during chronic infection. Inhibiting CXCR2 signaling with neutralizing antiserum significantly (p<0.03) delayed clinical recovery. Moreover, CXCR2 neutralization was associated with an increase in the severity of demyelination that was independent of viral recrudescence or modulation of neuroinflammation. Rather, blocking CXCR2 was associated with increased numbers of apoptotic cells primarily within white matter tracts, suggesting that oligodendrocytes were affected. JHMV infection of enriched oligodendrocyte progenitor cell (OPC) cultures revealed that apoptosis was associated with elevated expression of cleaved caspase 3 and muted Bcl-2 expression. Inclusion of CXCL1 within JHMV infected cultures restricted caspase 3 cleavage and increased Bcl-2 expression that was associated with a significant (p<0.001) decrease in apoptosis. CXCR2 deficient oligodendrocytes were refractory to CXCL1 mediated protection from JHMV \u2013 induced apoptosis, readily activating caspase 3 and down regulating Bcl-2. CONCLUSION/SIGNIFICANCE: These findings highlight a previously unappreciated role for CXCR2 signaling in protecting oligodendrocyte lineage cells from apoptosis during inflammatory demyelination initiated by viral infection of the CNS.",
   "publish_time": "2010 Jun 28",
   "authors": [
      "['Hosking, Martin P.', 'Tirotta, Emanuele', 'Ransohoff, Richard M.', 'Lane, Thomas E.']"
   ],
   "journal": "PLoS One",
   "has_full_text": "True",
   "id": "c24060d084e314b214e061995b5528b2e0071e31",
   "fhir_link": "Commercial/Composition/c24060d084e314b214e061995b5528b2e0071e31.json"
}