{
   "source_x": "PMC",
   "title": "Chikungunya virus emergence is constrained in Asia by lineage-specific adaptive landscapes",
   "doi": "http://dx.doi.org/10.1073/pnas.1018344108",
   "pmcid": "PMC3093459",
   "abstract": "Adaptation of RNA viruses to a new host or vector species often results in emergence of new viral lineages. However, lineage-specific restrictions on the adaptive processes remain largely unexplored. Recently, a Chikungunya virus (CHIKV) lineage of African origin emerged to cause major epidemics of severe, persistent, debilitating arthralgia in Africa and Asia. Surprisingly, this new lineage is actively replacing endemic strains in Southeast Asia that have been circulating there for 60 y. This replacement process is associated with adaptation of the invasive CHIKV strains to an atypical vector, the Aedes albopictus mosquito that is ubiquitously distributed in the region. Here we demonstrate that lineage-specific epistatic interactions between substitutions at amino acid positions 226 and 98 of the E1 envelope glycoprotein, the latter of which likely resulted from a founder effect, have for 60 y restricted the ability of endemic Asian CHIKV strains to adapt to this new vector. This adaptive constraint appears to be allowing invasion of the unoccupied vector niche by Ae. albopictus-adapted African strains. These results underscore how different adaptive landscapes occupied by closely related viral genotypes can profoundly affect the outcome of viral evolution and disease emergence.",
   "authors": [
      "['Tsetsarkin, Konstantin A.', 'Chen, Rubing', 'Leal, Grace', 'Forrester, Naomi', 'Higgs, Stephen', 'Huang, Jing', 'Weaver, Scott C.']"
   ],
   "id": "https://www.ncbi.nlm.nih.gov/pmc/articles/PMC3093459"
}