{
   "sha": "c16ef70e46b997661c4aef194fd79c1b902a3c39",
   "source_x": "PMC",
   "title": "Do citation trends reflect epidemiologic patterns? Assessing MRSA, emerging and re-emerging pathogens, 1963\u20132014",
   "doi": "10.1186/s12879-015-1182-7",
   "pmcid": "PMC4621863",
   "pubmed_id": "26502873",
   "license": "cc-by",
   "abstract": "BACKGROUND: A rapid rise in PubMed citations on methicillin-resistant Staphylococcus aureus (MRSA) occurred after 2000, but the relationship of trends in citation to epidemiologic trends for infectious disease is not known. METHODS: We queried PubMed(R), for citations to the following: MRSA, HIV/AIDS, Staphylococcus aureus, severe acute respiratory syndrome, Lyme disease, avian influenza, West Nile virus, Chikungunya, Ebola virus and Middle Eastern respiratory syndrome. Incidence or mortality data were tabulated. RESULTS: We identified 560,225 citations in 1963\u20132014. There were two distinct qualitative citation patterns. Type I pathogens showed a decade of initial exponential growth. Type II pathogens showed a sudden spike in citations in a year or two, followed by a relative decline. MRSA most closely resembled a Type I pathogen. CONCLUSIONS: The Type I pattern pathogens had varied trends in disease incidence in the years following the exponential growth and subsequent decline in the number of citations. Their differing epidemiologic patterns did not correlate with their pattern of citations. We conclude that citation trends on MRSA cannot be used to determine past epidemiologic trends and also that the citation trend for MRSA in 1995\u20132011 most closely resembled that for HIV in 1981\u20131998.",
   "publish_time": "2015 Oct 26",
   "authors": [
      "Morgan, Ethan",
      "David, Michael Z."
   ],
   "journal": "BMC Infect Dis",
   "has_full_text": "True",
   "full_text_file": "comm_use_subset",
   "id": "https://doi.org/10.1186/s12879-015-1182-7",
   "pubtator": "PMC4621863",
   "fhir_link": [
      "Commercial/Composition/c16ef70e46b997661c4aef194fd79c1b902a3c39"
   ]
}