{
   "sha": "87c6c45d9946889a9a3551b31adff4c32c6c237e",
   "source_x": "PMC",
   "title": "Identification of the Mechanisms Causing Reversion to Virulence in an Attenuated SARS-CoV for the Design of a Genetically Stable Vaccine",
   "doi": "10.1371/journal.ppat.1005215",
   "pmcid": "PMC4626112",
   "pubmed_id": "26513244",
   "license": "cc-by",
   "abstract": "A SARS-CoV lacking the full-length E gene (SARS-CoV-\u2206E) was attenuated and an effective vaccine. Here, we show that this mutant virus regained fitness after serial passages in cell culture or in vivo, resulting in the partial duplication of the membrane gene or in the insertion of a new sequence in gene 8a, respectively. The chimeric proteins generated in cell culture increased virus fitness in vitro but remained attenuated in mice. In contrast, during SARS-CoV-\u2206E passage in mice, the virus incorporated a mutated variant of 8a protein, resulting in reversion to a virulent phenotype. When the full-length E protein was deleted or its PDZ-binding motif (PBM) was mutated, the revertant viruses either incorporated a novel chimeric protein with a PBM or restored the sequence of the PBM on the E protein, respectively. Similarly, after passage in mice, SARS-CoV-\u2206E protein 8a mutated, to now encode a PBM, and also regained virulence. These data indicated that the virus requires a PBM on a transmembrane protein to compensate for removal of this motif from the E protein. To increase the genetic stability of the vaccine candidate, we introduced small attenuating deletions in E gene that did not affect the endogenous PBM, preventing the incorporation of novel chimeric proteins in the virus genome. In addition, to increase vaccine biosafety, we introduced additional attenuating mutations into the nsp1 protein. Deletions in the carboxy-terminal region of nsp1 protein led to higher host interferon responses and virus attenuation. Recombinant viruses including attenuating mutations in E and nsp1 genes maintained their attenuation after passage in vitro and in vivo. Further, these viruses fully protected mice against challenge with the lethal parental virus, and are therefore safe and stable vaccine candidates for protection against SARS-CoV.",
   "publish_time": "2015 Oct 29",
   "authors": [
      "Jimenez-Guarde\u00f1o, Jose M.",
      "Regla-Nava, Jose A.",
      "Nieto-Torres, Jose L.",
      "DeDiego, Marta L.",
      "Casta\u00f1o-Rodriguez, Carlos",
      "Fernandez-Delgado, Raul",
      "Perlman, Stanley",
      "Enjuanes, Luis"
   ],
   "journal": "PLoS Pathog",
   "has_full_text": "True",
   "full_text_file": "comm_use_subset",
   "id": "https://doi.org/10.1371/journal.ppat.1005215",
   "pubtator": "PMC4626112",
   "fhir_link": [
      "Commercial/Composition/87c6c45d9946889a9a3551b31adff4c32c6c237e"
   ]
}