{
   "sha": "f6a6f1fcc991eaf6e733d88adb25a3a7a8e65546",
   "source_x": "PMC",
   "title": "Sequence and Structure Analysis of Distantly-Related Viruses Reveals Extensive Gene Transfer between Viruses and Hosts and among Viruses",
   "doi": "10.3390/v7102882",
   "pmcid": "PMC4632390",
   "pubmed_id": "26492264",
   "license": "cc-by",
   "abstract": "The origin and evolution of viruses is a subject of ongoing debate. In this study, we provide a full account of the evolutionary relationships between proteins of significant sequence and structural similarity found in viruses that belong to different classes according to the Baltimore classification. We show that such proteins can be found in viruses from all Baltimore classes. For protein families that include these proteins, we observe two patterns of the taxonomic spread. In the first pattern, they can be found in a large number of viruses from all implicated Baltimore classes. In the other pattern, the instances of the corresponding protein in species from each Baltimore class are restricted to a few compact clades. Proteins with the first pattern of distribution are products of so-called viral hallmark genes reported previously. Additionally, this pattern is displayed by the envelope glycoproteins from Flaviviridae and Bunyaviridae and helicases of superfamilies 1 and 2 that have homologs in cellular organisms. The second pattern can often be explained by horizontal gene transfer from the host or between viruses, an example being Orthomyxoviridae and Coronaviridae hemagglutinin esterases. Another facet of horizontal gene transfer comprises multiple independent introduction events of genes from cellular organisms into otherwise unrelated viruses.",
   "publish_time": "2015 Oct 19",
   "authors": [
      "Caprari, Silvia",
      "Metzler, Saskia",
      "Lengauer, Thomas",
      "Kalinina, Olga V."
   ],
   "journal": "Viruses",
   "has_full_text": "True",
   "full_text_file": "comm_use_subset",
   "id": "https://doi.org/10.3390/v7102882",
   "pubtator": "PMC4632390",
   "fhir_link": [
      "Commercial/Composition/f6a6f1fcc991eaf6e733d88adb25a3a7a8e65546"
   ]
}