{
   "source_x": "PMC",
   "title": "Serum Cytokine Responses in Primary Pneumonic Plague Patients",
   "doi": "http://dx.doi.org/10.1128/CVI.00386-10",
   "pmcid": "PMC3019782",
   "abstract": "The serum levels of interleukin-2 (IL-2), gamma interferon (IFN-\u03b3), tumor necrosis factor alpha (TNF-\u03b1), IL-4, IL-6, and IL-10 of pneumonic plague patients were determined by enzyme-linked immunosorbent assay. IL-6 was the only elevated cytokine in the patients, and its level increased with a clear time course, indicating that IL-6 might be a prognostic marker for predicting the progression of plague.",
   "authors": [
      "['Wang, Xiaoyi', 'Wang, Zuyun', 'Guo, Zhaobiao', 'Wei, Baiqing', 'Tian, Fuzhang', 'Yu, Shouhong', 'Wang, Haoran', 'Wang, Hu', 'Yang, Ruifu']"
   ],
   "id": "https://www.ncbi.nlm.nih.gov/pmc/articles/PMC3019782"
}