{
   "sha": "58a0105289bbee3214a3fe6494ba86fce867df3a",
   "source_x": "PMC",
   "title": "Heterologous Immunity between Adenoviruses and Hepatitis C Virus: A New Paradigm in HCV Immunity and Vaccines",
   "doi": "10.1371/journal.pone.0146404",
   "pmcid": "PMC4709057",
   "pubmed_id": "26751211",
   "license": "cc-by",
   "abstract": "Adenoviruses (Ad) are commonly used as vectors for gene therapy and/or vaccine delivery. Recombinant Ad vectors are being tested as vaccines for many pathogens. We have made a surprising observation that peptides derived from various hepatitis C virus (HCV) antigens contain extensive regions of homology with multiple adenovirus proteins, and conclusively demonstrate that adenovirus vector can induce robust, heterologous cellular and humoral immune responses against multiple HCV antigens. Intriguingly, the induction of this cross-reactive immunity leads to significant reduction of viral loads in a recombinant vaccinia-HCV virus infected mouse model, supporting their role in antiviral immunity against HCV. Healthy human subjects with Ad-specific pre-existing immunity demonstrated cross-reactive cellular and humoral immune responses against multiple HCV antigens. These findings reveal the potential of a previously uncharacterized property of natural human adenovirus infection to dictate, modulate and/or alter the course of HCV infection upon exposure. This intrinsic property of adenovirus vectors to cross-prime HCV immunity can also be exploited to develop a prophylactic and/or therapeutic vaccine against HCV.",
   "publish_time": "2016 Jan 11",
   "authors": [
      "Singh, Shakti",
      "Vedi, Satish",
      "Samrat, Subodh Kumar",
      "Li, Wen",
      "Kumar, Rakesh",
      "Agrawal, Babita"
   ],
   "journal": "PLoS One",
   "has_full_text": "True",
   "full_text_file": "comm_use_subset",
   "id": "https://doi.org/10.1371/journal.pone.0146404",
   "pubtator": "PMC4709057",
   "fhir_link": [
      "Commercial/Composition/58a0105289bbee3214a3fe6494ba86fce867df3a"
   ]
}