{
   "sha": "8dc3e3104105b1c360fdfe01de88e4f35d6977d0",
   "source_x": "PMC",
   "title": "A Highly Efficient and Simple Construction Strategy for Producing Recombinant Baculovirus Bombyx mori Nucleopolyhedrovirus",
   "doi": "10.1371/journal.pone.0152140",
   "pmcid": "PMC4805210",
   "pubmed_id": "27008267",
   "license": "cc-by",
   "abstract": "The silkworm baculovirus expression system is widely used to produce recombinant proteins. Several strategies for constructing recombinant viruses that contain foreign genes have been reported. Here, we developed a novel defective-rescue BmNPV Bacmid (reBmBac) expression system. A CopyControl origin of replication was introduced into the viral genome to facilitate its genetic manipulation in Escherichia coli and to ensure the preparation of large amounts of high quality reBmBac DNA as well as high quality recombinant baculoviruses. The ORF1629, cathepsin and chitinase genes were partially deleted or rendered defective to improve the efficiency of recombinant baculovirus generation and the expression of foreign genes. The system was validated by the successful expression of luciferase reporter gene and porcine interferon \u03b3. This system can be used to produce batches of recombinant baculoviruses and target proteins rapidly and efficiently in silkworms.",
   "publish_time": "2016 Mar 23",
   "authors": [
      "Liu, Xingjian",
      "Wei, Yonglong",
      "Li, Yin\u00fc",
      "Li, Haoyang",
      "Yang, Xin",
      "Yi, Yongzhu",
      "Zhang, Zhifang"
   ],
   "journal": "PLoS One",
   "has_full_text": "True",
   "full_text_file": "comm_use_subset",
   "id": "https://doi.org/10.1371/journal.pone.0152140",
   "pubtator": "PMC4805210",
   "fhir_link": [
      "Commercial/Composition/8dc3e3104105b1c360fdfe01de88e4f35d6977d0"
   ]
}