{
   "sha": "ad4dc41b48d9f6024088cb6c65a51972d928d200",
   "source_x": "PMC",
   "title": "Predicting and Evaluating the Epidemic Trend of Ebola Virus Disease in the 2014-2015 Outbreak and the Effects of Intervention Measures",
   "doi": "10.1371/journal.pone.0152438",
   "pmcid": "PMC4822846",
   "pubmed_id": "27049322",
   "license": "cc-by",
   "abstract": "We constructed dynamic Ebola virus disease (EVD) transmission models to predict epidemic trends and evaluate intervention measure efficacy following the 2014 EVD epidemic in West Africa. We estimated the effective vaccination rate for the population, with basic reproduction number (R(0)) as the intermediate variable. Periodic EVD fluctuation was analyzed by solving a Jacobian matrix of differential equations based on a SIR (susceptible, infective, and removed) model. A comprehensive compartment model was constructed to fit and predict EVD transmission patterns, and to evaluate the effects of control and prevention measures. Effective EVD vaccination rates were estimated to be 42% (31\u201350%), 45% (42\u201348%), and 51% (44\u201356%) among susceptible individuals in Guinea, Liberia and Sierra Leone, respectively. In the absence of control measures, there would be rapid mortality in these three countries, and an EVD epidemic would be likely recur in 2035, and then again 8~9 years later. Oscillation intervals would shorten and outbreak severity would decrease until the periodicity reached ~5.3 years. Measures that reduced the spread of EVD included: early diagnosis, treatment in isolation, isolating/monitoring close contacts, timely corpse removal, post-recovery condom use, and preventing or quarantining imported cases. EVD may re-emerge within two decades without control and prevention measures. Mass vaccination campaigns and control and prevention measures should be instituted to prevent future EVD epidemics.",
   "publish_time": "2016 Apr 6",
   "authors": [
      "Guo, Zuiyuan",
      "Xiao, Dan",
      "Li, Dongli",
      "Wang, Xiuhong",
      "Wang, Yayu",
      "Yan, Tiecheng",
      "Wang, Zhiqi"
   ],
   "journal": "PLoS One",
   "has_full_text": "True",
   "full_text_file": "comm_use_subset",
   "id": "https://doi.org/10.1371/journal.pone.0152438",
   "pubtator": "PMC4822846",
   "fhir_link": [
      "Commercial/Composition/ad4dc41b48d9f6024088cb6c65a51972d928d200"
   ]
}