{
   "source_x": "PMC",
   "title": "Divergent Motifs but Overlapping Binding Repertoires of Six HLA-DQ Molecules Frequently Expressed in the Worldwide Human Population",
   "doi": "http://dx.doi.org/10.4049/jimmunol.1001006",
   "pmcid": "PMC3307390",
   "abstract": "Knowledge of the binding repertoires and specificities of HLA-DQ molecules is somewhat limited and contradictory, partly because of the scarcity of reports addressing some of the most common molecules and possibly because of the diversity of the techniques used. In this paper, we report the development of high-throughput binding assays for the six most common DQ molecules in the general worldwide population. Using comprehensive panels of single substitution analogs of specific ligands, we derived detailed binding motifs for DQA1*0501/DQB1*0301, DQA1*0401/DQB1*0402, and DQA1*0101/DQB1*0501 and more detailed motifs for DQA1*0501/DQB1*0201, DQA1*0301/DQB1*0302, and DQA1*0102/DQB1*0602, previously characterized on the basis of sets of eluted ligands and/or limited sets of substituted peptides. In contrast to what has previously been observed for DR and DP molecules, DQ motifs were generally less clearly defined in terms of chemical specificity and, strikingly, had little overlap with each other. However, testing a panel of peptides spanning a set of Phleum pratense Ags, and panels of known DQ epitopes, revealed a surprisingly significant and substantial overlap in the repertoire of peptides bound by these DQ molecules. Although the mechanism underlying these apparently contradictory findings is not clear, it likely reflects the peculiar mode of interaction between DQ (and not DR or DP) molecules and their peptide ligands. Because the DQ molecules studied are found in >85% of the general human population, these findings have important implications for epitope identification studies and monitoring of DQ-restricted immune responses.",
   "authors": [
      "['Sidney, John', 'Steen, Amiyah', 'Moore, Carrie', 'Ngo, Sandy', 'Chung, Jolan', 'Peters, Bjoern', 'Sette, Alessandro']"
   ],
   "id": "https://www.ncbi.nlm.nih.gov/pmc/articles/PMC3307390"
}