{
   "source_x": "PMC",
   "title": "Protective effects of luteolin against lipopolysaccharide-induced acute lung injury involves inhibition of MEK/ERK and PI3K/Akt pathways in neutrophils",
   "doi": "http://dx.doi.org/10.1038/aps.2010.62",
   "pmcid": "PMC4007725",
   "abstract": "AIM: To investigate whether luteolin, the major polyphenolic components of Lonicera japonica, has beneficial effects against lipopolysaccharide (LPS)-induced acute lung injury (ALI) and to determine whether the protective mechanism involves anti-inflammatory effects on neutrophils. METHODS: ALI was induced with intratracheal instillation of LPS in mice. The level of ALI was determined by measuring the cell count and protein content in bronchoalveolar lavage (BAL) fluid. Neutrophils were stimulated with formyl-Met-Leu-Phe (fMLP) or LPS in vitro. Chemotaxis and superoxide anion generation were measured to evaluate neutrophil activation. The potential involvement of intracellular signaling molecules in regulating neutrophil activation was analyzed by using Western blot. RESULTS: LPS induced ALI in mice, as evidenced with leukocyte infiltration and protein leakage into the lungs. Luteolin attenuated LPS-induced leukocyte infiltration and protein extravasation. In cell studies, luteolin attenuated the fMLP-induced neutrophil chemotaxis and respiratory burst (IC(50) 0.2\u00b10.1 \u03bcmol/L and 2.2\u00b10.8 \u03bcmol/L, respectively), but had a negligible effect on superoxide anion generation during phorbol myristate acetate stimulation. Furthermore luteolin effectively blocked MAPK/ERK kinase 1/2 (MEK), extracellular signal-regulated kinase (ERK), and Akt phosphorylation in fMLP- and LPS-stimulated neutrophils. CONCLUSION: These results indicate that luteolin has beneficial effects against LPS-induced ALI in mice, and the attenuation of neutrophil chemotaxis and respiratory burst by luteolin involves the blockade of MEK-, ERK-, and Akt-related signaling cascades.",
   "authors": [
      "['Lee, Jen-pei', 'Li, Yi-ching', 'Chen, Hung-yi', 'Lin, Ruey-hseng', 'Huang, Shiang-suo', 'Chen, Hui-ling', 'Kuan, Pai-chuan', 'Liao, Mao-fang', 'Chen, Chun-jung', 'Kuan, Yu-hsiang']"
   ],
   "id": "https://www.ncbi.nlm.nih.gov/pmc/articles/PMC4007725"
}