{
   "sha": "a25045aa52c78b89840287b2cff9d7dffe0bb07f",
   "source_x": "PMC",
   "title": "The Nature of Protein Domain Evolution: Shaping the Interaction Network",
   "doi": "http://dx.doi.org/10.2174/138920210791616725",
   "pmcid": "PMC2945003",
   "pubmed_id": "21286315",
   "license": "CC BY",
   "abstract": "The proteomes that make up the collection of proteins in contemporary organisms evolved through recombination and duplication of a limited set of domains. These protein domains are essentially the main components of globular proteins and are the most principal level at which protein function and protein interactions can be understood. An important aspect of domain evolution is their atomic structure and biochemical function, which are both specified by the information in the amino acid sequence. Changes in this information may bring about new folds, functions and protein architectures. With the present and still increasing wealth of sequences and annotation data brought about by genomics, new evolutionary relationships are constantly being revealed, unknown structures modeled and phylogenies inferred. Such investigations not only help predict the function of newly discovered proteins, but also assist in mapping unforeseen pathways of evolution and reveal crucial, co-evolving inter- and intra-molecular interactions. In turn this will help us describe how protein domains shaped cellular interaction networks and the dynamics with which they are regulated in the cell. Additionally, these studies can be used for the design of new and optimized protein domains for therapy. In this review, we aim to describe the basic concepts of protein domain evolution and illustrate recent developments in molecular evolution that have provided valuable new insights in the field of comparative genomics and protein interaction networks.",
   "publish_time": "2010 Aug",
   "authors": [
      "['Bagowski, Christoph P', 'Bruins, Wouter', 'te Velthuis, Aartjan J.W']"
   ],
   "journal": "Curr Genomics",
   "has_full_text": "True",
   "id": "a25045aa52c78b89840287b2cff9d7dffe0bb07f",
   "fhir_link": "Commercial/Composition/a25045aa52c78b89840287b2cff9d7dffe0bb07f.json"
}