{
   "sha": "6a5ec0f5b18ea19bc152ad79a1b72043385a8f3f",
   "source_x": "PMC",
   "title": "Predicting the international spread of Middle East respiratory syndrome (MERS)",
   "doi": "10.1186/s12879-016-1675-z",
   "pmcid": "PMC4957429",
   "pubmed_id": "27449387",
   "license": "cc-by",
   "abstract": "BACKGROUND: The Middle East respiratory syndrome (MERS) associated coronavirus has been imported via travelers into multiple countries around the world. In order to support risk assessment practice, the present study aimed to devise a novel statistical model to quantify the country-level risk of experiencing an importation of MERS case. METHODS: We analyzed the arrival time of each reported MERS importation around the world, i.e., the date on which imported cases entered a specific country, which was modeled as a dependent variable in our analysis. We also used openly accessible data including the airline transportation network to parameterize a hazard-based risk prediction model. The hazard was assumed to follow an inverse function of the effective distance (i.e., the minimum effective length of a path from origin to destination), which was calculated from the airline transportation data, from Saudi Arabia to each country. Both country-specific religion and the incidence data of MERS in Saudi Arabia were used to improve our model prediction. RESULTS: Our estimates of the risk of MERS importation appeared to be right skewed, which facilitated the visual identification of countries at highest risk of MERS importations in the right tail of the distribution. The simplest model that relied solely on the effective distance yielded the best predictive performance (Area under the curve (AUC) = 0.943) with 100 % sensitivity and 79.6 % specificity. Out of the 30 countries estimated to be at highest risk of MERS case importation, 17 countries (56.7 %) have already reported at least one importation of MERS. Although model fit measured by Akaike Information Criterion (AIC) was improved by including country-specific religion (i.e. Muslim majority country), the predictive performance as measured by AUC was not improved after accounting for this covariate. CONCLUSIONS: Our relatively simple statistical model based on the effective distance derived from the airline transportation network data was found to help predicting the risk of importing MERS at the country level. The successful application of the effective distance model to predict MERS importations, particularly when computationally intensive large-scale transmission models may not be immediately applicable could have been benefited from the particularly low transmissibility of the MERS coronavirus.",
   "publish_time": "2016 Jul 22",
   "authors": [
      "Nah, Kyeongah",
      "Otsuki, Shiori",
      "Chowell, Gerardo",
      "Nishiura, Hiroshi"
   ],
   "journal": "BMC Infect Dis",
   "has_full_text": "True",
   "full_text_file": "comm_use_subset",
   "id": "https://doi.org/10.1186/s12879-016-1675-z",
   "pubtator": "PMC4957429",
   "fhir_link": [
      "Commercial/Composition/6a5ec0f5b18ea19bc152ad79a1b72043385a8f3f"
   ]
}