{
   "sha": "fc151568de57c0456578757131c3b49b86286b3c",
   "source_x": "PMC",
   "title": "Inhibition of RNA Helicases of ssRNA(+) Virus Belonging to Flaviviridae, Coronaviridae and Picornaviridae Families",
   "doi": "10.1155/2011/213135",
   "pmcid": "PMC4970650",
   "pubmed_id": "27516903",
   "license": "cc-by",
   "abstract": "Many viral pathogens encode the motor proteins named RNA helicases which display various functions in genome replication. General strategies to design specific and selective drugs targeting helicase for the treatment of viral infections could act via one or more of the following mechanisms: inhibition of the NTPase activity, by interferences with ATP binding and therefore by limiting the energy required for the unwinding and translocation, or by allosteric mechanism and therefore by stabilizing the conformation of the enzyme in low helicase activity state; inhibition of nucleic acids binding to the helicase; inhibition of coupling of ATP hydrolysis to unwinding; inhibition of unwinding by sterically blocking helicase translocation. Recently, by in vitro screening studies, it has been reported that several benzotriazole, imidazole, imidazodiazepine, phenothiazine, quinoline, anthracycline, triphenylmethane, tropolone, pyrrole, acridone, small peptide, and Bananin derivatives are endowed with helicase inhibition of pathogen viruses belonging to Flaviviridae, Coronaviridae, and Picornaviridae families.",
   "publish_time": "2011 Nov 14",
   "authors": [
      "Briguglio, Irene",
      "Piras, Sandra",
      "Corona, Paola",
      "Carta, Antonio"
   ],
   "journal": "Int J Med Chem",
   "has_full_text": "True",
   "full_text_file": "comm_use_subset",
   "id": "https://doi.org/10.1155/2011/213135",
   "pubtator": "PMC4970650",
   "fhir_link": [
      "Commercial/Composition/fc151568de57c0456578757131c3b49b86286b3c"
   ]
}