{
   "sha": "dd94afcee3d0c4dbc80b40435ff4fb65487af3b6",
   "source_x": "PMC",
   "title": "The performance of interferon-gamma release assay in nontuberculous mycobacterial diseases: a retrospective study in China",
   "doi": "10.1186/s12890-016-0320-3",
   "pmcid": "PMC5124224",
   "pubmed_id": "27887611",
   "license": "cc-by",
   "abstract": "BACKGROUND: The interferon-gamma release assay (IGRA) is more specific than the tuberculin skin test to discriminate between tuberculosis (TB) and nontuberculous mycobacterial (NTM) diseases. Here we performed a retrospective study to evaluate the performance of the T-SPOT.TB in patients with NTM diseases. METHODS: Between March, 2013 and Nov, 2015, a total of 58 patients with NTM diseases had a T-SPOT.TB performed were enrolled, 30 patients had definite NTM diseases, 28 had probable diseases. Their clinicopathological characteristics were reviewed and analyzed. Cultures for mycobacteria were performed. The indirect proportion method with L\u00f6wenstein\u2013Jensen (L-J) medium was used for first-line drug susceptibility test. T-SPOT.TB assay was performed according to the manufacturer\u2019s instructions. Data were expressed as mean \u00b1 standard deviation (continuous variables) and as numbers and percentages (categorical variables). The \u03c7 (2) test was used for comparisons between proportions. RESULTS: The average age was 51.8 \u00b1 16.1 years (range 10 to 77 years), 58.6% (34/58) were male. 16.4% (9/55) were TB-PCR positive. 34 (58.6%) isolates were Mycobacterium intracellulare, ten (17.2%) were Mycobacterium chelonae and seven (12.1%) were Mycobacterium fortuitum. Fifty-two (89.7%) patients were NTM lung disease, five (8.6%) were pleural disease, and one (1.7%) lymphadenitis. The total positivity of T-SPOT.TB was 53.4% (31/58) among the whole group (probable and definite). For probable cases, the T-SPOT.TB assay was positive in 53.5% (15/28); for definite cases, 16 (53.3%) of 30 definite cases were positive. There was no statistical difference in the positivity rate between them (P < 0.01). CONCLUSIONS: In the study, we showed that a significant portion of NTM diseases were T-SPOT.TB positive in China. Although T-SPOT.TB is useful diagnostic method for differentiating TB from NTM diseases, in China, the IGRA assay show limited value in the discrimination. In addition, further research is needed to investigate the association between TB infection and treatment for NTM patients.",
   "publish_time": "2016 Nov 25",
   "authors": [
      "Wang, Mao-Shui",
      "Wang, Jun-Li",
      "Wang, Xin-Feng"
   ],
   "journal": "BMC Pulm Med",
   "has_full_text": "True",
   "full_text_file": "comm_use_subset",
   "id": "https://doi.org/10.1186/s12890-016-0320-3",
   "pubtator": "PMC5124224",
   "fhir_link": [
      "Commercial/Composition/dd94afcee3d0c4dbc80b40435ff4fb65487af3b6"
   ]
}