{
   "sha": "cc65afbab3c952058f9261b012cdc4407a9d264c",
   "source_x": "PMC",
   "title": "Evidence that Processing of the Severe Fever with Thrombocytopenia Syndrome Virus Gn/Gc Polyprotein Is Critical for Viral Infectivity and Requires an Internal Gc Signal Peptide",
   "doi": "10.1371/journal.pone.0166013",
   "pmcid": "PMC5113920",
   "pubmed_id": "27855227",
   "license": "cc-by",
   "abstract": "The severe fever with thrombocytopenia syndrome virus (SFTSV) is an emerging, highly pathogenic bunyavirus against which neither antivirals nor vaccines are available. The SFTSV glycoproteins, Gn and Gc, facilitate viral entry into host cells. Gn and Gc are generated from a precursor protein, Gn/Gc, but it is currently unknown how the precursor is converted into the single proteins and whether this process is required for viral infectivity. Employing a rhabdoviral pseudotyping system, we demonstrate that a predicted signal sequence at the N-terminus of Gc is required for Gn/Gc processing and viral infectivity while potential proprotein convertase cleavage sites in Gc are dispensable. Moreover, we show that expression of Gn or Gc alone is not sufficient for host cell entry while particles bearing both proteins are infectious, and we provide evidence that Gn facilitates Golgi transport and virion incorporation of Gc. Collectively, these results suggest that signal peptidase liberates mature Gc from the Gn/Gc precursor and that this process is essential for viral infectivity and thus constitutes a potential target for antiviral intervention.",
   "publish_time": "2016 Nov 17",
   "authors": [
      "Plegge, Teresa",
      "Hofmann-Winkler, Heike",
      "Spiegel, Martin",
      "P\u00f6hlmann, Stefan"
   ],
   "journal": "PLoS One",
   "has_full_text": "True",
   "full_text_file": "comm_use_subset",
   "id": "https://doi.org/10.1371/journal.pone.0166013",
   "pubtator": "PMC5113920",
   "fhir_link": [
      "Commercial/Composition/cc65afbab3c952058f9261b012cdc4407a9d264c"
   ]
}