{
   "sha": "31cfa31a4d8a26ca083257be0e6dce51562d8c6d",
   "source_x": "PMC",
   "title": "Respiratory Antiviral Immunity and Immunobiotics: Beneficial Effects on Inflammation-Coagulation Interaction during Influenza Virus Infection",
   "doi": "10.3389/fimmu.2016.00633",
   "pmcid": "PMC5179578",
   "pubmed_id": "28066442",
   "license": "cc-by",
   "abstract": "Influenza virus (IFV) is a major respiratory pathogen of global importance, and the cause of a high degree of morbidity and mortality, especially in high-risk populations such as infants, elderly, and immunocompromised hosts. Given its high capacity to change antigenically, acquired immunity is often not effective to limit IFV infection and therefore vaccination must be constantly redesigned to achieve effective protection. Improvement of respiratory and systemic innate immune mechanisms has been proposed to reduce the incidence and severity of IFV disease. In the last decade, several research works have demonstrated that microbes with the capacity to modulate the mucosal immune system (immunobiotics) are a potential alternative to beneficially modulate the outcome of IFV infection. This review provides an update of the current status on the modulation of respiratory immunity by orally and nasally administered immunobiotics, and their beneficial impact on IFV clearance and inflammatory-mediated lung tissue damage. In particular, we describe the research of our group that investigated the influence of immunobiotics on inflammation\u2013coagulation interactions during IFV infection. Studies have clearly demonstrated that hostile inflammation is accompanied by dysfunctional coagulation in respiratory IFV disease, and our investigations have proved that some immunobiotic strains are able to reduce viral disease severity through their capacity to modulate the immune-coagulative responses in the respiratory tract.",
   "publish_time": "2016 Dec 23",
   "authors": [
      "Zelaya, Hortensia",
      "Alvarez, Susana",
      "Kitazawa, Haruki",
      "Villena, Julio"
   ],
   "journal": "Front Immunol",
   "has_full_text": "True",
   "full_text_file": "comm_use_subset",
   "id": "https://doi.org/10.3389/fimmu.2016.00633",
   "pubtator": "PMC5179578",
   "fhir_link": [
      "Commercial/Composition/31cfa31a4d8a26ca083257be0e6dce51562d8c6d"
   ]
}