{
   "sha": "26401aab640b61b28b31696b3540662e5e1428d8",
   "source_x": "PMC",
   "title": "Risk of travel-related cases of Zika virus infection is predicted by transmission intensity in outbreak-affected countries",
   "doi": "10.1186/s13071-017-1977-z",
   "pmcid": "PMC5264286",
   "pubmed_id": "28122631",
   "license": "cc-by",
   "abstract": "BACKGROUND: Zika virus (ZIKV) infection is emerging globally, currently causing outbreaks in the Caribbean, and Central and South America, and putting travellers to affected countries at risk. Model-based estimates for the basic reproduction number (R (0)) of ZIKV in affected Caribbean and Central and South American countries, obtained from 2015 to 2016 human case surveillance data, were compared by logistic regression and Receiver-Operating Characteristic (ROC), with the prevalence of ZIKV-positive test results in Canadians who travelled to them. RESULTS: Estimates of R (0) for each country were a good predictor of the ZIKV test result (ROC area under the curve = 0.83) and the odds of testing positive was 11-fold greater for travellers visiting countries with estimated R (0) \u2265 2.76, compared to those visiting countries with R (0) < 2.76. CONCLUSIONS: Risk to travellers varies widely amongst countries affected by ZIKV outbreaks. Estimates of R (0) from surveillance data can assist in assessing levels of risk for travellers and may help improve travel advice. They may also allow better prediction of spread of ZIKV from affected countries by travellers. ELECTRONIC SUPPLEMENTARY MATERIAL: The online version of this article (doi:10.1186/s13071-017-1977-z) contains supplementary material, which is available to authorized users.",
   "publish_time": "2017 Jan 25",
   "authors": [
      "Ogden, Nicholas H.",
      "Fazil, Aamir",
      "Safronetz, David",
      "Drebot, Michael A.",
      "Wallace, Justine",
      "Rees, Erin E.",
      "Decock, Kristina",
      "Ng, Victoria"
   ],
   "journal": "Parasit Vectors",
   "has_full_text": "True",
   "full_text_file": "comm_use_subset",
   "id": "https://doi.org/10.1186/s13071-017-1977-z",
   "pubtator": "PMC5264286",
   "fhir_link": [
      "Commercial/Composition/26401aab640b61b28b31696b3540662e5e1428d8"
   ]
}