{
   "sha": "2bce7709e22e3d5a110cb77501f6d97db10d9c05",
   "source_x": "PMC",
   "title": "Spray dried plasma as an alternative to antibiotics in piglet feeds, mode of action and biosafety",
   "doi": "10.1186/s40813-016-0034-1",
   "pmcid": "PMC5382520",
   "pubmed_id": "28405442",
   "license": "cc-by",
   "abstract": "The use of growth promoting and therapeutic antibiotics in piglet feed has been a concerning subject over the last few decades because of the risk of generating antimicrobial resistance that could be transferred to humans. As a result, many products have been proposed as potential alternatives to the use of antibiotics, and among these, spray dried plasma is considered one of the most promising. However, there have been concerns about its biosafety, particularly during periods of emergence or re-emergence of swine diseases in different regions of the world, such as the recent porcine epidemic diarrhea virus outbreak in North America. The objectives of this paper are to review recent publications about the use of spray dried plasma as an alternative to antibiotics in weaned pig diets, the possible mechanisms of action of spray dried plasma, and the existing evidence related to the biosafety of spray dried animal plasma. Particular attention is given to studies in which spray dried plasma has been directly compared to antibiotics or other alternative antimicrobial products. Several studies on the possible modes of action for spray dried plasma, such as preservation of gut barrier function or modulation of the immune response, are also reviewed. Finally, the paper focuses on the review of the existing studies on the risks of disease transmission with the use of spray dried plasma from porcine origin. Overall, spray dried plasma is a promising alternative to in-feed antimicrobials for piglets, particularly during the early stages of the post-weaning phase. Additionally, there is enough evidence to support that commercial spray dried porcine plasma is a safe product for pigs.",
   "publish_time": "2016 Jul 23",
   "authors": [
      "P\u00e9rez-Bosque, Anna",
      "Polo, Javier",
      "Torrallardona, David"
   ],
   "journal": "Porcine Health Manag",
   "has_full_text": "True",
   "full_text_file": "comm_use_subset",
   "id": "https://doi.org/10.1186/s40813-016-0034-1",
   "pubtator": "PMC5382520",
   "fhir_link": [
      "Commercial/Composition/2bce7709e22e3d5a110cb77501f6d97db10d9c05"
   ]
}