{
   "sha": "39e066c95d89964b9cd608c14fc5e2077706e72e",
   "source_x": "PMC",
   "title": "Deep Sequencing in Infectious Diseases: Immune and Pathogen Repertoires for the Improvement of Patient Outcomes",
   "doi": "10.3389/fimmu.2017.00593",
   "pmcid": "PMC5451494",
   "pubmed_id": "28620372",
   "license": "cc-by",
   "abstract": "The inaugural workshop \u201cDeep Sequencing in Infectious Diseases: Immune and Pathogen Repertoires for the Improvement of Patient Outcomes\u201d was held in Singapore on 13\u201314 October 2016. The aim of the workshop was to discuss the latest trends in using high-throughput sequencing, bioinformatics, and allied technologies to analyze immune and pathogen repertoires and their interplay within the host, bringing together key international players in the field and Singapore-based researchers and clinician-scientists. The focus was in particular on the application of these technologies for the improvement of patient diagnosis, prognosis and treatment, and for other broad public health outcomes. The presentations by scientists and clinicians showed the potential of deep sequencing technology to capture the coevolution of adaptive immunity and pathogens. For clinical applications, some key challenges remain, such as the long turnaround time and relatively high cost of deep sequencing for pathogen identification and characterization and the lack of international standardization in immune repertoire analysis.",
   "publish_time": "2017 Jun 1",
   "authors": [
      "Burkholder, William F.",
      "Newell, Evan W.",
      "Poidinger, Michael",
      "Chen, Swaine",
      "Fink, Katja"
   ],
   "journal": "Front Immunol",
   "has_full_text": "True",
   "full_text_file": "comm_use_subset",
   "id": "https://doi.org/10.3389/fimmu.2017.00593",
   "pubtator": "PMC5451494",
   "fhir_link": [
      "Commercial/Composition/39e066c95d89964b9cd608c14fc5e2077706e72e"
   ]
}