{
   "sha": "4bf789f6f1347be1c10deb0f490b527f2c7e5255",
   "source_x": "Elsevier",
   "title": "S",
   "doi": "10.1016/B978-0-12-384931-1.00019-2",
   "license": "els-covid",
   "publish_time": "2013-12-31",
   "authors": [
      "Lackie, J.M."
   ],
   "journal": "The Dictionary of Cell & Molecular Biology",
   "has_full_text": "True",
   "full_text_file": "custom_license",
   "id": "https://doi.org/10.1016/B978-0-12-384931-1.00019-2",
   "fhir_link": [
      "PMC/Composition/4bf789f6f1347be1c10deb0f490b527f2c7e5255"
   ]
}