{
   "source_x": "PMC",
   "title": "Contact heterogeneity in deer mice: implications for Sin Nombre virus transmission",
   "doi": "http://dx.doi.org/10.1098/rspb.2008.1693",
   "pmcid": "PMC2660967",
   "abstract": "Heterogeneities within disease hosts suggest that not all individuals have the same probability of transmitting disease or becoming infected. This heterogeneity is thought to be due to dissimilarity in susceptibility and exposure among hosts. As such, it has been proposed that many host\u2013pathogen systems follow the general pattern whereby a small fraction of the population accounts for a large fraction of the pathogen transmission. This disparity in transmission dynamics is often referred to as \u201820/80 Rule\u2019, i.e. approximately 20 per cent of the hosts are responsible for 80 per cent of pathogen transmission. We investigated the role of heterogeneity in contact rates among potential hosts of a directly transmitted pathogen by examining Sin Nombre virus (SNV) in deer mice (Peromyscus maniculatus). Using foraging arenas and powder marking, we documented contacts between wild deer mice in Great Basin Desert, central Utah. Our findings demonstrated heterogeneity among deer mice, both in frequency and in duration of contacts with other deer mice. Contact dynamics appear to follow the general pattern that a minority of the population accounts for a majority of the contacts. We found that 20 per cent of individuals in the population were responsible for roughly 80 per cent of the contacts observed. Larger-bodied individuals appear to be the functional group with the greatest SNV transmission potential. Contrary to our predictions, transmission potential was not influenced by breeding condition or sex.",
   "authors": [
      "['Clay, Christine A.', 'Lehmer, Erin M.', 'Previtali, Andrea', 'St. Jeor, Stephen', 'Dearing, M. Denise']"
   ],
   "id": "https://www.ncbi.nlm.nih.gov/pmc/articles/PMC2660967"
}