{
   "source_x": "PMC",
   "title": "Growth of an RNA Virus in Single Cells Reveals a Broad Fitness Distribution",
   "doi": "http://dx.doi.org/10.1016/j.virol.2008.10.031",
   "pmcid": "PMC2666790",
   "abstract": "Genetic and environmental factors will influence the growth of an RNA virus, but their relative contributions are challenging to resolve because standard culture methods mask how virus particles interact with individual host cells. Here, single particles of vesicular stomatitis virus, a prototype RNA virus, were used to infect individual BHK cells. Infected cells produced 50 to 8000 progeny virus particles, but these differences were lost upon subsequent culture, suggesting the diversity of yields reflected cell-to-cell differences rather than viral genetic variation. Cells infected at different phases of their cell cycle produced from 1400(early S) to 8700(G(2)M) infectious virus particles, coinciding with the middle-to-upper range of the observed distribution. Fluctuations in virus and cell compositions and noisy gene expression may also contribute to the broad distribution of virus yields. These findings take a step toward quantifying how environmental variation can impact the fitness distribution of a RNA virus.",
   "authors": [
      "['Zhu, Ying', 'Yongky, Andrew', 'Yin, John']"
   ],
   "id": "https://www.ncbi.nlm.nih.gov/pmc/articles/PMC2666790"
}