{
   "sha": "1c2e5c34faa703640900893c58254c63361bd29b",
   "source_x": "PMC",
   "title": "Vaccinomics Approach for Designing Potential Peptide Vaccine by Targeting Shigella spp. Serine Protease Autotransporter Subfamily Protein SigA",
   "doi": "10.1155/2017/6412353",
   "pmcid": "PMC5610819",
   "pubmed_id": "29082265",
   "license": "cc-by",
   "abstract": "Shigellosis, a bacillary dysentery, is closely associated with diarrhoea in human and causes infection of 165 million people worldwide per year. Casein-degrading serine protease autotransporter of enterobacteriaceae (SPATE) subfamily protein SigA, an outer membrane protein, exerts both cytopathic and enterotoxic effects especially cytopathic to human epithelial cell type-2 (HEp-2) and is shown to be highly immunogenic. In the present study, we have tried to impose the vaccinomics approach for designing a common peptide vaccine candidate against the immunogenic SigA of Shigella spp. At first, 44 SigA proteins from different variants of S. flexneri, S. dysenteriae, S. boydii, and S. sonnei were assessed to find the most antigenic protein. We retrieved 12 peptides based on the highest score for human leukocyte antigen (HLA) supertypes analysed by NetCTL. Initially, these peptides were assessed for the affinity with MHC class I and class II alleles, and four potential core epitopes VTARAGLGY, FHTVTVNTL, HTTWTLTGY, and IELAGTLTL were selected. From these, FHTVTVNTL and IELAGTLTL peptides were shown to have 100% conservancy. Finally, IELAGTLTL was shown to have the highest population coverage (83.86%) among the whole world population. In vivo study of the proposed epitope might contribute to the development of functional and unique widespread vaccine, which might be an operative alleyway to thwart dysentery from the world.",
   "publish_time": "2017 Sep 7",
   "authors": [
      "Oany, Arafat Rahman",
      "Pervin, Tahmina",
      "Mia, Mamun",
      "Hossain, Motaher",
      "Shahnaij, Mohammad",
      "Mahmud, Shahin",
      "Kibria, K. M. Kaderi"
   ],
   "journal": "J Immunol Res",
   "has_full_text": "True",
   "full_text_file": "comm_use_subset",
   "id": "https://doi.org/10.1155/2017/6412353",
   "pubtator": "PMC5610819",
   "fhir_link": [
      "Commercial/Composition/1c2e5c34faa703640900893c58254c63361bd29b"
   ]
}