{
   "source_x": "PMC",
   "title": "Design, Synthesis and Antiviral Efficacy of a Series of Potent Chloropyridyl Ester-derived SARS-CoV 3CLpro Inhibitors",
   "doi": "http://dx.doi.org/10.1016/j.bmcl.2008.08.082",
   "pmcid": "PMC2745596",
   "abstract": "Design, synthesis and biological evaluation of a series of 5-chloropyridine ester-derived severe acute respiratory syndrome-coronavirus chymotrypsin-like protease inhibitors is described. Position of the carboxylate functionality is critical to potency. Inhibitor 10 with a 5-chloropyridinyl ester at position 4 of the indole ring is the most potent inhibitor with a SARS 3Clpro IC(50) value of 30 nM and antiviral EC(50) value of 6.9 \u03bcM. Molecular Docking studies have provided possible binding modes of these inhibitors. [Image: see text]",
   "authors": [
      "['Ghosh, Arun K.', 'Gong, Gangli', 'Grum-Tokars, Valerie', 'Mulhearn, Debbie C.', 'Baker, Susan C.', 'Coughlin, Melissa', 'Prabhakar, Bellur S.', 'Sleeman, Katrina', 'Johnson, Michael E.', 'Mesecar, Andrew D.']"
   ],
   "id": "https://www.ncbi.nlm.nih.gov/pmc/articles/PMC2745596"
}