{
   "source_x": "PMC",
   "title": "Treatment with proteasome inhibitor bortezomib enhances antigen-specific CD8+ T cell-mediated antitumor immunity induced by DNA vaccination",
   "doi": "http://dx.doi.org/10.1007/s00109-008-0370-y",
   "pmcid": "PMC2535907",
   "abstract": "There is an urgent need to develop new innovative therapies for the control of cancer. Antigen-specific immunotherapy and the employment of proteasome inhibitors have emerged as two potentially plausible approaches for the control of cancer. In the current study, we explored the combination of the DNA vaccine encoding calreticulin (CRT) linked to human papillomavirus type 16 (HPV-16) E7 antigen (CRT/E7) with the proteasome inhibitor; bortezomib for their ability to generate E7-specific immune responses and antitumor effects in vaccinated mice. We found that the combination of treatment with bortezomib and CRT/E7(detox) DNA generated more potent E7-specific CD8+ T cell immune responses and better therapeutic effects against TC-1 tumors in tumor bearing mice compared to monotherapy. Furthermore, we found that treatment with bortezomib led to increased apoptosis of TC-1 tumor cells and could render the TC-1 tumor cells more susceptible to lysis by E7-specific CTLs. Our data has significant implications for future clinical translation.",
   "authors": [
      "['Tseng, Chih Wen', 'Monie, Archana', 'Wu, Chao-Yi', 'Huang, Bruce', 'Wang, Mei-Cheng', 'Hung, Chien-Fu', 'Wu, T.-C.']"
   ],
   "id": "https://www.ncbi.nlm.nih.gov/pmc/articles/PMC2535907"
}