{
   "sha": "8a7647890f01aa9c0d085a1209235e832369bb44",
   "source_x": "PMC",
   "title": "A porcine enterovirus G associated with enteric disease contains a novel papain-like cysteine protease",
   "doi": "10.1099/jgv.0.000799",
   "pmcid": "PMC5656790",
   "pubmed_id": "28590234",
   "license": "cc-by",
   "abstract": "Identification of unknown pathogens in pigs displaying enteric illness is difficult due to the large diversity of bacterial and viral species found within faecal samples. Current methods often require bacterial or viral isolation, or testing only a limited number of known species using quantitative PCR analysis. Herein, faeces from two 25-day-old piglets with diarrhoea from Texas, USA, were analysed by metagenomic next-generation sequencing to rapidly identify possible pathogens. Our analysis included a bioinformatics pipeline of rapid short-read classification and de novo genome assembly which resulted in the identification of a porcine enterovirus G (EV-G), a complete genome with substantial nucleotide differences (>30 %) among current sequences, and a novel non-structural protein similar in sequence to the Torovirus papain-like cysteine protease (PL(pro)). This discovery led to the identification and circulation of an EV-G with a novel PL(pro) in the USA that has not been previously reported.",
   "publish_time": "2017 Jun 8",
   "authors": [
      "Knutson, Todd P.",
      "Velayudhan, Binu T.",
      "Marthaler, Douglas G."
   ],
   "journal": "J Gen Virol",
   "has_full_text": "True",
   "full_text_file": "comm_use_subset",
   "id": "https://doi.org/10.1099/jgv.0.000799",
   "pubtator": "PMC5656790",
   "fhir_link": [
      "Commercial/Composition/8a7647890f01aa9c0d085a1209235e832369bb44"
   ]
}