{
   "sha": "2392e0e02b81ed3565b792e9794d50994acc8535",
   "source_x": "PMC",
   "title": "Inhibiting the Ins and Outs of HIV Replication: Cell-Intrinsic Antiretroviral Restrictions at the Plasma Membrane",
   "doi": "10.3389/fimmu.2017.01853",
   "pmcid": "PMC5758531",
   "pubmed_id": "29354117",
   "license": "cc-by",
   "abstract": "Like all viruses, human immunodeficiency viruses (HIVs) and their primate lentivirus relatives must enter cells in order to replicate and, once produced, new virions need to exit to spread to new targets. These processes require the virus to cross the plasma membrane of the cell twice: once via fusion mediated by the envelope glycoprotein to deliver the viral core into the cytosol; and secondly by ESCRT-mediated scission of budding virions during release. This physical barrier thus presents a perfect location for host antiviral restrictions that target enveloped viruses in general. In this review we will examine the current understanding of innate host antiviral defences that inhibit these essential replicative steps of primate lentiviruses associated with the plasma membrane, the mechanism by which these viruses have adapted to evade such defences, and the role that this virus/host battleground plays in the transmission and pathogenesis of HIV/AIDS.",
   "publish_time": "2018 Jan 4",
   "authors": [
      "Foster, Toshana L.",
      "Pickering, Suzanne",
      "Neil, Stuart J. D."
   ],
   "journal": "Front Immunol",
   "has_full_text": "True",
   "full_text_file": "comm_use_subset",
   "id": "https://doi.org/10.3389/fimmu.2017.01853",
   "pubtator": "PMC5758531",
   "fhir_link": [
      "Commercial/Composition/2392e0e02b81ed3565b792e9794d50994acc8535"
   ]
}