{
   "source_x": "PMC",
   "title": "Coronavirus Escape from Heptad Repeat 2 (HR2)-Derived Peptide Entry Inhibition as a Result of Mutations in the HR1 Domain of the Spike Fusion Protein",
   "doi": "http://dx.doi.org/10.1128/JVI.02287-07",
   "pmcid": "PMC2258948",
   "abstract": "Peptides based on heptad repeat (HR) domains of class I viral fusion proteins are considered promising antiviral drugs targeting virus cell entry. We have analyzed the evolution of the mouse hepatitis coronavirus during multiple passaging in the presence of an HR2-based fusion inhibitor. Drug-resistant variants emerged as a result of multiple substitutions in the spike fusion protein, notably within a 19-residue segment of the HR1 region. Strikingly, one mutation, an A1006V substitution, which consistently appeared first in four independently passaged viruses, was the main determinant of the resistance phenotype, suggesting that only limited options exist for escape from the inhibitory effect of the HR2 peptide.",
   "authors": [
      "['Bosch, Berend Jan', 'Rossen, John W. A.', 'Bartelink, Willem', 'Zuurveen, Stephanie J.', 'de Haan, Cornelis A. M.', 'Duquerroy, Stephane', 'Boucher, Charles A. B.', 'Rottier, Peter J. M.']"
   ],
   "id": "https://www.ncbi.nlm.nih.gov/pmc/articles/PMC2258948"
}