{
   "sha": "efbd0dfc426da5dd25ce29411d6fa37571623773",
   "source_x": "PMC",
   "title": "Interactome analysis of the lymphocytic choriomeningitis virus nucleoprotein in infected cells reveals ATPase Na(+)/K(+) transporting subunit Alpha 1 and prohibitin as host-cell factors involved in the life cycle of mammarenaviruses",
   "doi": "10.1371/journal.ppat.1006892",
   "pmcid": "PMC5834214",
   "pubmed_id": "29462184",
   "license": "cc0",
   "abstract": "Several mammalian arenaviruses (mammarenaviruses) cause hemorrhagic fevers in humans and pose serious public health concerns in their endemic regions. Additionally, mounting evidence indicates that the worldwide-distributed, prototypic mammarenavirus, lymphocytic choriomeningitis virus (LCMV), is a neglected human pathogen of clinical significance. Concerns about human-pathogenic mammarenaviruses are exacerbated by of the lack of licensed vaccines, and current anti-mammarenavirus therapy is limited to off-label use of ribavirin that is only partially effective. Detailed understanding of virus/host-cell interactions may facilitate the development of novel anti-mammarenavirus strategies by targeting components of the host-cell machinery that are required for efficient virus multiplication. Here we document the generation of a recombinant LCMV encoding a nucleoprotein (NP) containing an affinity tag (rLCMV/Strep-NP) and its use to capture the NP-interactome in infected cells. Our proteomic approach combined with genetics and pharmacological validation assays identified ATPase Na(+)/K(+) transporting subunit alpha 1 (ATP1A1) and prohibitin (PHB) as pro-viral factors. Cell-based assays revealed that ATP1A1 and PHB are involved in different steps of the virus life cycle. Accordingly, we observed a synergistic inhibitory effect on LCMV multiplication with a combination of ATP1A1 and PHB inhibitors. We show that ATP1A1 inhibitors suppress multiplication of Lassa virus and Candid#1, a live-attenuated vaccine strain of Jun\u00edn virus, suggesting that the requirement of ATP1A1 in virus multiplication is conserved among genetically distantly related mammarenaviruses. Our findings suggest that clinically approved inhibitors of ATP1A1, like digoxin, could be repurposed to treat infections by mammarenaviruses pathogenic for humans.",
   "publish_time": "2018 Feb 20",
   "authors": [
      "Iwasaki, Masaharu",
      "Minder, Petra",
      "Ca\u00ec, Y\u00edngy\u00fan",
      "Kuhn, Jens H.",
      "Yates, John R.",
      "Torbett, Bruce E.",
      "de la Torre, Juan C."
   ],
   "journal": "PLoS Pathog",
   "has_full_text": "True",
   "full_text_file": "comm_use_subset",
   "id": "https://doi.org/10.1371/journal.ppat.1006892",
   "pubtator": "PMC5834214",
   "fhir_link": [
      "Commercial/Composition/efbd0dfc426da5dd25ce29411d6fa37571623773"
   ]
}