{
   "source_x": "PMC",
   "title": "Arenavirus Entry Occurs Through a Cholesterol-Dependent, Non-Caveolar, Clathrin-Mediated Endocytic Mechanism",
   "doi": "http://dx.doi.org/10.1016/j.virol.2007.07.014",
   "pmcid": "PMC2227908",
   "abstract": "Arenaviruses are important causes of viral hemorrhagic fevers in humans. Arenavirus infection of cells occurs via a pH dependent endocytic route, but detailed studies of entry pathways have not been done. We investigated the role of cell membrane cholesterol, caveolae, and clathrin coated pits in infection by Lassa virus (LASV), which utilizes alpha-dystroglycan (\u03b1-DG) as a receptor, and Pichind\u00e9 virus (PICV), which does not. Depletion of cellular cholesterol by treatment with methyl betacyclodextrin (M\u03b2CD) or nystatin/progesterone inhibited PICV replication and transfer of packaged marker gene by LASV or PICV pseudotyped retroviral particles. In cells lacking caveolae due to silencing of the caveolin-1 gene, no inhibition of PICV infection or LASV pseudotype transduction was observed. However, PICV infection and LASV and PICV pseudotype transduction was inhibited when an Eps15 dominant negative mutant was used to inhibit clathrin-mediated endocytosis. Altogether, the results indicate that diverse arenaviruses have a common requirement for cell membrane cholesterol and clathrin mediated endocytosis in establishing infection.",
   "authors": [
      "['Vela, Eric M.', 'Zhang, Lihong', 'Colpitts, Tonya M.', 'Davey, Robert A.', 'Aronson, Judith F.']"
   ],
   "id": "https://www.ncbi.nlm.nih.gov/pmc/articles/PMC2227908"
}