{
   "sha": "bf1b9188ca2e3eb5e80b73dcf3c12799344a7199",
   "source_x": "PMC",
   "title": "Short Term Effects of Weather on Hand, Foot and Mouth Disease",
   "doi": "http://dx.doi.org/10.1371/journal.pone.0016796",
   "pmcid": "PMC3037951",
   "pubmed_id": "21347303",
   "license": "CC BY",
   "abstract": "BACKGROUND: Hand, foot, and mouth disease (HFMD) outbreaks leading to clinical and fatal complications have increased since late 1990s; especially in the Asia Pacific Region. Outbreaks of HFMD peaks in the warmer season of the year, but the underlying factors for this annual pattern and the reasons to the recent upsurge trend have not yet been established. This study analyzed the effect of short-term changes in weather on the incidence of HFMD in Singapore. METHODS: The relative risks between weekly HFMD cases and temperature and rainfall were estimated for the period 2001\u20132008 using time series Poisson regression models allowing for over-dispersion. Smoothing was used to allow non-linear relationship between weather and weekly HFMD cases, and to adjust for seasonality and long-term time trend. Additionally, autocorrelation was controlled and weather was allowed to have a lagged effect on HFMD incidence up to 2 weeks. RESULTS: Weekly temperature and rainfall showed statistically significant association with HFMD incidence at time lag of 1\u20132 weeks. Every 1\u00b0C increases in maximum temperature above 32\u00b0C elevated the risk of HFMD incidence by 36% (95% CI\u200a=\u200a1.341\u20131.389). Simultaneously, one mm increase of weekly cumulative rainfall below 75 mm increased the risk of HFMD by 0.3% (CI\u200a=\u200a1.002\u20131.003). While above 75 mm the effect was opposite and each mm increases of rainfall decreased the incidence by 0.5% (CI\u200a=\u200a0.995\u20130.996). We also found that a difference between minimum and maximum temperature greater than 7\u00b0C elevated the risk of HFMD by 41% (CI\u200a=\u200a1.388\u20131.439). CONCLUSION: Our findings suggest a strong association between HFMD and weather. However, the exact reason for the association is yet to be studied. Information on maximum temperature above 32\u00b0C and moderate rainfall precede HFMD incidence could help to control and curb the up-surging trend of HFMD.",
   "publish_time": "2011 Feb 11",
   "authors": [
      "['Hii, Yien Ling', 'Rockl\u00f6v, Joacim', 'Ng, Nawi']"
   ],
   "journal": "PLoS One",
   "has_full_text": "True",
   "id": "bf1b9188ca2e3eb5e80b73dcf3c12799344a7199",
   "fhir_link": "Commercial/Composition/bf1b9188ca2e3eb5e80b73dcf3c12799344a7199"
}