{
   "sha": "b31dc72ffc01a849e4f2fce7ddd09067cfc82770",
   "source_x": "PMC",
   "title": "Temporal relationship between antibiotic use and respiratory virus activities in the Republic of Korea: a time-series analysis",
   "doi": "10.1186/s13756-018-0347-8",
   "pmcid": "PMC5922305",
   "pubmed_id": "29736236",
   "license": "cc-by",
   "abstract": "BACKGROUND: Inappropriate use of antibiotics increases resistance and reduces their effectiveness. Despite evidence-based guidelines, antibiotics are still commonly used to treat infections likely caused by respiratory viruses. In this study, we examined the temporal relationships between antibiotic usage and respiratory infections in the Republic of Korea. METHODS: The number of monthly antibiotic prescriptions and the incidence of acute respiratory tract infections between 2010 and 2015 at all primary care clinics were obtained from the Korean Health Insurance Review and Assessment Service. The monthly detection rates of respiratory viruses, including adenovirus, respiratory syncytial virus, influenza virus, human coronavirus, and human rhinovirus, were collected from Korea Centers for Disease Control and Prevention. Cross-correlation analysis was conducted to quantify the temporal relationship between antibiotic use and respiratory virus activities as well as respiratory infections in primary clinics. RESULTS: The monthly use of different classes of antibiotic, including penicillins, other beta-lactam antibacterials, macrolides and quinolones, was significantly correlated with influenza virus activity. These correlations peaked at the 0-month lag with cross-correlation coefficients of 0.45 (p < 0.01), 0.46 (p < 0.01), 0.40 (p < 0.01), and 0.35 (< 0.01), respectively. Furthermore, a significant correlation was found between acute bronchitis and antibiotics, including penicillin (0.73, p < 0.01), macrolides (0.74, p < 0.01), and quinolones (0.45, p < 0.01), at the 0-month lag. CONCLUSIONS: Our findings suggest that there is a significant temporal relationship between influenza virus activity and antibiotic use in primary clinics. This relationship indicates that interventions aimed at reducing influenza cases in addition to effort to discourage the prescription of antibiotics by physicians may help to decrease unnecessary antibiotic consumption.",
   "publish_time": "2018 Apr 25",
   "authors": [
      "Ryu, Sukhyun",
      "Kim, Sojung",
      "Kim, Bryan I.",
      "Klein, Eili Y.",
      "Yoon, Young Kyung",
      "Chun, Byung Chul"
   ],
   "journal": "Antimicrob Resist Infect Control",
   "has_full_text": "True",
   "full_text_file": "comm_use_subset",
   "id": "https://doi.org/10.1186/s13756-018-0347-8",
   "pubtator": "PMC5922305",
   "fhir_link": [
      "Commercial/Composition/b31dc72ffc01a849e4f2fce7ddd09067cfc82770"
   ]
}