{
   "source_x": "PMC",
   "title": "Bird flu: if or when? Planning for the next pandemic",
   "doi": "http://dx.doi.org/10.1136/pgmj.2007.059253",
   "pmcid": "PMC2600097",
   "abstract": "Avian influenza or \u201cbird flu\u201d is causing increasing concern across the world as experts prepare for the possible occurrence of the next human influenza pandemic. Only influenza A has ever been shown to have the capacity to cause pandemics. Currently A/H5N1, a highly pathogenic avian influenza virus, is of particular concern. Outbreaks of this disease in birds, especially domestic poultry, have been detected across Southeast Asia at regular intervals since 2003, and have now affected parts of Africa and Europe. Many unaffected countries across the world are preparing for the possible arrival of HPAI A/H5N1 in wild birds and poultry within their territories. All such countries need to prepare for the rare possibility of a small number of human cases of HPAI A/H5N1, imported through foreign travel. Although it is by no means certain that HPAI A/H5N1 will be the source of the next pandemic, many countries are also preparing for the inevitable occurrence of human pandemic influenza.",
   "authors": [
      "['Sellwood, Chloe', 'Asgari\u2010Jirhandeh, Nima', 'Salimee, Sultan']"
   ],
   "id": "https://www.ncbi.nlm.nih.gov/pmc/articles/PMC2600097"
}