{
   "sha": "b1bc4e62b880ab407cb7af2514847a38f76df2c7",
   "source_x": "PMC",
   "title": "A host-protein signature is superior to other biomarkers for differentiating between bacterial and viral disease in patients with respiratory infection and fever without source: a prospective observational study",
   "doi": "10.1007/s10096-018-3261-3",
   "pmcid": "PMC6015097",
   "pubmed_id": "29700762",
   "license": "cc-by",
   "abstract": "Bacterial and viral infections often present with similar symptoms. Etiologic misdiagnosis can alter the trajectory of patient care, including antibiotic overuse. A host-protein signature comprising tumor necrosis factor-related apoptosis-inducing ligand (TRAIL), interferon gamma-induced protein-10 (IP-10), and C-reactive protein (CRP) was validated recently for differentiating bacterial from viral disease. However, a focused head-to-head comparison of its diagnostic performance against other biomarker candidates for this indication was lacking in patients with respiratory infection and fever without source. We compared the signature to other biomarkers and prediction rules using specimens collected prospectively at two secondary medical centers from children and adults. Inclusion criteria included fever > 37.5 \u00b0C, symptom duration \u2264 12 days, and presentation with respiratory infection or fever without source. Comparator method was based on expert panel adjudication. Signature and biomarker cutoffs and prediction rules were predefined. Of 493 potentially eligible patients, 314 were assigned unanimous expert panel diagnosis and also had sufficient specimen volume. The resulting cohort comprised 175 (56%) viral and 139 (44%) bacterial infections. Signature sensitivity 93.5% (95% CI 89.1\u201397.9%), specificity 94.3% (95% CI 90.7\u201398.0%), or both were significantly higher (all p values < 0.01) than for CRP, procalcitonin, interleukin-6, human neutrophil lipocalin, white blood cell count, absolute neutrophil count, and prediction rules. Signature identified as viral 50/57 viral patients prescribed antibiotics, suggesting potential to reduce antibiotic overuse by 88%. The host-protein signature demonstrated superior diagnostic performance in differentiating viral from bacterial respiratory infections and fever without source. Future utility studies are warranted to validate potential to reduce antibiotic overuse. ELECTRONIC SUPPLEMENTARY MATERIAL: The online version of this article (10.1007/s10096-018-3261-3) contains supplementary material, which is available to authorized users.",
   "publish_time": "2018 Apr 26",
   "authors": [
      "Ashkenazi-Hoffnung, Liat",
      "Oved, Kfir",
      "Navon, Roy",
      "Friedman, Tom",
      "Boico, Olga",
      "Paz, Meital",
      "Kronenfeld, Gali",
      "Etshtein, Liat",
      "Cohen, Asi",
      "Gottlieb, Tanya M.",
      "Eden, Eran",
      "Chistyakov, Irina",
      "Srugo, Isaac",
      "Klein, Adi",
      "Ashkenazi, Shai",
      "Scheuerman, Oded"
   ],
   "journal": "Eur J Clin Microbiol Infect Dis",
   "has_full_text": "True",
   "full_text_file": "comm_use_subset",
   "id": "https://doi.org/10.1007/s10096-018-3261-3",
   "pubtator": "PMC6015097",
   "fhir_link": [
      "Commercial/Composition/b1bc4e62b880ab407cb7af2514847a38f76df2c7"
   ]
}