{
   "source_x": "PMC",
   "title": "Atmospheric Movement of Microorganisms in Clouds of Desert Dust and Implications for Human Health",
   "doi": "http://dx.doi.org/10.1128/CMR.00039-06",
   "pmcid": "PMC1932751",
   "abstract": "Billions of tons of desert dust move through the atmosphere each year. The primary source regions, which include the Sahara and Sahel regions of North Africa and the Gobi and Takla Makan regions of Asia, are capable of dispersing significant quantities of desert dust across the traditionally viewed oceanic barriers. While a considerable amount of research by scientists has addressed atmospheric pathways and aerosol chemistry, very few studies to determine the numbers and types of microorganisms transported within these desert dust clouds and the roles that they may play in human health have been conducted. This review is a summary of the current state of knowledge of desert dust microbiology and the health impact that desert dust and its microbial constituents may have in downwind environments both close to and far from their sources.",
   "authors": [
      "Griffin, Dale W."
   ],
   "id": "https://www.ncbi.nlm.nih.gov/pmc/articles/PMC1932751"
}