{
   "sha": "cdf75a14256bbd7d9cd72634c174cb4e63c06a25",
   "source_x": "PMC",
   "title": "Visualizing Viral Infection In Vivo by Multi-Photon Intravital Microscopy",
   "doi": "10.3390/v10060337",
   "pmcid": "PMC6024644",
   "pubmed_id": "29925766",
   "license": "cc-by",
   "abstract": "Viral pathogens have adapted to the host organism to exploit the cellular machinery for virus replication and to modulate the host cells for efficient systemic dissemination and immune evasion. Much of our knowledge of the effects that virus infections have on cells originates from in vitro imaging studies using experimental culture systems consisting of cell lines and primary cells. Recently, intravital microscopy using multi-photon excitation of fluorophores has been applied to observe virus dissemination and pathogenesis in real-time under physiological conditions in living organisms. Critical steps during viral infection and pathogenesis could be studied by direct visualization of fluorescent virus particles, virus-infected cells, and the immune response to viral infection. In this review, I summarize the latest research on in vivo studies of viral infections using multi-photon intravital microscopy (MP-IVM). Initially, the underlying principle of multi-photon microscopy is introduced and experimental challenges during microsurgical animal preparation and fluorescent labeling strategies for intravital imaging are discussed. I will further highlight recent studies that combine MP-IVM with optogenetic tools and transcriptional analysis as a powerful approach to extend the significance of in vivo imaging studies of viral pathogens.",
   "publish_time": "2018 Jun 20",
   "authors": [
      "Sewald, Xaver"
   ],
   "journal": "Viruses",
   "has_full_text": "True",
   "full_text_file": "comm_use_subset",
   "id": "https://doi.org/10.3390/v10060337",
   "pubtator": "PMC6024644",
   "fhir_link": [
      "Commercial/Composition/cdf75a14256bbd7d9cd72634c174cb4e63c06a25"
   ]
}