{
   "sha": "263a93d919f1c783a014ddb3f1b15d7ad3a3553b",
   "source_x": "PMC",
   "title": "SARS-Coronavirus Open Reading Frame-3a drives multimodal necrotic cell death",
   "doi": "10.1038/s41419-018-0917-y",
   "pmcid": "PMC6125346",
   "pubmed_id": "30185776",
   "license": "cc-by",
   "abstract": "The molecular mechanisms underlying the severe lung pathology that occurs during SARS-CoV infections remain incompletely understood. The largest of the SARS-CoV accessory protein open reading frames (SARS 3a) oligomerizes, dynamically inserting into late endosomal, lysosomal, and trans-Golgi-network membranes. While previously implicated in a non-inflammatory apoptotic cell death pathway, here we extend the range of SARS 3a pathophysiologic targets by examining its effects on necrotic cell death pathways. We show that SARS 3a interacts with Receptor Interacting Protein 3 (Rip3), which augments the oligomerization of SARS 3a helping drive necrotic cell death. In addition, by inserting into lysosomal membranes SARS 3a triggers lysosomal damage and dysfunction. Consequently, Transcription Factor EB (TFEB) translocates to the nucleus increasing the transcription of autophagy- and lysosome-related genes. Finally, SARS 3a activates caspase-1 either directly or via an enhanced potassium efflux, which triggers NLRP3 inflammasome assembly. In summary, Rip3-mediated oligomerization of SARS 3a causes necrotic cell death, lysosomal damage, and caspase-1 activation\u2014all likely contributing to the clinical manifestations of SARS-CoV infection.",
   "publish_time": "2018 Sep 5",
   "authors": [
      "Yue, Yuan",
      "Nabar, Neel R.",
      "Shi, Chong-Shan",
      "Kamenyeva, Olena",
      "Xiao, Xun",
      "Hwang, Il-Young",
      "Wang, Min",
      "Kehrl, John H."
   ],
   "journal": "Cell Death Dis",
   "has_full_text": "True",
   "full_text_file": "comm_use_subset",
   "id": "https://doi.org/10.1038/s41419-018-0917-y",
   "pubtator": "PMC6125346",
   "fhir_link": [
      "Commercial/Composition/263a93d919f1c783a014ddb3f1b15d7ad3a3553b"
   ]
}