{
   "source_x": "PMC",
   "title": "C-E1 Fusion Protein Synthesized by Rubella Virus DI RNAs Maintained During Serial Passage",
   "doi": "http://dx.doi.org/10.1016/j.virol.2006.07.041",
   "pmcid": "PMC2694048",
   "abstract": "Rubella virus (RUB) replicons are derivatives of the RUB infectious cDNA clone that retain the nonstructural open reading frame (NS-ORF) that encodes the replicase proteins but not the structural protein ORF (SP-ORF) that encodes the virion proteins. RUB defective interfering (DI) RNAs contain deletions within the SP-ORF and thus resemble replicons. DI RNAs often retain the 5\u2032 end of the capsid protein (C) gene which has been shown to modulate virus-specific RNA synthesis. However, when replicons either with or without the C gene were passaged serially in the presence of wt RUB as a source of the virion proteins, it was found that neither replicon was maintained and DI RNAs were generated. The majority DI RNA species contained in-frame deletions in the SP-ORF leading to a fusion between the 5\u2032 end of the C gene and the 3\u2032 end of the E1 glycoprotein gene. DI infectious cDNA clones were constructed and transcripts from these DI infectious cDNA clones were maintained during serial passage with wt RUB. The C-E1 fusion protein encoded by the DI RNAs was synthesized and was required for maintenance of the DI RNA during serial passage. This is the first report of a functional novel gene product resulting from deletion during DI RNA generation. Thus far, the role of the C-E1 fusion protein in maintenance of DI RNAs during serial passage remained elusive as it was found that the fusion protein diminished rather than enhanced DI RNA synthesis and was not incorporated into virus particles.",
   "authors": [
      "['Tzeng, Wen-Pin', 'Frey, Teryl K.']"
   ],
   "id": "https://www.ncbi.nlm.nih.gov/pmc/articles/PMC2694048"
}