{
   "sha": "4c3ff586d4238ccd7324950db31a02037463f973",
   "source_x": "PMC",
   "title": "Comparative Anti-Infectious Bronchitis Virus (IBV) Activity of (-)-Pinene: Effect on Nucleocapsid (N) Protein",
   "doi": "10.3390/molecules16021044",
   "pmcid": "PMC6259611",
   "pubmed_id": "21350392",
   "license": "cc-by",
   "abstract": "In the present study, anti-IBV (infectious bronchitis virus) activities of (-)-pinenes were studied by MTT assay, as well as docking and molecular dynamic (MD) simulations. The CC(50)values of (-)-\u03b1-pinene and (-)-\u03b2-pinene were above 10 mM. And the maximum noncytotoxic concentrations (TD(0)) of (-)-\u03b1-pinene and (-)-\u03b2-pinene were determined as 7.88 \u00b1 0.06 and 6.09 \u00b1 0.31 mM, respectively. The two compounds were found to inhibit IBV with an IC(50) of 0.98 \u00b1 0.25 and 1.32 \u00b1 0.11 mM. The MTT assay showed that the inhibitions of (-)-pinenes against IBV appear to occur moderately before entering the cell but are much stronger occur after penetration of the virus into the cell. Molecular simulations indicated that (-)-\u03b1-pinene and (-)-\u03b2-pinene specifically interact with the active site which is located at the N terminus of phosphorylated nucleocapsid (N) protein, with the former being more potent than the latter. The binding energies of them are \u221236.83 and \u221235.59 kcal mol(\u22121), respectively. Results presented here may suggest that (-)-\u03b1-pinene and (-)-\u03b2-pinene possess anti-IBV properties, and therefore are a potential source of anti-IBV ingredients for the pharmaceutical industry.",
   "publish_time": "2011 Jan 25",
   "authors": [
      "Yang, Zhiwei",
      "Wu, Nan",
      "Zu, Yuangang",
      "Fu, Yujie"
   ],
   "journal": "Molecules",
   "has_full_text": "True",
   "full_text_file": "comm_use_subset",
   "id": "https://doi.org/10.3390/molecules16021044",
   "pubtator": "PMC6259611",
   "fhir_link": [
      "Commercial/Composition/4c3ff586d4238ccd7324950db31a02037463f973"
   ]
}