{
   "sha": "2a3e6aaf35057f4222ef436b616e9d05106e076e",
   "source_x": "PMC",
   "title": "Immunogenicity of Pigeon Circovirus Recombinant Capsid Protein in Pigeons",
   "doi": "10.3390/v10110596",
   "pmcid": "PMC6265742",
   "pubmed_id": "30384424",
   "license": "cc-by",
   "abstract": "Pigeon circovirus (PiCV) is the most frequently diagnosed virus in pigeons and is thought to be one of the causative factors of a complex disease called the young pigeon disease syndrome (YPDS). The development of a vaccine against this virus could be a strategy for YPDS control. Since laboratory culture of PiCV is impossible, its recombinant capsid protein (rCP) can be considered as a potential antigen candidate in sub-unit vaccines. The aim of this basic research was to evaluate the immune response of pigeons to PiCV rCP. Sixty six-week-old carrier pigeons were divided into two groups (experimental immunized with PiCV rCP mixed with an adjuvant, and control immunized with an adjuvant only), and immunized twice in a 21-day interval. On the day of immunization and on two, 23, 39, and 46 days post first immunization (dpv), samples of blood, spleen, and bursa of Fabricius were collected from six birds from each group to examine anti-PiCV rCP IgY, anti-PiCV rCP IgY-secreting B cells (SBC), IFN-\u03b3 gene expression, and percentage of T CD3(+), CD4(+), CD8(+), and B IgM(+) lymphocytes. The results indicated a correct immune response to PiCV rCP both in humoral and cell-mediated immunity, which was manifested by seroconversion since 23 dpv, by a significantly higher anti-PiCV rCP IgY-SBC number on two and 23 dpv, and significantly higher IFN-\u03b3 gene expression since two dpv. There were no significant differences or trends noted between particular T and B lymphocyte subpopulations. To conclude, PiCV rCP may be deemed immunogenic and could be considered as an antigen candidate in sub-unit vaccines against PiCV infections in pigeons.",
   "publish_time": "2018 Oct 31",
   "authors": [
      "Stenzel, Tomasz",
      "Dziewulska, Daria",
      "Tyka\u0142owski, Bart\u0142omiej",
      "\u015amia\u0142ek, Marcin",
      "Kowalczyk, Joanna",
      "Koncicki, Andrzej"
   ],
   "journal": "Viruses",
   "has_full_text": "True",
   "full_text_file": "comm_use_subset",
   "id": "https://doi.org/10.3390/v10110596",
   "pubtator": "PMC6265742",
   "fhir_link": [
      "Commercial/Composition/2a3e6aaf35057f4222ef436b616e9d05106e076e"
   ]
}