{
   "source_x": "PMC",
   "title": "Epidemiology of Human Metapneumovirus",
   "doi": "http://dx.doi.org/10.1128/CMR.00014-06",
   "pmcid": "PMC1539100",
   "abstract": "Since the discovery of human metapneumovirus (hMPV) in 2001, the virus has been identified worldwide. hMPV is a common respiratory pathogen, particularly in infants and young children. The virus is associated with both upper and lower respiratory tract infections and may be a trigger for asthma. At least two major genotypes of hMPV circulate during community outbreaks. Whether these genotypes represent distinct serotypes remains controversial. The major challenges faced by the medical and scientific communities are the understanding of the pathogenesis of hMPV disease and the development of a safe and effective vaccine to protect against infection and disease caused by this newly recognized respiratory virus.",
   "authors": [
      "Kahn, Jeffrey S."
   ],
   "id": "https://www.ncbi.nlm.nih.gov/pmc/articles/PMC1539100"
}