{
   "sha": "a4f120c79ea75052176f2c3d6a351485862a6ca8",
   "source_x": "PMC",
   "title": "Neutralizing Monoclonal Antibodies as Promising Therapeutics against Middle East Respiratory Syndrome Coronavirus Infection",
   "doi": "10.3390/v10120680",
   "pmcid": "PMC6315345",
   "pubmed_id": "30513619",
   "license": "cc-by",
   "abstract": "Since emerging in 2012, Middle East Respiratory Syndrome Coronavirus (MERS-CoV) has been a global public health threat with a high fatality rate and worldwide distribution. There are no approved vaccines or therapies for MERS until now. Passive immunotherapy with neutralizing monoclonal antibodies (mAbs) is an effective prophylactic and therapeutic reagent against emerging viruses. In this article, we review current advances in neutralizing mAbs against MERS-CoV. The receptor-binding domain (RBD) in the spike protein of MERS-CoV is a major target, and mouse, camel, or human-derived neutralizing mAbs targeting RBD have been developed. A major problem with neutralizing mAb therapy is mutant escape under selective pressure, which can be solved by combination of neutralizing mAbs targeting different epitopes. Neutralizing mAbs are currently under preclinical evaluation, and they are promising candidate therapeutic agents against MERS-CoV infection.",
   "publish_time": "2018 Nov 30",
   "authors": [
      "Han, Hui-Ju",
      "Liu, Jian-Wei",
      "Yu, Hao",
      "Yu, Xue-Jie"
   ],
   "journal": "Viruses",
   "has_full_text": "True",
   "full_text_file": "comm_use_subset",
   "id": "https://doi.org/10.3390/v10120680",
   "pubtator": "PMC6315345",
   "fhir_link": [
      "Commercial/Composition/a4f120c79ea75052176f2c3d6a351485862a6ca8"
   ]
}