{
   "sha": "816189230d6a7194892b0f10e0dcdd3a6a025647",
   "source_x": "PMC",
   "title": "A new immunochromatographic assay for on-site detection of porcine epidemic diarrhea virus based on monoclonal antibodies prepared by using cell surface fluorescence immunosorbent assay",
   "doi": "10.1186/s12917-019-1773-4",
   "pmcid": "PMC6339306",
   "pubmed_id": "30658643",
   "license": "cc-by",
   "abstract": "BACKGROUND: Porcine epidemic diarrhea virus (PEDV) is a highly effective pathogen that can cause death of new-born piglet, resulting in big economical loss in pig farming industry. For rapid detection of PEDV, a new immunochromatographic assay (ICA) based on monoclonal antibodies (mAbs) was developed in this study. RESULTS: The mAbs were prepared by using PEDV positive hybridoma cells that were selected by using cell surface fluorescence immunosorbent assay (CSFIA). Fourteen mAbs against PEDV strain isolated from south of China were prepared. The optimal mAb 4A11 was coated on NC membrane as the capturing reagent and the mAb A11H7 was coupled to gold nanoparticles (AuNPs) as detection reagent for the new ICA. The new ICA was used to measure PEDV in phosphate buffer containing tween-20. Results indicated that the limit of detection (LOD) of the new ICA was 0.47 \u03bcg/mL (5.9 \u00d7 10(3) TCID(50)/mL) and the liner detection range of the ICA was 0.625\u201310 \u03bcg/mL (7.8 \u00d7 10(3)\u201310(5) TCID(50)/mL). The specificity analysis results showed that this new ICA had no cross reaction in the presence of other porcine viruses. The ICA was also validated for the detection of PEDV in swine stool samples with little interference from swine stool. To compare its accuracy to other traditional detection methods, 27 swine stool samples from south of China were investigated with the new developed ICA, commercial strip and RT-PCR. Results showed that the new ICA was more comparable to RT-PCR than commercial test strip. CONCLUSIONS: A new ICA based on mAbs prepared by CSFIA was developed in this study. It was a sensitive, specific and rapid method that could be used for on-site detection of PEDV and therefore was useful for the diagnosis and prevention of PED. ELECTRONIC SUPPLEMENTARY MATERIAL: The online version of this article (10.1186/s12917-019-1773-4) contains supplementary material, which is available to authorized users.",
   "publish_time": "2019 Jan 18",
   "authors": [
      "Bian, Hongfen",
      "Xu, Fei",
      "Jia, Yumin",
      "Wang, Lei",
      "Deng, Shengchao",
      "Jia, Aiqing",
      "Tang, Yong"
   ],
   "journal": "BMC Vet Res",
   "has_full_text": "True",
   "full_text_file": "comm_use_subset",
   "id": "https://doi.org/10.1186/s12917-019-1773-4",
   "pubtator": "PMC6339306",
   "fhir_link": [
      "Commercial/Composition/816189230d6a7194892b0f10e0dcdd3a6a025647"
   ]
}