{
   "sha": "273ed1bf60b19e3db4ab3894a20598336b7e0ef4",
   "source_x": "PMC",
   "title": "Effect of prebiotic supplementation with stabilized rice bran in milk of pre-weaned organic Holstein calves",
   "doi": "10.1186/s12917-019-1802-3",
   "pmcid": "PMC6367819",
   "pubmed_id": "30732598",
   "license": "cc-by",
   "abstract": "BACKGROUND: The first month of life possess significant challenges for dairy calves due to high susceptibility to digestive diseases. The objective of this study was to evaluate the effect of prebiotic supplementation with stabilized rice bran (SRB) in milk on health, immunity, and performance of pre-weaned organic dairy calves. Holstein heifer calves (n = 90) were enrolled at 6 \u00b1 1 days old and monitored for 28 days, from July to August 2017. Calves were randomly assigned to a control (CTR; n = 45) or a treatment group (SRB; n = 45). The CTR group received milk alone and the SRB group received 120 g of SRB per day in milk to achieve a 10% w/w dose of the total calories. Daily health evaluations were conducted to score health status and disease severity (healthy, slightly affected, moderately or severely sick) of calves, through integrated assessment of diarrhea, dehydration, attitude, and milk intake. Body weights and fecal IgA quantification were completed on the first and last day of the study. RESULTS: Overall, weight gain and fecal IgA concentrations were not affected by the dietary addition of SRB. The total number of calf-days classified as healthy or sick were not different between treatment groups. Similarly, the number of calf-days categorized as slightly affected, moderately sick, or severely sick did not differ between treatment groups. Time to event analyses indicated a tendency for a treatment effect in the time to the first moderate case of diarrhea (P = 0.08), as well as in the time to recovery from diarrhea (P = 0.052), favoring control calves. CONCLUSIONS: These results indicated that the dietary addition of SRB in milk did not have an effect in health, immunity or performance of pre-weaned dairy calves.",
   "publish_time": "2019 Feb 7",
   "authors": [
      "Velasquez-Munoz, Ana",
      "Manriquez, Diego",
      "Paudyal, Sushil",
      "Han, Hyungchul",
      "Callan, Robert",
      "Ryan, Elizabeth P.",
      "Pinedo, Pablo"
   ],
   "journal": "BMC Vet Res",
   "has_full_text": "True",
   "full_text_file": "comm_use_subset",
   "id": "https://doi.org/10.1186/s12917-019-1802-3",
   "pubtator": "PMC6367819",
   "fhir_link": [
      "Commercial/Composition/273ed1bf60b19e3db4ab3894a20598336b7e0ef4"
   ]
}