{
   "sha": "d86146bbcb9ae18278150f4cb241ca1ce31fbf28",
   "source_x": "PMC",
   "title": "Drug Repurposing Approaches for the Treatment of Influenza Viral Infection: Reviving Old Drugs to Fight Against a Long-Lived Enemy",
   "doi": "10.3389/fimmu.2019.00531",
   "pmcid": "PMC6434107",
   "pubmed_id": "30941148",
   "license": "cc-by",
   "abstract": "Influenza viruses still constitute a real public health problem today. To cope with the emergence of new circulating strains, but also the emergence of resistant strains to classic antivirals, it is necessary to develop new antiviral approaches. This review summarizes the state-of-the-art of current antiviral options against influenza infection, with a particular focus on the recent advances of anti-influenza drug repurposing strategies and their potential therapeutic, regulatory and economic benefits. The review will illustrate the multiple ways to reposition molecules for the treatment of influenza, from adventitious discovery to in silico-based screening. These novel antiviral molecules, many of which targeting the host cell, in combination with conventional antiviral agents targeting the virus, will ideally enter the clinics and reinforce the therapeutic arsenal to combat influenza virus infections.",
   "publish_time": "2019 Mar 19",
   "authors": [
      "Pizzorno, Andr\u00e9s",
      "Padey, Blandine",
      "Terrier, Olivier",
      "Rosa-Calatrava, Manuel"
   ],
   "journal": "Front Immunol",
   "has_full_text": "True",
   "full_text_file": "comm_use_subset",
   "id": "https://doi.org/10.3389/fimmu.2019.00531",
   "pubtator": "PMC6434107",
   "fhir_link": [
      "Commercial/Composition/d86146bbcb9ae18278150f4cb241ca1ce31fbf28"
   ]
}