{
   "source_x": "PMC",
   "title": "The Ubiquitin-Proteasome System Facilitates the Transfer of Murine Coronavirus from Endosome to Cytoplasm during Virus Entry",
   "doi": "http://dx.doi.org/10.1128/JVI.79.1.644-648.2005",
   "pmcid": "PMC538694",
   "abstract": "The ubiquitin-proteasome system is involved in cellular endocytosis and maturation of some viruses. In this study, we found that proteasome inhibitors blocked mouse hepatitis virus replication at an early step in the viral life cycle. In the presence of MG132, the entering viruses accumulated in both the endosome and denser lysosome, suggesting that the ubiquitin-proteasome system is involved in the release of virus from the endosome to the cytosol during the virus entry step.",
   "authors": [
      "['Yu, Guann-Yi', 'Lai, Michael M. C.']"
   ],
   "id": "https://www.ncbi.nlm.nih.gov/pmc/articles/PMC538694"
}