{
   "sha": "4ee3d76ee71e4eac590b1b228fc72dc372cdc16f",
   "source_x": "PMC",
   "title": "The Group B Streptococcal surface antigen I/II protein, BspC, interacts with host vimentin to promote adherence to brain endothelium and inflammation during the pathogenesis of meningitis",
   "doi": "10.1371/journal.ppat.1007848",
   "pmcid": "PMC6586375",
   "pubmed_id": "31181121",
   "license": "cc-by",
   "abstract": "Streptococcus agalactiae (Group B Streptococcus, GBS) normally colonizes healthy adults but can cause invasive disease, such as meningitis, in the newborn. To gain access to the central nervous system, GBS must interact with and penetrate brain or meningeal blood vessels; however, the exact mechanisms are still being elucidated. Here, we investigate the contribution of BspC, an antigen I/II family adhesin, to the pathogenesis of GBS meningitis. Disruption of the bspC gene reduced GBS adherence to human cerebral microvascular endothelial cells (hCMEC), while heterologous expression of BspC in non-adherent Lactococcus lactis conferred bacterial attachment. In a murine model of hematogenous meningitis, mice infected with \u0394bspC mutants exhibited lower mortality as well as decreased brain bacterial counts and inflammatory infiltrate compared to mice infected with WT GBS strains. Further, BspC was both necessary and sufficient to induce neutrophil chemokine expression. We determined that BspC interacts with the host cytoskeleton component vimentin and confirmed this interaction using a bacterial two-hybrid assay, microscale thermophoresis, immunofluorescent staining, and imaging flow cytometry. Vimentin null mice were protected from WT GBS infection and also exhibited less inflammatory cytokine production in brain tissue. These results suggest that BspC and the vimentin interaction is critical for the pathogenesis of GBS meningitis.",
   "publish_time": "2019 Jun 10",
   "authors": [
      "Deng, Liwen",
      "Spencer, Brady L.",
      "Holmes, Joshua A.",
      "Mu, Rong",
      "Rego, Sara",
      "Weston, Thomas A.",
      "Hu, Yoonsung",
      "Sanches, Glenda F.",
      "Yoon, Sunghyun",
      "Park, Nogi",
      "Nagao, Prescilla E.",
      "Jenkinson, Howard F.",
      "Thornton, Justin A.",
      "Seo, Keun Seok",
      "Nobbs, Angela H.",
      "Doran, Kelly S."
   ],
   "journal": "PLoS Pathog",
   "has_full_text": "True",
   "full_text_file": "comm_use_subset",
   "id": "https://doi.org/10.1371/journal.ppat.1007848",
   "pubtator": "PMC6586375",
   "fhir_link": [
      "Commercial/Composition/4ee3d76ee71e4eac590b1b228fc72dc372cdc16f"
   ]
}