{
   "source_x": "PMC",
   "title": "Regulation of Relative Abundance of Arterivirus Subgenomic mRNAs",
   "doi": "http://dx.doi.org/10.1128/JVI.78.15.8102-8113.2004",
   "pmcid": "PMC446141",
   "abstract": "The subgenomic (sg) mRNAs of arteriviruses (order Nidovirales) form a 5\u2032- and 3\u2032-coterminal nested set with the viral genome. Their 5\u2032 common leader sequence is derived from the genomic 5\u2032-proximal region. Fusion of sg RNA leader and \u201cbody\u201d segments involves a discontinuous transcription step. Presumably during minus-strand synthesis, the nascent RNA strand is transferred from one site in the genomic template to another, a process guided by conserved transcription-regulating sequences (TRSs) at these template sites. Subgenomic RNA species are produced in different but constant molar ratios, with the smallest RNAs usually being most abundant. Factors thought to influence sg RNA synthesis are size differences between sg RNA species, differences in sequence context between body TRSs, and the mutual influence (or competition) between strand transfer reactions occurring at different body TRSs. Using an Equine arteritis virus infectious cDNA clone, we investigated how body TRS activity affected sg RNA synthesis from neighboring body TRSs. Flanking sequences were standardized by head-to-tail insertion of several copies of an RNA7 body TRS cassette. A perfect gradient of sg RNA abundance, progressively favoring smaller RNA species, was observed. Disruption of body TRS function by mutagenesis did not have a significant effect on the activity of other TRSs. However, deletion of body TRS-containing regions enhanced synthesis of sg RNAs from upstream TRSs but not of those produced from downstream TRSs. The results of this study provide considerable support for the proposed discontinuous extension of minus-strand RNA synthesis as a crucial step in sg RNA synthesis.",
   "authors": [
      "['Pasternak, Alexander O.', 'Spaan, Willy J. M.', 'Snijder, Eric J.']"
   ],
   "id": "https://www.ncbi.nlm.nih.gov/pmc/articles/PMC446141"
}