{
   "sha": "061eb24a1462aba7b53e6c099fe5d4bd046dd56a",
   "source_x": "PMC",
   "title": "G-Quadruplex-Based Fluorescent Turn-On Ligands and Aptamers: From Development to Applications",
   "doi": "10.3390/molecules24132416",
   "pmcid": "PMC6650947",
   "pubmed_id": "31262059",
   "license": "cc-by",
   "abstract": "Guanine (G)-quadruplexes (G4s) are unique nucleic acid structures that are formed by stacked G-tetrads in G-rich DNA or RNA sequences. G4s have been reported to play significant roles in various cellular events in both macro- and micro-organisms. The identification and characterization of G4s can help to understand their different biological roles and potential applications in diagnosis and therapy. In addition to biophysical and biochemical methods to interrogate G4 formation, G4 fluorescent turn-on ligands can be used to target and visualize G4 formation both in vitro and in cells. Here, we review several representative classes of G4 fluorescent turn-on ligands in terms of their interaction mechanism and application perspectives. Interestingly, G4 structures are commonly identified in DNA and RNA aptamers against targets that include proteins and small molecules, which can be utilized as G4 tools for diverse applications. We therefore also summarize the recent development of G4-containing aptamers and highlight their applications in biosensing, bioimaging, and therapy. Moreover, we discuss the current challenges and future perspectives of G4 fluorescent turn-on ligands and G4-containing aptamers.",
   "publish_time": "2019 Jun 30",
   "authors": [
      "Umar, Mubarak I.",
      "Ji, Danyang",
      "Chan, Chun-Yin",
      "Kwok, Chun Kit"
   ],
   "journal": "Molecules",
   "has_full_text": "True",
   "full_text_file": "comm_use_subset",
   "id": "https://doi.org/10.3390/molecules24132416",
   "pubtator": "PMC6650947",
   "fhir_link": [
      "Commercial/Composition/061eb24a1462aba7b53e6c099fe5d4bd046dd56a"
   ]
}