{
   "sha": "86fe86ce31570f771ef1b5f8f8c92a97a9fe22c4",
   "source_x": "PMC",
   "title": "Opportunities Revealed for Antimicrobial Stewardship and Clinical Practice with Implementation of a Rapid Respiratory Multiplex Assay",
   "doi": "10.1128/JCM.00861-19",
   "pmcid": "PMC6760939",
   "pubmed_id": "31413077",
   "license": "cc-by",
   "abstract": "Few studies assess the utility of rapid multiplex molecular respiratory panels in adult patients. Previous multiplex PCR assays took hours to days from order time to result. We analyze the clinical impact of switching to a molecular assay with a 3-h test-turnaround-time (TAT). We performed a retrospective review of adult patients who presented to our emergency departments with respiratory symptoms and had a respiratory viral panel (xTAG RVP; RVP) or respiratory pathogen panel (ePlex RP; RPP) within 48 h of presentation. The average TATs for the RVP and RPP were 27.9 and 3.0 h, respectively (P < 0.0001). In RVP-positive and RPP-positive patients, 68.9 and 44.5% of those with normal chest imaging received antibiotics (P = 0.013), while 95.4 and 89.6% of those with abnormal imaging received antibiotics, respectively (P = 0.187). There was no difference in antibiotic duration in RVP-positive and RPP-positive patients with abnormal chest imaging (6.2 and 6.0 days, respectively; P = 0.923) and normal chest imaging (4.5 and 4.3 days, respectively; P = 0.922). Fewer patients were admitted in the RPP-positive compared to the RVP-positive group (76.9 and 88.6%, respectively; P = 0.013), while the proportion of admissions were similar among RPP-negative and RVP-negative patients (85.3 and 87.1%, P = 0.726). Switching to a multiplex respiratory panel with a clinically actionable TAT is associated with reduced hospital admissions and, in admitted adults without focal radiographic findings, reduced antibiotic initiation. Opportunities to further mitigate inappropriate antibiotic use may be realized by combining rapid multiplex PCR with provider education, clinical decision-care algorithms, and active antibiotic stewardship.",
   "publish_time": "2019 Sep 24",
   "authors": [
      "Weiss, Zoe F.",
      "Cunha, Cheston B.",
      "Chambers, Alison B.",
      "Carr, Audrey V.",
      "Rochat, Cleo",
      "Raglow-Defranco, Mariska",
      "Parente, Diane M.",
      "Angus, Aimee",
      "Mermel, Leonard A.",
      "Sivaprasad, Latha",
      "Chapin, Kimberle"
   ],
   "journal": "J Clin Microbiol",
   "has_full_text": "True",
   "full_text_file": "comm_use_subset",
   "id": "https://doi.org/10.1128/JCM.00861-19",
   "pubtator": "PMC6760939",
   "fhir_link": [
      "Commercial/Composition/86fe86ce31570f771ef1b5f8f8c92a97a9fe22c4"
   ]
}