{
   "sha": "f6c3322832e870befdabba94767a6422dfd67d2b",
   "source_x": "PMC",
   "title": "Nanoparticle-based vaccine development and evaluation against viral infections in pigs",
   "doi": "10.1186/s13567-019-0712-5",
   "pmcid": "PMC6833244",
   "pubmed_id": "31694705",
   "license": "cc-by",
   "abstract": "Virus infections possess persistent health challenges in swine industry leading to severe economic losses worldwide. The economic burden caused by virus infections such as Porcine Reproductive and Respiratory Syndrome Virus, Swine influenza virus, Porcine Epidemic Diarrhea Virus, Porcine Circovirus 2, Foot and Mouth Disease Virus and many others are associated with severe morbidity, mortality, loss of production, trade restrictions and investments in control and prevention practices. Pigs can also have a role in zoonotic transmission of some viral infections to humans. Inactivated and modified-live virus vaccines are available against porcine viral infections with variable efficacy under field conditions. Thus, improvements over existing vaccines are necessary to: (1) Increase the breadth of protection against evolving viral strains and subtypes; (2) Control of emerging and re-emerging viruses; (3) Eradicate viruses localized in different geographic areas; and (4) Differentiate infected from vaccinated animals to improve disease control programs. Nanoparticles (NPs) generated from virus-like particles, biodegradable and biocompatible polymers and liposomes offer many advantages as vaccine delivery platform due to their unique physicochemical properties. NPs help in efficient antigen internalization and processing by antigen presenting cells and activate them to elicit innate and adaptive immunity. Some of the NPs-based vaccines could be delivered through both parenteral and mucosal routes to trigger efficient mucosal and systemic immune responses and could be used to target specific immune cells such as mucosal microfold (M) cells and dendritic cells (DCs). In conclusion, NPs-based vaccines can serve as novel candidate vaccines against several porcine viral infections with the potential to enhance the broader protective efficacy under field conditions. This review highlights the recent developments in NPs-based vaccines against porcine viral pathogens and how the NPs-based vaccine delivery system induces innate and adaptive immune responses resulting in varied level of protective efficacy.",
   "publish_time": "2019 Nov 6",
   "authors": [
      "Dhakal, Santosh",
      "Renukaradhya, Gourapura J."
   ],
   "journal": "Vet Res",
   "has_full_text": "True",
   "full_text_file": "comm_use_subset",
   "id": "https://doi.org/10.1186/s13567-019-0712-5",
   "pubtator": "PMC6833244",
   "fhir_link": [
      "Commercial/Composition/f6c3322832e870befdabba94767a6422dfd67d2b"
   ]
}