{
   "sha": "db7db8941a68a14e0b227ce42898ad4ecd40df62",
   "source_x": "PMC",
   "title": "Public Health Emergency Preparedness and Response Communications with Health Care Providers: A Literature Review",
   "doi": "http://dx.doi.org/10.1186/1471-2458-11-337",
   "pmcid": "PMC3121631",
   "pubmed_id": "21592390",
   "license": "CC BY",
   "abstract": "BACKGROUND: Health care providers (HCPs) play an important role in public health emergency preparedness and response (PHEPR) so need to be aware of public health threats and emergencies. To inform HCPs, public health issues PHEPR messages that provide guidelines and updates, and facilitate surveillance so HCPs will recognize and control communicable diseases, prevent excess deaths and mitigate suffering. Public health agencies need to know that the PHEPR messages sent to HCPs reach their target audience and are effective and informative. Public health agencies need to know that the PHEPR messages sent to HCPs reach their target audience and are effective and informative. We conducted a literature review to investigate the systems and tools used by public health to generate PHEPR communications to HCPs, and to identify specific characteristics of message delivery mechanisms and formats that may be associated with effective PHEPR communications. METHODS: A systematic review of peer- and non-peer-reviewed literature focused on the following questions: 1) What public health systems exist for communicating PHEPR messages from public health agencies to HCPs? 2) Have these systems been evaluated and, if yes, what criteria were used to evaluate these systems? 3) What have these evaluations discovered about characterizations of the most effective ways for public health agencies to communicate PHEPR messages to HCPs? RESULTS: We identified 25 systems or tools for communicating PHEPR messages from public health agencies to HCPs. Few articles assessed PHEPR communication systems or messaging methods or outcomes. Only one study compared the effectiveness of the delivery format, device or message itself. We also discovered that the potential is high for HCPs to experience \"message overload\" given redundancy of PHEPR messaging in multiple formats and/or through different delivery systems. CONCLUSIONS: We found that detailed descriptions of PHEPR messaging from public health to HCPs are scarce in the literature and, even when available are rarely evaluated in any systematic fashion. To meet present-day and future information needs for emergency preparedness, more attention needs to be given to evaluating the effectiveness of these systems in a scientifically rigorous manner.",
   "publish_time": "2011 May 18",
   "authors": [
      "['Revere, Debra', 'Nelson, Kailey', 'Thiede, Hanne', 'Duchin, Jeffrey', 'Stergachis, Andy', 'Baseman, Janet']"
   ],
   "journal": "BMC Public Health",
   "has_full_text": "True",
   "id": "db7db8941a68a14e0b227ce42898ad4ecd40df62",
   "fhir_link": "Commercial/db7db8941a68a14e0b227ce42898ad4ecd40df62"
}