{
   "sha": "2b46b2e0798f4e27871c942a86515bdcc64a4a44",
   "source_x": "PMC",
   "title": "Genome editing for disease resistance in pigs and chickens",
   "doi": "10.1093/af/vfz013",
   "pmcid": "PMC6951997",
   "pubmed_id": "32002257",
   "license": "cc-by",
   "publish_time": "2019 Jun 25",
   "authors": [
      "Proudfoot, Chris",
      "Lillico, Simon",
      "Tait-Burkard, Christine"
   ],
   "journal": "Anim Front",
   "has_full_text": "True",
   "full_text_file": "comm_use_subset",
   "id": "https://doi.org/10.1093/af/vfz013",
   "pubtator": "PMC6951997",
   "fhir_link": [
      "Commercial/Composition/2b46b2e0798f4e27871c942a86515bdcc64a4a44"
   ]
}