{
   "sha": "98f3c099dcd497b42efa3082b1e631d07378a5e5",
   "source_x": "PMC",
   "title": "Qualitative Research: Institutional Preparedness During Threats of Infectious Disease Outbreaks",
   "doi": "10.1155/2020/5861894",
   "pmcid": "PMC6998699",
   "pubmed_id": "32090099",
   "license": "cc-by",
   "abstract": "BACKGROUND: As demonstrated during the global Ebola crisis of 2014\u20132016, healthcare institutions in high resource settings need support concerning preparedness during threats of infectious disease outbreaks. This study aimed to exploratively develop a standardized preparedness system to use during unfolding threats of severe infectious diseases. METHODS: A qualitative three-step study among infectious disease prevention and control experts was performed. First, interviews (n = 5) were conducted to identify which factors trigger preparedness activities during an unfolding threat. Second, these triggers informed the design of a phased preparedness system which was tested in a focus group discussion (n = 5) were conducted to identify which factors trigger preparedness activities during an unfolding threat. Second, these triggers informed the design of a phased preparedness system which was tested in a focus group discussion (n = 5) were conducted to identify which factors trigger preparedness activities during an unfolding threat. Second, these triggers informed the design of a phased preparedness system which was tested in a focus group discussion ( RESULTS: Four preparedness phases were identified: preparedness phase green is a situation without the presence of the infectious disease threat that requires centralized care, anywhere in the world. Phase yellow is an outbreak in the world with some likelihood of imported cases. Phase orange is a realistic chance of an unexpected case within the country, or unrest developing among population or staff; phase red is cases admitted to hospitals in the country, potentially causing a shortage of resources. Specific preparedness activities included infection prevention, diagnostics, patient care, staff, and communication. Consensus was reached on the need for the development of a preparedness system and national coordination during threats. CONCLUSIONS: In this study, we developed a standardized system to support institutional preparedness during an increasing threat. Use of this system by both curative healthcare institutions and the (municipal) public health service, could help to effectively communicate and align preparedness activities during future threats of severe infectious diseases.",
   "publish_time": "2020 Jan 23",
   "authors": [
      "de Rooij, Doret",
      "Belfroid, Evelien",
      "Eilers, Renske",
      "Ro\u00dfkamp, Dorothee",
      "Swaan, Corien",
      "Timen, Aura"
   ],
   "journal": "Biomed Res Int",
   "has_full_text": "True",
   "full_text_file": "comm_use_subset",
   "id": "https://doi.org/10.1155/2020/5861894",
   "pubtator": "PMC6998699",
   "fhir_link": [
      "Commercial/Composition/98f3c099dcd497b42efa3082b1e631d07378a5e5"
   ]
}