{
   "sha": "5503464f5c8ac4db987ce87b05f224a7aaafc1a7",
   "source_x": "PMC",
   "title": "Isolation and Selection of Duck Primary Cells as Pathogenic and Innate Immunologic Cell Models for Duck Plague Virus",
   "doi": "10.3389/fimmu.2019.03131",
   "pmcid": "PMC6999086",
   "pubmed_id": "32063900",
   "license": "cc-by",
   "abstract": "Duck plague virus (DPV) is a representative pathogen transmitted among aquatic animals that causes gross lesions and immune inhibition in geese and ducks. The mechanism of organ tropism and innate immune evasion of DPV has not been completely deciphered due to a lack of cell models to study the innate immune manipulation and pathogenicity of aquatic viruses. In the present study, we isolated five types of duck primary cells [duck embryo fibroblasts (DEFs), neurons, astrocytes, peripheral blood mononuclear cells (PBMCs), and monocytes/macrophages] to identify appropriate cell models for DPV, using tropism infection and innate immunologic assays. Cells responded differently to stimulation with DNA viruses or RNA virus analogs. DPV infection exhibited broad tropism, as the recombinant virulent strain (CHv-GFP) infected DEFs, neurons, astrocytes, and monocytes/macrophages, but not the PBMCs, as the expression of EGFP was negligible. The basal levels of innate immunity molecules were highest in monocytes/macrophages and lower in DEFs and astrocytes. Conversely, the titer and genomic copy number of the attenuated virus strain was higher in DEFs and astrocytes than in neurons and monocytes/macrophages. The titer and genomic copy number of the attenuated virus strain were higher compared with the virulent strain in DEFs, neurons, and astrocytes. The innate immune response was not significantly induced by either DPV strain in DEFs, neurons, or astrocytes. The virulent strain persistently infected monocytes/macrophages, but the attenuated strain did so abortively, and this was accompanied by the phenomenon of innate immune inhibition and activation by the virulent and attenuated strains, respectively. Blockage of IFNAR signaling promoted replication of the attenuated strain. Pre-activation of IFNAR signaling inhibited infection by the virulent strain. The selection assay results indicated that induction of innate immunity plays an essential role in controlling DPV infection, and monocytes/macrophages are an important cell model for further investigations. Our study provided practical methods for isolating and culturing duck primary cells, and our results will facilitate further investigations of organ tropism, innate immune responses, latent infection, and the effectiveness of antiviral drugs for treating DPV and potentially other aerial bird pathogens.",
   "publish_time": "2020 Jan 28",
   "authors": [
      "Tian, Bin",
      "Cai, Dongjie",
      "He, Tianqiong",
      "Deng, Liyao",
      "Wu, Liping",
      "Wang, Mingshu",
      "Jia, Renyong",
      "Zhu, Dekang",
      "Liu, Mafeng",
      "Yang, Qiao",
      "Wu, Ying",
      "Zhao, Xinxin",
      "Chen, Shun",
      "Zhang, Shaqiu",
      "Huang, Juan",
      "Ou, Xumin",
      "Mao, Sai",
      "Yu, Yanling",
      "Zhang, Ling",
      "Liu, Yunya",
      "Cheng, Anchun"
   ],
   "journal": "Front Immunol",
   "has_full_text": "True",
   "full_text_file": "comm_use_subset",
   "id": "https://doi.org/10.3389/fimmu.2019.03131",
   "pubtator": "PMC6999086",
   "fhir_link": [
      "Commercial/Composition/5503464f5c8ac4db987ce87b05f224a7aaafc1a7"
   ]
}