{
   "sha": "18a7c80030e30120325dc0e170d8ae535e6901ea",
   "source_x": "Elsevier",
   "title": "25. Interferons Alpha, Beta, and Omega",
   "doi": "10.1016/B978-012498340-3/50026-9",
   "license": "els-covid",
   "abstract": "Publisher Summary Interferon alpha (IFN-\u03b1) is a mixture of closely related proteins, termed \u201csubtypes,\u201d expressed from distinct chromosomal genes. Interferon \u03b2 (IFN-\u03b2) is a single protein species and is molecularly related to IFN-\u03b1 subtypes, although it is antigenically distinct from them. IFN omega (IFN-\u03c9) is antigenically distinct from IFN-\u03b1 and IFN-\u03b2 but is molecularly related to both. The genes of three IFN subtypes are tandemly arranged on the short arm of chromosome 9. They are transiently expressed following induction by various exogenous stimuli, including viruses. They are synthesized from their respective mRNAs for relatively short periods following gene activation and are secreted to act, via specific cell surface receptors, on other cells. IFN-\u03b1 subtypes are secreted proteins and as such are transcribed from mRNAs as precursor proteins, pre-IFN-\u03b1, containing N-terminal signal polypeptides of 23 hydrophobic amino acids (aa) mainly. Pre-IFN-\u03b2 contains 187 aa, of which 21 comprise the N-terminal signal polypeptide and 166 comprise the mature IFN-\u03b2 protein. IFN-\u03c9 contains 195 aa\u2014the N-terminal 23 comprising the signal sequence and the remaining 172, the mature IFN-\u03c9 protein. At the C-terminus, the aa sequence of IFN-\u03c9 is six residues longer than that of IFN-\u03b1 or IFN-\u03b2 proteins. IFN-\u03b1, as a mixture of subtypes, and IFN-\u03c9 may be produced together following viral infection of null lymphocytes or monocytes/macrophages. The biological activities of IFNs are mostly dependent upon protein synthesis with selective subsets of proteins mediating individual activities. IFNs can also stimulate indirect antiviral and antitumor mechanisms, depending upon cellular differentiation and the induction of cytotoxic activity.",
   "publish_time": "1998-12-31",
   "authors": [
      "Meager, Anthony"
   ],
   "journal": "Cytokines",
   "has_full_text": "True",
   "full_text_file": "custom_license",
   "id": "https://doi.org/10.1016/B978-012498340-3/50026-9",
   "fhir_link": [
      "PMC/Composition/18a7c80030e30120325dc0e170d8ae535e6901ea"
   ]
}