{
   "sha": "ce6ed1e0c7f32401b9251096c45eccc365f36fc9",
   "source_x": "Elsevier",
   "title": "12 Characteristics and Functions of Mucosa-Associated Lymphoid Tissue",
   "doi": "10.1016/B978-0-12-524730-6.50017-8",
   "license": "els-covid",
   "publish_time": "1994-12-31",
   "authors": [
      "Croitoru, Kenneth",
      "Bienenstock, John"
   ],
   "journal": "Handbook of Mucosal Immunology",
   "has_full_text": "True",
   "full_text_file": "custom_license",
   "id": "https://doi.org/10.1016/B978-0-12-524730-6.50017-8",
   "fhir_link": [
      "PMC/Composition/ce6ed1e0c7f32401b9251096c45eccc365f36fc9"
   ]
}