{
   "source_x": "PMC",
   "title": "Presence of Oligoclonal T Cells in Cerebrospinal Fluid of a Child with Multiphasic Disseminated Encephalomyelitis  following Hepatitis A Virus Infection",
   "doi": "http://dx.doi.org/10.1128/CDLI.8.5.984-992.2001",
   "pmcid": "PMC96183",
   "abstract": "We have investigated the clonality of \u03b2-chain T-cell receptor (TCR) transcripts from the cerebrospinal fluid (CSF) and peripheral blood from a 7-year old child who developed a multiphasic disseminated encephalomyelitis following an infection with hepatitis A virus. We amplified \u03b2-chain TCR transcripts by nonpalindromic adaptor (NPA)-PCR\u2013V\u03b2-specific PCR. TCR transcripts from only five V\u03b2 families (V\u03b213, V\u03b23, V\u03b217, V\u03b28, and V\u03b220) were detected in CSF. The amplified products were combined, cloned, and sequenced. Sequence analysis revealed in the CSF substantial proportions of identical \u03b2-chain of TCR transcripts, demonstrating oligoclonal populations of T cells. Seventeen of 35 (48%) transcripts were 100% identical, demonstrating a major V\u03b213.3 D\u03b22.1 J\u03b21.3 clonal expansion. Six of 35 (17%) transcripts were also 100% identical, revealing a second V\u03b213 clonal expansion (V\u03b213.1 D\u03b22.1 J\u03b21.2). Clonal expansions were also found within the V\u03b23 family (transcript V\u03b23.1 D\u03b22.1 J\u03b21.5 accounted for 5 of 35 transcripts [14%]) and within the V\u03b220 family (transcript V\u03b220.1 D\u03b21.1 J\u03b22.4 accounted for 3 of 35 transcripts [8%]). These results demonstrate the presence of T-cell oligoclonal expansions in the CSF of this patient following infection with hepatitis A virus. Analysis of the CDR3 motifs revealed that two of the clonally expanded T-cell clones exhibited substantial homology to myelin basic protein-reactive T-cell clones. In contrast, all V\u03b2 TCR families were expressed in peripheral blood lymphocytes. Oligoclonal expansions of T cells were not detected in the peripheral blood of this patient. It remains to be determined whether these clonally expanded T cells are specific for hepatitis A viral antigen(s) or host central nervous system antigen(s) and whether molecular mimicry between hepatitis A viral protein and a host protein is responsible for demyelinating disease in this patient.",
   "authors": [
      "['Oleszak, Emilia L.', 'Lin, Wan Lu', 'Legido, Agustin', 'Melvin, Joseph', 'Hardison, Huntley', 'Hoffman, Brad E.', 'Katsetos, Christos D.', 'Platsoucas, Chris D.']"
   ],
   "id": "https://www.ncbi.nlm.nih.gov/pmc/articles/PMC96183"
}