{
   "source_x": "PMC",
   "title": "The RNA polymerase activity of SARS-coronavirus nsp12 is primer dependent",
   "doi": "10.1093/nar/gkr963",
   "pmcid": "PMC3241673",
   "license": "cc-by-nc",
   "publish_time": "2011 Nov 16",
   "authors": [
      "te Velthuis, Aartjan J. W.",
      "Arnold, Jamie J.",
      "Cameron, Craig E.",
      "van den Worm, Sjoerd H. E.",
      "Snijder, Eric J."
   ],
   "journal": "Nucleic Acids Res",
   "has_full_text": "False",
   "full_text_file": "noncomm_use_subset",
   "id": "https://doi.org/10.1093/nar/gkr963",
   "pubtator": "PMC3241673"
}