{
   "sha": "9316c8c673768c7310978f482fcaa1d3bd62d547",
   "source_x": "PMC",
   "title": "Human metapneumovirus and human coronavirus infection and pathogenicity in Saudi children hospitalized with acute respiratory illness",
   "doi": "10.4103/0256-4947.84633",
   "pmcid": "PMC3183689",
   "pubmed_id": "21911992",
   "license": "cc-by-nc-sa",
   "abstract": "BACKGROUND AND OBJECTIVES: Human metapneumovirus (hMPV) and the Netherlands human coronavirus (HCoV-NL63) have been isolated from children with respiratory tract infection. The prevalence of these viruses has not been reported from Saudi Arabia. We sought to determine whether hMPV and HCoV-NL63 are responsible for acute respiratory illness and also to determine clinical features and severity of illness in the hospitalized pediatric patient population. DESIGN AND SETTING: Prospective hospital-based study from July 2007 to November 2008. PATIENTS AND METHODS: Nasopharyngeal specimens from children less than 16 years old who were suffering from acute respiratory diseases were tested for hMPV and HCoV-NL63 by reverse transcriptase\u2013polymerase chain reaction. Samples were collected from July 2007 to November 2008. RESULTS: Both viruses were found among Saudi children with upper and lower respiratory tract diseases during the autumn and winter of 2007 and 2008, contributing to 11.1% of all viral diagnoses, with individual incidences of 8.3% (hMPV) and 2.8% (HCoV-NL63) among 489 specimens. Initial symptoms included fever, cough, and nasal congestion. Lower respiratory tract disease occurs in immunocompromised individuals and those with underlying conditions. Clinical findings of respiratory failure and culture-negative shock were established in 7 children infected with hMPV and having hematologic malignancies, myelofibrosis, Gaucher disease, and congenital immunodeficiency; 2 of the 7 patients died with acute respiratory failure. All children infected with HCoV-NL63 had underlying conditions; 1 of the 4 patients developed respiratory failure. CONCLUSION: hMPV and HCoV-NL63 are important causes of acute respiratory illness among hospitalized Saudi children. hMPV infection in the lower respiratory tract is associated with morbidity and mortality in immunocompromised children. HCoV-NL63 may cause severe lower respiratory disease with underlying conditions.",
   "publish_time": "2011 Sep-Oct",
   "authors": [
      "Al Hajjar, Sami",
      "Al Thawadi, Sahar",
      "Al Seraihi, Amal",
      "Al Muhsen, Saleh",
      "Imambaccus, Hala"
   ],
   "journal": "Ann Saudi Med",
   "has_full_text": "True",
   "full_text_file": "noncomm_use_subset",
   "id": "https://doi.org/10.4103/0256-4947.84633",
   "pubtator": "PMC3183689",
   "fhir_link": [
      "Non-comercial/Composition/9316c8c673768c7310978f482fcaa1d3bd62d547"
   ]
}