{
   "sha": "f8da6bc56b3d7a64f5f0ba9a7928264dc986e43f",
   "source_x": "PMC",
   "title": "A Single Native Ganglioside GM(1)-Binding Site Is Sufficient for Cholera Toxin To Bind to Cells and Complete the Intoxication Pathway",
   "doi": "10.1128/mBio.00401-12",
   "pmcid": "PMC3487775",
   "pubmed_id": "23111873",
   "license": "cc-by-nc-sa",
   "abstract": "Cholera toxin (CT) from Vibrio cholerae is responsible for the majority of the symptoms of the diarrheal disease cholera. CT is a heterohexameric protein complex with a 240-residue A subunit and a pentameric B subunit of identical 103-residue B polypeptides. The A subunit is proteolytically cleaved within a disulfide-linked loop to generate the A1 and A2 fragments. The B subunit of wild-type (wt) CT binds 5 cell surface ganglioside GM(1) (GM(1)) molecules, and the toxin-GM(1) complex traffics from the plasma membrane (PM) retrograde through endosomes and the Golgi apparatus to the endoplasmic reticulum (ER). From the ER, the enzymatic A1 fragment retrotranslocates to the cytosol to cause disease. Clustering of GM(1) by multivalent toxin binding can structurally remodel cell membranes in ways that may assist toxin uptake and retrograde trafficking. We have recently found, however, that CT may traffic from the PM to the ER by exploiting an endogenous glycosphingolipid pathway (A. A. Wolf et al., Infect. Immun. 76:1476\u20131484, 2008, and D. J. F. Chinnapen et al., Dev. Cell 23:573\u2013586, 2012), suggesting that multivalent binding to GM(1) is dispensable. Here we formally tested this idea by creating homogenous chimeric holotoxins with defined numbers of native GM(1) binding sites from zero (nonbinding) to five (wild type). We found that a single GM(1) binding site is sufficient for activity of the holotoxin. Therefore, remodeling of cell membranes by mechanisms that involve multivalent binding of toxin to GM(1) receptors is not essential for toxicity of CT.",
   "publish_time": "2012 Oct 30",
   "authors": [
      "Jobling, Michael G.",
      "Yang, ZhiJie",
      "Kam, Wendy R.",
      "Lencer, Wayne I.",
      "Holmes, Randall K."
   ],
   "journal": "mBio",
   "has_full_text": "True",
   "full_text_file": "noncomm_use_subset",
   "id": "https://doi.org/10.1128/mBio.00401-12",
   "pubtator": "PMC3487775",
   "fhir_link": [
      "Non-comercial/Composition/f8da6bc56b3d7a64f5f0ba9a7928264dc986e43f"
   ]
}