{
   "sha": "ab58c54193c5257b96d0d8e098fb18d7e2d8d081",
   "source_x": "PMC",
   "title": "Birth Defects Data from Surveillance Hospitals in Hubei Province, China, 200l \u2013 2008",
   "pmcid": "PMC3481713",
   "pubmed_id": "23113146",
   "license": "cc-by-nc",
   "abstract": "BACKGROUND: To determine the prevalence and characteristics of birth defects in perinatal infants in Hubei Province during 200l\u20132008. METHODS: The prevalence of birth defects in perinatal infants delivered after 28 weeks or more was analyzed in Hubei surveillance hospitals during 200l\u20132008. RESULTS: The incidence of birth defects in perinatal infants from 200l to 2008 was 120.0 per 10,000 births, and was increased by about 41% from 81. 1 in 2001 to 138.5 per 10,000 births in 2008. The incidence in the first 4 years (2005\u20132008) was much higher than the latter four (2001\u20132004) (\u03c7(2)=77.64, P <0.05). The difference in prevalence between urban and rural was of no significance in 2008 (\u03c7(2)=0.03, P >0.05), but that between male and female was significant (\u03c7(2)=5.24, P <0.05), as the former prevalence was much higher. The prevalence of birth defects was slightly higher among mothers over 35 years old than those under 35 years old, but with no significance (\u03c7(2)=1.98, P >0.05). The two leading birth defects were cleft lip and/or palate and polydactyly, followed by congenital heart disease, hydrocephaly, external ear malformation and neural tube defects. The prevalence of congenital heart disease was rising. CONCLUSIONS: Eight years\u2019 birth defects data indicate that the birth defect rate was on the rise and the birth defects prevalence in Hubei province should be valued.",
   "publish_time": "2012 Mar 31",
   "authors": [
      "Tu, Lh",
      "Li, H",
      "Zhang, Hp",
      "Li, Xd",
      "Lin, Jj",
      "Xiong, Cl"
   ],
   "journal": "Iran J Public Health",
   "has_full_text": "True",
   "full_text_file": "noncomm_use_subset",
   "id": "https://www.ncbi.nlm.nih.gov/pubmed/23113146",
   "pubtator": "PMC3481713",
   "fhir_link": [
      "Non-comercial/Composition/ab58c54193c5257b96d0d8e098fb18d7e2d8d081"
   ]
}