{
   "source_x": "PMC",
   "title": "Pigs with highly prevalent antibodies to human coronavirus and swine haemagglutinating encephalomyelitis virus in the Tohoku District of Japan.",
   "pmcid": "PMC2809651",
   "abstract": "From 1985 to 1988, a total of 2496 swine sera from 60 farms in the Tohoku District of the Honshu Island of Japan were examined for antibodies to swine haemagglutinating encephalomyelitis virus (HEV), human coronavirus (HCV) and bovine coronavirus (BCV) by haemagglutination-inhibition (HI) test. Antibodies to HEV 67N strain and HCV OC43 strain were highly prevalent with positivity rates of 82.1 and 91.4%, respectively, while seropositivity rate to BCV Kakegawa strain was 44.2%. No clinical signs of HEV infection were noticed in any farms including farms with relatively high seropositivity. The results suggested that HCV or antigenitically related virus(es) as well as HEV might be perpetuated in swine in the Tohoku District.",
   "authors": [
      "['Hirano, N.', 'Suzuki, Y.', 'Haga, S.']"
   ],
   "id": "https://www.ncbi.nlm.nih.gov/pmc/articles/PMC2809651"
}