{
   "source_x": "PMC",
   "title": "Regulation of Closterovirus Gene Expression Examined by Insertion of a Self-Processing Reporter and by Northern Hybridization",
   "pmcid": "PMC112813",
   "abstract": "A reporter open reading frame (ORF) coding for a fusion of bacterial \u03b2-glucuronidase (GUS) with a proteinase domain (Pro) derived from tobacco etch potyvirus was utilized for tagging individual genes of beet yellows closterovirus (BYV). Insertion of this reporter ORF between the first and second codons of the BYV ORFs encoding the HSP70 homolog (HSP70h), a major capsid protein (CP), and a 20-kDa protein (p20) resulted in the expression of the processed GUS-Pro reporter from corresponding subgenomic RNAs. The high sensitivity of GUS assays permitted temporal analysis of reporter accumulation, revealing early expression from the HSP70h promoter, followed by the CP promoter and later the p20 promoter. The kinetics of transcription of the remaining BYV genes encoding a 64-kDa protein (p64), a minor capsid protein (CPm), and a 21-kDa protein (p21) were examined via Northern blot analysis. Taken together, the data indicated that the temporal regulation of BYV gene expression includes early (HSP70h, CPm, CP, and p21 promoters) and late (p64 and p20 promoters) phases. It was also demonstrated that the deletion of six viral genes that are nonessential for RNA amplification resulted in a dramatic increase in the level of transcription from one of the two remaining subgenomic promoters. Comparison with other positive-strand RNA viruses producing multiple subgenomic RNAs showed the uniqueness of the pattern of closterovirus transcriptional regulation.",
   "authors": [
      "['Hagiwara, Yuka', 'Peremyslov, Valery V.', 'Dolja, Valerian V.']"
   ],
   "id": "https://www.ncbi.nlm.nih.gov/pmc/articles/PMC112813"
}