{
   "sha": "aec2e91fcbfb520fd6c2996efe20c6f42afc9a69",
   "source_x": "PMC",
   "title": "Herbal drug BNO 1016 is safe and effective in the treatment of acute viral rhinosinusitis",
   "doi": "10.3109/00016489.2014.952047",
   "pmcid": "PMC4487568",
   "pubmed_id": "25496178",
   "license": "cc-by-nc-nd",
   "abstract": "Conclusion: Daily intake of 480 mg of BNO 1016 for 15 days is an effective treatment in acute viral rhinosinusitis. Objectives: The pooled efficacy data of two similar randomized placebo-controlled clinical trials were analyzed. Safety was evaluated on the basis of the individual trials. Methods: The efficacy analysis was based on 589 patients. Treatment was performed orally with either 3 \u00d7 160 mg BNO 1016 (n = 294) or 3 \u00d7 placebo (n = 295) for 15 days. In both trials patients underwent five visits to the investigational sites. Symptoms were evaluated according to the EPOS 2012 guideline. Ultrasonography was used to confirm the diagnosis at onset of treatment and the remission of symptoms at the last visit. Efficacy was evaluated by the investigator as the mean major symptom score (MSS) at the end of treatment (visit 5, day 14). Patients reported symptoms and social/emotional consequences of rhinosinusitis using a quality of life questionnaire (SNOT-20 GAV). Results: MSS improved during the treatment period by a mean of 10.02 \u00b1 1.61 score points to 2.47 \u00b1 2.55 for BNO 1016 and of 9.87 \u00b1 1.52 to 3.63 \u00b1 3.63 for placebo. Differences between treatment groups at end of therapy (1.16 \u00b1 3.14 score points; p < 0.0001) and patient-assessed quality of life (p = 0.0015) were statistically significant in favor of BNO 1016.",
   "publish_time": "2015 Jan 2",
   "authors": [
      "Jund, Rainer",
      "Mondigler, Martin",
      "Stammer, Holger",
      "Stierna, Pontus",
      "Bachert, Claus"
   ],
   "journal": "Acta Otolaryngol",
   "has_full_text": "True",
   "full_text_file": "noncomm_use_subset",
   "id": "https://doi.org/10.3109/00016489.2014.952047",
   "pubtator": "PMC4487568",
   "fhir_link": [
      "Non-comercial/Composition/aec2e91fcbfb520fd6c2996efe20c6f42afc9a69"
   ]
}