{
   "sha": "10311f1cc4dcc7f690cb3b22560aae659ce1d436",
   "source_x": "Elsevier",
   "title": "Chapter 9 Nutritional Care of the Child with Human Immunodeficiency Virus Infection in the United States A Historical and Contemporary Perspective",
   "doi": "10.1016/B978-0-12-800769-3.00009-3",
   "license": "els-covid",
   "abstract": "In well-resourced settings, early infant diagnosis and administration of life-saving antiretrovirals (ARVs) have significantly improved clinical outcomes in pediatric human immunodeficiency virus (HIV) infection. The dramatic increase in survival rates is associated with enhancements in overall quality of life, which reflect a multidisciplinary, holistic approach to care. Current optimism starkly contrasts with the outlook and prognosis two decades ago, when failure to thrive and wasting syndrome from uncontrolled pediatric HIV infection resulted from poor oral intake, malabsorption, chronic diarrhea, and a persistently catabolic state. The tenets of care developed from that era still hold true in that all infants, children, and adolescents with HIV require comprehensive nutritional services in addition to effective combination antiretroviral therapy (cART). This chapter will review the principles of nutrition in the pre- and post-cART eras and discuss the etiologic factors associated with malnutrition, with an emphasis on interventions that have favorably impacted the growth and body composition of infants, children and adolescents with HIV.",
   "publish_time": "2015-12-31",
   "authors": [
      "Sheikh, Jamila",
      "Wynn, Bridget A.",
      "Chakraborty, Rana"
   ],
   "journal": "Health of HIV Infected People",
   "has_full_text": "True",
   "full_text_file": "custom_license",
   "id": "https://doi.org/10.1016/B978-0-12-800769-3.00009-3",
   "fhir_link": [
      "PMC/Composition/10311f1cc4dcc7f690cb3b22560aae659ce1d436"
   ]
}