{
   "source_x": "PMC",
   "title": "Heterogeneous Distribution of the Unusual Phospholipid  Semilysobisphosphatidic Acid through the Golgi Complex",
   "pmcid": "PMC25704",
   "abstract": "To investigate the distribution of lipids through the Golgi complex, we analyzed the envelopes of several viruses that assemble in different subcompartments of the Golgi, as well as subcellular fractions. Our results indicate that each Golgi subcompartment has a distinct phospholipid composition due mainly to differences in the relative amounts of semilysobisphosphatidic acid (SLBPA), sphingomyelin, phosphatidylserine, and phosphatidylinositol. Interestingly, SLBPA is enriched in the adjacent Golgi networks compared with the Golgi stack, and this enrichment varies with cell type. The heterogeneous distribution of SLBPA through the Golgi complex suggests it may play an important role in the structure and/or function of this organelle.",
   "authors": [
      "['Cluett, Edward B.', 'Kuismanen, Esa', 'Machamer, Carolyn E.']"
   ],
   "id": "https://www.ncbi.nlm.nih.gov/pmc/articles/PMC25704"
}