{
   "source_x": "PMC",
   "title": "Preformed cytoplasmic nucleocapsids are not necessary for alphavirus budding.",
   "pmcid": "PMC452474",
   "abstract": "According to the present model for assembly of alphaviruses, e.g. Semliki Forest virus (SFV), the viral genome is first encapsidated into a nucleocapsid (NC) in cytoplasm and this is then used for budding at plasma membrane (PM). The preformed NC is thought to act as a template on which the viral envelope can be organized. In the present work we have characterized two SFV deletion mutants which did not assemble NCs in the cytoplasm but which instead appeared to form NCs at the PM simultaneously with virus budding. The deletions were introduced in a conserved 14 residue long linker peptide that joins the amino-terminal RNA-binding domain with the carboxy-terminal serine-protease domain of the capsid protein. Despite the deletions and the change in morphogenesis, wild-type (wt)-like particles were produced with almost wt efficiency. It is suggested that the NC assembly defect of the mutants is rescued through spike-capsid interactions at PM. The results show that the preassembly of NCs in the cytoplasm is not a prerequisite for alphavirus budding. The apparent similarities of the morphogenesis pathways of wt and mutant SFV with those of type D and type C retroviruses are discussed.",
   "authors": [
      "['Forsell, K', 'Griffiths, G', 'Garoff, H']"
   ],
   "id": "https://www.ncbi.nlm.nih.gov/pmc/articles/PMC452474"
}