{
   "sha": "cf410c7fd76487d1244517521fbe521465e75310",
   "source_x": "PMC",
   "title": "Ebola Hemorrhagic Fever as a Public Health Emergency of International Concern; a Review Article",
   "pmcid": "PMC4614609",
   "pubmed_id": "26512362",
   "license": "cc-by-nc",
   "abstract": "Ebola hemorrhagic fever (EHF) was first reported in 1976 with two concurrent outbreaks of acute viral hemorrhagic fever centered in Yambuku (near the Ebola river), Democratic Republic of Congo, and in Nzara, Sudan. The current outbreak of the Ebola virus was started by reporting the first case in March 2014 in the forest regions of southeastern Guinea. Due to infection rates raising over 13,000% within a 6-month period, Ebola is now considered as a global public health emergency and on August 8(th), 2014 the World Health Organization (WHO) declared the epidemic to be a Public Health Emergency of International Concern. With more than 5000 involved cases and nearly 3000 deaths, this event has turned into the largest and most dangerous Ebola virus outbreak in the world. Based on the above-mentioned, the present article aimed to review the virologic characteristics, transmission, clinical manifestation, diagnosis, treatment, and prevention of Ebola virus disease.",
   "publish_time": "2015 Winter",
   "authors": [
      "Safari, Saeed",
      "Baratloo, Alireza",
      "Rouhipour, Alaleh",
      "Ghelichkhani, Parisa",
      "Yousefifard, Mahmood"
   ],
   "journal": "Emerg (Tehran)",
   "has_full_text": "True",
   "full_text_file": "noncomm_use_subset",
   "id": "https://www.ncbi.nlm.nih.gov/pubmed/26512362",
   "pubtator": "PMC4614609",
   "fhir_link": [
      "Non-comercial/Composition/cf410c7fd76487d1244517521fbe521465e75310"
   ]
}