{
   "sha": "953ce6c11451011ff271b730ac3d2bdadda75830",
   "source_x": "PMC",
   "title": "Ethical Perspectives on the Middle East Respiratory Syndrome Coronavirus Epidemic in Korea",
   "doi": "10.3961/jpmph.16.013",
   "pmcid": "PMC4750516",
   "pubmed_id": "26841881",
   "license": "cc-by-nc",
   "abstract": "Ethical considerations are essential in planning for and responding to outbreaks of infectious diseases. During the outbreak of Middle East respiratory syndrome coronavirus (MERS-CoV) in the Republic of Korea in 2015, serious challenges emerged regarding important ethical issues, such as transparency and the protection of privacy. The development of bioethics in Korea has been influenced by individualistic perspectives applied in clinical contexts, leading to a paucity of ethical perspectives relevant to population-level phenomena such as outbreaks. Alternative theories of public health ethics include the perspectives of relational autonomy and the patient as victim and vector. Public health actions need to incorporate clear and systematic procedures founded upon ethical principles. The MERS-CoV epidemic in Korea created significant public support for more aggressive early interventions in future outbreaks. This trend makes it all the more imperative for ethical principles and procedures to be implemented in future planning and responses to outbreaks in order to promote perceptions of legitimacy and civic participation.",
   "publish_time": "2016 Jan 29",
   "authors": [
      "Kim, Ock-Joo"
   ],
   "journal": "J Prev Med Public Health",
   "has_full_text": "True",
   "full_text_file": "noncomm_use_subset",
   "id": "https://doi.org/10.3961/jpmph.16.013",
   "pubtator": "PMC4750516",
   "fhir_link": [
      "Non-comercial/Composition/953ce6c11451011ff271b730ac3d2bdadda75830"
   ]
}