{
   "sha": "aaeb1b254b13be853e9401cacbf8d18a6b5b3236",
   "source_x": "PMC",
   "title": "Silent War to Emerging or Re-emerging Respiratory Infection Diseases Badly Kept in Mind",
   "doi": "10.4103/0366-6999.162492",
   "pmcid": "PMC4717996",
   "pubmed_id": "26265603",
   "license": "cc-by-nc-sa",
   "publish_time": "2015 Aug 20",
   "authors": [
      "Zheng, Ya-Li",
      "Gao, Zhan-Cheng"
   ],
   "journal": "Chin Med J (Engl)",
   "has_full_text": "True",
   "full_text_file": "noncomm_use_subset",
   "id": "https://doi.org/10.4103/0366-6999.162492",
   "pubtator": "PMC4717996",
   "fhir_link": [
      "Non-comercial/Composition/aaeb1b254b13be853e9401cacbf8d18a6b5b3236"
   ]
}