{
   "source_x": "PMC",
   "title": "The transmissible gastroenteritis coronavirus contains a spherical core shell consisting of M and N proteins.",
   "pmcid": "PMC190415",
   "abstract": "Coronaviruses are enveloped RNA viruses involved in a variety of pathologies that affect animals and humans. Existing structural models of these viruses propose a helical nucleocapsid under the virion envelope as the unique internal structure. In the present work, we have analyzed the structure of the transmissible gastroenteritis coronavirus. The definition of its organization supports a new structural model for coronaviruses, since a spherical, probably icosahedral, internal core has been characterized. Disruption of these cores induces the release of N-protein-containing helical nucleocapsids. Immunogold mapping and protein analysis of purified cores showed that they consist of M and N proteins, M being the main core shell component. This surprising finding, together with the fact that M protein molecules are also located in the virion envelope, indicates that a reconsideration of the assembly and maturation of coronaviruses, as well as a study of potential M-protein subclasses, is needed.",
   "authors": [
      "['Risco, C', 'Ant\u00f3n, I M', 'Enjuanes, L', 'Carrascosa, J L']"
   ],
   "id": "https://www.ncbi.nlm.nih.gov/pmc/articles/PMC190415"
}