{
   "sha": "4f03e55d6a48282637116273820d4114459abfb0",
   "source_x": "PMC",
   "title": "Beyond the Routine Influenza Surveillance",
   "doi": "10.3947/ic.2016.48.4.344",
   "pmcid": "PMC5204017",
   "pubmed_id": "28032488",
   "license": "cc-by-nc",
   "publish_time": "2016 Dec 21",
   "authors": [
      "Choi, Sang-Ho"
   ],
   "journal": "Infect Chemother",
   "has_full_text": "True",
   "full_text_file": "noncomm_use_subset",
   "id": "https://doi.org/10.3947/ic.2016.48.4.344",
   "pubtator": "PMC5204017",
   "fhir_link": [
      "Non-comercial/Composition/4f03e55d6a48282637116273820d4114459abfb0"
   ]
}