{
   "sha": "6ff336c5f099acbe84cf7cfe5f68bd5ba672d6b8",
   "source_x": "PMC",
   "title": "Impact of a porcine epidemic diarrhea outbreak on swine productivity in Japan: a retrospective cohort study",
   "doi": "10.1292/jvms.15-0723",
   "pmcid": "PMC5059364",
   "pubmed_id": "27170488",
   "license": "cc-by-nc-nd",
   "abstract": "The objective was to investigate porcine epidemic diarrhea (PED) outbreak that occurred in 2014 in Japan and its effects on herd-level productivity using a data recording system (PigINFO). The study herds were selected from farrow-to-finish herds (n=99) that entered in the PigINFO system between July 2013 and March 2015. From 1 April to 30 June 2014 (PED epidemic), any herds with clinical signs of PED and feces positive for porcine epidemic diarrhea virus (PEDV) on polymerase chain reaction analysis and/or immunohistochemical staining were defined as PED-positive (n=38). They were further classified into those with long PED periods (L-PED-positive; n=28) and those with short PED periods (S-PED-positive; n=10). Herds with no clinical signs of PED were classified as PED-negative (n=61). Herd-level production data, including preweaning mortality (%; PRWM), postweaning mortality (%; POWM), pigs weaned per litter (PWL), pigs born alive per litter, litters per mated female per year and pigs marketed per sow (MP), were calculated every 3 months during study period. During the PED epidemic, L-PED-positive herds had significantly higher PRWM and POWM than PED-negative herds, and L-PED-positive and S-PED-positive herds had significantly lower PWL. During October\u2013December 2014, L-PED-positive herds had significantly fewer MP than PED-negative herds. The PED outbreak increased mortality and consequently reduced the numbers of marketed pigs. The rapid control of an outbreak is important for reducing the financial losses arising from PED infections.",
   "publish_time": "2016 Sep 12",
   "authors": [
      "YAMANE, Itsuro",
      "YAMAZAKI, Hisanori",
      "ISHIZEKI, Sayoko",
      "WATANABE, Yugo",
      "OKUMURA, Hanako",
      "OKUBO, Mitsuharu",
      "KURE, Katsumasa",
      "HAYAKAWA, Yuiko",
      "FURUKAWA, Makoto",
      "OOI, Munetaka",
      "MIZUKAMI, Yoshihiro",
      "ITO, Mitsugu"
   ],
   "journal": "J Vet Med Sci",
   "has_full_text": "True",
   "full_text_file": "noncomm_use_subset",
   "id": "https://doi.org/10.1292/jvms.15-0723",
   "pubtator": "PMC5059364",
   "fhir_link": [
      "Non-comercial/Composition/6ff336c5f099acbe84cf7cfe5f68bd5ba672d6b8"
   ]
}