{
   "source_x": "PMC",
   "title": "Genetic elements of plant viruses as tools for genetic engineering.",
   "pmcid": "PMC239387",
   "abstract": "Viruses have developed successful strategies for propagation at the expense of their host cells. Efficient gene expression, genome multiplication, and invasion of the host are enabled by virus-encoded genetic elements, many of which are well characterized. Sequences derived from plant DNA and RNA viruses can be used to control expression of other genes in vivo. The main groups of plant virus genetic elements useful in genetic engineering are reviewed, including the signals for DNA-dependent and RNA-dependent RNA synthesis, sequences on the virus mRNAs that enable translational control, and sequences that control processing and intracellular sorting of virus proteins. Use of plant viruses as extrachromosomal expression vectors is also discussed, along with the issue of their stability.",
   "authors": [
      "['Mushegian, A R', 'Shepherd, R J']"
   ],
   "id": "https://www.ncbi.nlm.nih.gov/pmc/articles/PMC239387"
}