{
   "sha": "643f2dd329f342e9e85753ab315722bc1120d0ef",
   "source_x": "PMC",
   "title": "Pediatric Mycoplasma pneumoniae Infection Presenting with Acute Cholestatic Hepatitis and Other Extrapulmonary Manifestations in the Absence of Pneumonia",
   "doi": "10.5223/pghn.2017.20.2.124",
   "pmcid": "PMC5517379",
   "pubmed_id": "28730137",
   "license": "cc-by-nc",
   "abstract": "Mycoplasma pneumoniae infections mainly involve respiratory tract; however, also can manifestate other symptoms by site involved. Extrapulmonary manifestations of M. pneumoniae infection are rarely known to occur without pneumonia. Herein we report a case of a 9-year-old boy who presented with acute cholestatic hepatitis in the absence of pneumonia. Rhabdomyolysis, skin rash, and initial laboratory results suspicious of disseminated intravascular coagulopathy were also observed in this patient. M. pneumoniae infection was identified by a 4-fold increase in immunoglobulin G antibodies to M. pneumoniae between acute and convalescent sera by enzyme-linked immunosorbent assay. This is the first pediatric case in Korea of M. pneumoniae infection presenting with acute cholestatic hepatitis in the absence of pneumonia.",
   "publish_time": "2017 Jun 28",
   "authors": [
      "Song, Won Jae",
      "Kang, Ben",
      "Lee, Hwa Pyung",
      "Cho, Joongbum",
      "Lee, Hae Jeong",
      "Choe, Yon Ho"
   ],
   "journal": "Pediatr Gastroenterol Hepatol Nutr",
   "has_full_text": "True",
   "full_text_file": "noncomm_use_subset",
   "id": "https://doi.org/10.5223/pghn.2017.20.2.124",
   "pubtator": "PMC5517379",
   "fhir_link": [
      "Non-comercial/Composition/643f2dd329f342e9e85753ab315722bc1120d0ef"
   ]
}