{
   "source_x": "PMC",
   "title": "Characterization of a glial cell line persistently infected with borna disease virus (BDV): influence of neurotrophic factors on BDV protein and RNA expression.",
   "pmcid": "PMC237515",
   "abstract": "Borna disease virus (BDV) infects cells of the nervous system in a wide range of species. Previous work suggests that there are differences in BDV replication in neuronal cells and glial cells. Many neurons are lysed by the immunopathologic response to BDV; lysis of dentate gyrus neurons in the absence of encephalitis is seen in rats inoculated with BDV as neonates. In contrast, persistently BDV-infected astrocytes increase over the course of BDV infection. Therefore, we compared BDV replication in neuronal (SK-N-SH and SK-N-SHEP) and astrocytic (C6) cell lines. While SK-N-SH cells produced more infectious virions per cell, the C6 cells contained more BDV proteins and RNA. BDV sequences in the supernatants of both cell types were identified, despite low titers of infectious virus, suggesting the release of incomplete virions into the medium. C6 cells secreted a factor or factors into the medium that enhanced the production of BDV proteins and RNA in other cell lines. In addition, nerve growth factor treatment produced the same enhancement. Thus, BDV replication in certain neural cells in vitro may be linked to the production of cell-specific factors which affect viral replication.",
   "authors": [
      "['Carbone, K M', 'Rubin, S A', 'Sierra-Honigmann, A M', 'Lederman, H M']"
   ],
   "id": "https://www.ncbi.nlm.nih.gov/pmc/articles/PMC237515"
}