{
   "sha": "427e9059167b857c57f420d2fd243be87f6b8a33",
   "source_x": "PMC",
   "title": "A novel cause of chronic viral meningoencephalitis: Cache Valley virus",
   "doi": "10.1002/ana.24982",
   "pmcid": "PMC5546801",
   "pubmed_id": "28628941",
   "license": "cc-by-nc-nd",
   "abstract": "OBJECTIVE: Immunodeficient patients are particularly vulnerable to neuroinvasive infections that can be challenging to diagnose. Metagenomic next generation sequencing can identify unusual or novel microbes and is therefore well suited for investigating the etiology of chronic meningoencephalitis in immunodeficient patients. METHODS: We present the case of a 34\u2010year\u2010old man with X\u2010linked agammaglobulinemia from Australia suffering from 3 years of meningoencephalitis that defied an etiologic diagnosis despite extensive conventional testing, including a brain biopsy. Metagenomic next generation sequencing of his cerebrospinal fluid and brain biopsy tissue was performed to identify a causative pathogen. RESULTS: Sequences aligning to multiple Cache Valley virus genes were identified via metagenomic next generation sequencing. Reverse transcription polymerase chain reaction and immunohistochemistry subsequently confirmed the presence of Cache Valley virus in the brain biopsy tissue. INTERPRETATION: Cache Valley virus, a mosquito\u2010borne orthobunyavirus, has only been identified in 3 immunocompetent North American patients with acute neuroinvasive disease. The reported severity ranges from a self\u2010limiting meningitis to a rapidly fatal meningoencephalitis with multiorgan failure. The virus has never been known to cause a chronic systemic or neurologic infection in humans. Cache Valley virus has also never previously been detected on the Australian continent. Our research subject traveled to North and South Carolina and Michigan in the weeks prior to the onset of his illness. This report demonstrates that metagenomic next generation sequencing allows for unbiased pathogen identification, the early detection of emerging viruses as they spread to new locales, and the discovery of novel disease phenotypes. Ann Neurol 2017;82:105\u2013114",
   "publish_time": "2017 Jul 25",
   "authors": [
      "Wilson, Michael R.",
      "Suan, Dan",
      "Duggins, Andrew",
      "Schubert, Ryan D.",
      "Khan, Lillian M.",
      "Sample, Hannah A.",
      "Zorn, Kelsey C.",
      "Rodrigues Hoffman, Aline",
      "Blick, Anna",
      "Shingde, Meena",
      "DeRisi, Joseph L."
   ],
   "journal": "Ann Neurol",
   "has_full_text": "True",
   "full_text_file": "noncomm_use_subset",
   "id": "https://doi.org/10.1002/ana.24982",
   "pubtator": "PMC5546801",
   "fhir_link": [
      "Non-comercial/Composition/427e9059167b857c57f420d2fd243be87f6b8a33"
   ]
}