{
   "sha": "9555f44156bc5f2c6ac191dda2fb651501a7bd7b",
   "source_x": "PMC",
   "title": "Nucleoside analogs as a rich source of antiviral agents active against arthropod-borne flaviviruses",
   "doi": "10.1177/2040206618761299",
   "pmcid": "PMC5890575",
   "pubmed_id": "29534608",
   "license": "cc-by-nc",
   "abstract": "Nucleoside analogs represent the largest class of small molecule-based antivirals, which currently form the backbone of chemotherapy of chronic infections caused by HIV, hepatitis B or C viruses, and herpes viruses. High antiviral potency and favorable pharmacokinetics parameters make some nucleoside analogs suitable also for the treatment of acute infections caused by other medically important RNA and DNA viruses. This review summarizes available information on antiviral research of nucleoside analogs against arthropod-borne members of the genus Flavivirus within the family Flaviviridae, being primarily focused on description of nucleoside inhibitors of flaviviral RNA-dependent RNA polymerase, methyltransferase, and helicase/NTPase. Inhibitors of intracellular nucleoside synthesis and newly discovered nucleoside derivatives with high antiflavivirus potency, whose modes of action are currently not completely understood, have drawn attention. Moreover, this review highlights important challenges and complications in nucleoside analog development and suggests possible strategies to overcome these limitations.",
   "publish_time": "2018 Mar 13",
   "authors": [
      "Eyer, Lud\u011bk",
      "Nencka, Radim",
      "de Clercq, Erik",
      "Seley-Radtke, Katherine",
      "R\u016f\u017eek, Daniel"
   ],
   "journal": "Antivir Chem Chemother",
   "has_full_text": "True",
   "full_text_file": "noncomm_use_subset",
   "id": "https://doi.org/10.1177/2040206618761299",
   "pubtator": "PMC5890575",
   "fhir_link": [
      "Non-comercial/Composition/9555f44156bc5f2c6ac191dda2fb651501a7bd7b"
   ]
}