{
   "source_x": "PMC",
   "title": "Hygromycin B therapy of a murine coronaviral hepatitis.",
   "pmcid": "PMC245338",
   "abstract": "Hepatitis caused by mouse hepatitis virus (MHV-A59), a murine coronavirus, is accompanied by direct infection and replication of virus within the liver. We demonstrate here that the aminoglycoside hygromycin B is able to eliminate MHV-A59 infection from mouse peritoneal macrophages and cultured liver cells in vitro and is also able to reduce levels of virus replication and necrotic liver foci in vivo.",
   "authors": [
      "['Macintyre, G', 'Curry, B', 'Wong, F', 'Anderson, R']"
   ],
   "id": "https://www.ncbi.nlm.nih.gov/pmc/articles/PMC245338"
}