{
   "sha": "8b9bec3c317211d347532e8991d2494098d16dc2",
   "source_x": "PMC",
   "title": "Dengue Virus and Autophagy",
   "doi": "http://dx.doi.org/10.3390/v3081332",
   "pmcid": "PMC3185800",
   "pubmed_id": "21994782",
   "license": "CC BY",
   "abstract": "Several independent groups have published that autophagy is required for optimal RNA replication of dengue virus (DENV). Initially, it was postulated that autophagosomes might play a structural role in replication complex formation. However, cryo-EM tomography of DENV replication complexes showed that DENV replicates on endoplasmic reticulum (ER) cisternae invaginations and not on classical autophagosomes. Recently, it was reported that autophagy plays an indirect role in DENV replication by modulating cellular lipid metabolism. DENV-induced autophagosomes deplete cellular triglycerides that are stored in lipid droplets, leading to increased \u03b2-oxidation and energy production. This is the first example of a virus triggering autophagy to modulate cellular physiology. In this review, we summarize these data and discuss new questions and implications for autophagy during DENV replication.",
   "publish_time": "2011 Aug 4",
   "authors": [
      "['Heaton, Nicholas S.', 'Randall, Glenn']"
   ],
   "journal": "Viruses",
   "has_full_text": "True",
   "id": "8b9bec3c317211d347532e8991d2494098d16dc2",
   "fhir_link": "Commercial/Composition/8b9bec3c317211d347532e8991d2494098d16dc2.json"
}