{
   "sha": "f3725ca2fdaeaaf188c63878e4c6263408e52aa2",
   "source_x": "PMC",
   "title": "Quantification of Torque Teno Virus and Epstein-Barr Virus Is of Limited Value for Predicting the Net State of Immunosuppression After Lung Transplantation",
   "doi": "10.1093/ofid/ofy050",
   "pmcid": "PMC5888719",
   "pubmed_id": "29644247",
   "license": "cc-by-nc-nd",
   "abstract": "BACKGROUND: Major hurdles for survival after lung transplantation are rejections and infectious complications. Adequate methods for monitoring immune suppression status are lacking. Here, we evaluated quantification of torque teno virus (TTV) and Epstein-Barr virus (EBV) as biomarkers for defining the net state of immunosuppression in lung-transplanted patients. METHODS: This prospective single-center study included 98 patients followed for 2 years after transplantation. Bacterial infections, fungal infections, viral respiratory infections (VRTI), cytomegalovirus (CMV) viremia, and acute rejections, as well as TTV and EBV levels, were monitored. RESULTS: The levels of torque teno virus DNA increased rapidly after transplantation, likely due to immunosuppressive treatment. A modest increase in levels of Epstein-Barr virus DNA was also observed after transplantation. There were no associations between either TTV or EBV and infectious events or acute rejection, respectively, during follow-up. When Tacrolimus was the main immunosuppressive treatment, TTV DNA levels were significantly elevated 6\u201324 months after transplantation as compared with Cyclosporine treatment. CONCLUSIONS: Although replication of TTV, but not EBV, appears to reflect the functionality of the immune system, depending on the type of immunosuppressive treatment, quantification of TTV or EBV as biomarkers has limited potential for defining the net state of immune suppression.",
   "publish_time": "2018 Mar 6",
   "authors": [
      "Nord\u00e9n, Rickard",
      "Magnusson, Jesper",
      "Lundin, Anna",
      "Tang, Ka-Wei",
      "Nilsson, Staffan",
      "Lindh, Magnus",
      "Andersson, Lars-Magnus",
      "Riise, Gerdt C",
      "Westin, Johan"
   ],
   "journal": "Open Forum Infect Dis",
   "has_full_text": "True",
   "full_text_file": "noncomm_use_subset",
   "id": "https://doi.org/10.1093/ofid/ofy050",
   "pubtator": "PMC5888719",
   "fhir_link": [
      "Non-comercial/Composition/f3725ca2fdaeaaf188c63878e4c6263408e52aa2"
   ]
}