{
   "sha": "7abfa9a78e233f70972c95e0b25a41c4d46d1785",
   "source_x": "Elsevier",
   "title": "Drinking Water Microbiology",
   "doi": "10.1016/B978-0-12-801238-3.66123-8",
   "license": "els-covid",
   "abstract": "Abstract Every year, on a global basis, billions of cases of illness result from ingestion of microorganisms in drinking water. The majority of these illnesses are caused by fecal contamination, resulting in diarrhea. In places where access to medical care is not readily available, diarrhea can lead to death from dehydration; unfortunately, 1.5 million people, many of whom are children, die annually as a result. There are hundreds of pathogens that may be present in fecal material, making it not feasible to analyze water for all of them. Thus, the microbiological quality of water is monitored using indicator organisms, such as coliform bacteria, enterococci, and/or bacteriophages, which are much simpler and less expensive to detect. The use of indicators, while not perfect, has resulted in a decrease in the incidence of waterborne disease.",
   "publish_time": "2019-12-31",
   "authors": [
      "Yates, Marylynn V."
   ],
   "journal": "Encyclopedia of Microbiology",
   "has_full_text": "True",
   "full_text_file": "custom_license",
   "id": "https://doi.org/10.1016/B978-0-12-801238-3.66123-8",
   "fhir_link": [
      "PMC/Composition/7abfa9a78e233f70972c95e0b25a41c4d46d1785"
   ]
}