{
   "sha": "3e039d09e97b28724f19438f21fcebab6c15c986",
   "source_x": "PMC",
   "title": "The 10th Anniversary of Asia Pacific Allergy",
   "doi": "10.5415/apallergy.2020.10.e10",
   "pmcid": "PMC7016318",
   "pubmed_id": "32099832",
   "license": "cc-by-nc",
   "publish_time": "2020 Jan 31",
   "authors": [
      "Chang, Yoon-Seok"
   ],
   "journal": "Asia Pac Allergy",
   "has_full_text": "True",
   "full_text_file": "noncomm_use_subset",
   "id": "https://doi.org/10.5415/apallergy.2020.10.e10",
   "pubtator": "PMC7016318",
   "fhir_link": [
      "Non-comercial/Composition/3e039d09e97b28724f19438f21fcebab6c15c986"
   ]
}