{
   "sha": "f41bba1e37e13b899c10c8f2c21b10fdc91930c2",
   "source_x": "PMC",
   "title": "Peptide Mimicrying Between SARS Coronavirus Spike Protein and Human Proteins Reacts with SARS Patient Serum",
   "doi": "10.1155/2008/326464",
   "pmcid": "PMC2254527",
   "pubmed_id": "18320019",
   "license": "no-cc",
   "abstract": "Molecular mimicry, defined as similar structures shared by molecules from dissimilar genes or proteins, is a general strategy used by pathogens to infect host cells. Severe acute respiratory syndrome (SARS) is a new human respiratory infectious disease caused by SARS coronavirus (SARS-CoV). The spike (S) protein of SARS-CoV plays an important role in the virus entry into a cell. In this study, eleven synthetic peptides from the S protein were selected based on its sequence homology with human proteins. Two of the peptides D07 (residues 927\u2013937) and D08 (residues 942\u2013951) were recognized by the sera of SARS patients. Murine hyperimmune sera against these peptides bound to proteins of human lung epithelial cells A549. Another peptide D10 (residues 490\u2013502) stimulated A549 to proliferate and secrete IL-8. The present results suggest that the selected S protein regions, which share sequence homology with human proteins, may play important roles in SARS-CoV infection.",
   "publish_time": "2008 Feb 19",
   "authors": [
      "Hwa, K.-Y.",
      "Lin, W. M.",
      "Hou, Y.-I.",
      "Yeh, T.-M."
   ],
   "journal": "J Biomed Biotechnol",
   "has_full_text": "True",
   "full_text_file": "custom_license",
   "id": "https://doi.org/10.1155/2008/326464",
   "pubtator": "PMC2254527",
   "fhir_link": [
      "PMC/Composition/f41bba1e37e13b899c10c8f2c21b10fdc91930c2"
   ]
}