{
   "sha": "93bc12e23681301901cc72598ded5258b4455eb1",
   "source_x": "PMC",
   "title": "The Molecular Biology of Frog Virus 3 and other Iridoviruses Infecting Cold-Blooded Vertebrates",
   "doi": "http://dx.doi.org/10.3390/v3101959",
   "pmcid": "PMC3205390",
   "pubmed_id": "22069524",
   "license": "CC BY",
   "abstract": "Frog virus 3 (FV3) is the best characterized member of the family Iridoviridae. FV3 study has provided insights into the replication of other family members, and has served as a model of viral transcription, genome replication, and virus-mediated host-shutoff. Although the broad outlines of FV3 replication have been elucidated, the precise roles of most viral proteins remain unknown. Current studies using knock down (KD) mediated by antisense morpholino oligonucleotides (asMO) and small, interfering RNAs (siRNA), knock out (KO) following replacement of the targeted gene with a selectable marker by homologous recombination, ectopic viral gene expression, and recombinant viral proteins have enabled researchers to systematically ascertain replicative- and virulence-related gene functions. In addition, the application of molecular tools to ecological studies is providing novel ways for field biologists to identify potential pathogens, quantify infections, and trace the evolution of ecologically important viral species. In this review, we summarize current studies using not only FV3, but also other iridoviruses infecting ectotherms. As described below, general principles ascertained using FV3 served as a model for the family, and studies utilizing other ranaviruses and megalocytiviruses have confirmed and extended our understanding of iridovirus replication. Collectively, these and future efforts will elucidate molecular events in viral replication, intrinsic and extrinsic factors that contribute to disease outbreaks, and the role of the host immune system in protection from disease.",
   "publish_time": "2011 Oct 20",
   "authors": [
      "['Chinchar, V. Gregory', 'Yu, Kwang H.', 'Jancovich, James K.']"
   ],
   "journal": "Viruses",
   "has_full_text": "True",
   "id": "93bc12e23681301901cc72598ded5258b4455eb1",
   "fhir_link": "Commercial/Composition/93bc12e23681301901cc72598ded5258b4455eb1"
}