{
   "sha": "49130444457c29a469a3d1c054c706c451975391",
   "source_x": "PMC",
   "title": "Recently published papers: small pieces of the puzzle and the long-term view",
   "pmcid": "PMC270692",
   "pubmed_id": "12793868",
   "license": "no-cc",
   "publish_time": "2003 May 8",
   "authors": [
      "Ball, Jonathan"
   ],
   "journal": "Crit Care",
   "has_full_text": "True",
   "full_text_file": "custom_license",
   "id": "https://www.ncbi.nlm.nih.gov/pubmed/12793868",
   "pubtator": "PMC270692",
   "fhir_link": [
      "PMC/Composition/49130444457c29a469a3d1c054c706c451975391"
   ]
}