{
   "sha": "379dc32e1a173ffb789b66c9dccea4219ace8fde",
   "source_x": "PMC",
   "title": "Immunogenetic Factors Associated with Severe Respiratory Illness Caused by Zoonotic H1N1 and H5N1 Influenza Viruses",
   "doi": "http://dx.doi.org/10.1155/2012/797180",
   "pmcid": "PMC3216312",
   "pubmed_id": "22110538",
   "license": "CC BY",
   "abstract": "Following the 2009 H1N1 pandemic and ongoing sporadic avian-to-human transmission of H5N1 viruses, an emphasis has been placed on better understanding the determinants and pathogenesis of severe influenza infections. Much of the current literature has focused on viral genetics and its impact on host immunity as well as novel risk factors for severe infection (particularly within the H1N1 pandemic). An understanding of the host genetic determinants of susceptibility and severe respiratory illness, however, is currently lacking. By better defining the role of genetic variability in influenza infection and identifying key polymorphisms that impair the host immune response or correlate with protection, we will be able to better identify at-risk populations and new targets for therapeutic interventions and vaccines. This paper will summarize known immunogenetic factors associated with susceptibility or severity of both pH1N1 and H5N1 infections and will also identify genetic pathways and polymorphisms of high relevance for future study.",
   "publish_time": "2012 Nov 3",
   "authors": [
      "['Juno, Jennifer', 'Fowke, Keith R.', 'Keynan, Yoav']"
   ],
   "journal": "Clin Dev Immunol",
   "has_full_text": "True",
   "id": "379dc32e1a173ffb789b66c9dccea4219ace8fde",
   "fhir_link": "Commercial/Composition/379dc32e1a173ffb789b66c9dccea4219ace8fde"
}