{
   "sha": "f74d6f598edd77d5ececd51da9d900910b21186d",
   "source_x": "PMC",
   "title": "Implications of Host Genetic Variation on the Risk and Prevalence of Infectious Diseases Transmitted Through the Environment",
   "doi": "10.1534/genetics.110.125625",
   "pmcid": "PMC3176547",
   "pubmed_id": "21527777",
   "license": "no-cc",
   "abstract": "Previous studies have shown that host genetic heterogeneity in the response to infectious challenge can affect the emergence risk and the severity of diseases transmitted through direct contact between individuals. However, there is substantial uncertainty about the degree and direction of influence owing to different definitions of genetic variation, most of which are not in line with the current understanding of the genetic architecture of disease traits. Also, the relevance of previous results for diseases transmitted through environmental sources is unclear. In this article a compartmental genetic\u2013epidemiological model was developed to quantify the impact of host genetic diversity on epidemiological characteristics of diseases transmitted through a contaminated environment. The model was parameterized for footrot in sheep. Genetic variation was defined through continuous distributions with varying shape and degree of dispersion for different disease traits. The model predicts a strong impact of genetic heterogeneity on the disease risk and its progression and severity, as well as on observable host phenotypes, when dispersion in key epidemiological parameters is high. The impact of host variation depends on the disease trait for which variation occurs and on environmental conditions affecting pathogen survival. In particular, compared to homogeneous populations with the same average susceptibility, disease risk and severity are substantially higher in populations containing a large proportion of highly susceptible individuals, and the differences are strongest when environmental contamination is low. The implications of our results for the recording and analysis of disease data and for predicting response to selection are discussed.",
   "publish_time": "2011 Jul",
   "authors": [
      "Doeschl-Wilson, Andrea B.",
      "Davidson, R.",
      "Conington, J.",
      "Roughsedge, T.",
      "Hutchings, M. R.",
      "Villanueva, B."
   ],
   "journal": "Genetics",
   "has_full_text": "True",
   "full_text_file": "custom_license",
   "id": "https://doi.org/10.1534/genetics.110.125625",
   "pubtator": "PMC3176547",
   "fhir_link": [
      "PMC/Composition/f74d6f598edd77d5ececd51da9d900910b21186d"
   ]
}