{
   "source_x": "PMC",
   "title": "Viruses associated with acute respiratory infections in Royal Air Force personnel",
   "pmcid": "PMC2130859",
   "abstract": "All respiratory illnesses which were reported to the medical officers between September 1966 and December 1967 on a Royal Air Force station of 350 men were studied virologically. Three periods of increased respiratory infections were observed: two occurred in the autumn, one in each year, and the third in the winter during January and February. The autumnal outbreaks were associated mainly with rhinovirus infections, and high isolation rates (82\u00b71, 65\u00b79%) were achieved at these times. Few of the illnesses during the winter outbreak could be diagnosed in the laboratory, and no evidence was found of infection with `coronaviruses'. Despite the entrance of 30 fresh recruits direct from civilian life every 5 weeks, the respiratory infections encountered on the station were very similar to those in the local population and were not predominantly infections with adenoviruses, Coevirus, and Mycoplasma pneumoniae, as previously reported from larger military recruit centres.",
   "authors": [
      "['Higgins, P. G.', 'Ellis, Eileen M.', 'Woolley, D. A.', 'Cassidy, P. F.']"
   ],
   "id": "https://www.ncbi.nlm.nih.gov/pmc/articles/PMC2130859"
}