{
   "sha": "24de65541e25ca372d5fb686b733b45a1dd5c0b6",
   "source_x": "PMC",
   "title": "Multiple Contact Dates and SARS Incubation Periods",
   "doi": "10.3201/eid1002.030426",
   "pmcid": "PMC3322923",
   "pubmed_id": "15030684",
   "license": "no-cc",
   "abstract": "Many severe acute respiratory syndrome (SARS) patients have multiple possible incubation periods due to multiple contact dates. Multiple contact dates cannot be used in standard statistical analytic techniques, however. I present a simple spreadsheet-based method that uses multiple contact dates to calculate the possible incubation periods of SARS.",
   "publish_time": "2004 Feb",
   "authors": [
      "Meltzer, Martin I."
   ],
   "journal": "Emerg Infect Dis",
   "has_full_text": "True",
   "full_text_file": "custom_license",
   "id": "https://doi.org/10.3201/eid1002.030426",
   "pubtator": "PMC3322923",
   "fhir_link": [
      "PMC/Composition/24de65541e25ca372d5fb686b733b45a1dd5c0b6"
   ]
}