{
   "sha": "5aea42c8922c84b19c8ae83793d535d53667a772",
   "source_x": "PMC",
   "title": "Posttraumatic Stress after SARS",
   "doi": "10.3201/eid1108.041083",
   "pmcid": "PMC3320475",
   "pubmed_id": "16102324",
   "license": "no-cc",
   "abstract": "Posttraumatic stress disorder (PTSD) can arise in patients with medical illness. We used 2 Chinese self-report measures to examine features of PTSD, anxiety, and depression in 131 survivors of severe acute respiratory syndrome at 1 month and 3 months after discharge from the hospital. Risk factors associated with psychological distress were identified.",
   "publish_time": "2005 Aug",
   "authors": [
      "Wu, Kitty K.",
      "Chan, Sumee K.",
      "Ma, Tracy M."
   ],
   "journal": "Emerg Infect Dis",
   "has_full_text": "True",
   "full_text_file": "custom_license",
   "id": "https://doi.org/10.3201/eid1108.041083",
   "pubtator": "PMC3320475",
   "fhir_link": [
      "PMC/Composition/5aea42c8922c84b19c8ae83793d535d53667a772"
   ]
}