{
   "sha": "c56d753d8b3c0fb68cb1bd22f0b7d10eb3c08e93",
   "source_x": "PMC",
   "title": "Survival of Influenza A(H1N1) on Materials Found in Households: Implications for Infection Control",
   "doi": "http://dx.doi.org/10.1371/journal.pone.0027932",
   "pmcid": "PMC3222642",
   "pubmed_id": "22132172",
   "license": "CC BY",
   "abstract": "BACKGROUND: The majority of influenza transmission occurs in homes, schools and workplaces, where many frequently touched communal items are situated. However the importance of transmission via fomites is unclear since few data exist on the survival of virus on commonly touched surfaces. We therefore measured the viability over time of two H1N1 influenza strains applied to a variety of materials commonly found in households and workplaces. METHODOLOGY AND PRINCIPAL FINDINGS: Influenza A/PuertoRico/8/34 (PR8) or A/Cambridge/AHO4/2009 (pandemic H1N1) viruses were inoculated onto a wide range of surfaces used in home and work environments, then sampled at set times following incubation at stabilised temperature and humidity. Virus genome was measured by RT-PCR; plaque assay (for PR8) or fluorescent focus formation (for pandemic H1N1) was used to assess the survival of viable virus. CONCLUSIONS/SIGNIFICANCE: The genome of either virus could be detected on most surfaces 24 h after application with relatively little drop in copy number, with the exception of unsealed wood surfaces. In contrast, virus viability dropped much more rapidly. Live virus was recovered from most surfaces tested four hours after application and from some non-porous materials after nine hours, but had fallen below the level of detection from all surfaces at 24 h. We conclude that influenza A transmission via fomites is possible but unlikely to occur for long periods after surface contamination (unless re-inoculation occurs). In situations involving a high probability of influenza transmission, our data suggest a hierarchy of priorities for surface decontamination in the multi-surface environments of home and hospitals.",
   "publish_time": "2011 Nov 22",
   "authors": [
      "['Greatorex, Jane S.', 'Digard, Paul', 'Curran, Martin D.', 'Moynihan, Robert', 'Wensley, Harrison', 'Wreghitt, Tim', 'Varsani, Harsha', 'Garcia, Fayna', 'Enstone, Joanne', 'Nguyen-Van-Tam, Jonathan S.']"
   ],
   "journal": "PLoS One",
   "has_full_text": "True",
   "id": "c56d753d8b3c0fb68cb1bd22f0b7d10eb3c08e93",
   "fhir_link": "Commercial/Composition/c56d753d8b3c0fb68cb1bd22f0b7d10eb3c08e93.json"
}