{
   "sha": "22264c65eb6c14ba96287ba4da536424dd083253",
   "source_x": "biorxiv",
   "title": "Quality control implementation for universal characterization of DNA and RNA viruses in clinical respiratory samples using single metagenomic next-generation sequencing workflow",
   "doi": "doi.org/10.1101/367367",
   "license": "See https://www.biorxiv.org/about-biorxiv",
   "abstract": "BackgroundIn recent years, metagenomic Next-Generation Sequencing (mNGS) has increasingly been used for an accurate assumption-free virological diagnosis. However, the systematic workflow evaluation on clinical respiratory samples and implementation of quality controls (QCs) is still lacking.\\n\\nMethodsA total of 3 QCs were implemented and processed through the whole mNGS workflow: a notemplate-control to evaluate contamination issues during the process; an internal and an external QC to check the integrity of the reagents, equipment, the presence of inhibitors, and to allow the validation of results for each sample. The workflow was then evaluated on 37 clinical respiratory samples from patients with acute respiratory infections previously tested for a broad panel of viruses using semi-quantitative real-time PCR assays (28 positive samples including 6 multiple viral infections; 9 negative samples). Selected specimens included nasopharyngeal swabs (n = 20), aspirates (n = 10), or sputums (n = 7).\\n\\nResultsThe optimal spiking level of the internal QC was first determined in order to be sufficiently detected without overconsumption of sequencing reads. According to QC validation criteria, mNGS results were validated for 34/37 selected samples. For valid samples, viral genotypes were accurately determined for 36/36 viruses detected with PCR (viral genome coverage ranged from 0.6% to 100%, median = 67.7%). This mNGS workflow allowed the detection of DNA and RNA viruses up to a semi-quantitative PCR Ct value of 36. The six multiple viral infections involving 2 to 4 viruses were also fully characterized. A strong correlation between results of mNGS and real-time PCR was obtained for each type of viral genome (R2 ranged from 0.72 for linear single-stranded (ss) RNA viruses to 0.98 for linear ssDNA viruses).\\n\\nConclusionsAlthough the potential of mNGS technology is very promising, further evaluation studies are urgently needed for its routine clinical use within a reasonable timeframe. The approach described herein is crucial to bring standardization and to ensure the quality of the generated sequences in clinical setting. We provide an easy-to-use single protocol successfully evaluated for the characterization of a broad and representative panel of DNA and RNA respiratory viruses in various types of clinical samples.",
   "publish_time": "2018-07-11",
   "authors": [
      "Bal, A.",
      "Pichon, M.",
      "Picard, C.",
      "Casalegno, J.-S.",
      "Valette, M.",
      "Scuffenecker, I.",
      "Billard, L.",
      "Vallet, S.",
      "Vilchez, G.",
      "Cheynet, V.",
      "Oriol, G.",
      "Trouillet-assant, S.",
      "Gillet, Y.",
      "Lina, B.",
      "Brengel-pesce, K.",
      "Morfin-sherpa, F.",
      "Josset, L."
   ],
   "has_full_text": "True",
   "id": "22264c65eb6c14ba96287ba4da536424dd083253",
   "fhir_link": "bioRxiv-medRxiv/Composition/22264c65eb6c14ba96287ba4da536424dd083253"
}