{
   "sha": "43fa93dd99dc6f9a8204dc22c79fb80ddb44dfba",
   "source_x": "PMC",
   "title": "2,500-year Evolution of the Term Epidemic",
   "doi": "10.3201/eid1206.051263",
   "pmcid": "PMC3373038",
   "pubmed_id": "16707055",
   "license": "no-cc",
   "abstract": "The term epidemic (from the Greek epi [on] plus demos [people]), first used by Homer, took its medical meaning when Hippocrates used it as the title of one of his famous treatises. At that time, epidemic was the name given to a collection of clinical syndromes, such as coughs or diarrheas, occurring and propagating in a given period at a given location. Over centuries, the form and meaning of the term have changed. Successive epidemics of plague in the Middle Ages contributed to the definition of an epidemic as the propagation of a single, well-defined disease. The meaning of the term continued to evolve in the 19th-century era of microbiology. Its most recent semantic evolution dates from the last quarter of the 20th century, and this evolution is likely to continue in the future.",
   "publish_time": "2006 Jun",
   "authors": [
      "Martin, Paul M.V.",
      "Martin-Granel, Estelle"
   ],
   "journal": "Emerg Infect Dis",
   "has_full_text": "True",
   "full_text_file": "custom_license",
   "id": "https://doi.org/10.3201/eid1206.051263",
   "pubtator": "PMC3373038",
   "fhir_link": [
      "PMC/Composition/43fa93dd99dc6f9a8204dc22c79fb80ddb44dfba"
   ]
}