{
   "sha": "c6083ef497ef3b5301404efe5519cfbd8cf82eb7",
   "source_x": "biorxiv",
   "title": "In silico identification of potential inhibitors against human 2\u2019-5\u2019-oligoadenylate synthetase (OAS) proteins",
   "doi": "doi.org/10.1101/804716",
   "license": "See https://www.biorxiv.org/about-biorxiv",
   "abstract": "As part of the type I IFN signaling, the 2-5- oligoadenylate synthetase (OAS) proteins have been involved in the progression of several non-viral diseases. Notably, OAS has been correlated with immune-modulatory functions that promote chronic inflammatory conditions, autoimmune disorders, cancer, and infectious diseases. In spite of this, OAS enzymes have been ignored as drug targets, and to date, there are no reports of compounds that can inhibit their activity. In this study, we have used homology modeling and virtual high-throughput screening to identify potential inhibitors of the human proteins OAS1, OAS2, and OAS3. Altogether, we have found 37 molecules that could exert a competitive inhibition in the ATP binding sites of OAS proteins, independently of the activation state of the enzyme. This latter characteristic, which might be crucial for a versatile inhibitor, was observed in compounds interacting with the residues Asp75, Asp77, Gln229, and Tyr230 in OAS1, and their equivalents in OAS2 and OAS3. Although there was little correlation between specific chemical fragments and particular interactions, intermolecular contacts with OAS catalytic triad and other critical amino acids were mainly promoted by heterocycles with {pi} electrons and hydrogen bond acceptors. In conclusion, this study provides a potential set of OAS inhibitors as well as valuable information for their design, development, and optimization.",
   "publish_time": "2019-10-15",
   "authors": [
      "Gonzalez Restrepo, K. J.",
      "Moncada Giraldo, D. M.",
      "Gutierrez, J. B."
   ],
   "has_full_text": "False",
   "id": "c6083ef497ef3b5301404efe5519cfbd8cf82eb7"
}