{
   "sha": "feb25c9a9dbc1800d43c52b03616c7a4d3e2a709",
   "source_x": "PMC",
   "title": "Possible Role of Rickettsia felis in Acute Febrile Illness among Children in Gabon",
   "doi": "10.3201/eid2110.141825",
   "pmcid": "PMC4593428",
   "pubmed_id": "26402580",
   "license": "no-cc",
   "abstract": "Rickettsia felis has been reported to be a cause of fever in sub-Saharan Africa, but this association has been poorly evaluated in Gabon. We assessed the prevalence of this bacterium among children <15 years of age in 4 areas of Gabon; the locations were in urban, semiurban, and rural areas. DNA samples from 410 febrile children and 60 afebrile children were analyzed by quantitative PCR. Overall, the prevalence of R. felis among febrile and afebrile children was 10.2% (42/410 children) and 3.3% (2/60 children), respectively. Prevalence differed among febrile children living in areas that are urban (Franceville, 1.3% [1/77]), semiurban (Koulamoutou, 2.1% [3/141]), and rural (Lastourville, 11.2% [15/134]; Fougamou, 39.7% [23/58]). Furthermore, in a rural area (Fougamou), R. felis was significantly more prevalent in febrile (39.7% [23/58]) than afebrile children (5.0% [1/20]). Additional studies are needed to better understand the pathogenic role of R. felis in this part of the world.",
   "publish_time": "2015 Oct",
   "authors": [
      "Mourembou, Ga\u00ebl",
      "Lekana-Douki, Jean Bernard",
      "Mediannikov, Oleg",
      "Nzondo, Sydney Maghendji",
      "Kouna, Lady Charlene",
      "Essone, Jean Claude Biteghe Bi",
      "Fenollar, Florence",
      "Raoult, Didier"
   ],
   "journal": "Emerg Infect Dis",
   "has_full_text": "True",
   "full_text_file": "custom_license",
   "id": "https://doi.org/10.3201/eid2110.141825",
   "pubtator": "PMC4593428",
   "fhir_link": [
      "PMC/Composition/feb25c9a9dbc1800d43c52b03616c7a4d3e2a709"
   ]
}