{
   "sha": "267729947ca478946d5a4bffb8e13d50c3545120",
   "source_x": "medrxiv",
   "title": "Rapid Detection of SARS-CoV-2 Using Reverse transcription RT-LAMP method",
   "doi": "doi.org/10.1101/2020.03.02.20030130",
   "license": "See https://www.medrxiv.org/submit-a-manuscript",
   "abstract": "<jats:p>Corona Virus Disease 2019 (COVID-19) is a recently emerged life-threatening disease caused by SARS-CoV-2. Real- time fluorescent PCR (RT-PCR) is the clinical standard for SARS-CoV-2 nucleic acid detection. To detect SARS-CoV-2 early and control the disease spreading on time, a faster and more convenient method for SARS-CoV-2 nucleic acid detecting, RT-LAMP method (reverse transcription loop-mediated isothermal amplification) was developed. RNA reverse transcription and nucleic acid amplification were performed in one step at 63 \u2103 isothermal conditions, and the results can be obtained within 30 minutes. ORF1ab gene, E gene and N gene were detected at the same time. ORF1ab gene was very specific and N gene was very sensitivity, so they can guarantee both sensitivity and specificity for SARS-CoV-2. The sensitivity of RT-LAMP assay is similar to RT-PCR, and specificity was 99% as detecting 208 clinical specimens. The RT-LAMP assay reported here has the advantages of rapid amplification, simple operation, and easy detection, which is useful for the rapid and reliable clinical diagnosis of SARS-CoV-2.</jats:p>",
   "publish_time": "2020-03-02",
   "authors": [
      "['Weihua Yang', 'Xiaofei Dang', 'Qingxi Wang', 'Mingjie Xu', 'Qianqian Zhao', 'Yunying Zhou', 'Huailong Zhao', 'Li Wang', 'Yihui Xu', 'Jun Wang', 'Shuyi Han', 'Min Wang', 'Fengyan Pei', 'Yunshan Wang']"
   ],
   "has_full_text": "True",
   "id": "267729947ca478946d5a4bffb8e13d50c3545120",
   "fhir_link": "bioRxiv-medRxiv/Composition/267729947ca478946d5a4bffb8e13d50c3545120.json"
}