{
   "source_x": "PMC",
   "title": "Evolutionary Virology at 40",
   "doi": "10.1534/genetics.118.301556",
   "pmcid": "PMC6283181",
   "license": "unk",
   "abstract": "RNA viruses are diverse, abundant, and rapidly evolving. Genetic data have been generated from virus populations since the late 1970s and used to understand their evolution, emergence, and spread, culminating in the generation and analysis of many thousands of viral genome sequences. Despite this wealth of data, evolutionary genetics has played a surprisingly small role in our understanding of virus evolution. Instead, studies of RNA virus evolution have been dominated by two very different perspectives, the experimental and the comparative, that have largely been conducted independently and sometimes antagonistically. Here, we review the insights that these two approaches have provided over the last 40 years. We show that experimental approaches using in vitro and in vivo laboratory models are largely focused on short-term intrahost evolutionary mechanisms, and may not always be relevant to natural systems. In contrast, the comparative approach relies on the phylogenetic analysis of natural virus populations, usually considering data collected over multiple cycles of virus\u2013host transmission, but is divorced from the causative evolutionary processes. To truly understand RNA virus evolution it is necessary to meld experimental and comparative approaches within a single evolutionary genetic framework, and to link viral evolution at the intrahost scale with that which occurs over both epidemiological and geological timescales. We suggest that the impetus for this new synthesis may come from methodological advances in next-generation sequencing and metagenomics.",
   "authors": [
      "Geoghegan, Jemma L.",
      "Holmes, Edward C."
   ],
   "has_full_text": "False",
   "id": "https://doi.org/10.1534/genetics.118.301556",
   "pubtator": "PMC6283181"
}