{
   "source_x": "PMC",
   "title": "The S Gene Is Necessary but Not Sufficient for the Virulence of Porcine Epidemic Diarrhea Virus Novel Variant Strain BJ2011C",
   "doi": "10.1128/JVI.00603-18",
   "pmcid": "PMC6002738",
   "license": "unk",
   "abstract": "The recently emerged highly virulent variants of porcine epidemic diarrhea virus (PEDV) have caused colossal economic losses to the worldwide swine industry. In this study, we investigated the viral virulence determinants by constructing a series of chimeric mutants between the highly virulent strain BJ2011C and the avirulent strain CHM2013. When tested in the 2-day-old piglet model, wild-type (WT) BJ2011C caused severe diarrhea and death of the piglets within 72 h. In contrast, its chimeric derivative carrying the S gene from CHM2013 (BJ2011C-S(CHM)) was avirulent to the piglets. Moreover, reciprocal substitution of the BJ2011C S gene (CHM2013-S(BJ)) did not enable CHM2013 to gain any virulence. However, when the whole structural protein-coding region of BJ2011C (CHM2013-SP(BJ)) was swapped, CHM2013 started to gain the ability to efficiently colonize the intestinal tract and caused diarrhea in piglets. A further gain of virulence required additional acquisition of the 3\u2032 untranslated region (UTR) of BJ2011C, and the resultant virus (CHM2013-SP + 3UTR(BJ)) caused more severe diarrhea and death of piglets. Together, our findings suggest that the virulence of PEDV epidemic strains is a multigenic event and that the S gene is only one of the necessary determinants. IMPORTANCE The recently emerged highly virulent PEDV variants are the major cause of the global porcine epidemic diarrhea (PED) pandemic. The S gene of the variants undergoes remarkable variations and has been thought to be the virulence determinant for the enhanced pathogenesis. Our studies here showed that the S gene is only part of the story and that full virulence requires cooperation from other genes. Our findings provide insight into the pathogenic mechanism of the highly virulent PEDV variants and have implications for future vaccine development.",
   "authors": [
      "Wang, Di",
      "Ge, Xinna",
      "Chen, Dongjie",
      "Li, Jie",
      "Cai, Yueqi",
      "Deng, Jin",
      "Zhou, Lei",
      "Guo, Xin",
      "Han, Jun",
      "Yang, Hanchun"
   ],
   "has_full_text": "False",
   "id": "https://doi.org/10.1128/JVI.00603-18",
   "pubtator": "PMC6002738"
}