{
   "source_x": "PMC",
   "title": "Atrial myxoma presenting as infective endocarditis",
   "doi": "10.1136/bcr-2017-223656",
   "pmcid": "PMC5847994",
   "license": "unk",
   "abstract": "A 23-year-old Asian student presented to our service with a 1-month history of fever, weight loss of 10 kg, night sweats, fatigue and general malaise. He was previously well with no significant medical or family history. He had a low-grade pyrexia and cardiac auscultation revealed a diastolic murmur consistent with \u2018tumour plop\u2019. He had no sequelae of endocarditis. He had low-grade pyrexia of 37.7\u00b0C, and ECG showed sinus tachycardia at 130 bpm. He had raised inflammatory markers and was started on broad spectrum antibiotics. Blood cultures grew Streptococcus viridans twice. Transthoracic and transo-oesophageal echocardiography revealed a large mobile mass attached to the interatrial septum, suspicious for atrial myxoma, flopping into the left ventricle but not causing left ventricular outflow tract obstruction. All valves looked normal in appearance. He was treated with antibiotics for 2 weeks until inflammatory markers normalised. The patient was referred for cardiothoracic surgery where a large atrial myxoma (5 cm\u00d73 cm) was excised just superior to the mitral valve. It had areas of necrosis and was colonised with S. viridans. He had an unremarkable postoperative course and made a complete recovery.",
   "authors": [
      "Fitzgerald, Gerald Paul",
      "Coughlan, John Joseph",
      "Satti, Zahir",
      "Arnous, Samer"
   ],
   "has_full_text": "False",
   "id": "https://doi.org/10.1136/bcr-2017-223656",
   "pubtator": "PMC5847994"
}