{
   "sha": "4e9f9684ec67208f02fa5b822b18ccfa79ca6b6b",
   "source_x": "PMC",
   "title": "First Human Rabies Case in French Guiana, 2008: Epidemiological Investigation and Control",
   "doi": "http://dx.doi.org/10.1371/journal.pntd.0001537",
   "pmcid": "PMC3283561",
   "pubmed_id": "22363830",
   "license": "CC BY",
   "abstract": "BACKGROUND: Until 2008, human rabies had never been reported in French Guiana. On 28 May 2008, the French National Reference Center for Rabies (Institut Pasteur, Paris) confirmed the rabies diagnosis, based on hemi-nested polymerase chain reaction on skin biopsy and saliva specimens from a Guianan, who had never travelled overseas and died in Cayenne after presenting clinically typical meningoencephalitis. METHODOLOGY/PRINCIPAL FINDINGS: Molecular typing of the virus identified a Lyssavirus (Rabies virus species), closely related to those circulating in hematophagous bats (mainly Desmodus rotundus) in Latin America. A multidisciplinary Crisis Unit was activated. Its objectives were to implement an epidemiological investigation and a veterinary survey, to provide control measures and establish a communications program. The origin of the contamination was not formally established, but was probably linked to a bat bite based on the virus type isolated. After confirming exposure of 90 persons, they were vaccinated against rabies: 42 from the case's entourage and 48 healthcare workers. To handle that emergence and the local population's increased demand to be vaccinated, a specific communications program was established using several media: television, newspaper, radio. CONCLUSION/SIGNIFICANCE: This episode, occurring in the context of a Department far from continental France, strongly affected the local population, healthcare workers and authorities, and the management team faced intense pressure. This observation confirms that the risk of contracting rabies in French Guiana is real, with consequences for population educational program, control measures, medical diagnosis and post-exposure prophylaxis.",
   "publish_time": "2012 Feb 21",
   "authors": [
      "['Meynard, Jean-Baptiste', 'Flamand, Claude', 'Dupuy, C\u00e9line', 'Mahamat, Aba', 'Eltges, Fran\u00e7oise', 'Queuche, Frederic', 'Renner, Julien', 'Fontanella, Jean-Michel', 'Hommel, Didier', 'Dussart, Philippe', 'Grangier, Claire', 'Djossou, F\u00e9lix', 'Dacheux, Laurent', 'Goudal, Maryvonne', 'Berger, Franck', 'Ardillon, Vanessa', 'Krieger, Nicolas', 'Bourhy, Herv\u00e9', 'Spiegel, Andr\u00e9']"
   ],
   "journal": "PLoS Negl Trop Dis",
   "has_full_text": "True",
   "id": "4e9f9684ec67208f02fa5b822b18ccfa79ca6b6b",
   "fhir_link": "Commercial/Composition/4e9f9684ec67208f02fa5b822b18ccfa79ca6b6b.json"
}