{
   "source_x": "PMC",
   "title": "The Emergency Medical Service Microbiome",
   "doi": "10.1128/AEM.02098-17",
   "pmcid": "PMC5812948",
   "license": "unk",
   "abstract": "Emergency medical services (EMS) personnel are an integral component of the health care framework and function to transport patients from various locations to and between care facilities. In addition to physical injury, EMS personnel are expected to be at high risk to acquire and transmit health care-associated infections (HAIs) in the workplace. However, currently, little is known about EMS biosafety risk factors and the epidemiological contribution of EMS to pathogen transmission within and outside the health care sector. Health care facility microbiomes contain diverse bacterial, fungal, and viral pathogens that cause over 1.7 million HAIs each year in the United States alone. While hospital microbiomes have been relatively well studied, there is scant information about EMS infrastructure and equipment microbiomes or the role(s) they play in HAI transmission between health care facilities. We review recent literature investigating the microbiome of ambulances and other EMS service facilities which consistently identify antibiotic-resistant pathogens causing HAIs, including methicillin-resistant Staphylococcus aureus (MRSA), vancomycin-resistant Enterococcus, and Klebsiella pneumoniae. Our review provides evidence that EMS microbiomes are dynamic and important pathogen reservoirs, and it underscores the need for more widespread and in-depth microbiome studies to elucidate patterns of pathogen transmission. We discuss emerging DNA sequencing technologies and other methods that can be applied to characterize and mitigate EMS biosafety risks in the future. Understanding the complex interplay between EMS and hospital microbiomes will provide key insights into pathogen transmission mechanisms and identify strategies to minimize HAIs and community infection.",
   "authors": [
      "Hudson, Andrew J.",
      "Glaister, Graeme D.",
      "Wieden, Hans-Joachim"
   ],
   "has_full_text": "False",
   "id": "https://doi.org/10.1128/AEM.02098-17",
   "pubtator": "PMC5812948"
}