{
   "sha": "058c0fc94ded8fa4e7a302081c3ea738d16a4b1a",
   "source_x": "PMC",
   "title": "Using Support Vector Machine and Evolutionary Profiles to Predict Antifreeze Protein Sequences",
   "doi": "http://dx.doi.org/10.3390/ijms13022196",
   "pmcid": "PMC3292016",
   "pubmed_id": "22408447",
   "license": "CC BY",
   "abstract": "Antifreeze proteins (AFPs) are ice-binding proteins. Accurate identification of new AFPs is important in understanding ice-protein interactions and creating novel ice-binding domains in other proteins. In this paper, an accurate method, called AFP_PSSM, has been developed for predicting antifreeze proteins using a support vector machine (SVM) and position specific scoring matrix (PSSM) profiles. This is the first study in which evolutionary information in the form of PSSM profiles has been successfully used for predicting antifreeze proteins. Tested by 10-fold cross validation and independent test, the accuracy of the proposed method reaches 82.67% for the training dataset and 93.01% for the testing dataset, respectively. These results indicate that our predictor is a useful tool for predicting antifreeze proteins. A web server (AFP_PSSM) that implements the proposed predictor is freely available.",
   "publish_time": "2012 Feb 17",
   "authors": [
      "['Zhao, Xiaowei', 'Ma, Zhiqiang', 'Yin, Minghao']"
   ],
   "journal": "Int J Mol Sci",
   "has_full_text": "True",
   "id": "058c0fc94ded8fa4e7a302081c3ea738d16a4b1a",
   "fhir_link": "Commercial/Composition/058c0fc94ded8fa4e7a302081c3ea738d16a4b1a"
}