{
   "source_x": "PMC",
   "title": "Porcine circovirus type 2 capsid protein induces unfolded protein response with subsequent activation of apoptosis",
   "doi": "10.1631/jzus.B1600208",
   "pmcid": "PMC5394096",
   "license": "unk",
   "abstract": "Porcine circovirus type 2 (PCV2) has recently been reported to elicit the unfolded protein response (UPR) via activation of the PERK/eIF2\u03b1 (RNA-activated protein kinase-like endoplasmic reticulum (ER) kinase/eukaryotic initiation factor 2\u03b1) pathway. This study attempted to examine which viral protein might be involved in inducing UPR and whether this cellular event would lead to apoptosis of the cells expressing the viral protein. By transient expression, we found that both replicase (Rep) and capsid (Cap) proteins of PCV2 could induce ER stress as shown by increased phosphorylation of PERK with subsequent activation of the eIF2\u03b1-ATF4 (activating transcription factor 4)-CHOP (CCAAT/enhancer-binding protein homologous protein) axis. Cap expression, but not Rep, significantly reduced anti-apoptotic B-cell lymphoma-2 (Bcl-2) and increased caspase-3 cleavage, possibly due to increased expression of CHOP. Since knockdown of PERK by RNA interference clearly reduced Cap-induced CHOP expression, caspase-3 cleavage, and apoptotic cell death possibly by partially rescuing Bcl-2 expression, we propose that there is connection between Cap-induced UPR and apoptosis via the PERK/eIF2\u03b1/ATF4/CHOP/Bcl-2 pathway. This study, together with our earlier studies, provides insight into the mechanisms underlying PCV2 pathogenesis.",
   "authors": [
      "Zhou, Ying-shan",
      "Gu, Yuan-xing",
      "Qi, Bao-zhu",
      "Zhang, Yi-kai",
      "Li, Xiao-liang",
      "Fang, Wei-huan"
   ],
   "has_full_text": "False",
   "id": "https://doi.org/10.1631/jzus.B1600208",
   "pubtator": "PMC5394096"
}