{
   "source_x": "PMC",
   "title": "Crucial steps in the structure determination of a coronavirus spike glycoprotein using cryo\u2010electron microscopy",
   "doi": "10.1002/pro.3048",
   "pmcid": "PMC5192993",
   "license": "unk",
   "abstract": "The tremendous pandemic potential of coronaviruses was demonstrated twice in the last 15 years by two global outbreaks of deadly pneumonia. Entry of coronaviruses into cells is mediated by the transmembrane spike glycoprotein S, which forms a trimer carrying receptor\u2010binding and membrane fusion functions. Despite their biomedical importance, coronavirus S glycoproteins have proven difficult targets for structural characterization, precluding high\u2010resolution studies of the biologically relevant trimer. Recent technological developments in single particle cryo\u2010electron microscopy allowed us to determine the first structure of a coronavirus S glycoprotein trimer which provided a framework to understand the mechanisms of viral entry and suggested potential inhibition strategies for this family of viruses. Here, we describe the key factors that enabled this breakthrough.",
   "authors": [
      "Walls, Alexandra",
      "Tortorici, M. Alejandra",
      "Bosch, Berend\u2010Jan",
      "Frenz, Brandon",
      "Rottier, Peter J. M.",
      "DiMaio, Frank",
      "Rey, Felix A.",
      "Veesler, David"
   ],
   "has_full_text": "False",
   "id": "https://doi.org/10.1002/pro.3048",
   "pubtator": "PMC5192993"
}