{
   "sha": "2305cbae32a50cf9923356cd30ca3152944d6d38",
   "source_x": "PMC",
   "title": "Both TLR2 and TRIF Contribute to Interferon-\u03b2 Production during Listeria Infection",
   "doi": "http://dx.doi.org/10.1371/journal.pone.0033299",
   "pmcid": "PMC3303824",
   "pubmed_id": "22432012",
   "license": "CC BY",
   "abstract": "Synthesis of interferon-\u03b2 (IFN-\u03b2) is an innate response to cytoplasmic infection with bacterial pathogens. Our recent studies showed that Listeria monocytogenes limits immune detection and IFN-\u03b2 synthesis via deacetylation of its peptidoglycan, which renders the bacterium resistant to lysozyme degradation. Here, we examined signaling requirements for the massive IFN-\u03b2 production resulting from the infection of murine macrophages with a mutant strain of L. monocytogenes, \u0394pgdA, which is unable to modify its peptidoglycan. We report the identification of unconventional signaling pathways to the IFN-\u03b2 gene, requiring TLR2 and bacterial internalization. Induction of IFN-\u03b2 was independent of the Mal/TIRAP adaptor protein but required TRIF and the transcription factors IRF3 and IRF7. These pathways were stimulated to a lesser degree by wild-type L. monocytogenes. They operated in both resident and inflammatory macrophages derived from the peritoneal cavity, but not in bone marrow-derived macrophages. The novelty of our findings thus lies in the first description of TLR2 and TRIF as two critical components leading to the induction of the IFN-\u03b2 gene and in uncovering that individual macrophage populations adopt different strategies to link pathogen recognition signals to IFN-\u03b2 gene expression.",
   "publish_time": "2012 Mar 14",
   "authors": [
      "['Aubry, Camille', 'Corr, Sin\u00e9ad C.', 'Wienerroither, Sebastian', 'Goulard, C\u00e9line', 'Jones, Ruth', 'Jamieson, Amanda M.', 'Decker, Thomas', \"O'Neill, Luke A. J.\", 'Dussurget, Olivier', 'Cossart, Pascale']"
   ],
   "journal": "PLoS One",
   "has_full_text": "True",
   "id": "2305cbae32a50cf9923356cd30ca3152944d6d38",
   "fhir_link": "Commercial/Composition/2305cbae32a50cf9923356cd30ca3152944d6d38"
}