{
   "sha": "1ef88699eb7270ddd7e3d2e4c5a7f5ed5ac817bc",
   "source_x": "Elsevier",
   "title": "Chapter 5 Physical and Chemical Methods for the Reduction of Biological Hazards in Animal Feeds",
   "doi": "10.1016/B978-0-12-811835-1.00005-1",
   "license": "els-covid",
   "abstract": "Abstract Feed for livestock animals have been under increased scrutiny as a vector for pathogenic bacteria leading to human illnesses. Control of these pathogenic bacteria in animal feeds can be controlled via physical and chemical means. Physical methods can include thermal processing, including irradiation, pelleting, and extrusion. Chemical mitigation can be accomplished through the inclusion of various additives, including formaldehyde, organic acids, essential oils, or medium chain fatty acids. While physical and chemical interventions can help mitigate risk of pathogens contaminating finished animal feeds, the implementation of a biosecurity plan at the feed mill can help prevent pathogens from entering or spreading throughout the facility.",
   "publish_time": "2018-12-31",
   "authors": [
      "Huss, Anne",
      "Cochrane, Roger",
      "Jones, Cassie",
      "Atungulu, Griffiths G."
   ],
   "journal": "Food and Feed Safety Systems and Analysis",
   "has_full_text": "True",
   "full_text_file": "custom_license",
   "id": "https://doi.org/10.1016/B978-0-12-811835-1.00005-1",
   "fhir_link": [
      "PMC/Composition/1ef88699eb7270ddd7e3d2e4c5a7f5ed5ac817bc"
   ]
}