{
   "source_x": "PMC",
   "title": "Outbreak investigation of porcine epidemic diarrhea in swine in Ontario",
   "pmcid": "PMC4677617",
   "license": "unk",
   "abstract": "Porcine epidemic diarrhea virus was first diagnosed in Ontario in January of 2014. An outbreak investigation was conducted and it was hypothesized that feed containing spray-dried porcine plasma contaminated with the virus was a risk factor in the introduction and spread of the disease in Ontario.",
   "authors": [
      "Pasma, Tim",
      "Furness, Mary Catherine",
      "Alves, David",
      "Aubry, Pascale"
   ],
   "has_full_text": "False",
   "id": "https://www.ncbi.nlm.nih.gov/pmc/articles/PMC4677617",
   "pubtator": "PMC4677617"
}