{
   "source_x": "PMC",
   "title": "Zoonotic Potential of Simian Arteriviruses",
   "doi": "10.1128/JVI.01433-15",
   "pmcid": "PMC4702702",
   "license": "unk",
   "abstract": "Wild nonhuman primates are immediate sources and long-term reservoirs of human pathogens. However, ethical and technical challenges have hampered the identification of novel blood-borne pathogens in these animals. We recently examined RNA viruses in plasma from wild African monkeys and discovered several novel, highly divergent viruses belonging to the family Arteriviridae. Close relatives of these viruses, including simian hemorrhagic fever virus, have caused sporadic outbreaks of viral hemorrhagic fever in captive macaque monkeys since the 1960s. However, arterivirus infection in wild nonhuman primates had not been described prior to 2011. The arteriviruses recently identified in wild monkeys have high sequence and host species diversity, maintain high viremia, and are prevalent in affected populations. Taken together, these features suggest that the simian arteriviruses may be \u201cpreemergent\u201d zoonotic pathogens. If not, this would imply that biological characteristics of RNA viruses thought to facilitate zoonotic transmission may not, by themselves, be sufficient for such transmission to occur.",
   "authors": [
      "Bailey, Adam L.",
      "Lauck, Michael",
      "Sibley, Samuel D.",
      "Friedrich, Thomas C.",
      "Kuhn, Jens H.",
      "Freimer, Nelson B.",
      "Jasinska, Anna J.",
      "Phillips-Conroy, Jane E.",
      "Jolly, Clifford J.",
      "Marx, Preston A.",
      "Apetrei, Cristian",
      "Rogers, Jeffrey",
      "Goldberg, Tony L.",
      "O'Connor, David H."
   ],
   "has_full_text": "False",
   "id": "https://doi.org/10.1128/JVI.01433-15",
   "pubtator": "PMC4702702"
}