{
   "source_x": "PMC",
   "title": "The Potential Role of Social Media Platforms in Community Awareness of Antibiotic Use in the Gulf Cooperation Council States: Luxury or Necessity?",
   "doi": "10.2196/jmir.3891",
   "pmcid": "PMC4642378",
   "pubmed_id": "26471079",
   "license": "cc-by",
   "abstract": "The increasing emergence and spread of antimicrobial resistance (AMR) is a serious public health issue. Increasing the awareness of the general public about appropriate antibiotic use is a key factor for combating this issue. Several public media campaigns worldwide have been launched; however, such campaigns can be costly and the outcomes are variable and difficult to assess. Social media platforms, including Twitter, Facebook, and YouTube, are now frequently utilized to address health-related issues. In many geographical locations, such as the countries of the Gulf Cooperation Council (GCC) States (Saudi Arabia, United Arab Emirates, Kuwait, Oman, Qatar, and Bahrain), these platforms are becoming increasingly popular. The socioeconomic status of the GCC states and their reliable communication and networking infrastructure has allowed the penetration and scalability of these platforms in the region. This might explain why the Saudi Ministry of Health is using social media platforms alongside various other media platforms in a large-scale public awareness campaign to educate at-risk communities about the recently emerged Middle East respiratory syndrome coronavirus (MERS-CoV). This paper discusses the potential for using social media tools as cost-efficient and mass education platforms to raise awareness of appropriate antibiotic use in the general public and in the medical communities of the Arabian Peninsula.",
   "publish_time": "2015 Oct 15",
   "authors": [
      "Zowawi, Hosam Mamoon",
      "Abedalthagafi, Malak",
      "Mar, Florie A",
      "Almalki, Turki",
      "Kutbi, Abdullah H",
      "Harris-Brown, Tiffany",
      "Harbarth, Stephan",
      "Balkhy, Hanan H",
      "Paterson, David L",
      "Hasanain, Rihab Abdalazez"
   ],
   "journal": "J Med Internet Res",
   "has_full_text": "False",
   "id": "https://doi.org/10.2196/jmir.3891",
   "pubtator": "PMC4642378"
}