{
   "sha": "afe50dee0320101d21d9c59ea01c8549df46305a",
   "source_x": "Elsevier",
   "title": "Chapter 30 The National Bioforensic Analysis Center",
   "doi": "10.1016/B978-0-12-815379-6.00030-1",
   "license": "els-covid",
   "abstract": "Abstract The National Bioforensic Analysis Center has been central to the nation's biodefense strategy since its inception in 2004 and provides ISO 17025 accredited bioforensic capabilities at BSL-0 through BSL-4 for the FBI and other federal partners. NBFAC is continually expanding to maintain cutting edge capabilities in the face of expanding threat landscapes and rapidly evolving technology, and it works with partners in academia, industry, and government to ensure that federal bioterror/biocrime investigations have the best possible scientific support.",
   "publish_time": "2020-12-31",
   "authors": [
      "Burans, James",
      "Goodrich, Jennifer S.",
      "Bull, Robert L.",
      "Bergman, Nicholas H."
   ],
   "journal": "Microbial Forensics",
   "has_full_text": "True",
   "full_text_file": "custom_license",
   "id": "https://doi.org/10.1016/B978-0-12-815379-6.00030-1",
   "fhir_link": [
      "PMC/Composition/afe50dee0320101d21d9c59ea01c8549df46305a"
   ]
}