{
   "source_x": "PMC",
   "title": "Infectious Disease Modeling Methods as Tools for Informing Response to Novel Influenza Viruses of Unknown Pandemic Potential",
   "doi": "10.1093/cid/civ083",
   "pmcid": "PMC4481577",
   "license": "unk",
   "abstract": "The rising importance of infectious disease modeling makes this an appropriate time for a guide for public health practitioners tasked with preparing for, and responding to, an influenza pandemic. We list several questions that public health practitioners commonly ask about pandemic influenza and match these with analytical methods, giving details on when during a pandemic the methods can be used, how long it might take to implement them, and what data are required. Although software to perform these tasks is available, care needs to be taken to understand: (1) the type of data needed, (2) the implementation of the methods, and (3) the interpretation of results in terms of model uncertainty and sensitivity. Public health leaders can use this article to evaluate the modeling literature, determine which methods can provide appropriate evidence for decision-making, and to help them request modeling work from in-house teams or academic groups.",
   "authors": [
      "Gambhir, Manoj",
      "Bozio, Catherine",
      "O'Hagan, Justin J.",
      "Uzicanin, Amra",
      "Johnson, Lucinda E.",
      "Biggerstaff, Matthew",
      "Swerdlow, David L."
   ],
   "has_full_text": "False",
   "id": "https://doi.org/10.1093/cid/civ083",
   "pubtator": "PMC4481577"
}