{
   "source_x": "PMC",
   "title": "Toward a Mechanistic Understanding of Environmentally Forced Zoonotic Disease Emergence: Sin Nombre Hantavirus",
   "doi": "10.1093/biosci/biv047",
   "pmcid": "PMC4776718",
   "license": "unk",
   "abstract": "Understanding the environmental drivers of zoonotic reservoir and human interactions is crucial to understanding disease risk, but these drivers are poorly predicted. We propose a mechanistic understanding of human\u2013reservoir interactions, using hantavirus pulmonary syndrome as a case study. Crucial processes underpinning the disease's incidence remain poorly studied, including the connectivity among natural and peridomestic deer mouse host activity, virus transmission, and human exposure. We found that disease cases were greatest in arid states and declined exponentially with increasing precipitation. Within arid environments, relatively rare climatic conditions (e.g., El Ni\u00f1o) are associated with increased rainfall and reservoir abundance, producing more frequent virus transmission and host dispersal. We suggest that deer mice increase their occupancy of peridomestic structures during spring\u2013summer, amplifying intraspecific transmission and human infection risk. Disease incidence in arid states may increase with predicted climatic changes. Mechanistic approaches incorporating reservoir behavior, reservoir\u2013human interactions, and pathogen spillover could enhance our understanding of global hantavirus ecology, with applications to other directly transmitted zoonoses.",
   "authors": [
      "Carver, Scott",
      "Mills, James N.",
      "Parmenter, Cheryl A.",
      "Parmenter, Robert R.",
      "Richardson, Kyle S.",
      "Harris, Rachel L.",
      "Douglass, Richard J.",
      "Kuenzi, Amy J.",
      "Luis, Angela D."
   ],
   "has_full_text": "False",
   "id": "https://doi.org/10.1093/biosci/biv047",
   "pubtator": "PMC4776718"
}