{
   "source_x": "PMC",
   "title": "Inducible nitric oxide synthase (iNOS) regulatory region variation in non-human primates",
   "doi": "10.1016/j.meegid.2015.01.015",
   "pmcid": "PMC4361290",
   "license": "unk",
   "abstract": "Inducible nitric oxide synthase (iNOS) is an enzyme that plays a key role in intracellular immune response against respiratory infections. Since various species of nonhuman primates exhibit different levels of susceptibility to infectious respiratory diseases, and since variation in regulatory regions of genes is thought to play a key role in expression levels of genes, two candidate regulatory regions of iNOS were mapped, sequenced, and compared across five species of nonhuman primates: African green monkeys (chlorocebus sabeus), pig-tailed macaques (Macaca mulatta), cynomolgus macaques (Macaca fascicularis), Indian rhesus macaques (Macaca mulatta), and Chinese rhesus macaques (M. mulatta). In addition, we conducted an in silico analysis of the transcription factor binding sites associated with genetic variation in these two candidate regulatory regions across species. We found that only one of the two candidate regions showed strong evidence of involvement in iNOS regulation. Specifically, we found evidence of 13 conserved binding site candidates linked to iNOS regulation: AP-1, C/EBPB, CREB, GATA-1, GATA-3, NF-AT, NF-AT5, NF-\u03baB, KLF4, Oct-1, PEA3, SMAD3, and TCF11. Additionally, we found evidence of interspecies variation in binding sites for several regulatory elements linked to iNOS (GATA-3, GATA-4, KLF6, SRF, STAT-1, STAT-3, OLF-1 and HIF-1) across species, especially in African green monkeys relative to other species. Given the key role of iNOS in respiratory immune response, the findings of this study might help guide the direction of future studies aimed to uncover the molecular mechanisms underlying the increased susceptibility of African green monkeys to several viral and bacterial respiratory infections.",
   "authors": [
      "Roodgar, Morteza",
      "Ross, Cody T.",
      "Kenyon, Nicholas J.",
      "Marcelino, Gretchen",
      "Smith, David Glenn"
   ],
   "has_full_text": "False",
   "id": "https://doi.org/10.1016/j.meegid.2015.01.015",
   "pubtator": "PMC4361290"
}