{
   "source_x": "PMC",
   "title": "Interferon-Induced Ifit Proteins: Their Role in Viral Pathogenesis",
   "doi": "10.1128/JVI.02744-14",
   "pmcid": "PMC4325746",
   "license": "unk",
   "abstract": "A major component of the protective antiviral host defense is contributed by the intracellular actions of the proteins encoded by interferon-stimulated genes (ISGs); among these are the interferon-induced proteins with tetratricopeptide repeats (IFITs), consisting of four members in human and three in mouse. IFIT proteins do not have any known enzyme activity. Instead, they inhibit virus replication by binding and regulating the functions of cellular and viral proteins and RNAs. Although all IFITs are comprised of multiple copies of the degenerate tetratricopeptide repeats, their distinct tertiary structures enable them to bind different partners and affect host-virus interactions differently. The recent use of Ifit knockout mouse models has revealed novel antiviral functions of these proteins and new insights into the specificities of ISG actions. This article focuses on human and murine IFIT1 and IFIT2 by reviewing their mechanisms of action, their critical roles in protecting mice from viral pathogenesis, and viral strategies to evade IFIT action.",
   "authors": [
      "Fensterl, Volker",
      "Sen, Ganes C."
   ],
   "has_full_text": "False",
   "id": "https://doi.org/10.1128/JVI.02744-14",
   "pubtator": "PMC4325746"
}