{
   "source_x": "PMC",
   "title": "Sculpting the proteome with small molecules",
   "doi": "10.1038/nchembio.1671",
   "pmcid": "PMC4639395",
   "license": "unk",
   "abstract": "The ubiquitin-proteasome system (UPS) pervades the biology of eukaryotes. Because it depends on the activity of hundreds of different enzymes and protein-protein interactions, the UPS provides many opportunities for selective modulation of the pathway with small molecules. Here we discuss the principles that underlie the development of effective inhibitors or activators of the pathway. We emphasize insights from structural analysis and describe strategies for evaluating the selectivity of compounds.",
   "authors": [
      "King, Randall W.",
      "Finley, Daniel"
   ],
   "has_full_text": "False",
   "id": "https://doi.org/10.1038/nchembio.1671",
   "pubtator": "PMC4639395"
}