{
   "sha": "826d74c66a4c9bf882880d1dccc50690c8cdaffb",
   "source_x": "PMC",
   "title": "Seroepidemiology of Human Bocavirus Infection in Jamaica",
   "doi": "http://dx.doi.org/10.1371/journal.pone.0038206",
   "pmcid": "PMC3362556",
   "pubmed_id": "22666484",
   "license": "CC BY",
   "abstract": "BACKGROUND: Human bocavirus (HBoV) is a newly identified human parvovirus. HBoV is associated with upper and lower respiratory tract infections and gastroenteritis in children. Little is known about the seroepidemiology of HBoV in populations in the Caribbean. METHODS: In a cross-sectional study conducted at the University Hospital of the West Indies in Kingston, Jamaica, 287 blood samples were collected from pediatric patients and tested for the presence of HBoV-specific antibody using a virus-like-particle based enzyme-linked immunosorbent assay (ELISA). RESULTS: HBoV-specific antibodies were found to be present in 220/287 (76.7%) of samples collected from the pediatric population. Seroprevalence of HBoV was highest in those \u22652 years old. The seroepidemiological profile suggests that most children are exposed to HBoV during the first two years of life in Jamaica. CONCLUSION: HBoV infection is common in children in Jamaica. HBoV seroprevalence rates in the Caribbean are similar to those previously reported in other areas of the world.",
   "publish_time": "2012 May 29",
   "authors": [
      "['Hustedt, Joshua W.', 'Christie, Celia', 'Hustedt, Madison M.', 'Esposito, Daina', 'Vazquez, Marietta']"
   ],
   "journal": "PLoS One",
   "has_full_text": "True",
   "id": "826d74c66a4c9bf882880d1dccc50690c8cdaffb",
   "fhir_link": "Commercial/Composition/826d74c66a4c9bf882880d1dccc50690c8cdaffb"
}