{
   "source_x": "PMC",
   "title": "Dengue Virus in Bats from Southeastern Mexico",
   "doi": "10.4269/ajtmh.13-0524",
   "pmcid": "PMC4080551",
   "license": "unk",
   "abstract": "To identify the relationship between landscape use and dengue virus (DENV) occurrence in bats, we investigated the presence of DENV from anthropogenically changed and unaltered landscapes in two Biosphere Reserves: Calakmul (Campeche) and Montes Azules (Chiapas) in southern Mexico. Spleen samples of 146 bats, belonging to 16 species, were tested for four DENV serotypes with standard reverse transcriptase polymerase chain reaction (RT-PCR) protocols. Six bats (4.1%) tested positive for DENV-2: four bats in Calakmul (two Glossophaga soricina, one Artibeus jamaicensis, and one A. lituratus) and two bats in Montes Azules (both A. lituratus). No effect of anthropogenic disturbance on the occurrence of DENV was detected; however, all three RT-PCR\u2013positive bat species are considered abundant species in the Neotropics and well-adapted to disturbed habitats. To our knowledge, this study is the first study conducted in southeastern Mexico to identify DENV-2 in bats by a widely accepted RT-PCR protocol. The role that bats play on DENV's ecology remains undetermined.",
   "authors": [
      "Sotomayor-Bonilla, Jes\u00fas",
      "Chaves, Andrea",
      "Rico-Ch\u00e1vez, Oscar",
      "Rostal, Melinda K.",
      "Ojeda-Flores, Rafael",
      "Salas-Rojas, M\u00f3nica",
      "Aguilar-Setien, \u00c1lvaro",
      "Ib\u00e1\u00f1ez-Bernal, Sergio",
      "Barbachano-Guerrero, Arturo",
      "Guti\u00e9rrez-Espeleta, Gustavo",
      "Aguilar-Faisal, J. Leopoldo",
      "Aguirre, A. Alonso",
      "Daszak, Peter",
      "Suz\u00e1n, Gerardo"
   ],
   "has_full_text": "False",
   "id": "https://doi.org/10.4269/ajtmh.13-0524",
   "pubtator": "PMC4080551"
}