{
   "source_x": "PMC",
   "title": "Measurement of CD8 and CD4 T Cell Responses in Mouse Lungs",
   "pmcid": "PMC4932852",
   "license": "unk",
   "abstract": "Study of the adaptive immune response to a viral challenge in an animal model often includes analysis of the T cell response. Here we discuss in detail the methods that are used to characterize the CD8 and CD4 T cell response following viral challenge in the lung.",
   "authors": [
      "Fett, Craig",
      "Zhao, Jincun",
      "Perlman, Stanley"
   ],
   "has_full_text": "False",
   "id": "https://www.ncbi.nlm.nih.gov/pmc/articles/PMC4932852",
   "pubtator": "PMC4932852"
}