{
   "sha": "d5878fe0a378d553186b212eeaadaa60257e933f",
   "source_x": "PMC",
   "title": "Naturally-Occurring Genetic Variants in Human DC-SIGN Increase HIV-1 Capture, Cell-Transfer and Risk of Mother-To-Child Transmission",
   "doi": "http://dx.doi.org/10.1371/journal.pone.0040706",
   "pmcid": "PMC3393705",
   "pubmed_id": "22808239",
   "license": "CC BY",
   "abstract": "BACKGROUND: Mother-to-child transmission (MTCT) is the main cause of HIV-1 infection in children worldwide. Dendritic cell\u2013specific ICAM-3 grabbing-nonintegrin (DC-SIGN, also known as CD209) is an HIV-1 receptor that enhances its transmission to T cells and is expressed on placental macrophages. METHODS AND FINDINGS: We have investigated the association between DC-SIGN genetic variants and risk of MTCT of HIV-1 among Zimbabwean infants and characterized the impact of the associated mutations on DC-SIGN expression and interaction with HIV-1. DC-SIGN promoter (p-336C and p-201A) and exon 4 (198Q and 242V) variants were all significantly associated with increased risk of intrauterine (IU) HIV-1 infection. Promoter variants decreased DC-SIGN expression both in vitro and in placental CD163(+) macrophages (Hofbauer cells) of HIV-1 unexposed infants but not of HIV-1 exposed infants. The exon 4 protein-modifying mutations increased HIV-1 capture and transmission to T cells in vitro. CONCLUSION: This study provides compelling evidence to support an important role of DC-SIGN in IU HIV-1 infection.",
   "publish_time": "2012 Jul 10",
   "authors": [
      "['Boily-Larouche, Genevi\u00e8ve', 'Milev, Miroslav P.', 'Zijenah, Lynn S.', 'Labb\u00e9, Annie-Claude', 'Zannou, Djimon M.', 'Humphrey, Jean H.', 'Ward, Brian J.', 'Poudrier, Johanne', 'Mouland, Andrew J.', 'Cohen, \u00c9ric A.', 'Roger, Michel']"
   ],
   "journal": "PLoS One",
   "has_full_text": "True",
   "id": "d5878fe0a378d553186b212eeaadaa60257e933f",
   "fhir_link": "Commercial/Composition/d5878fe0a378d553186b212eeaadaa60257e933f.json"
}