{
   "source_x": "PMC",
   "title": "Possible Involvement of Human Bocavirus 1 in the Death of a Middle-Aged Immunosuppressed Patient",
   "doi": "10.1128/JCM.01157-13",
   "pmcid": "PMC3811645",
   "license": "unk",
   "abstract": "An immunosuppressed 61-year-old man went to the hospital with fever, nonproductive cough, and increasing shortness of breath. The subject died 8 days later of respiratory complications. PCR of respiratory samples as well as a blood sample revealed exceptionally high DNA levels of the emerging pathogen, human bocavirus 1 (HBoV1), a recently found pathogen associated with respiratory symptoms in young children. We describe the clinical progression of the case and discuss the potential role of HBoV1 in the outcome.",
   "authors": [
      "Sadeghi, Mohammadreza",
      "Kantola, Kalle",
      "Finnegan, Damian P. J.",
      "McCaughey, Conall",
      "Hedman, Lea",
      "S\u00f6derlund-Venermo, Maria",
      "Hedman, Klaus"
   ],
   "has_full_text": "False",
   "id": "https://doi.org/10.1128/JCM.01157-13",
   "pubtator": "PMC3811645"
}