{
   "source_x": "PMC",
   "title": "Human bocavirus 1 infects commercially-available primary human airway epithelium cultures productively",
   "doi": "10.1016/j.jviromet.2013.10.012",
   "pmcid": "PMC3855471",
   "license": "unk",
   "abstract": "Human bocavirus 1 (HBoV1), a human parvovirus, belongs to the genus Bocavirus of the Parvoviridae family. It causes wheezing in young children with acute respiratory tract infections. HBoV1 has been shown to infect polarized human airway epithelium (HAE) made in house, and induces airway epithelial damage. In this study, two commercially-available HAE cultures, EpiAirway and MucilAir HAE, were examined for HBoV1 infection. Both HAE cultures support fully productive HBoV1 infection. Infected EpiAirway and MucilAir HAE cultures showed loss of cilia, disruption of the tight junction barrier, and a significant decrease in transepithelial electrical resistance. Notably, HBoV1 persistent infection was demonstrated by maintaining HBoV1-infected EpiAirway HAE for as long as 50 days. After 2 days post-infection, progeny virus was produced consistently daily at a level of over 2 \u00d7 10(8) viral genome copies per culture (0.6 cm(2)). This study is the first to use commercial sources of HAE cultures for HBoV1 infection. The availability of these cultures will enable a wide range of laboratories to study HBoV1 infection.",
   "authors": [
      "Deng, Xuefeng",
      "Li, Yi",
      "Qiu, Jianming"
   ],
   "has_full_text": "False",
   "id": "https://doi.org/10.1016/j.jviromet.2013.10.012",
   "pubtator": "PMC3855471"
}