{
   "source_x": "PMC",
   "title": "The inhibitory effect of G(\u03b2\u03b3) and G(\u03b2) isoform specificity on ENaC activity",
   "doi": "10.1152/ajprenal.00009.2013",
   "pmcid": "PMC3840225",
   "license": "unk",
   "abstract": "Epithelial Na(+) channel (ENaC) activity, which determines the rate of renal Na(+) reabsorption, can be regulated by G protein-coupled receptors. Regulation of ENaC by G\u03b1-mediated downstream effectors has been studied extensively, but the effect of G(\u03b2\u03b3) dimers on ENaC is unclear. A6 cells endogenously contain high levels of G(\u03b21) but low levels of G(\u03b23), G(\u03b24), and G(\u03b25) were detected by Q-PCR. We tested G\u03b3(2) combined individually with G(\u03b21) through G(\u03b25) expressed in A6 cells, after which we recorded single-channel ENaC activity. Among the five \u03b2 and \u03b3(2) combinations, \u03b2(1)\u03b3(2) strongly inhibits ENaC activity by reducing both ENaC channel number (N) and open probability (P(o)) compared with control cells. In contrast, the other four \u03b2-isoforms combined with \u03b3(2) have no significant effect on ENaC activity. By using various inhibitors to probe G(\u03b21\u03b32) effects on ENaC regulation, we found that G(\u03b21\u03b32)-mediated ENaC inhibition involved activation of phospholipase C-\u03b2 and its enzymatic products that induce protein kinase C and ERK1/2 signaling pathways.",
   "authors": [
      "Yu, Ling",
      "Al-Khalili, Otor",
      "Duke, Billie Jeanne",
      "Stockand, James D.",
      "Eaton, Douglas C.",
      "Bao, Hui-Fang"
   ],
   "has_full_text": "False",
   "id": "https://doi.org/10.1152/ajprenal.00009.2013",
   "pubtator": "PMC3840225"
}