{
   "source_x": "PMC",
   "title": "Rapid detection of human rotavirus using NSP4 gene specific reverse transcription loop-mediated isothermal amplification assay",
   "doi": "10.1007/s13337-013-0147-y",
   "pmcid": "PMC3784908",
   "license": "unk",
   "abstract": "The seasonal outbreaks of human rotavirus (RV) infection occur every winter. Most patients are diagnosed clinically by a rapid latex agglutination detection kit or polymerase chain reaction assays for RV from stool samples, but some problems have been reported on the specificity and sensitivity of such rapid detection assays. To ratify these issues, a sensitive, specific, simple, and rapid nucleic acid based diagnostic method is expected to be introduced and the reverse transcription loop-mediated isothermal amplification (RT-LAMP) was developed to detect the RV in human stool samples by incubation at 60 \u00b0C for 1 h and amplification was confirmed by electrophoretic laddering, restriction enzyme digestion, and hydroxynapthol blue discoloration. The assay established in this study was found to detect only the RVs and no cross-reaction with other viruses, demonstrating its high specificity. By using serial samples dilution as template, the detection limit of LAMP was 10 times more than that of PCR. The results showed the potential clinical feasibility of RT-LAMP as a useful diagnostic tool for the detection of RV with high sensitivity in comparison to conventional RT-PCR.",
   "authors": [
      "Malik, Yashpal Singh",
      "Sharma, Kuldeep",
      "Kumar, Naveen",
      "Shivachandra, Sathish B.",
      "Rawat, Vinita",
      "Rakholia, Ritu",
      "Ranjan, Rajeev",
      "Ganesh, Balasubramanian",
      "Parida, ManMohan"
   ],
   "has_full_text": "False",
   "id": "https://doi.org/10.1007/s13337-013-0147-y",
   "pubtator": "PMC3784908"
}