{
   "source_x": "PMC",
   "title": "Clinical manifestations, response to treatment, and clinical outcome for Weimaraners with hypertrophic osteodystrophy: 53 cases (2009\u20132011)",
   "doi": "10.2460/javma.242.9.1260",
   "pmcid": "PMC4123543",
   "license": "unk",
   "abstract": "OBJECTIVE: To evaluate clinical manifestations, response to treatment, and outcome for Weimaraners with hypertrophic osteodystrophy (HOD). DESIGN: Retrospective case series. ANIMALS: 53 dogs. PROCEDURES: Medical records were reviewed for signalment, vaccination history, clinical signs, laboratory test results, response to treatment, and relapses. Radiographs were reviewed. RESULTS: Clinical signs included pyrexia, lethargy, and ostealgia; signs involving the gastrointestinal, ocular, or cutaneous systems were detected. Of the 53 dogs, 28 (52.8%) had HOD-affected littermates. Dogs with HOD-affected littermates were more likely to relapse, compared with the likelihood of relapse for dogs with no HOD-affected littermates. All 53 dogs had been vaccinated 1 to 30 days before HOD onset; no difference was found between the number of dogs with a history of vaccination with a recombinant vaccine (n = 21) versus a nonrecombinant vaccine (32). Fifty (94.3%) dogs had radiographic lesions compatible with HOD at disease onset, and the other 3 (5.7%) had HOD lesions 48 to 72 hours after the onset of clinical signs. Twelve of 22 (54.5%) dogs treated with NSAIDs did not achieve remission by 7 days after initiation of treatment. All dogs treated initially with corticosteroids achieved remission within 8 to 48 hours. Of the 33 dogs that reached adulthood, 28 (84.8%) were healthy and 5 (15.2%) had episodes of pyrexia and malaise. CONCLUSIONS AND CLINICAL RELEVANCE: Treatment with corticosteroids was superior to treatment with NSAIDs in Weimaraners with HOD. It may be necessary to evaluate repeated radiographs to establish a diagnosis of HOD. Most HOD-affected Weimaraners had resolution of the condition with physeal closure.",
   "authors": [
      "Safra, Noa",
      "Johnson, Eric G.",
      "Lit, Lisa",
      "Foreman, Oded",
      "Wolf, Zena T.",
      "Aguilar, Miriam",
      "Karmi, Nili",
      "Finno, Carrie J.",
      "Bannasch, Danika L."
   ],
   "has_full_text": "False",
   "id": "https://doi.org/10.2460/javma.242.9.1260",
   "pubtator": "PMC4123543"
}