{
   "source_x": "PMC",
   "title": "Mandarin Fish Caveolin 1 Interaction with Major Capsid Protein of Infectious Spleen and Kidney Necrosis Virus and Its Role in Early Stages of Infection",
   "doi": "10.1128/JVI.00552-12",
   "pmcid": "PMC3592132",
   "license": "unk",
   "abstract": "Infectious spleen and kidney necrosis virus (ISKNV) is the type species of the genus Megalocytivirus from the family Iridoviridae. ISKNV is one of the major agents that cause mortality and economic losses to the freshwater fish culture industry in Asian countries, particularly for mandarin fish (Siniperca chuatsi). In the present study, we report that the interaction of mandarin fish caveolin 1 (mCav-1) with the ISKNV major capsid protein (MCP) was detected by using a virus overlay assay and confirmed by pulldown assay and coimmunoprecipitation. This interaction was independent of the classic caveolin 1 scaffolding domain (CSD), which is responsible for interacting with several signaling proteins and receptors. Confocal immunofluorescence microscopy showed that ISKNV MCP colocalized with mCav-1 in the perinuclear region of virus-infected mandarin fish fry (MFF-1) cells, which appeared as soon as 4 h postinfection. Subcellular fractionation analysis showed that ISKNV MCP was associated with caveolae in the early stages of viral infection. RNA interference silencing of mCav-1 did not change virus-cell binding but efficiently inhibited the entry of virions into the cell. Taken together, these results suggested that mCav-1 plays an important role in the early stages of ISKNV infection.",
   "authors": [
      "Jia, Kun-Tong",
      "Wu, Yan-Yan",
      "Liu, Zhao-Yu",
      "Mi, Shu",
      "Zheng, Yi-Wen",
      "He, Jian",
      "Weng, Shao-Ping",
      "Li, Shengwen Calvin",
      "He, Jian-Guo",
      "Guo, Chang-Jun"
   ],
   "has_full_text": "False",
   "id": "https://doi.org/10.1128/JVI.00552-12",
   "pubtator": "PMC3592132"
}