{
   "source_x": "PMC",
   "title": "Critical Role for Interferon Regulatory Factor 3 (IRF-3) and IRF-7 in Type I Interferon-Mediated Control of Murine Norovirus Replication",
   "doi": "10.1128/JVI.01824-12",
   "pmcid": "PMC3503103",
   "license": "unk",
   "abstract": "Human noroviruses (HuNoV) are the major cause of epidemic, nonbacterial gastroenteritis in the world. The short course of HuNoV-induced symptoms has implicated innate immunity in control of norovirus (NoV) infection. Studies using murine norovirus (MNV) confirm the importance of innate immune responses during NoV infection. Type I alpha and beta interferons (IFN-\u03b1/\u03b2) limit HuNoV replicon function, restrict MNV replication in cultured cells, and control MNV replication in vivo. Therefore, the cell types and transcription factors involved in antiviral immune responses and IFN-\u03b1/\u03b2-mediated control of NoV infection are important to define. We used mice with floxed alleles of the IFNAR1 chain of the IFN-\u03b1/\u03b2 receptor to identify cells expressing lysozyme M or CD11c as cells that respond to IFN-\u03b1/\u03b2 to restrict MNV replication in vivo. Furthermore, we show that the transcription factors IRF-3 and IRF-7 work in concert to initiate unique and overlapping antiviral responses to restrict MNV replication in vivo. IRF-3 and IRF-7 restrict MNV replication in both cultured macrophages and dendritic cells, are required for induction of IFN-\u03b1/\u03b2 in macrophages but not dendritic cells, and are dispensable for the antiviral effects of IFN-\u03b1/\u03b2 that block MNV replication. These studies suggest that expression of the IFN-\u03b1/\u03b2 receptor on macrophages/neutrophils and dendritic cells, as well as of IRF-3 and IRF-7, is critical for innate immune responses to NoV infection.",
   "authors": [
      "Thackray, Larissa B.",
      "Duan, Erning",
      "Lazear, Helen M.",
      "Kambal, Amal",
      "Schreiber, Robert D.",
      "Diamond, Michael S.",
      "Virgin, Herbert W."
   ],
   "has_full_text": "False",
   "id": "https://doi.org/10.1128/JVI.01824-12",
   "pubtator": "PMC3503103"
}