{
   "sha": "6a1b5c9d6a0e52a6e0c3bdf192b5acb5bc9fed40",
   "source_x": "PMC",
   "title": "Diagnostic Devices for Isothermal Nucleic Acid Amplification",
   "doi": "http://dx.doi.org/10.3390/s120608319",
   "pmcid": "PMC3436031",
   "pubmed_id": "22969402",
   "license": "CC BY",
   "abstract": "Since the development of the polymerase chain reaction (PCR) technique, genomic information has been retrievable from lesser amounts of DNA than previously possible. PCR-based amplifications require high-precision instruments to perform temperature cycling reactions; further, they are cumbersome for routine clinical use. However, the use of isothermal approaches can eliminate many complications associated with thermocycling. The application of diagnostic devices for isothermal DNA amplification has recently been studied extensively. In this paper, we describe the basic concepts of several isothermal amplification approaches and review recent progress in diagnostic device development.",
   "publish_time": "2012 Jun 14",
   "authors": [
      "['Chang, Chia-Chen', 'Chen, Chien-Cheng', 'Wei, Shih-Chung', 'Lu, Hui-Hsin', 'Liang, Yang-Hung', 'Lin, Chii-Wann']"
   ],
   "journal": "Sensors (Basel)",
   "has_full_text": "True",
   "id": "6a1b5c9d6a0e52a6e0c3bdf192b5acb5bc9fed40",
   "fhir_link": "Commercial/Composition/6a1b5c9d6a0e52a6e0c3bdf192b5acb5bc9fed40.json"
}