{
   "source_x": "PMC",
   "title": "A Human Coronavirus Responsible for the Common Cold Massively Kills Dendritic Cells but Not Monocytes",
   "doi": "10.1128/JVI.00269-12",
   "pmcid": "PMC3416289",
   "license": "unk",
   "abstract": "Human coronaviruses are associated with upper respiratory tract infections that occasionally spread to the lungs and other organs. Although airway epithelial cells represent an important target for infection, the respiratory epithelium is also composed of an elaborate network of dendritic cells (DCs) that are essential sentinels of the immune system, sensing pathogens and presenting foreign antigens to T lymphocytes. In this report, we show that in vitro infection by human coronavirus 229E (HCoV-229E) induces massive cytopathic effects in DCs, including the formation of large syncytia and cell death within only few hours. In contrast, monocytes are much more resistant to infection and cytopathic effects despite similar expression levels of CD13, the membrane receptor for HCoV-229E. While the differentiation of monocytes into DCs in the presence of granulocyte-macrophage colony-stimulating factor and interleukin-4 requires 5 days, only 24 h are sufficient for these cytokines to sensitize monocytes to cell death and cytopathic effects when infected by HCoV-229E. Cell death induced by HCoV-229E is independent of TRAIL, FasL, tumor necrosis factor alpha, and caspase activity, indicating that viral replication is directly responsible for the observed cytopathic effects. The consequence of DC death at the early stage of HCoV-229E infection may have an impact on the early control of viral dissemination and on the establishment of long-lasting immune memory, since people can be reinfected multiple times by HCoV-229E.",
   "authors": [
      "Mesel-Lemoine, Mariana",
      "Millet, Jean",
      "Vidalain, Pierre-Olivier",
      "Law, Helen",
      "Vabret, Astrid",
      "Lorin, Val\u00e9rie",
      "Escriou, Nicolas",
      "Albert, Matthew L.",
      "Nal, B\u00e9atrice",
      "Tangy, Fr\u00e9d\u00e9ric"
   ],
   "has_full_text": "False",
   "id": "https://doi.org/10.1128/JVI.00269-12",
   "pubtator": "PMC3416289"
}