{
   "source_x": "PMC",
   "title": "Synthesis of 5\u2032 cap-0 and cap-1 RNAs using solid-phase chemistry coupled with enzymatic methylation by human (guanine-N(7))-methyl transferase",
   "doi": "10.1261/rna.030932.111",
   "pmcid": "PMC3312571",
   "license": "unk",
   "abstract": "The 5\u2032 end of eukaryotic mRNA carries a N(7)-methylguanosine residue linked by a 5\u2032-5\u2032 triphosphate bond. This cap moiety ((7m)GpppN) is an essential RNA structural modification allowing its efficient translation, limiting its degradation by cellular 5\u2032 exonucleases and avoiding its recognition as \u201cnonself\u201d by the innate immunity machinery. In vitro synthesis of capped RNA is an important bottleneck for many biological studies. Moreover, the lack of methods allowing the synthesis of large amounts of RNA starting with a specific 5\u2032-end sequence have hampered biological and structural studies of proteins recognizing the cap structure or involved in the capping pathway. Due to the chemical nature of N(7)-methylguanosine, the synthesis of RNAs possessing a cap structure at the 5\u2032 end is still a significant challenge. In the present work, we combined a chemical synthesis method and an enzymatic methylation assay in order to produce large amounts of RNA oligonucleotides carrying a cap-0 or cap-1. Short RNAs were synthesized on solid support by the phosphoramidite 2\u2032-O-pivaloyloxymethyl chemistry. The cap structure was then coupled by the addition of GDP after phosphorylation of the terminal 5\u2032-OH and activation by imidazole. After deprotection and release from the support, GpppN-RNAs or GpppN(2\u2032-Om)-RNAs were purified before the N(7)-methyl group was added by enzymatic means using the human (guanine-N(7))-methyl transferase to yield (7m)GpppN-RNAs (cap-0) or (7m)GpppN(2\u2032-Om)-RNAs (cap-1). The RNAs carrying different cap structures (cap, cap-0 or, cap-1) act as bona fide substrates mimicking cellular capped RNAs and can be used for biochemical and structural studies.",
   "authors": [
      "Thillier, Yann",
      "Decroly, Etienne",
      "Morvan, Fran\u00e7ois",
      "Canard, Bruno",
      "Vasseur, Jean-Jacques",
      "Debart, Fran\u00e7oise"
   ],
   "has_full_text": "False",
   "id": "https://doi.org/10.1261/rna.030932.111",
   "pubtator": "PMC3312571"
}