{
   "source_x": "Elsevier",
   "title": "Recommendations of the coronavirus study group for the nomenclature of the structural proteins, mRNAs, and genes of coronaviruses",
   "doi": "10.1016/0042-6822(90)90259-T",
   "pubmed_id": "2184577",
   "license": "els-covid",
   "abstract": "Abstract We propose a nomenclature to replace the various systems currently in use to designate coronavirus structural proteins, mRNAs, and genes/open reading frames. The nonstructural proteins have not been addressed.",
   "publish_time": "1990-05-31",
   "authors": [
      "Cavanagh, D.",
      "Brian, D.A.",
      "Enjuanes, L.",
      "Holmes, K.V.",
      "Lai, M.M.C.",
      "Laude, H.",
      "Siddell, S.G.",
      "Spaan, W.",
      "Taguchi, F.",
      "Talbot, P.J."
   ],
   "journal": "Virology",
   "has_full_text": "False",
   "full_text_file": "custom_license",
   "id": "https://doi.org/10.1016/0042-6822(90)90259-T"
}