{
   "sha": "faada181a26e163dce05aa155b1516a66bb6154b",
   "source_x": "PMC",
   "title": "Airport sentinel surveillance and entry quarantine for dengue infections following a fever screening program in Taiwan",
   "doi": "http://dx.doi.org/10.1186/1471-2334-12-182",
   "pmcid": "PMC3462143",
   "pubmed_id": "22867003",
   "license": "CC BY",
   "abstract": "BACKGROUND: Dengue has not reached an endemic status in Taiwan; nevertheless, we have implemented a fever screening program at airports for the early detection of febrile passengers with a dengue infection. This study is intended to assess the performance of the airport screening procedures for dengue infection. METHODS: We analyzed data from the national surveillance system of the Taiwan Centers for Disease Control. We included the imported dengue cases reported by sentinel airports and clinics as well as the domestic cases from 2007\u20132010. RESULTS: Approximately 44.9% (95%CI: 35.73-54.13%) of the confirmed imported dengue cases with an apparent symptom (febrile) in the viremic stage were detected via the airport fever screening program, with an estimated positive predictive value of 2.36% (95% CI: 0.96- 3.75%) and a negative predictive value\u2009>\u200999.99%. Fluctuations in the number of the symptomatic imported dengue cases identified in the airports (X) were associated with the total number of imported dengue cases (Y) based on a regression analysis of a biweekly surveillance (i.e., n\u2009=\u2009104, R(2)(X:Y)\u2009=\u20090.61, P\u2009<\u20090.005). Additionally, the fluctuating patterns in the cumulative numbers of the imported dengue cases (X) with a 1\u20132\u2009month lead time (t) was in parallel with that of the domestic dengue cases (Y) based on a consecutive 4-year surveillance (i.e., n\u2009=\u200948, R(2)(X(t-1):Y)\u2009=\u20090.22, R(2)(X(t-2):Y)\u2009=\u20090.31, P\u2009<\u20090.001) from 2007\u20132010. CONCLUSIONS: A moderate sensitivity of detecting dengue at the airports examined in this study indicated some limitations of the fever screening program for the prevention of importation. The screening program could assist in the rapid triage for self-quarantine of some symptomatic dengue cases that were in the viremic stage at the borders and contribute to active sentinel surveillance; however, the blocking of viral transmission to susceptible populations (neighbors or family) from all of the viremic travelers, including those with or without symptoms, is critical to prevent dengue epidemics. Therefore, the reinforcement of mosquito bite prevention and household vector control in dengue-endemic or dengue-competent hotspots during an epidemic season is essential and highly recommended.",
   "publish_time": "2012 Aug 6",
   "authors": [
      "['Kuan, Mei-Mei', 'Chang, Feng-Yee']"
   ],
   "journal": "BMC Infect Dis",
   "has_full_text": "True",
   "id": "faada181a26e163dce05aa155b1516a66bb6154b",
   "fhir_link": "Commercial/faada181a26e163dce05aa155b1516a66bb6154b"
}