{
   "source_x": "PMC",
   "title": "Green Fluorescent Protein Reporter System with Transcriptional Sequence Heterogeneity for Monitoring the Interferon Response",
   "doi": "10.1128/JVI.00772-11",
   "pmcid": "PMC3165742",
   "license": "unk",
   "abstract": "The interferon (IFN) response is initiated by a variety of triggers, including viruses and foreign RNA, and involves several receptors and intracellular mediators. Although there are common cis-acting consensus sequences in the promoters of many genes stimulated during the IFN response, they exhibit core and context heterogeneity that may lead to differential transcriptional activity. We have developed and validated a live cell-based enhanced green fluorescent protein (EGFP) reporter system employing more than a hundred constructs containing multiple viruses and IFN response elements derived from a variety of promoters involved in immunity to viruses. Common and distinct response patterns were observed due to promoter heterogeneity in response to different stimuli, including IFN-\u03b1, TLR3-agonist double-stranded RNA, and several viruses. This information should serve as a resource in selecting specific reporters for sensing nonself ligands.",
   "authors": [
      "Mahmoud, Linah",
      "Al-Saif, Maher",
      "Amer, Haitham M.",
      "Sheikh, Mustafa",
      "Almajhdi, Fahad N.",
      "Khabar, Khalid S. A."
   ],
   "has_full_text": "False",
   "id": "https://doi.org/10.1128/JVI.00772-11",
   "pubtator": "PMC3165742"
}