{
   "source_x": "PMC",
   "title": "Non-Invasive Sample Collection for Respiratory Virus Testing by Multiplex PCR",
   "doi": "10.1016/j.jcv.2011.07.015",
   "pmcid": "PMC3196801",
   "license": "unk",
   "abstract": "BACKGROUND: Identifying respiratory pathogens within populations is difficult because invasive sample collection, such as with nasopharyngeal aspirate (NPA), is generally required. PCR technology could allow for non-invasive sampling methods. OBJECTIVES: Evaluate the utility of non-invasive sample collection using anterior nare swabs and facial tissues for respiratory virus detection by multiplex PCR. STUDY DESIGN: Children aged 1 month \u2013 17 years evaluated in a pediatric emergency department for respiratory symptoms had a swab, facial tissue, and NPA sample collected. All samples were tested for respiratory viruses by multiplex PCR. Viral detection rates were calculated for each collection method. Sensitivity and specificity of swabs and facial tissues were calculated using NPA as the gold standard. RESULTS: 285 samples from 95 children were evaluated (92 swab-NPA pairs, 91 facial tissue-NPA pairs). 91% of NPA, 82% of swab, and 77% of tissue samples were positive for \u2265 1 virus. Respiratory syncytial virus (RSV) and human rhinovirus (HRV) were most common. Overall, swabs were positive for 74% of virus infections, and facial tissues were positive for 58%. Sensitivity ranged from 17\u201394% for swabs and 33\u201384% for tissues. Sensitivity was highest for RSV (94% swabs and 84% tissues). Specificity was \u2265 95% for all viruses except HRV for both collection methods. CONCLUSIONS: Sensitivity of anterior nare swabs and facial tissues in the detection of respiratory viruses by multiplex PCR varied by virus type. Given its simplicity and specificity, non-invasive sampling for PCR testing may be useful for conducting epidemiologic or surveillance studies in settings where invasive testing is impractical or not feasible.",
   "authors": [
      "Blaschke, Anne J.",
      "Allison, Mandy A.",
      "Meyers, Lindsay",
      "Rogatcheva, Margarita",
      "Heyrend, Caroline",
      "Mallin, Brittany",
      "Carter, Marjorie",
      "LaFleur, Bonnie",
      "Barney, Trenda",
      "Poritz, Mark A.",
      "Daly, Judy A.",
      "Byington, Carrie L."
   ],
   "has_full_text": "False",
   "id": "https://doi.org/10.1016/j.jcv.2011.07.015",
   "pubtator": "PMC3196801"
}