{
   "source_x": "PMC",
   "title": "Functional Analysis of Two Cavities in Flavivirus NS5 Polymerase",
   "doi": "10.1074/jbc.M110.214189",
   "pmcid": "PMC3077636",
   "license": "unk",
   "abstract": "Flavivirus NS5 protein encodes methyltransferase and RNA-dependent RNA polymerase (RdRp) activities. Structural analysis of flavivirus RdRp domains uncovered two conserved cavities (A and B). Both cavities are located in the thumb subdomains and represent potential targets for development of allosteric inhibitors. In this study, we used dengue virus as a model to analyze the function of the two RdRp cavities. Amino acids from both cavities were subjected to mutagenesis analysis in the context of genome-length RNA and recombinant NS5 protein; residues critical for viral replication were subjected to revertant analysis. For cavity A, we found that only one (Lys-756) of the seven selected amino acids is critical for viral replication. Alanine substitution of Lys-756 did not affect the RdRp activity, suggesting that this residue functions through a nonenzymatic mechanism. For cavity B, all four selected amino acids (Leu-328, Lys-330, Trp-859, and Ile-863) are critical for viral replication. Biochemical and revertant analyses showed that three of the four mutated residues (Leu-328, Trp-859, and Ile-863) function at the step of initiation of RNA synthesis, whereas the fourth residue (Lys-330) functions by interacting with the viral NS3 helicase domain. Collectively, our results have provided direct evidence for the hypothesis that cavity B, but not cavity A, from dengue virus NS5 polymerase could be a target for rational drug design.",
   "authors": [
      "Zou, Gang",
      "Chen, Yen-Liang",
      "Dong, Hongping",
      "Lim, Chin Chin",
      "Yap, Li Jian",
      "Yau, Yin Hoe",
      "Shochat, Susana Geifman",
      "Lescar, Julien",
      "Shi, Pei-Yong"
   ],
   "has_full_text": "False",
   "id": "https://doi.org/10.1074/jbc.M110.214189",
   "pubtator": "PMC3077636"
}