{
   "sha": "630a27f09c2caab65471e97cf1d538d364a2498a",
   "source_x": "PMC",
   "title": "First report of Toxoplasma gondii seroprevalence in peafowls in Yunnan Province, Southwestern China",
   "doi": "http://dx.doi.org/10.1186/1756-3305-5-205",
   "pmcid": "PMC3480843",
   "pubmed_id": "22992281",
   "license": "CC BY",
   "abstract": "BACKGROUND: Toxoplasma gondii is an intracellular protozoan parasite infecting almost all warm-blooded animals, including birds, with a worldwide distribution. Surveys of T. gondii infection in wild birds have been reported extensively in the world, but little is known of T. gondii infection in peafowls worldwide. This study was performed to determine the seroprevalence of T. gondii infection in peafowls in Yunnan Province, southwestern China. METHODS: Sera from 277 peafowls, including 272 blue peafowls (Pavo cristatus) and 5 green peafowls (Pavo muticus) originated from two geographic areas in Yunnan Province were assayed for T. gondii antibodies using the modified agglutination test (MAT). RESULTS: Specific T. gondii antibodies were detected in 35 of 277 (12.64%) peafowls (MAT titer\u2009\u2265\u20091:5). Seropositive birds were found in both species, 33 in 272 blue peafowls and 2 in 5 green peafowls. There was no significant difference in T. gondii seroprevalence between the adolescent birds (6.74%) and the adult birds (6.67%) (P\u2009>\u20090.05). The geographical origins of peafowls was found to be highly associated with T. gondii infection in the present study, a statistically significant difference in T. gondii seropositivity was observed between peafowls from Kunming (31.08%) and those from Xishuangbanna Dai Autonomous Prefecture (5.91%) (OR\u2009=\u200910.956, 95% CI\u2009=\u20091.632-73.545, P\u2009=\u20090.014). Statistical analyses showed that there were no significant interactions between ages and geographical origins of peafowls (P\u2009>\u20090.05). CONCLUSIONS: The results of the present survey indicated that infection of peafowls with T. gondii is widespread in Yunnan Province, which has significant public health concerns and implications for prevention and control of toxoplamosis in this province. To our knowledge, this is the first seroprevalence report of T. gondii infection in China\u2019s southwestern Yunnan Province.",
   "publish_time": "2012 Sep 19",
   "authors": [
      "['Tian, Yi-Ming', 'Dai, Fei-Yan', 'Huang, Si-Yang', 'Deng, Zu-Hong', 'Duan, Gang', 'Zhou, Dong-Hui', 'Yang, Jian-Fa', 'Weng, Ya-Biao', 'Zhu, Xing-Quan', 'Zou, Feng-Cai']"
   ],
   "journal": "Parasit Vectors",
   "has_full_text": "True",
   "id": "630a27f09c2caab65471e97cf1d538d364a2498a",
   "fhir_link": "Commercial/Composition/630a27f09c2caab65471e97cf1d538d364a2498a"
}