{
   "source_x": "PMC",
   "title": "CHARACTERIZATION OF ANTIBODIES INDUCED BY VACCINATION WITH HEPATITIS C VIRUS ENVELOPE GLYCOPROTEINS",
   "doi": "10.1086/655902",
   "pmcid": "PMC2931414",
   "license": "unk",
   "abstract": "Hepatitis C virus (HCV) envelope glycoproteins, E1 and E2, were used with MF59 adjuvant as a candidate vaccine for a phase I safety and immunogenicity trial. Ten of the 41 vaccinee sera tested displayed a VSV/HCV surrogate pseudotype neutralization titer of \u22651/20, 15 of the 36 sera tested had a neutralization titer of \u2265 1/400 against HIV/HCV pseudotype, and 10 of the 36 sera tested had a neutralization titer of \u22651/20 of cell culture grown HCVgenotype 1a. Neutralizing sera had increased affinity, and displayed >2 fold higher specific activity to well characterized epitopes on E1/E2, especially to the hypervariable region 1 (HVR1) of E2.",
   "authors": [
      "Ray, Ranjit",
      "Meyer, Keith",
      "Banerjee, Arup",
      "Basu, Arnab",
      "Coates, Stephen",
      "Abrignani, Sergio",
      "Houghton, Michael",
      "Frey, Sharon E.",
      "Belshe, Robert B."
   ],
   "has_full_text": "False",
   "id": "https://doi.org/10.1086/655902",
   "pubtator": "PMC2931414"
}