{
   "source_x": "PMC",
   "title": "The Coronavirus Nucleocapsid Protein Is Dynamically Associated with the Replication-Transcription Complexes",
   "doi": "10.1128/JVI.00569-10",
   "pmcid": "PMC2953146",
   "license": "unk",
   "abstract": "The coronavirus nucleocapsid (N) protein is a virion structural protein. It also functions, however, in an unknown way in viral replication and localizes to the viral replication-transcription complexes (RTCs). Here we investigated, using recombinant murine coronaviruses expressing green fluorescent protein (GFP)-tagged versions of the N protein, the dynamics of its interactions with the RTCs and the domain(s) involved. Using fluorescent recovery after photobleaching, we showed that the N protein, unlike the nonstructural protein 2, is dynamically associated with the RTCs. Recruitment of the N protein to the RTCs requires the C-terminal N2b domain, which interacts with other N proteins in an RNA-independent manner.",
   "authors": [
      "Verheije, Monique H.",
      "Hagemeijer, Marne C.",
      "Ulasli, Mustafa",
      "Reggiori, Fulvio",
      "Rottier, Peter J. M.",
      "Masters, Paul S.",
      "Haan, Cornelis A. M. de"
   ],
   "has_full_text": "False",
   "id": "https://doi.org/10.1128/JVI.00569-10",
   "pubtator": "PMC2953146"
}