{
   "source_x": "PMC",
   "title": "Correlation of Pandemic (H1N1) 2009 Viral Load with Disease Severity and Prolonged Viral Shedding in Children",
   "doi": "10.3201/eid1608.091918",
   "pmcid": "PMC3298297",
   "pubmed_id": "20678321",
   "license": "no-cc",
   "abstract": "Younger children may require a longer isolation period and more aggressive treatment.",
   "publish_time": "2010 Aug",
   "authors": [
      "Li, Chung-Chen",
      "Wang, Lin",
      "Eng, Hock-Liew",
      "You, Huey-Ling",
      "Chang, Ling-Sai",
      "Tang, Kuo-Shu",
      "Lin, Ying-Jui",
      "Kuo, Hsuan-Chang",
      "Lee, Ing-Kit",
      "Liu, Jien-Wei",
      "Huang, Eng-Yen",
      "Yang, Kuender D."
   ],
   "journal": "Emerg Infect Dis",
   "has_full_text": "False",
   "id": "https://doi.org/10.3201/eid1608.091918",
   "pubtator": "PMC3298297"
}