{
   "sha": "c1f9694bb7aeabd1e8f30ec0847b5aefdc930d9e",
   "source_x": "Elsevier",
   "title": "Chapter Eight Nanoparticle-Based Peptide Vaccines",
   "doi": "10.1016/B978-0-323-39981-4.00008-7",
   "license": "els-covid",
   "abstract": "Abstract The use of peptide antigens for vaccination, compared with traditional vaccines, has advantages such as purity and low risk of adverse effects and disadvantages such as weak immunogenicity and necessitates administration with an adjuvant. To benefit from these advantages and at the same time overcome the disadvantages, a wide variety of nanoparticles are being actively studied for the development of peptide-based vaccines, in which the antigen either is loaded on the particle surface or is present within the particle. In this chapter, we will provide a brief overview of synthetic peptide\u2013based vaccine research, with special attention on multiple antigen-presenting peptide vaccines. Further, we will introduce the current approaches for the development of nanoparticle-based peptide vaccines, which use well-characterized synthetic peptide antigens with facile chemical modifications (eg, attachment of lipid chain(s) or self-assembling peptide sequences). These modifications can be employed to induce peptide self-assembly into nanoparticles, which present multiple copies of peptide antigens on their surface.",
   "publish_time": "2017-12-31",
   "authors": [
      "Fujita, Y.",
      "Taguchi, H."
   ],
   "journal": "Micro and Nanotechnology in Vaccine Development",
   "has_full_text": "True",
   "full_text_file": "custom_license",
   "id": "https://doi.org/10.1016/B978-0-323-39981-4.00008-7",
   "fhir_link": [
      "PMC/Composition/c1f9694bb7aeabd1e8f30ec0847b5aefdc930d9e"
   ]
}