{
   "sha": "33b6f9a1ef2bb66af4970694df4b34b6b1ab621b",
   "source_x": "Elsevier",
   "title": "94 Healthcare-Associated Infections in the Neonate",
   "doi": "10.1016/B978-0-323-40181-4.00094-3",
   "license": "els-covid",
   "publish_time": "2018-12-31",
   "authors": [
      "Sass, Laura",
      "Karlowicz, M. Gary"
   ],
   "journal": "Principles and Practice of Pediatric Infectious Diseases",
   "has_full_text": "True",
   "full_text_file": "custom_license",
   "id": "https://doi.org/10.1016/B978-0-323-40181-4.00094-3",
   "fhir_link": [
      "PMC/Composition/33b6f9a1ef2bb66af4970694df4b34b6b1ab621b"
   ]
}