{
   "source_x": "PMC",
   "title": "Unraveling the functions of plasmacytoid dendritic cells during viral infections, autoimmunity, and tolerance",
   "doi": "10.1111/j.0105-2896.2009.00881.x",
   "pmcid": "PMC3507434",
   "license": "unk",
   "abstract": "Plasmacytoid dendritic cells (pDCss) are bone marrow-derived cells that secrete large amounts of type I interferon (IFN) in response to viruses. Type I IFNs are pleiotropic cytokines with antiviral activity that also enhance innate and adaptive immune responses. Viruses trigger activation of pDCss and type I IFN responses mainly through the Toll-like receptor pathway. However, a variety of activating and inhibitory pDCs receptors fine tune the amplitude of type I IFN responses. Chronic activation and secretion of type I IFN in the absence of infection can promote autoimmune diseases. Furthermore, while activated pDCss promote immunity and autoimmunity, resting or alternatively activated pDCss may be tolerogenic. The various roles of pDCss have been extensively studied in vitro and in vivo with depleting antibodies. However, depleting antibodies cross-react with other cell types that are critical for eliciting protective immunity, potentially yielding ambiguous phenotypes. Here we discuss new approaches to assess pDCs functions in vivo and provide preliminary data on their potential roles during viral infections. Such approaches would also prove useful in the more specific evaluation of how pDCss mediate tolerance and autoimmunity. Finally, we discuss the emergent role of pDCss and one of their receptors, tetherin, in human immunodeficiency virus pathogenesis.",
   "authors": [
      "Swiecki, Melissa",
      "Colonna, Marco"
   ],
   "has_full_text": "False",
   "id": "https://doi.org/10.1111/j.0105-2896.2009.00881.x",
   "pubtator": "PMC3507434"
}