{
   "source_x": "PMC",
   "title": "The Diagnosis of Viral Respiratory Disease in Older Adults",
   "doi": "10.1086/650486",
   "pmcid": "PMC2826599",
   "license": "unk",
   "abstract": "Viral respiratory disease in older adults has been increasingly recognized as a significant cause of hospitalizations and death. Unfortunately, the recognition and diagnosis of infection due to many viral respiratory pathogens in older adults can be elusive due to atypical clinical presentations and the insensitivity of current laboratory diagnostic tests in this population. For influenza diagnosis, rapid antigen tests followed by viral culture if negative, can be useful in older adults as long as clinicians are mindful of test limitations. Although specific, rapid antigen tests are insensitive in this population. Erroneous negative results may lead to delays in timely administration of antiviral treatment and institution of appropriate isolation precautions. The increasing availability of new rapid and sensitive molecular diagnostics such as polymerase chain reaction testing, should provide more accurate and timely diagnoses of viral respiratory infections in older adults in the near future.",
   "authors": [
      "Talbot, H. Keipp",
      "Falsey, Ann R."
   ],
   "has_full_text": "False",
   "id": "https://doi.org/10.1086/650486",
   "pubtator": "PMC2826599"
}