{
   "source_x": "PMC",
   "title": "Porcine Reproductive and Respiratory Syndrome Virus Nonstructural Protein 1\u03b2 Modulates Host Innate Immune Response by Antagonizing IRF3 Activation",
   "doi": "10.1128/JVI.01326-09",
   "pmcid": "PMC2812326",
   "license": "unk",
   "abstract": "Porcine reproductive and respiratory syndrome virus (PRRSV) infection of swine leads to a serious disease characterized by a delayed and defective adaptive immune response. It is hypothesized that a suboptimal innate immune response is responsible for the disease pathogenesis. In the study presented here we tested this hypothesis and identified several nonstructural proteins (NSPs) with innate immune evasion properties encoded by the PRRS viral genome. Four of the total ten PRRSV NSPs tested were found to have strong to moderate inhibitory effects on beta interferon (IFN-\u03b2) promoter activation. The strongest inhibitory effect was exhibited by NSP1 followed by, NSP2, NSP11, and NSP4. We focused on NSP1\u03b1 and NSP1\u03b2 (self-cleavage products of NSP1 during virus infection) and NSP11, three NSPs with strong inhibitory activity. All of three proteins, when expressed stably in cell lines, strongly inhibited double-stranded RNA (dsRNA) signaling pathways. NSP1\u03b2 was found to inhibit both IFN regulatory factor 3 (IRF3)- and NF-\u03baB-dependent gene induction by dsRNA and Sendai virus. Mechanistically, the dsRNA-induced phosphorylation and nuclear translocation of IRF3 were strongly inhibited by NSP1\u03b2. Moreover, when tested in a porcine myelomonocytic cell line, NSP1\u03b2 inhibited Sendai virus-mediated activation of porcine IFN-\u03b2 promoter activity. We propose that this NSP1\u03b2-mediated subversion of the host innate immune response plays an important role in PRRSV pathogenesis.",
   "authors": [
      "Beura, Lalit K.",
      "Sarkar, Saumendra N.",
      "Kwon, Byungjoon",
      "Subramaniam, Sakthivel",
      "Jones, Clinton",
      "Pattnaik, Asit K.",
      "Osorio, Fernando A."
   ],
   "has_full_text": "False",
   "id": "https://doi.org/10.1128/JVI.01326-09",
   "pubtator": "PMC2812326"
}