{
   "sha": "d806b5203cfba5a87c9a39a25d953572eacf9ab9",
   "source_x": "PMC",
   "title": "Filovirus Research in Gabon and Equatorial Africa: The Experience of a Research Center in the Heart of Africa",
   "doi": "http://dx.doi.org/10.3390/v4091592",
   "pmcid": "PMC3499821",
   "pubmed_id": "23170174",
   "license": "CC BY",
   "abstract": "Health research programs targeting the population of Gabon and Equatorial Africa at the International Center for Medical Research in Franceville (CIRMF), Gabon, have evolved during the years since its inception in 1979 in accordance with emerging diseases. Since the reemergence of Ebola virus in Central Africa, the CIRMF \u201cEmerging Viral Disease Unit\u201d developed diagnostic tools and epidemiologic strategies and transfers of such technology to support the response of the National Public Health System and the World Health Organization to epidemics of Ebola virus disease. The Unit carries out a unique investigation program on the natural history of the filoviruses, emergence of epidemics, and Ebola virus pathogenesis. In addition, academic training is provided at all levels to regional and international students covering emerging conditions (host factors, molecular biology, genetics) that favor the spread of viral diseases.",
   "publish_time": "2012 Sep 13",
   "authors": [
      "['Leroy, Eric', 'Gonzalez, Jean Paul']"
   ],
   "journal": "Viruses",
   "has_full_text": "True",
   "id": "d806b5203cfba5a87c9a39a25d953572eacf9ab9",
   "fhir_link": "Commercial/d806b5203cfba5a87c9a39a25d953572eacf9ab9"
}