{
   "source_x": "PMC",
   "title": "Characterization of Rabbit CD5 Isoforms",
   "doi": "10.1016/j.molimm.2009.05.026",
   "pmcid": "PMC2757743",
   "license": "unk",
   "abstract": "Previously described polyclonal or monoclonal antibodies (mAb) to rabbit CD5, raised against expressed recombinant protein or peptides, recognize CD5 on most rabbit B cells. The mAb KEN-5 was originally reported to recognize rabbit CD5. However, KEN-5 binds almost exclusively to T cells and only to a minor population of B cells. We show here that by Enzyme-linked Immunosorbent Assay (ELISA), KEN-5 binds to recombinant rabbit CD5. This interaction is partially inhibited by polyclonal goat anti-CD5 antibody. In addition, immunoprecipitations from lysates of surface biotinylated rabbit lymphocytes with KEN-5 or our anti-CD5 mAb isolate molecules that migrate identically on gels with the same approximate relative molecular mass of 67,000 M(r). By flow cytometric analyses of individual cells from spleen, thymus and appendix, KEN-5 recognizes CD5-like molecules mainly on T cells and on 3-6% of IgM(+) B cells. Immunohistochemical staining of splenic and appendix tissues and confocal immunofluorescent imaging confirm and extend results from flow cytometric analyses. Quantitation of fluorescent colocalization indicates that staining by KEN-5 colocalizes with staining by anti-CD5 on small percentages lymphocytes in splenic tissue sections. As CD5 has both N- and O-linked glycosylation, we hypothesised that differential binding of KEN-5 to T cells and B-cells may be explained by different glycan structures on the CD5 present on T compared to B cells. This hypothesis is supported by ELISA data that show that deglycosylation diminishes the binding of KEN-5 to recombinant rabbit CD5. Screening KEN-5 on an array with 406 glycans was inconclusive. Although we did not identify a strongly binding glycan structure, the data are suggestive that the epitope recognized by KEN-5 may be influenced by glycan structures. The epitope this mAb recognizes may either be the glycan itself, or more likely, is influenced by neighboring glycan structure. Our findings suggest that development, selection and function of different B- and T-cell subsets or their preferential survival may be directly or indirectly dependent on different glycan structures associated with CD5 or CD5-like molecules expressed on T cells compared to B cells.",
   "authors": [
      "Pospisil, Richard",
      "Kabat, Juraj",
      "Mage, Rose G."
   ],
   "has_full_text": "False",
   "id": "https://doi.org/10.1016/j.molimm.2009.05.026",
   "pubtator": "PMC2757743"
}