{
   "source_x": "CZI",
   "title": "Short-term effects of ambient PM1 and PM2.5 air pollution on hospital admission for respiratory diseases: Case-crossover evidence from Shenzhen, China",
   "doi": "10.1016/j.ijheh.2019.11.001",
   "abstract": "Background Ambient PM1 (particulate matter with aerodynamic diameter \u22641\u202f\u03bcm) is an important contribution of PM2.5 mass. However, little is known worldwide regarding the PM1-associated health effects due to a wide lack of ground-based PM1 measurements from air monitoring stations. Methods We collected daily records of hospital admission for respiratory diseases and station-based measurements of air pollution and weather conditions in Shenzhen, China, 2015\u20132016. Time-stratified case-crossover design and conditional logistic regression models were adopted to estimate hospitalization risks associated with short-term exposures to PM1 and PM2.5. Results PM1 and PM2.5 showed significant adverse effects on respiratory disease hospitalizations, while no evident associations with PM1\u20132.5 were identified. Admission risks for total respiratory diseases were 1.09 (95% confidence interval: 1.04 to 1.14) and 1.06 (1.02 to 1.10), corresponding to per 10\u202f\u03bcg/m3 rise in exposure to PM1 and PM2.5 at lag 0\u20132 days, respectively. Both PM1 and PM2.5 were strongly associated with increased admission for pneumonia and chronic obstructive pulmonary diseases, but exhibited no effects on asthma and upper respiratory tract infection. Largely comparable risk estimates were observed between male and female patients. Groups aged 0\u201314 years and 45\u201374 years were significantly affected by PM1- and PM2.5-associated risks. PM-hospitalization associations exhibited a clear seasonal pattern, with significantly larger risks in cold season than those in warm season among some subgroups. Conclusions Our study suggested that PM1 rather than PM1\u20132.5 contributed to PM2.5-induced risks of hospitalization for respiratory diseases and effects of PM1 and PM2.5 mainly occurred in cold season.",
   "publish_time": "2020",
   "authors": [
      "Zhang, Yunquan",
      "Ding, Zan",
      "Xiang, Qianqian",
      "Wang, Wei",
      "Huang, Li",
      "Mao, Feiyue"
   ],
   "journal": "International Journal of Hygiene and Environmental Health",
   "Microsoft Academic Paper ID": "2989937665",
   "WHO #Covidence": "#3088",
   "id": "https://doi.org/10.1016/j.ijheh.2019.11.001"
}