{
   "source_x": "PMC",
   "title": "Universal Detection and Identification of Avian Influenza Virus by Use of Resequencing Microarrays",
   "doi": "10.1128/JCM.01346-08",
   "pmcid": "PMC2668298",
   "license": "unk",
   "abstract": "Zoonotic microbes have historically been, and continue to emerge as, threats to human health. The recent outbreaks of highly pathogenic avian influenza virus in bird populations and the appearance of some human infections have increased the concern of a possible new influenza pandemic, which highlights the need for broad-spectrum detection methods for rapidly identifying the spread or outbreak of all variants of avian influenza virus. In this study, we demonstrate that high-density resequencing pathogen microarrays (RPM) can be such a tool. The results from 37 influenza virus isolates show that the RPM platform is an effective means for detecting and subtyping influenza virus, while simultaneously providing sequence information for strain resolution, pathogenicity, and drug resistance without additional analysis. This study establishes that the RPM platform is a broad-spectrum pathogen detection and surveillance tool for monitoring the circulation of prevalent influenza viruses in the poultry industry and in wild birds or incidental exposures and infections in humans.",
   "authors": [
      "Lin, Baochuan",
      "Malanoski, Anthony P.",
      "Wang, Zheng",
      "Blaney, Kate M.",
      "Long, Nina C.",
      "Meador, Carolyn E.",
      "Metzgar, David",
      "Myers, Christopher A.",
      "Yingst, Samuel L.",
      "Monteville, Marshall R.",
      "Saad, Magdi D.",
      "Schnur, Joel M.",
      "Tibbetts, Clark",
      "Stenger, David A."
   ],
   "has_full_text": "False",
   "id": "https://doi.org/10.1128/JCM.01346-08",
   "pubtator": "PMC2668298"
}