{
   "source_x": "PMC",
   "title": "Recombinant Canine Coronaviruses Related to Transmissible Gastroenteritis Virus of Swine Are Circulating in Dogs",
   "doi": "10.1128/JVI.01937-08",
   "pmcid": "PMC2620906",
   "license": "unk",
   "abstract": "Four canine coronavirus type II (CCoV-II) strains were identified in the guts and internal organs of pups which had died of acute gastroenteritis. The CCoV-II strains were strictly related to porcine transmissible gastroenteritis virus (TGEV) in the N-terminal domain of the spike protein, whereas in the other parts of the genome, a higher genetic relatedness to recent CCoV-II isolates was observed. Experimental infection of dogs with a TGEV-like isolate induced mild gastroenteritis without any systemic involvement. By virus neutralization tests, antigenic differences between reference and TGEV-like CCoVs were found. Our data support the potential recombinant origin of the TGEV-like CCoVs.",
   "authors": [
      "Decaro, Nicola",
      "Mari, Viviana",
      "Campolo, Marco",
      "Lorusso, Alessio",
      "Camero, Michele",
      "Elia, Gabriella",
      "Martella, Vito",
      "Cordioli, Paolo",
      "Enjuanes, Luis",
      "Buonavoglia, Canio"
   ],
   "has_full_text": "False",
   "id": "https://doi.org/10.1128/JVI.01937-08",
   "pubtator": "PMC2620906"
}