{
   "source_x": "PMC",
   "title": "Gain, Preservation, and Loss of a Group 1a Coronavirus Accessory Glycoprotein",
   "doi": "10.1128/JVI.01031-08",
   "pmcid": "PMC2566247",
   "license": "unk",
   "abstract": "Coronaviruses are positive-strand RNA viruses of extraordinary genetic complexity and diversity. In addition to a common set of genes for replicase and structural proteins, each coronavirus may carry multiple group-specific genes apparently acquired through relatively recent heterologous recombination events. Here we describe an accessory gene, ORF3, unique to canine coronavirus type I (CCoV-I) and characterize its product, glycoprotein gp3. Whereas ORF3 is conserved in CCoV-I, only remnants remain in CCoV-II and CCoV-II-derived porcine and feline coronaviruses. Our findings provide insight into the evolutionary history of coronavirus group 1a and into the dynamics of gain and loss of accessory genes.",
   "authors": [
      "Lorusso, Alessio",
      "Decaro, Nicola",
      "Schellen, Pepijn",
      "Rottier, Peter J. M.",
      "Buonavoglia, Canio",
      "Haijema, Bert-Jan",
      "de Groot, Raoul J."
   ],
   "has_full_text": "False",
   "id": "https://doi.org/10.1128/JVI.01031-08",
   "pubtator": "PMC2566247"
}