{
   "source_x": "PMC",
   "title": "The Nucleocapsid Protein of Severe Acute Respiratory Syndrome Coronavirus Inhibits Cell Cytokinesis and Proliferation by Interacting with Translation Elongation Factor 1\u03b1",
   "doi": "10.1128/JVI.00133-08",
   "pmcid": "PMC2446950",
   "license": "unk",
   "abstract": "Severe acute respiratory syndrome coronavirus (SARS-CoV) is the etiological agent of SARS, an emerging disease characterized by atypical pneumonia. Using a yeast two-hybrid screen with the nucleocapsid (N) protein of SARS-CoV as a bait, the C terminus (amino acids 251 to 422) of the N protein was found to interact with human elongation factor 1-alpha (EF1\u03b1), an essential component of the translational machinery with an important role in cytokinesis, promoting the bundling of filamentous actin (F-actin). In vitro and in vivo interaction was then confirmed by immuno-coprecipitation, far-Western blotting, and surface plasmon resonance. It was demonstrated that the N protein of SARS-CoV induces aggregation of EF1\u03b1, inhibiting protein translation and cytokinesis by blocking F-actin bundling. Proliferation of human peripheral blood lymphocytes and other human cell lines was significantly inhibited by the infection of recombinant retrovirus expressing SARS-CoV N protein.",
   "authors": [
      "Zhou, Bing",
      "Liu, Junli",
      "Wang, Qiuna",
      "Liu, Xuan",
      "Li, Xiaorong",
      "Li, Ping",
      "Ma, Qingjun",
      "Cao, Cheng"
   ],
   "has_full_text": "False",
   "id": "https://doi.org/10.1128/JVI.00133-08",
   "pubtator": "PMC2446950"
}