{
   "source_x": "PMC",
   "title": "Dengue virus in Mexican bats",
   "doi": "10.1017/S0950268808000460",
   "pmcid": "PMC2870782",
   "license": "unk",
   "abstract": "Individuals belonging to five families, 12 genera, and 19 different species of bats from dengue endemic areas in the Gulf and Pacific coasts of Mexico were examined by ELISA, RT\u2013PCR, and for the presence of dengue virus (DV) NS1 protein. Nine individuals from four species were seropositive by ELISA: three insectivorous, Myotis nigricans (four positives/12 examined), Pteronotus parnellii (3/19), and Natalus stramineus (1/4), and one frugivorous Artibeus jamaicensis (1/35) (12\u00b786% seroprevalence in positive species). DV serotype 2 was detected by RT\u2013PCR in four samples from three species (all from the Gulf coast \u2013 rainy season): two frugivorous, A. jamaicensis (2/9), and Carollia brevicauda (1/2), and one insectivorous, M. nigricans (1/11). The latter was simultaneously positive for NS1 protein. DV RT\u2013PCR positive animals were all antibody seronegative. M. nigricans showed positive individuals for all three tests. This is the first evidence suggesting the presence of DV in bats from Mexico.",
   "authors": [
      "AGUILAR-SETI\u00c9N, \u00c1.",
      "ROMERO-ALMARAZ, M.\u00a0L.",
      "S\u00c1NCHEZ-HERN\u00c1NDEZ, C.",
      "FIGUEROA, R.",
      "JU\u00c1REZ-PALMA, L.\u00a0P.",
      "GARC\u00cdA-FLORES, M.\u00a0M.",
      "V\u00c1ZQUEZ-SALINAS, C.",
      "SALAS-ROJAS, M.",
      "HIDALGO-MART\u00cdNEZ, A.\u00a0C.",
      "PIERL\u00c9, S. AGUILAR",
      "GARC\u00cdA-ESTRADA, C.",
      "RAMOS, C."
   ],
   "has_full_text": "False",
   "id": "https://doi.org/10.1017/S0950268808000460",
   "pubtator": "PMC2870782"
}