{
   "sha": "250543d2df3a87e7d92cdd481b0fcb8afe0da206",
   "source_x": "Elsevier",
   "title": "Chapter 133 Approach to the Patient with HIV and Coinfecting Tropical Infectious Diseases",
   "doi": "10.1016/B978-0-443-06668-9.50138-1",
   "license": "els-covid",
   "publish_time": "2006-12-31",
   "authors": [
      "KARP, CHRISTOPHER L.",
      "COLEBUNDERS, ROBERT"
   ],
   "journal": "Tropical Infectious Diseases",
   "has_full_text": "True",
   "full_text_file": "custom_license",
   "id": "https://doi.org/10.1016/B978-0-443-06668-9.50138-1",
   "fhir_link": [
      "PMC/Composition/250543d2df3a87e7d92cdd481b0fcb8afe0da206"
   ]
}