{
   "source_x": "PMC",
   "title": "Modulation of Autoimmunity by Treatment of an Infectious Disease",
   "doi": "10.1128/IAI.00423-07",
   "pmcid": "PMC1932944",
   "license": "unk",
   "abstract": "Chagas\u2019 heart disease (CHD), caused by the parasite Trypanosoma cruzi, is the most common form of myocarditis in Central America and South America. Some humans and experimental animals develop both humoral and cell-mediated cardiac-specific autoimmunity during infection. Benznidazole, a trypanocidal drug, is effective at reducing parasite load and decreasing the severity of myocarditis in acutely infected patients. We hypothesized that the magnitude of autoimmunity that develops following T. cruzi infection is directly proportional to the amount of damage caused by the parasite. To test this hypothesis, we used benznidazole to reduce the number of parasites in an experimental model of CHD and determined whether this treatment altered the autoimmune response. Infection of A/J mice with the Brazil strain of T. cruzi leads to the development of severe inflammation, fibrosis, necrosis, and parasitosis in the heart accompanied by vigorous cardiac myosin-specific delayed-type hypersensitivity (DTH) and antibody production at 21 days postinfection. Mice succumbed to infection within a month if left untreated. Treatment of infected mice with benznidazole eliminated mortality and decreased disease severity. Treatment also reduced cardiac myosin-specific DTH and antibody production. Reinfection of treated mice with a heart-derived, virulent strain of T. cruzi or immunization with myosin led to the redevelopment of myosin-specific autoimmune responses and inflammation. These results provide a direct link between the levels of T. cruzi and the presence of autoimmunity and suggest that elimination of the parasite may result in the reduction or elimination of autoimmunity in the chronic phase of infection.",
   "authors": [
      "Hyland, Kenneth V.",
      "Leon, Juan S.",
      "Daniels, Melvin D.",
      "Giafis, Nick",
      "Woods, LaKitta M.",
      "Bahk, Thomas J.",
      "Wang, Kegiang",
      "Engman, David M."
   ],
   "has_full_text": "False",
   "id": "https://doi.org/10.1128/IAI.00423-07",
   "pubtator": "PMC1932944"
}