{
   "source_x": "PMC",
   "title": "Mutual Aid Agreements: Essential Legal Tools for Public Health Preparedness and Response",
   "doi": "10.2105/AJPH.2006.101626",
   "pmcid": "PMC1854975",
   "license": "unk",
   "abstract": "Mutual aid is the sharing of supplies, equipment, personnel, and information across political boundaries. States must have agreements in place to ensure mutual aid to facilitate effective responses to public health emergencies and to detect and control potential infectious disease outbreaks. The 2005 hurricanes triggered activation of the Emergency Management Assistance Compact (EMAC), a mutual aid agreement among the 50 states, the District of Columbia, Puerto Rico, and the US Virgin Islands. Although EMAC facilitated the movement of an unprecedented amount of mutual aid to disaster areas, inadequacies in the response demonstrated a need for improvement. Mutual aid may also be beneficial in circumstances where EMAC is not activated. We discuss the importance of mutual aid, examine obstacles, and identify legal \u201cgaps\u201d that must be filled to strengthen preparedness.",
   "authors": [
      "Stier, Daniel D.",
      "Goodman, Richard A."
   ],
   "has_full_text": "False",
   "id": "https://doi.org/10.2105/AJPH.2006.101626",
   "pubtator": "PMC1854975"
}