{
   "sha": "c2a6bc16a0c088224ea1428da90c217e24e89924",
   "source_x": "Elsevier",
   "title": "V Repiratory Tract",
   "doi": "10.1016/B978-044450514-9/50005-X",
   "license": "els-covid",
   "abstract": "Publisher Summary This chapter discusses respiratory tract. This chapter illustrates that a complex array of defensive mechanisms protect the lungs against the adverse effects of airborne substances and pathogenic organisms. In contrast to the adverse pulmonary effects of cigarette smoke and industrial pollutants, therapeutic agents remain a relatively minor cause of pulmonary toxicity in man although, actual incidence is difficult to ascertain. However, drug-induced pulmonary disease appears to be an increasingly frequent clinical problem and the drugs associated with parenchymal pulmonary injury in humans continue to increase. The development of drugs to be administered by inhalation or intranasal routes is particularly difficult because of the perceived risks of high local drug concentration in respiratory tissues, alterations to drug disposition and a potentially vulnerable patient population, often with pulmonary disease. Finally, the nasal chambers are the structures, which are first to be subjected to the effects of inhaled substances, whether microorganisms or chemical substances. Moreover, infectious agents cause inflammation in the nose and nasal sinuses, and this may be associated with inflammation in the conjunctiva, middle ear and oral cavity.",
   "publish_time": "2000-12-31",
   "authors": [
      "Greaves, Peter"
   ],
   "journal": "Histopathology of Preclinical Toxicity Studies",
   "has_full_text": "True",
   "full_text_file": "custom_license",
   "id": "https://doi.org/10.1016/B978-044450514-9/50005-X",
   "fhir_link": [
      "PMC/Composition/c2a6bc16a0c088224ea1428da90c217e24e89924"
   ]
}