{
   "source_x": "PMC",
   "title": "The psychological effect of severe acute respiratory syndrome on emergency department staff",
   "doi": "10.1136/emj.2006.035089",
   "pmcid": "PMC2658141",
   "license": "unk",
   "abstract": "BACKGROUND: The severe acute respiratory syndrome (SARS) outbreak in 2003 affected 29 countries. The SARS outbreak was unique in its rapid transmission and it resulted in heavy stress in first\u2010line healthcare workers, particularly in the emergency department. AIM: : To determine the influence of SARS on the psychological status, including post\u2010traumatic stress disorder (PTSD) symptoms, of the staff in the emergency department. METHODS: To investigate whether different working conditions in the hospital led to different psychological effects on healthcare workers, the psychological effect on emergency department staff in the high\u2010risk ward was compared with that on psychiatric ward staff in the medium\u2010risk ward. Davidson Trauma Scale\u2010Chinese version (DTS\u2010C) and Chinese Health Questionnaire\u201012 (CHQ\u201012) items were designed to check the psychological status of the staff in the month after the end of the SARS outbreak. RESULTS: 86 of 92 (93.5%) medical staff considered the SARS outbreak to be a traumatic experience. The DTS\u2010C scores of staff in the emergency department and in the psychiatric ward were significantly different (p = 0.04). No significant difference in CHQ score was observed between the two groups. Emergency department staff had more severe PTSD symptoms than staff in the psychiatric ward. CONCLUSION: SARS was a traumatic experience for healthcare providers in Taiwan. Most staff in the emergency department and in the psychiatric ward had PTSD. Emergency department staff had more severe PTSD symptoms than staff in the psychiatric ward.",
   "authors": [
      "Lin, C\u2010Y",
      "Peng, Y\u2010C",
      "Wu, Y\u2010H",
      "Chang, J",
      "Chan, C\u2010H",
      "Yang, D\u2010Y"
   ],
   "has_full_text": "False",
   "id": "https://doi.org/10.1136/emj.2006.035089",
   "pubtator": "PMC2658141"
}