{
   "source_x": "PMC",
   "title": "Influenza: Emergence and Control",
   "doi": "10.1128/JVI.78.17.8951-8959.2004",
   "pmcid": "PMC506949",
   "license": "unk",
   "authors": [
      "Lipatov, Aleksandr S.",
      "Govorkova, Elena A.",
      "Webby, Richard J.",
      "Ozaki, Hiroichi",
      "Peiris, Malik",
      "Guan, Yi",
      "Poon, Leo",
      "Webster, Robert G."
   ],
   "has_full_text": "False",
   "id": "https://doi.org/10.1128/JVI.78.17.8951-8959.2004",
   "pubtator": "PMC506949"
}