{
   "sha": "53d0e3f0cfe8c7e1f3d52a1c5a21a9ef62bf8d8e",
   "source_x": "PMC",
   "title": "Molecular Profiling of Multiple Human Cancers Defines an Inflammatory Cancer-Associated Molecular Pattern and Uncovers KPNA2 as a Uniform Poor Prognostic Cancer Marker",
   "doi": "http://dx.doi.org/10.1371/journal.pone.0057911",
   "pmcid": "PMC3607594",
   "pubmed_id": "23536776",
   "license": "CC BY",
   "abstract": "BACKGROUND: Immune evasion is one of the recognized hallmarks of cancer. Inflammatory responses to cancer can also contribute directly to oncogenesis. Since the immune system is hardwired to protect the host, there is a possibility that cancers, regardless of their histological origins, endow themselves with a common and shared inflammatory cancer-associated molecular pattern (iCAMP) to promote oncoinflammation. However, the definition of iCAMP has not been conceptually and experimentally investigated. METHODS AND FINDINGS: Genome-wide cDNA expression data was analyzed for 221 normal and 324 cancer specimens from 7 cancer types: breast, prostate, lung, colon, gastric, oral and pancreatic. A total of 96 inflammatory genes with consistent dysregulation were identified, including 44 up-regulated and 52 down-regulated genes. Protein expression was confirmed by immunohistochemistry for some of these genes. The iCAMP contains proteins whose roles in cancer have been implicated and others which are yet to be appreciated. The clinical significance of many iCAMP genes was confirmed in multiple independent cohorts of colon and ovarian cancer patients. In both cases, better prognosis correlated strongly with high CXCL13 and low level of GREM1, LOX, TNFAIP6, CD36, and EDNRA. An \u201cInflammatory Gene Integrated Score\u201d was further developed from the combination of 18 iCAMP genes in ovarian cancer, which predicted overall survival. Noticeably, as a selective nuclear import protein whose immuno-regulatory function just begins to emerge, karyopherin alpha 2 (KPNA2) is uniformly up-regulated across cancer types. For the first time, the cancer-specific up-regulation of KPNA2 and its clinical significance were verified by tissue microarray analysis in colon and head-neck cancers. CONCLUSION: This work defines an inflammatory signature shared by seven epithelial cancer types and KPNA2 as a consistently up-regulated protein in cancer. Identification of iCAMP may not only serve as a novel biomarker for prognostication and individualized treatment of cancer, but also have significant biological implications.",
   "publish_time": "2013 Mar 25",
   "authors": [
      "['Rachidi, Saleh M.', 'Qin, Tingting', 'Sun, Shaoli', 'Zheng, W. Jim', 'Li, Zihai']"
   ],
   "journal": "PLoS One",
   "has_full_text": "False",
   "id": "53d0e3f0cfe8c7e1f3d52a1c5a21a9ef62bf8d8e"
}