{
   "source_x": "PMC",
   "title": "Recombinant Avian Infectious Bronchitis Virus Expressing a Heterologous Spike Gene Demonstrates that the Spike Protein Is a Determinant of Cell Tropism",
   "doi": "10.1128/JVI.77.16.9084-9089.2003",
   "pmcid": "PMC167237",
   "license": "unk",
   "abstract": "A recombinant infectious bronchitis virus (IBV), BeauR-M41(S), was generated using our reverse genetics system (R. Casais, V. Thiel, S. G. Siddell, D. Cavanagh, and P. Britton, J. Virol. 75:12359-12369, 2001), in which the ectodomain region of the spike gene from IBV M41-CK replaced the corresponding region of the IBV Beaudette genome. BeauR-M41(S) acquired the same cell tropism phenotype as IBV M41-CK in four different cell types, demonstrating that the IBV spike glycoprotein is a determinant of cell tropism.",
   "authors": [
      "Casais, Rosa",
      "Dove, Brian",
      "Cavanagh, David",
      "Britton, Paul"
   ],
   "has_full_text": "False",
   "id": "https://doi.org/10.1128/JVI.77.16.9084-9089.2003",
   "pubtator": "PMC167237"
}