{
   "source_x": "PMC",
   "title": "Comparison of Cryptosporidium parvum Viability and Infectivity Assays following Ozone Treatment of Oocysts",
   "pmcid": "PMC92099",
   "license": "unk",
   "abstract": "Several in vitro surrogates have been developed as convenient, user-friendly alternatives to mouse infectivity assays for determining the viability of Cryptosporidium parvum oocysts. Such viability assays have been used increasingly to determine oocyst inactivation following treatment with chemical, physical, or environmental stresses. Defining the relationship between in vitro viability assays and oocyst infectivity in susceptible hosts is critical for determining the significance of existing oocyst inactivation data for these in vitro assays and their suitability in future studies. In this study, four viability assays were compared with mouse infectivity assays, using neonatal CD-1 mice. Studies were conducted in the United States and United Kingdom using fresh (<1 month) or environmentally aged (3 months at 4\u00b0C) oocysts, which were partially inactivated by ozonation before viability and/or infectivity analyses. High levels of variability were noted within and between the viability and infectivity assays in the U.S. and United Kingdom studies despite rigorous control over oocyst conditions and disinfection experiments. Based on the viability analysis of oocyst subsamples from each ozonation experiment, SYTO-59 assays demonstrated minimal change in oocyst viability, whereas 4\u2032,6\u2032-diamidino-2-phenylindole\u2013propidium iodide assays, in vitro excystation, and SYTO-9 assays showed a marginal reduction in oocyst viability. In contrast, the neonatal mouse infectivity assay demonstrated significantly higher levels of oocyst inactivation in the U.S. and United Kingdom experiments. These comparisons illustrate that four in vitro viability assays cannot be used to reliably predict oocyst inactivation following treatment with low levels of ozone. Neonatal mouse infectivity assays should continue to be regarded as a \u201cgold standard\u201d until suitable alternative viability surrogates are identified for disinfection studies.",
   "authors": [
      "Bukhari, Z.",
      "Marshall, M. M.",
      "Korich, D. G.",
      "Fricker, C. R.",
      "Smith, H. V.",
      "Rosen, J.",
      "Clancy, J. L."
   ],
   "has_full_text": "False",
   "id": "https://www.ncbi.nlm.nih.gov/pmc/articles/PMC92099",
   "pubtator": "PMC92099"
}