{
   "sha": "985bcaae91f49b39ffb29301edef221c46c66034",
   "source_x": "PMC",
   "title": "Systems Analysis of a RIG-I Agonist Inducing Broad Spectrum Inhibition of Virus Infectivity",
   "doi": "http://dx.doi.org/10.1371/journal.ppat.1003298",
   "pmcid": "PMC3635991",
   "pubmed_id": "23633948",
   "license": "CC BY",
   "abstract": "The RIG-I like receptor pathway is stimulated during RNA virus infection by interaction between cytosolic RIG-I and viral RNA structures that contain short hairpin dsRNA and 5\u2032 triphosphate (5\u2032ppp) terminal structure. In the present study, an RNA agonist of RIG-I was synthesized in vitro and shown to stimulate RIG-I-dependent antiviral responses at concentrations in the picomolar range. In human lung epithelial A549 cells, 5\u2032pppRNA specifically stimulated multiple parameters of the innate antiviral response, including IRF3, IRF7 and STAT1 activation, and induction of inflammatory and interferon stimulated genes - hallmarks of a fully functional antiviral response. Evaluation of the magnitude and duration of gene expression by transcriptional profiling identified a robust, sustained and diversified antiviral and inflammatory response characterized by enhanced pathogen recognition and interferon (IFN) signaling. Bioinformatics analysis further identified a transcriptional signature uniquely induced by 5\u2032pppRNA, and not by IFN\u03b1-2b, that included a constellation of IRF7 and NF-kB target genes capable of mobilizing multiple arms of the innate and adaptive immune response. Treatment of primary PBMCs or lung epithelial A549 cells with 5\u2032pppRNA provided significant protection against a spectrum of RNA and DNA viruses. In C57Bl/6 mice, intravenous administration of 5\u2032pppRNA protected animals from a lethal challenge with H1N1 Influenza, reduced virus titers in mouse lungs and protected animals from virus-induced pneumonia. Strikingly, the RIG-I-specific transcriptional response afforded partial protection from influenza challenge, even in the absence of type I interferon signaling. This systems approach provides transcriptional, biochemical, and in vivo analysis of the antiviral efficacy of 5\u2032pppRNA and highlights the therapeutic potential associated with the use of RIG-I agonists as broad spectrum antiviral agents.",
   "publish_time": "2013 Apr 25",
   "authors": [
      "['Goulet, Marie-Line', 'Olagnier, David', 'Xu, Zhengyun', 'Paz, Suzanne', 'Belgnaoui, S. Mehdi', 'Lafferty, Erin I.', 'Janelle, Val\u00e9rie', 'Arguello, Meztli', 'Paquet, Marilene', 'Ghneim, Khader', 'Richards, Stephanie', 'Smith, Andrew', 'Wilkinson, Peter', 'Cameron, Mark', 'Kalinke, Ulrich', 'Qureshi, Salman', 'Lamarre, Alain', 'Haddad, Elias K.', 'Sekaly, Rafick Pierre', 'Peri, Suraj', 'Balachandran, Siddharth', 'Lin, Rongtuan', 'Hiscott, John']"
   ],
   "journal": "PLoS Pathog",
   "has_full_text": "True",
   "id": "985bcaae91f49b39ffb29301edef221c46c66034",
   "fhir_link": "Commercial/Composition/985bcaae91f49b39ffb29301edef221c46c66034"
}