{
   "sha": "36f0ce11b61edc9a0eb039d08bc0e0d86b5f575b",
   "source_x": "Elsevier",
   "title": "5 Disturbances of Free Water, Electrolytes, Acid-Base Balance, and Oncotic Pressure",
   "doi": "10.1016/B978-0-7020-5246-0.00005-X",
   "license": "els-covid",
   "publish_time": "2017-12-31",
   "journal": "Veterinary Medicine",
   "has_full_text": "True",
   "full_text_file": "custom_license",
   "id": "https://doi.org/10.1016/B978-0-7020-5246-0.00005-X",
   "fhir_link": [
      "PMC/Composition/36f0ce11b61edc9a0eb039d08bc0e0d86b5f575b"
   ]
}