{
   "source_x": "PMC",
   "title": "Progress in enzyme immunoassays: production of reagents, experimental design, and interpretation",
   "pmcid": "PMC2536367",
   "license": "unk",
   "abstract": "Enzyme immunoassays represent in many cases the preferred procedure for the detection of antigens or corresponding antibodies. However, many of the current procedures are performed suboptimally. This article reviews the available designs, auxiliary recognition systems, production and purification of antibodies, conjugation procedures, solid-phase materials, recording and interpretation of results, and quality control and standardization of procedures to improve the reproducibility of tests.",
   "authors": [
      "Kurstak, Edouard"
   ],
   "has_full_text": "False",
   "id": "https://www.ncbi.nlm.nih.gov/pmc/articles/PMC2536367",
   "pubtator": "PMC2536367"
}