{
   "sha": "3f7b6af5cd76098945fd076e4fa43a541fb7a5a0",
   "source_x": "PMC",
   "title": "Availability, consistency and evidence-base of policies and guidelines on the use of mask and respirator to protect hospital health care workers: a global analysis",
   "doi": "http://dx.doi.org/10.1186/1756-0500-6-216",
   "pmcid": "PMC3693993",
   "pubmed_id": "23725338",
   "license": "CC BY",
   "abstract": "BACKGROUND: Currently there is an ongoing debate and limited evidence on the use of masks and respirators for the prevention of respiratory infections in health care workers (HCWs). This study aimed to examine available policies and guidelines around the use of masks and respirators in HCWs and to describe areas of consistency between guidelines, as well as gaps in the recommendations, with reference to the WHO and the CDC guidelines. METHODS: Policies and guidelines related to mask and respirator use for the prevention of influenza, SARS and TB were examined. Guidelines from the World Health Organization (WHO), the Center for Disease Control and Prevention (CDC), three high-income countries and six low/middle-income countries were selected. RESULTS: Uniform recommendations are made by the WHO and the CDC in regards to protecting HCWs against seasonal influenza (a mask for low risk situations and a respirator for high risk situations) and TB (use of a respirator). However, for pandemic influenza and SARS, the WHO recommends mask use in low risk and respirators in high risk situations, whereas, the CDC recommends respirators in both low and high risk situations. Amongst the nine countries reviewed, there are variations in the recommendations for all three diseases. While, some countries align with the WHO recommendations, others align with those made by the CDC. The choice of respirator and the level of filtering ability vary amongst the guidelines and the different diseases. Lastly, none of the policies discuss reuse, extended use or the use of cloth masks. CONCLUSION: Currently, there are significant variations in the policies and recommendations around mask and respirator use for protection against influenza, SARS and TB. These differences may reflect the scarcity of level-one evidence available to inform policy development. The lack of any guidelines on the use of cloth masks, despite widespread use in many low and middle-income countries, remains a policy gap. Health organizations and countries should jointly evaluate the available evidence, prioritize research to inform evidence gaps, and develop consistent policy on masks and respirator use in the health care setting.",
   "publish_time": "2013 May 31",
   "authors": [
      "['Chughtai, Abrar Ahmad', 'Seale, Holly', 'MacIntyre, Chandini Raina']"
   ],
   "journal": "BMC Res Notes",
   "has_full_text": "True",
   "id": "3f7b6af5cd76098945fd076e4fa43a541fb7a5a0",
   "fhir_link": "Commercial/3f7b6af5cd76098945fd076e4fa43a541fb7a5a0"
}