{
   "source_x": "PMC_new",
   "title": "Ion channels in volume regulation of clonal kidney cells",
   "doi": "10.1111/j.1365-2184.2010.00702.x",
   "pmcid": "PMC6496356",
   "pubmed_id": "21039991",
   "license": "unk",
   "abstract": "Objectives: Clonal kidney cells (Vero cells) are extensively utilized in the manufacture of biological preparations for disease diagnostics and therapeutics and also in preparation of vaccines. In all cells, regulation of volume is an essential function coupled to a variety of physiological processes and is a topic of interest. The objective here was to investigate involvement of ion channels in the process of volume regulation of Vero cells. Methods: Involvement of ion channels in cell volume regulation was studied using video\u2010microscopy and flow cytometry. Pharmacologically unaltered cells of different sizes, which are presumably at different phases of the cell cycle, were used. Results: Ion transport inhibitors altered all phases of regulatory volume decrease (RVD) of Vero cells, rate of initial cell swelling, V (max) and volume recovery. Effects were dependent on type of inhibitor and on cell size (cell cycle phase). Participation of aquaporins in RVD was suggested. Inhibitors decelerated growth, arresting Vero cells at the G(0)/G(1) phase boundary. Electrophysiological study confirmed presence of volume\u2010activated Cl(\u2212) channels and K(+) channels in plasmatic membranes of the cells. Conclusion: Vero cells of all sizes maintained the ability to recover from osmotic swelling. Activity of ion channels was one of the key factors that controlled volume regulation and proliferation of the cells.",
   "publish_time": "2010-10-29",
   "authors": [
      "Da Silva, M. B.",
      "Costa, V. M. A.",
      "Pereira, V. R. A.",
      "De Albertim, G. J. B.",
      "De Melo, E. B. B.",
      "Bezerra, D. P.",
      "Da Silva, R. P.",
      "Rodrigues, C. G.",
      "Carneiro, C. M. M.",
      "Yuldasheva, L. N.",
      "Krasilnikov, O. V."
   ],
   "journal": "Cell Proliferation",
   "has_full_text": "False",
   "id": "https://doi.org/10.1111/j.1365-2184.2010.00702.x",
   "pubtator": "PMC6496356"
}