{
   "sha": "33565294e6bc67fb7ee14dcae6cfdb08148f4ea5",
   "source_x": "biorxiv",
   "title": "Big city, small world: Density, contact rates, and transmission of dengue across Pakistan.",
   "doi": "10.1101/018481",
   "license": "biorxiv",
   "abstract": "Macroscopic descriptions of populations commonly assume that encounters between individuals are well mixed; i.e., each individual has an equal chance of coming into contact with any other individual. Relaxing this assumption can be challenging though, due to the difficulty of acquiring detailed knowledge about the non-random nature of encounters. Here, we fitted a mathematical model of dengue virus transmission to spatial time series data from Pakistan and compared maximum-likelihood estimates of \\\"mixing parameters\\\" when disaggregating data across an urban-rural gradient. We show that dynamics across this gradient are subject not only to differing transmission intensities but also to differing strengths of nonlinearity due to differences in mixing. We furthermore show that neglecting spatial variation in mixing can lead to substantial underestimates of the level of effort needed to control a pathogen with vaccines or other control efforts. We complement this analysis with relevant contemporary environmental drivers of dengue.",
   "publish_time": "2015-04-27",
   "authors": [
      "Moritz U. G. Kraemer",
      "T. Alex Perkins",
      "Derek A.T. Cummings",
      "Rubeena Zakar",
      "Simon I. Hay",
      "David L. Smith",
      "Robert C. Reiner",
      ""
   ],
   "has_full_text": "True",
   "full_text_file": "biorxiv_medrxiv",
   "id": "https://doi.org/10.1101/018481",
   "fhir_link": [
      "bioRxiv-medRxiv/Composition/33565294e6bc67fb7ee14dcae6cfdb08148f4ea5"
   ]
}