{
   "source_x": "biorxiv",
   "title": "Large protein complex production using the SmartBac System - Strategies and Applications",
   "doi": "10.1101/219246",
   "license": "biorxiv",
   "abstract": "Recent revolution of cryo-electron microscopy has opened a new door to solve high-resolution structures of macromolecule complexes without crystallization while how to efficiently obtain homogenous macromolecule complex sample is therefore becoming a bottleneck. Here we report SmartBac, an easy and versatile system for constructing large-sized transfer plasmids used to generate recombinant baculoviruses that express large multiprotein complexes in insect cells. The SmartBac system integrates the univector plasmid-fusion system, Gibson assembly method and polyprotein strategy to construct the final transfer plasmids. The fluorescent proteins are designed to be co-expressed with recombinant proteins to monitor transfection and expression efficiencies. A scheme of screening an optimal tagged subunit for effective purification is provided. Six large multiprotein complexes including the human exocyst complex and dynactin complex were successfully expressed, suggesting a great potential of SmartBac for its wide application in the future structural biology study.",
   "publish_time": "2017-11-14",
   "authors": [
      "Zhai, Y.",
      "Zhang, D.",
      "Yu, L.",
      "Sun, F.",
      "Sun, F."
   ],
   "has_full_text": "False",
   "full_text_file": "biorxiv_medrxiv",
   "id": "https://doi.org/10.1101/219246"
}