{
   "sha": "d30eafa5681c635f915178ea70cfb8e1d63a78ed",
   "source_x": "Elsevier",
   "title": "Chapter 15 The international business environment",
   "doi": "10.1016/B978-0-7506-5829-4.50018-X",
   "license": "els-covid",
   "publish_time": "2005-12-31",
   "authors": [
      "Campbell, David",
      "Craig, Tom"
   ],
   "journal": "Organisations and the Business Environment",
   "has_full_text": "True",
   "full_text_file": "custom_license",
   "id": "https://doi.org/10.1016/B978-0-7506-5829-4.50018-X",
   "fhir_link": [
      "PMC/Composition/d30eafa5681c635f915178ea70cfb8e1d63a78ed"
   ]
}