{
   "sha": "a2ab0a998912ed2ec93187333dca03aa22e39a71",
   "source_x": "biorxiv",
   "title": "Profiling the immune vulnerability landscape of the 2019 Novel Coronavirus",
   "doi": "10.1101/2020.02.08.939553",
   "license": "biorxiv",
   "abstract": "The outbreak of the 2019 Novel Coronavirus (2019-nCoV) has rapidly spread from Wuhan, China to multiple countries, causing staggering number of infections and deaths. A systematic profiling of the immune vulnerability landscape of 2019-nCoV is lacking, which can bring critical insights into the immune clearance mechanism, peptide vaccine development, and antiviral antibody development. In this study, we predicted the potential of all the 2019-nCoV viral proteins to induce class I and II MHC presentation and form linear antibody epitopes. We showed that the enrichment for T cell and B cell epitopes is not uniform on the viral genome, with several focused regions that generate abundant epitopes and may be more targetable. We showed that genetic variations in 2019-nCoV, though fewer for the moment, already follow the pattern of mutations in related coronaviruses, and could alter the immune vulnerability landscape of this virus, which should be considered in the development of therapies. We create an online database to broadly share our research outcome. Overall, we present an immunological resource for 2019-nCoV that could significantly promote both therapeutic development and mechanistic research.",
   "publish_time": "2020-02-12",
   "authors": [
      "Zhu, J.",
      "Kim, J.",
      "Xiao, X.",
      "Wang, Y.",
      "Luo, D.",
      "Chen, R.",
      "Xu, L.",
      "Zhang, H.",
      "Xiao, G.",
      "Zhan, X.",
      "Wang, T.",
      "Xie, Y."
   ],
   "has_full_text": "True",
   "full_text_file": "biorxiv_medrxiv",
   "id": "https://doi.org/10.1101/2020.02.08.939553",
   "fhir_link": [
      "bioRxiv-medRxiv/Composition/a2ab0a998912ed2ec93187333dca03aa22e39a71"
   ]
}