{
   "sha": "28884786bfd579216f563c278e1730290dd4ccb8",
   "source_x": "biorxiv",
   "title": "Nucleotide Analogues as Inhibitors of SARS-CoV Polymerase",
   "doi": "10.1101/2020.03.12.989186",
   "license": "biorxiv",
   "abstract": "SummarySARS-CoV-2, a member of the coronavirus family, has caused a global public health emergency.1 Based on our analysis of hepatitis C virus and coronavirus replication, and the molecular structures and activities of viral inhibitors, we previously reasoned that the FDA-approved heptatitis C drug EPCLUSA (Sofosbuvir/Velpatasvir) should inhibit coronaviruses, including SARS-CoV-2.2 Here, using model polymerase extension experiments, we demonstrate that the activated triphosphate form of Sofosbuvir is incorporated by low-fidelity polymerases and SARS-CoV RNA-dependent RNA polymerase (RdRp), and blocks further incorporation by these polymerases; the activated triphosphate form of Sofosbuvir is not incorporated by a host-like high-fidelity DNA polymerase. Using the same molecular insight, we selected two other anti-viral agents, Alovudine and AZT (an FDA approved HIV/AIDS drug) for evaluation as inhibitors of SARS-CoV RdRp. We demonstrate the ability of two HIV reverse transcriptase inhibitors, 3\u2019-fluoro-3\u2019-deoxythymidine triphosphate and 3\u2019-azido-3\u2019-deoxythymidine triphosphate (the active triphosphate forms of Alovudine and AZT), to be incorporated by SARS-CoV RdRp where they also terminate further polymerase extension. Given the 98% amino acid similarity of the SARS-CoV and SARS-CoV-2 RdRps, we expect these nucleotide analogues would also inhibit the SARS-CoV-2 polymerase. These results offer guidance to further modify these nucleotide analogues to generate more potent broad-spectrum anti-coronavirus agents.",
   "publish_time": "2020-03-14",
   "authors": [
      "Jingyue Ju",
      "Xiaoxu Li",
      "Shiv Kumar",
      "Steffen Jockusch",
      "Minchen Chien",
      "Chuanjuan Tao",
      "Irina Morozova",
      "Sergey Kalachikov",
      "Robert N. Kirchdoerfer",
      "James J. Russo"
   ],
   "has_full_text": "True",
   "full_text_file": "biorxiv_medrxiv",
   "id": "https://doi.org/10.1101/2020.03.12.989186",
   "fhir_link": [
      "bioRxiv-medRxiv/Composition/28884786bfd579216f563c278e1730290dd4ccb8"
   ]
}