{
   "sha": "164b0678afc42f1923aa100b624ca969a53fb3b2",
   "source_x": "medrxiv",
   "title": "Forecasting the Wuhan coronavirus (2019-nCoV) epidemics using a simple (simplistic) model - update (Feb. 8, 2020)",
   "doi": "10.1101/2020.02.04.20020461",
   "license": "medrvix",
   "abstract": "Confirmed infection cases in mainland China were analyzed using the data up to January 28, 2020 (first 13 days of reliable confirmed cases). For the first period the cumulative number of cases followed an exponential function. However, from January 28, we discerned a downward deviation from the exponential growth. This slower-than-exponential growth was also confirmed by a steady decline of the effective reproduction number. A backtrend analysis suggested the original basic reproduction number R0 to be about 2.4 to 2.5. As data become available, we subsequently analyzed them during three consecutive periods obtaining a sequence of model predictions. All available data up were processed the same way. We used a simple logistic growth model that fitted very well with all data. Using this model and the three sets of data, we estimated maximum cases as about 21,000, 28,000 and 35,000 cases refining these predictions in near-real time. With slightly different approach (linearization in time) the estimate of maximum cases was even higher (about 65,000). Although the estimates of maximum cases increase as more data were reported all models show reaching a peak in mid-February in contrast to the unconfined exponential growth. These predictions do not account for any possible other secondary sources of infection.",
   "publish_time": "2020-02-05",
   "authors": [
      "Slav W Hermanowicz"
   ],
   "has_full_text": "True",
   "full_text_file": "biorxiv_medrxiv",
   "id": "https://doi.org/10.1101/2020.02.04.20020461",
   "fhir_link": [
      "bioRxiv-medRxiv/Composition/164b0678afc42f1923aa100b624ca969a53fb3b2"
   ]
}