{
   "sha": "29b3eaeacecf2bfc95b9a493dbb1ba4b2323dd46",
   "source_x": "medrxiv",
   "title": "Adjusted age-specific case fatality ratio during the COVID-19 epidemic in Hubei, China, January and February 2020",
   "doi": "10.1101/2020.03.04.20031104",
   "license": "medrvix",
   "abstract": "The coronavirus disease 2019 (COVID-19) epidemic that originated in Wuhan, China has spread to more than 60 countries. We estimated the age-specific case fatality ratio (CFR) by fitting a transmission model to data from China, accounting for underreporting of cases and the time delay to death. Overall CFR among all infections was 1.6% (1.4-1.8%) and increased considerably for the elderly, highlighting the expected burden for populations with further expansion of the COVID-19 epidemic around the globe.",
   "publish_time": "2020-03-06",
   "authors": [
      "Julien Riou",
      "Anthony Hauser",
      "Michel J Counotte",
      "Christian L Althaus"
   ],
   "has_full_text": "True",
   "full_text_file": "biorxiv_medrxiv",
   "id": "https://doi.org/10.1101/2020.03.04.20031104",
   "fhir_link": [
      "bioRxiv-medRxiv/Composition/29b3eaeacecf2bfc95b9a493dbb1ba4b2323dd46"
   ]
}