{
   "sha": "f08249cbb9bdfc3b7f103470537a52190c81b974",
   "source_x": "medrxiv",
   "title": "Blood single cell immune profiling reveals the interferon-MAPK pathway mediated adaptive immune response for COVID-19",
   "doi": "10.1101/2020.03.15.20033472",
   "license": "medrvix",
   "abstract": "The coronavirus disease 2019 (COVID-19) outbreak is an ongoing global health emergence, but the pathogenesis remains unclear. We revealed blood cell immune response profiles using 5' mRNA, TCR and BCR V(D)J transcriptome analysis with single-cell resolution. Data from 134,620 PBMCs and 83,387 TCR and 12,601 BCR clones was obtained, and 56 blood cell subtypes and 23 new cell marker genes were identified from 16 participants. The number of specific subtypes of immune cells changed significantly when compared patients with controls. Activation of the interferon-MAPK pathway is the major defense mechanism, but MAPK transcription signaling is inhibited in cured patients. TCR and BCR V(D)J recombination is highly diverse in generating different antibodies against SARS-CoV-2. Therefore, the interferon-MAPK pathway and TCR- and BCR-produced antibodies play important roles in the COVID-19 immune response. Immune deficiency or immune over-response may result in the condition of patients with COVID-19 becoming critical or severe.",
   "publish_time": "2020-03-17",
   "authors": [
      "Lulin Huang",
      "Yi Shi",
      "Bo Gong",
      "Li Jiang",
      "Xiaoqi Liu",
      "Jialiang Yang",
      "Juan Tang",
      "Chunfang You",
      "Qi Jiang",
      "Bo Long",
      "Tao Zeng",
      "Mei Luo",
      "Fanwei Zeng",
      "Fanxin Zeng",
      "Shuqiang Wang",
      "Xingxiang Yang",
      "Zhenglin Yang"
   ],
   "has_full_text": "True",
   "full_text_file": "biorxiv_medrxiv",
   "id": "https://doi.org/10.1101/2020.03.15.20033472",
   "fhir_link": [
      "bioRxiv-medRxiv/Composition/f08249cbb9bdfc3b7f103470537a52190c81b974"
   ]
}