{
   "sha": "ee13a8332bcf2df6a68e2190a337a0cbaa161281",
   "source_x": "PMC",
   "title": "Variation in DNA-Damage Responses to an Inhalational Carcinogen (1,3-Butadiene) in Relation to Strain-Specific Differences in Chromatin Accessibility and Gene Transcription Profiles in C57BL/6J and CAST/EiJ Mice",
   "doi": "10.1289/EHP1937",
   "pmcid": "PMC5944832",
   "pubmed_id": "29038090",
   "license": "no-cc",
   "abstract": "BACKGROUND: The damaging effects of exposure to environmental toxicants differentially affect genetically distinct individuals, but the mechanisms contributing to these differences are poorly understood. Genetic variation affects the establishment of the gene regulatory landscape and thus gene expression, and we hypothesized that this contributes to the observed heterogeneity in individual responses to exogenous cellular insults. OBJECTIVES: We performed an in vivo study of how genetic variation and chromatin organization may dictate susceptibility to DNA damage, and influence the cellular response to such damage, caused by an environmental toxicant. MATERIALS AND METHODS: We measured DNA damage, messenger RNA (mRNA) and microRNA (miRNA) expression, and genome-wide chromatin accessibility in lung tissue from two genetically divergent inbred mouse strains, C57BL/6J and CAST/EiJ, both in unexposed mice and in mice exposed to a model DNA-damaging chemical, 1,3-butadiene. RESULTS: Our results showed that unexposed CAST/EiJ and C57BL/6J mice have very different chromatin organization and transcription profiles in the lung. Importantly, in unexposed CAST/EiJ mice, which acquired relatively less 1,3-butadiene-induced DNA damage, we observed increased transcription and a more accessible chromatin landscape around genes involved in detoxification pathways. Upon chemical exposure, chromatin was significantly remodeled in the lung of C57BL/6J mice, a strain that acquired higher levels of 1,3-butadiene\u2013induced DNA damage, around the same genes, ultimately resembling the molecular profile of CAST/EiJ. CONCLUSIONS: These results suggest that strain-specific changes in chromatin and transcription in response to chemical exposure lead to a \u201ccompensation\u201d for underlying genetic-driven interindividual differences in the baseline chromatin and transcriptional state. This work represents an example of how chemical and environmental exposures can be evaluated to better understand gene-by-environment interactions, and it demonstrates the important role of chromatin response in transcriptomic changes and, potentially, in deleterious effects of exposure. https://doi.org/10.1289/EHP1937",
   "publish_time": "2017 Oct 16",
   "authors": [
      "Chappell, Grace A.",
      "Israel, Jennifer W.",
      "Simon, Jeremy M.",
      "Pott, Sebastian",
      "Safi, Alexias",
      "Eklund, Karl",
      "Sexton, Kenneth G.",
      "Bodnar, Wanda",
      "Lieb, Jason D.",
      "Crawford, Gregory E.",
      "Rusyn, Ivan",
      "Furey, Terrence S."
   ],
   "journal": "Environ Health Perspect",
   "has_full_text": "True",
   "full_text_file": "custom_license",
   "id": "https://doi.org/10.1289/EHP1937",
   "pubtator": "PMC5944832",
   "fhir_link": [
      "PMC/Composition/ee13a8332bcf2df6a68e2190a337a0cbaa161281"
   ]
}