{
   "sha": "702157bbe24c5eca7ab92f90cd717c3e56aa6ccf; 1af9746ea8f584f3f58da4f59d6dba8185f8be4b",
   "source_x": "PMC",
   "title": "Building Ventilation as an Effective Disease Intervention Strategy in a Dense Indoor Contact Network in an Ideal City",
   "doi": "10.1371/journal.pone.0162481",
   "pmcid": "PMC5017609",
   "pubmed_id": "27611368",
   "license": "cc-by",
   "abstract": "Emerging diseases may spread rapidly through dense and large urban contact networks, especially they are transmitted by the airborne route, before new vaccines can be made available. Airborne diseases may spread rapidly as people visit different indoor environments and are in frequent contact with others. We constructed a simple indoor contact model for an ideal city with 7 million people and 3 million indoor spaces, and estimated the probability and duration of contact between any two individuals during one day. To do this, we used data from actual censuses, social behavior surveys, building surveys, and ventilation measurements in Hong Kong to define eight population groups and seven indoor location groups. Our indoor contact model was integrated with an existing epidemiological Susceptible, Exposed, Infectious, and Recovered (SEIR) model to estimate disease spread and with the Wells-Riley equation to calculate local infection risks, resulting in an integrated indoor transmission network model. This model was used to estimate the probability of an infected individual infecting others in the city and to study the disease transmission dynamics. We predicted the infection probability of each sub-population under different ventilation systems in each location type in the case of a hypothetical airborne disease outbreak, which is assumed to have the same natural history and infectiousness as smallpox. We compared the effectiveness of controlling ventilation in each location type with other intervention strategies. We conclude that increasing building ventilation rates using methods such as natural ventilation in classrooms, offices, and homes is a relatively effective strategy for airborne diseases in a large city.",
   "publish_time": "2016 Sep 9",
   "authors": [
      "Gao, Xiaolei",
      "Wei, Jianjian",
      "Lei, Hao",
      "Xu, Pengcheng",
      "Cowling, Benjamin J.",
      "Li, Yuguo"
   ],
   "journal": "PLoS One",
   "has_full_text": "True",
   "full_text_file": "comm_use_subset",
   "id": "https://doi.org/10.1371/journal.pone.0162481",
   "pubtator": "PMC5017609",
   "fhir_link": [
      "Commercial/Composition/702157bbe24c5eca7ab92f90cd717c3e56aa6ccf",
      "Commercial/Composition/1af9746ea8f584f3f58da4f59d6dba8185f8be4b"
   ]
}