{
   "sha": "054831a6a11886b5ad44cac71d17e367721a2b5b",
   "source_x": "PMC",
   "title": "Quantitative Proteomic Analysis of A549 Cells Infected with Human Respiratory Syncytial Virus",
   "doi": "10.1074/mcp.M110.001859",
   "pmcid": "PMC2984239",
   "pubmed_id": "20647383",
   "license": "cc-by-nc",
   "abstract": "Human respiratory syncytial virus (HRSV) is a major cause of pediatric lower respiratory tract disease to which there is no vaccine or efficacious chemotherapeutic strategy. Although RNA synthesis and virus assembly occur in the cytoplasm, HRSV is known to induce nuclear responses in the host cell as replication alters global gene expression. Quantitative proteomics was used to take an unbiased overview of the protein changes in transformed human alveolar basal epithelial cells infected with HRSV. Underpinning this was the use of stable isotope labeling with amino acids in cell culture coupled to LC-MS/MS, which allowed the direct and simultaneous identification and quantification of both cellular and viral proteins. To reduce sample complexity and increase data return on potential protein localization, cells were fractionated into nuclear and cytoplasmic extracts. This resulted in the identification of 1,140 cellular proteins and six viral proteins. The proteomics data were analyzed using Ingenuity Pathways Analysis to identify defined canonical pathways and functional groupings. Selected data were validated using Western blot, direct and indirect immunofluorescence confocal microscopy, and functional assays. The study served to validate and expand upon known HRSV-host cell interactions, including those associated with the antiviral response and alterations in subnuclear structures such as the nucleolus and ND10 (promyelocytic leukemia bodies). In addition, novel changes were observed in mitochondrial proteins and functions, cell cycle regulatory molecules, nuclear pore complex proteins and nucleocytoplasmic trafficking proteins. These data shed light into how the cell is potentially altered to create conditions more favorable for infection. Additionally, the study highlights the application and advantage of stable isotope labeling with amino acids in cell culture coupled to LC-MS/MS for the analysis of virus-host interactions.",
   "publish_time": "2010 Nov 20",
   "authors": [
      "Munday, Diane C.",
      "Emmott, Edward",
      "Surtees, Rebecca",
      "Lardeau, Charles-Hugues",
      "Wu, Weining",
      "Duprex, W. Paul",
      "Dove, Brian K.",
      "Barr, John N.",
      "Hiscox, Julian A."
   ],
   "journal": "Mol Cell Proteomics",
   "has_full_text": "True",
   "full_text_file": "noncomm_use_subset",
   "id": "https://doi.org/10.1074/mcp.M110.001859",
   "pubtator": "PMC2984239",
   "fhir_link": [
      "Non-comercial/Composition/054831a6a11886b5ad44cac71d17e367721a2b5b"
   ]
}