{
   "sha": "5bc64dd87cf5c7502eb06d534d15d718c6c02214; d58be1bc0e9893f61c4fb1f2fa632821ecfac98d",
   "source_x": "PMC",
   "title": "Influenza C Virus in Cattle with Respiratory Disease, United States, 2016\u20132018",
   "doi": "10.3201/eid2410.180589",
   "pmcid": "PMC6154146",
   "pubmed_id": "30226175",
   "license": "no-cc",
   "abstract": "We identified influenza C virus (ICV) in samples from US cattle with bovine respiratory disease through real-time PCR testing and sequencing. Bovine ICV isolates had high nucleotide identities (\u224898%) with each other and were closely related to human ICV strains (\u224895%). Further research is needed to determine bovine ICV\u2019s zoonotic potential.",
   "publish_time": "2018 Oct",
   "authors": [
      "Zhang, Hewei",
      "Porter, Elizabeth",
      "Lohman, Molly",
      "Lu, Nanyan",
      "Peddireddi, Lalitha",
      "Hanzlicek, Gregg",
      "Marthaler, Douglas",
      "Liu, Xuming",
      "Bai, Jianfa"
   ],
   "journal": "Emerg Infect Dis",
   "has_full_text": "True",
   "full_text_file": "custom_license",
   "id": "https://doi.org/10.3201/eid2410.180589",
   "pubtator": "PMC6154146",
   "fhir_link": [
      "PMC/Composition/5bc64dd87cf5c7502eb06d534d15d718c6c02214",
      "PMC/Composition/d58be1bc0e9893f61c4fb1f2fa632821ecfac98d"
   ]
}