{
   "sha": "74b141879daa45d7c9209440a67cf8ea042ad52b",
   "source_x": "Elsevier",
   "title": "Recent advances involving the renin\u2013angiotensin system",
   "doi": "10.1016/j.yexcr.2012.02.023",
   "pmcid": "PMC3625040",
   "license": "els-covid",
   "abstract": "Abstract The renin\u2013angiotensin system (RAS) exercises fundamental control over sodium and water handling in the kidney. Accordingly, dysregulation of the RAS leads to blood pressure elevation with ensuing renal and cardiovascular damage. Recent studies have revealed that the RAS hormonal cascade is more complex than initially posited with multiple enzymes, effector molecules, and receptors that coordinately regulate the effects of the RAS on the kidney and vasculature. Moreover, recently identified tissue-specific RAS components have pleomorphic effects independent of the circulating RAS that influence critical homeostatic mechanisms including the immune response and fetal development. Further characterization of the diverse interactions between the RAS and other signaling pathways within specific tissues should lead to novel treatments for renal and cardiovascular disease.",
   "publish_time": "2012-05-15",
   "authors": [
      "Crowley, Steven D.",
      "Coffman, Thomas M."
   ],
   "journal": "Experimental Cell Research",
   "has_full_text": "True",
   "full_text_file": "custom_license",
   "id": "https://doi.org/10.1016/j.yexcr.2012.02.023",
   "pubtator": "PMC3625040",
   "fhir_link": [
      "PMC/Composition/74b141879daa45d7c9209440a67cf8ea042ad52b"
   ]
}