{
   "sha": "61610467351ceab87933d94e3c6e487654d316a8; 7db910e35a0a22ccef05b0a5b4c9789acfef2daa",
   "source_x": "PMC",
   "title": "Evolution of Viral Proteins Originated De Novo by Overprinting",
   "doi": "10.1093/molbev/mss179",
   "pmcid": "PMC3494269",
   "pubmed_id": "22821011",
   "license": "cc-by-nc",
   "abstract": "New protein-coding genes can originate either through modification of existing genes or de novo. Recently, the importance of de novo origination has been recognized in eukaryotes, although eukaryotic genes originated de novo are relatively rare and difficult to identify. In contrast, viruses contain many de novo genes, namely those in which an existing gene has been \u201coverprinted\u201d by a new open reading frame, a process that generates a new protein-coding gene overlapping the ancestral gene. We analyzed the evolution of 12 experimentally validated viral genes that originated de novo and estimated their relative ages. We found that young de novo genes have a different codon usage from the rest of the genome. They evolve rapidly and are under positive or weak purifying selection. Thus, young de novo genes might have strain-specific functions, or no function, and would be difficult to detect using current genome annotation methods that rely on the sequence signature of purifying selection. In contrast to young de novo genes, older de novo genes have a codon usage that is similar to the rest of the genome. They evolve slowly and are under stronger purifying selection. Some of the oldest de novo genes evolve under stronger selection pressure than the ancestral gene they overlap, suggesting an evolutionary tug of war between the ancestral and the de novo gene.",
   "publish_time": "2012 Dec 19",
   "authors": [
      "Sabath, Niv",
      "Wagner, Andreas",
      "Karlin, David"
   ],
   "journal": "Mol Biol Evol",
   "has_full_text": "True",
   "full_text_file": "noncomm_use_subset",
   "id": "https://doi.org/10.1093/molbev/mss179",
   "pubtator": "PMC3494269",
   "fhir_link": [
      "Non-comercial/Composition/61610467351ceab87933d94e3c6e487654d316a8",
      "Non-comercial/Composition/7db910e35a0a22ccef05b0a5b4c9789acfef2daa"
   ]
}