{
   "sha": "794b9541d676d262ebca65c8b3f1d7ca64d4441f",
   "source_x": "PMC",
   "title": "Molecular epidemiology of respiratory viruses in virus-induced asthma",
   "doi": "http://dx.doi.org/10.3389/fmicb.2013.00278",
   "pmcid": "PMC3771312",
   "pubmed_id": "24062735",
   "license": "CC BY",
   "abstract": "Acute respiratory illness (ARI) due to various viruses is not only the most common cause of upper respiratory infection in humans but is also a major cause of morbidity and mortality, leading to diseases such as bronchiolitis and pneumonia. Previous studies have shown that respiratory syncytial virus (RSV), human rhinovirus (HRV), human metapneumovirus (HMPV), human parainfluenza virus (HPIV), and human enterovirus infections may be associated with virus-induced asthma. For example, it has been suggested that HRV infection is detected in the acute exacerbation of asthma and infection is prolonged. Thus it is believed that the main etiological cause of asthma is ARI viruses. Furthermore, the number of asthma patients in most industrial countries has greatly increased, resulting in a morbidity rate of around 10-15% of the population. However, the relationships between viral infections, host immune response, and host factors in the pathophysiology of asthma remain unclear. To gain a better understanding of the epidemiology of virus-induced asthma, it is important to assess both the characteristics of the viruses and the host defense mechanisms. Molecular epidemiology enables us to understand the pathogenesis of microorganisms by identifying specific pathways, molecules, and genes that influence the risk of developing a disease. However, the epidemiology of various respiratory viruses associated with virus-induced asthma is not fully understood. Therefore, in this article, we review molecular epidemiological studies of RSV, HRV, HPIV, and HMPV infection associated with virus-induced asthma.",
   "publish_time": "2013 Sep 12",
   "authors": [
      "['Tsukagoshi, Hiroyuki', 'Ishioka, Taisei', 'Noda, Masahiro', 'Kozawa, Kunihisa', 'Kimura, Hirokazu']"
   ],
   "journal": "Front Microbiol",
   "has_full_text": "True",
   "id": "794b9541d676d262ebca65c8b3f1d7ca64d4441f",
   "fhir_link": "Commercial/Composition/794b9541d676d262ebca65c8b3f1d7ca64d4441f"
}