{
   "sha": "402334dfcf4430553c3f99a5bbe869a3882c1d97",
   "source_x": "PMC",
   "title": "Porcine CD8\u03b1(dim/-)NKp46(high) NK cells are in a highly activated state",
   "doi": "10.1186/1297-9716-44-13",
   "pmcid": "PMC3599810",
   "pubmed_id": "23452562",
   "license": "cc-by",
   "abstract": "Natural Killer (NK) cells play a crucial role in the early phase of immune responses against various pathogens. In swine so far only little information about this lymphocyte population exists. Phenotypical analyses with newly developed monoclonal antibodies (mAbs) against porcine NKp46 recently revealed that in blood NKp46(-) and NKp46(+) cells with NK phenotype exist with comparable cytotoxic properties. In spleen a third NKp46-defined population with NK phenotype was observed that was characterised by a low to negative CD8\u03b1 and increased NKp46 expression. In the current study it is shown that this NKp46(high) phenotype was correlated with an increased expression of CD16 and CD27 compared to the CD8\u03b1(+)NKp46(-) and NKp46(+) NK-cell subsets in spleen and blood. Additionally NKp46(high) NK cells expressed elevated levels of the chemokine receptor CXCR3 on mRNA level. Functional analyses revealed that splenic NKp46(high) NK cells produced much higher levels of Interferon-\u03b3 and Tumor Necrosis Factor-\u03b1 upon stimulation with cytokines or phorbol-12-myristate-13-acetate/Ionomycin compared to the other two subsets. Furthermore, cross-linking of NKp46 by NKp46-specific mAbs led to a superior CD107a expression in the NKp46(high) NK cells, thus indicating a higher cytolytic capacity of this subset. Therefore porcine splenic NKp46(high) NK cells represent a highly activated subset of NK cells and may play a profound role in the immune surveillance of this organ.",
   "publish_time": "2013 Mar 1",
   "authors": [
      "Mair, Kerstin H",
      "M\u00fcllebner, Andrea",
      "Essler, Sabine E",
      "Duvigneau, J Catharina",
      "Storset, Anne K",
      "Saalm\u00fcller, Armin",
      "Gerner, Wilhelm"
   ],
   "journal": "Vet Res",
   "has_full_text": "True",
   "full_text_file": "comm_use_subset",
   "id": "https://doi.org/10.1186/1297-9716-44-13",
   "pubtator": "PMC3599810",
   "fhir_link": [
      "Commercial/Composition/402334dfcf4430553c3f99a5bbe869a3882c1d97"
   ]
}