{
   "sha": "ad0d3c262412a85fc363d0d3aa42f2485c73a2b9; cdf5579d820bb3154dc31e2d72bce2fe3f39b1bf; 30d216d33a2ead14fe0230f40fd76f6ae2d3b79c",
   "source_x": "PMC",
   "title": "Alignment-free method for DNA sequence clustering using Fuzzy integral similarity",
   "doi": "10.1038/s41598-019-40452-6",
   "pmcid": "PMC6403383",
   "pubmed_id": "30842590",
   "license": "cc-by",
   "abstract": "A larger amount of sequence data in private and public databases produced by next-generation sequencing put new challenges due to limitation associated with the alignment-based method for sequence comparison. So, there is a high need for faster sequence analysis algorithms. In this study, we developed an alignment-free algorithm for faster sequence analysis. The novelty of our approach is the inclusion of fuzzy integral with Markov chain for sequence analysis in the alignment-free model. The method estimate the parameters of a Markov chain by considering the frequencies of occurrence of all possible nucleotide pairs from each DNA sequence. These estimated Markov chain parameters were used to calculate similarity among all pairwise combinations of DNA sequences based on a fuzzy integral algorithm. This matrix is used as an input for the neighbor program in the PHYLIP package for phylogenetic tree construction. Our method was tested on eight benchmark datasets and on in-house generated datasets (18 s rDNA sequences from 11 arbuscular mycorrhizal fungi (AMF) and 16 s rDNA sequences of 40 bacterial isolates from plant interior). The results indicate that the fuzzy integral algorithm is an efficient and feasible alignment-free method for sequence analysis on the genomic scale.",
   "publish_time": "2019 Mar 6",
   "authors": [
      "Saw, Ajay Kumar",
      "Raj, Garima",
      "Das, Manashi",
      "Talukdar, Narayan Chandra",
      "Tripathy, Binod Chandra",
      "Nandi, Soumyadeep"
   ],
   "journal": "Sci Rep",
   "has_full_text": "True",
   "full_text_file": "comm_use_subset",
   "id": "https://doi.org/10.1038/s41598-019-40452-6",
   "pubtator": "PMC6403383",
   "fhir_link": [
      "Commercial/Composition/ad0d3c262412a85fc363d0d3aa42f2485c73a2b9",
      "Commercial/Composition/cdf5579d820bb3154dc31e2d72bce2fe3f39b1bf",
      "Commercial/Composition/30d216d33a2ead14fe0230f40fd76f6ae2d3b79c"
   ]
}