{
   "sha": "ae0b9375dd56b6338cb63a3b5857e4125f5edf41; 1f2bbc79b56c51c0ae26ced2d7d8ccf10360fa72",
   "source_x": "PMC",
   "title": "Ribonuclease L and metal-ion\u2013independent endoribonuclease cleavage sites in host and viral RNAs",
   "doi": "10.1093/nar/gku118",
   "pmcid": "PMC4005677",
   "pubmed_id": "24500209",
   "license": "cc-by",
   "abstract": "Ribonuclease L (RNase L) is a metal-ion\u2013independent endoribonuclease associated with antiviral and antibacterial defense, cancer and lifespan. Despite the biological significance of RNase L, the RNAs cleaved by this enzyme are poorly defined. In this study, we used deep sequencing methods to reveal the frequency and location of RNase L cleavage sites within host and viral RNAs. To make cDNA libraries, we exploited the 2\u2032, 3\u2032-cyclic phosphate at the end of RNA fragments produced by RNase L and other metal-ion\u2013independent endoribonucleases. We optimized and validated 2\u2032, 3\u2032-cyclic phosphate cDNA synthesis and Illumina sequencing methods using viral RNAs cleaved with purified RNase L, viral RNAs cleaved with purified RNase A and RNA from uninfected and poliovirus-infected HeLa cells. Using these methods, we identified (i) discrete regions of hepatitis C virus and poliovirus RNA genomes that were profoundly susceptible to RNase L and other single-strand specific endoribonucleases, (ii) RNase L-dependent and RNase L-independent cleavage sites within ribosomal RNAs (rRNAs) and (iii) 2\u2032, 3\u2032-cyclic phosphates at the ends of 5S rRNA and U6 snRNA. Monitoring the frequency and location of metal-ion\u2013independent endoribonuclease cleavage sites within host and viral RNAs reveals, in part, how these enzymes contribute to health and disease.",
   "publish_time": "2014 Apr 5",
   "authors": [
      "Cooper, Daphne A.",
      "Jha, Babal K.",
      "Silverman, Robert H.",
      "Hesselberth, Jay R.",
      "Barton, David J."
   ],
   "journal": "Nucleic Acids Res",
   "has_full_text": "True",
   "full_text_file": "comm_use_subset",
   "id": "https://doi.org/10.1093/nar/gku118",
   "pubtator": "PMC4005677",
   "fhir_link": [
      "Commercial/Composition/ae0b9375dd56b6338cb63a3b5857e4125f5edf41",
      "Commercial/Composition/1f2bbc79b56c51c0ae26ced2d7d8ccf10360fa72"
   ]
}