{
   "sha": "bc79390fc65d956294ea99c9e97bbd1ba4596999",
   "source_x": "Elsevier",
   "title": "Community pharmacist in public health emergencies: Quick to action against the coronavirus 2019-nCoV outbreak",
   "doi": "10.1016/j.sapharm.2020.02.003",
   "license": "els-covid",
   "abstract": "Abstract The 2019-nCoV infection that is caused by a novel strain of coronavirus was first detected in China in the end of December 2019 and declared a public health emergency of international concern by the World Health Organization on January 30, 2020. Community pharmacists in one of the first areas that had confirmed cases of the viral infection, Macau, joined the collaborative force in supporting the local health emergency preparedness and response arrangements. This paper aimed to improve the understanding of community pharmacists\u2019 role in case of 2019-CoV outbreak based on the practical experiences in consultation with the recommendations made by the International Pharmaceutical Federation on the Coronavirus 2019-nCoV outbreak.",
   "publish_time": "2020-02-12",
   "authors": [
      "Ung, Carolina Oi Lam"
   ],
   "journal": "Research in Social and Administrative Pharmacy",
   "Microsoft Academic Paper ID": "3005668029",
   "WHO #Covidence": "#762",
   "has_full_text": "True",
   "full_text_file": "custom_license",
   "id": "https://doi.org/10.1016/j.sapharm.2020.02.003",
   "fhir_link": [
      "PMC/Composition/bc79390fc65d956294ea99c9e97bbd1ba4596999"
   ]
}