{
   "sha": "066fef88b0b0d9db3e48192fa13e6665486115bf",
   "source_x": "Elsevier",
   "title": "Chapter 3 Autopsy Biosafety",
   "doi": "10.1016/B978-1-4160-5453-5.00003-3",
   "license": "els-covid",
   "publish_time": "2009-12-31",
   "authors": [
      "Finkbeiner, Walter E.",
      "Ursell, Philip C.",
      "Davis, Richard L.",
      "Connolly, Andrew J."
   ],
   "journal": "Autopsy Pathology",
   "has_full_text": "True",
   "full_text_file": "custom_license",
   "id": "https://doi.org/10.1016/B978-1-4160-5453-5.00003-3",
   "fhir_link": [
      "PMC/Composition/066fef88b0b0d9db3e48192fa13e6665486115bf"
   ]
}