{
   "sha": "0a1c4a187e7e929cdf16ce37e7e475045a9ffab2",
   "source_x": "Elsevier",
   "title": "POLD1: Central mediator of DNA replication and repair, and implication in cancer and other pathologies",
   "doi": "10.1016/j.gene.2016.06.031",
   "pmcid": "PMC4969162",
   "pubmed_id": "27320729",
   "license": "els-covid",
   "abstract": "Abstract The evolutionarily conserved human polymerase delta (POLD1) gene encodes the large p125 subunit which provides the essential catalytic activities of polymerase \u03b4 (Pol\u03b4), mediated by 5\u2032\u20133\u2032 DNA polymerase and 3\u2032\u20135\u2032 exonuclease moieties. POLD1 associates with three smaller subunits (POLD2, POLD3, POLD4), which together with Replication Factor C and Proliferating Nuclear Cell Antigen constitute the polymerase holoenzyme. Pol\u03b4 function is essential for replication, with a primary role as the replicase for the lagging strand. Pol\u03b4 also has an important proofreading ability conferred by the exonuclease activity, which is critical for ensuring replicative fidelity, but also serves to repair DNA lesions arising as a result of exposure to mutagens. Pol\u03b4 has been shown to be important for multiple forms of DNA repair, including nucleotide excision repair, double strand break repair, base excision repair, and mismatch repair. A growing number of studies in the past decade have linked germline and sporadic mutations in POLD1 and the other subunits of Pol\u03b4 with human pathologies. Mutations in Pol\u03b4 in mice and humans lead to genomic instability, mutator phenotype and tumorigenesis. The advent of genome sequencing techniques has identified damaging mutations in the proofreading domain of POLD1 as the underlying cause of some inherited cancers, and suggested that mutations in POLD1 may influence therapeutic management. In addition, mutations in POLD1 have been identified in the developmental disorders of mandibular hypoplasia, deafness, progeroid features and lipodystrophy and atypical Werner syndrome, while changes in expression or activity of POLD1 have been linked to senescence and aging. Intriguingly, some recent evidence suggests that POLD1 function may also be altered in diabetes. We provide an overview of critical Pol\u03b4 activities in the context of these pathologic conditions.",
   "publish_time": "2016-09-15",
   "authors": [
      "Nicolas, Emmanuelle",
      "Golemis, Erica A.",
      "Arora, Sanjeevani"
   ],
   "journal": "Gene",
   "has_full_text": "True",
   "full_text_file": "custom_license",
   "id": "https://doi.org/10.1016/j.gene.2016.06.031",
   "pubtator": "PMC4969162",
   "fhir_link": [
      "PMC/Composition/0a1c4a187e7e929cdf16ce37e7e475045a9ffab2"
   ]
}