{
   "sha": "24f1d3b412c3e8fcbbd6807643cc193ef00b5ed8; d16f97626aabd7b5350d85d8cb07498bf2386a7e",
   "source_x": "PMC",
   "title": "Quantifying the Risk and Cost of Active Monitoring for Infectious Diseases",
   "doi": "10.1038/s41598-018-19406-x",
   "pmcid": "PMC5773605",
   "pubmed_id": "29348656",
   "license": "cc-by",
   "abstract": "During outbreaks of deadly emerging pathogens (e.g., Ebola, MERS-CoV) and bioterror threats (e.g., smallpox), actively monitoring potentially infected individuals aims to limit disease transmission and morbidity. Guidance issued by CDC on active monitoring was a cornerstone of its response to the West Africa Ebola outbreak. There are limited data on how to balance the costs and performance of this important public health activity. We present a framework that estimates the risks and costs of specific durations of active monitoring for pathogens of significant public health concern. We analyze data from New York City\u2019s Ebola active monitoring program over a 16-month period in 2014\u20132016. For monitored individuals, we identified unique durations of active monitoring that minimize expected costs for those at \u201clow (but not zero) risk\u201d and \u201csome or high risk\u201d: 21 and 31 days, respectively. Extending our analysis to smallpox and MERS-CoV, we found that the optimal length of active monitoring relative to the median incubation period was reduced compared to Ebola due to less variable incubation periods. Active monitoring can save lives but is expensive. Resources can be most effectively allocated by using exposure-risk categories to modify the duration or intensity of active monitoring.",
   "publish_time": "2018 Jan 18",
   "authors": [
      "Reich, Nicholas G.",
      "Lessler, Justin",
      "Varma, Jay K.",
      "Vora, Neil M."
   ],
   "journal": "Sci Rep",
   "has_full_text": "True",
   "full_text_file": "comm_use_subset",
   "id": "https://doi.org/10.1038/s41598-018-19406-x",
   "pubtator": "PMC5773605",
   "fhir_link": [
      "Commercial/Composition/24f1d3b412c3e8fcbbd6807643cc193ef00b5ed8",
      "Commercial/Composition/d16f97626aabd7b5350d85d8cb07498bf2386a7e"
   ]
}