{
   "sha": "e00c2c6b0f665650b300157efc46f99c621d190b",
   "source_x": "Elsevier",
   "title": "XMRV as a Human Pathogen?",
   "doi": "10.1016/j.chom.2011.04.001",
   "pmcid": "PMC4551452",
   "license": "els-covid",
   "abstract": "Xenotropic murine leukemia virus-related virus (XMRV) has been proposed to be associated with prostate cancer and chronic fatigue syndrome (CFS). This proposition has been controversial because many investigators have failed to replicate the reported associations. Here, we explore whether XMRV is an authentic human pathogen in the light of recent findings that indicate otherwise.",
   "publish_time": "2011-04-21",
   "authors": [
      "Wainberg, Mark\u00a0A.",
      "Jeang, Kuan-Teh"
   ],
   "journal": "Cell Host & Microbe",
   "has_full_text": "True",
   "full_text_file": "custom_license",
   "id": "https://doi.org/10.1016/j.chom.2011.04.001",
   "pubtator": "PMC4551452",
   "fhir_link": [
      "PMC/Composition/e00c2c6b0f665650b300157efc46f99c621d190b"
   ]
}