{
   "sha": "14c9ca5bf096d03bde8e8ffe88c7419ef5b79b13",
   "source_x": "PMC",
   "title": "KnotInFrame: prediction of \u22121 ribosomal frameshift events",
   "doi": "10.1093/nar/gkn578",
   "pmcid": "PMC2566878",
   "pubmed_id": "18820303",
   "license": "cc-by-nc",
   "abstract": "Programmed \u22121 ribosomal frameshift (\u22121 PRF) allows for alternative reading frames within one mRNA. First found in several viruses, it is now believed to exist in all kingdoms of life. Strong stimulators for \u22121 PRF are a heptameric slippery site and an RNA pseudoknot. Here, we present a new algorithm KnotInFrame, for the automatic detection of \u22121 PRF signals from genomic sequences. It finds the frameshifting stimulators by means of a specialized RNA-pseudoknot folding program, fast enough for genome-wide analyses. Evaluations on known \u22121 PRF signals demonstrate a high sensitivity.",
   "publish_time": "2008 Oct 27",
   "authors": [
      "Theis, Corinna",
      "Reeder, Jens",
      "Giegerich, Robert"
   ],
   "journal": "Nucleic Acids Res",
   "has_full_text": "True",
   "full_text_file": "noncomm_use_subset",
   "id": "https://doi.org/10.1093/nar/gkn578",
   "pubtator": "PMC2566878",
   "fhir_link": [
      "Non-comercial/Composition/14c9ca5bf096d03bde8e8ffe88c7419ef5b79b13"
   ]
}