{
   "sha": "4aa092956fea94f9487d129b4a05a8704b73d0fc",
   "source_x": "PMC",
   "title": "HLA-DMB restricts human T-cell leukemia virus type-1 (HTLV-1) protein expression via regulation of ATG7 acetylation",
   "doi": "10.1038/s41598-017-14882-z",
   "pmcid": "PMC5663917",
   "pubmed_id": "29089548",
   "license": "cc-by",
   "abstract": "The roles of autophagy in viral infection are complicated. While autophagy has been shown to function in host antiviral defense by eliminating intracellular viruses and regulating adaptive immunity, several viruses have evolved molecular mechanisms to get benefits from it. The deltaretrovirus human T-cell leukemia virus type-1 (HTLV-1) has been reported to profit its replication from enhancing autophagosome accumulation. Here, we reported that HLA-DMB (generally referred to here as DMB), the beta chain of the non-classical MHC-II protein HLA-DM, had strong expression in HTLV-1-transformed T-cell lines and could be induced in Hela, PMA-differentiated THP1 (PMA-THP1) or primary human monocytes by HTLV-1 infection. Immunoblot and real-time PCR assays demonstrated that overexpression of DMB decreased HTLV-1 protein expression while the knockdown of DMB increased HTLV-1 protein expression. Immunoblot and confocal microscopy assays indicated that overexpression of DMB decreased HTLV-1 induced autophagosome accumulation while the knockdown of DMB yielded the opposite effects. Coimmunoprecipitation and immunoprecipitation experiments suggested DMB interacted with autophagy-related gene (ATG) 7 and increased the acetylation of ATG7. Taken together, these results suggested DMB modulated HTLV-1 protein expression through regulation of autophagosome accumulation and our findings suggested a new mechanism by which the host cells defended against HTLV-1 infection.",
   "publish_time": "2017 Oct 31",
   "authors": [
      "Wang, Jie",
      "Song, Di",
      "Liu, Yanzi",
      "Lu, Guangjian",
      "Yang, Shuai",
      "Liu, Lu",
      "Gao, Zhitao",
      "Ma, Lingling",
      "Guo, Zhixiang",
      "Zhang, Chenguang",
      "Wang, Hui",
      "Yang, Bo"
   ],
   "journal": "Sci Rep",
   "has_full_text": "True",
   "full_text_file": "comm_use_subset",
   "id": "https://doi.org/10.1038/s41598-017-14882-z",
   "pubtator": "PMC5663917",
   "fhir_link": [
      "Commercial/Composition/4aa092956fea94f9487d129b4a05a8704b73d0fc"
   ]
}