{
   "sha": "5335dd626c2c607a3a6f7abefb0d341f0fd63164",
   "source_x": "PMC",
   "title": "A metaanalysis of bat phylogenetics and positive selection based on genomes and transcriptomes from 18 species",
   "doi": "10.1073/pnas.1814995116",
   "pmcid": "PMC6561249",
   "pubmed_id": "31113885",
   "license": "cc-by-nc-nd",
   "abstract": "Historically, the evolution of bats has been analyzed using a small number of genetic loci for many species or many genetic loci for a few species. Here we present a phylogeny of 18 bat species, each of which is represented in 1,107 orthologous gene alignments used to build the tree. We generated a transcriptome sequence of Hypsignathus monstrosus, the African hammer-headed bat, and additional transcriptome sequence for Rousettus aegyptiacus, the Egyptian fruit bat. We then combined these data with existing genomic and transcriptomic data from 16 other bat species. In the analysis of such datasets, there is no clear consensus on the most reliable computational methods for the curation of quality multiple sequence alignments since these public datasets represent multiple investigators and methods, including different source materials (chromosomal DNA or expressed RNA). Here we lay out a systematic analysis of parameters and produce an advanced pipeline for curating orthologous gene alignments from combined transcriptomic and genomic data, including a software package: the Mismatching Isoform eXon Remover (MIXR). Using this method, we created alignments of 11,677 bat genes, 1,107 of which contain orthologs from all 18 species. Using the orthologous gene alignments created, we assessed bat phylogeny and also performed a holistic analysis of positive selection acting in bat genomes. We found that 181 genes have been subject to positive natural selection. This list is dominated by genes involved in immune responses and genes involved in the production of collagens.",
   "publish_time": "2019 Jun 4",
   "authors": [
      "Hawkins, John A.",
      "Kaczmarek, Maria E.",
      "M\u00fcller, Marcel A.",
      "Drosten, Christian",
      "Press, William H.",
      "Sawyer, Sara L."
   ],
   "journal": "Proc Natl Acad Sci U S A",
   "has_full_text": "True",
   "full_text_file": "noncomm_use_subset",
   "id": "https://doi.org/10.1073/pnas.1814995116",
   "pubtator": "PMC6561249",
   "fhir_link": [
      "Non-comercial/Composition/5335dd626c2c607a3a6f7abefb0d341f0fd63164"
   ]
}