{
   "sha": "8946e4b778ae5312b4db84cd75b68848c39a3a93",
   "source_x": "PMC",
   "title": "The Utility of Preliminary Patient Evaluation in a Febrile Respiratory Infectious Disease Unit outside the Emergency Department",
   "doi": "10.3346/jkms.2017.32.9.1534",
   "pmcid": "PMC5546975",
   "pubmed_id": "28776351",
   "license": "cc-by-nc",
   "abstract": "A febrile respiratory infectious disease unit (FRIDU) with a negative pressure ventilation system was constructed outside the emergency department (ED) of the Samsung Medical Center in 2015, to screen for patients with contagious diseases requiring isolation. We evaluated the utility of the FRIDU during 1 year of operation. We analyzed 1,562 patients who were hospitalized after FRIDU screening between August 2015 and July 2016. The level of isolation recommended during their screening at the FRIDU was compared with the level deemed appropriate given their final diagnosis. Of the 1,562 patients screened at the FRIDU, 198 (13%) were isolated, 194 (12%) were reverse isolated, and 1,170 (75%) were not isolated. While hospitalized, 97 patients (6%) were confirmed to have a contagious disease requiring isolation, such as tuberculosis; 207 patients (13%) were confirmed to be immunocompromised and to require reverse isolation, mainly due to neutropenia; and the remaining 1,258 patients (81%) did not require isolation. The correlation coefficient for isolation consistency was 0.565 (P < 0.001). The sensitivity and negative predictive value of FRIDU screening for diagnosing contagious disease requiring isolation are 76% and 98%, respectively. No serious nosocomial outbreaks of contagious diseases occurred. During FRIDU screening, 114 patients were admitted to the resuscitation zone due to clinical instability, and three of these patients died. The initial isolation levels resulting from FRIDU screening were moderately well correlated with the isolation levels required by the final diagnosis, demonstrating the utility of pre-hospitalization screening units. However, the risks of deterioration during the screening process remain challenges.",
   "publish_time": "2017 Sep 3",
   "authors": [
      "Kang, Jun Sik",
      "Jhun, Byung Woo",
      "Yoon, Hee",
      "Lim, Seong Mi",
      "Ko, Eunsil",
      "Park, Joo Hyun",
      "Hwang, Sung Yeon",
      "Lee, Se Uk",
      "Lee, Tae Rim",
      "Cha, Won Chul",
      "Shin, Tae Gun",
      "Sim, Min Seob",
      "Jo, Ik Joon"
   ],
   "journal": "J Korean Med Sci",
   "has_full_text": "True",
   "full_text_file": "noncomm_use_subset",
   "id": "https://doi.org/10.3346/jkms.2017.32.9.1534",
   "pubtator": "PMC5546975",
   "fhir_link": [
      "Non-comercial/Composition/8946e4b778ae5312b4db84cd75b68848c39a3a93"
   ]
}