{
   "sha": "f6e8b44f19fd28de061592f560371c1a8796dc13",
   "source_x": "Elsevier",
   "title": "Nucleotide-Resolution Profiling of RNA Recombination in the Encapsidated Genome of a Eukaryotic RNA Virus by Next-Generation Sequencing",
   "doi": "10.1016/j.jmb.2012.10.005",
   "pmcid": "PMC3502730",
   "pubmed_id": "23069247",
   "license": "els-covid",
   "abstract": "Abstract Next-generation sequencing has been used in numerous investigations to characterize and quantify the genetic diversity of a virus sample through the mapping of polymorphisms and measurement of mutation frequencies. Next-generation sequencing has also been employed to identify recombination events occurring within the genomes of higher organisms, for example, detecting alternative RNA splicing events and oncogenic chromosomal rearrangements. Here, we combine these two approaches to profile RNA recombination within the encapsidated genome of a eukaryotic RNA virus, flock house virus. We detect hundreds of thousands of recombination events, with single-nucleotide resolution, which result in diversity in the encapsidated genome rivaling that due to mismatch mutation. We detect previously identified defective RNAs as well as many other abundant and novel defective RNAs. Our approach is exceptionally sensitive and unbiased and requires no prior knowledge beyond the virus genome sequence. RNA recombination is a powerful driving force behind the evolution and adaptation of RNA viruses. The strategy implemented here is widely applicable and provides a highly detailed description of the complex mutational landscape of the transmissible viral genome.",
   "publish_time": "2012-12-14",
   "authors": [
      "Routh, Andrew",
      "Ordoukhanian, Phillip",
      "Johnson, John E."
   ],
   "journal": "Journal of Molecular Biology",
   "has_full_text": "True",
   "full_text_file": "custom_license",
   "id": "https://doi.org/10.1016/j.jmb.2012.10.005",
   "pubtator": "PMC3502730",
   "fhir_link": [
      "PMC/Composition/f6e8b44f19fd28de061592f560371c1a8796dc13"
   ]
}