{
   "sha": "3c4f6a15937affaf17af8ba34d069cc71968db53",
   "source_x": "PMC",
   "title": "Design, Synthesis, and Antiviral Activity of Novel Ribonucleosides of 1,2,3\u2010Triazolylbenzyl\u2010aminophosphonates",
   "doi": "10.1002/ardp.201500292",
   "pmcid": "PMC4832832",
   "pubmed_id": "26575425",
   "license": "cc-by-nc-nd",
   "abstract": "A novel series of ribonucleosides of 1,2,3\u2010triazolylbenzyl\u2010aminophosphonates was synthesized through the Kabachnik\u2013Fields reaction using I(2) as catalyst followed by copper\u2010catalyzed cycloaddition of the azide\u2013alkyne reaction (CuAAC). All structures of the newly prepared compounds were characterized by (1)H NMR, (13)C NMR, and HRMS spectra. The structures of 2e, 2f, 3d, and 3g were further confirmed by X\u2010ray diffraction analysis. These compounds were tested against various strains of DNA and RNA viruses; compounds 4b and 4c showed a modest inhibitory activity against respiratory syncytial virus (RSV) and compound 4h displayed modest inhibitory activity against Coxsackie virus B4.",
   "publish_time": "2016 Jan 17",
   "authors": [
      "Ouahrouch, Abdelaaziz",
      "Taourirte, Moha",
      "Schols, Dominique",
      "Snoeck, Robert",
      "Andrei, Graciela",
      "Engels, Joachim W.",
      "Lazrek, Hassan B."
   ],
   "journal": "Arch Pharm (Weinheim)",
   "has_full_text": "True",
   "full_text_file": "noncomm_use_subset",
   "id": "https://doi.org/10.1002/ardp.201500292",
   "pubtator": "PMC4832832",
   "fhir_link": [
      "Non-comercial/Composition/3c4f6a15937affaf17af8ba34d069cc71968db53"
   ]
}