{
   "sha": "bd15a966677353011a4612a91649b11306e87691",
   "source_x": "Elsevier",
   "title": "Timely mental health care for the 2019 novel coronavirus outbreak is urgently needed",
   "doi": "10.1016/S2215-0366(20)30046-8",
   "pubmed_id": "32032543",
   "license": "els-covid",
   "abstract": "The 2019 novel coronavirus (2019-nCoV) pneumonia, believed to have originated in a wet market in Wuhan, Hubei province, China at the end of 2019, has gained intense attention nationwide and globally. To lower the risk of further disease transmission, the authority in Wuhan suspended public transport indefinitely from Jan 23, 2020; similar measures were adopted soon in many other cities in China. As of Jan 25, 2020, 30 Chinese provinces, municipalities, and autonomous regions covering over 1\u00b73 billion people have initiated first-level responses to major public health emergencies. A range of measures has been urgently adopted,1,2 such as early identification and isolation of suspected and diagnosed cases, contact tracing and monitoring, collection of clinical data and biological samples from patients, dissemination of regional and national diagnostic criteria and expert treatment consensus, establishment of isolation units and hospitals, and prompt provision of medical supplies and external expert teams to Hubei province. The emergence of the 2019-nCoV pneumonia has parallels with the 2003 outbreak of severe acute respiratory syndrome (SARS), which was caused by another coronavirus that killed 349 of 5327 patients with confirmed infection in China.3 Although the diseases have different clinical presentations, the infectious cause, epidemiological features, fast transmission pattern, and insufficient preparedness of health authorities to address the outbreaks are similar. So far, mental health care for the patients and health professionals directly affected by the 2019-nCoV epidemic has been under-addressed, although the National Health Commission of China released the notification of basic principles for emergency psychological crisis interventions for the 2019-nCoV pneumonia on Jan 26, 2020. This notification contained a reference to mental health problems and interventions that occurred during the 2003 SARS outbreak, and mentioned that mental health care should be provided for patients with 2019-nCoV pneumonitis, close contacts, suspected cases who are isolated at home, patients in fever clinics, families and friends of affected people, health professionals caring for infected patients, and the public who are in need. To date, epidemiological data on the mental health problems and psychiatric morbidity of those suspected or diagnosed with the 2019-nCoV and their treating health professionals have not been available; therefore how best to respond to challenges during the outbreak is unknown. The observations of mental health consequences and measures taken during the 2003 SARS outbreak could help inform health authorities and the public to provide mental health interventions to those who are in need.",
   "publish_time": "2020-03-31",
   "authors": [
      "Xiang, Yu-Tao",
      "Yang, Yuan",
      "Li, Wen",
      "Zhang, Ling",
      "Zhang, Qinge",
      "Cheung, Teris",
      "Ng, Chee H"
   ],
   "journal": "The Lancet Psychiatry",
   "Microsoft Academic Paper ID": "3004804052",
   "WHO #Covidence": "#207",
   "has_full_text": "True",
   "full_text_file": "custom_license",
   "id": "https://doi.org/10.1016/S2215-0366(20)30046-8",
   "fhir_link": [
      "PMC/Composition/bd15a966677353011a4612a91649b11306e87691"
   ]
}