{
   "sha": "38eee3781e1192464696b9a1164834259214cde9",
   "source_x": "PMC",
   "title": "Calf-Level Factors Associated with Bovine Neonatal Pancytopenia \u2013 A Multi-Country Case-Control Study",
   "doi": "http://dx.doi.org/10.1371/journal.pone.0080619",
   "pmcid": "PMC3846664",
   "pubmed_id": "24312485",
   "license": "CC BY",
   "abstract": "Bovine neonatal pancytopenia (BNP), a high fatality condition causing haemorrhages in calves aged less than 4 weeks, was first reported in 2007 in Germany and subsequently observed at low incidence in other European countries and New Zealand. A multi-country matched case-control study was conducted in 2011 to identify calf-level risk factors for BNP. 405 BNP cases were recruited from 330 farms in Belgium, France, Germany and the Netherlands by laboratory confirmation of farmer-reported cases. Up to four calves of similar age from the same farm were selected as controls (1154 calves). Risk factor data were collected by questionnaire. Multivariable modelling using conditional logistic regression indicated that PregSure\u00aeBVD (PregSure, Pfizer Animal Health) vaccination of the dam was strongly associated with BNP cases (adjusted matched Odds Ratio - amOR 17.8 first lactation dams; 95% confidence interval \u2013 ci 2.4, 134.4; p\u200a=\u200a0.005), and second or more lactation PregSure-vaccinated dams were more likely to have a case than first lactation vaccinated dams (amOR 2.2 second lactation; ci 1.1, 4.3; p\u200a=\u200a0.024; amOR 5.3 third or more lactation; ci 2.9, 9.8; p\u200a=\u200a<0.001). Feeding colostrum from other cows was strongly associated with BNP if the dam was not PregSure-vaccinated (amOR 30.5; ci 2.1, 440.5; p\u200a=\u200a0.012), but the effect was less if the dam was PregSure-vaccinated (amOR 2.1; ci 1.1, 4.0; p\u200a=\u200a0.024). Feeding exclusively dam\u2019s milk was a higher risk than other types of milk (amOR 3.4; ci 1.6, 7.5; p\u200a=\u200a0.002). The population attributable fractions were 0.84 (ci 0.68, 0.92) for PregSure vaccination, 0.13 (ci 0.06, 0.19) for feeding other cows\u2019 colostrum, and 0.15 (ci 0.08, 0.22) for feeding dam\u2019s milk. No other calf-level factors were identified, suggesting that there are other important factors that are outside the scope of this study, such as genetics, which explain why BNP develops in some PregSure-colostrum-exposed calves but not in others.",
   "publish_time": "2013 Dec 2",
   "authors": [
      "['Jones, Bryony A.', 'Sauter-Louis, Carola', 'Henning, Joerg', 'Stoll, Alexander', 'Nielen, Mirjam', 'Van Schaik, Gerdien', 'Smolenaars, Anja', 'Schouten, Matthijs', 'den Uijl, Ingrid', 'Fourichon, Christine', 'Guatteo, Raphael', 'Madouasse, Aur\u00e9lien', 'Nusinovici, Simon', 'Deprez, Piet', 'De Vliegher, Sarne', 'Laureyns, Jozef', 'Booth, Richard', 'Cardwell, Jackie M.', 'Pfeiffer, Dirk U.']"
   ],
   "journal": "PLoS One",
   "has_full_text": "True",
   "id": "38eee3781e1192464696b9a1164834259214cde9",
   "fhir_link": "Commercial/Composition/38eee3781e1192464696b9a1164834259214cde9"
}