{
   "sha": "bbfbefd19c9c471dbacabd1f57124d1ad36f24f5",
   "source_x": "PMC",
   "title": "Selection of Reference Genes for Gene Expression Studies in Porcine Whole Blood and Peripheral Blood Mononuclear Cells under Polyinosinic:Polycytidylic Acid Stimulation",
   "doi": "10.5713/ajas.2013.13471",
   "pmcid": "PMC4093518",
   "pubmed_id": "25049976",
   "license": "cc-by-nc",
   "abstract": "Investigating gene expression of immune cells of whole blood or peripheral blood mononuclear cells (PBMC) under polyinosinic:polycytidylic acid (poly I:C) stimulation is valuable for understanding the immune response of organism to RNA viruses. Quantitative real-time PCR (qRT-PCR) is a standard method for quantification of gene expression studies. However, the reliability of qRT-PCR data critically depends on proper selection of reference genes. In the study, using two different analysis programs, geNorm and NormFinder, we systematically evaluated the gene expression stability of six candidate reference genes (GAPDH, ACTB, B2M, RPL4, TBP, and PPIA) in samples of whole blood and PBMC with or without poly I:C stimulation. Generally, the six candidate genes performed a similar trend of expression stability in the samples of whole blood and PBMC, but more stably expressed in whole blood than in PBMC. geNorm ranked B2M and PPIA as the best combination for gene expression normalization, while according to NormFinder, TBP was ranked as the most stable reference gene, followed by B2M and PPIA. Comprehensively considering the results from the two programs, we recommended using the geometric mean of the three genes, TBP, PPIA and B2M, to normalize the gene expression of whole blood and PBMC with poly I:C stimulation. Our study is the first detailed survey of the gene expression stability in whole blood and PBMC with or without poly I:C stimulation and should be helpful for investigating the molecular mechanism involved in porcine whole blood and PBMC in response to poly I:C stimulation.",
   "publish_time": "2014 Apr",
   "authors": [
      "Wang, Jiying",
      "Wang, Yanping",
      "Wang, Huaizhong",
      "Hao, Xiaojing",
      "Wu, Ying",
      "Guo, Jianfeng"
   ],
   "journal": "Asian-Australas J Anim Sci",
   "has_full_text": "True",
   "full_text_file": "noncomm_use_subset",
   "id": "https://doi.org/10.5713/ajas.2013.13471",
   "pubtator": "PMC4093518",
   "fhir_link": [
      "Non-comercial/Composition/bbfbefd19c9c471dbacabd1f57124d1ad36f24f5"
   ]
}