{
   "sha": "a0016598cd0ea40803d8ab461f4ebdba9abe94c1; d61d66e22524793eb025db202a84eaaae50da2bf",
   "source_x": "PMC",
   "title": "Adaptive Contact Networks Change Effective Disease Infectiousness and Dynamics",
   "doi": "10.1371/journal.pcbi.1000895",
   "pmcid": "PMC2924249",
   "pubmed_id": "20808884",
   "license": "cc-by",
   "abstract": "Human societies are organized in complex webs that are constantly reshaped by a social dynamic which is influenced by the information individuals have about others. Similarly, epidemic spreading may be affected by local information that makes individuals aware of the health status of their social contacts, allowing them to avoid contact with those infected and to remain in touch with the healthy. Here we study disease dynamics in finite populations in which infection occurs along the links of a dynamical contact network whose reshaping may be biased based on each individual's health status. We adopt some of the most widely used epidemiological models, investigating the impact of the reshaping of the contact network on the disease dynamics. We derive analytical results in the limit where network reshaping occurs much faster than disease spreading and demonstrate numerically that this limit extends to a much wider range of time scales than one might anticipate. Specifically, we show that from a population-level description, disease propagation in a quickly adapting network can be formulated equivalently as disease spreading on a well-mixed population but with a rescaled infectiousness. We find that for all models studied here \u2013 SI, SIS and SIR \u2013 the effective infectiousness of a disease depends on the population size, the number of infected in the population, and the capacity of healthy individuals to sever contacts with the infected. Importantly, we indicate how the use of available information hinders disease progression, either by reducing the average time required to eradicate a disease (in case recovery is possible), or by increasing the average time needed for a disease to spread to the entire population (in case recovery or immunity is impossible).",
   "publish_time": "2010 Aug 19",
   "authors": [
      "Van Segbroeck, Sven",
      "Santos, Francisco C.",
      "Pacheco, Jorge M."
   ],
   "journal": "PLoS Comput Biol",
   "has_full_text": "True",
   "full_text_file": "comm_use_subset",
   "id": "https://doi.org/10.1371/journal.pcbi.1000895",
   "pubtator": "PMC2924249",
   "fhir_link": [
      "Commercial/Composition/a0016598cd0ea40803d8ab461f4ebdba9abe94c1",
      "Commercial/Composition/d61d66e22524793eb025db202a84eaaae50da2bf"
   ]
}