{
   "sha": "11f13e2859eb22b349dbef68fd8124b8ba445aac",
   "source_x": "PMC",
   "title": "Initial Public Health Response and Interim Clinical Guidance for the 2019 Novel Coronavirus Outbreak \u2014 United States, December 31, 2019\u2013February 4, 2020",
   "doi": "10.15585/mmwr.mm6905e1",
   "pmcid": "PMC7004396",
   "pubmed_id": "32027631",
   "license": "cc-by",
   "abstract": "On December 31, 2019, Chinese health officials reported a cluster of cases of acute respiratory illness in persons associated with the Hunan seafood and animal market in the city of Wuhan, Hubei Province, in central China. On January 7, 2020, Chinese health officials confirmed that a novel coronavirus (2019-nCoV) was associated with this initial cluster (1). As of February 4, 2020, a total of 20,471 confirmed cases, including 2,788 (13.6%) with severe illness,* and 425 deaths (2.1%) had been reported by the National Health Commission of China (2). Cases have also been reported in 26 locations outside of mainland China, including documentation of some person-to-person transmission and one death (2). As of February 4, 11 cases had been reported in the United States. On January 30, the World Health Organization (WHO) Director-General declared that the 2019-nCoV outbreak constitutes a Public Health Emergency of International Concern.(\u2020) On January 31, the U.S. Department of Health and Human Services (HHS) Secretary declared a U.S. public health emergency to respond to 2019-nCoV.(\u00a7) Also on January 31, the president of the United States signed a \"Proclamation on Suspension of Entry as Immigrants and Nonimmigrants of Persons who Pose a Risk of Transmitting 2019 Novel Coronavirus,\" which limits entry into the United States of persons who traveled to mainland China to U.S. citizens and lawful permanent residents and their families (3). CDC, multiple other federal agencies, state and local health departments, and other partners are implementing aggressive measures to slow transmission of 2019-nCoV in the United States (4,5). These measures require the identification of cases and their contacts in the United States and the appropriate assessment and care of travelers arriving from mainland China to the United States. These measures are being implemented in anticipation of additional 2019-nCoV cases in the United States. Although these measures might not prevent the eventual establishment of ongoing, widespread transmission of the virus in the United States, they are being implemented to 1) slow the spread of illness; 2) provide time to better prepare health care systems and the general public to be ready if widespread transmission with substantial associated illness occurs; and 3) better characterize 2019-nCoV infection to guide public health recommendations and the development of medical countermeasures including diagnostics, therapeutics, and vaccines. Public health authorities are monitoring the situation closely. As more is learned about this novel virus and this outbreak, CDC will rapidly incorporate new knowledge into guidance for action by CDC and state and local health departments.",
   "publish_time": "2020 Feb 7",
   "authors": [
      "Patel, Anita",
      "Jernigan, Daniel B.",
      "Abdirizak, Fatuma",
      "Abedi, Glen",
      "Aggarwal, Sharad",
      "Albina, Denise",
      "Allen, Elizabeth",
      "Andersen, Lauren",
      "Anderson, Jade",
      "Anderson, Megan",
      "Anderson, Tara",
      "Anderson, Kayla",
      "Bardossy, Ana Cecilia",
      "Barry, Vaughn",
      "Beer, Karlyn",
      "Bell, Michael",
      "Berger, Sherri",
      "Bertulfo, Joseph",
      "Biggs, Holly",
      "Bornemann, Jennifer",
      "Bornstein, Josh",
      "Bower, Willie",
      "Bresee, Joseph",
      "Brown, Clive",
      "Budd, Alicia",
      "Buigut, Jennifer",
      "Burke, Stephen",
      "Burke, Rachel",
      "Burns, Erin",
      "Butler, Jay",
      "Cantrell, Russell",
      "Cardemil, Cristina",
      "Cates, Jordan",
      "Cetron, Marty",
      "Chatham-Stephens, Kevin",
      "Chatham-Stevens, Kevin",
      "Chea, Nora",
      "Christensen, Bryan",
      "Chu, Victoria",
      "Clarke, Kevin",
      "Cleveland, Angela",
      "Cohen, Nicole",
      "Cohen, Max",
      "Cohn, Amanda",
      "Collins, Jennifer",
      "Dahl, Rebecca",
      "Daley, Walter",
      "Dasari, Vishal",
      "Davlantes, Elizabeth",
      "Dawson, Patrick",
      "Delaney, Lisa",
      "Donahue, Matthew",
      "Dowell, Chad",
      "Dyal, Jonathan",
      "Edens, William",
      "Eidex, Rachel",
      "Epstein, Lauren",
      "Evans, Mary",
      "Fagan, Ryan",
      "Farris, Kevin",
      "Feldstein, Leora",
      "Fox, LeAnne",
      "Frank, Mark",
      "Freeman, Brandi",
      "Fry, Alicia",
      "Fuller, James",
      "Galang, Romeo",
      "Gerber, Sue",
      "Gokhale, Runa",
      "Goldstein, Sue",
      "Gorman, Sue",
      "Gregg, William",
      "Greim, William",
      "Grube, Steven",
      "Hall, Aron",
      "Haynes, Amber",
      "Hill, Sherrasa",
      "Hornsby-Myers, Jennifer",
      "Hunter, Jennifer",
      "Ionta, Christopher",
      "Isenhour, Cheryl",
      "Jacobs, Max",
      "Slifka, Kara Jacobs",
      "Jernigan, Daniel",
      "Jhung, Michael",
      "Jones-Wormley, Jamie",
      "Kambhampati, Anita",
      "Kamili, Shifaq",
      "Kennedy, Pamela",
      "Kent, Charlotte",
      "Killerby, Marie",
      "Kim, Lindsay",
      "Kirking, Hannah",
      "Koonin, Lisa",
      "Koppaka, Ram",
      "Kosmos, Christine",
      "Kuhar, David",
      "Kuhnert-Tallman, Wendi",
      "Kujawski, Stephanie",
      "Kumar, Archana",
      "Landon, Alexander",
      "Lee, Leslie",
      "Leung, Jessica",
      "Lindstrom, Stephen",
      "Link-Gelles, Ruth",
      "Lively, Joana",
      "Lu, Xiaoyan",
      "Lynch, Brian",
      "Malapati, Lakshmi",
      "Mandel, Samantha",
      "Manns, Brian",
      "Marano, Nina",
      "Marlow, Mariel",
      "Marston, Barbara",
      "McClung, Nancy",
      "McClure, Liz",
      "McDonald, Emily",
      "McGovern, Oliva",
      "Messonnier, Nancy",
      "Midgley, Claire",
      "Moulia, Danielle",
      "Murray, Janna",
      "Noelte, Kate",
      "Noonan-Smith, Michelle",
      "Nordlund, Kristen",
      "Norton, Emily",
      "Oliver, Sara",
      "Pallansch, Mark",
      "Parashar, Umesh",
      "Patel, Anita",
      "Patel, Manisha",
      "Pettrone, Kristen",
      "Pierce, Taran",
      "Pietz, Harald",
      "Pillai, Satish",
      "Radonovich, Lewis",
      "Reagan-Steiner, Sarah",
      "Reel, Amy",
      "Reese, Heather",
      "Rha, Brian",
      "Ricks, Philip",
      "Rolfes, Melissa",
      "Roohi, Shahrokh",
      "Roper, Lauren",
      "Rotz, Lisa",
      "Routh, Janell",
      "Sakthivel, Senthil Kumar",
      "Sarmiento, Luisa",
      "Schindelar, Jessica",
      "Schneider, Eileen",
      "Schuchat, Anne",
      "Scott, Sarah",
      "Shetty, Varun",
      "Shockey, Caitlin",
      "Shugart, Jill",
      "Stenger, Mark",
      "Stuckey, Matthew",
      "Sunshine, Brittany",
      "Sykes, Tamara",
      "Trapp, Jonathan",
      "Uyeki, Timothy",
      "Vahey, Grace",
      "Valderrama, Amy",
      "Villanueva, Julie",
      "Walker, Tunicia",
      "Wallace, Megan",
      "Wang, Lijuan",
      "Watson, John",
      "Weber, Angie",
      "Weinbaum, Cindy",
      "Weldon, William",
      "Westnedge, Caroline",
      "Whitaker, Brett",
      "Whitaker, Michael",
      "Williams, Alcia",
      "Williams, Holly",
      "Willams, Ian",
      "Wong, Karen",
      "Xie, Amy",
      "Yousef, Anna"
   ],
   "journal": "MMWR Morb Mortal Wkly Rep",
   "Microsoft Academic Paper ID": "3004775012",
   "WHO #Covidence": "#454",
   "has_full_text": "True",
   "full_text_file": "comm_use_subset",
   "id": "https://doi.org/10.15585/mmwr.mm6905e1",
   "pubtator": "PMC7004396",
   "fhir_link": [
      "Commercial/Composition/11f13e2859eb22b349dbef68fd8124b8ba445aac"
   ]
}