{
   "sha": "644bd897bcc12b1b63f04e615d170f88248fa281",
   "source_x": "Elsevier",
   "title": "Activation of Transgene-specific T Cells Following Lentivirus-mediated Gene Delivery to Mouse Lung",
   "doi": "10.1038/mt.2009.190",
   "pmcid": "PMC2839217",
   "pubmed_id": "19724265",
   "license": "els-covid",
   "abstract": "Integrating lentiviral vectors based on the human immunodeficiency virus type-1 (HIV-1) can transduce quiescent cells, which in lung account for almost 95% of the epithelial cell population. Pseudotyping lentiviral vectors with the envelope glycoprotein from the Ebola Zaire virus, the lymphocytic choriomeningitis virus (LCMV), the Mokola virus, and the vesicular stomatitis virus (VSV-G) resulted in transduction of mouse alveolar epithelium, but gene expression in the lung of C57BL/6 and BALB/c mice waned within 90 days of vector injection. Intratracheal delivery of the four pseudotyped lentiviral vectors resulted in transgene-specific T-cell activation in both mouse strains, albeit lower than that achieved by intramuscular injection of the vectors. We performed an adoptive transfer of luciferase-specific T cells, isolated from spleen or lung of donor mice injected with VSV-G-pseudotyped lentivirus vector expressing luciferase into the muscle or lung, respectively, into recipient recombination-activating gene (RAG)\u2013deficient mice transduced in lung with adenovirus expressing firefly luciferase (ffluc2). Gene expression declined within 7 days of adoptive transfer approaching background levels by day 36. Taken together, our results suggest that the loss of transduced cells in lung is due to VSV-G.HIV vector\u2013mediated activation of transgene-specific T cells rather than as result of normal turnover of airway cells.",
   "publish_time": "2010-01-31",
   "authors": [
      "Limberis, Maria P",
      "Bell, Christie L",
      "Heath, Jack",
      "Wilson, James M"
   ],
   "journal": "Molecular Therapy",
   "has_full_text": "True",
   "full_text_file": "custom_license",
   "id": "https://doi.org/10.1038/mt.2009.190",
   "pubtator": "PMC2839217",
   "fhir_link": [
      "PMC/Composition/644bd897bcc12b1b63f04e615d170f88248fa281"
   ]
}