{
   "sha": "e8f1edfb8249017f774ccc05dea2ab17be144313",
   "source_x": "PMC",
   "title": "OAS1 and OAS3 negatively regulate the expression of chemokines and interferon-responsive genes in human macrophages",
   "doi": "10.5483/BMBRep.2019.52.2.129",
   "pmcid": "PMC6443328",
   "pubmed_id": "30078389",
   "license": "cc-by-nc",
   "abstract": "Upon viral infection, the 2\u2032, 5\u2032-oligoadenylate synthetase (OAS)-ribonuclease L (RNaseL) system works to cleave viral RNA, thereby blocking viral replication. However, it is unclear whether OAS proteins have a role in regulating gene expression. Here, we show that OAS1 and OAS3 act as negative regulators of the expression of chemokines and interferon-responsive genes in human macrophages. Clustered regularly interspaced short palindromic repeats (CRISPR)-CRISPR-associated protein-9 nuclease (Cas9) technology was used to engineer human myeloid cell lines in which the OAS1 or OAS3 gene was deleted. Neither OAS1 nor OAS3 was exclusively responsible for the degradation of rRNA in macrophages stimulated with poly(I:C), a synthetic surrogate for viral double-stranded (ds)RNA. An mRNA sequencing analysis revealed that genes related to type I interferon signaling and chemokine activity were increased in OAS1(\u2212/\u2212) and OAS3(\u2212/\u2212) macrophages treated with intracellular poly(I:C). Indeed, retinoic-acid-inducible gene (RIG)-I- and interferon-induced helicase C domain-containing protein (IFIH1 or MDA5)-mediated induction of chemokines and interferon-stimulated genes was regulated by OAS3, but Toll-like receptor 3 (TLR3)- and TLR4-mediated induction of those genes was modulated by OAS1 in macrophages. However, stimulation of these cells with type I interferons had no effect on OAS1- or OAS3-mediated chemokine secretion. These data suggest that OAS1 and OAS3 negatively regulate the expression of chemokines and interferon-responsive genes in human macrophages.",
   "publish_time": "2019 Feb 28",
   "authors": [
      "Lee, Wook-Bin",
      "Choi, Won Young",
      "Lee, Dong-Hyun",
      "Shim, Hyeran",
      "Kim-Ha, Jeongsil",
      "Kim, Young-Joon"
   ],
   "journal": "BMB Rep",
   "has_full_text": "True",
   "full_text_file": "noncomm_use_subset",
   "id": "https://doi.org/10.5483/BMBRep.2019.52.2.129",
   "pubtator": "PMC6443328",
   "fhir_link": [
      "Non-comercial/Composition/e8f1edfb8249017f774ccc05dea2ab17be144313"
   ]
}