{
   "sha": "9160b17b64362a40bad3fc8b48543f43e4970716",
   "source_x": "Elsevier",
   "title": "Asymptomatic cases in a family cluster with SARS-CoV-2 infection",
   "doi": "10.1016/S1473-3099(20)30114-6",
   "license": "els-covid",
   "publish_time": "2020-02-19",
   "authors": [
      "Pan, Xingfei",
      "Chen, Dexiong",
      "Xia, Yong",
      "Wu, Xinwei",
      "Li, Tangsheng",
      "Ou, Xueting",
      "Zhou, Liyang",
      "Liu, Jing"
   ],
   "journal": "The Lancet Infectious Diseases",
   "Microsoft Academic Paper ID": "3005688502",
   "WHO #Covidence": "#1275",
   "has_full_text": "True",
   "full_text_file": "custom_license",
   "id": "https://doi.org/10.1016/S1473-3099(20)30114-6",
   "fhir_link": [
      "PMC/Composition/9160b17b64362a40bad3fc8b48543f43e4970716"
   ]
}