{
   "sha": "52d9f09338dfed464f70013f57919f7d5515a755",
   "source_x": "Elsevier",
   "title": "4 Vaccine manufacturing",
   "doi": "10.1016/B978-1-4557-0090-5.00019-7",
   "license": "els-covid",
   "publish_time": "2013-12-31",
   "authors": [
      "Gomez, Phillip L.",
      "Robinson, James M.",
      "Rogalewicz, Joseph A."
   ],
   "journal": "Vaccines",
   "has_full_text": "True",
   "full_text_file": "custom_license",
   "id": "https://doi.org/10.1016/B978-1-4557-0090-5.00019-7",
   "fhir_link": [
      "PMC/Composition/52d9f09338dfed464f70013f57919f7d5515a755"
   ]
}