{
   "source_x": "Elsevier",
   "title": "Australian Government releases face masks to protect against coronavirus",
   "doi": "10.1016/S2213-2600(20)30064-3",
   "license": "els-covid",
   "publish_time": "2020-03-31",
   "authors": [
      "Kirby, Tony"
   ],
   "journal": "The Lancet Respiratory Medicine",
   "Microsoft Academic Paper ID": "3004752580",
   "WHO #Covidence": "#512",
   "has_full_text": "False",
   "full_text_file": "custom_license",
   "id": "https://doi.org/10.1016/S2213-2600(20)30064-3"
}