{
   "sha": "9f5b88ccb461ad00982bfad6778331faf6840982",
   "source_x": "PMC",
   "title": "Bat Influenza A(HL18NL11) Virus in Fruit Bats, Brazil",
   "doi": "10.3201/eid2502.181246",
   "pmcid": "PMC6346480",
   "pubmed_id": "30666923",
   "license": "no-cc",
   "abstract": "Screening of 533 bats for influenza A viruses showed subtype HL18NL11 in intestines of 2 great fruit-eating bats (Artibeus lituratus). High concentrations suggested fecal shedding. Genomic characterizations revealed conservation of viral genes across different host species, countries, and sampling years, suggesting a conserved cellular receptor and wide-ranging occurrence of bat influenza A viruses.",
   "publish_time": "2019 Feb",
   "authors": [
      "Campos, Ang\u00e9lica Cristine Almeida",
      "G\u00f3es, Luiz Gustavo Bentim",
      "Moreira-Soto, Andres",
      "de Carvalho, Cristiano",
      "Ambar, Guilherme",
      "Sander, Anna-Lena",
      "Fischer, Carlo",
      "Ruckert da Rosa, Adriana",
      "Cardoso de Oliveira, Debora",
      "Kataoka, Ana Paula G.",
      "Pedro, Wagner Andr\u00e9",
      "Martorelli, Luzia F\u00e1tima A.",
      "Queiroz, Luzia Helena",
      "Cruz-Neto, Ariovaldo P.",
      "Durigon, Edison Luiz",
      "Drexler, Jan Felix"
   ],
   "journal": "Emerg Infect Dis",
   "has_full_text": "True",
   "full_text_file": "custom_license",
   "id": "https://doi.org/10.3201/eid2502.181246",
   "pubtator": "PMC6346480",
   "fhir_link": [
      "PMC/Composition/9f5b88ccb461ad00982bfad6778331faf6840982"
   ]
}