{
   "sha": "bb82e4b48eccec63331781f992e86e19b4cd25da",
   "source_x": "Elsevier",
   "title": "Molecular epidemiology of human rhinovirus infections in the pediatric emergency department",
   "doi": "10.1016/j.jcv.2014.11.006",
   "pmcid": "PMC4403738",
   "pubmed_id": "25542466",
   "license": "els-covid",
   "abstract": "Abstract Background Human rhinovirus (HRV) infections are highly prevalent, genetically diverse, and associated with both mild upper respiratory tract and more severe lower tract illnesses (LRTI). Objective To characterize the molecular epidemiology of HRV infections in young children seeking acute medical care. Study design Nasal swabs collected from symptomatic children <3 years of age receiving care in the Emergency and Urgent Care Departments at Seattle Children's Hospital were analyzed by a rapid polymerase chain reaction (PCR) system (FilmArray\u00ae) for multiple viruses including HRV/enterovirus. HRV-positive results were confirmed by laboratory-developed real-time reverse transcription PCR (LD-PCR). Clinical data were collected by chart review. A subset of samples was selected for sequencing using the 5\u2032 noncoding region. Associations between LRTI and HRV species and genotypes were estimated using logistic regression analysis. Results Of 595 samples with HRV/enterovirus detected by FilmArray, 474 (80%) were confirmed as HRV by LD-PCR. 211 (96%) of 218 selected samples were sequenced; HRV species A, B, and C were identified in 133 (63%), 6 (3%), and 72 (34%), respectively. LRTI was more common in HRV-C than HRV-A illness episodes (adjusted OR [95% CI] 2.35[1.03\u20135.35). Specific HRV-A and HRV-C genotypes detected in multiple patients were associated with a greater proportion of LRTI episodes. In 18 patients with >1 HRV-positive illness episodes, a distinct genotype was detected in each. Conclusion Diverse HRV genotypes circulated among symptomatic children during the study period. We found an association between HRV-C infections and LRTI in this patient population and evidence of association between specific HRV genotypes and LRTI.",
   "publish_time": "2015-01-31",
   "authors": [
      "Martin, Emily K.",
      "Kuypers, Jane",
      "Chu, Helen Y.",
      "Lacombe, Kirsten",
      "Qin, Xuan",
      "Strelitz, Bonnie",
      "Bradford, Miranda",
      "Jones, Charla",
      "Klein, Eileen J.",
      "Englund, Janet A."
   ],
   "journal": "Journal of Clinical Virology",
   "has_full_text": "True",
   "full_text_file": "custom_license",
   "id": "https://doi.org/10.1016/j.jcv.2014.11.006",
   "pubtator": "PMC4403738",
   "fhir_link": [
      "PMC/Composition/bb82e4b48eccec63331781f992e86e19b4cd25da"
   ]
}