{
   "sha": "ee55aea26f816403476a7cb71816b8ecb1110329",
   "source_x": "PMC",
   "title": "iNR-Drug: Predicting the Interaction of Drugs with Nuclear Receptors in Cellular Networking",
   "doi": "10.3390/ijms15034915",
   "pmcid": "PMC3975431",
   "pubmed_id": "24651462",
   "license": "cc-by",
   "abstract": "Nuclear receptors (NRs) are closely associated with various major diseases such as cancer, diabetes, inflammatory disease, and osteoporosis. Therefore, NRs have become a frequent target for drug development. During the process of developing drugs against these diseases by targeting NRs, we are often facing a problem: Given a NR and chemical compound, can we identify whether they are really in interaction with each other in a cell? To address this problem, a predictor called \u201ciNR-Drug\u201d was developed. In the predictor, the drug compound concerned was formulated by a 256-D (dimensional) vector derived from its molecular fingerprint, and the NR by a 500-D vector formed by incorporating its sequential evolution information and physicochemical features into the general form of pseudo amino acid composition, and the prediction engine was operated by the SVM (support vector machine) algorithm. Compared with the existing prediction methods in this area, iNR-Drug not only can yield a higher success rate, but is also featured by a user-friendly web-server established at http://www.jci-bioinfo.cn/iNR-Drug/, which is particularly useful for most experimental scientists to obtain their desired data in a timely manner. It is anticipated that the iNR-Drug server may become a useful high throughput tool for both basic research and drug development, and that the current approach may be easily extended to study the interactions of drug with other targets as well.",
   "publish_time": "2014 Mar 19",
   "authors": [
      "Fan, Yue-Nong",
      "Xiao, Xuan",
      "Min, Jian-Liang",
      "Chou, Kuo-Chen"
   ],
   "journal": "Int J Mol Sci",
   "has_full_text": "True",
   "full_text_file": "comm_use_subset",
   "id": "https://doi.org/10.3390/ijms15034915",
   "pubtator": "PMC3975431",
   "fhir_link": [
      "Commercial/Composition/ee55aea26f816403476a7cb71816b8ecb1110329"
   ]
}