{
   "sha": "a0f4a467be80972f434dabf027d2b5260b608740",
   "source_x": "PMC",
   "title": "Model for Vaccine Design by Prediction of B-Epitopes of IEDB Given Perturbations in Peptide Sequence, In Vivo Process, Experimental Techniques, and Source or Host Organisms",
   "doi": "10.1155/2014/768515",
   "pmcid": "PMC3987976",
   "pubmed_id": "24741624",
   "license": "cc-by",
   "abstract": "Perturbation methods add variation terms to a known experimental solution of one problem to approach a solution for a related problem without known exact solution. One problem of this type in immunology is the prediction of the possible action of epitope of one peptide after a perturbation or variation in the structure of a known peptide and/or other boundary conditions (host organism, biological process, and experimental assay). However, to the best of our knowledge, there are no reports of general-purpose perturbation models to solve this problem. In a recent work, we introduced a new quantitative structure-property relationship theory for the study of perturbations in complex biomolecular systems. In this work, we developed the first model able to classify more than 200,000 cases of perturbations with accuracy, sensitivity, and specificity >90% both in training and validation series. The perturbations include structural changes in >50000 peptides determined in experimental assays with boundary conditions involving >500 source organisms, >50 host organisms, >10 biological process, and >30 experimental techniques. The model may be useful for the prediction of new epitopes or the optimization of known peptides towards computational vaccine design.",
   "publish_time": "2014 Jan 12",
   "authors": [
      "Gonz\u00e1lez-D\u00edaz, Humberto",
      "P\u00e9rez-Montoto, L\u00e1zaro G.",
      "Ubeira, Florencio M."
   ],
   "journal": "J Immunol Res",
   "has_full_text": "True",
   "full_text_file": "comm_use_subset",
   "id": "https://doi.org/10.1155/2014/768515",
   "pubtator": "PMC3987976",
   "fhir_link": [
      "Commercial/Composition/a0f4a467be80972f434dabf027d2b5260b608740"
   ]
}