{
   "sha": "2ad9d14f7f65cb860f407759ae6307a2841d3541",
   "source_x": "Elsevier",
   "title": "Vaccine technologies: From whole organisms to rationally designed protein assemblies",
   "doi": "10.1016/j.bcp.2016.05.001",
   "pmcid": "PMC5079805",
   "license": "els-covid",
   "abstract": "Abstract Vaccines have been the single most significant advancement in public health, preventing morbidity and mortality in millions of people annually. Vaccine development has traditionally focused on whole organism vaccines, either live attenuated or inactivated vaccines. While successful for many different infectious diseases whole organisms are expensive to produce, require culture of the infectious agent, and have the potential to cause vaccine associated disease in hosts. With advancing technology and a desire to develop safe, cost effective vaccine candidates, the field began to focus on the development of recombinantly expressed antigens known as subunit vaccines. While more tolerable, subunit vaccines tend to be less immunogenic. Attempts have been made to increase immunogenicity with the addition of adjuvants, either immunostimulatory molecules or an antigen delivery system that increases immune responses to vaccines. An area of extreme interest has been the application of nanotechnology to vaccine development, which allows for antigens to be expressed on a particulate delivery system. One of the most exciting examples of nanovaccines are rationally designed protein nanoparticles. These nanoparticles use some of the basic tenants of structural biology, biophysical chemistry, and vaccinology to develop protective, safe, and easily manufactured vaccines. Rationally developed nanoparticle vaccines are one of the most promising candidates for the future of vaccine development.",
   "publish_time": "2016-11-15",
   "authors": [
      "Karch, Christopher P.",
      "Burkhard, Peter"
   ],
   "journal": "Biochemical Pharmacology",
   "has_full_text": "True",
   "full_text_file": "custom_license",
   "id": "https://doi.org/10.1016/j.bcp.2016.05.001",
   "pubtator": "PMC5079805",
   "fhir_link": [
      "PMC/Composition/2ad9d14f7f65cb860f407759ae6307a2841d3541"
   ]
}