{
   "sha": "2804ea9b709694627657763fd17564d0323a5dcf",
   "source_x": "PMC",
   "title": "Multi-omic network signatures of disease",
   "doi": "http://dx.doi.org/10.3389/fgene.2013.00309",
   "pmcid": "PMC3882664",
   "pubmed_id": "24432028",
   "license": "CC BY",
   "abstract": "To better understand dynamic disease processes, integrated multi-omic methods are needed, yet comparing different types of omic data remains difficult. Integrative solutions benefit experimenters by eliminating potential biases that come with single omic analysis. We have developed the methods needed to explore whether a relationship exists between co-expression network models built from transcriptomic and proteomic data types, and whether this relationship can be used to improve the disease signature discovery process. A na\u00efve, correlation based method is utilized for comparison. Using publicly available infectious disease time series data, we analyzed the related co-expression structure of the transcriptome and proteome in response to SARS-CoV infection in mice. Transcript and peptide expression data was filtered using quality scores and subset by taking the intersection on mapped Entrez IDs. Using this data set, independent co-expression networks were built. The networks were integrated by constructing a bipartite module graph based on module member overlap, module summary correlation, and correlation to phenotypes of interest. Compared to the module level results, the na\u00efve approach is hindered by a lack of correlation across data types, less significant enrichment results, and little functional overlap across data types. Our module graph approach avoids these problems, resulting in an integrated omic signature of disease progression, which allows prioritization across data types for down-stream experiment planning. Integrated modules exhibited related functional enrichments and could suggest novel interactions in response to infection. These disease and platform-independent methods can be used to realize the full potential of multi-omic network signatures. The data (experiment SM001) are publically available through the NIAID Systems Virology (https://www.systemsvirology.org) and PNNL (http://omics.pnl.gov) web portals. Phenotype data is found in the supplementary information. The ProCoNA package is available as part of Bioconductor 2.13.",
   "publish_time": "2014 Jan 7",
   "authors": [
      "['Gibbs, David L.', 'Gralinski, Lisa', 'Baric, Ralph S.', 'McWeeney, Shannon K.']"
   ],
   "journal": "Front Genet",
   "has_full_text": "True",
   "id": "2804ea9b709694627657763fd17564d0323a5dcf",
   "fhir_link": "Commercial/Composition/2804ea9b709694627657763fd17564d0323a5dcf.json"
}