{
   "sha": "a137eb51461b4a4ed3980aa5b9cb2f2c1cf0292a",
   "source_x": "PMC",
   "title": "The effect of inhibition of PP1 and TNF\u03b1 signaling on pathogenesis of SARS coronavirus",
   "doi": "10.1186/s12918-016-0336-6",
   "pmcid": "PMC5035469",
   "pubmed_id": "27663205",
   "license": "cc-by",
   "abstract": "BACKGROUND: The complex interplay between viral replication and host immune response during infection remains poorly understood. While many viruses are known to employ anti-immune strategies to facilitate their replication, highly pathogenic virus infections can also cause an excessive immune response that exacerbates, rather than reduces pathogenicity. To investigate this dichotomy in severe acute respiratory syndrome coronavirus (SARS-CoV), we developed a transcriptional network model of SARS-CoV infection in mice and used the model to prioritize candidate regulatory targets for further investigation. RESULTS: We validated our predictions in 18 different knockout (KO) mouse strains, showing that network topology provides significant predictive power to identify genes that are important for viral infection. We identified a novel player in the immune response to virus infection, Kepi, an inhibitory subunit of the protein phosphatase 1 (PP1) complex, which protects against SARS-CoV pathogenesis. We also found that receptors for the proinflammatory cytokine tumor necrosis factor alpha (TNF\u03b1) promote pathogenesis, presumably through excessive inflammation. CONCLUSIONS: The current study provides validation of network modeling approaches for identifying important players in virus infection pathogenesis, and a step forward in understanding the host response to an important infectious disease. The results presented here suggest the role of Kepi in the host response to SARS-CoV, as well as inflammatory activity driving pathogenesis through TNF\u03b1 signaling in SARS-CoV infections. Though we have reported the utility of this approach in bacterial and cell culture studies previously, this is the first comprehensive study to confirm that network topology can be used to predict phenotypes in mice with experimental validation. ELECTRONIC SUPPLEMENTARY MATERIAL: The online version of this article (doi:10.1186/s12918-016-0336-6) contains supplementary material, which is available to authorized users.",
   "publish_time": "2016 Sep 23",
   "authors": [
      "McDermott, Jason E.",
      "Mitchell, Hugh D.",
      "Gralinski, Lisa E.",
      "Eisfeld, Amie J.",
      "Josset, Laurence",
      "Bankhead, Armand",
      "Neumann, Gabriele",
      "Tilton, Susan C.",
      "Sch\u00e4fer, Alexandra",
      "Li, Chengjun",
      "Fan, Shufang",
      "McWeeney, Shannon",
      "Baric, Ralph S.",
      "Katze, Michael G.",
      "Waters, Katrina M."
   ],
   "journal": "BMC Syst Biol",
   "has_full_text": "True",
   "full_text_file": "comm_use_subset",
   "id": "https://doi.org/10.1186/s12918-016-0336-6",
   "pubtator": "PMC5035469",
   "fhir_link": [
      "Commercial/Composition/a137eb51461b4a4ed3980aa5b9cb2f2c1cf0292a"
   ]
}