{
   "sha": "e6fcd7b5c6235d17f46c1721bd8695775f1df236",
   "source_x": "PMC",
   "title": "Time-series oligonucleotide count to assign antiviral siRNAs with long utility fit in the big data era",
   "doi": "10.1038/gt.2017.76",
   "pmcid": "PMC5658673",
   "pubmed_id": "28905886",
   "license": "cc-by-nc-sa",
   "abstract": "Oligonucleotides are key elements of nucleic acid therapeutics such as small interfering RNAs (siRNAs). Influenza and Ebolaviruses are zoonotic RNA viruses mutating very rapidly, and their sequence changes must be characterized intensively to design therapeutic oligonucleotides with long utility. Focusing on a total of 182 experimentally validated siRNAs for influenza A, B and Ebolaviruses compiled by the siRNA database, we conducted time-series analyses of occurrences of siRNA targets in these viral genomes. Reflecting their high mutation rates, occurrences of target oligonucleotides evidently fluctuate in viral populations and often disappear. Time-series analysis of the one-base changed sequences derived from each original target identified the oligonucleotide that shows a compensatory increase and will potentially become the \u2018awaiting-type oligonucleotide\u2019 the combined use of this oligonucleotide with the original can provide therapeutics with long utility. This strategy is also useful for assigning diagnostic reverse transcription-PCR primers with long utility.",
   "publish_time": "2017 Oct 14",
   "authors": [
      "Wada, K",
      "Wada, Y",
      "Iwasaki, Y",
      "Ikemura, T"
   ],
   "journal": "Gene Ther",
   "has_full_text": "True",
   "full_text_file": "noncomm_use_subset",
   "id": "https://doi.org/10.1038/gt.2017.76",
   "pubtator": "PMC5658673",
   "fhir_link": [
      "Non-comercial/Composition/e6fcd7b5c6235d17f46c1721bd8695775f1df236"
   ]
}