{
   "sha": "7b6d913cc102a8e122847122f07ee230aa0c3d78",
   "source_x": "PMC",
   "title": "FastViromeExplorer: a pipeline for virus and phage identification and abundance profiling in metagenomics data",
   "doi": "10.7717/peerj.4227",
   "pmcid": "PMC5768174",
   "pubmed_id": "29340239",
   "license": "cc-by",
   "abstract": "With the increase in the availability of metagenomic data generated by next generation sequencing, there is an urgent need for fast and accurate tools for identifying viruses in host-associated and environmental samples. In this paper, we developed a stand-alone pipeline called FastViromeExplorer for the detection and abundance quantification of viruses and phages in large metagenomic datasets by performing rapid searches of virus and phage sequence databases. Both simulated and real data from human microbiome and ocean environmental samples are used to validate FastViromeExplorer as a reliable tool to quickly and accurately identify viruses and their abundances in large datasets.",
   "publish_time": "2018 Jan 12",
   "authors": [
      "Tithi, Saima Sultana",
      "Aylward, Frank O.",
      "Jensen, Roderick V.",
      "Zhang, Liqing"
   ],
   "journal": "PeerJ",
   "has_full_text": "True",
   "full_text_file": "comm_use_subset",
   "id": "https://doi.org/10.7717/peerj.4227",
   "pubtator": "PMC5768174",
   "fhir_link": [
      "Commercial/Composition/7b6d913cc102a8e122847122f07ee230aa0c3d78"
   ]
}