{
   "sha": "f0fc6e2d9cc1c6eaf6f4d83a775cc50dae0e6bd0",
   "source_x": "Elsevier",
   "title": "Autophagy Genes Enhance Murine Gammaherpesvirus 68 Reactivation from Latency by Preventing Virus-Induced Systemic Inflammation",
   "doi": "10.1016/j.chom.2015.12.010",
   "pmcid": "PMC4714357",
   "pubmed_id": "26764599",
   "license": "els-covid",
   "abstract": "Summary Host genes that regulate systemic inflammation upon chronic viral infection are incompletely understood. Murine gammaherpesvirus 68 (MHV68) infection is characterized by latency in macrophages, and reactivation is inhibited by interferon-\u03b3 (IFN-\u03b3). Using a lysozyme-M-cre (LysMcre) expression system, we show that deletion of autophagy-related (Atg) genes Fip200, beclin 1, Atg14, Atg16l1, Atg7, Atg3, and Atg5, in the myeloid compartment, inhibited MHV68 reactivation in macrophages. Atg5 deficiency did not alter reactivation from B cells, and effects on reactivation from macrophages were not explained by alterations in productive viral replication or the establishment of latency. Rather, chronic MHV68 infection triggered increased systemic inflammation, increased T cell production of IFN-\u03b3, and an IFN-\u03b3-induced transcriptional signature in macrophages from Atg gene-deficient mice. The Atg5-related reactivation defect was partially reversed by neutralization of IFN-\u03b3. Thus Atg genes in myeloid cells dampen virus-induced systemic inflammation, creating an environment that fosters efficient MHV68 reactivation from latency.",
   "publish_time": "2016-01-13",
   "authors": [
      "Park, Sunmin",
      "Buck, Michael\u00a0D.",
      "Desai, Chandni",
      "Zhang, Xin",
      "Loginicheva, Ekaterina",
      "Martinez, Jennifer",
      "Freeman, Michael\u00a0L.",
      "Saitoh, Tatsuya",
      "Akira, Shizuo",
      "Guan, Jun-Lin",
      "He, You-Wen",
      "Blackman, Marcia\u00a0A.",
      "Handley, Scott\u00a0A.",
      "Levine, Beth",
      "Green, Douglas\u00a0R.",
      "Reese, Tiffany\u00a0A.",
      "Artyomov, Maxim\u00a0N.",
      "Virgin, Herbert\u00a0W."
   ],
   "journal": "Cell Host & Microbe",
   "has_full_text": "True",
   "full_text_file": "custom_license",
   "id": "https://doi.org/10.1016/j.chom.2015.12.010",
   "pubtator": "PMC4714357",
   "fhir_link": [
      "PMC/Composition/f0fc6e2d9cc1c6eaf6f4d83a775cc50dae0e6bd0"
   ]
}