{
   "sha": "3f16347f22f605daccd33d5754077e3f0425881c",
   "source_x": "Elsevier",
   "title": "7 Advances in disease diagnosis, vaccine development and other emerging methods to control pathogens in aquaculture",
   "doi": "10.1533/9781845696474.2.197",
   "license": "els-covid",
   "abstract": "Abstract: Disease is still regarded as a major constraint to aquaculture production globally. Rapid disease diagnosis and vaccination play a huge part in the control of bacterial diseases, and there has been significant progress in both of these areas. This chapter considers the limitations of existing methods and reviews recent advances made in pathogen detection technologies and vaccine development methodologies. Future directions are discussed, including nanotechnology and reversed vaccinology.",
   "publish_time": "2009-12-31",
   "authors": [
      "Adams, A."
   ],
   "journal": "New Technologies in Aquaculture",
   "has_full_text": "True",
   "full_text_file": "custom_license",
   "id": "https://doi.org/10.1533/9781845696474.2.197",
   "fhir_link": [
      "PMC/Composition/3f16347f22f605daccd33d5754077e3f0425881c"
   ]
}