{
   "sha": "2db06c0133f1d619120d7a686b4bce14ab48f793",
   "source_x": "Elsevier",
   "title": "C",
   "doi": "10.1016/B978-2-294-74357-3.50011-1",
   "license": "els-covid",
   "publish_time": "2018-12-31",
   "authors": [
      "Marroun, Ibrahim",
      "Quevaulliers, Jacques",
      "Sen\u00e9, Thomas",
      "Fingerhut, Abe"
   ],
   "journal": "Nouveau Dictionnaire M\u00e9dical",
   "has_full_text": "True",
   "full_text_file": "custom_license",
   "id": "https://doi.org/10.1016/B978-2-294-74357-3.50011-1",
   "fhir_link": [
      "PMC/Composition/2db06c0133f1d619120d7a686b4bce14ab48f793"
   ]
}