{
   "sha": "faad09d0c4532ac11d673b84f539be583e897df9",
   "source_x": "PMC",
   "title": "The Spatial Resolution of Epidemic Peaks",
   "doi": "http://dx.doi.org/10.1371/journal.pcbi.1003561",
   "pmcid": "PMC3983068",
   "pubmed_id": "24722420",
   "license": "CC BY",
   "abstract": "The emergence of novel respiratory pathogens can challenge the capacity of key health care resources, such as intensive care units, that are constrained to serve only specific geographical populations. An ability to predict the magnitude and timing of peak incidence at the scale of a single large population would help to accurately assess the value of interventions designed to reduce that peak. However, current disease-dynamic theory does not provide a clear understanding of the relationship between: epidemic trajectories at the scale of interest (e.g. city); population mobility; and higher resolution spatial effects (e.g. transmission within small neighbourhoods). Here, we used a spatially-explicit stochastic meta-population model of arbitrary spatial resolution to determine the effect of resolution on model-derived epidemic trajectories. We simulated an influenza-like pathogen spreading across theoretical and actual population densities and varied our assumptions about mobility using Latin-Hypercube sampling. Even though, by design, cumulative attack rates were the same for all resolutions and mobilities, peak incidences were different. Clear thresholds existed for all tested populations, such that models with resolutions lower than the threshold substantially overestimated population-wide peak incidence. The effect of resolution was most important in populations which were of lower density and lower mobility. With the expectation of accurate spatial incidence datasets in the near future, our objective was to provide a framework for how to use these data correctly in a spatial meta-population model. Our results suggest that there is a fundamental spatial resolution for any pathogen-population pair. If underlying interactions between pathogens and spatially heterogeneous populations are represented at this resolution or higher, accurate predictions of peak incidence for city-scale epidemics are feasible.",
   "publish_time": "2014 Apr 10",
   "authors": [
      "['Mills, Harriet L.', 'Riley, Steven']"
   ],
   "journal": "PLoS Comput Biol",
   "has_full_text": "True",
   "id": "faad09d0c4532ac11d673b84f539be583e897df9",
   "fhir_link": "Commercial/Composition/faad09d0c4532ac11d673b84f539be583e897df9"
}