{
   "sha": "29baaba300edea006f7b4d287edd3426d6573a26",
   "source_x": "PMC",
   "title": "PARV4: An Emerging Tetraparvovirus",
   "doi": "http://dx.doi.org/10.1371/journal.ppat.1004036",
   "pmcid": "PMC4006886",
   "pubmed_id": "24789326",
   "license": "CC BY",
   "publish_time": "2014 May 1",
   "authors": [
      "['Matthews, Philippa C.', 'Malik, Amna', 'Simmons, Ruth', 'Sharp, Colin', 'Simmonds, Peter', 'Klenerman, Paul']"
   ],
   "journal": "PLoS Pathog",
   "has_full_text": "True",
   "id": "29baaba300edea006f7b4d287edd3426d6573a26",
   "fhir_link": "Commercial/29baaba300edea006f7b4d287edd3426d6573a26"
}