{
   "sha": "da1b69aff8a4dfb4562545be6e4aa4f8724beb72",
   "source_x": "Elsevier",
   "title": "Travel Bugs",
   "doi": "10.1016/j.amjmed.2007.02.030",
   "pubmed_id": "18060917",
   "license": "els-covid",
   "publish_time": "2007-12-31",
   "authors": [
      "Silver, Marcia R."
   ],
   "journal": "The American Journal of Medicine",
   "has_full_text": "True",
   "full_text_file": "custom_license",
   "id": "https://doi.org/10.1016/j.amjmed.2007.02.030",
   "fhir_link": [
      "PMC/Composition/da1b69aff8a4dfb4562545be6e4aa4f8724beb72"
   ]
}