{
   "sha": "6aa7ff7bbaba12fef375a84c5ba297d9f848541f",
   "source_x": "PMC",
   "title": "NGS Nominated CELA1, HSPG2, and KCNK5 as Candidate Genes for Predisposition to Balkan Endemic Nephropathy",
   "doi": "http://dx.doi.org/10.1155/2014/920723",
   "pmcid": "PMC4052113",
   "pubmed_id": "24949484",
   "license": "CC BY",
   "abstract": "Balkan endemic nephropathy (BEN) is a familial chronic tubulointerstitial disease with insidious onset and slow progression leading to terminal renal failure. The results of molecular biological investigations propose that BEN is a multifactorial disease with genetic predisposition to environmental risk agents. Exome sequencing of 22 000 genes with Illumina Nextera Exome Enrichment Kit was performed on 22 DNA samples (11 Bulgarian patients and 11 Serbian patients). Software analysis was performed via NextGene, Provean, and PolyPhen. The frequency of all annotated genetic variants with deleterious/damaging effect was compared with those of European populations. Then we focused on nonannotated variants (with no data available about them and not found in healthy Bulgarian controls). There is no statistically significant difference between annotated variants in BEN patients and European populations. From nonannotated variants with more than 40% frequency in both patients' groups, we nominated 3 genes with possible deleterious/damaging variants\u2014CELA1, HSPG2, and KCNK5. Mutant genes (CELA1, HSPG2, and KCNK5) in BEN patients encode proteins involved in basement membrane/extracellular matrix and vascular tone, tightly connected to process of angiogenesis. We suggest that an abnormal process of angiogenesis plays a key role in the molecular pathogenesis of BEN.",
   "publish_time": "2014 May 15",
   "authors": [
      "['Toncheva, D.', 'Mihailova-Hristova, M.', 'Vazharova, R.', 'Staneva, R.', 'Karachanak, S.', 'Dimitrov, P.', 'Simeonov, V.', 'Ivanov, S.', 'Balabanski, L.', 'Serbezov, D.', 'Malinov, M.', 'Stefanovic, V.', '\u010cukuranovi\u0107, R.', 'Polenakovic, M.', 'Jankovic-Velickovic, L.', 'Djordjevic, V.', 'Jevtovic-Stoimenov, T.', 'Plaseska-Karanfilska, D.', 'Galabov, A.', 'Djonov, V.', 'Dimova, I.']"
   ],
   "journal": "Biomed Res Int",
   "has_full_text": "True",
   "id": "6aa7ff7bbaba12fef375a84c5ba297d9f848541f",
   "fhir_link": "Commercial/Composition/6aa7ff7bbaba12fef375a84c5ba297d9f848541f.json"
}