{
   "sha": "c8e4bee853f3befa73753af85c5ef560e553b11a",
   "source_x": "Elsevier",
   "title": "Transmission Electron Microscopy Improves the Diagnostic Sensitivity in Nonbacterial Etiology of Severe Pneumonia: A Retrospective Study",
   "doi": "10.1016/j.amjms.2018.11.012",
   "pubmed_id": "30638601",
   "license": "els-covid",
   "abstract": "ABSTRACT Background Severe pneumonia is responsible for great mortality and morbidity worldwide, and early-applied effective anti-infective therapy can improve the prognosis of patients. However, identification of infectious agents in severe pneumonia remains a major challenge so far. In this study, the potential utility of transmission electron microscopy (TEM) in detecting nonbacterial pathogens in patients with severe pneumonia was retrospectively evaluated. Materials and Methods A total of 106 patients diagnosed with severe pneumonia at our hospital from September 2015 to December 2017 were included, and their baseline clinical characteristics were collected. Nonbacterial infectious agents detected by TEM in bronchoalveolar lavage fluid (BALF) and serological tests were summarized. The detection rates were further compared between TEM and serological tests. Results BALF examination under the transmission electron microscope revealed 24 viruses, 16 mycoplasmas, 18 chlamydia, 2 fungi and 74 bacteria in 99 samples, among which 61 samples were mixed infections. The combined use of serological tests and TEM significantly improved the detection rate of nonbacterial infectious agents in patients with severe pneumonia. Conclusions Our data support that implementation of TEM could improve the sensitivity for detecting viruses, atypical pathogens and mixed infections in BALF from patient of severe pneumonia. Therefore, TEM may be used as an auxiliary diagnostic method of other microbiological tests in severe pneumonia.",
   "publish_time": "2019-04-30",
   "authors": [
      "Jiang, Juan",
      "Hu, Chengping",
      "Li, Yuanyuan",
      "Pan, Pinhua",
      "Su, Xiaoli",
      "Deng, Pengbo",
      "Wang, Junpu",
      "Wu, Xiaoying"
   ],
   "journal": "The American Journal of the Medical Sciences",
   "has_full_text": "True",
   "full_text_file": "custom_license",
   "id": "https://doi.org/10.1016/j.amjms.2018.11.012",
   "fhir_link": [
      "PMC/Composition/c8e4bee853f3befa73753af85c5ef560e553b11a"
   ]
}