{
   "sha": "6cec1582311d7646ec984a1291cdbb76173a8b36",
   "source_x": "Elsevier",
   "title": "Entry of Newcastle Disease Virus into the host cell: Role of acidic pH and endocytosis",
   "doi": "10.1016/j.bbamem.2013.08.008",
   "license": "els-covid",
   "abstract": "Abstract Most paramyxoviruses enter the cell by direct fusion of the viral envelope with the plasma membrane. Our previous studies have shown the colocalization of Newcastle Disease Virus (NDV) with the early endosome marker EEA1 and the inhibition of NDV fusion by the caveolin-phosphorylating drug phorbol 12-myristate 13-acetate (PMA) prompted us to propose that NDV enters the cells via endocytosis. Here we show that the virus-cell fusion and cell-cell fusion promoted by NDV-F are increased by about 30% after brief exposure to low pH in HeLa and ELL-0 cells but not in NDV receptor- deficient cell lines such as GM95 or Lec1. After a brief low-pH exposure, the percentage of NDV fusion at 29 \u00b0C was similar to that at 37 \u00b0C without acid-pH stimulation, meaning that acid pH would decrease the energetic barrier to enhance fusion. Furthermore, preincubation of cells with the protein kinase C inhibitor bisindolylmaleimide led to the inhibition of about 30% of NDV infectivity, suggesting that a population of virus enters cells through receptor-mediated endocytosis. Moreover, the involvement of the GTPase dynamin in NDV entry is shown as its specific inhibitor, dynasore, also impaired NDV fusion and infectivity. Optimal infection of the host cells was significantly affected by drugs that inhibit endosomal acidification such as concanamycin A, monensin and chloroquine. These results support our hypothesis that entry of NDV into ELL-0 and HeLa cells occurs through the plasma membrane as well as by dynamin- low pH- and receptor- dependent endocytosis.",
   "publish_time": "2014-01-31",
   "authors": [
      "S\u00e1nchez-Felipe, Lorena",
      "Villar, Enrique",
      "Mu\u00f1oz-Barroso, Isabel"
   ],
   "journal": "Biochimica et Biophysica Acta (BBA) - Biomembranes",
   "has_full_text": "True",
   "full_text_file": "custom_license",
   "id": "https://doi.org/10.1016/j.bbamem.2013.08.008",
   "fhir_link": [
      "PMC/Composition/6cec1582311d7646ec984a1291cdbb76173a8b36"
   ]
}