{
   "sha": "40ae6bae0a5f86ac9beb57de189ae3320875e22c",
   "source_x": "PMC",
   "title": "ERAD and how viruses exploit it",
   "doi": "http://dx.doi.org/10.3389/fmicb.2014.00330",
   "pmcid": "PMC4080680",
   "pubmed_id": "25071743",
   "license": "CC BY",
   "abstract": "Endoplasmic reticulum (ER)-associated degradation (ERAD) is a universally important process among eukaryotic cells. ERAD is necessary to preserve cell integrity since the accumulation of defective proteins results in diseases associated with neurological dysfunction, cancer, and infections. This process involves recognition of misfolded or misassembled proteins that have been translated in association with ER membranes. Recognition of ERAD substrates leads to their extraction through the ER membrane (retrotranslocation or dislocation), ubiquitination, and destruction by cytosolic proteasomes. This review focuses on ERAD and its components as well as how viruses use this process to promote their replication and to avoid the immune response.",
   "publish_time": "2014 Jul 3",
   "authors": [
      "['Byun, Hyewon', 'Gou, Yongqiang', 'Zook, Adam', 'Lozano, Mary M.', 'Dudley, Jaquelin P.']"
   ],
   "journal": "Front Microbiol",
   "has_full_text": "True",
   "id": "40ae6bae0a5f86ac9beb57de189ae3320875e22c",
   "fhir_link": "Commercial/40ae6bae0a5f86ac9beb57de189ae3320875e22c"
}