{
   "sha": "b190452f13e95ef0af0c07243e44a98371fe00eb",
   "source_x": "PMC",
   "title": "The Coronavirus Nucleocapsid Is a Multifunctional Protein",
   "doi": "http://dx.doi.org/10.3390/v6082991",
   "pmcid": "PMC4147684",
   "pubmed_id": "25105276",
   "license": "CC BY",
   "abstract": "The coronavirus nucleocapsid (N) is a structural protein that forms complexes with genomic RNA, interacts with the viral membrane protein during virion assembly and plays a critical role in enhancing the efficiency of virus transcription and assembly. Recent studies have confirmed that N is a multifunctional protein. The aim of this review is to highlight the properties and functions of the N protein, with specific reference to (i) the topology; (ii) the intracellular localization and (iii) the functions of the protein.",
   "publish_time": "2014 Aug 7",
   "authors": [
      "['McBride, Ruth', 'van Zyl, Marjorie', 'Fielding, Burtram C.']"
   ],
   "journal": "Viruses",
   "has_full_text": "True",
   "id": "b190452f13e95ef0af0c07243e44a98371fe00eb",
   "fhir_link": "Commercial/b190452f13e95ef0af0c07243e44a98371fe00eb"
}