{
   "sha": "02766b20eeb39ff051a2f110def2e4bf8b9b010b",
   "source_x": "PMC",
   "title": "Proteome Profile of Swine Testicular Cells Infected with Porcine Transmissible Gastroenteritis Coronavirus",
   "doi": "http://dx.doi.org/10.1371/journal.pone.0110647",
   "pmcid": "PMC4204940",
   "pubmed_id": "25333634",
   "license": "CC BY",
   "abstract": "The interactions occurring between a virus and a host cell during a viral infection are complex. The purpose of this paper was to analyze altered cellular protein levels in porcine transmissible gastroenteritis coronavirus (TGEV)-infected swine testicular (ST) cells in order to determine potential virus-host interactions. A proteomic approach using isobaric tags for relative and absolute quantitation (iTRAQ)-coupled two-dimensional liquid chromatography-tandem mass spectrometry identification was conducted on the TGEV-infected ST cells. The results showed that the 4-plex iTRAQ-based quantitative approach identified 4,112 proteins, 146 of which showed significant changes in expression 48 h after infection. At 64 h post infection, 219 of these proteins showed significant change, further indicating that a larger number of proteomic changes appear to occur during the later stages of infection. Gene ontology analysis of the altered proteins showed enrichment in multiple biological processes, including cell adhesion, response to stress, generation of precursor metabolites and energy, cell motility, protein complex assembly, growth, developmental maturation, immune system process, extracellular matrix organization, locomotion, cell-cell signaling, neurological system process, and cell junction organization. Changes in the expression levels of transforming growth factor beta 1 (TGF-\u03b21), caspase-8, and heat shock protein 90 alpha (HSP90\u03b1) were also verified by western blot analysis. To our knowledge, this study is the first time the response profile of ST host cells following TGEV infection has been analyzed using iTRAQ technology, and our description of the late proteomic changes that are occurring after the time of vigorous viral production are novel. Therefore, this study provides a solid foundation for further investigation, and will likely help us to better understand the mechanisms of TGEV infection and pathogenesis.",
   "publish_time": "2014 Oct 21",
   "authors": [
      "['Ma, Ruili', 'Zhang, Yanming', 'Liu, Haiquan', 'Ning, Pengbo']"
   ],
   "journal": "PLoS One",
   "has_full_text": "True",
   "id": "02766b20eeb39ff051a2f110def2e4bf8b9b010b",
   "fhir_link": "Commercial/Composition/02766b20eeb39ff051a2f110def2e4bf8b9b010b.json"
}