{
   "sha": "6086be90c6e06e3fcbef307a61c0563e029ee24d",
   "source_x": "PMC",
   "title": "Bordetella pertussis in infants hospitalized for acute respiratory symptoms remains a concern",
   "doi": "http://dx.doi.org/10.1186/1471-2334-13-526",
   "pmcid": "PMC4226035",
   "pubmed_id": "24209790",
   "license": "CC BY",
   "abstract": "BACKGROUND: Preliminary results suggest that pertussis infection might be considered in infants during a seasonal respiratory syncytial virus (RSV) outbreak. METHODS: In order to analyze clinical features and laboratory findings in infants with pertussis hospitalized for acute respiratory symptoms during a seasonal RSV outbreak, we conducted a retrospective single-center study on 19 infants with pertussis (6 boys; median age 72 days) and 19 matched controls (RSV-bronchiolitis), hospitalized from October 2008 to April 2010. B. pertussis and RSV were detected from nasopharyngeal washes with Real Time-PCR. RESULTS: Infants with pertussis were less often breastfeed than infants with RSV bronchiolitis (63.2% vs 89.5%; p <0.06). Clinically, significantly fewer infants with pertussis than controls had more episodes of whooping cough (63.2% vs 0.0%; p\u2009<\u20090.001) and also less frequently fever at admission (15.8% vs 68.4%; p <0.01), apnea (52.6% vs 10.5%; p <0.006), and cyanosis (52.6% vs 10.5%; p\u2009<\u20090.006). Infants with pertussis had more often no abnormal chest sounds on auscultation than infants with RSV bronchiolitis (0% vs 42,1%; p\u2009<\u20090.005). The absolute blood lymphocyte and eosinophil counts were higher in infants with B. pertussis than in controls with bronchiolitis (23886\u2009\u00b1\u200916945 vs 10725\u2009\u00b1\u20094126 cells/mm(3), p\u2009<\u20090.0001 and 13.653\u2009\u00b1\u200910.430 vs 4.730\u2009\u00b1\u20092.400 cells/mm(3), p\u2009<\u20090.001). The molecular analysis of 2 B. pertussis isolates for ptxA1, ptxP3, and prn2 genes showed the presence of gene variants. CONCLUSIONS: When infants are hospitalized for acute respiratory symptoms, physicians should suspect a pertussis infection, seek for specific clinical symptoms, investigate lymphocyte and eosinophil counts and thus diagnose infection early enough to allow treatment.",
   "publish_time": "2013 Nov 8",
   "authors": [
      "['Nicolai, Ambra', 'Nenna, Raffaella', 'Stefanelli, Paola', 'Carannante, Anna', 'Schiavariello, Concetta', 'Pierangeli, Alessandra', 'Scagnolari, Carolina', 'Moretti, Corrado', 'Papoff, Paola', 'Bonci, Enea', 'Ferrara, Marianna', 'Papasso, Stefano', 'Midulla, Fabio']"
   ],
   "journal": "BMC Infect Dis",
   "has_full_text": "True",
   "id": "6086be90c6e06e3fcbef307a61c0563e029ee24d",
   "fhir_link": "Commercial/Composition/6086be90c6e06e3fcbef307a61c0563e029ee24d"
}