{
   "source_x": "CZI",
   "title": "How to fight an infodemic",
   "doi": "10.1016/S0140-6736(20)30461-X",
   "abstract": "WHO's newly launched platform aims to combat misinformation around COVID-19. John Zarocostas reports from WHO is leading the effort to slow the spread of the 2019 coronavirus disease (COVID-19) outbreak. But a global epidemic of misinformation\u2014spreading rapidly through social media platforms and other outlets\u2014poses a serious problem for public health. \u201cWe\u2019re not just fighting an epidemic; we\u2019re fighting an infodemic\u201d, said WHO Director-General Tedros Adhanom Ghebreyesus at the Munich Security Conference on Feb 15. Immediately after COVID-19 was declared a Public Health Emergency of International Concern, WHO's risk communication team launched a new information platform called WHO Information Network for Epidemics (EPI-WIN), with the aim of using a series of amplifiers to share tailored information with specific target groups. Sylvie Briand, director of Infectious Hazards Management at WHO's Health Emergencies Programme and architect of WHO's strategy to counter the infodemic risk, told The Lancet, \u201cWe know that every outbreak will be accompanied by a kind of tsunami of information, but also within this information you always have misinformation, rumours, etc. We know that even in the Middle Ages there was this phenomenon\u201d. \u201cBut the difference now with social media is that this phenomenon is amplified, it goes faster and further, like the viruses that travel with people and go faster and further. So it is a new challenge, and the challenge is the [timing] because you need to be faster if you want to fill the void\u2026What is at stake during an outbreak is making sure people will do the right thing to control the disease or to mitigate its impact. So it is not only information to make sure people are informed; it is also making sure people are informed to act appropriately.\u201d About 20 staff and some consultants are involved in WHO's communications teams globally, at any given time. This includes social media personnel at each of WHO's six regional offices, risk communications consultants, and WHO communications officers.",
   "publish_time": "2020",
   "authors": [
      "Zarocostas, John"
   ],
   "journal": "The Lancet",
   "Microsoft Academic Paper ID": "2799474450",
   "WHO #Covidence": "#3015",
   "id": "https://doi.org/10.1016/S0140-6736(20)30461-X"
}