{
   "sha": "5293ee9f32537f79656cb521e78715a5d76c93f0",
   "source_x": "Elsevier",
   "title": "Ribavarin Should Be Tested in Clinical Trials in Combination With Other Antiviral Agents for Severe Acute Respiratory Syndrome",
   "doi": "10.1016/S0012-3692(15)49656-4",
   "pubmed_id": "16354884",
   "license": "els-covid",
   "publish_time": "2005-12-31",
   "authors": [
      "Chu, Chung-Ming",
      "Chan, Kin-Sang"
   ],
   "journal": "Chest",
   "has_full_text": "True",
   "full_text_file": "custom_license",
   "id": "https://doi.org/10.1016/S0012-3692(15)49656-4",
   "fhir_link": [
      "PMC/Composition/5293ee9f32537f79656cb521e78715a5d76c93f0"
   ]
}