{
   "sha": "7012318901fec4998b1c63c77aad24e61633b147",
   "source_x": "Elsevier",
   "title": "Respiratory syncytial virus bronchiolitis, weather conditions and air pollution in an Italian urban area: An observational study",
   "doi": "10.1016/j.envres.2017.06.014",
   "pubmed_id": "28647513",
   "license": "els-covid",
   "abstract": "Abstract Background In this study we sought to evaluate the association between viral bronchiolitis, weather conditions, and air pollution in an urban area in Italy. Methods We included infants hospitalized for acute bronchiolitis from 2004 to 2014. All infants underwent a nasal washing for virus detection. A regional agency network collected meteorological data (mean temperature, relative humidity and wind velocity) and the following air pollutants: sulfur dioxide, nitrogen oxide, carbon monoxide, ozone, benzene and suspended particulate matter measuring less than 10 \u00b5m (PM10) and less than 2.5 \u00b5m (PM2.5) in aerodynamic diameter. We obtained mean weekly concentration data for the day of admission, from the urban background monitoring sites nearest to each child's home address. Overdispersed Poisson regression model was fitted and adjusted for seasonality of the respiratory syncytial virus (RSV) infection, to evaluate the impact of individual characteristics and environmental factors on the probability of a being positive RSV. Results Of the 723 nasal washings from the infants enrolled, 266 (68%) contained RSV, 63 (16.1%) rhinovirus, 26 (6.6%) human bocavirus, 20 (5.1%) human metapneumovirus, and 16 (2.2%) other viruses. The number of RSV-positive infants correlated negatively with temperature (p < 0.001), and positively with relative humidity (p < 0.001). Air pollutant concentrations differed significantly during the peak RSV months and the other months. Benzene concentration was independently associated with RSV incidence (p = 0.0124). Conclusions Seasonal weather conditions and concentration of air pollutants seem to influence RSV-related bronchiolitis epidemics in an Italian urban area.",
   "publish_time": "2017-10-31",
   "authors": [
      "Nenna, Raffaella",
      "Evangelisti, Melania",
      "Frassanito, Antonella",
      "Scagnolari, Carolina",
      "Pierangeli, Alessandra",
      "Antonelli, Guido",
      "Nicolai, Ambra",
      "Arima, Serena",
      "Moretti, Corrado",
      "Papoff, Paola",
      "Villa, Maria Pia",
      "Midulla, Fabio"
   ],
   "journal": "Environmental Research",
   "has_full_text": "True",
   "full_text_file": "custom_license",
   "id": "https://doi.org/10.1016/j.envres.2017.06.014",
   "fhir_link": [
      "PMC/Composition/7012318901fec4998b1c63c77aad24e61633b147"
   ]
}