{
   "sha": "7e5b5d16ffb537a8e940502af3011d18fe6eff9b",
   "source_x": "PMC",
   "title": "Genomic Characterization of Novel Circular ssDNA Viruses from Insectivorous Bats in Southern Brazil",
   "doi": "http://dx.doi.org/10.1371/journal.pone.0118070",
   "pmcid": "PMC4331541",
   "pubmed_id": "25688970",
   "license": "CC BY",
   "abstract": "Circoviruses are highly prevalent porcine and avian pathogens. In recent years, novel circular ssDNA genomes have recently been detected in a variety of fecal and environmental samples using deep sequencing approaches. In this study the identification of genomes of novel circoviruses and cycloviruses in feces of insectivorous bats is reported. Pan-reactive primers were used targeting the conserved rep region of circoviruses and cycloviruses to screen DNA bat fecal samples. Using this approach, partial rep sequences were detected which formed five phylogenetic groups distributed among the Circovirus and the recently proposed Cyclovirus genera of the Circoviridae. Further analysis using inverse PCR and Sanger sequencing led to the characterization of four new putative members of the family Circoviridae with genome size ranging from 1,608 to 1,790 nt, two inversely arranged ORFs, and canonical nonamer sequences atop a stem loop.",
   "publish_time": "2015 Feb 17",
   "authors": [
      "['Lima, Francisco Esmaile de Sales', 'Cibulski, Samuel Paulo', 'dos Santos, Helton Fernandes', 'Teixeira, Thais Fumaco', 'Varela, Ana Paula Muterle', 'Roehe, Paulo Michel', 'Delwart, Eric', 'Franco, Ana Cl\u00e1udia']"
   ],
   "journal": "PLoS One",
   "has_full_text": "True",
   "id": "7e5b5d16ffb537a8e940502af3011d18fe6eff9b",
   "fhir_link": "Commercial/7e5b5d16ffb537a8e940502af3011d18fe6eff9b"
}