{
   "sha": "7fda5d920eac31455a74e43611957a5aaac5fcac",
   "source_x": "Elsevier",
   "title": "An efficient lattice Boltzmann model for indoor airflow and particle transport",
   "doi": "10.1016/j.jaerosci.2013.04.004",
   "license": "els-covid",
   "abstract": "Abstract The three-dimensional multiple-relaxation-time LB (MRT-LB) and Lagrangian particle tracking methods were applied to simulate turbulent airflow and particle dispersion in a ventilated room with a partition. The turbulent airflow was simulated by large eddy simulation (LES) using the MRT-LB method with the Smagorinsky model. This method was verified by comparing it with experimental and other numerical results. Good agreement was observed between airflow simulation and experimental data. It is also demonstrated that the LES carried out by the MRT-LB method can produce airflow results very similar to the RNG LES and provide better prediction than the standard and RNG k\u2013\u03b5 models. In order to further improve the efficiency of the MRT-LB method, the multi-block grid refinement (MBGR) technique was used. The accuracy and efficiency of the MBGR and the consistency of physical quantities across the interface were investigated. In simulation of particle dispersion in the model room, particles with diameters of 1 and 10 \u00b5m were considered. It is shown that this model can successfully capture dispersion characteristics of particles.",
   "publish_time": "2013-09-30",
   "authors": [
      "Ding, L.",
      "Lai, A.C.K."
   ],
   "journal": "Journal of Aerosol Science",
   "has_full_text": "True",
   "full_text_file": "custom_license",
   "id": "https://doi.org/10.1016/j.jaerosci.2013.04.004",
   "fhir_link": [
      "PMC/Composition/7fda5d920eac31455a74e43611957a5aaac5fcac"
   ]
}