{
   "sha": "d8e9ba5b8657f01d92a6da7558aa323fa9ec5539",
   "source_x": "PMC",
   "title": "Type I Interferon Response Is Delayed in Human Astrovirus Infections",
   "doi": "http://dx.doi.org/10.1371/journal.pone.0123087",
   "pmcid": "PMC4383485",
   "pubmed_id": "25837699",
   "license": "CC BY",
   "abstract": "Type I interferon (IFN) activation and its subsequent effects are important in the response to viral infections. Here we show that human astroviruses (HAstVs), which are important agents of acute gastroenteritis in children, induce a mild and delayed IFN response upon infecting CaCo-2 cells. Although IFN-\u03b2 mRNA is detected within infected cells and supernatant from infected cells show antiviral activity against the replication of other well-known IFN-sensitive viruses, these responses occur at late stages of infection once genome replication has taken place. On the other hand, HAstV replication can be partially reduced by the addition of exogenous IFN, and inhibition of IFN activation by BX795 enhances viral replication, indicating that HAstVs are IFN-sensitive viruses. Finally, different levels of IFN response were observed in cells infected with different HAstV mutants with changes in the hypervariable region of nsP1a/4, suggesting that nsP1a/4 genotype may potentially have clinical implications due to its correlation with the viral replication phenotype and the antiviral responses induced within infected cells.",
   "publish_time": "2015 Apr 2",
   "authors": [
      "['Guix, Susana', 'P\u00e9rez-Bosque, Anna', 'Mir\u00f3, Llu\u00efsa', 'Moret\u00f3, Miquel', 'Bosch, Albert', 'Pint\u00f3, Rosa M.']"
   ],
   "journal": "PLoS One",
   "has_full_text": "True",
   "id": "d8e9ba5b8657f01d92a6da7558aa323fa9ec5539",
   "fhir_link": "Commercial/Composition/d8e9ba5b8657f01d92a6da7558aa323fa9ec5539"
}