{
   "sha": "92880f460fcf62a08b4bee70016c2f5328a73297",
   "source_x": "Elsevier",
   "title": "Effects of Additional Milk Replacer Feeding on Calf Health, Growth, and Selected Blood Metabolites in Calves",
   "doi": "10.3168/jds.S0022-0302(06)72085-9",
   "pubmed_id": "16357284",
   "license": "els-covid",
   "abstract": "Abstract The objective of the experiment was to evaluate effects of increased milk replacer feeding on growth, intake, feed efficiency, and health parameters in stressed calves. Holstein bull calves (n = 120; approximately 3 to 8 d of age) were purchased from sale barns and dairy farms and housed in fiberglass hutches. In addition, wood shavings contaminated with coronavirus were mixed with clean shavings and added to each hutch before the start of the experiment. Calves were fed either a fixed amount (454 g/d) of a 20% crude protein (CP), 20% fat milk replacer to weaning at 28 d or a variable amount (454, 681, 908, and 454 g/d on d 0 to 7, 8 to 14, 15 to 31, and 32 to 41, respectively) of a milk replacer containing 28% CP and 17% fat without or with added dietary supplement containing bovine serum. Calves were also fed commercial calf starter and water ad libitum. Plasma IgG concentration in most calves on arrival at the facility was<10g/L. Intake, change in body weight, feed efficiency, morbidity and mortality, and selected plasma metabolites were determined. Body weight at 28 d, 56 d, daily body weight gain, intake of milk replacer, fecal scores, days with diarrhea, and days treated with antibiotics were increased with feeding variable amount of milk replacer over the 56-d study. Starter intake from d 1 to 56 was reduced from 919 to 717 g/d in calves fed fixed and variable amounts of milk replacer, respectively. Morbidity, measured as the number of days that calves had diarrhea, was increased by 53% when a variable amount of milk replacer was fed. Calves fed variable milk replacer were treated with antibiotics for 3.1 d compared with 1.9 d for calves fed 454g of milk replacer/d. Concentrations of plasma glucose, urea N, and insulin-like growth factor-I were increased when calves were fed variable amount of milk replacer. Dietary supplement containing bovine serum had no effect on any parameter measured. There was no effect of milk replacer feeding on concentrations of nonesterified fatty acids, total protein, or growth hormone concentrations. Plasma tumor necrosis factor-\u03b1 was highest in calves with the highest plasma IgG concentrations on the day of arrival and might be related to the calf's ability to identify pathogens in the environment. Under conditions of this study, calves fed variable amount of milk replacer and exposed to immunological challenge before weaning had greater BW gain, but also increased incidence of diarrhea that required added veterinary treatments.",
   "publish_time": "2006-01-31",
   "authors": [
      "Quigley, J.D.",
      "Wolfe, T.A.",
      "Elsasser, T.H."
   ],
   "journal": "Journal of Dairy Science",
   "has_full_text": "True",
   "full_text_file": "custom_license",
   "id": "https://doi.org/10.3168/jds.S0022-0302(06)72085-9",
   "fhir_link": [
      "PMC/Composition/92880f460fcf62a08b4bee70016c2f5328a73297"
   ]
}