{
   "sha": "fd31ade73c720f893a5ddb2370df90a84511ec4a",
   "source_x": "PMC",
   "title": "Distribution of antibodies against influenza virus in pigs from farrow-to-finish farms in Minas Gerais state, Brazil",
   "doi": "http://dx.doi.org/10.1111/irv.12304",
   "pmcid": "PMC4415701",
   "pubmed_id": "25648743",
   "license": "CC BY",
   "abstract": "BACKGROUND: Swine influenza virus (SIV) is the cause of an acute respiratory disease that affects swine worldwide. In Brazil, SIV has been identified in pigs since 1978. After the emergence of pandemic H1N1 in 2009 (H1N1pdm09), few studies reported the presence of influenza virus in Brazilian herds. OBJECTIVES: The objective of this study was to evaluate the serological profile for influenza virus in farrow-to-finish pig farms in Minas Gerais state, Brazil. METHODS: Thirty farms with no SIV vaccination history were selected from the four larger pig production areas in Minas Gerais state (Zona da Mata, Tri\u00e2ngulo Mineiro/Alto Parana\u00edba, South/Southwest and the Belo Horizonte metropolitan area). At each farm, blood samples were randomly collected from 20 animals in each production cycle category: breeding animals (sows and gilts), farrowing crate (2\u20133\u00a0weeks), nursery (4\u20137\u00a0weeks), grower pigs (8\u201314\u00a0weeks), and finishing pigs (15\u201316\u00a0weeks), with 100 samples per farm and a total of 3000 animals in this study. The samples were tested for hemagglutination inhibition activity against H1N1 pandemic strain (A/swine/Brazil/11/2009) and H3N2 SIV (A/swine/Iowa/8548-2/98) reference strain. RESULTS: The percentages of seropositive animals for H1N1pdm09 and H3N2 were 26\u00b723% and 1\u00b757%, respectively, and the percentages of seropositive herds for both viruses were 96\u00b76% and 13\u00b72%, respectively. CONCLUSIONS: The serological profiles differed for both viruses and among the studied areas, suggesting a high variety of virus circulation around the state, as well as the presence of seronegative animals susceptible to influenza infection and, consequently, new respiratory disease outbreaks.",
   "publish_time": "2015 May 23",
   "authors": [
      "['Dias, Alessandra S', 'Costa, \u00c9rica A', 'Raj\u00e3o, Daniela S', 'Guedes, Roberto M C', 'Ciacci Zanella, Janice R', 'Lobato, Z\u00e9lia I P']"
   ],
   "journal": "Influenza Other Respir Viruses",
   "has_full_text": "True",
   "id": "fd31ade73c720f893a5ddb2370df90a84511ec4a",
   "fhir_link": "Commercial/Composition/fd31ade73c720f893a5ddb2370df90a84511ec4a"
}