{
   "sha": "0f155ed73f6215e81f3bb11b3ad44eded182ee16",
   "source_x": "Elsevier",
   "title": "Proposed Calfhood Immunization Program for the Commercial Dairy Herd",
   "doi": "10.3168/jds.S0022-0302(77)83868-X",
   "pubmed_id": "190280",
   "license": "els-covid",
   "abstract": "Abstract Immunization programs never will usurp the central role of sound management practices and good nutrition in the disease prevention program of the commercial dairy operation. However, certain immunizations against disease such as brucellosis, leptospirosis, and clostridial infections should be routine. Other disease such as infectious bovine rhinotracheitis, bovine virus diarrhea, parainfluenza-3, colibacillosis, and pasteurellosis should be considered if it can be determined that the herd is infected chronically. The present knowledge of other disease conditions, vaccine effectiveness and safety makes the use of vaccines for other diseases of questionable value.",
   "publish_time": "1977-02-28",
   "authors": [
      "Smith, Paul C."
   ],
   "journal": "Journal of Dairy Science",
   "has_full_text": "True",
   "full_text_file": "custom_license",
   "id": "https://doi.org/10.3168/jds.S0022-0302(77)83868-X",
   "fhir_link": [
      "PMC/Composition/0f155ed73f6215e81f3bb11b3ad44eded182ee16"
   ]
}