{
   "sha": "eabb427018b4decc5d1e04772814238be2a6d9d6",
   "source_x": "PMC",
   "title": "Forecasting the 2013\u20132014 Influenza Season Using Wikipedia",
   "doi": "http://dx.doi.org/10.1371/journal.pcbi.1004239",
   "pmcid": "PMC4431683",
   "pubmed_id": "25974758",
   "license": "CC0",
   "abstract": "Infectious diseases are one of the leading causes of morbidity and mortality around the world; thus, forecasting their impact is crucial for planning an effective response strategy. According to the Centers for Disease Control and Prevention (CDC), seasonal influenza affects 5% to 20% of the U.S. population and causes major economic impacts resulting from hospitalization and absenteeism. Understanding influenza dynamics and forecasting its impact is fundamental for developing prevention and mitigation strategies. We combine modern data assimilation methods with Wikipedia access logs and CDC influenza-like illness (ILI) reports to create a weekly forecast for seasonal influenza. The methods are applied to the 2013-2014 influenza season but are sufficiently general to forecast any disease outbreak, given incidence or case count data. We adjust the initialization and parametrization of a disease model and show that this allows us to determine systematic model bias. In addition, we provide a way to determine where the model diverges from observation and evaluate forecast accuracy. Wikipedia article access logs are shown to be highly correlated with historical ILI records and allow for accurate prediction of ILI data several weeks before it becomes available. The results show that prior to the peak of the flu season, our forecasting method produced 50% and 95% credible intervals for the 2013-2014 ILI observations that contained the actual observations for most weeks in the forecast. However, since our model does not account for re-infection or multiple strains of influenza, the tail of the epidemic is not predicted well after the peak of flu season has passed.",
   "publish_time": "2015 May 14",
   "authors": [
      "['Hickmann, Kyle S.', 'Fairchild, Geoffrey', 'Priedhorsky, Reid', 'Generous, Nicholas', 'Hyman, James M.', 'Deshpande, Alina', 'Del Valle, Sara Y.']"
   ],
   "journal": "PLoS Comput Biol",
   "has_full_text": "True",
   "id": "eabb427018b4decc5d1e04772814238be2a6d9d6",
   "fhir_link": "Commercial/Composition/eabb427018b4decc5d1e04772814238be2a6d9d6.json"
}