{
   "sha": "9a5204adad37c33aa91eb250ce1c3df980767294",
   "source_x": "Elsevier",
   "title": "pH-dependent Conformational Flexibility of the SARS-CoV Main Proteinase (Mpro) Dimer: Molecular Dynamics Simulations and Multiple X-ray Structure Analyses",
   "doi": "10.1016/j.jmb.2005.09.012",
   "license": "els-covid",
   "abstract": "The SARS coronavirus main proteinase (Mpro) is a key enzyme in the processing of the viral polyproteins and thus an attractive target for the discovery of drugs directed against SARS. The enzyme has been shown by X-ray crystallography to undergo significant pH-dependent conformational changes. Here, we assess the conformational flexibility of the Mpro by analysis of multiple crystal structures (including two new crystal forms) and by molecular dynamics (MD) calculations. The MD simulations take into account the different protonation states of two histidine residues in the substrate-binding site and explain the pH-activity profile of the enzyme. The low enzymatic activity of the Mpro monomer and the need for dimerization are also discussed.",
   "publish_time": "2005-11-18",
   "authors": [
      "Tan, Jinzhi",
      "Verschueren, Koen H.G.",
      "Anand, Kanchan",
      "Shen, Jianhua",
      "Yang, Maojun",
      "Xu, Yechun",
      "Rao, Zihe",
      "Bigalke, Janna",
      "Heisen, Burkhard",
      "Mesters, Jeroen R.",
      "Chen, Kaixian",
      "Shen, Xu",
      "Jiang, Hualiang",
      "Hilgenfeld, Rolf"
   ],
   "journal": "Journal of Molecular Biology",
   "has_full_text": "True",
   "full_text_file": "custom_license",
   "id": "https://doi.org/10.1016/j.jmb.2005.09.012",
   "fhir_link": [
      "PMC/Composition/9a5204adad37c33aa91eb250ce1c3df980767294"
   ]
}