{
   "sha": "e82c458779137caddb713da94ff08b30a1f32b9f",
   "source_x": "PMC",
   "title": "New Metrics for Evaluating Viral Respiratory Pathogenesis",
   "doi": "http://dx.doi.org/10.1371/journal.pone.0131451",
   "pmcid": "PMC4482571",
   "pubmed_id": "26115403",
   "license": "CC BY",
   "abstract": "Viral pathogenesis studies in mice have relied on markers of severe systemic disease, rather than clinically relevant measures, to evaluate respiratory virus infection; thus confounding connections to human disease. Here, whole-body plethysmography was used to directly measure changes in pulmonary function during two respiratory viral infections. This methodology closely tracked with traditional pathogenesis metrics, distinguished both virus- and dose-specific responses, and identified long-term respiratory changes following both SARS-CoV and Influenza A Virus infection. Together, the work highlights the utility of examining respiratory function following infection in order to fully understand viral pathogenesis.",
   "publish_time": "2015 Jun 26",
   "authors": [
      "['Menachery, Vineet D.', 'Gralinski, Lisa E.', 'Baric, Ralph S.', 'Ferris, Martin T.']"
   ],
   "journal": "PLoS One",
   "has_full_text": "False",
   "id": "e82c458779137caddb713da94ff08b30a1f32b9f"
}