{
   "source_x": "Elsevier",
   "title": "New 3D graphical representation of DNA sequence based on dual nucleotides",
   "doi": "10.1016/j.jtbi.2007.08.025",
   "pubmed_id": "17931659",
   "license": "els-covid",
   "abstract": "Abstract We introduce a 3D graphical representation of DNA sequences based on the pairs of dual nucleotides (DNs). Based on this representation, we consider some mathematical invariants and construct two 16-component vectors associated with these invariants. The vectors are used to characterize and compare the complete coding sequence part of beta globin gene of nine different species. The examination of similarities/dissimilarities illustrates the utility of the approach.",
   "publish_time": "2007-12-21",
   "authors": [
      "Qi, Xiao-Qin",
      "Wen, Jie",
      "Qi, Zhao-Hui"
   ],
   "journal": "Journal of Theoretical Biology",
   "has_full_text": "False",
   "full_text_file": "custom_license",
   "id": "https://doi.org/10.1016/j.jtbi.2007.08.025"
}