{
   "sha": "dbbb49ef360b3f97d6ecda042ef75186a78ddfa3",
   "source_x": "PMC",
   "title": "Risk assessment as a tool for improving external biosecurity at farm level",
   "doi": "http://dx.doi.org/10.1186/s12917-015-0477-7",
   "pmcid": "PMC4515931",
   "pubmed_id": "26215281",
   "license": "CC BY",
   "abstract": "BACKGROUND: Biosecurity routines at herd level may reduce the probability of introduction of disease into the herd, but some measures may be regarded as expensive and cumbersome for the farmers. Custom-made measures based on individual farm characteristics may aid in improving the actual application of on-farm biosecurity. The aim of the study was to provide a tool for calculating the effects of different biosecurity measures and strategies on the individual farm level. A simple model was developed to assess the risk of disease introduction and the need for biosecurity measures in individual farms. To illustrate the general applicability of the tool, it was applied to theoretical examples of Swedish cattle and pig farms and diseases endemic in those animal species in the EU, in two scenarios with different between-farm contact patterns. RESULTS: The model illustrated that the most important factors affecting the risk, and the effect of biosecurity measures such as quarantine routines and protective clothing, were the frequency of between-farm contacts and prevalence of the disease. The risk of introduction as well as the effect of biosecurity measures differed between farm types and disease transmission routes. Adapting contact patterns to mitigate a specific disease risk was as important as biosecurity measures for some farm types, but the largest effect was seen when combining biosecurity measures with more planned contact patterns. CONCLUSIONS: The risk assessment model proved useful for illustrating the risk of introduction of endemic diseases and the mitigating effect of different biosecurity measures on farm level. Model outputs could be used to justify prioritisation of measures or adapting contact patterns. The theoretic exercise of adjusting model inputs and comparing outputs may help veterinary advisors to understand farm-specific risks and motivate farmers to improve biosecurity in their individual farm, as it can be tailored to each farmer\u2019s needs and preferences.",
   "publish_time": "2015 Jul 28",
   "authors": [
      "['Lewerin, Susanna Sternberg', '\u00d6sterberg, Julia', 'Alenius, Stefan', 'Elvander, Marianne', 'Fellstr\u00f6m, Claes', 'Tr\u00e5v\u00e9n, Madeleine', 'Wallgren, Per', 'Waller, Karin Persson', 'Jacobson, Magdalena']"
   ],
   "journal": "BMC Vet Res",
   "has_full_text": "True",
   "id": "dbbb49ef360b3f97d6ecda042ef75186a78ddfa3",
   "fhir_link": "Commercial/Composition/dbbb49ef360b3f97d6ecda042ef75186a78ddfa3.json"
}