{
   "sha": "84dfdd13ab7bf0544b5939a86b0c24b9a06e9700",
   "source_x": "PMC",
   "title": "The Role of Dipeptidyl Peptidase \u2013 4 Inhibitors in Diabetic Kidney Disease",
   "doi": "http://dx.doi.org/10.3389/fimmu.2015.00443",
   "pmcid": "PMC4551869",
   "pubmed_id": "26379674",
   "license": "CC BY",
   "abstract": "Despite major advances in the understanding of the molecular mechanisms that underpin the development of diabetic kidney disease, current best practice still leaves a significant proportion of patients with end-stage kidney disease requiring renal replacement therapy. This is on a background of an increasing diabetes epidemic worldwide. Although kidney failure is a major cause of morbidity the main cause of death remains cardiovascular in nature. Hence, diabetic therapies which are both \u201ccardio-renal\u201d protective seem the logical way forward. In this review, we discuss the dipeptidyl peptidase 4 (DPP4) inhibitors (DPP4inh), which are glucose-lowering agents used clinically and their role in diabetic kidney disease with specific focus on renoprotection and surrogate markers of cardiovascular disease. We highlight the novel pleiotropic effects of DPP4 that make it an attractive additional target to combat the fibrotic and inflammatory pathways in diabetic kidney disease and also discuss the current literature on the cardiovascular safety profile of DPP4inh. Clearly, these observed renoprotective effects will need to be confirmed by clinical trials to determine whether they translate into beneficial effects to patients with diabetes.",
   "publish_time": "2015 Aug 28",
   "authors": [
      "['Panchapakesan, Usha', 'Pollock, Carol']"
   ],
   "journal": "Front Immunol",
   "has_full_text": "True",
   "id": "84dfdd13ab7bf0544b5939a86b0c24b9a06e9700",
   "fhir_link": "Commercial/Composition/84dfdd13ab7bf0544b5939a86b0c24b9a06e9700"
}