{
   "sha": "208f4d527c8ac85c04dd9e431babfaaa54e66428",
   "source_x": "PMC",
   "title": "One Health \u2013 a strategy for resilience in a changing arctic",
   "doi": "http://dx.doi.org/10.3402/ijch.v74.27913",
   "pmcid": "PMC4558275",
   "pubmed_id": "26333722",
   "license": "CC BY",
   "abstract": "The circumpolar north is uniquely vulnerable to the health impacts of climate change. While international Arctic collaboration on health has enhanced partnerships and advanced the health of inhabitants, significant challenges lie ahead. One Health is an approach that considers the connections between the environment, plant, animal and human health. Understanding this is increasingly critical in assessing the impact of global climate change on the health of Arctic inhabitants. The effects of climate change are complex and difficult to predict with certainty. Health risks include changes in the distribution of infectious disease, expansion of zoonotic diseases and vectors, changing migration patterns, impacts on food security and changes in water availability and quality, among others. A regional network of diverse stakeholder and transdisciplinary specialists from circumpolar nations and Indigenous groups can advance the understanding of complex climate-driven health risks and provide community-based strategies for early identification, prevention and adaption of health risks in human, animals and environment. We propose a regional One Health approach for assessing interactions at the Arctic human\u2013animal\u2013environment interface to enhance the understanding of, and response to, the complexities of climate change on the health of the Arctic inhabitants.",
   "publish_time": "2015 Sep 1",
   "authors": [
      "['Ruscio, Bruce A.', 'Brubaker, Michael', 'Glasser, Joshua', 'Hueston, Will', 'Hennessy, Thomas W.']"
   ],
   "journal": "Int J Circumpolar Health",
   "has_full_text": "True",
   "id": "208f4d527c8ac85c04dd9e431babfaaa54e66428",
   "fhir_link": "Commercial/Composition/208f4d527c8ac85c04dd9e431babfaaa54e66428.json"
}