{
   "sha": "a5360f18c21cf7f9a04e9b21663301b4548eadd9",
   "source_x": "PMC",
   "title": "A Multiple siRNA-Based Anti-HIV/SHIV Microbicide Shows Protection in Both In Vitro and In Vivo Models",
   "doi": "http://dx.doi.org/10.1371/journal.pone.0135288",
   "pmcid": "PMC4583459",
   "pubmed_id": "26407080",
   "license": "CC0",
   "abstract": "Human immunodeficiency virus (HIV) types 1 and 2 (HIV-1 and HIV-2) are the etiologic agents of AIDS. Most HIV-1 infected individuals worldwide are women, who acquire HIV infections during sexual contact. Blocking HIV mucosal transmission and local spread in the female lower genital tract is important in preventing infection and ultimately eliminating the pandemic. Microbicides work by destroying the microbes or preventing them from establishing an infection. Thus, a number of different types of microbicides are under investigation, however, the lack of their solubility and bioavailability, and toxicity has been major hurdles. Herein, we report the development of multifunctional chitosan-lipid nanocomplexes that can effectively deliver plasmids encoding siRNA(s) as microbicides without adverse effects and provide significant protection against HIV in both in vitro and in vivo models. Chitosan or chitosan-lipid (chlipid) was complexed with a cocktail of plasmids encoding HIV-1-specific siRNAs (psiRNAs) and evaluated for their efficacy in HEK-293 cells, PBMCs derived from nonhuman primates, 3-dimensional human vaginal ectocervical tissue (3D-VEC) model and also in non-human primate model. Moreover, prophylactic administration of the chlipid to deliver a psiRNA cocktail intravaginally with a cream formulation in a non-human primate model showed substantial reduction of SHIV (simian/human immunodeficiency virus SF162) viral titers. Taken together, these studies demonstrate the potential of chlipid-siRNA nanocomplexes as a potential genetic microbicide against HIV infections.",
   "publish_time": "2015 Sep 25",
   "authors": [
      "['Boyapalle, Sandhya', 'Xu, Weidong', 'Raulji, Payal', 'Mohapatra, Subhra', 'Mohapatra, Shyam S']"
   ],
   "journal": "PLoS One",
   "has_full_text": "True",
   "id": "a5360f18c21cf7f9a04e9b21663301b4548eadd9",
   "fhir_link": "Commercial/Composition/a5360f18c21cf7f9a04e9b21663301b4548eadd9"
}