{
   "sha": "865165018fb3cac831bd7f134dc240d038c25b0c",
   "source_x": "PMC",
   "title": "The Hepatitis E virus intraviral interactome",
   "doi": "http://dx.doi.org/10.1038/srep13872",
   "pmcid": "PMC4604457",
   "pubmed_id": "26463011",
   "license": "CC BY",
   "abstract": "Hepatitis E virus (HEV) is an emerging virus causing epidemic acute hepatitis in developing countries as well as sporadic cases in industrialized countries. The life cycle of HEV is still poorly understood and the lack of efficient cell culture systems and animal models are the principal limitations for a detailed study of the viral replication cycle. Here we exhaustively examine all possible intraviral protein-protein interactions (PPIs) of HEV by systematic Yeast two-hybrid (Y2H) and LuMPIS screens, providing a basis for studying the function of these proteins in the viral replication cycle. Key PPIs correlate with the already published HEV 3D structure. Furthermore, we report 20 novel PPIs including the homodimerization of the RNA dependent RNA polymerase (RdRp), the self-interaction of the papain like protease, and ORF3 interactions with the papain-like protease and putative replicase components: RdRp, methylase and helicase. Furthermore, we determined the dissociation constant (K(d)) of ORF3 interactions with the viral helicase, papain-like protease and methylase, which suggest a regulatory function for ORF3 in orchestrating the formation of the replicase complex. These interactions may represent new targets for antiviral drugs.",
   "publish_time": "2015 Oct 14",
   "authors": [
      "['Osterman, Andreas', 'Stellberger, Thorsten', 'Gebhardt, Anna', 'Kurz, Marisa', 'Friedel, Caroline C.', 'Uetz, Peter', 'Nitschko, Hans', 'Baiker, Armin', 'Vizoso-Pinto, Maria G.']"
   ],
   "journal": "Sci Rep",
   "has_full_text": "False",
   "id": "865165018fb3cac831bd7f134dc240d038c25b0c"
}