{
   "sha": "f607a200032e94638be8949dc81e3ecfd03f85d3",
   "source_x": "Elsevier",
   "title": "A review of enzyme immunoassay for detection of antibody to Brucella abortus in cattle",
   "doi": "10.1016/0165-2427(88)90160-2",
   "pubmed_id": "3137720",
   "license": "els-covid",
   "abstract": "Abstract Enzyme immunoassay has gained wide acceptance for serological diagnosis of bovine brucellosis because of its ability to detect antibody of all isotypes unlike the conventional tests. The indirect enzyme immunoassay, however, presents several parameters that require careful analysis. These parameters include the choice of antigen and antiglobulin-enzyme conjugate reagents for use in the assay, dealing with the large amount of data the semi-automatic or automatic assay can generate and the inter-and intralaboratory standardization and quality control. This review considers the various methods described in the literature and, briefly, how some of the problems have been overcome or how they might be dealt with.",
   "publish_time": "1988-06-30",
   "authors": [
      "Nielsen, K.H.",
      "Wright, P.F.",
      "Kelly, W.A.",
      "Cherwonogrodzky, J.H."
   ],
   "journal": "Veterinary Immunology and Immunopathology",
   "has_full_text": "True",
   "full_text_file": "custom_license",
   "id": "https://doi.org/10.1016/0165-2427(88)90160-2",
   "fhir_link": [
      "PMC/Composition/f607a200032e94638be8949dc81e3ecfd03f85d3"
   ]
}