{
   "sha": "3811a68dda2911cb406a2fbb448530aa2319ee21",
   "source_x": "PMC",
   "title": "Mucosal Immunogenicity of Genetically Modified Lactobacillus acidophilus Expressing an HIV-1 Epitope within the Surface Layer Protein",
   "doi": "http://dx.doi.org/10.1371/journal.pone.0141713",
   "pmcid": "PMC4624987",
   "pubmed_id": "26509697",
   "license": "CC BY",
   "abstract": "Surface layer proteins of probiotic lactobacilli are theoretically efficient epitope-displaying scaffolds for oral vaccine delivery due to their high expression levels and surface localization. In this study, we constructed genetically modified Lactobacillus acidophilus strains expressing the membrane proximal external region (MPER) from human immunodeficiency virus type 1 (HIV-1) within the context of the major S-layer protein, SlpA. Intragastric immunization of mice with the recombinants induced MPER-specific and S-layer protein-specific antibodies in serum and mucosal secretions. Moreover, analysis of systemic SlpA-specific cytokines revealed that the responses appeared to be Th1 and Th17 dominant. These findings demonstrated the potential use of the Lactobacillus S-layer protein for development of oral vaccines targeting specific peptides.",
   "publish_time": "2015 Oct 28",
   "authors": [
      "['Kajikawa, Akinobu', 'Zhang, Lin', 'LaVoy, Alora', 'Bumgardner, Sara', 'Klaenhammer, Todd R.', 'Dean, Gregg A.']"
   ],
   "journal": "PLoS One",
   "has_full_text": "True",
   "id": "3811a68dda2911cb406a2fbb448530aa2319ee21",
   "fhir_link": "Commercial/3811a68dda2911cb406a2fbb448530aa2319ee21"
}