{
   "sha": "19346c41a8edd60fce3d9f94bc7f15c95e82ebc4",
   "source_x": "Elsevier",
   "title": "Investigating gastroenteritis: The merseyside experience 1983\u20131987",
   "doi": "10.1016/S0033-3506(88)80079-9",
   "pubmed_id": "3186906",
   "license": "els-covid",
   "abstract": "Outbreaks of gastroenteritis may lead to serious disruption when many persons are absent from work or school. The illness may be life-threatening, particularly in the very young and very old. Control of gastroenteritis associated with microbial infection is therefore an important aspect of preventive medicine. Laboratory investigations are necessary to establish the source of an outbreak, to determine whether chemotherapy is necessary as it is in, for example, Giardia lamblia infection and to identify long-term changes in the pattern of infections related to altered dietary habits and other social factors. In this survey we draw attention to the many infective agents which have to be considered in the investigation of cases and outbreaks of gastroenteritis. The examination of faecal samples in the microbiology laboratory is becoming increasingly complex requiring as it does the use of additional new techniques for previously unrecognised bacterial, viral and protozoal causes of gastroenteritis including, in the last two decades, Campylobacter, Clostridium difficile, rotavirus, Norwalk virus and Cryptosporidium. These investigations are however expensive and in the face of increasing pressure to economise, it is of paramount importance that the best use should be made of the resources available. To this end we make recommendations about the information that should accompany faecal and other samples submitted to the laboratory from outbreaks of gastroenteritis.",
   "publish_time": "1988-09-30",
   "authors": [
      "Turner, G.C.",
      "Anderson, R. Dawn",
      "Ashton, C.I."
   ],
   "journal": "Public Health",
   "has_full_text": "True",
   "full_text_file": "custom_license",
   "id": "https://doi.org/10.1016/S0033-3506(88)80079-9",
   "fhir_link": [
      "PMC/Composition/19346c41a8edd60fce3d9f94bc7f15c95e82ebc4"
   ]
}