{
   "sha": "d1c1bd209f926008559199664c99b11dfc3b125f",
   "source_x": "Elsevier",
   "title": "Pneumonia in Normal and Immunocompromised Children: An Overview and Update",
   "doi": "10.1016/j.rcl.2011.06.007",
   "pubmed_id": "21889014",
   "license": "els-covid",
   "publish_time": "2011-09-30",
   "authors": [
      "Eslamy, Hedieh K.",
      "Newman, Beverley"
   ],
   "journal": "Radiologic Clinics of North America",
   "has_full_text": "True",
   "full_text_file": "custom_license",
   "id": "https://doi.org/10.1016/j.rcl.2011.06.007",
   "fhir_link": [
      "PMC/Composition/d1c1bd209f926008559199664c99b11dfc3b125f"
   ]
}