{
   "sha": "2d1a42eaac3e6f53216c57737bc0ee338a516515",
   "source_x": "Elsevier",
   "title": "Cryptosporidium outbreak in calves on a large dairy farm: Effect of treatment and the association with the inflammatory response and short-term weight gain",
   "doi": "10.1016/j.rvsc.2017.12.015",
   "pubmed_id": "29304439",
   "license": "els-covid",
   "abstract": "Abstract Cryptosporidium spp. infections in neonatal dairy calves can cause diarrhoea and, in rare cases, death. The infection is usually self-limiting, but halofuginone lactate (HL) can be used prophylactically. Calves (n =144) in the study were born during a 2-month period on one farm. A total of 901 serum and 767 faecal samples were collected. Based on HL treatment, the calves were divided into 3 groups: I) not treated, II) treated incorrectly (treatment started >48h after birth, or lasted <7days), and III) treated correctly (started <48h after birth, and lasted \u22657days). Over the 3-month observation period, 14.6% (n =21) of the calves died, of which most (67%) had not been treated with HL. Correctly performed treatment of cryptosporidiosis significantly delayed the onset of oocysts shedding (P <0.001) and reduced haptoglobin (HP) and serum amyloid A (SAA) concentrations in the second week of life. HP concentration and HL treatment were negatively associated with weight gain at 3months of age. Cryptosporidium positive faecal samples were significantly (P <0.001) more likely to be diarrhoeic but Giardia or Eimeria positive samples were not. Correct prophylactic treatment with HL delayed the shedding of Cryptosporidium oocysts and improved survival, but was negatively associated with weight gain. Incorrect treatment had a low impact on mortality and resembled no treatment regarding the proportion of calves shedding oocysts. Acute phase response (APR) in the second week of life seemed to be positively associated with shedding high amounts of Cryptosporidium oocysts.",
   "publish_time": "2018-04-30",
   "authors": [
      "Niine, Tarmo",
      "Dorbek-Kolin, Elisabeth",
      "Lassen, Brian",
      "Orro, Toomas"
   ],
   "journal": "Research in Veterinary Science",
   "has_full_text": "True",
   "full_text_file": "custom_license",
   "id": "https://doi.org/10.1016/j.rvsc.2017.12.015",
   "fhir_link": [
      "PMC/Composition/2d1a42eaac3e6f53216c57737bc0ee338a516515"
   ]
}