{
   "sha": "4f47adf53fef07c0ca76beb4b100bbdfa54b2b0b",
   "source_x": "PMC",
   "title": "M1 of Murine Gamma-Herpesvirus 68 Induces Endoplasmic Reticulum Chaperone Production",
   "doi": "http://dx.doi.org/10.1038/srep17228",
   "pmcid": "PMC4663489",
   "pubmed_id": "26615759",
   "license": "CC BY",
   "abstract": "Viruses rely on host chaperone network to support their infection. In particular, the endoplasmic reticulum (ER) resident chaperones play key roles in synthesizing and processing viral proteins. Influx of a large amount of foreign proteins exhausts the folding capacity in ER and triggers the unfolded protein response (UPR). A fully-executed UPR comprises signaling pathways that induce ER folding chaperones, increase protein degradation, block new protein synthesis and may eventually activate apoptosis, presenting both opportunities and threats to the virus. Here, we define a role of the MHV-68M1 gene in differential modulation of UPR pathways to enhance ER chaperone production. Ectopic expression of M1 markedly induces ER chaperone genes and expansion of ER. The M1 protein accumulates in ER during infection and this localization is indispensable for its function, suggesting M1 acts from the ER. We found that M1 protein selectively induces the chaperon-producing pathways (IRE1, ATF6) while, interestingly, sparing the translation-blocking arm (PERK). We identified, for the first time, a viral factor capable of selectively intervening the initiation of ER stress signaling to induce chaperon production. This finding provides a unique opportunity of using viral protein as a tool to define the activation mechanisms of individual UPR pathways.",
   "publish_time": "2015 Nov 30",
   "authors": [
      "['Feng, Jiaying', 'Gong, Danyang', 'Fu, Xudong', 'Wu, Ting-ting', 'Wang, Jane', 'Chang, Jennifer', 'Zhou, Jingting', 'Lu, Gang', 'Wang, Yibin', 'Sun, Ren']"
   ],
   "journal": "Sci Rep",
   "has_full_text": "True",
   "id": "4f47adf53fef07c0ca76beb4b100bbdfa54b2b0b",
   "fhir_link": "Commercial/Composition/4f47adf53fef07c0ca76beb4b100bbdfa54b2b0b"
}