{
   "sha": "0e08edfdafcee24569ce5be73cec8acb26142ba8",
   "source_x": "PMC",
   "title": "Recombinant Dengue virus protein NS2B alters membrane permeability in different membrane models",
   "doi": "http://dx.doi.org/10.1186/s12985-015-0456-4",
   "pmcid": "PMC4700614",
   "pubmed_id": "26728778",
   "license": "CC BY",
   "abstract": "BACKGROUND: One of the main phenomena occurring in cellular membranes during virus infection is a change in membrane permeability. It has been observed that numerous viral proteins can oligomerize and form structures known as viroporins that alter the permeability of membranes. Previous findings have identified such proteins in cells infected with Japanese encephalitis virus (JEV), a member of the same family that Dengue virus (DENV) belongs to (Flaviviridae). In the present work, we investigated whether the small hydrophobic DENV protein NS2B serves a viroporin function. METHODS: We cloned the DENV NS2B sequence and expressed it in a bacterial expression system. Subsequently, we evaluated the effect of DENV NS2B on membranes when NS2B was overexpressed, measured bacterial growth restriction, and evaluated changes of permeability to hygromycin. The NS2B protein was purified by affinity chromatography, and crosslinking assays were performed to determine the presence of oligomers. Hemolysis assays and transmission electron microscopy were performed to identify structures involved in permeability changes. RESULTS: The DENV-2 NS2B protein showed similitude with the JEV viroporin. The DENV-2 NS2B protein possessed the ability to change the membrane permeability in bacteria, to restrict bacterial cell growth, and to enable membrane permeability to hygromycin B. The NS2B protein formed trimers that could participate in cell lysis and generate organized structures on eukaryotes membranes. CONCLUSIONS: Our data suggest that the DENV-2 NS2B viral protein is capable of oligomerizing and organizing to form pore-like structures in different lipid environments, thereby modifying the permeability of cell membranes.",
   "publish_time": "2016 Jan 4",
   "authors": [
      "['Le\u00f3n-Ju\u00e1rez, Mois\u00e9s', 'Mart\u00ednez-Castillo, Macario', 'Shrivastava, Gaurav', 'Garc\u00eda-Cordero, Julio', 'Villegas-Sepulveda, Nicol\u00e1s', 'Mondrag\u00f3n-Castel\u00e1n, M\u00f3nica', 'Mondrag\u00f3n-Flores, Ricardo', 'Cedillo-Barr\u00f3n, Leticia']"
   ],
   "journal": "Virol J",
   "has_full_text": "True",
   "id": "0e08edfdafcee24569ce5be73cec8acb26142ba8",
   "fhir_link": "Commercial/Composition/0e08edfdafcee24569ce5be73cec8acb26142ba8.json"
}