{
   "sha": "c4b6e942440e9436aeaa5586794a0d8f8a0fda7a",
   "source_x": "Elsevier",
   "title": "Apoptosis in astrovirus-infected CaCo-2 cells",
   "doi": "10.1016/j.virol.2003.10.036",
   "pubmed_id": "14980485",
   "license": "els-covid",
   "abstract": "Abstract Cell death processes during human astrovirus replication in CaCo-2 cells and their underlying mechanisms were investigated. Morphological and biochemical alterations typical of apoptosis were analyzed in infected cells using a combination of techniques, including DAPI staining, the sub-G0/G1 technique and the TUNEL assay. The onset of apoptosis was directly proportional to the virus multiplicity of infection. Transient expression experiments showed a direct link between astrovirus ORF1a encoded proteins and apoptosis induction. A computer analysis of the astrovirus genome revealed the presence of a death domain in the nonstructural protein p38 of unknown function, encoded in ORF1a. Apoptosis inhibition experiments suggested the involvement of caspase 8 in the apoptotic response, and led to a reduction in the infectivity of the virus progeny released to the supernatant. We conclude that apoptotic death of host cells seems necessary for efficient human astrovirus replication and particle maturation.",
   "publish_time": "2004-02-20",
   "authors": [
      "Guix, Susana",
      "Bosch, Albert",
      "Ribes, Enric",
      "Dora Mart\u0131\u0301nez, L.",
      "Pint\u00f3, Rosa M."
   ],
   "journal": "Virology",
   "has_full_text": "True",
   "full_text_file": "custom_license",
   "id": "https://doi.org/10.1016/j.virol.2003.10.036",
   "fhir_link": [
      "PMC/Composition/c4b6e942440e9436aeaa5586794a0d8f8a0fda7a"
   ]
}