{
   "sha": "636512bc06a771a13d2ea72ce74f2ec2b37009c5",
   "source_x": "PMC",
   "title": "RNA sequencing-based analysis of the spleen transcriptome following infectious bronchitis virus infection of chickens selected for different mannose-binding lectin serum concentrations",
   "doi": "http://dx.doi.org/10.1186/s12864-016-2403-1",
   "pmcid": "PMC4729133",
   "pubmed_id": "26819139",
   "license": "CC BY",
   "abstract": "BACKGROUND: Avian infectious bronchitis is a highly contagious disease of the upper-respiratory tract caused by infectious bronchitis virus (IBV). Understanding the molecular mechanisms involved in the interaction between innate and adaptive immune responses to IBV infection is a crucial element for further improvements in strategies to control IB. To this end, two chicken lines, selected for high (L10H line) and low (L10L line) serum concentration of mannose-binding lectin (MBL) were studied. In total, 32 birds from each line were used. Sixteen birds from each line were infected with IBV and sixteen were left uninfected. Eight uninfected and infected birds from each line were euthanized at 1 and 3\u00a0weeks post infection. RNA sequencing was performed on spleen samples from all 64 birds and differential gene expression analysis was performed for four comparisons: L10L line versus L10H line for uninfected birds at weeks 1 and 3, respectively, and in the same way for infected birds. Functional analysis was performed using Gene Ontology (GO) Immune System Process terms specific for Gallus gallus. RESULTS: Comparing uninfected L10H and L10L birds, we identified 1698 and 1424 differentially expressed (DE) genes at weeks 1 and 3, respectively. For the IBV-infected birds, 1934 and 866 DE genes were identified between the two lines at weeks 1 and 3, respectively. The two most enriched GO terms emerging from the comparison of uninfected birds between the two lines were \u201cLymphocyte activation involved in immune response\u201d and \u201cSomatic recombination of immunoglobulin genes involved in immune response\u201d at weeks 1 and 3, respectively. When comparing IBV-infected birds between the two lines, the most enriched GO terms were \u201cAlpha-beta T cell activation\u201d and \u201cPositive regulation of leukocyte activation\u201d at weeks 1 and 3, respectively. CONCLUSIONS: Healthy birds from the two lines showed significant differences in expression profiles for subsets of adaptive and innate immunity-related genes, whereas comparison of the IBV-infected birds from the two lines showed differences in expression of immunity-related genes involved in T cell activation and proliferation. The observed transcriptome differences between the two lines indicate that selection for MBL had influenced innate as well as adaptive immunity. ELECTRONIC SUPPLEMENTARY MATERIAL: The online version of this article (doi:10.1186/s12864-016-2403-1) contains supplementary material, which is available to authorized users.",
   "publish_time": "2016 Jan 27",
   "authors": [
      "['Hamzi\u0107, Edin', 'Kj\u00e6rup, Rikke Br\u00f8dsgaard', 'Mach, N\u00faria', 'Minozzi, Guilietta', 'Strozzi, Francesco', 'Gualdi, Valentina', 'Williams, John L.', 'Chen, Jun', 'Wattrang, Eva', 'Buitenhuis, Bart', 'Juul-Madsen, Helle Risdahl', 'Dalgaard, Tina S\u00f8rensen']"
   ],
   "journal": "BMC Genomics",
   "has_full_text": "False",
   "id": "636512bc06a771a13d2ea72ce74f2ec2b37009c5"
}