{
   "sha": "c481fdcf995099e14997dabd9fe3b47ce8784020",
   "source_x": "PMC",
   "title": "Prevalence and characteristics of hypoxic hepatitis in the largest single-centre cohort of avian influenza A(H7N9) virus-infected patients with severe liver impairment in the intensive care unit",
   "doi": "http://dx.doi.org/10.1038/emi.2016.1",
   "pmcid": "PMC4735056",
   "pubmed_id": "26733380",
   "license": "CC BY",
   "abstract": "Avian influenza A(H7N9) virus (A(H7N9)) emerged in February 2013. Liver impairment of unknown cause is present in 29% of patients with A(H7N9) infection, some of whom experience severe liver injury. Hypoxic hepatitis (HH) is a type of acute severe liver injury characterized by an abrupt, massive increase in serum aminotransferases resulting from anoxic centrilobular necrosis of liver cells. In the intensive care unit (ICU), the prevalence of HH is \u223c1%\u20132%. Here, we report a 1.8% (2/112) incidence of HH in the largest single-centre cohort of ICU patients with A(H7N9) infection. Both HH patients presented with multiple organ failure (MOF) involving respiratory, cardiac, circulatory and renal failure and had a history of chronic heart disease. On admission, severe liver impairment was found. Peak alanine aminotransferase (ALT) and aspartate aminotransferase (AST) values were 937 and 1281 U/L, and 3117 and 3029 U/L, respectively, in the two patients. Unfortunately, both patients died due to deterioration of MOF. A post-mortem biopsy in case 1 confirmed the presence of centrilobular necrosis of the liver, and real-time reverse transcription polymerase chain reaction of A(H7N9)-specific genes was negative, which excluded A(H7N9)-related hepatitis. The incidence of HH in A(H7N9) patients is similar to that in ICU patients with other aetiologies. It seems that patients with A(H7N9) infection and a history of chronic heart disease with a low left ventricular ejection fraction on admission are susceptible to HH, which presents as a marked elevation in ALT at the time of admission.",
   "publish_time": "2016 Jan 6",
   "authors": [
      "['Zhang, YiMin', 'Liu, JiMin', 'Yu, Liang', 'Zhou, Ning', 'Ding, Wei', 'Zheng, ShuFa', 'Shi, Ding', 'Li, LanJuan']"
   ],
   "journal": "Emerg Microbes Infect",
   "has_full_text": "True",
   "id": "c481fdcf995099e14997dabd9fe3b47ce8784020",
   "fhir_link": "Commercial/Composition/c481fdcf995099e14997dabd9fe3b47ce8784020"
}