{
   "sha": "0f896824ad76e12a4614b0d73162f9411baccc5d",
   "source_x": "Elsevier",
   "title": "cis-Preferential requirement of a \u22121 frameshift product p88 for the replication of Red clover necrotic mosaic virus RNA1",
   "doi": "10.1016/j.virol.2008.02.004",
   "pubmed_id": "18308359",
   "license": "els-covid",
   "abstract": "Abstract The genome of Red clover necrotic mosaic virus (RCNMV) consists of RNA1 and RNA2. RNA1 encodes N-terminally overlapping replication proteins, p27 and p88, which are translated in a cap-independent manner. The 3\u2032 untranslated region of RNA1 contains RNA elements essential for cap-independent translation and negative-strand RNA synthesis. In this study, we investigated how p27 and p88 were engaged in the replication of RCNMV genomic RNAs by using DNA vectors or in vitro transcribed RNAs in protoplasts and in a cell-free extract of evacuolated BY-2 protoplasts. Our results show a cis-preferential requirement of p88, but not of p27, for the replication of RNA1. This mechanism might help to facilitate a switch in the role of RNA1 from mRNA to a replication template.",
   "publish_time": "2008-05-25",
   "authors": [
      "Okamoto, Kimiyuki",
      "Nagano, Hideaki",
      "Iwakawa, Hirooki",
      "Mizumoto, Hiroyuki",
      "Takeda, Atsushi",
      "Kaido, Masanori",
      "Mise, Kazuyuki",
      "Okuno, Tetsuro"
   ],
   "journal": "Virology",
   "has_full_text": "True",
   "full_text_file": "custom_license",
   "id": "https://doi.org/10.1016/j.virol.2008.02.004",
   "fhir_link": [
      "PMC/Composition/0f896824ad76e12a4614b0d73162f9411baccc5d"
   ]
}