{
   "sha": "3bd56ae4a76caf910da9be6266e18b74308364b6",
   "source_x": "PMC",
   "title": "Severe Community-Acquired Pneumonia Caused by Human Adenovirus in Immunocompetent Adults: A Multicenter Case Series",
   "doi": "http://dx.doi.org/10.1371/journal.pone.0151199",
   "pmcid": "PMC4788423",
   "pubmed_id": "26967644",
   "license": "CC BY",
   "abstract": "BACKGROUND: Severe community-acquired pneumonia (CAP) caused by human adenovirus (HAdV), especially HAdV type 55 (HAdV-55) in immunocompetent adults has raised increasing concerns. Clinical knowledge of severe CAP and acute respiratory distress syndrome induced by HAdV-55 is still limited, though the pathogen has been fully characterized by whole-genome sequencing. METHODS: We conducted a multicentre retrospective review of all consecutive patients with severe CAP caused by HAdV in immunocompetent adults admitted to the Emergency Department Intensive Care Unit of two hospitals in Northern China between February 2012 and April 2014. Clinical, laboratory, radiological characteristics, treatments and outcomes of these patients were collected and analyzed. RESULTS: A total of 15 consecutive severe CAP patients with laboratory-confirmed adenovirus infections were included. The median age was 30 years and all cases were identified during the winter and spring seasons. HAdV-55 was the most frequently (11/15) detected HAdV type. Persistent high fever, cough and rapid progression of dyspnea were typically reported in these patients. Significantly increased pneumonia severity index (PSI), respiratory rate, and lower PaO(2)/FiO(2), hypersensitive CRP were reported in non-survivors compared to survivors (P = 0.013, 0.022, 0.019 and 0.026, respectively). The rapid development of bilateral consolidations within 10 days after illness onset were the most common radiographic finding, usually accompanied by adjacent ground glass opacities and pleural effusions. Total mortality was 26.7% in this study. Corticosteroids were prescribed to 14 patients in this report, but the utilization rate between survivors and non-survivors was not significant. CONCLUSIONS: HAdV and the HAdV-55 sub-type play an important role among viral pneumonia pathogens in hospitalized immunocompetent adults in Northern China. HAdV should be tested in severe CAP patients with negative bacterial cultures and a lack of response to antibiotic treatment, even if radiologic imaging and clinical presentation initially suggest bacterial pneumonia.",
   "publish_time": "2016 Mar 11",
   "authors": [
      "['Tan, Dingyu', 'Zhu, Huadong', 'Fu, Yangyang', 'Tong, Fei', 'Yao, Dongqi', 'Walline, Joseph', 'Xu, Jun', 'Yu, Xuezhong']"
   ],
   "journal": "PLoS One",
   "has_full_text": "True",
   "id": "3bd56ae4a76caf910da9be6266e18b74308364b6",
   "fhir_link": "Commercial/Composition/3bd56ae4a76caf910da9be6266e18b74308364b6"
}