{
   "sha": "f3b41989daa6eba33f6224f9555a07d398d05dd2",
   "source_x": "Elsevier",
   "title": "Tubulins interact with porcine and human S proteins of the genus Alphacoronavirus and support successful assembly and release of infectious viral particles",
   "doi": "10.1016/j.virol.2016.07.022",
   "pubmed_id": "27479465",
   "license": "els-covid",
   "abstract": "Abstract Coronavirus spike proteins mediate host-cell-attachment and virus entry. Virus replication takes place within the host cell cytosol, whereas assembly and budding occur at the endoplasmic reticulum-Golgi intermediate compartment. In this study we demonstrated that the last 39 amino acid stretches of Alphacoronavirus spike cytoplasmic domains of the human coronavirus 229E, NL63, and the porcine transmissible gastroenteritis virus TGEV interact with tubulin alpha and beta chains. In addition, a partial co-localization of TGEV spike proteins with authentic host cell \u03b2-tubulin was observed. Furthermore, drug-induced microtubule depolymerization led to changes in spike protein distribution, a reduction in the release of infectious virus particles and less amount of spike protein incorporated into virions. These data demonstrate that interaction of Alphacoronavirus spike proteins with tubulin supports S protein transport and incorporation into virus particles.",
   "publish_time": "2016-10-31",
   "authors": [
      "R\u00fcdiger, Anna-Theresa",
      "Mayrhofer, Peter",
      "Ma-Lauer, Yue",
      "Pohlentz, Gottfried",
      "M\u00fcthing, Johannes",
      "von Brunn, Albrecht",
      "Schwegmann-We\u00dfels, Christel"
   ],
   "journal": "Virology",
   "has_full_text": "True",
   "full_text_file": "custom_license",
   "id": "https://doi.org/10.1016/j.virol.2016.07.022",
   "fhir_link": [
      "PMC/Composition/f3b41989daa6eba33f6224f9555a07d398d05dd2"
   ]
}