{
   "sha": "f42073cb33dc2aa926898dd2ab05da828f8e7790",
   "source_x": "PMC",
   "title": "Open drug discovery for the Zika virus",
   "doi": "http://dx.doi.org/10.12688/f1000research.8013.1",
   "pmcid": "PMC4841202",
   "pubmed_id": "27134728",
   "license": "CC BY",
   "abstract": "The Zika virus (ZIKV) outbreak in the Americas has caused global concern that we may be on the brink of a healthcare crisis. The lack of research on ZIKV in the over 60 years that we have known about it has left us with little in the way of starting points for drug discovery. Our response can build on previous efforts with virus outbreaks and lean heavily on work done on other flaviviruses such as dengue virus. We provide some suggestions of what might be possible and propose an open drug discovery effort that mobilizes global science efforts and provides leadership, which thus far has been lacking. We also provide a listing of potential resources and molecules that could be prioritized for testing as in vitro assays for ZIKV are developed. We propose also that in order to incentivize drug discovery, a neglected disease priority review voucher should be available to those who successfully develop an FDA approved treatment. Learning from the response to the ZIKV, the approaches to drug discovery used and the success and failures will be critical for future infectious disease outbreaks.",
   "publish_time": "2016 Feb 9",
   "authors": [
      "['Ekins, Sean', 'Mietchen, Daniel', 'Coffee, Megan', 'Stratton, Thomas P', 'Freundlich, Joel S', 'Freitas-Junior, Lucio', 'Muratov, Eugene', 'Siqueira-Neto, Jair', 'Williams, Antony J', 'Andrade, Carolina']"
   ],
   "journal": "F1000Res",
   "has_full_text": "True",
   "id": "f42073cb33dc2aa926898dd2ab05da828f8e7790",
   "fhir_link": "Commercial/f42073cb33dc2aa926898dd2ab05da828f8e7790"
}