{
   "sha": "18d6b41f2b9f5cad93519eb39f422f7f008a4ed3",
   "source_x": "PMC",
   "title": "Association of sputum microbiota profiles with severity of community-acquired pneumonia in children",
   "doi": "http://dx.doi.org/10.1186/s12879-016-1670-4",
   "pmcid": "PMC4939047",
   "pubmed_id": "27391033",
   "license": "CC BY",
   "abstract": "BACKGROUND: Competitive interactions among bacteria in the respiratory tract microbiota influence which species can colonize and potentially contribute to pathogenesis of community-acquired pneumonia (CAP). However, understanding of the role of respiratory tract microbiota in the clinical course of pediatric CAP is limited. METHODS: We sought to compare microbiota profiles in induced sputum and nasopharyngeal/oropharyngeal (NP/OP) samples from children and to identify microbiota profiles associated with CAP severity. We used 16S ribosomal RNA sequencing and several measures of microbiota profiles, including principal component analysis (PCA), to describe the respiratory microbiota in 383 children, 6\u00a0months to <18\u00a0years, hospitalized with CAP. We examined associations between induced sputum and NP/OP microbiota profiles and CAP severity (hospital length of stay and intensive care unit admission) using logistic regression. RESULTS: Relative abundance of bacterial taxa differed in induced sputum and NP/OP samples. In children 6\u00a0months to <\u20095\u00a0years, the sputum PCA factor with high relative abundance of Actinomyces, Veillonella, Rothia, and Lactobacillales was associated with decreased odds of length of stay \u2265\u20094\u00a0days [adjusted odds ratio (aOR) 0.69; 95\u00a0% confidence interval (CI) 0.48\u20130.99]. The sputum factor with high relative abundance of Haemophilus and Pasteurellaceae was associated with increased odds of intensive care unit admission [aOR 1.52; 95\u00a0% CI 1.02\u20132.26]. In children 5 to <\u200918\u00a0years, the sputum factor with high relative abundance of Porphyromonadaceae, Bacteriodales, Lactobacillales, and Prevotella was associated with increased odds of length of stay \u2265\u20094\u00a0days [aOR 1.52; 95\u00a0% CI 1.02\u20132.26]. Taxa in NP/OP samples were not associated with CAP severity. CONCLUSION: Certain taxa in the respiratory microbiota, which were detected in induced sputum samples, are associated with the clinical course of CAP. ELECTRONIC SUPPLEMENTARY MATERIAL: The online version of this article (doi:10.1186/s12879-016-1670-4) contains supplementary material, which is available to authorized users.",
   "publish_time": "2016 Jul 8",
   "authors": [
      "['Pettigrew, Melinda M.', 'Gent, Janneane F.', 'Kong, Yong', 'Wade, Martina', 'Gansebom, Shane', 'Bramley, Anna M.', 'Jain, Seema', 'Arnold, Sandra L. R.', 'McCullers, Jonathan A.']"
   ],
   "journal": "BMC Infect Dis",
   "has_full_text": "True",
   "id": "18d6b41f2b9f5cad93519eb39f422f7f008a4ed3",
   "fhir_link": "Commercial/18d6b41f2b9f5cad93519eb39f422f7f008a4ed3"
}