{
   "sha": "77907b0bbf75ae10794ca69d97b9874159db1857",
   "source_x": "PMC",
   "title": "Visual analytics of geo-social interaction patterns for epidemic control",
   "doi": "http://dx.doi.org/10.1186/s12942-016-0059-3",
   "pmcid": "PMC4980799",
   "pubmed_id": "27510908",
   "license": "CC BY",
   "abstract": "BACKGROUND: Human interaction and population mobility determine the spatio-temporal course of the spread of an airborne disease. This research views such spreads as geo-social interaction problems, because population mobility connects different groups of people over geographical locations via which the viruses transmit. Previous research argued that geo-social interaction patterns identified from population movement data can provide great potential in designing effective pandemic mitigation. However, little work has been done to examine the effectiveness of designing control strategies taking into account geo-social interaction patterns. METHODS: To address this gap, this research proposes a new framework for effective disease control; specifically this framework proposes that disease control strategies should start from identifying geo-social interaction patterns, designing effective control measures accordingly, and evaluating the efficacy of different control measures. This framework is used to structure design of a new visual analytic tool that consists of three components: a reorderable matrix for geo-social mixing patterns, agent-based epidemic models, and combined visualization methods. RESULTS: With real world human interaction data in a French primary school as a proof of concept, this research compares the efficacy of vaccination strategies between the spatial\u2013social interaction patterns and the whole areas. The simulation results show that locally targeted vaccination has the potential to keep infection to a small number and prevent spread to other regions. At some small probability, the local control strategies will fail; in these cases other control strategies will be needed. This research further explores the impact of varying spatial\u2013social scales on the success of local vaccination strategies. The results show that a proper spatial\u2013social scale can help achieve the best control efficacy with a limited number of vaccines. CONCLUSIONS: The case study shows how GS-EpiViz does support the design and testing of advanced control scenarios in airborne disease (e.g., influenza). The geo-social patterns identified through exploring human interaction data can help target critical individuals, locations, and clusters of locations for disease control purposes. The varying spatial\u2013social scales can help geographically and socially prioritize limited resources (e.g., vaccines).",
   "publish_time": "2016 Aug 10",
   "authors": [
      "Luo, Wei"
   ],
   "journal": "Int J Health Geogr",
   "has_full_text": "True",
   "id": "77907b0bbf75ae10794ca69d97b9874159db1857",
   "fhir_link": "Commercial/Composition/77907b0bbf75ae10794ca69d97b9874159db1857.json"
}