{
   "sha": "15a1fc721871b0814cd07102842bbb982159a083",
   "source_x": "PMC",
   "title": "Viral deep sequencing needs an adaptive approach: IRMA, the iterative refinement meta-assembler",
   "doi": "http://dx.doi.org/10.1186/s12864-016-3030-6",
   "pmcid": "PMC5011931",
   "pubmed_id": "27595578",
   "license": "CC BY",
   "abstract": "BACKGROUND: Deep sequencing makes it possible to observe low-frequency viral variants and sub-populations with greater accuracy and sensitivity than ever before. Existing platforms can be used to multiplex a large number of samples; however, analysis of the resulting data is complex and involves separating barcoded samples and various read manipulation processes ending in final assembly. Many assembly tools were designed with larger genomes and higher fidelity polymerases in mind and do not perform well with reads derived from highly variable viral genomes. Reference-based assemblers may leave gaps in viral assemblies while de novo assemblers may struggle to assemble unique genomes. RESULTS: The IRMA (iterative refinement meta-assembler) pipeline solves the problem of viral variation by the iterative optimization of read gathering and assembly. As with all reference-based assembly, reads are included in assembly when they match consensus template sets; however, IRMA provides for on-the-fly reference editing, correction, and optional elongation without the need for additional reference selection. This increases both read depth and breadth. IRMA also focuses on quality control, error correction, indel reporting, variant calling and variant phasing. In fact, IRMA\u2019s ability to detect and phase minor variants is one of its most distinguishing features. We have built modules for influenza and ebolavirus. We demonstrate usage and provide calibration data from mixture experiments. Methods for variant calling, phasing, and error estimation/correction have been redesigned to meet the needs of viral genomic sequencing. CONCLUSION: IRMA provides a robust next-generation sequencing assembly solution that is adapted to the needs and characteristics of viral genomes. The software solves issues related to the genetic diversity of viruses while providing customized variant calling, phasing, and quality control. IRMA is freely available for non-commercial use on Linux and Mac OS X and has been parallelized for high-throughput computing. ELECTRONIC SUPPLEMENTARY MATERIAL: The online version of this article (doi:10.1186/s12864-016-3030-6) contains supplementary material, which is available to authorized users.",
   "publish_time": "2016 Sep 5",
   "authors": [
      "['Shepard, Samuel S.', 'Meno, Sarah', 'Bahl, Justin', 'Wilson, Malania M.', 'Barnes, John', 'Neuhaus, Elizabeth']"
   ],
   "journal": "BMC Genomics",
   "has_full_text": "False",
   "id": "15a1fc721871b0814cd07102842bbb982159a083"
}