{
   "source_x": "Elsevier",
   "title": "Age-related maturation of the nasal immune system in children",
   "doi": "10.1016/S0091-6749(03)81271-X",
   "license": "els-covid",
   "publish_time": "2003-02-28",
   "authors": [
      "Van Benten, I.J.",
      "Van Drunen, C.M.",
      "Van Middelkoop, B.C.",
      "Koopman, L.P.",
      "Niesters, B.G.M.",
      "Hop, W.C.J.",
      "Osterhaus, A.D.M.",
      "Neijens, H.J.",
      "Fokkens, W.J."
   ],
   "journal": "Journal of Allergy and Clinical Immunology",
   "has_full_text": "False",
   "full_text_file": "custom_license",
   "id": "https://doi.org/10.1016/S0091-6749(03)81271-X"
}