{
   "sha": "983e9c303f6c0082aa4fad58a82da11a16262a01",
   "source_x": "PMC",
   "title": "High diversity of picornaviruses in rats from different continents revealed by deep sequencing",
   "doi": "http://dx.doi.org/10.1038/emi.2016.90",
   "pmcid": "PMC5034103",
   "pubmed_id": "27530749",
   "license": "CC BY",
   "abstract": "Outbreaks of zoonotic diseases in humans and livestock are not uncommon, and an important component in containment of such emerging viral diseases is rapid and reliable diagnostics. Such methods are often PCR-based and hence require the availability of sequence data from the pathogen. Rattus norvegicus (R. norvegicus) is a known reservoir for important zoonotic pathogens. Transmission may be direct via contact with the animal, for example, through exposure to its faecal matter, or indirectly mediated by arthropod vectors. Here we investigated the viral content in rat faecal matter (n=29) collected from two continents by analyzing 2.2 billion next-generation sequencing reads derived from both DNA and RNA. Among other virus families, we found sequences from members of the Picornaviridae to be abundant in the microbiome of all the samples. Here we describe the diversity of the picornavirus-like contigs including near-full-length genomes closely related to the Boone cardiovirus and Theiler's encephalomyelitis virus. From this study, we conclude that picornaviruses within R. norvegicus are more diverse than previously recognized. The virome of R. norvegicus should be investigated further to assess the full potential for zoonotic virus transmission.",
   "publish_time": "2016 Aug 17",
   "authors": [
      "['Hansen, Thomas Arn', 'Mollerup, Sarah', 'Nguyen, Nam-phuong', 'White, Nicole E', 'Coghlan, Megan', 'Alquezar-Planas, David E', 'Joshi, Tejal', 'Jensen, Randi Holm', 'Fridholm, Helena', 'Kjartansd\u00f3ttir, Krist\u00edn R\u00f3s', 'Mourier, Tobias', 'Warnow, Tandy', 'Belsham, Graham J', 'Bunce, Michael', 'Willerslev, Eske', 'Nielsen, Lars Peter', 'Vinner, Lasse', 'Hansen, Anders Johannes']"
   ],
   "journal": "Emerg Microbes Infect",
   "has_full_text": "True",
   "id": "983e9c303f6c0082aa4fad58a82da11a16262a01",
   "fhir_link": "Commercial/983e9c303f6c0082aa4fad58a82da11a16262a01"
}