{
   "sha": "f3fa89e819a64d2d6c74f6d590661ca435878c26",
   "source_x": "CZI",
   "title": "Overview of The 2019 Novel Coronavirus (2019-nCoV): The Pathogen of Severe Specific Contagious Pneumonia (SSCP)",
   "doi": "10.1097/JCMA.0000000000000270",
   "pubmed_id": "32049687",
   "license": "cc-by-nc-nd",
   "abstract": "In late December 2019 a previous unidentified coronavirus, currently named as the 2019 novel coronavirus (2019-nCoV), emerged from Wuhan, China and resulted in a formidable outbreak in many cities in China and expanding globally, including Thailand, Republic of Korea, Japan, USA, Philippines, Viet Nam, and our country (as of 2/6/2020 at least 25 countries). The disease is officially named as the Severe Specific Contagious Pneumonia (SSCP) in 1/15/2019 and is a notifiable communicable disease of the 5 category by the Taiwan CDC, the Ministry of Health. SSCP is a potential zoonotic disease with low to moderate (estimated 2-5%) mortality rate. Person-to-person transmission may occur through droplet or contact transmission and jeopardized first-line healthcare workers if lack of stringent infection control or no proper personal protective equipment available. Currently, there is no definite treatment for SSCP although some drugs are under investigation. To promptly identify patients and prevent further spreading, physicians should be aware of travel or contact history for patients with compatible symptoms.",
   "publish_time": "2020",
   "authors": [
      "Wu, Yi-Chi",
      "Chen, Ching-Sung",
      "Chan, Yu-Jiun"
   ],
   "journal": "J Chin Med Assoc",
   "Microsoft Academic Paper ID": "3006472059",
   "WHO #Covidence": "#717",
   "has_full_text": "True",
   "id": "f3fa89e819a64d2d6c74f6d590661ca435878c26",
   "fhir_link": "Non-comercial/f3fa89e819a64d2d6c74f6d590661ca435878c26"
}