{
   "sha": "68042c59c07c77497b17617a25a270f4e86ee4a7",
   "source_x": "Elsevier",
   "title": "Pharyngitis",
   "doi": "10.1016/j.pop.2013.10.010",
   "pubmed_id": "24439883",
   "license": "els-covid",
   "publish_time": "2014-03-31",
   "authors": [
      "Weber, Ruth"
   ],
   "journal": "Primary Care: Clinics in Office Practice",
   "has_full_text": "True",
   "full_text_file": "custom_license",
   "id": "https://doi.org/10.1016/j.pop.2013.10.010",
   "fhir_link": [
      "PMC/Composition/68042c59c07c77497b17617a25a270f4e86ee4a7"
   ]
}