{
   "sha": "0376103fd7863b10e41a0f59fe226be9765f34c7",
   "source_x": "Elsevier",
   "title": "Cell-Based Strategies to Reconstitute Lung Function in Infants with Severe Bronchopulmonary Dysplasia",
   "doi": "10.1016/j.clp.2012.06.009",
   "pubmed_id": "22954277",
   "license": "els-covid",
   "publish_time": "2012-09-30",
   "authors": [
      "O'Reilly, Megan",
      "Th\u00e9baud, Bernard"
   ],
   "journal": "Clinics in Perinatology",
   "has_full_text": "True",
   "full_text_file": "custom_license",
   "id": "https://doi.org/10.1016/j.clp.2012.06.009",
   "fhir_link": [
      "PMC/Composition/0376103fd7863b10e41a0f59fe226be9765f34c7"
   ]
}