{
   "sha": "925c073d05f54f1a7fbb3ea86cf750ad535a482c",
   "source_x": "Elsevier",
   "title": "Ayudas desde la red para el control de la epidemia",
   "doi": "10.1016/S0123-9392(09)70152-3",
   "license": "els-covid",
   "abstract": "Resumen Multitud de portales inform\u00e1ticos aparecen d\u00eda a d\u00eda, sobresaturando de informaci\u00f3n a la comunidad m\u00e9dica y no m\u00e9dica, y que no siempre es confiable y puede encubrir motivos comerciales y propaganda diseminada sin control alguno. Este marem\u00e1gnum inform\u00e1tico en \u00e9pocas de pandemia puede ser muy peligroso, al llevar a las personas sin formaci\u00f3n adecuada conceptos que, al ser mal interpretados o mal difundidos, pueden acabar en ansiedad y confusi\u00f3n. Afortunadamente, de este caos inform\u00e1tico surgen aspectos positivos, como es el hecho de aprovechar las indagaciones que sobre s\u00edntomas o enfermedades \u2013espec\u00edficamente, influenza A (H1N1)\u2013 realiza la poblaci\u00f3n, en los principales motores de b\u00fasqueda de internet (Google o Yahoo), para detectar tempranamente la emergencia de una epidemia local o global. Este m\u00e9todo de localizaci\u00f3n de brotes parece ser de tanta utilidad que, incluso, ha dado origen a una nueva rama del conocimiento: la \u201cinfodemiolog\u00eda\u201d que, a trav\u00e9s de la \u201cinfovigilancia\u201d, vigila los eventos en el instante mismo en que van ocurriendo, o incluso antes, mediante el an\u00e1lisis continuo y estructurado de la informaci\u00f3n disponible en internet. Otro aspecto por resaltar es la calidad y prontitud en la informaci\u00f3n dispuesta en las p\u00e1ginas web de las instituciones encargadas del control de infecciones en el mundo (Organizaci\u00f3n Mundial de la Salud) y en varios pa\u00edses de Am\u00e9rica, lo cual ha permitido seguir la emergencia de la pandemia y actuar para controlarla. Abstract A huge number of web sites appear every day, overcrowding the existing body of medical and non-medical information in the net; Sources are not always reliable and usually covers commercial and propaganda purposes. This may arise an special concern regarding the dissemination of mislead concepts and practices on the response to pandemic Flu. But not everything is negative on this specific matter. An example of this is the possibility of early detection of new cases of Flu, due to the easy access to information regarding clinical symptoms that search engines like Google or Yahoo, provide to the general population. A new online-based method of outbreak surveillance, appear to be a useful tool, an it\u2019 been denominated \u201cinfodemiology\u201d. This method allows a real-time monitoring of cases and predicts the expansion of the disease, through continuous and structured analysis of information available on the internet. Another aspect to remark is the quality and promptness of information available on the web, provided by the institutions responsible for controlling infections in the world (e.g World Health Organization), improving the response to a pandemic threat.",
   "publish_time": "2009-09-30",
   "authors": [
      "Eduardo Roncancio, Gustavo"
   ],
   "journal": "Infectio",
   "has_full_text": "True",
   "full_text_file": "custom_license",
   "id": "https://doi.org/10.1016/S0123-9392(09)70152-3",
   "fhir_link": [
      "PMC/Composition/925c073d05f54f1a7fbb3ea86cf750ad535a482c"
   ]
}