{
   "sha": "9a60f844dc6dd4f0c5ddfc02fb970a04702eb388",
   "source_x": "PMC",
   "title": "Both Cerebral and Hematopoietic Deficiencies in CCR2 Result in Uncontrolled Herpes Simplex Virus Infection of the Central Nervous System in Mice",
   "doi": "http://dx.doi.org/10.1371/journal.pone.0168034",
   "pmcid": "PMC5145225",
   "pubmed_id": "27930721",
   "license": "CC BY",
   "abstract": "CCR2 is a chemokine receptor expressed on the surface of blood leukocytes, particularly \u00abLy6C(hi)\u00bb inflammatory monocytes and microglia. Signaling through this receptor is thought to influence the immune activity of microglia as well as monocytes egress from the bone marrow (BM) and their trafficking into the central nervous system (CNS) in several neurological diseases. During experimental herpes simplex virus 1 (HSV-1) encephalitis (HSE), CCR2 deficiency has been reported to exacerbate the outcome of the disease. However, the precise contribution of CCR2 expressed in cells of the CNS or peripheral monocytes in the protection against HSE remains unclear. To dissect the differential role of CCR2 during HSE, chimeric mice with receptor deficiency in the brain or blood cells were generated by transplanting wild-type (WT) C57BL/6 or CCR2(-/-) BM-derived cells in CCR2(-/-) (WT\u2192CCR2(-/-)) and WT (CCR2(-/-)\u2192WT) mice, respectively. Our results indicate that following intranasal infection with 1.2x10(6) plaque forming units of HSV-1, CCR2 deficiency in hematopoietic cells and, to a lesser extent, in CNS exacerbates the outcome of HSE. Mortality rates of CCR2(-/-) (71.4%) and CCR2(-/-)\u2192WT (57.1%) mice were significantly higher than that of WT (15.3%; P<0.01 and P<0.05, respectively) but the difference did not reach statistical significance for WT\u2192CCR2(-/-) animals (42.8%; P = 0.16). Both peripheral and CNS deficiencies in CCR2 resulted in increased infectious viral titers and wider dissemination of HSV antigens in the brain as well as an overproduction of inflammatory cytokines and chemokines including IL-1\u03b2, IL-6, CCL2, CCL3 and CCL5. Furthermore, CCR2 deficiency in the hematopoietic system altered monocytes egress from the BM and their recruitment to the CNS, which may contribute to the failure in HSV-1 containment. Collectively, these data suggest that CCR2 expressed on cells of CNS and especially on peripheral monocytes is important for the control of HSV-1 replication and inflammatory environment during experimental HSE.",
   "publish_time": "2016 Dec 8",
   "authors": [
      "['Menasria, Rafik', 'Canivet, Coraline', 'Piret, Jocelyne', 'Gosselin, Jean', 'Boivin, Guy']"
   ],
   "journal": "PLoS One",
   "has_full_text": "False",
   "id": "9a60f844dc6dd4f0c5ddfc02fb970a04702eb388"
}