{
   "sha": "107ccec688fb89790d2e34288f7eeba5ef7711aa",
   "source_x": "PMC",
   "title": "Identification and Characterization of Novel Rat Polyomavirus 2 in a Colony of X-SCID Rats by P-PIT assay",
   "doi": "http://dx.doi.org/10.1128/mSphere.00334-16",
   "pmcid": "PMC5177731",
   "pubmed_id": "28028546",
   "license": "CC BY",
   "abstract": "Polyomaviruses (PyVs) are known to infect a wide range of vertebrates and invertebrates and are associated with a broad spectrum of diseases, including cancers, particularly in immune-suppressed hosts. A novel polyomavirus, designated rat polyomavirus 2 (RatPyV2), was identified from a breeding colony of rats having X-linked severe combined immunodeficiency. Using a human panpolyomavirus immunohistochemistry test (P-PIT), RatPyV2 was initially detected in the parotid salivary gland of a colony member. Rolling circle amplification using DNA from harderian and parotid glands identified a novel 5.1-kb polyomavirus genome closely related to human Washington University (WU) and Karolinska Institute (KI) and vole polyomaviruses but notably divergent from Rattus norvegicus PyV1 (RnorPyV1; also designated RatPyV1). Further screening showed RatPyV2 inclusion body infection in the lung epithelium and variably in other respiratory, reproductive, and glandular tissues of 12/12 (100%) rats. IMPORTANCE Although P-PIT was developed to detect diseases associated with known human polyomaviruses, the identification of a new polyomavirus in rats suggests that it may have utility as a broad-based screen for new, as well as known polyomaviruses. Our findings suggest that RatPyV2 may be a commensal infection of laboratory rats that can lead to disseminated disease in T cell immune-deficient rats. Infection of the X-SCID rats with RatPyV2 and Pneumocystis\u00a0carinii is a potential model for coinfection pathogenesis and treatment options during transplant preclinical studies.",
   "publish_time": "2016 Dec 21",
   "authors": [
      "['Rigatti, Lora H.', 'Toptan, Tuna', 'Newsome, Joseph T.', 'Moore, Patrick S.', 'Chang, Yuan']"
   ],
   "journal": "mSphere",
   "has_full_text": "False",
   "id": "107ccec688fb89790d2e34288f7eeba5ef7711aa"
}