{
   "source_x": "Elsevier",
   "title": "Trade, commerce, and public health in Latin America Marcos Cueto The Value of Health: A History of the Pan American Health Organization 2007 University of Rochester Press 1-580-46263-4 Pp 185. US$29\u00b795, \u00a317\u00b799. http://www.ops-oms.org/English/DD/PUB/SP_600.htm Pan American Health Organization Health in the Americas 2007 2007 PAHO 2 vols. Pp 1212. US$50\u00b700 Latin America, US$95\u00b700 elsewhere. ISBN 978-92-75-11622-9. http://www.paho.org/hia/homeing.html",
   "doi": "10.1016/S0140-6736(07)61675-4",
   "license": "els-covid",
   "abstract": "Unknown",
   "publish_time": "2007-11-16",
   "authors": [
      "McCarthy, Michael"
   ],
   "journal": "The Lancet",
   "has_full_text": "False",
   "full_text_file": "custom_license",
   "id": "https://doi.org/10.1016/S0140-6736(07)61675-4"
}