{
   "sha": "638e94413019416e1f60f942e1870ac8e9cc4a3a",
   "source_x": "PMC",
   "title": "Logistics of community smallpox control through contact tracing and ring vaccination: a stochastic network model",
   "doi": "http://dx.doi.org/10.1186/1471-2458-4-34",
   "pmcid": "PMC520756",
   "pubmed_id": "15298713",
   "license": "CC BY",
   "abstract": "BACKGROUND: Previous smallpox ring vaccination models based on contact tracing over a network suggest that ring vaccination would be effective, but have not explicitly included response logistics and limited numbers of vaccinators. METHODS: We developed a continuous-time stochastic simulation of smallpox transmission, including network structure, post-exposure vaccination, vaccination of contacts of contacts, limited response capacity, heterogeneity in symptoms and infectiousness, vaccination prior to the discontinuation of routine vaccination, more rapid diagnosis due to public awareness, surveillance of asymptomatic contacts, and isolation of cases. RESULTS: We found that even in cases of very rapidly spreading smallpox, ring vaccination (when coupled with surveillance) is sufficient in most cases to eliminate smallpox quickly, assuming that 95% of household contacts are traced, 80% of workplace or social contacts are traced, and no casual contacts are traced, and that in most cases the ability to trace 1\u20135 individuals per day per index case is sufficient. If smallpox is assumed to be transmitted very quickly to contacts, it may at times escape containment by ring vaccination, but could be controlled in these circumstances by mass vaccination. CONCLUSIONS: Small introductions of smallpox are likely to be easily contained by ring vaccination, provided contact tracing is feasible. Uncertainties in the nature of bioterrorist smallpox (infectiousness, vaccine efficacy) support continued planning for ring vaccination as well as mass vaccination. If initiated, ring vaccination should be conducted without delays in vaccination, should include contacts of contacts (whenever there is sufficient capacity) and should be accompanied by increased public awareness and surveillance.",
   "publish_time": "2004 Aug 6",
   "authors": [
      "['Porco, Travis C', 'Holbrook, Karen A', 'Fernyak, Susan E', 'Portnoy, Diane L', 'Reiter, Randy', 'Arag\u00f3n, Tom\u00e1s J']"
   ],
   "journal": "BMC Public Health",
   "has_full_text": "False",
   "id": "638e94413019416e1f60f942e1870ac8e9cc4a3a"
}