{
   "sha": "954f70acea28240a3abe3cbaa7177de9ad34decf",
   "source_x": "PMC",
   "title": "Novel Porcine Epidemic Diarrhea Virus (PEDV) Variants with Large Deletions in the Spike (S) Gene Coexist with PEDV Strains Possessing an Intact S Gene in Domestic Pigs in Japan: A New Disease Situation",
   "doi": "http://dx.doi.org/10.1371/journal.pone.0170126",
   "pmcid": "PMC5241010",
   "pubmed_id": "28095455",
   "license": "CC BY",
   "abstract": "Since late 2013, after an absence of seven years, outbreaks of porcine epidemic diarrhea virus (PEDV) infection have reemerged and swept rapidly across Japan, resulting in significant economic losses. In this study, we report the emergence, mixed infection, and genetic characterization of 15 novel field PEDV variants with large genomic deletions. The sizes of deletion varied between 582 nt (194 aa) and 648 nt (216 aa) at positions 28\u2013714 (10\u2013238) on the S gene (protein). Among 17 PEDV samples isolated from individual pigs, all of them contained at least two distinct genotypes with large genomic deletions, and 94.1% of them were found to consist of strains with an intact S gene. These variants were found in eight primary and nine recurrent outbreaks, and they might be associated with persistent PEDV infection in the farms. Full-length S and ORF3 genes of eight variants derived from 2 samples were characterized. This is the first report of mixed infections caused by various genotypes of PEDV and would be important for the studies of viral isolation, pathogenesis, and molecular epidemiology of the disease.",
   "publish_time": "2017 Jan 17",
   "authors": [
      "['Diep, Nguyen Van', 'Norimine, Junzo', 'Sueyoshi, Masuo', 'Lan, Nguyen Thi', 'Yamaguchi, Ryoji']"
   ],
   "journal": "PLoS One",
   "has_full_text": "False",
   "id": "954f70acea28240a3abe3cbaa7177de9ad34decf"
}