{
   "sha": "498a594c8c96adecac7444c07ccc4d3c5dcd7bf8",
   "source_x": "Elsevier",
   "title": "MERS in South Korea and China: a potential outbreak threat?",
   "doi": "10.1016/S0140-6736(15)60859-5",
   "pubmed_id": "26088634",
   "license": "els-covid",
   "publish_time": "2015-06-19",
   "authors": [
      "Su, Shuo",
      "Wong, Gary",
      "Liu, Yingxia",
      "Gao, George F",
      "Li, Shoujun",
      "Bi, Yuhai"
   ],
   "journal": "The Lancet",
   "has_full_text": "True",
   "full_text_file": "custom_license",
   "id": "https://doi.org/10.1016/S0140-6736(15)60859-5",
   "fhir_link": [
      "PMC/Composition/498a594c8c96adecac7444c07ccc4d3c5dcd7bf8"
   ]
}