{
   "sha": "a9348f9a4519219e9f2adfab6e093b66f4ee3131",
   "source_x": "PMC",
   "title": "Human rights violations in organ procurement practice in China",
   "doi": "http://dx.doi.org/10.1186/s12910-017-0169-x",
   "pmcid": "PMC5299785",
   "pubmed_id": "28178953",
   "license": "CC BY",
   "abstract": "BACKGROUND: Over 90% of the organs transplanted in China before 2010 were procured from prisoners. Although Chinese officials announced in December 2014 that the country would completely cease using organs harvested from prisoners, no regulatory adjustments or changes in China\u2019s organ donation laws followed. As a result, the use of prisoner organs remains legal in China if consent is obtained. DISCUSSION: We have collected and analysed available evidence on human rights violations in the organ procurement practice in China. We demonstrate that the practice not only violates international ethics standards, it is also associated with a large scale neglect of fundamental human rights. This includes organ procurement without consent from prisoners or their families as well as procurement of organs from incompletely executed, still-living prisoners. The human rights critique of these practices will also address the specific situatedness of prisoners, often conditioned and traumatized by a cascade of human rights abuses in judicial structures. CONCLUSION: To end the unethical practice and the abuse associated with it, we suggest to inextricably bind the use of human organs procured in the Chinese transplant system to enacting Chinese legislation prohibiting the use of organs from executed prisoners and making explicit rules for law enforcement. Other than that, the international community must cease to abet the continuation of the present system by demanding an authoritative ban on the use of organs from executed Chinese prisoners. ELECTRONIC SUPPLEMENTARY MATERIAL: The online version of this article (doi:10.1186/s12910-017-0169-x) contains supplementary material, which is available to authorized users.",
   "publish_time": "2017 Feb 8",
   "authors": [
      "['Paul, Norbert W.', 'Caplan, Arthur', 'Shapiro, Michael E.', 'Els, Charl', 'Allison, Kirk C.', 'Li, Huige']"
   ],
   "journal": "BMC Med Ethics",
   "has_full_text": "True",
   "id": "a9348f9a4519219e9f2adfab6e093b66f4ee3131",
   "fhir_link": "Commercial/Composition/a9348f9a4519219e9f2adfab6e093b66f4ee3131"
}