{
   "source_x": "Elsevier",
   "title": "Closing the NIH Fogarty Center threatens US and global health",
   "doi": "10.1016/S0140-6736(17)31912-8",
   "pubmed_id": "28792403",
   "license": "els-covid",
   "publish_time": "2017-08-04",
   "authors": [
      "Karim, Salim S Abdool",
      "Karim, Quarraisha Abdool",
      "Abimiku, Alash'le",
      "Bekker, Linda-Gail",
      "Bukusi, Elizabeth A",
      "Deschamps, Marie Marcelle H",
      "Derbew, Miliard",
      "Garcia, Patricia J",
      "Gray, Glenda",
      "Kamya, Moses R",
      "Swaminathan, Soumya",
      "Wu, Zunyou"
   ],
   "journal": "The Lancet",
   "has_full_text": "False",
   "full_text_file": "custom_license",
   "id": "https://doi.org/10.1016/S0140-6736(17)31912-8"
}