{
   "sha": "086b920559abf050507e67c1da9279d23c5d94a9",
   "source_x": "Elsevier",
   "title": "Human arrogance and epidemics Michael Merson Stephen Inrig The AIDS Pandemic: Searching for a Global Response 2018 Springer 9783319484310 \u00a342\u00b799 Jonathan D Quick Bronwyn Fryer The End of Epidemics: the Looming Threat to Humanity and How to Stop It 2018 St Martin's Press 9781250117779 304 US$26\u00b799.",
   "doi": "10.1016/S0140-6736(18)30433-1",
   "license": "els-covid",
   "abstract": "Unknown",
   "publish_time": "2018-03-09",
   "authors": [
      "Garrett, Laurie"
   ],
   "journal": "The Lancet",
   "has_full_text": "True",
   "full_text_file": "custom_license",
   "id": "https://doi.org/10.1016/S0140-6736(18)30433-1",
   "fhir_link": [
      "PMC/Composition/086b920559abf050507e67c1da9279d23c5d94a9"
   ]
}