{
   "sha": "2271ecb14bddddc60f33827495cb727858789ba9",
   "source_x": "PMC",
   "title": "Detection and genome characterization of four novel bat hepadnaviruses and a hepevirus in China",
   "doi": "http://dx.doi.org/10.1186/s12985-017-0706-8",
   "pmcid": "PMC5320732",
   "pubmed_id": "28222808",
   "license": "CC BY",
   "abstract": "BACKGROUND: In recent years, novel hepadnaviruses, hepeviruses, hepatoviruses, and hepaciviruses have been discovered in various species of bat around the world, indicating that bats may act as natural reservoirs for these hepatitis viruses. In order to further assess the distribution of hepatitis viruses in bat populations in China, we tested the presence of these hepatitis viruses in our archived bat liver samples that originated from several bat species and various geographical regions in China. METHODS: A total of 78 bat liver samples (involving two families, five genera, and 17 species of bat) were examined using nested or heminested reverse transcription PCR (RT-PCR) with degenerate primers. Full-length genomic sequences of two virus strains were sequenced followed by phylogenetic analyses. RESULTS: Four samples were positive for hepadnavirus, only one was positive for hepevirus, and none of the samples were positive for hepatovirus or hepacivirus. The hepadnaviruses were discovered in the horseshoe bats, Rhinolophus sinicus and Rhinolophus affinis, and the hepevirus was found in the whiskered bat Myotis davidii. The full-length genomic sequences were determined for one of the two hepadnaviruses identified in R. sinicus (designated BtHBVRs3364) and the hepevirus (designated BtHEVMd2350). A sequence identity analysis indicated that BtHBVRs3364 had the highest degree of identity with a previously reported hepadnavirus from the roundleaf bat, Hipposideros pomona, from China, and BtHEVMd2350 had the highest degree of identity with a hepevirus found in the serotine bat, Eptesicus serotinus, from Germany, but it exhibited high levels of divergence at both the nucleotide and the amino acid levels. CONCLUSIONS: This is the first study to report that the Chinese horseshoe bat and the Chinese whiskered bat have been found to carry novel hepadnaviruses and a novel hepevirus, respectively. The discovery of BtHBVRs3364 further supports the significance of host switches evolution while opposing the co-evolutionary theory associated with hepadnaviruses. According to the latest criterion of the International Committee on Taxonomy of Viruses (ICTV), we hypothesize that BtHEVMd2350 represents an independent genotype within the species Orthohepevirus D of the family Hepeviridae.",
   "publish_time": "2017 Feb 22",
   "authors": [
      "['Wang, Bo', 'Yang, Xing-Lou', 'Li, Wen', 'Zhu, Yan', 'Ge, Xing-Yi', 'Zhang, Li-Biao', 'Zhang, Yun-Zhi', 'Bock, Claus-Thomas', 'Shi, Zheng-Li']"
   ],
   "journal": "Virol J",
   "has_full_text": "True",
   "id": "2271ecb14bddddc60f33827495cb727858789ba9",
   "fhir_link": "Commercial/Composition/2271ecb14bddddc60f33827495cb727858789ba9.json"
}