{
   "sha": "65dad3639724cddd7146c6cde0856ce163694ffc",
   "source_x": "Elsevier",
   "title": "NEONATAL ROTAVIRUS INFECTION",
   "doi": "10.1016/S0140-6736(82)92123-7",
   "license": "els-covid",
   "publish_time": "1982-05-08",
   "authors": [
      "Santosham, Mathuram",
      "Pathak, Ambadas",
      "Kottapalli, Sita",
      "Vergara, Josephine",
      "Wong, Siew-Jyu",
      "Frochlick, Jean",
      "Bradley Sack, R."
   ],
   "journal": "The Lancet",
   "has_full_text": "True",
   "full_text_file": "custom_license",
   "id": "https://doi.org/10.1016/S0140-6736(82)92123-7",
   "fhir_link": [
      "PMC/Composition/65dad3639724cddd7146c6cde0856ce163694ffc"
   ]
}