{
   "sha": "8ed6b522481e264a5d691f7f5fbd5d142b5f82f7",
   "source_x": "PMC",
   "title": "Pneumonia, Acute Respiratory Distress Syndrome, and Early Immune-Modulator Therapy",
   "doi": "http://dx.doi.org/10.3390/ijms18020388",
   "pmcid": "PMC5343923",
   "pubmed_id": "28208675",
   "license": "CC BY",
   "abstract": "Acute respiratory distress syndrome (ARDS) is caused by infectious insults, such as pneumonia from various pathogens or related to other noninfectious events. Clinical and histopathologic characteristics are similar across severely affected patients, suggesting that a common mode of immune reaction may be involved in the immunopathogenesis of ARDS. There may be etiologic substances that have an affinity for respiratory cells and induce lung cell injury in cases of ARDS. These substances originate not only from pathogens, but also from injured host cells. At the molecular level, these substances have various sizes and biochemical characteristics, classifying them as protein substances and non-protein substances. Immune cells and immune proteins may recognize and act on these substances, including pathogenic proteins and peptides, depending upon the size and biochemical properties of the substances (this theory is known as the protein-homeostasis-system hypothesis). The severity or chronicity of ARDS depends on the amount of etiologic substances with corresponding immune reactions, the duration of the appearance of specific immune cells, or the repertoire of specific immune cells that control the substances. Therefore, treatment with early systemic immune modulators (corticosteroids and/or intravenous immunoglobulin) as soon as possible may reduce aberrant immune responses in the potential stage of ARDS.",
   "publish_time": "2017 Feb 11",
   "authors": [
      "Lee, Kyung-Yil"
   ],
   "journal": "Int J Mol Sci",
   "has_full_text": "True",
   "id": "8ed6b522481e264a5d691f7f5fbd5d142b5f82f7",
   "fhir_link": "Commercial/Composition/8ed6b522481e264a5d691f7f5fbd5d142b5f82f7"
}