{
   "sha": "7aec817203fd739cf21556a51e240c4cbbec5dc2",
   "source_x": "PMC",
   "title": "MERS-CoV virus-like particles produced in insect cells induce specific humoural and cellular imminity in rhesus macaques",
   "doi": "http://dx.doi.org/10.18632/oncotarget.8475",
   "pmcid": "PMC5355045",
   "pubmed_id": "27050368",
   "license": "CC BY",
   "abstract": "Middle East respiratory syndrome coronavirus (MERS-CoV) causes severe respiratory disease in humans with a case fatality rate of over 39%, and poses a considerable threat to public health. A lack of approved vaccine or drugs currently constitutes a roadblock in controlling disease outbreak and spread. In this study, we generated MERS-CoV VLPs using the baculovirus expression system. Electron microscopy and immunoelectron microscopy results demonstrate that MERS-CoV VLPs are structurally similar to the native virus. Rhesus macaques inoculated with MERS-CoV VLPs and Alum adjuvant induced virus-neutralizing antibodies titers up to 1:40 and induced specific IgG antibodies against the receptor binding domain (RBD), with endpoint titers reaching 1:1,280. MERS-CoV VLPs also elicited T-helper 1 cell (Th1)-mediated immunity, as measured by ELISpot. These data demonstrate that MERS-CoV VLPs have excellent immunogenicity in rhesus macaques, and represent a promising vaccine candidate.",
   "publish_time": "2016 Mar 30",
   "authors": [
      "['Wang, Chong', 'Zheng, Xuexing', 'Gai, Weiwei', 'Zhao, Yongkun', 'Wang, Hualei', 'Wang, Haijun', 'Feng, Na', 'Chi, Hang', 'Qiu, Boning', 'Li, Nan', 'Wang, Tiecheng', 'Gao, Yuwei', 'Yang, Songtao', 'Xia, Xianzhu']"
   ],
   "journal": "Oncotarget",
   "has_full_text": "True",
   "id": "7aec817203fd739cf21556a51e240c4cbbec5dc2",
   "fhir_link": "Commercial/Composition/7aec817203fd739cf21556a51e240c4cbbec5dc2.json"
}