{
   "sha": "3654aa0ea8709bb844a9dd36d67c4e5d89ba3c83",
   "source_x": "PMC",
   "title": "Influenza A virus hemagglutinin and neuraminidase act as novel motile machinery",
   "doi": "http://dx.doi.org/10.1038/srep45043",
   "pmcid": "PMC5366856",
   "pubmed_id": "28344335",
   "license": "CC BY",
   "abstract": "Influenza A virus (IAV) membrane proteins hemagglutinin (HA) and neuraminidase (NA) are determinants of virus infectivity, transmissibility, pathogenicity, host specificity, and major antigenicity. HA binds to a virus receptor, a sialoglycoprotein or sialoglycolipid, on the host cell and mediates virus attachment to the cell surface. The hydrolytic enzyme NA cleaves sialic acid from viral receptors and accelerates the release of progeny virus from host cells. In this study, we identified a novel function of HA and NA as machinery for viral motility. HAs exchanged binding partner receptors iteratively, generating virus movement on a receptor-coated glass surface instead of a cell surface. The virus movement was also dependent on NA. Virus movement mediated by HA and NA resulted in a three to four-fold increase in virus internalisation by cultured cells. We concluded that cooperation of HA and NA moves IAV particles on a cell surface and enhances virus infection of host cells.",
   "publish_time": "2017 Mar 27",
   "authors": [
      "['Sakai, Tatsuya', 'Nishimura, Shin I.', 'Naito, Tadasuke', 'Saito, Mineki']"
   ],
   "journal": "Sci Rep",
   "has_full_text": "True",
   "id": "3654aa0ea8709bb844a9dd36d67c4e5d89ba3c83",
   "fhir_link": "Commercial/Composition/3654aa0ea8709bb844a9dd36d67c4e5d89ba3c83"
}