{
   "sha": "c9c749e5d444eca89c60f1f0e838bc7962f1ec79",
   "source_x": "Elsevier",
   "title": "Gender differences in coping and anxiety in patients after coronary artery bypass graft surgery in Taiwan",
   "doi": "10.1016/j.hrtlng.2009.01.006",
   "pubmed_id": "19944871",
   "license": "els-covid",
   "abstract": "Background Greater use of coping strategies and lower anxiety levels may be related to positive outcomes after coronary artery bypass graft surgery; however, the relationship between them, including by gender, has not been examined in Taiwan. Methods Cross-sectional survey research design and purposive sampling were used in this study, for which 50 men and 50 women were recruited from a medical center in northern Taiwan. Results After coronary artery bypass graft surgery, both male and female patients used more problem-focused coping strategies than emotion-focused coping strategies. In comparison with men, women tended to use more blaming of self and had slightly higher scores on both state and trait anxiety. Conclusion Clinicians need to be aware that the use of appropriate coping strategies can reduce patient anxiety, a finding that needs to be considered when designing effective interventions for these patients.",
   "publish_time": "2009-12-31",
   "authors": [
      "Tung, Heng-Hsin",
      "Hunter, Anita",
      "Wei, Jeng",
      "Chang, Chung-Yi"
   ],
   "journal": "Heart & Lung",
   "has_full_text": "True",
   "full_text_file": "custom_license",
   "id": "https://doi.org/10.1016/j.hrtlng.2009.01.006",
   "fhir_link": [
      "PMC/Composition/c9c749e5d444eca89c60f1f0e838bc7962f1ec79"
   ]
}