{
   "sha": "84e8a4145f06c604f8542ee458480c8fa50bd1cf",
   "source_x": "PMC",
   "title": "Dielectrophoresis for Biomedical Sciences Applications: A Review",
   "doi": "http://dx.doi.org/10.3390/s17030449",
   "pmcid": "PMC5375735",
   "pubmed_id": "28245552",
   "license": "CC BY",
   "abstract": "Dielectrophoresis (DEP) is a label-free, accurate, fast, low-cost diagnostic technique that uses the principles of polarization and the motion of bioparticles in applied electric fields. This technique has been proven to be beneficial in various fields, including environmental research, polymer research, biosensors, microfluidics, medicine and diagnostics. Biomedical science research is one of the major research areas that could potentially benefit from DEP technology for diverse applications. Nevertheless, many medical science research investigations have yet to benefit from the possibilities offered by DEP. This paper critically reviews the fundamentals, recent progress, current challenges, future directions and potential applications of research investigations in the medical sciences utilizing DEP technique. This review will also act as a guide and reference for medical researchers and scientists to explore and utilize the DEP technique in their research fields.",
   "publish_time": "2017 Feb 24",
   "authors": [
      "['Abd Rahman, Nurhaslina', 'Ibrahim, Fatimah', 'Yafouz, Bashar']"
   ],
   "journal": "Sensors (Basel)",
   "has_full_text": "True",
   "id": "84e8a4145f06c604f8542ee458480c8fa50bd1cf",
   "fhir_link": "Commercial/Composition/84e8a4145f06c604f8542ee458480c8fa50bd1cf"
}