{
   "sha": "58d0b8162c749813aefa0bbd9439d98d43a74404",
   "source_x": "Elsevier",
   "title": "Mamastrovirus 5 detected in a crab-eating fox (Cerdocyon thous): Expanding wildlife host range of astroviruses",
   "doi": "10.1016/j.cimid.2018.08.002",
   "pubmed_id": "30245049",
   "license": "els-covid",
   "abstract": "Abstract Astroviruses are a common cause of gastroenteritis in children worldwide and can also cause infection in a range of domestic and wild animal species. Canine astrovirus (formally named as Mamastrovirus 5, MAstV5) has been reported worldwide, and its role as an enteric pathogen is still controversial. Herein, we describe the genomic characterization of a MAstV5 (strain crab-eating fox/2016/BRA) identified in a wild canid (Cerdocyon thous) diagnosed with canine distemper virus (CDV) as causa mortis. The nearly complete genome comprised 6579 nt in length and displayed the archetypal organization of astroviruses. The present report is the first evidence of MAstV5 infection in an animal species other than the dog and highlights a possible natural astrovirus spillover between domestic and wild canids. Moreover, these results show the first evidence of extra-intestinal MAstV5, suggesting a virus systemic spread. This work is expected to contribute to a better understanding of the astroviruses biology and their interactions with the wildlife health.",
   "publish_time": "2018-06-30",
   "authors": [
      "Diniz Beduschi Travassos Alves, Christian",
      "da Fontoura Budaszewski, Renata",
      "Cibulski, Samuel Paulo",
      "Nunes Weber, Matheus",
      "Quoos Mayer, Fabiana",
      "Viezzer Bianchi, Matheus",
      "Zafalon-Silva, Bruna",
      "Konradt, Guilherme",
      "Slaviero, M\u00f4nica",
      "Sonne, Luciana",
      "Driemeier, David",
      "Meller Alievi, Marcelo",
      "Wageck Canal, Cl\u00e1udio"
   ],
   "journal": "Comparative Immunology, Microbiology and Infectious Diseases",
   "has_full_text": "True",
   "full_text_file": "custom_license",
   "id": "https://doi.org/10.1016/j.cimid.2018.08.002",
   "fhir_link": [
      "PMC/Composition/58d0b8162c749813aefa0bbd9439d98d43a74404"
   ]
}