{
   "sha": "073cdd46009615f49f9c9c074e55ecebe8305d32",
   "source_x": "PMC",
   "title": "Cryo-EM structures of MERS-CoV and SARS-CoV spike glycoproteins reveal the dynamic receptor binding domains",
   "doi": "http://dx.doi.org/10.1038/ncomms15092",
   "pmcid": "PMC5394239",
   "pubmed_id": "28393837",
   "license": "CC BY",
   "abstract": "The envelope spike (S) proteins of MERS-CoV and SARS-CoV determine the virus host tropism and entry into host cells, and constitute a promising target for the development of prophylactics and therapeutics. Here, we present high-resolution structures of the trimeric MERS-CoV and SARS-CoV S proteins in its pre-fusion conformation by single particle cryo-electron microscopy. The overall structures resemble that from other coronaviruses including HKU1, MHV and NL63 reported recently, with the exception of the receptor binding domain (RBD). We captured two states of the RBD with receptor binding region either buried (lying state) or exposed (standing state), demonstrating an inherently flexible RBD readily recognized by the receptor. Further sequence conservation analysis of six human-infecting coronaviruses revealed that the fusion peptide, HR1 region and the central helix are potential targets for eliciting broadly neutralizing antibodies.",
   "publish_time": "2017 Apr 10",
   "authors": [
      "['Yuan, Yuan', 'Cao, Duanfang', 'Zhang, Yanfang', 'Ma, Jun', 'Qi, Jianxun', 'Wang, Qihui', 'Lu, Guangwen', 'Wu, Ying', 'Yan, Jinghua', 'Shi, Yi', 'Zhang, Xinzheng', 'Gao, George F.']"
   ],
   "journal": "Nat Commun",
   "has_full_text": "True",
   "id": "073cdd46009615f49f9c9c074e55ecebe8305d32",
   "fhir_link": "Commercial/Composition/073cdd46009615f49f9c9c074e55ecebe8305d32.json"
}