{
   "sha": "676102d8c3711a5b3f970cbe4f79740e64c02aa2",
   "source_x": "Elsevier",
   "title": "A novel screening method for influenza patients using a newly developed non-contact screening system",
   "doi": "10.1016/j.jinf.2010.01.005",
   "pubmed_id": "20138082",
   "license": "els-covid",
   "abstract": "Summary Objectives In places of mass gathering, rapid infection screening prior to definite diagnosis is vital during the epidemic season of a novel influenza. In order to assess the possibility of clinical application of a newly developed non-contact infection screening system, we conducted screening for influenza patients. Materials and methods The system is operated by a screening program via a linear discriminant analysis using non-contact derived variables, i.e., palmar pulse derived from a laser Doppler blood-flow meter, respiration rate determined by a 10-GHz microwave radar, and average facial temperature measured by thermography. The system was tested on 57 seasonal influenza (2008\u20132009) patients (35.7 \u00b0C \u2264 body temperature \u2264 38.3 \u00b0C, 19\u201340 years) and 35 normal control subjects (35.5 \u00b0C \u2264 body temperature \u2264 36.9 \u00b0C, 21\u201335 years) at the Japan Self-defense Forces Central Hospital. Results A significant linear discriminant function (p < 0.001) was determined to distinguish the influenza group from the control group (Mahalanobis D-square = 6.5, classification error rate > 10%). The system had a positive predictive value (PPV) of 93%, which is higher than the PPV value (PPV \u2264 65.4%) reported in the recent summary of studies using only thermography performed mainly in hospitals. Conclusions The proposed system appears promising for application in accurate screening for influenza patients at places of mass gathering.",
   "publish_time": "2010-04-30",
   "authors": [
      "Matsui, Takemi",
      "Hakozaki, Yukiya",
      "Suzuki, Satoshi",
      "Usui, Takahiro",
      "Kato, Takehito",
      "Hasegawa, Kousuke",
      "Sugiyama, Youhei",
      "Sugamata, Masami",
      "Abe, Shigeto"
   ],
   "journal": "Journal of Infection",
   "has_full_text": "True",
   "full_text_file": "custom_license",
   "id": "https://doi.org/10.1016/j.jinf.2010.01.005",
   "fhir_link": [
      "PMC/Composition/676102d8c3711a5b3f970cbe4f79740e64c02aa2"
   ]
}