{
   "sha": "8e0bbc24681cb5e39cd479d4d37262f8e86f78e3",
   "source_x": "Elsevier",
   "title": "Effects of pay-for-performance system on tuberculosis default cases control and treatment in Taiwan",
   "doi": "10.1016/j.jinf.2010.06.016",
   "pubmed_id": "20624421",
   "license": "els-covid",
   "abstract": "Summary Objectives In order to make tuberculosis (TB) treatment more effective and to lower the default rate of the disease, the Bureau of National Health Insurance (BNHI) in Taiwan implemented the \u201cpay-for-performance on Tuberculosis\u201d program (P4P on TB) in 2004. The purpose of this study is to investigate the effectiveness of the P4P system in terms of default rate. Methods This is a retrospective study. National Health Insurance Research Datasets in Taiwan from 2002 to 2005 has been used for the study. The study compared the differences of TB default rate before and after the implementation of P4P program, between participating and non-participating hospitals, and between P4P hospitals with and without case managers. Furthermore, logistic regression analysis was conducted to explore the related factors influencing TB patients default treatment after TB detected. Results The treatment default rate after \u201cP4P on TB\u201d was 11.37% compared with the 15.56% before \u201cP4P on TB\u201d implementation. The treatment default rate in P4P hospitals was 10.67% compared to 12.7% in non-P4P hospitals. In addition, the default rate was 10.4% in hospitals with case managers compared with 12.68% in hospitals without case managers. Conclusions The results of the study showed that \u201cP4P on TB\u201d program improved the treatment default rate for TB patients. In addition, case managers improved the treatment outcome in controlling patients\u2019 default rate.",
   "publish_time": "2010-09-30",
   "authors": [
      "Tsai, Wen-Chen",
      "Kung, Pei-Tseng",
      "Khan, Mahmud",
      "Campbell, Claudia",
      "Yang, Wen-Ta",
      "Lee, Tsuey-Fong",
      "Li, Ya-Hsin"
   ],
   "journal": "Journal of Infection",
   "has_full_text": "True",
   "full_text_file": "custom_license",
   "id": "https://doi.org/10.1016/j.jinf.2010.06.016",
   "fhir_link": [
      "PMC/Composition/8e0bbc24681cb5e39cd479d4d37262f8e86f78e3"
   ]
}