{
   "sha": "a735cd10efb7df82d87da350bc33e3ca3acab6ed",
   "source_x": "PMC",
   "title": "The risk of transmission of a viral haemorrhagic fever infection in a United Kingdom laboratory",
   "doi": "http://dx.doi.org/10.1371/journal.pntd.0005358",
   "pmcid": "PMC5436630",
   "pubmed_id": "28545142",
   "license": "CC BY",
   "publish_time": "2017 May 18",
   "authors": [
      "['Shorten, Robert J.', 'Wilson-Davies, Eleri']"
   ],
   "journal": "PLoS Negl Trop Dis",
   "has_full_text": "True",
   "id": "a735cd10efb7df82d87da350bc33e3ca3acab6ed",
   "fhir_link": "Commercial/Composition/a735cd10efb7df82d87da350bc33e3ca3acab6ed.json"
}