{
   "sha": "e88057a7b0014a7c9fc085a0e9d8b53b71886829",
   "source_x": "PMC",
   "title": "A Four-Biomarker Blood Signature Discriminates Systemic Inflammation Due to Viral Infection Versus Other Etiologies",
   "doi": "http://dx.doi.org/10.1038/s41598-017-02325-8",
   "pmcid": "PMC5460227",
   "pubmed_id": "28588308",
   "license": "CC BY",
   "abstract": "The innate immune system of humans and other mammals responds to pathogen-associated molecular patterns (PAMPs) that are conserved across broad classes of infectious agents such as bacteria and viruses. We hypothesized that a blood-based transcriptional signature could be discovered indicating a host systemic response to viral infection. Previous work identified host transcriptional signatures to individual viruses including influenza, respiratory syncytial virus and dengue, but the generality of these signatures across all viral infection types has not been established. Based on 44 publicly available datasets and two clinical studies of our own design, we discovered and validated a four-gene expression signature in whole blood, indicative of a general host systemic response to many types of viral infection. The signature\u2019s genes are: Interferon Stimulated Gene 15 (ISG15), Interleukin 16 (IL16), 2\u2032,5\u2032-Oligoadenylate Synthetase Like (OASL), and Adhesion G Protein Coupled Receptor E5 (ADGRE5). In each of 13 validation datasets encompassing human, macaque, chimpanzee, pig, mouse, rat and all seven Baltimore virus classification groups, the signature provides statistically significant (p\u2009<\u20090.05) discrimination between viral and non-viral conditions. The signature may have clinical utility for differentiating host systemic inflammation (SI) due to viral versus bacterial or non-infectious causes.",
   "publish_time": "2017 Jun 6",
   "authors": [
      "['Sampson, D. L.', 'Fox, B. A.', 'Yager, T. D.', 'Bhide, S.', 'Cermelli, S.', 'McHugh, L. C.', 'Seldon, T. A.', 'Brandon, R. A.', 'Sullivan, E.', 'Zimmerman, J. J.', 'Noursadeghi, M.', 'Brandon, R. B.']"
   ],
   "journal": "Sci Rep",
   "has_full_text": "True",
   "id": "e88057a7b0014a7c9fc085a0e9d8b53b71886829",
   "fhir_link": "Commercial/Composition/e88057a7b0014a7c9fc085a0e9d8b53b71886829"
}