{
   "sha": "1463aab3497be35a290b4b630b4d565e40b9f431",
   "source_x": "Elsevier",
   "title": "Development of reagents to study the turkey's immune response: Cloning and characterisation of two turkey cytokines, interleukin (IL)-10 and IL-13",
   "doi": "10.1016/j.vetimm.2012.03.013",
   "pubmed_id": "22521280",
   "license": "els-covid",
   "abstract": "Abstract The cDNAs of two turkey cytokines, interleukin (IL)-10 and IL-13, were cloned using oligonucleotide primers designed from their chicken orthologues. The coding regions of the chicken and turkey genes are highly conserved, with IL-10 and IL-13 exhibiting 94.1% and 90% nucleotide and 92% and 79.9% amino acid identity respectively. Both showed consistent mRNA expression in turkey lymphoid and gut tissues. Expression in non-lymphoid tissues was more variable but generally highest in the skin and trachea. Recombinant turkey IL-10 was expressed and bioactivity demonstrated by inhibition of IFN-\u03b3 synthesis from activated splenocytes. Chicken and turkey IL-10 cross-reacted in functional assays.",
   "publish_time": "2012-06-15",
   "authors": [
      "Powell, Fiona",
      "Rothwell, Lisa",
      "Clarkson, Michael",
      "Kaiser, Pete"
   ],
   "journal": "Veterinary Immunology and Immunopathology",
   "has_full_text": "True",
   "full_text_file": "custom_license",
   "id": "https://doi.org/10.1016/j.vetimm.2012.03.013",
   "fhir_link": [
      "PMC/Composition/1463aab3497be35a290b4b630b4d565e40b9f431"
   ]
}