{
   "sha": "00f1ef126735474ccaf3a8d1cce9a4823d7f1228",
   "source_x": "PMC",
   "title": "A green strategy for the synthesis of sulfone derivatives of p-methylaminophenol: Kinetic evaluation and antibacterial susceptibility",
   "doi": "http://dx.doi.org/10.1038/s41598-017-04581-0",
   "pmcid": "PMC5493611",
   "pubmed_id": "28667267",
   "license": "CC BY",
   "abstract": "This is one of the few examples in which the diverse products have been synthesized just by changing the applied potential. The synthesis of sulfonyl derivatives of p-methylaminophenol were carried out by reaction of the electrogenerated p-methylquinoneimine with sulfinic acids. Various types of mono (MSP), bis (BSP) and tris (TSP) sulfonyl p-methyl aminophenols were obtained by changing the electrode potential, in one pot under green conditions. The mono sulfonyl-p-(methylamino)phenol derivatives (MSP) were assessed for their in vitro antibacterial activity against the gram positive (Staphylococcus aureus) and gram negative (Escherichia coli) strains. It was found that the tested compounds were more active against Staphylococcus aureus than Escherichia coli. We also found that the antimicrobial activity of MSP derivatives to vary in the order MSP(4) (R\u2009=\u2009CH(3))\u2009>\u2009MSP(1) (R\u2009=\u2009p-tolyl) \u2248 MSP(2) (R\u2009=\u2009phenyl)\u2009>\u2009MSP(3) (R\u2009=\u2009p-ClC(6)H(4)). Moreover, the observed homogeneous rate constants (k (obs)) of the reaction of p-methyl quinoneimine with sulfinic acids were estimated in various pH values, based on the EC and ECEC mechanisms, by comparing the simulated cyclic voltammograms with the experimental ones.",
   "publish_time": "2017 Jun 30",
   "authors": [
      "['Nematollahi, Davood', 'Khazalpour, Sadegh', 'Ranjbar, Mina', 'Momeni, Shima']"
   ],
   "journal": "Sci Rep",
   "has_full_text": "True",
   "id": "00f1ef126735474ccaf3a8d1cce9a4823d7f1228",
   "fhir_link": "Commercial/Composition/00f1ef126735474ccaf3a8d1cce9a4823d7f1228"
}