{
   "sha": "6d39fa83a1380b4e52c4c9616948b3104c0ab116",
   "source_x": "Elsevier",
   "title": "CD46 is a potent co-stimulatory receptor for expansion of human IFN-\u03b3-producing CD8+ T cells",
   "doi": "10.1016/j.imlet.2018.06.003",
   "pubmed_id": "29902483",
   "license": "els-covid",
   "abstract": "Abstract Similar to CD4+ T cells, precursor CD8+ T cells are thought to depend on a co-stimulatory signal through CD28 for proliferation and differentiation into effector cells. CD46 is another co-stimulatory receptor that promotes differentiation of CD4+ T-helper cells type 1 (Th1 cells) into a regulatory phenotype with a switch from IFN-\u03b3 towards IL-10-secretion over time. Whether CD46 exerts a similar function on CD8+ T cells remains to be fully elucidated. Here, we demonstrate that CD46 co-stimulation induced secretion of IFN-\u03b3 as well as expansion of IFN-\u03b3-secreting CD8+ T cells. In contrast to CD46 co-stimulation of CD4+ T cells, CD8+ T cells did not differentiate into a regulatory IL-10-secreting phenotype. This demonstrates that CD46 is a co-stimulatory receptor on CD8+ T cells, and that it exerts separate functions during CD4+ and CD8+ T-cell differentiation.",
   "publish_time": "2018-08-31",
   "authors": [
      "Hansen, Aida S.",
      "Slater, Josefine",
      "Biltoft, Mette",
      "Bundgaard, Bettina B.",
      "M\u00f8ller, Bjarne K.",
      "H\u00f6llsberg, Per"
   ],
   "journal": "Immunology Letters",
   "has_full_text": "True",
   "full_text_file": "custom_license",
   "id": "https://doi.org/10.1016/j.imlet.2018.06.003",
   "fhir_link": [
      "PMC/Composition/6d39fa83a1380b4e52c4c9616948b3104c0ab116"
   ]
}