{
   "sha": "e35b917afa97ab15c4f02e50a563bd5edb7ce963",
   "source_x": "PMC",
   "title": "Are disease reservoirs special? Taxonomic and life history characteristics",
   "doi": "http://dx.doi.org/10.1371/journal.pone.0180716",
   "pmcid": "PMC5509157",
   "pubmed_id": "28704402",
   "license": "CC BY",
   "abstract": "Pathogens that spill over between species cause a significant human and animal health burden. Here, we describe characteristics of animal reservoirs that are required for pathogen spillover. We assembled and analyzed a database of 330 disease systems in which a pathogen spills over from a reservoir of one or more species. Three-quarters of reservoirs included wildlife, and 84% included mammals. Further, 65% of pathogens depended on a community of reservoir hosts, rather than a single species, for persistence. Among mammals, the most frequently identified reservoir hosts were rodents, artiodactyls, and carnivores. The distribution among orders of mammalian species identified as reservoirs did not differ from that expected by chance. Among disease systems with high priority pathogens and epidemic potential, we found birds, primates, and bats to be overrepresented. We also analyzed the life history traits of mammalian reservoir hosts and compared them to mammals as a whole. Reservoir species had faster life history characteristics than mammals overall, exhibiting traits associated with greater reproductive output rather than long-term survival. Thus, we find that in many respects, reservoirs of spillover pathogens are indeed special. The described patterns provide a useful resource for studying and managing emerging infectious diseases.",
   "publish_time": "2017 Jul 13",
   "authors": [
      "['Plourde, Benjamin T.', 'Burgess, Tristan L.', 'Eskew, Evan A.', 'Roth, Tara M.', 'Stephenson, Nicole', 'Foley, Janet E.']"
   ],
   "journal": "PLoS One",
   "has_full_text": "False",
   "id": "e35b917afa97ab15c4f02e50a563bd5edb7ce963"
}