{
   "sha": "5d1257333598094fd630f16f989336a2c5d223a9",
   "source_x": "PMC",
   "title": "Necrotizing pneumonia: an emerging problem in children?",
   "doi": "http://dx.doi.org/10.1186/s41479-017-0035-0",
   "pmcid": "PMC5525269",
   "pubmed_id": "28770121",
   "license": "CC BY",
   "abstract": "BACKGROUND: In children, necrotizing pneumonia (NP) is an uncommon, severe complication of pneumonia. It is characterized by destruction of the underlying lung parenchyma resulting in multiple small, thin-walled cavities and is often accompanied by empyema and bronchopleural fistulae. REVIEW: NP in children was first reported in children in 1994, and since then there has been a gradual increase in cases, which is partially explained by greater physician awareness and use of contrast computed tomography (CT) scans, and by temporal changes in circulating respiratory pathogens and antibiotic prescribing. The most common pathogens detected in children with NP are pneumococci and Staphylococcus aureus. The underlying disease mechanisms are poorly understood, but likely relate to multiple host susceptibility and bacterial virulence factors, with viral\u2013bacterial interactions also possibly having a role. Most cases are in previously healthy young children who, despite adequate antibiotic therapy for bacterial pneumonia, remain febrile and unwell. Many also have evidence of pleural effusion, empyema, or pyopneumothorax, which has undergone drainage or surgical intervention without clinical improvement. The diagnosis is generally made by chest imaging, with CT scans being the most sensitive, showing loss of normal pulmonary architecture, decreased parenchymal enhancement and multiple thin-walled cavities. Blood culture and culture and molecular testing of pleural fluid provide a microbiologic diagnosis in as many as 50% of cases. Prolonged antibiotics, draining pleural fluid and gas that causes mass effects, and maintaining ventilation, circulation, nutrition, fluid, and electrolyte balance are critical components of therapy. Despite its serious nature, death is uncommon, with good clinical, radiographic and functional recovery achieved in the 5\u20136\u00a0months following diagnosis. Increased knowledge of NP\u2019s pathogenesis will assist more rapid diagnosis and improve treatment and, ultimately, prevention. CONCLUSION: It is important to consider that our understanding of NP is limited to individual case reports or small case series, and treatment data from randomized-controlled trials are lacking. Furthermore, case series are retrospective and usually confined to single centers. Consequently, these studies may not be representative of patients in other locations, especially when allowing for temporal changes in pathogen behaviour and differences in immunization schedules and antibiotic prescribing practices.",
   "publish_time": "2017 Jul 25",
   "authors": [
      "['Masters, I. Brent', 'Isles, Alan F.', 'Grimwood, Keith']"
   ],
   "journal": "Pneumonia (Nathan)",
   "has_full_text": "True",
   "id": "5d1257333598094fd630f16f989336a2c5d223a9",
   "fhir_link": "Commercial/Composition/5d1257333598094fd630f16f989336a2c5d223a9"
}