{
   "sha": "0a9145664ca5e8dd902b5f01f70a53e638ab52a9",
   "source_x": "Elsevier",
   "title": "Evaluation of a single-tube fluorogenic RT-PCR assay for detection of bovine respiratory syncytial virus in clinical samples",
   "doi": "10.1016/j.jviromet.2004.09.016",
   "pubmed_id": "15620402",
   "license": "els-covid",
   "abstract": "Abstract Bovine respiratory syncytial virus (BRSV) causes severe disease in na\u00efve cattle of all ages and is a common pathogen in the respiratory disease complex of calves. Simplified methods for rapid BRSV diagnosis would encourage sampling during outbreaks and would consequently lead to an extended understanding of the virus. In this study, a BRSV fluorogenic reverse transcription PCR (fRT-PCR) assay, based on TaqMan principle, was developed and evaluated on a large number of clinical samples, representing various cases of natural and experimental BRSV infections. By using a single-step closed-tube format, the turn-around time was shortened drastically and results were obtained with minimal risk for cross-contamination. According to comparative analyses, the detection limit of the fRT-PCR was on the same level as that of a nested PCR and the sensitivity relatively higher than that of a conventional PCR, antigen ELISA (Ag-ELISA) and virus isolation (VI). Interspersed negative control samples, samples from healthy animals and eight symptomatically or genetically related viruses were all negative, confirming a high specificity of the assay. Taken together, the data indicated that the fRT-PCR assay can be applied to routine virus detection in clinical specimens and provides a rapid and valuable tool in BRSV research.",
   "publish_time": "2005-02-28",
   "authors": [
      "Hakhverdyan, Mikhayil",
      "H\u00e4gglund, Sara",
      "Larsen, Lars-Erik",
      "Bel\u00e1k, S\u00e1ndor"
   ],
   "journal": "Journal of Virological Methods",
   "has_full_text": "True",
   "full_text_file": "custom_license",
   "id": "https://doi.org/10.1016/j.jviromet.2004.09.016",
   "fhir_link": [
      "PMC/Composition/0a9145664ca5e8dd902b5f01f70a53e638ab52a9"
   ]
}