{
   "sha": "1a5f2c3f99d3607bf9170dcda0c54bc1b4400f6a",
   "source_x": "PMC",
   "title": "Cross-species transmission potential between wild pigs, livestock, poultry, wildlife, and humans: implications for disease risk management in North America",
   "doi": "http://dx.doi.org/10.1038/s41598-017-07336-z",
   "pmcid": "PMC5552697",
   "pubmed_id": "28798293",
   "license": "CC BY",
   "abstract": "Cross-species disease transmission between wildlife, domestic animals and humans is an increasing threat to public and veterinary health. Wild pigs are increasingly a potential veterinary and public health threat. Here we investigate 84 pathogens and the host species most at risk for transmission with wild pigs using a network approach. We assess the risk to agricultural and human health by evaluating the status of these pathogens and the co-occurrence of wild pigs, agriculture and humans. We identified 34 (87%) OIE listed swine pathogens that cause clinical disease in livestock, poultry, wildlife, and humans. On average 73% of bacterial, 39% of viral, and 63% of parasitic pathogens caused clinical disease in other species. Non-porcine livestock in the family Bovidae shared the most pathogens with swine (82%). Only 49% of currently listed OIE domestic swine diseases had published wild pig surveillance studies. The co-occurrence of wild pigs and farms increased annually at a rate of 1.2% with as much as 57% of all farms and 77% of all agricultural animals co-occurring with wild pigs. The increasing co-occurrence of wild pigs with livestock and humans along with the large number of pathogens shared is a growing risk for cross-species transmission.",
   "publish_time": "2017 Aug 10",
   "authors": [
      "['Miller, Ryan S.', 'Sweeney, Steven J.', 'Slootmaker, Chris', 'Grear, Daniel A.', 'Di Salvo, Paul A.', 'Kiser, Deborah', 'Shwiff, Stephanie A.']"
   ],
   "journal": "Sci Rep",
   "has_full_text": "True",
   "id": "1a5f2c3f99d3607bf9170dcda0c54bc1b4400f6a",
   "fhir_link": "Commercial/Composition/1a5f2c3f99d3607bf9170dcda0c54bc1b4400f6a.json"
}