{
   "source_x": "CZI",
   "title": "Coronavirus: home testing pilot launched in London to cut hospital visits and ambulance use",
   "doi": "10.1136/bmj.m621",
   "abstract": "People with suspected covid-19 in London are being tested in their homes as part of a pilot that was developed by doctors to stop unnecessary ambulance use and hospital visits.The community testing scheme started at the end of January at North West London NHS Trust and has now been implemented in three other trusts: University College London Hospital, St George\u2019s University Hospital, and Guys and St Thomas\u2019. More than 130 patients have been tested in two weeks.The home testing initiative was started by Laurence John from the infectious diseases department at Northwick Park Hospital. He told The BMJ that the need for community testing became clear after 25 London ambulances had to be taken out of \u2026",
   "publish_time": "2020",
   "authors": [
      "Mahase, Elisabeth"
   ],
   "journal": "BMJ",
   "Microsoft Academic Paper ID": "3006625193",
   "WHO #Covidence": "#942",
   "id": "https://doi.org/10.1136/bmj.m621"
}