{
   "sha": "f558e3046f1472abb3df752a61adc9215467718f",
   "source_x": "Elsevier",
   "title": "Design and validation of consensus-degenerate hybrid oligonucleotide primers for broad and sensitive detection of corona- and toroviruses",
   "doi": "10.1016/j.jviromet.2011.08.005",
   "pubmed_id": "21864579",
   "license": "els-covid",
   "abstract": "Abstract The ssRNA+ family Coronaviridae includes two subfamilies prototyped by coronaviruses and toroviruses that cause respiratory and enteric infections. To facilitate the identification of new distantly related members of the family Coronaviridae, we have developed a molecular assay with broad specificity. The consensus-degenerated hybrid oligonucleotide primer (CODEHOP) strategy was modified to design primers targeting the most conserved motifs in the RNA-dependent RNA polymerase locus. They were evaluated initially on RNA templates from virus-infected cells using a two-step RT-PCR protocol that was further advanced to a one-step assay. The sensitivity of the assay ranged from 102 to 106 and from 105 to 109 RNA copy numbers for individual corona-/torovirus templates when tested, respectively, with and without an excess of RNA from human cells. This primer set compared to that designed according to the original CODEHOP rules showed 10\u2013103 folds greater sensitivity for 5 of the 6 evaluated corona-/torovirus templates. It detected 57% (32 of 56) of the respiratory specimens positive for 4 human coronaviruses, as well as stool specimens positive for a bovine torovirus. The high sensitivity and broad virus range of this assay makes it suitable for screening biological specimens in search for new viruses of the family Coronaviridae.",
   "publish_time": "2011-11-30",
   "authors": [
      "Zlateva, Kalina T.",
      "Crusio, Kelly M.",
      "Leontovich, Andrey M.",
      "Lauber, Chris",
      "Claas, Eric",
      "Kravchenko, Alexander A.",
      "Spaan, Willy J.M.",
      "Gorbalenya, Alexander E."
   ],
   "journal": "Journal of Virological Methods",
   "has_full_text": "True",
   "full_text_file": "custom_license",
   "id": "https://doi.org/10.1016/j.jviromet.2011.08.005",
   "fhir_link": [
      "PMC/Composition/f558e3046f1472abb3df752a61adc9215467718f"
   ]
}