{
   "sha": "b2cf96174de10c8c3f143ee7ca4ac8b92778c693",
   "source_x": "Elsevier",
   "title": "A reverse transcription loop-mediated isothermal amplification method for rapid detection of bovine viral diarrhea virus",
   "doi": "10.1016/j.jviromet.2012.08.007",
   "pubmed_id": "22947692",
   "license": "els-covid",
   "abstract": "Abstract A reverse transcription loop-mediated isothermal amplification (RT-LAMP) assay was developed and optimized to detect bovine viral diarrhea viral (BVDV) RNA. The RT-LAMP assay is highly sensitive and able to detect 4.67\u00d7100 copies of BVDV RNA. Additionally, the RT-LAMP method is capable of detecting both genotypes of BVDV. No cross-reaction with other bovine viruses was observed. The ability of RT-LAMP to detect BVDV RNA from bovine fecal swabs was also evaluated. Of the 88 fecal swabs, 38 were found to be positive by RT-LAMP assay, whereas 39 were positive by real-time RT-PCR. Taken together, the BVDV specific RT-LAMP method is highly specific and sensitive and can be used as a rapid and direct diagnostic assay for testing clinical samples.",
   "publish_time": "2012-12-31",
   "authors": [
      "Fan, Qing",
      "Xie, Zhixun",
      "Xie, Liji",
      "Liu, Jiabo",
      "Pang, Yaoshan",
      "Deng, Xianwen",
      "Xie, Zhiqin",
      "Peng, Yi",
      "Wang, Xiuqing"
   ],
   "journal": "Journal of Virological Methods",
   "has_full_text": "True",
   "full_text_file": "custom_license",
   "id": "https://doi.org/10.1016/j.jviromet.2012.08.007",
   "fhir_link": [
      "PMC/Composition/b2cf96174de10c8c3f143ee7ca4ac8b92778c693"
   ]
}