{
   "sha": "4a99bf8fae88d43868e5b8ec0fa4c1c375b951f7",
   "source_x": "PMC",
   "title": "Stigmatization among people living with HIV in Hong Kong: A\u00a0qualitative study",
   "doi": "http://dx.doi.org/10.1111/hex.12535",
   "pmcid": "PMC5600241",
   "pubmed_id": "28195685",
   "license": "CC BY",
   "abstract": "BACKGROUND: HIV/AIDS is one of the most stigmatized medical conditions across the world. Self\u2010stigma is prevalent among people living with HIV (PLHIV) and a major obstacle to HIV prevention and care. OBJECTIVE: This study aimed to describe the experiences of stigmatization and explore the possible factors that might be associated with stigmatization among PLHIV in Hong Kong. DESIGN: Qualitative in\u2010depth interviews were conducted. SETTING AND PARTICIPANTS: 15 PLHIV were recruited from two local non\u2010governmental organizations on HIV prevention. MAIN VARIABLES STUDIED: Participants were interviewed about their views and feelings towards oneself as a PLHIV and contributing factors, experiences of discriminations, stigmatizing behaviours, issues about disclosure, social relationships and potential impact of HIV. RESULTS AND CONCLUSIONS: Thematic analyses revealed three levels of factors which might be associated with stigmatization: (i) intrapersonal level (misconceptions about HIV, attribution of self\u2010responsibility, severe state of illness, side\u2010effects of medication), (ii) interpersonal level (discrimination, social rejection) and (iii) social level (mass media, public stereotypes). Findings provide important insights into which interventions to reduce stigmatization of PLHIV could be designed.",
   "publish_time": "2017 Oct 14",
   "authors": [
      "['Mo, Phoenix K. H.', 'Ng, Charlson T. Y.']"
   ],
   "journal": "Health Expect",
   "has_full_text": "True",
   "id": "4a99bf8fae88d43868e5b8ec0fa4c1c375b951f7",
   "fhir_link": "Commercial/Composition/4a99bf8fae88d43868e5b8ec0fa4c1c375b951f7.json"
}