{
   "sha": "359d79257b07cb81eddbcbcc2882bbb43362cfe4",
   "source_x": "PMC",
   "title": "Forensic genetics and genomics: Much more than just a human affair",
   "doi": "http://dx.doi.org/10.1371/journal.pgen.1006960",
   "pmcid": "PMC5608170",
   "pubmed_id": "28934201",
   "license": "CC BY",
   "abstract": "While traditional forensic genetics has been oriented towards using human DNA in criminal investigation and civil court cases, it currently presents a much wider application range, including not only legal situations sensu stricto but also and, increasingly often, to preemptively avoid judicial processes. Despite some difficulties, current forensic genetics is progressively incorporating the analysis of nonhuman genetic material to a greater extent. The analysis of this material\u2014including other animal species, plants, or microorganisms\u2014is now broadly used, providing ancillary evidence in criminalistics in cases such as animal attacks, trafficking of species, bioterrorism and biocrimes, and identification of fraudulent food composition, among many others. Here, we explore how nonhuman forensic genetics is being revolutionized by the increasing variety of genetic markers, the establishment of faster, less error-burdened and cheaper sequencing technologies, and the emergence and improvement of models, methods, and bioinformatics facilities.",
   "publish_time": "2017 Sep 21",
   "authors": [
      "['Arenas, Miguel', 'Pereira, Filipe', 'Oliveira, Manuela', 'Pinto, Nadia', 'Lopes, Alexandra M.', 'Gomes, Veronica', 'Carracedo, Angel', 'Amorim, Antonio']"
   ],
   "journal": "PLoS Genet",
   "has_full_text": "True",
   "id": "359d79257b07cb81eddbcbcc2882bbb43362cfe4",
   "fhir_link": "Commercial/Composition/359d79257b07cb81eddbcbcc2882bbb43362cfe4.json"
}