{
   "sha": "9eee57907d64046a6a8426a4031a0b6d6e04a0c2",
   "source_x": "Elsevier",
   "title": "Propidium monoazide (PMA) and ethidium bromide monoazide (EMA) improve DNA array and high-throughput sequencing of porcine reproductive and respiratory syndrome virus identification",
   "doi": "10.1016/j.jviromet.2015.06.014",
   "pubmed_id": "26129867",
   "license": "els-covid",
   "abstract": "Abstract Pan-viral DNA array (PVDA) and high-throughput sequencing (HTS) are useful tools to identify novel viruses of emerging diseases. However, both techniques have difficulties to identify viruses in clinical samples because of the host genomic nucleic acid content (hg/cont). Both propidium monoazide (PMA) and ethidium bromide monoazide (EMA) have the capacity to bind free DNA/RNA, but are cell membrane-impermeable. Thus, both are unable to bind protected nucleic acid such as viral genomes within intact virions. However, EMA/PMA modified genetic material cannot be amplified by enzymes. In order to assess the potential of EMA/PMA to lower the presence of amplifiable hg/cont in samples and improve virus detection, serum and lung tissue homogenates were spiked with porcine reproductive and respiratory virus (PRRSV) and were processed with EMA/PMA. In addition, PRRSV RT-qPCR positive clinical samples were also tested. EMA/PMA treatments significantly decreased amplifiable hg/cont and significantly increased the number of PVDA positive probes and their signal intensity compared to untreated spiked lung samples. EMA/PMA treatments also increased the sensitivity of HTS by increasing the number of specific PRRSV reads and the PRRSV percentage of coverage. Interestingly, EMA/PMA treatments significantly increased the sensitivity of PVDA and HTS in two out of three clinical tissue samples. Thus, EMA/PMA treatments offer a new approach to lower the amplifiable hg/cont in clinical samples and increase the success of PVDA and HTS to identify viruses.",
   "publish_time": "2015-09-15",
   "authors": [
      "Bellehumeur, Christian",
      "Boyle, Brian",
      "Charette, Steve J.",
      "Harel, Jos\u00e9e",
      "L\u2019Homme, Yvan",
      "Masson, Luke",
      "Gagnon, Carl A."
   ],
   "journal": "Journal of Virological Methods",
   "has_full_text": "True",
   "full_text_file": "custom_license",
   "id": "https://doi.org/10.1016/j.jviromet.2015.06.014",
   "fhir_link": [
      "PMC/Composition/9eee57907d64046a6a8426a4031a0b6d6e04a0c2"
   ]
}