{
   "sha": "4ada63940f8817b1305316a9c44cfbb5bc39b762",
   "source_x": "PMC",
   "title": "Disease reservoirs: from conceptual frameworks to applicable criteria",
   "doi": "http://dx.doi.org/10.1038/emi.2017.65",
   "pmcid": "PMC5625316",
   "pubmed_id": "28874791",
   "license": "CC BY",
   "abstract": "Central to the One Health approach and any disease eradication program is the question of whether a pathogen has a non-human reservoir. Despite well-established conceptual frameworks that define a reservoir of infection, empirical characterization of reservoirs often remains controversial, challenging and sometimes misleading. What is essentially missing are applicable requirements that standardize the use of the term \u2018reservoir of infection\u2019 across multiple disciplines. We propose an empirical framework, considering maintenance and feasible transmission of a pathogen, to standardize the acceptance of a disease reservoir across multiple disciplines. We demonstrate the intended use of these requirements by applying them to different diseases that are known to infect both humans and animals.",
   "publish_time": "2017 Sep 6",
   "authors": [
      "['Hallmaier-Wacker, Luisa K', 'Munster, Vincent J', 'Knauf, Sascha']"
   ],
   "journal": "Emerg Microbes Infect",
   "has_full_text": "True",
   "id": "4ada63940f8817b1305316a9c44cfbb5bc39b762",
   "fhir_link": "Commercial/Composition/4ada63940f8817b1305316a9c44cfbb5bc39b762"
}