{
   "sha": "a0acb3cda6288d12ce50136a88c013a3098ee3fd",
   "source_x": "PMC",
   "title": "Characterizing the rapid spread of porcine epidemic diarrhea virus (PEDV) through an animal food manufacturing facility",
   "doi": "http://dx.doi.org/10.1371/journal.pone.0187309",
   "pmcid": "PMC5667810",
   "pubmed_id": "29095859",
   "license": "CC BY",
   "abstract": "New regulatory and consumer demands highlight the importance of animal feed as a part of our national food safety system. Porcine epidemic diarrhea virus (PEDV) is the first viral pathogen confirmed to be widely transmissible in animal food. Because the potential for viral contamination in animal food is not well characterized, the objectives of this study were to 1) observe the magnitude of virus contamination in an animal food manufacturing facility, and 2) investigate a proposed method, feed sequencing, to decrease virus decontamination on animal food-contact surfaces. A U.S. virulent PEDV isolate was used to inoculate 50 kg swine feed, which was mixed, conveyed, and discharged into bags using pilot-scale feed manufacturing equipment. Surfaces were swabbed and analyzed for the presence of PEDV RNA by quantitative real-time polymerase chain reaction (qPCR). Environmental swabs indicated complete contamination of animal food-contact surfaces (0/40 vs. 48/48, positive baseline samples/total baseline samples, positive subsequent samples/total subsequent samples, respectively; P < 0.05) and near complete contamination of non-animal food-contact surfaces (0/24 vs. 16/18, positive baseline samples/total baseline samples, positive subsequent samples/total subsequent samples, respectively; P < 0.05). Flushing animal food-contact surfaces with low-risk feed is commonly used to reduce cross-contamination in animal feed manufacturing. Thus, four subsequent 50 kg batches of virus-free swine feed were manufactured using the same system to test its impact on decontaminating animal food-contact surfaces. Even after 4 subsequent sequences, animal food-contact surfaces retained viral RNA (28/33 positive samples/total samples), with conveying system being more contaminated than the mixer. A bioassay to test infectivity of dust from animal food-contact surfaces failed to produce infectivity. This study demonstrates the potential widespread viral contamination of surfaces in an animal food manufacturing facility and the difficulty of removing contamination using conventional feed sequencing, which underscores the importance for preventing viruses from entering and contaminating such facilities.",
   "publish_time": "2017 Nov 2",
   "authors": [
      "['Schumacher, Loni L.', 'Huss, Anne R.', 'Cochrane, Roger A.', 'Stark, Charles R.', 'Woodworth, Jason C.', 'Bai, Jianfa', 'Poulsen, Elizabeth G.', 'Chen, Qi', 'Main, Rodger G.', 'Zhang, Jianqiang', 'Gauger, Phillip C.', 'Ramirez, Alejandro', 'Derscheid, Rachel J.', 'Magstadt, Drew M.', 'Dritz, Steve S.', 'Jones, Cassandra K.']"
   ],
   "journal": "PLoS One",
   "has_full_text": "True",
   "id": "a0acb3cda6288d12ce50136a88c013a3098ee3fd",
   "fhir_link": "Commercial/Composition/a0acb3cda6288d12ce50136a88c013a3098ee3fd"
}