{
   "sha": "5d80f69f6ea60aef7c258bcab7dd4b997c19c24d",
   "source_x": "Elsevier",
   "title": "Glycyrrhizin inhibits influenza A virus uptake into the cell",
   "doi": "10.1016/j.antiviral.2009.04.012",
   "pubmed_id": "19416738",
   "license": "els-covid",
   "abstract": "Abstract We investigated the mechanism by which glycyrrhizin (GL), the main active component of licorice roots, protects cells from infection with influenza A virus (IAV). We found that GL treatment leads to a clear reduction in the number of IAV-infected human lung cells as well as a reduction in the CCID50 titer by 90%. The antiviral effect, however, was limited to one or two virus replication cycles. Analysis of different GL treatment protocols suggested that the antiviral effect of GL was limited to an early step in the virus replication cycle. A direct inhibitory action of GL on IAV particles could be excluded and GL did not interact with virus receptor binding either. The antiviral effect of GL was abolished by treatment 1h after virus infection, whereas pre-treatment and treatment during and after virus adsorption led to a reduction in the cytopathic effect, reduced viral RNA within the cells and in the cell supernatants, and reduced viral hemagglutination titers. Detailed virus uptake analyses unambiguously demonstrated reduced virus uptake in various GL-treated cells. These observations lead to the conclusion, that the antiviral activity of GL is mediated by an interaction with the cell membrane which most likely results in reduced endocytotic activity and hence reduced virus uptake. These insights might help in the design of structurally related compounds leading to potent anti-influenza therapeutics.",
   "publish_time": "2009-08-31",
   "authors": [
      "Wolkerstorfer, Andrea",
      "Kurz, Harald",
      "Bachhofner, Nicole",
      "Szolar, Oliver H.J."
   ],
   "journal": "Antiviral Research",
   "has_full_text": "True",
   "full_text_file": "custom_license",
   "id": "https://doi.org/10.1016/j.antiviral.2009.04.012",
   "fhir_link": [
      "PMC/Composition/5d80f69f6ea60aef7c258bcab7dd4b997c19c24d"
   ]
}