{
   "sha": "01a462bf8cf2cd973d1651b991d27c9556d2ae3c",
   "source_x": "PMC",
   "title": "A mobile loop near the active site acts as a switch between the dual activities of a viral protease/deubiquitinase",
   "doi": "http://dx.doi.org/10.1371/journal.ppat.1006714",
   "pmcid": "PMC5695851",
   "pubmed_id": "29117247",
   "license": "CC BY",
   "abstract": "The positive-strand RNA virus Turnip yellow mosaic virus (TYMV) encodes an ovarian tumor (OTU)-like protease/deubiquitinase (PRO/DUB) protein domain involved both in proteolytic processing of the viral polyprotein through its PRO activity, and in removal of ubiquitin chains from ubiquitylated substrates through its DUB activity. Here, the crystal structures of TYMV PRO/DUB mutants and molecular dynamics simulations reveal that an idiosyncratic mobile loop participates in reversibly constricting its unusual catalytic site by adopting \"open\", \"intermediate\" or \"closed\" conformations. The two cis-prolines of the loop form a rigid flap that in the most closed conformation zips up against the other side of the catalytic cleft. The intermediate and closed conformations also correlate with a reordering of the TYMV PRO/DUB catalytic dyad, that then assumes a classical, yet still unusually mobile, OTU DUB alignment. Further structure-based mutants designed to interfere with the loop's mobility were assessed for enzymatic activity in vitro and in vivo, and were shown to display reduced DUB activity while retaining PRO activity. This indicates that control of the switching between the dual PRO/DUB activities resides prominently within this loop next to the active site. Introduction of mutations into the viral genome revealed that the DUB activity contributes to the extent of viral RNA accumulation both in single cells and in whole plants. In addition, the conformation of the mobile flap was also found to influence symptoms severity in planta. Such mutants now provide powerful tools with which to study the specific roles of reversible ubiquitylation in viral infection.",
   "publish_time": "2017 Nov 8",
   "authors": [
      "['Jupin, Isabelle', 'Ayach, Maya', 'Jomat, Lucile', 'Fieulaine, Sonia', 'Bressanelli, St\u00e9phane']"
   ],
   "journal": "PLoS Pathog",
   "has_full_text": "True",
   "id": "01a462bf8cf2cd973d1651b991d27c9556d2ae3c",
   "fhir_link": "Commercial/Composition/01a462bf8cf2cd973d1651b991d27c9556d2ae3c"
}