{
   "sha": "76c35b758071bd154c5aa19cbacb5a044b1b6eb2",
   "source_x": "PMC",
   "title": "Potential for broad-scale transmission of Ebola virus disease during the West Africa crisis: lessons for the Global Health security agenda",
   "doi": "http://dx.doi.org/10.1186/s40249-017-0373-4",
   "pmcid": "PMC5710062",
   "pubmed_id": "29191243",
   "license": "CC BY",
   "abstract": "BACKGROUND: The 2014\u20132016 Ebola crisis in West Africa had approximately eight times as many reported deaths as the sum of all previous Ebola outbreaks. The outbreak magnitude and occurrence of multiple Ebola cases in at least seven countries beyond Liberia, Sierra Leone, and Guinea, hinted at the possibility of broad-scale transmission of Ebola. MAIN TEXT: Using a modeling tool developed by the US Centers for Disease Control and Prevention during the Ebola outbreak, we estimated the number of Ebola cases that might have occurred had the disease spread beyond the three countries in West Africa to cities in other countries at high risk for disease transmission (based on late 2014 air travel patterns). We estimated Ebola cases in three scenarios: a delayed response, a Liberia-like response, and a fast response scenario. Based on our estimates of the number of Ebola cases that could have occurred had Ebola spread to other countries beyond the West African foci, we emphasize the need for improved levels of preparedness and response to public health threats, which is the goal of the Global Health Security Agenda. Our estimates suggest that Ebola could have potentially spread widely beyond the West Africa foci, had local and international health workers and organizations not committed to a major response effort. Our results underscore the importance of rapid detection and initiation of an effective, organized response, and the challenges faced by countries with limited public health systems. Actionable lessons for strengthening local public health systems in countries at high risk of disease transmission include increasing health personnel, bolstering primary and critical healthcare facilities, developing public health infrastructure (e.g. laboratory capacity), and improving disease surveillance. With stronger local public health systems infectious disease outbreaks would still occur, but their rapid escalation would be considerably less likely, minimizing the impact of public health threats such as Ebola. CONCLUSIONS: The Ebola outbreak could have potentially spread to other countries, where limited public health surveillance and response capabilities may have resulted in additional foci. Health security requires robust local health systems that can rapidly detect and effectively respond to an infectious disease outbreak. ELECTRONIC SUPPLEMENTARY MATERIAL: The online version of this article (10.1186/s40249-017-0373-4) contains supplementary material, which is available to authorized users.",
   "publish_time": "2017 Dec 1",
   "authors": [
      "['Undurraga, Eduardo A.', 'Carias, Cristina', 'Meltzer, Martin I.', 'Kahn, Emily B.']"
   ],
   "journal": "Infect Dis Poverty",
   "has_full_text": "True",
   "id": "76c35b758071bd154c5aa19cbacb5a044b1b6eb2",
   "fhir_link": "Commercial/76c35b758071bd154c5aa19cbacb5a044b1b6eb2"
}