{
   "sha": "f718c18557f553d1f89ca9bedbda0236e413b767",
   "source_x": "Elsevier",
   "title": "Prophylactic and therapeutic efficacy of mAb treatment against MERS-CoV in common marmosets",
   "doi": "10.1016/j.antiviral.2018.06.006",
   "pubmed_id": "29885377",
   "license": "els-covid",
   "abstract": "Abstract The high case-fatality rate of confirmed MERS-CoV infections underlines the urgent need for an effective treatment to reduce the disease severity and mortality. REGN3051 and REGN3048 are two fully human neutralizing monoclonal antibodies (mAb) against MERS-CoV that reduced virus replication in mice expressing human DPP4 upon prophylactic and therapeutic treatment. Here, we evaluated the prophylactic and therapeutic efficacy of REGN3048 and REGN3051 in the common marmoset model of MERS-CoV infection. Intravenous administration of mAb resulted in high levels of MERS-CoV-neutralizing activity in circulating blood. When animals were treated with mAbs one day before challenge, respiratory disease was less severe and, in animals treated with both REGN3048 and REGN3051, viral loads in the lungs were reduced. However, therapeutic treatment on day one after challenge was less efficacious as it did not prevent the development of severe respiratory disease and all treated animals developed bronchointerstitial pneumonia of similar severity as the control animals. Thus, mAb administration may be more effective in a prophylactic treatment regimen rather than treatment of MERS.",
   "publish_time": "2018-08-31",
   "authors": [
      "de Wit, Emmie",
      "Feldmann, Friederike",
      "Okumura, Atsushi",
      "Horne, Eva",
      "Haddock, Elaine",
      "Saturday, Greg",
      "Scott, Dana",
      "Erlandson, Karl J.",
      "Stahl, Neil",
      "Lipsich, Leah",
      "Kyratsous, Christos A.",
      "Feldmann, Heinz"
   ],
   "journal": "Antiviral Research",
   "has_full_text": "True",
   "full_text_file": "custom_license",
   "id": "https://doi.org/10.1016/j.antiviral.2018.06.006",
   "fhir_link": [
      "PMC/Composition/f718c18557f553d1f89ca9bedbda0236e413b767"
   ]
}