{
   "sha": "a73149de69132032bc769a2d43c6a98cf663a069",
   "source_x": "Elsevier",
   "title": "Significant inhibition of re-emerged and emerging swine enteric coronavirus in vitro using the multiple shRNA expression vector",
   "doi": "10.1016/j.antiviral.2019.03.010",
   "pubmed_id": "30905822",
   "license": "els-covid",
   "abstract": "Abstract Swine enteric coronaviruses (SECoVs), including porcine epidemic diarrhea virus (PEDV), swine acute diarrhea syndrome coronavirus (SADS-CoV), and porcine deltacoronavirus (PDCoV) have emerged and been prevalent in pig populations in China for the last several years. However, current traditional inactivated and attenuated PEDV vaccines are of limited efficacy against circulating PEDV variants, and there are no commercial vaccines for prevention of PDCoV and SADS-CoV. RNA interference (RNAi) is a powerful tool in therapeutic applications to inhibit viral replication in vitro. In this study, we developed a small interfering RNA generation system that expressed two different short hairpin RNAs (shRNAs) targeting the M gene of PEDV and SADS-CoV and the N gene of PDCoV, respectively. Our results demonstrated that simultaneous expression of these specific shRNA molecules inhibited expression of PEDV M gene, SADS-CoV M gene, and PDCoV N gene RNA by 99.7%, 99.4%, and 98.8%, respectively, in infected cell cultures. In addition, shRNA molecules significantly restricted the expression of M and N protein, and impaired the replication of PEDV, SADS-CoV, and PDCoV simultaneously. Taken together, this shRNAs expression system not only is proved to be a novel approach for studying functions of various genes synchronously, but also developed to test aspects of a potential therapeutic option for treatment and prevention of multiple SECoV infections.",
   "publish_time": "2019-06-30",
   "authors": [
      "Li, Kai",
      "Li, Hao",
      "Bi, Zhen",
      "Song, Deping",
      "Zhang, Fanfan",
      "Lei, Dan",
      "Luo, Suxian",
      "Li, Zhiquan",
      "Gong, Wang",
      "Huang, Dongyan",
      "Ye, Yu",
      "Tang, Yuxin"
   ],
   "journal": "Antiviral Research",
   "has_full_text": "True",
   "full_text_file": "custom_license",
   "id": "https://doi.org/10.1016/j.antiviral.2019.03.010",
   "fhir_link": [
      "PMC/Composition/a73149de69132032bc769a2d43c6a98cf663a069"
   ]
}