{
   "sha": "3a6f01ff5937747ba64e54a638909c0502f8c851",
   "source_x": "Elsevier",
   "title": "The intricate interplay between RNA viruses and NF-\u03baB",
   "doi": "10.1016/j.bbamcr.2014.08.004",
   "license": "els-covid",
   "abstract": "Abstract RNA viruses have rapidly evolving genomes which often allow cross-species transmission and frequently generate new virus variants with altered pathogenic properties. Therefore infections by RNA viruses are a major threat to human health. The infected host cell detects trace amounts of viral RNA and the last years have revealed common principles in the biochemical mechanisms leading to signal amplification that is required for mounting of a powerful antiviral response. Components of the RNA sensing and signaling machinery such as RIG-I-like proteins, MAVS and the inflammasome inducibly form large oligomers or even fibers that exhibit hallmarks of prions. Following a nucleation event triggered by detection of viral RNA, these energetically favorable and irreversible polymerization events trigger signaling cascades leading to the induction of antiviral and inflammatory responses, mediated by interferon and NF-\u03baB pathways. Viruses have evolved sophisticated strategies to manipulate these host cell signaling pathways in order to ensure their replication. We will discuss at the examples of influenza and HTLV-1 viruses how a fascinating diversity of biochemical mechanisms is employed by viral proteins to control the NF-\u03baB pathway at all levels.",
   "publish_time": "2014-11-30",
   "authors": [
      "Schmitz, M. Lienhard",
      "Kracht, Michael",
      "Saul, Vera V."
   ],
   "journal": "Biochimica et Biophysica Acta (BBA) - Molecular Cell Research",
   "has_full_text": "True",
   "full_text_file": "custom_license",
   "id": "https://doi.org/10.1016/j.bbamcr.2014.08.004",
   "fhir_link": [
      "PMC/Composition/3a6f01ff5937747ba64e54a638909c0502f8c851"
   ]
}