{
   "sha": "0577bfc182ea9062ae7d4e4c419a84777b734a4c",
   "source_x": "PMC",
   "title": "Application of extracorporeal membrane oxygenation in patients with severe acute respiratory distress syndrome induced by avian influenza A (H7N9) viral pneumonia: national data from the Chinese multicentre collaboration",
   "doi": "http://dx.doi.org/10.1186/s12879-017-2903-x",
   "pmcid": "PMC5759204",
   "pubmed_id": "29310581",
   "license": "CC BY",
   "abstract": "BACKGROUND: Evidence concerning the efficacy and safety of extracorporeal membrane oxygenation (ECMO) in patients with influenza A (H7N9) has been was limited to case reports. Our study is aimed to investigate the current application, efficacy and safety of ECMO in for severe H7N9 pneumonia-associated acute respiratory distress syndrome (ARDS) in the Chinese population. METHODS: A multicentre retrospective cohort study was conducted at 20 hospitals that admitted patients with avian influenza A (H7N9) viral pneumonia patients\u2019 admission from 9 provinces in China between October 1, 2016, and March 1, 2017. Data from the National Health and Family Planning Commission of China, including general conditions, outcomes and ECMO management, were analysed. Then, successfully weaned and unsuccessfully weaned groups were compared. RESULTS: A total of 35 patients, aged 57\u2009\u00b1\u20091\u00a0years, were analysed; 65.7% of patients were male with 63% mortality. All patients underwent invasive positive pressure ventilation (IPPV), and rescue ventilation strategies were implemented for 23 cases (65.7%) with an average IPPV duration of 5\u2009\u00b1\u20091 d, PaO(2)/FiO(2) of 78\u2009\u00b1\u200923\u00a0mmHg, tidal volume (VT) of 439\u2009\u00b1\u200961\u00a0ml and plateau pressure (P(plat)) of 29\u2009\u00b1\u20098 cmH(2)O pre-ECMO. After 48\u00a0h on ECMO, PaO(2) improved from 56\u2009\u00b1\u200921\u00a0mmHg to 90\u2009\u00b1\u200924\u00a0mmHg and PaCO(2) declined from 52\u2009\u00b1\u200924\u00a0mmHg to 38\u2009\u00b1\u200924\u00a0mmHg. Haemorrhage, ventilator-associated pneumonia (VAP) and barotrauma occurred in 45.7%, 60% and 8.6% of patients, respectively. Compared with successfully weaned patients (n\u2009=\u200914), the 21 unsuccessfully weaned patients had a longer duration of IPPV pre-ECMO (6\u2009\u00b1\u20094 d vs. 2\u2009\u00b1\u20091 d, P\u2009<\u20090.01) as well as a higher P(plat) (25\u2009\u00b1\u20095 cmH(2)O vs. 21\u2009\u00b1\u20093 cmH(2)O, P\u2009<\u20090.05) and VT (343\u2009\u00b1\u200996\u00a0ml vs. 246\u2009\u00b1\u200993\u00a0ml, P\u2009<\u20090.05) after 48\u00a0h on ECMO support. Furthermore, the unsuccessfully weaned group had a higher mortality (100% vs. 7.1%, P\u2009<\u20090.01) with more haemorrhage (77.3% vs. 28.6%, P\u2009<\u20090.01). CONCLUSIONS: ECMO is effective at improving oxygenation and ventilation of patients with avian influenza A (H7N9) induced severe ARDS. Early initiation of ECMO with appropriate IPPV settings and anticoagulation strategies are necessary to reduce complications.",
   "publish_time": "2018 Jan 8",
   "authors": [
      "['Huang, Linna', 'Zhang, Wei', 'Yang, Yi', 'Wu, Wenjuan', 'Lu, Weihua', 'Xue, Han', 'Zhao, Hongsheng', 'Wu, Yunfu', 'Shang, Jia', 'Cai, Lihua', 'Liu, Long', 'Liu, Donglin', 'Wang, Yeming', 'Cao, Bin', 'Zhan, Qingyuan', 'Wang, Chen']"
   ],
   "journal": "BMC Infect Dis",
   "has_full_text": "True",
   "id": "0577bfc182ea9062ae7d4e4c419a84777b734a4c",
   "fhir_link": "Commercial/0577bfc182ea9062ae7d4e4c419a84777b734a4c"
}