{
   "sha": "4e03846c3048cb3333b02046199a2662122d12af",
   "source_x": "PMC",
   "title": "Prohibitin plays a critical role in Enterovirus 71 neuropathogenesis",
   "doi": "http://dx.doi.org/10.1371/journal.ppat.1006778",
   "pmcid": "PMC5764453",
   "pubmed_id": "29324904",
   "license": "CC BY",
   "abstract": "A close relative of poliovirus, enterovirus 71 (EV71) is regarded as an important neurotropic virus of serious public health concern. EV71 causes Hand, Foot and Mouth Disease and has been associated with neurological complications in young children. Our limited understanding of the mechanisms involved in its neuropathogenesis has hampered the development of effective therapeutic options. Here, using a two-dimensional proteomics approach combined with mass spectrometry, we have identified a unique panel of host proteins that were differentially and dynamically modulated during EV71 infection of motor-neuron NSC-34 cells, which are found at the neuromuscular junctions where EV71 is believed to enter the central nervous system. Meta-analysis with previously published proteomics studies in neuroblastoma or muscle cell lines revealed minimal overlapping which suggests unique host-pathogen interactions in NSC-34 cells. Among the candidate proteins, we focused our attention on prohibitin (PHB), a protein that is involved in multiple cellular functions and the target of anti-cancer drug Rocaglamide (Roc-A). We demonstrated that cell surface-expressed PHB is involved in EV71 entry into neuronal cells specifically, while membrane-bound mitochondrial PHB associates with the virus replication complex and facilitates viral replication. Furthermore, Roc-A treatment of EV71-infected neuronal cells reduced significantly virus yields. However, the inhibitory effect of Roc-A on PHB in NSC-34 cells was not through blocking the CRAF/MEK/ERK pathway as previously reported. Instead, Roc-A treated NSC-34 cells had lower mitochondria-associated PHB and lower ATP levels that correlated with impaired mitochondria integrity. In vivo, EV71-infected mice treated with Roc-A survived longer than the vehicle-treated animals and had significantly lower virus loads in their spinal cord and brain, whereas virus titers in their limb muscles were comparable to controls. Together, this study uncovers PHB as the first host factor that is specifically involved in EV71 neuropathogenesis and a potential drug target to limit neurological complications.",
   "publish_time": "2018 Jan 11",
   "authors": [
      "['Too, Issac Horng Khit', 'Bonne, Isabelle', 'Tan, Eng Lee', 'Chu, Justin Jang Hann', 'Alonso, Sylvie']"
   ],
   "journal": "PLoS Pathog",
   "has_full_text": "False",
   "id": "4e03846c3048cb3333b02046199a2662122d12af"
}