{
   "sha": "eb5dcf1546dae050e8aa82aecc2d4b2cc472cbc4",
   "source_x": "PMC",
   "title": "Molecular characteristics and successful management of a respiratory syncytial virus outbreak among pediatric patients with hemato-oncological disease",
   "doi": "http://dx.doi.org/10.1186/s13756-018-0316-2",
   "pmcid": "PMC5812225",
   "pubmed_id": "29449938",
   "license": "CC BY",
   "abstract": "BACKGROUND: Respiratory syncytial virus (RSV) is responsible for upper and lower respiratory tract infection in adults and children. Especially immunocompromised patients are at high risk for a severe course of infection, and mortality is increased. Moreover RSV can spread in healthcare settings and can cause outbreaks. Herein we demonstrate the successful control and characteristics of a RSV outbreak that included 8 patients in our Department of Pediatric Hematology and Oncology. METHODS: We performed an epidemiologic investigation and a molecular analysis of the outbreak strains. Moreover we present the outbreak control bundle and our concept for RSV screening in the winter season. RESULTS: RSV A and B strains caused the outbreak. RSV B strains affected 3 patients, 2 of whom were co-infected with RSV A. Exactly this RSV A strain was detected in another 5 patients. Our multimodal infection control bundle including prophylactic RSV screening was able to rapidly stop the outbreak. CONCLUSION: An infection control bundle in RSV outbreaks should address all potential transmission pathways. In pediatric settings the restriction of social activities might have a temporal negative impact on quality of life but helps to limit transmission opportunities. Molecular analysis allows better understanding of RSV outbreaks and, if done in a timely manner, might be helpful for guidance of infection control measures.",
   "publish_time": "2018 Feb 13",
   "authors": [
      "['Baier, Claas', 'Haid, Sibylle', 'Beilken, Andreas', 'Behnert, Astrid', 'Wetzke, Martin', 'Brown, Richard J. P.', 'Schmitt, Corinna', 'Ebadi, Ella', 'Hansen, Gesine', 'Schulz, Thomas F.', 'Pietschmann, Thomas', 'Bange, Franz-Christoph']"
   ],
   "journal": "Antimicrob Resist Infect Control",
   "has_full_text": "True",
   "id": "eb5dcf1546dae050e8aa82aecc2d4b2cc472cbc4",
   "fhir_link": "Commercial/Composition/eb5dcf1546dae050e8aa82aecc2d4b2cc472cbc4"
}