{
   "sha": "806f2edfbb6e758edf4142e7ac2d359ac4e6018a",
   "source_x": "Elsevier",
   "title": "Preparation and characterization of a novel monoclonal antibody specific to severe acute respiratory syndrome-coronavirus nucleocapsid protein",
   "doi": "10.1016/j.virusres.2006.07.004",
   "pubmed_id": "16942813",
   "license": "els-covid",
   "abstract": "Abstract Severe acute respiratory syndrome-coronavirus nucleocapsid (SARS-CoV N) protein has been found to be important to the processes related to viral pathogenesis, such as virus replication, interference of the cell process and modulation of host immune response; detection of the antigen has been used for the early diagnosis of infection. We have used recombinant N protein expressed in insect cells to generate 17 mAbs directed against this protein. We selected five mAbs that could be used in various diagnostic assays, and all of these mAbs recognized linear epitopes. Three IgG2b mAbs were recognized within the N-terminus of N protein, whereas the epitope of two IgG1 mAbs localized within the C-terminus. These mAbs were found to have significant reactivity with both non-phosphorylated and phosphorylated N proteins, which resulted in high reactivity with native N protein in virus-infected cells; however, they did not show cross-reactivity with human coronavirus. Therefore, these results suggested that these mAbs would be useful in the development of various diagnostic kits and in future studies of SARS-CoV pathology.",
   "publish_time": "2006-12-31",
   "authors": [
      "Shin, Gu-Choul",
      "Chung, Yoon-Seok",
      "Kim, In-Soo",
      "Cho, Hae-Wol",
      "Kang, Chun"
   ],
   "journal": "Virus Research",
   "has_full_text": "True",
   "full_text_file": "custom_license",
   "id": "https://doi.org/10.1016/j.virusres.2006.07.004",
   "fhir_link": [
      "PMC/Composition/806f2edfbb6e758edf4142e7ac2d359ac4e6018a"
   ]
}