{
   "sha": "91df62f28da6d25c7b5ba9383b75fff8e546f6db",
   "source_x": "PMC",
   "title": "Implications of asymptomatic carriers for infectious disease transmission and control",
   "doi": "http://dx.doi.org/10.1098/rsos.172341",
   "pmcid": "PMC5830799",
   "pubmed_id": "29515909",
   "license": "CC BY",
   "abstract": "For infectious pathogens such as Staphylococcus aureus and Streptococcus pneumoniae, some hosts may carry the pathogen and transmit it to others, yet display no symptoms themselves. These asymptomatic carriers contribute to the spread of disease but go largely undetected and can therefore undermine efforts to control transmission. Understanding the natural history of carriage and its relationship to disease is important for the design of effective interventions to control transmission. Mathematical models of infectious diseases are frequently used to inform decisions about control and should therefore accurately capture the role played by asymptomatic carriers. In practice, incorporating asymptomatic carriers into models is challenging due to the sparsity of direct evidence. This absence of data leads to uncertainty in estimates of model parameters and, more fundamentally, in the selection of an appropriate model structure. To assess the implications of this uncertainty, we systematically reviewed published models of carriage and propose a new model of disease transmission with asymptomatic carriage. Analysis of our model shows how different assumptions about the role of asymptomatic carriers can lead to different conclusions about the transmission and control of disease. Critically, selecting an inappropriate model structure, even when parameters are correctly estimated, may lead to over- or under-estimates of intervention effectiveness. Our results provide a more complete understanding of the role of asymptomatic carriers in transmission and highlight the importance of accurately incorporating carriers into models used to make decisions about disease control.",
   "publish_time": "2018 Feb 14",
   "authors": [
      "['Chisholm, Rebecca H.', 'Campbell, Patricia T.', 'Wu, Yue', 'Tong, Steven Y. C.', 'McVernon, Jodie', 'Geard, Nicholas']"
   ],
   "journal": "R Soc Open Sci",
   "has_full_text": "True",
   "id": "91df62f28da6d25c7b5ba9383b75fff8e546f6db",
   "fhir_link": "Commercial/Composition/91df62f28da6d25c7b5ba9383b75fff8e546f6db.json"
}