{
   "sha": "1b866f640fd6093ed5e3b7d2c5c0bc16bf042089",
   "source_x": "Elsevier",
   "title": "Molecular characterization of hepatitis E virus ORF1 gene supports a papain-like cysteine protease (PCP)-domain activity",
   "doi": "10.1016/j.virusres.2013.07.020",
   "pubmed_id": "23978667",
   "license": "els-covid",
   "abstract": "Abstract Hepatitis E Virus (HEV) ORF1 encodes the nonstructural polyprotein wherein a role of PCP-domain in ORF1 proteolysis and/or RNA replication still remains contested. A series of ORF1 mutants of HEV-SAR55 replicon were constructed and tested for viability in S10-3 cells. Six of PCP-\u2018cysteine\u2019 (C457A, C459A, C471A, C472A, C481A and C483A) and three \u2018histidine\u2019 (H443L, H497L and H590L) mutants were lethal. Further, a highly conserved \u2018glycine-triad\u2019 (G815-G816-G817) in downstream X-domain, homologous to rubella virus protease-substrate (G1299-G1300-G1301) was identified where two of X-mutants (G816V and G817V) turned lethal. However, all ORF1 sequential nucleotide-mutants conserving the amino acids were viable, which clearly showed post-translational regulation of HEV replication by PCP- and X-domains. Moreover, while vector-expressed ORF1-fusion polyprotein yielded a \u223c191kDa band in vitro, it produced \u223c78 and \u223c35kDa fragments ex vivo. Collectively, the indispensability and functional effects of \u2018PCP-catalytic\u2019 and \u2018X-substrate\u2019 residues on HEV replication strongly supported a viral protease.",
   "publish_time": "2013-12-26",
   "authors": [
      "Parvez, Mohammad Khalid"
   ],
   "journal": "Virus Research",
   "has_full_text": "True",
   "full_text_file": "custom_license",
   "id": "https://doi.org/10.1016/j.virusres.2013.07.020",
   "fhir_link": [
      "PMC/Composition/1b866f640fd6093ed5e3b7d2c5c0bc16bf042089"
   ]
}