{
   "sha": "0db6ae77cd580f4e8c3cb6728de4a2a6197a727c",
   "source_x": "PMC",
   "title": "In Vivo Characterisation of Five Strains of Bovine Viral Diarrhoea Virus 1 (Subgenotype 1c)",
   "doi": "http://dx.doi.org/10.3390/pathogens7010012",
   "pmcid": "PMC5874738",
   "pubmed_id": "29351201",
   "license": "CC BY",
   "abstract": "Bovine viral diarrhoea virus 1 (BVDV-1) is strongly associated with several important diseases of cattle, such as bovine respiratory disease, diarrhoea and haemoragic lesions. To date many subgenotypes have been reported for BVDV-1, currently ranging from subgenotype 1a to subgenotype 1u. While BVDV-1 has a world-wide distribution, the subgenotypes have a more restricted geographical distribution. As an example, BVDV-1 subgenotypes 1a and 1b are frequently detected in North America and Europe, while the subgenotype 1c is rarely detected. In contrast, BVDV-1 subgenotype 1c is by far the most commonly reported in Australia. Despite this, uneven distribution of the biological importance of the subgenotypes remains unclear. The aim of this study was to characterise the in vivo properties of five strains of BVDV-1 subgenotype 1c in cattle infection studies. No overt respiratory signs were reported in any of the infected cattle regardless of strain. Consistent with other subgenotypes, transient pyrexia and leukopenia were commonly identified, while thrombocytopenia was not. The quantity of virus detected in the nasal secretions of transiently infected animals suggested the likelihood of horizontal transmission was very low. Further studies are required to fully understand the variability and importance of the BVDV-1 subgenotype 1c.",
   "publish_time": "2018 Jan 19",
   "authors": [
      "['Ambrose, Rebecca K.', 'Gravel, Jennifer L.', 'Commins, Margaret A.', 'Fowler, Elizabeth V.', 'Mahony, Timothy J.']"
   ],
   "journal": "Pathogens",
   "has_full_text": "True",
   "id": "0db6ae77cd580f4e8c3cb6728de4a2a6197a727c",
   "fhir_link": "Commercial/Composition/0db6ae77cd580f4e8c3cb6728de4a2a6197a727c"
}