{
   "sha": "07928c96123e42473f3b02e7cfa13ba8b53d591e",
   "source_x": "PMC",
   "title": "A novel mechanism of RNase L inhibition: Theiler's virus L* protein prevents 2-5A from binding to RNase L",
   "doi": "http://dx.doi.org/10.1371/journal.ppat.1006989",
   "pmcid": "PMC5927464",
   "pubmed_id": "29652922",
   "license": "CC BY",
   "abstract": "The OAS/RNase L pathway is one of the best-characterized effector pathways of the IFN antiviral response. It inhibits the replication of many viruses and ultimately promotes apoptosis of infected cells, contributing to the control of virus spread. However, viruses have evolved a range of escape strategies that act against different steps in the pathway. Here we unraveled a novel escape strategy involving Theiler\u2019s murine encephalomyelitis virus (TMEV) L* protein. Previously we found that L* was the first viral protein binding directly RNase L. Our current data show that L* binds the ankyrin repeats R1 and R2 of RNase L and inhibits 2\u2019-5\u2019 oligoadenylates (2-5A) binding to RNase L. Thereby, L* prevents dimerization and oligomerization of RNase L in response to 2-5A. Using chimeric mouse hepatitis virus (MHV) expressing TMEV L*, we showed that L* efficiently inhibits RNase L in vivo. Interestingly, those data show that L* can functionally substitute for the MHV-encoded phosphodiesterase ns2, which acts upstream of L* in the OAS/RNase L pathway, by degrading 2-5A.",
   "publish_time": "2018 Apr 13",
   "authors": [
      "['Drappier, Melissa', 'Jha, Babal Kant', 'Stone, Sasha', 'Elliott, Ruth', 'Zhang, Rong', 'Vertommen, Didier', 'Weiss, Susan R.', 'Silverman, Robert H.', 'Michiels, Thomas']"
   ],
   "journal": "PLoS Pathog",
   "has_full_text": "False",
   "id": "07928c96123e42473f3b02e7cfa13ba8b53d591e"
}