{
   "sha": "9e115f050e9a4bfa777fcbf79204014270383274",
   "source_x": "PMC",
   "title": "Anti-oxidant and Anti-Inflammatory Cyclic Diarylheptanoids from Alnus japonica Stem Bark",
   "pmcid": "PMC5963649",
   "pubmed_id": "29844779",
   "license": "CC BY",
   "abstract": "A new cyclic diarylheptanoid namely alnuheptanoid B (3), along with four known cyclic diarylheptanoids: myricanone (1), (+)-S-myricanol (2), myricanone 5-O-\u00a0-D-glucopyranoside (4), and (+)-S-myricanol 5-O-\u00a0-D-glucopyranoside (5) were isolated from the EtOAc fraction of Alnus japonica Steud (family: Betulaceae) stem bark. Their structures were established by different spectroscopic analyses, as well as optical rotation measurement. Compounds 1, 2, 4, and 5 are isolated for the first time from A. japonica. The antioxidant and anti-inflammatory activities of compounds (1-5) were assessed using DPPH assay and carrageenin induced rat paw edema model, respectively. They displayed significant antioxidant activity in relation to propyl gallate (standard antioxidant) at concentration 50 \u00b5M. Compound 2 demonstrated anti-inflammatory effect at a dose 10 mg/kg compared with indomethacin (positive control).",
   "publish_time": "2017 Winter",
   "authors": [
      "['R.M. Ibrahim, Sabrin', 'A. Mohamed, Gamal', 'I. M. Khedr, Amgad', 'M. Aljaeid, Bader']"
   ],
   "journal": "Iran J Pharm Res",
   "has_full_text": "True",
   "id": "9e115f050e9a4bfa777fcbf79204014270383274",
   "fhir_link": "Commercial/Composition/9e115f050e9a4bfa777fcbf79204014270383274"
}