{
   "sha": "53a7b62173e65ffc66609a603cfde43cfa267e40",
   "source_x": "Elsevier",
   "title": "An evaluation of the policy on community health organizations in China: Will the priority of new healthcare reform in China be a success?",
   "doi": "10.1016/j.healthpol.2010.07.003",
   "license": "els-covid",
   "abstract": "Abstract Objectives The objective of this paper is to assess historical and recent health reform efforts in China. We provide a brief history of the Chinese healthcare system since 1949 as context for the current healthcare; examine the factors that led to recent efforts to reestablish community-based care in China; and identify the challenges associated with attaining a sustainable and quality community healthcare system. Methods Based on literature review and publicly available data in China, the paper will present a historical case study analysis of health policy change of CHOs in China and provide policy evaluation, and the paper provided policy suggestions. Results We find that the government's recent efforts to emphasize the significance of community healthcare services in China have started to change patterns of healthcare use, but many problems still inhibit the development of CHOs, including unsustainable governmental roles, issues of human resource inadequacy and laggard GP practice, poorly designed payment schemes, patient's trust crisis and continue to inhibit the development of community-based primary care. Conclusions Additional policy efforts to help CHOs\u2019 development are needed. Recent government investments in public health and primary care alone are not sufficient and could not be sustainable. It will not until long-term self-sustaining mechanisms to relieve an omnipotent government are established, including competent community doctors (GP) system, supportive social insurance reimbursement, appropriate financial incentives to providers, better transparency and accountability, as well as a more regulated referral system, a legitimate, sustainable and quality community health system could be attained.",
   "publish_time": "2011-01-31",
   "authors": [
      "Wang, Hufeng",
      "Gusmano, Michael K.",
      "Cao, Qi"
   ],
   "journal": "Health Policy",
   "has_full_text": "True",
   "full_text_file": "custom_license",
   "id": "https://doi.org/10.1016/j.healthpol.2010.07.003",
   "fhir_link": [
      "PMC/Composition/53a7b62173e65ffc66609a603cfde43cfa267e40"
   ]
}