{
   "sha": "b3fefaf12333cd48df7fc035419d5322978eb326",
   "source_x": "Elsevier",
   "title": "Modelling of Healthcare Associated Infections: A study on the dynamics of pathogen transmission by using an individual-based approach",
   "doi": "10.1016/j.cmpb.2011.02.002",
   "pubmed_id": "21377229",
   "license": "els-covid",
   "abstract": "Abstract Prevention and control of Healthcare Associated Infections (HAIs) has become a high priority for most healthcare organizations. Mathematical models can provide insights into the dynamics of nosocomial infections and help to evaluate the effect of infection control measures. The model presented in this paper adopts an individual-based and stochastic approach to investigate MRSA outbreaks in a hospital ward. A computer simulation was implemented to analyze the dynamics of the system associated with the spread of the infection and to carry out studies on space and personnel management. This study suggests that a strict spatial cohorting might be ineffective, if it is not combined with personnel cohorting.",
   "publish_time": "2011-11-30",
   "authors": [
      "Milazzo, L.",
      "Bown, J.L.",
      "Eberst, A.",
      "Phillips, G.",
      "Crawford, J.W."
   ],
   "journal": "Computer Methods and Programs in Biomedicine",
   "has_full_text": "True",
   "full_text_file": "custom_license",
   "id": "https://doi.org/10.1016/j.cmpb.2011.02.002",
   "fhir_link": [
      "PMC/Composition/b3fefaf12333cd48df7fc035419d5322978eb326"
   ]
}