{
   "sha": "622f303bb2041b5c20fe2dd55914d8fd4bfb776c",
   "source_x": "Elsevier",
   "title": "Applications of genetic engineering in veterinary medicine",
   "doi": "10.1016/S0169-409X(00)00077-6",
   "license": "els-covid",
   "abstract": "Abstract A mutation of just one gene will cause abnormal cell behavior leading to the synthesis of a dysfunctional protein. This mutation will inevitably result in the cell functioning only marginally or not at all. Other genetic mutations interfere with the cell\u2019s normal life cycle, especially the cell-division cycle. The goal behind recombinant DNA technology is to deliver the correct version of a mutated gene to the cell so that the expression will lead to the normal production of protein and the restoration of normal cell function. This can be considered qualitatively different from other conventional treatments due to genetic material being a putative therapeutic agent. By altering the genetic material of cells, gene therapy may correct, or one day cure, the specific disease pathophysiology. Genetic engineering has been used in veterinary medicine to diagnose, prevent and treat diseases, breed different species and produce transgenic animals for therapeutic proteins or xenografting. In this review the current status of recombinant DNA technology and its application in veterinary medicine together with the obstacles to, and applications of, genetic engineering in veterinary medicine are discussed.",
   "publish_time": "2000-09-15",
   "authors": [
      "Ciftci, Kadriye",
      "Trovitch, Peter"
   ],
   "journal": "Advanced Drug Delivery Reviews",
   "has_full_text": "True",
   "full_text_file": "custom_license",
   "id": "https://doi.org/10.1016/S0169-409X(00)00077-6",
   "fhir_link": [
      "PMC/Composition/622f303bb2041b5c20fe2dd55914d8fd4bfb776c"
   ]
}