{
   "sha": "d06c36f9ef81b72f1bdad04a8fd4579d0016c2e9",
   "source_x": "PMC",
   "title": "Induced CNS expression of CXCL1 augments neurologic disease in a murine model of multiple sclerosis via enhanced neutrophil recruitment",
   "doi": "http://dx.doi.org/10.1002/eji.201747442",
   "pmcid": "PMC6033633",
   "pubmed_id": "29697856",
   "license": "CC BY",
   "abstract": "Increasing evidence points to an important role for neutrophils in participating in the pathogenesis of the human demyelinating disease MS and the animal model EAE. Therefore, a better understanding of the signals controlling migration of neutrophils as well as evaluating the role of these cells in demyelination is important to define cellular components that contribute to disease in MS patients. In this study, we examined the functional role of the chemokine CXCL1 in contributing to neuroinflammation and demyelination in EAE. Using transgenic mice in which expression of CXCL1 is under the control of a tetracycline\u2010inducible promoter active within glial fibrillary acidic protein\u2010positive cells, we have shown that sustained CXCL1 expression within the CNS increased the severity of clinical and histologic disease that was independent of an increase in the frequency of encephalitogenic Th1 and Th17 cells. Rather, disease was associated with enhanced recruitment of CD11b(+)Ly6G(+) neutrophils into the spinal cord. Targeting neutrophils resulted in a reduction in demyelination arguing for a role for these cells in myelin damage. Collectively, these findings emphasize that CXCL1\u2010mediated attraction of neutrophils into the CNS augments demyelination suggesting that this signaling pathway may offer new targets for therapeutic intervention.",
   "publish_time": "2018 Jul 16",
   "authors": [
      "['Grist, Jonathan J.', 'Marro, Brett S.', 'Skinner, Dominic D.', 'Syage, Amber R.', 'Worne, Colleen', 'Doty, Daniel J.', 'Fujinami, Robert S.', 'Lane, Thomas E.']"
   ],
   "journal": "Eur J Immunol",
   "has_full_text": "True",
   "id": "d06c36f9ef81b72f1bdad04a8fd4579d0016c2e9",
   "fhir_link": "Commercial/Composition/d06c36f9ef81b72f1bdad04a8fd4579d0016c2e9"
}