{
   "sha": "03bb746ba6fb4c250b5f8f9ff0e5013b2c49b8f7",
   "source_x": "PMC",
   "title": "Immunogenicity of adenovirus-vector vaccine targeting hepatitis B virus: non-clinical safety assessment in non-human primates",
   "doi": "http://dx.doi.org/10.1186/s12985-018-1026-3",
   "pmcid": "PMC6056916",
   "pubmed_id": "30041659",
   "license": "CC BY",
   "abstract": "BACKGROUND: A new promising therapeutic approach has emerged for patients chronically infected by the hepatitis B virus (HBV) with the development of a non-replicative adenovirus vector vaccine candidate (Ad-HBV). The vaccine encodes a fusion protein composed of a truncated HBV core protein, mutated polymerase protein, and two envelope domains. In this study, we assessed the immunogenicity of Ad-HBV administered to cynomolgus monkeys during a non-clinical safety assessment. METHODS: The virus was subcutaneously administered at 1.0\u2009\u00d7\u200910(9) viral particles (VP)/animal (low-dose group), 1.0\u2009\u00d7\u200910(10) VP/animal (mid-dose group), and 1.0\u2009\u00d7\u200910(11) VP/animal (high-dose group); the control groups were administered an Ad5-null virus (1.0\u2009\u00d7\u200910(11) VP/animal) and saline only. RESULTS: Except for inflammatory cell infiltration under the skin at the injection sites and transient elevation of body temperature and serum albumin, no Ad-HBV-related toxic effects were noted in any treatment group. Moreover, interferon (IFN)-\u03b3 enzyme-linked immunospot assays showed that Ad-HBV induced the targeting of T cells to a broad spectrum of HBV-specific epitopes spanning all three of the selected HBV immunogens (core, polymerase, and envelope domains) in a dose-dependent manner. Although anti-Ad antibody was produced in all groups (except for the saline control), the antibody titers were significantly lower in the high-dose Ad-HBV group than in the group that received the same dose of the Ad-null empty vector. In addition, the IFN-\u03b3 and IL-2 expression levels in the liver were significantly improved for the mid-dose, high-dose, and Ad-null control group (p\u2009<\u20090.05), but not for the low-dose group. CONCLUSIONS: Taken together, this safety assessment indicates that the Ad-HBV candidate vaccine is a potent specific immunotherapeutic agent, supporting its further clinical development as an anti-HBV infection vaccine. ELECTRONIC SUPPLEMENTARY MATERIAL: The online version of this article (10.1186/s12985-018-1026-3) contains supplementary material, which is available to authorized users.",
   "publish_time": "2018 Jul 24",
   "authors": [
      "['Zhang, Xuefeng', 'Wang, Jing', 'Lu, Jing', 'Li, Rongrong', 'Zhao, Shuli']"
   ],
   "journal": "Virol J",
   "has_full_text": "True",
   "id": "03bb746ba6fb4c250b5f8f9ff0e5013b2c49b8f7",
   "fhir_link": "Commercial/Composition/03bb746ba6fb4c250b5f8f9ff0e5013b2c49b8f7"
}