{
   "sha": "cca534a08e2c7de2caee739eaca157706db95289",
   "source_x": "PMC",
   "title": "Identification and characterisation of the CD40-ligand of Sigmodon hispidus",
   "doi": "http://dx.doi.org/10.1371/journal.pone.0199067",
   "pmcid": "PMC6063397",
   "pubmed_id": "30052641",
   "license": "CC BY",
   "abstract": "Cotton rats are an important animal model to study infectious diseases. They have demonstrated higher susceptibility to a wider variety of human pathogens than other rodents and are also the animal model of choice for pre-clinical evaluations of some vaccine candidates. However, the genome of cotton rats remains to be fully sequenced, with much fewer genes cloned and characterised compared to other rodent species. Here we report the cloning and characterization of CD40 ligand, whose human and murine counterparts are known to be expressed on a range of cell types including activated T cells and B cells, dendritic cells, granulocytes, macrophages and platelets and exerts a broad array of immune responses. The cDNA for cotton rat CD40L we isolated is comprised of 1104 nucleotides with an open reading frame (ORF) of 783bp coding for a 260 amino acid protein. The recombinant cotton rat CD40L protein was recognized by an antibody against mouse CD40L. Moreover, it demonstrated functional activities on immature bone marrow dendritic cells by upregulating surface maturation markers (CD40, CD54, CD80, and CD86), and increasing IL-6 gene and protein expression. The availability of CD40L gene identity could greatly facilitate mechanistic research on pathogen-induced-immunopathogenesis and vaccine-elicited immune responses.",
   "publish_time": "2018 Jul 27",
   "authors": [
      "['Russell, Marsha S.', 'Muralidharan, Abenaya', 'Larocque, Louise', 'Cao, Jingxin', 'Deschambault, Yvon', 'Varga, Jessie', 'Thulasi Raman, Sathya N.', 'Li, Xuguang']"
   ],
   "journal": "PLoS One",
   "has_full_text": "False",
   "id": "cca534a08e2c7de2caee739eaca157706db95289"
}