{
   "sha": "2f984ba4bf33d440a51a3532c3b5cd6b50166a4f",
   "source_x": "Elsevier",
   "title": "Guidance on the use of respiratory and facial protection equipment",
   "doi": "10.1016/j.jhin.2013.06.020",
   "pubmed_id": "24051190",
   "license": "els-covid",
   "abstract": "Summary Infectious micro-organisms may be transmitted by a variety of routes, and some may be spread by more than one route. Respiratory and facial protection is required for those organisms that are usually transmitted via the droplet/airborne route, or when airborne particles have been artificially created, such as during \u2018aerosol-generating procedures\u2019. A range of personal protective equipment that provides different degrees of facial and respiratory protection is available. It is apparent from the recent experiences with severe acute respiratory syndrome and pandemic (H1N1) 2009 influenza that healthcare workers may have difficulty in choosing the correct type of facial and respiratory protection in any given clinical situation. To address this issue, the Scientific Development Committee of the Healthcare Infection Society established a short-life working group to develop guidance. The guidance is based upon a review of the literature, which is published separately, and expert consensus.",
   "publish_time": "2013-11-30",
   "authors": [
      "Coia, J.E.",
      "Ritchie, L.",
      "Adisesh, A.",
      "Makison Booth, C.",
      "Bradley, C.",
      "Bunyan, D.",
      "Carson, G.",
      "Fry, C.",
      "Hoffman, P.",
      "Jenkins, D.",
      "Phin, N.",
      "Taylor, B.",
      "Nguyen-Van-Tam, J.S.",
      "Zuckerman, M."
   ],
   "journal": "Journal of Hospital Infection",
   "has_full_text": "True",
   "full_text_file": "custom_license",
   "id": "https://doi.org/10.1016/j.jhin.2013.06.020",
   "fhir_link": [
      "PMC/Composition/2f984ba4bf33d440a51a3532c3b5cd6b50166a4f"
   ]
}