{
   "sha": "36c9f0d81abca39d9decec0de264ad9b5e8be161",
   "source_x": "PMC",
   "title": "Diagnostics of rare disorders: whole-exome sequencing deciphering locus heterogeneity in telomere biology disorders",
   "doi": "http://dx.doi.org/10.1186/s13023-018-0864-9",
   "pmcid": "PMC6097299",
   "pubmed_id": "30115091",
   "license": "CC BY",
   "abstract": "BACKGROUND: The telomere biology disorders (TBDs) include a range of multisystem diseases characterized by mucocutaneous symptoms and bone marrow failure. In dyskeratosis congenita (DKC), the clinical features of TBDs stem from the depletion of crucial stem cell populations in highly proliferative tissues, resulting from abnormal telomerase function. Due to the wide spectrum of clinical presentations and lack of a conclusive laboratory test it may be challenging to reach a clinical diagnosis, especially if patients lack the pathognomonic clinical features of TBDs. METHODS: Clinical sequencing was performed on a cohort of patients presenting with variable immune phenotypes lacking molecular diagnoses. Hypothesis-free whole-exome sequencing (WES) was selected in the absence of compelling diagnostic hints in patients with variable immunological and haematological conditions. RESULTS: In four patients belonging to three families, we have detected five novel variants in known TBD-causing genes (DKC1, TERT and RTEL1). In addition to the molecular findings, they all presented shortened blood cell telomeres. These findings are consistent with the displayed TBD phenotypes, addressing towards the molecular diagnosis and subsequent clinical follow-up of the patients. CONCLUSIONS: Our results strongly support the utility of WES-based approaches for routine genetic diagnostics of TBD patients with heterogeneous or atypical clinical presentation who otherwise might remain undiagnosed. ELECTRONIC SUPPLEMENTARY MATERIAL: The online version of this article (10.1186/s13023-018-0864-9) contains supplementary material, which is available to authorized users.",
   "publish_time": "2018 Aug 17",
   "authors": [
      "['Trotta, Luca', 'Norberg, Anna', 'Taskinen, Mervi', 'B\u00e9ziat, Vivien', 'Degerman, Sofie', 'Wartiovaara-Kautto, Ulla', 'V\u00e4limaa, Hannamari', 'Jahnukainen, Kirsi', 'Casanova, Jean-Laurent', 'Sepp\u00e4nen, Mikko', 'Saarela, Janna', 'Koskenvuo, Minna', 'Martelius, Timi']"
   ],
   "journal": "Orphanet J Rare Dis",
   "has_full_text": "True",
   "id": "36c9f0d81abca39d9decec0de264ad9b5e8be161",
   "fhir_link": "Commercial/Composition/36c9f0d81abca39d9decec0de264ad9b5e8be161.json"
}