{
   "sha": "f9426bdcd204747d493857d5a88efaf70c2cbee5",
   "source_x": "PMC",
   "title": "Complemented Palindromic Small RNAs First Discovered from SARS Coronavirus",
   "doi": "http://dx.doi.org/10.3390/genes9090442",
   "pmcid": "PMC6162610",
   "pubmed_id": "30189613",
   "license": "CC BY",
   "abstract": "In this study, we report for the first time the existence of complemented palindromic small RNAs (cpsRNAs) and propose that cpsRNAs and palindromic small RNAs (psRNAs) constitute a novel class of small RNAs. The first discovered 19-nt cpsRNA UUAACAAGCUUGUUAAAGA, named SARS-CoV-cpsR-19, was detected from a 22-bp DNA complemented palindrome TCTTTAACAAGCTTGTTAAAGA in the severe acute respiratory syndrome coronavirus (SARS-CoV) genome. The phylogenetic analysis supported that this DNA complemented palindrome originated from bat betacoronavirus. The results of RNA interference (RNAi) experiments showed that one 19-nt segment corresponding to SARS-CoV-cpsR-19 significantly induced cell apoptosis. Using this joint analysis of the molecular function and phylogeny, our results suggested that SARS-CoV-cpsR-19 could play a role in SARS-CoV infection or pathogenesis. The discovery of cpsRNAs has paved a way to find novel markers for pathogen detection and to reveal the mechanisms underlying infection or pathogenesis from a different point of view. Researchers can use cpsRNAs to study the infection or pathogenesis of pathogenic viruses when these viruses are not available. The discovery of psRNAs and cpsRNAs, as a novel class of small RNAs, also inspire researchers to investigate DNA palindromes and DNA complemented palindromes with lengths of psRNAs and cpsRNAs in viral genomes.",
   "publish_time": "2018 Sep 5",
   "authors": [
      "['Liu, Chang', 'Chen, Ze', 'Hu, Yue', 'Ji, Haishuo', 'Yu, Deshui', 'Shen, Wenyuan', 'Li, Siyu', 'Ruan, Jishou', 'Bu, Wenjun', 'Gao, Shan']"
   ],
   "journal": "Genes (Basel)",
   "has_full_text": "True",
   "id": "f9426bdcd204747d493857d5a88efaf70c2cbee5",
   "fhir_link": "Commercial/Composition/f9426bdcd204747d493857d5a88efaf70c2cbee5.json"
}