{
   "sha": "c9ac0a1d2dd861bfa590dc654ddadb324a993fa0",
   "source_x": "PMC",
   "title": "What happened to health service utilization, health care expenditures, and quality of care in patients with acute pancreatitis after implementation of global budgeting in Taiwan?",
   "doi": "http://dx.doi.org/10.1097/MD.0000000000012620",
   "pmcid": "PMC6203586",
   "pubmed_id": "30313049",
   "license": "CC BY",
   "abstract": "AIM: Acute pancreatitis is associated with significant morbidity and mortality. In the United States, more than 3,00,000 patients are admitted and about 20,000 die from acute pancreatitis per year. In Taiwan, the incidence rate of acute pancreatitis is 0.03% and the mortality rate among severe acute pancreatitis is 16.3%. The aim of the study was to evaluate the impact of the global budgeting system on health service utilization, health care expenditures, and quality of care among patients with acute pancreatitis in Taiwan. MATERIALS AND METHODS: The National Health Insurance Research Database (NHIRD) was used for analysis. Data on patients with acute pancreatitis diagnosed during the period 2000 and 2001 were used as baseline data, and data from 2004 and 2005 were used as post-intervention data. The length of stay (LOS), diagnostic costs, drug cost, therapy costs, total costs, risk of readmission within 14 days, and risk of revisiting the emergency department (ED) within 3 days of discharge before and after implementation of the global budgeting system were compared and analyzed. RESULTS: Data on 2810 patients with acute pancreatitis were analyzed in this study. There was a significant difference in mean LOS before and after introduction of the global budget system (7.34\u200a\u00b1\u200a0.22 days and 7.82\u200a\u00b1\u200a0.22 days, respectively; P\u200a<\u200a.001)). The mean total costs before and after implementation of the global budget system were Taiwan dollars (NT$) 28,290.66\u200a\u00b1\u200a1576.32 and NT$ 42,341.83\u200a\u00b1\u200a2285.23, respectively. The mean rate of revisiting the ED within 3 days decreased from 9.9\u200a\u00b1\u200a0.9% before adoption of global budgeting to 7.2\u200a\u00b1\u200a0.6% after implementation of the system. The mean 14-day re-admission rates before and after introduction of global budgeting were 11.6\u200a\u00b1\u200a1.0% and 7.9\u200a\u00b1\u200a0.7%, respectively. CONCLUSION: The global budget system was associated with significantly longer length of stay, higher health care expenditures, and better quality of care in patients treated for acute pancreatitis.",
   "publish_time": "2018 Oct 12",
   "authors": [
      "['Ko, Ya-Lin', 'Wang, Jyun-Wei', 'Hsu, Hui-Mei', 'Kao, Chia-Hung', 'Lin, Chun-Yi']"
   ],
   "journal": "Medicine (Baltimore)",
   "has_full_text": "True",
   "id": "c9ac0a1d2dd861bfa590dc654ddadb324a993fa0",
   "fhir_link": "Commercial/c9ac0a1d2dd861bfa590dc654ddadb324a993fa0"
}