{
   "source_x": "CZI",
   "title": "[Analysis of myocardial injury in patients with COVID-19 and association between concomitant cardiovascular diseases and severity of COVID-19]",
   "doi": "10.3760/cma.j.cn112148-20200225-00123",
   "pubmed_id": "32141280",
   "abstract": "Objective: To evaluate the cardiovascular damage of patients with COVID-19, and determine the correlation of serum N-terminal pro B-type natriuretic peptide (NT-proBNP) and cardiac troponin-I (cTnI) with the severity of COVID-19, and the impact of concomitant cardiovascular disease on severity of COVID-19 was also evaluated. Methods: A cross-sectional study was designed on 150 consecutive patients with COVID-19 in the fever clinic of Tongji Hospital in Wuhan from January to February in 2020, including 126 mild cases and 24 cases in critical care. Both univariate and multivariate logistic regression were used to analyze the correlation of past medical history including hypertension, diabetes and coronary heart disease (CHD) , as well as the levels of serum NT-proBNP and cTnI to the disease severity of COVID-19 patients. Results: Age, hypersensitive C-reactive protein(hs-CRP) and serum creatinine levels of the patients were higher in critical care cases than in mild cases(all P<0.05). Prevalence of male, elevated NT-proBNP and cTnI, hypertension and coronary heart disease were significantly higher in critical cases care patients than in the mild cases(all P<0.05). Univariate logistic regression analysis showed that age, male, elevated NT-proBNP, elevated cTnI, elevated hs-CRP, elevated serum creatinine, hypertension, and CHD were significantly correlated with critical disease status(all P<0.05). Multivariate logistic regression analysis showed that elevated cTnI(OR=26.909, 95%CI 4.086-177.226, P=0.001) and CHD (OR=16.609, 95%CI 2.288-120.577, P=0.005) were the independent risk factors of critical disease status. Conclusions: COVID-19 can significantly affect the heart function and lead to myocardial injury. The past medical history of CHD and increased level of cTnI are two independent determinants of clinical disease status in patients with COVID-19.",
   "publish_time": "2020",
   "authors": [
      "Chen, C.",
      "Yan, J. T.",
      "Zhou, N.",
      "Zhao, J. P.",
      "Wang, D. W."
   ],
   "journal": "Zhonghua xin xue guan bing za zhi",
   "Microsoft Academic Paper ID": "2913916509",
   "WHO #Covidence": "#5104",
   "id": "https://www.ncbi.nlm.nih.gov/pubmed/32141280"
}