{
   "sha": "042a57ce54d353b67f9faff39f7829c45dc7b101",
   "source_x": "PMC",
   "title": "HIGH-FLOW NASAL CANNULA POST-TRACHEAL EXTUBATION IN A CHILD WITH UPPER AIRWAY OBSTRUCTION: CASE REPORT",
   "doi": "http://dx.doi.org/10.1590/1984-0462/;2018;36;3;00010",
   "pmcid": "PMC6202903",
   "pubmed_id": "29995143",
   "license": "CC BY",
   "abstract": "OBJECTIVE: To report a case of a patient who required tracheal intubation in a pediatric emergency department due to acute laryngitis and that, after the planned extubation, has successfully used the high-flow nasal cannula, which possibly prevented extubation failure. CASE DESCRIPTION: A male 8-month-old child was admitted to the pediatric emergency room with acute respiratory distress due to a high airway obstruction secondary to severe acute laryngitis. He was immediately intubated and referred to the pediatric intensive care unit. He presented extubation failure due to a significant laryngeal edema evidenced by bronchoscopy. In the second attempt to extubate, he presented respiratory distress, but, after the use of the high-flow nasal cannula, he became stable, reducing the heart and respiratory frequencies, and the extubation was successful. COMMENTS: The use of the high-flow nasal cannula was effective and presented good response in this patient with acute laryngitis, suggesting that it is a possible adjuvant for the treatment, avoiding worsening respiratory conditions and the need for reintubation.",
   "publish_time": "2018 Jul-Sep",
   "authors": [
      "['Colleti, Jos\u00e9', 'Longui, T\u00e2mara Eleamen', 'de Carvalho, Werther Brunow']"
   ],
   "journal": "Rev Paul Pediatr",
   "has_full_text": "True",
   "id": "042a57ce54d353b67f9faff39f7829c45dc7b101",
   "fhir_link": "Commercial/Composition/042a57ce54d353b67f9faff39f7829c45dc7b101.json"
}