{
   "sha": "177c9a5fa045b94ea25f72ab17240cdb82585946",
   "source_x": "PMC",
   "title": "Promoting influenza prevention for elderly people in Hong Kong using health action process approach: study protocol",
   "doi": "http://dx.doi.org/10.1186/s12889-018-6146-6",
   "pmcid": "PMC6219178",
   "pubmed_id": "30400790",
   "license": "CC BY",
   "abstract": "BACKGROUND: People 65\u00a0years or older are at greater risk of serious complications from the seasonal influenza compared with young. To promote elderly people\u2019s behavioral compliance toward influenza prevention, the aim of the current project is to develop, implement, and evaluate a theory-based low-administration-cost intervention building on a leading psychological theory, the Health Action Process Approach (HAPA). METHODS: The target group is Hong Kong Chinese elderly people aged 65 or older who rarely or never adopt any preventive actions. This project will be conducted in three phases over 24\u00a0months. In phase 1, intervention program will be developed building on the HAPA theoretical framework which comprises both the initiation and maintenance of influenza prevention behaviors. In phase 2, intervention will be implemented and evaluated using a randomized controlled trial, including: (a) behavior initiation only, (b) behavior initiation + behavior maintenance, and (c) control group. Both the initiation and maintenance components will comprise weekly-delivered telephone-based individual intervention sessions in 3 months. In phase 3, outcome evaluation of behavioral and psychological variables and process evaluation will be conducted. The effectiveness of the intervention will be analyzed using a series of linear mixed models on each behavioral and psychological outcome variable. Structural equation modelling will be used to test the hypothesized theoretical sequence in the HAPA model. DISCUSSION: The proposed project is expected to design theory-based intervention materials to promote the influenza prevention behaviors in Hong Kong elderly people and provide information on its effectiveness and the potential changing mechanism of behavior initiation and maintenance. TRIAL REGISTRATION: This randomized controlled trial was funded by the Health and Medical Research Fund (HMRF), Food and Health Bureau of the Government of the Hong Kong Special Administrative Region (Ref: 16151222) and was registered on 13/10/2017 at CCRB Clinical Trials Registry of the Chinese University of Hong Kong, a Partner Registry of a WHO Primary Registry (Ref: CUHK_CCRB00567).",
   "publish_time": "2018 Nov 6",
   "authors": [
      "['Zhang, Chun-Qing', 'Zhang, Ru', 'Chung, Pak-Kwong', 'Duan, Yanping', 'Lau, Joseph Tak fai', 'Chan, Derwin King Chung', 'Hagger, Martin S.']"
   ],
   "journal": "BMC Public Health",
   "has_full_text": "True",
   "id": "177c9a5fa045b94ea25f72ab17240cdb82585946",
   "fhir_link": "Commercial/Composition/177c9a5fa045b94ea25f72ab17240cdb82585946"
}