{
   "sha": "3bec77cad0e4b4ed676490c6d4de5977c961e696",
   "source_x": "Elsevier",
   "title": "CD209 (DC-SIGN) \u2212336A>G promoter polymorphism and severe acute respiratory syndrome in Hong Kong Chinese",
   "doi": "10.1016/j.humimm.2010.03.006",
   "pubmed_id": "20359516",
   "license": "els-covid",
   "abstract": "Abstract CD209 (DC-SIGN) is an important C-type lectin which acts a receptor of many pathogens. The single nucleotide polymorphism (SNP) \u2212336A>G in the CD209 promoter has been demonstrated to regulate promoter activity and to be associated with several important infectious diseases, such as human immunodeficiency virus\u20131 (HIV-1), Mycobacterium tuberculosis, and Dengue fever. CD209 facilitates severe acute respiratory syndrome (SARS)\u2013coronavirus spike protein-bearing pseudotype driven infection of permissive cells in vitro. In keeping with previously published findings, our in vitro studies confirmed that this SNP modulates gene promoter activity. Genetic association analysis of this SNP with clinico-pathologic outcomes in 824 serologic confirmed SARS patients showed that the \u2212336AG/GG genotype SARS patients was associated with lower standardized lactate-dehydrogenase (LDH) levels compared with the \u2212336AA patients (p = 0.014, odds ratio = 0.40). High LDH levels are known to be an independent predictor for poor clinical outcome, probably related to tissue destruction from immune hyperactivity. Hence, SARS patients with the CD209 \u2212336 AA genotype carry a 60% chance of having a poorer prognosis. This association is in keeping with the role of CD209 in modulating immune response to viral infection. The relevance of these findings for other infectious diseases and inflammatory conditions would be worth investigating.",
   "publish_time": "2010-07-31",
   "authors": [
      "Chan, Kelvin Yuen Kwong",
      "Xu, Mei-Shu",
      "Ching, Johannes Chi Yun",
      "So, Thomas Man Kit",
      "Lai, Sik-To",
      "Chu, Chung-Ming",
      "Yam, Loretta Y.C.",
      "Wong, Andrew T.Y.",
      "Chung, Pui Hong",
      "Chan, Vera Sau Fong",
      "Lin, Chen Lung Steve",
      "Sham, Pak Chung",
      "Leung, Gabriel M.",
      "Peiris, Joseph S.M.",
      "Khoo, Ui-Soon"
   ],
   "journal": "Human Immunology",
   "has_full_text": "True",
   "full_text_file": "custom_license",
   "id": "https://doi.org/10.1016/j.humimm.2010.03.006",
   "fhir_link": [
      "PMC/Composition/3bec77cad0e4b4ed676490c6d4de5977c961e696"
   ]
}