{
   "sha": "1b21437159e00cfbc7a48cfb1cc4c27a818e2157",
   "source_x": "PMC",
   "title": "Robustness of the reproductive number estimates in vector-borne disease systems",
   "doi": "http://dx.doi.org/10.1371/journal.pntd.0006999",
   "pmcid": "PMC6312349",
   "pubmed_id": "30557351",
   "license": "CC BY",
   "abstract": "BACKGROUND: The required efforts, feasibility and predicted success of an intervention strategy against an infectious disease are partially determined by its basic reproduction number, R(0). In its simplest form R(0) can be understood as the product of the infectious period, the number of infectious contacts and the per-contact transmission probability, which in the case of vector-transmitted diseases necessarily extend to the vector stages. As vectors do not usually recover from infection, they remain infectious for life, which places high significance on the vector\u2019s life expectancy. Current methods for estimating the R(0) for a vector-borne disease are mostly derived from compartmental modelling frameworks assuming constant vector mortality rates. We hypothesised that some of the assumptions underlying these models can lead to unrealistic high vector life expectancies with important repercussions for R(0) estimates. METHODOLOGY AND PRINCIPAL FINDINGS: Here we used a stochastic, individual-based model which allowed us to directly measure the number of secondary infections arising from one index case under different assumptions about vector mortality. Our results confirm that formulas based on age-independent mortality rates can overestimate R(0) by nearly 100% compared to our own estimate derived from first principles. We further provide a correction factor that can be used with a standard R(0) formula and adjusts for the discrepancies due to erroneous vector age distributions. CONCLUSION: Vector mortality rates play a crucial role for the success and general epidemiology of vector-transmitted diseases. Many modelling efforts intrinsically assume these to be age-independent, which, as clearly demonstrated here, can lead to severe over-estimation of the disease\u2019s reproduction number. Our results thus re-emphasise the importance of obtaining field-relevant and species-dependent vector mortality rates, which in turn would facilitate more realistic intervention impact predictions.",
   "publish_time": "2018 Dec 17",
   "authors": [
      "['Tennant, Warren', 'Recker, Mario']"
   ],
   "journal": "PLoS Negl Trop Dis",
   "has_full_text": "True",
   "id": "1b21437159e00cfbc7a48cfb1cc4c27a818e2157",
   "fhir_link": "Commercial/Composition/1b21437159e00cfbc7a48cfb1cc4c27a818e2157.json"
}