{
   "sha": "6a109eb5b0e889ef933943ebf4db5c26cacf85b8",
   "source_x": "Elsevier",
   "title": "Intragastric immunization with recombinant Lactobacillus casei expressing flagellar antigen confers antibody-independent protective immunity against Salmonella enterica serovar Enteritidis",
   "doi": "10.1016/j.vaccine.2007.01.055",
   "pubmed_id": "17287050",
   "license": "els-covid",
   "abstract": "Abstract A recombinant Lactobacillus casei expressing a flagellar antigen from Salmonella enterica serovar Enteritidis was constructed and evaluated as a mucosal vaccine. Intragastric immunization of the recombinant strain conferred protective immunity against Salmonella infection in mice. This immunization did not result in antigen-specific antibody in either feces or sera but induced the release of IFN-\u03b3 on restimulation of primed lymphocytes ex vivo. The results suggested that the protective efficacy provided by flagellin-expressing L. casei is mainly attributable to cell-mediated immune responses. In addition, an adjuvant-type effect of the antigen delivery system with L. casei was also observed.",
   "publish_time": "2007-05-04",
   "authors": [
      "Kajikawa, Akinobu",
      "Satoh, Eiichi",
      "Leer, Rob J.",
      "Yamamoto, Shigeki",
      "Igimi, Shizunobu"
   ],
   "journal": "Vaccine",
   "has_full_text": "True",
   "full_text_file": "custom_license",
   "id": "https://doi.org/10.1016/j.vaccine.2007.01.055",
   "fhir_link": [
      "PMC/Composition/6a109eb5b0e889ef933943ebf4db5c26cacf85b8"
   ]
}