{
   "sha": "e06eef429570ccdd9375526eb297bef3e81438b8",
   "source_x": "PMC",
   "title": "Metagenomic analysis of viruses in toilet waste from long distance flights\u2014A new procedure for global infectious disease surveillance",
   "doi": "http://dx.doi.org/10.1371/journal.pone.0210368",
   "pmcid": "PMC6331095",
   "pubmed_id": "30640944",
   "license": "CC BY",
   "abstract": "Human viral pathogens are a major public health threat. Reliable information that accurately describes and characterizes the global occurrence and transmission of human viruses is essential to support national and global priority setting, public health actions, and treatment decisions. However, large areas of the globe are currently without surveillance due to limited health care infrastructure and lack of international cooperation. We propose a novel surveillance strategy, using metagenomic analysis of toilet material from international air flights as a method for worldwide viral disease surveillance. The aim of this study was to design, implement, and evaluate a method for viral analysis of airplane toilet waste enabling simultaneous detection and quantification of a wide range of human viral pathogens. Toilet waste from 19 international airplanes was analyzed for viral content, using viral capture probes followed by high-throughput sequencing. Numerous human pathogens were detected including enteric and respiratory viruses. Several geographic trends were observed with samples originating from South Asia having significantly higher viral species richness as well as higher abundances of salivirus A, aichivirus A and enterovirus B, compared to samples originating from North Asia and North America. In addition, certain city specific trends were observed, including high numbers of rotaviruses in airplanes departing from Islamabad. Based on this study we believe that central sampling and analysis at international airports could be a useful supplement for global viral surveillance, valuable for outbreak detection and for guiding public health resources.",
   "publish_time": "2019 Jan 14",
   "authors": [
      "['Hjelms\u00f8, Mathis Hjort', 'Mollerup, Sarah', 'Jensen, Randi Holm', 'Pietroni, Carlotta', 'Lukjancenko, Oksana', 'Schultz, Anna Charlotte', 'Aarestrup, Frank M.', 'Hansen, Anders Johannes']"
   ],
   "journal": "PLoS One",
   "has_full_text": "False",
   "id": "e06eef429570ccdd9375526eb297bef3e81438b8"
}