{
   "sha": "f93f20813c626fb775bbb73b1c14c906cd61e899",
   "source_x": "PMC",
   "title": "Identification of Neutralizing Monoclonal Antibodies Targeting Novel Conformational Epitopes of the Porcine Epidemic Diarrhoea Virus Spike Protein",
   "doi": "http://dx.doi.org/10.1038/s41598-019-39844-5",
   "pmcid": "PMC6385244",
   "pubmed_id": "30792462",
   "license": "CC BY",
   "abstract": "Since 2010, newly identified variants of porcine epidemic diarrhoea virus (PEDV) have caused high mortality in neonatal piglets which has devastated the swine industry. The spike (S) glycoprotein of PEDV contains multiple neutralizing epitopes and is a major target for PEDV neutralization and vaccine development. To understand the antigenicity of the new PEDV variant, we characterized the neutralizing epitopes of a new genotype 2b PEDV isolate from Taiwan, PEDV Pintung 52 (PEDV-PT), by the generation of neutralizing monoclonal antibodies (NmAbs). Two NmAbs, P4B-1, and E10E-1\u201310 that recognized the ectodomain of the full-length recombinant PEDV S protein and exhibited neutralizing ability against the PEDV-PT virus were selected. Recombinant truncated S proteins were used to identify the target sequences for the NmAbs and P4B-1 was shown to recognize the C-terminus of CO-26K equivalent epitope (COE) at amino acids (a.a.) 575\u2013639 of the PEDV S. Interestingly, E10E-1\u201310 could recognize a novel neutralizing epitope at a.a. 435\u2013485 within the S1(A) domain of the PEDV S protein, whose importance and function are yet to be determined. Moreover, both NmAbs could not bind to linearized S proteins, indicating that only conformational epitopes are recognized. This data could improve our understanding of the antigenic structures of the PEDV S protein and facilitate future development of novel epitope-based vaccines.",
   "publish_time": "2019 Feb 21",
   "authors": [
      "['Chang, Chia-Yu', 'Cheng, Ivan-Chen', 'Chang, Yen-Chen', 'Tsai, Pei-Shiue', 'Lai, Seiu-Yu', 'Huang, Yu-Liang', 'Jeng, Chian-Ren', 'Pang, Victor Fei', 'Chang, Hui-Wen']"
   ],
   "journal": "Sci Rep",
   "has_full_text": "True",
   "id": "f93f20813c626fb775bbb73b1c14c906cd61e899",
   "fhir_link": "Commercial/Composition/f93f20813c626fb775bbb73b1c14c906cd61e899.json"
}