{
   "sha": "1fd9c6b5b018e0c9b1bb4d3e38d81bdfc04dc7cf",
   "source_x": "Elsevier",
   "title": "Diagnostic Molecular Microbiology A 2013 Snapshot",
   "doi": "10.1016/j.cll.2013.08.003",
   "pubmed_id": "24267186",
   "license": "els-covid",
   "publish_time": "2013-12-31",
   "authors": [
      "Fairfax, Marilynn Ransom",
      "Salimnia, Hossein"
   ],
   "journal": "Clinics in Laboratory Medicine",
   "has_full_text": "True",
   "full_text_file": "custom_license",
   "id": "https://doi.org/10.1016/j.cll.2013.08.003",
   "fhir_link": [
      "PMC/Composition/1fd9c6b5b018e0c9b1bb4d3e38d81bdfc04dc7cf"
   ]
}