{
   "sha": "1363643127b0fd76d3c6b848e07cfc2ed3f75328",
   "source_x": "PMC",
   "title": "A medium-throughput screen for inhibitors of human metapneumovirus",
   "doi": "http://dx.doi.org/10.1177/2040206619830197",
   "pmcid": "PMC6376503",
   "pubmed_id": "30759993",
   "license": "CC BY",
   "abstract": "Human metapneumovirus, a paramyxovirus discovered in 2001, is a major cause of lower respiratory infection in adults and children worldwide. There are no licensed vaccines or drugs for human metapneumovirus. We developed a fluorescent, cell-based medium-throughput screening assay for human metapneumovirus that captures inhibitors of all stages of the viral lifecycle except budding of progeny virus particles from the cell membrane. We optimized and validated the assay and performed a successful medium-throughput screening. A number of hits were identified, several of which were confirmed to inhibit viral replication in secondary assays. This assay offers potential to discover new antivirals for human metapneumovirus and related respiratory viruses. Compounds discovered using the medium-throughput screening may also provide useful probes of viral biology.",
   "publish_time": "2019 Feb 13",
   "authors": [
      "['Becker, Jennifer C', 'Tollefson, Sharon J', 'Weaver, David', 'Williams, John V']"
   ],
   "journal": "Antivir Chem Chemother",
   "has_full_text": "True",
   "id": "1363643127b0fd76d3c6b848e07cfc2ed3f75328",
   "fhir_link": "Commercial/Composition/1363643127b0fd76d3c6b848e07cfc2ed3f75328"
}