{
   "sha": "b2a382ff964250dde3c7387b87bd244b27e4f81d",
   "source_x": "PMC",
   "title": "Distinct transcriptional modules in the peripheral blood mononuclear cells response to human respiratory syncytial virus or to human rhinovirus in hospitalized infants with bronchiolitis",
   "doi": "http://dx.doi.org/10.1371/journal.pone.0213501",
   "pmcid": "PMC6405118",
   "pubmed_id": "30845274",
   "license": "CC BY",
   "abstract": "Human respiratory syncytial virus (HRSV) is the main cause of bronchiolitis during the first year of life, when infections by other viruses, such as rhinovirus, also occur and are clinically indistinguishable from those caused by HRSV. In hospitalized infants with bronchiolitis, the analysis of gene expression profiles from peripheral blood mononuclear cells (PBMC) may be useful for the rapid identification of etiological factors, as well as for developing diagnostic tests, and elucidating pathogenic mechanisms triggered by different viral agents. In this study we conducted a comparative global gene expression analysis of PBMC obtained from two groups of infants with acute viral bronchiolitis who were infected by HRSV (HRSV group) or by HRV (HRV group). We employed a weighted gene co-expression network analysis (WGCNA) which allows the identification of transcriptional modules and their correlations with HRSV or HRV groups. This approach permitted the identification of distinct transcription modules for the HRSV and HRV groups. According to these data, the immune response to HRSV infection\u2014comparatively to HRV infection\u2014was more associated to the activation of the interferon gamma signaling pathways and less related to neutrophil activation mechanisms. Moreover, we also identified host-response molecular markers that could be used for etiopathogenic diagnosis. These results may contribute to the development of new tests for respiratory virus identification. The finding that distinct transcriptional profiles are associated to specific host responses to HRSV or to HRV may also contribute to the elucidation of the pathogenic mechanisms triggered by different respiratory viruses, paving the way for new therapeutic strategies.",
   "publish_time": "2019 Mar 7",
   "authors": [
      "['Vieira, Sandra E.', 'Bando, Silvia Y.', 'de Paulis, Milena', 'Oliveira, Danielle B. L.', 'Thomazelli, Luciano M.', 'Durigon, Edison L.', 'Martinez, Marina B.', 'Moreira-Filho, Carlos Alberto']"
   ],
   "journal": "PLoS One",
   "has_full_text": "True",
   "id": "b2a382ff964250dde3c7387b87bd244b27e4f81d",
   "fhir_link": "Commercial/Composition/b2a382ff964250dde3c7387b87bd244b27e4f81d.json"
}