{
   "sha": "9a24a0a85d33c5665889c6de594c961478260c0c",
   "source_x": "PMC",
   "title": "Quantifying heterogeneous contact patterns in Japan: a social contact survey",
   "doi": "http://dx.doi.org/10.1186/s12976-019-0102-8",
   "pmcid": "PMC6425701",
   "pubmed_id": "30890153",
   "license": "CC BY",
   "abstract": "BACKGROUND: Social contact surveys can greatly help in quantifying the heterogeneous patterns of infectious disease transmission. The present study aimed to conduct a contact survey in Japan, offering estimates of contact by age and location and validating a social contact matrix using a seroepidemiological dataset of influenza. METHODS: An internet-based questionnaire survey was conducted, covering all 47 prefectures in Japan and including a total of 1476 households. The social contact matrix was quantified assuming reciprocity and using the maximum likelihood method. By imposing several parametric assumptions for the next-generation matrix, the empirical seroepidemiological data of influenza A (H1N1) 2009 was analysed and we estimated the basic reproduction number, R(0). RESULTS: In total, the reported number of contacts on weekdays was 10,682 whereas that on weekend days was 8867. Strong age-dependent assortativity was identified. Forty percent of weekday contacts took place at schools or workplaces, but that declined to 14% on weekends. Accounting for the age-dependent heterogeneity with the known social contact matrix, the minimum value of the Akaike information criterion was obtained and R(0) was estimated at 1.45 (95% confidence interval: 1.42, 1.49). CONCLUSIONS: Survey datasets will be useful for parameterizing the heterogeneous transmission model of various directly transmitted infectious diseases in Japan. Age-dependent assortativity, especially among children, along with numerous contacts in school settings on weekdays implies the potential effectiveness of school closure. ELECTRONIC SUPPLEMENTARY MATERIAL: The online version of this article (10.1186/s12976-019-0102-8) contains supplementary material, which is available to authorized users.",
   "publish_time": "2019 Mar 20",
   "authors": [
      "['Munasinghe, Lankeshwara', 'Asai, Yusuke', 'Nishiura, Hiroshi']"
   ],
   "journal": "Theor Biol Med Model",
   "has_full_text": "True",
   "id": "9a24a0a85d33c5665889c6de594c961478260c0c",
   "fhir_link": "Commercial/Composition/9a24a0a85d33c5665889c6de594c961478260c0c"
}