{
   "sha": "1ac9aac4ecdf40363f1377cc08484db3dc4abf93",
   "source_x": "PMC",
   "title": "Evaluation of the Serologic Cross-Reactivity between Transmissible Gastroenteritis Coronavirus and Porcine Respiratory Coronavirus Using Commercial Blocking Enzyme-Linked Immunosorbent Assay Kits",
   "doi": "http://dx.doi.org/10.1128/mSphere.00017-19",
   "pmcid": "PMC6416363",
   "pubmed_id": "30867325",
   "license": "CC BY",
   "abstract": "This study compared the performances of three commercial transmissible gastroenteritis virus/porcine respiratory coronavirus (TGEV/PRCV) blocking enzyme-linked immunosorbent assays (ELISAs) using serum samples (n\u2009=\u2009528) collected over a 49-day observation period from pigs inoculated with TGEV strain Purdue (n\u2009=\u200912), TGEV strain Miller (n\u2009=\u200912), PRCV (n = 12), or with virus-free culture medium (n\u2009=\u200912). ELISA results were evaluated both with \u201csuspect\u201d results interpreted as positive and then as negative. All commercial kits showed excellent diagnostic specificity (99 to 100%) when testing samples from pigs inoculated with virus-free culture medium. However, analyses revealed differences between the kits in diagnostic sensitivity (percent TGEV- or PRCV-seropositive pigs), and all kits showed significant (P\u2009<\u20090.05) cross-reactivity between TGEV and PRCV serum antibodies, particularly during early stages of the infections. Serologic cross-reactivity between TGEV and PRCV seemed to be TGEV strain dependent, with a higher percentage of PRCV-false-positive results for pigs inoculated with TGEV Purdue than for TGEV Miller. Moreover, the overall proportion of false positives was higher when suspect results were interpreted as positive, regardless of the ELISA kit evaluated. IMPORTANCE Current measures to prevent TGEV from entering a naive herd include quarantine and testing for TGEV-seronegative animals. However, TGEV serology is complicated due to the cross-reactivity with PRCV, which circulates subclinically in most swine herds worldwide. Conventional serological tests cannot distinguish between TGEV and PRCV antibodies; however, blocking ELISAs using antigen containing a large deletion in the amino terminus of the PRCV S protein permit differentiation of PRCV and TGEV antibodies. Several commercial TGEV/PRCV blocking ELISAs are available, but performance comparisons have not been reported in recent research. This study demonstrates that the serologic cross-reactivity between TGEV and PRCV affects the accuracy of commercial blocking ELISAs. Individual test results must be interpreted with caution, particularly in the event of suspect results. Therefore, commercial TGEV/PRCV blocking ELISAs should only be applied on a herd basis.",
   "publish_time": "2019 Mar 13",
   "authors": [
      "['Magtoto, Ronaldo', 'Poonsuk, Korakrit', 'Baum, David', 'Zhang, Jianqiang', 'Chen, Qi', 'Ji, Ju', 'Pi\u00f1eyro, Pablo', 'Zimmerman, Jeffrey', 'Gim\u00e9nez-Lirola, Luis G.']"
   ],
   "journal": "mSphere",
   "has_full_text": "True",
   "id": "1ac9aac4ecdf40363f1377cc08484db3dc4abf93",
   "fhir_link": "Commercial/Composition/1ac9aac4ecdf40363f1377cc08484db3dc4abf93"
}