{
   "sha": "f5f2eb53666c84eb688a501f5042f1147440a7ad",
   "source_x": "PMC",
   "title": "Drug screening with human SMN2 reporter identifies SMN protein stabilizers to correct SMA pathology",
   "doi": "http://dx.doi.org/10.26508/lsa.201800268",
   "pmcid": "PMC6435041",
   "pubmed_id": "30910806",
   "license": "CC BY",
   "abstract": "Spinal muscular atrophy (SMA), the leading genetic cause of infant mortality, is caused by reduced levels of functional survival motor neuron (SMN) protein. To identify therapeutic agents for SMA, we established a versatile SMN2-GFP reporter line by targeting the human SMN2 gene. We then screened a compound library and identified Z-FA-FMK as a potent candidate. Z-FA-FMK, a cysteine protease inhibitor, increased functional SMN through inhibiting the protease-mediated degradation of both full-length and exon 7\u2013deleted forms of SMN. Further studies reveal that CAPN1, CAPN7, CTSB, and CTSL mediate the degradation of SMN proteins, providing novel targets for SMA. Notably, Z-FA-FMK mitigated mitochondriopathy and neuropathy in SMA patient\u2013derived motor neurons and showed protective effects in SMA animal model after intracerebroventricular injection. E64d, another cysteine protease inhibitor which can pass through the blood\u2013brain barrier, showed even more potent therapeutic effects after subcutaneous delivery to SMA mice. Taken together, we have successfully established a human SMN2 reporter for future drug discovery and identified the potential therapeutic value of cysteine protease inhibitors in treating SMA via stabilizing SMN proteins.",
   "publish_time": "2019 Mar 25",
   "authors": [
      "['Wang, Yiran', 'Xu, Chongchong', 'Ma, Lin', 'Mou, Yongchao', 'Zhang, Bowen', 'Zhou, Shanshan', 'Tian, Yue', 'Trinh, Jessica', 'Zhang, Xiaoqing', 'Li, Xue-Jun']"
   ],
   "journal": "Life Sci Alliance",
   "has_full_text": "True",
   "id": "f5f2eb53666c84eb688a501f5042f1147440a7ad",
   "fhir_link": "Commercial/Composition/f5f2eb53666c84eb688a501f5042f1147440a7ad.json"
}