{
   "sha": "57197f5ee8bd40e26cf5e08f825621755d2612d5",
   "source_x": "PMC",
   "title": "Guinea Fowl Coronavirus Diversity Has Phenotypic Consequences for Glycan and Tissue Binding",
   "doi": "http://dx.doi.org/10.1128/JVI.00067-19",
   "pmcid": "PMC6498037",
   "pubmed_id": "30842318",
   "license": "CC BY",
   "abstract": "Guinea fowl coronavirus (GfCoV) causes fulminating enteritis that can result in a daily death rate of 20% in guinea fowl flocks. Here, we studied GfCoV diversity and evaluated its phenotypic consequences. Over the period of 2014 to 2016, affected guinea fowl flocks were sampled in France, and avian coronavirus presence was confirmed by PCR on intestinal content and immunohistochemistry of intestinal tissue. Sequencing revealed 89% amino acid identity between the viral attachment protein S1 of GfCoV/2014 and that of the previously identified GfCoV/2011. To study the receptor interactions as a determinant for tropism and pathogenicity, recombinant S1 proteins were produced and analyzed by glycan and tissue arrays. Glycan array analysis revealed that, in addition to the previously elucidated biantennary di-N-acetyllactosamine (diLacNAc) receptor, viral attachment S1 proteins from GfCoV/2014 and GfCoV/2011 can bind to glycans capped with alpha-2,6-linked sialic acids. Interestingly, recombinant GfCoV/2014 S1 has an increased affinity for these glycans compared to that of GfCoV/2011 S1, which was in agreement with the increased avidity of GfCoV/2014 S1 for gastrointestinal tract tissues. Enzymatic removal of receptors from tissues before application of spike proteins confirmed the specificity of S1 tissue binding. Overall, we demonstrate that diversity in GfCoV S1 proteins results in differences in glycan and tissue binding properties. IMPORTANCE Avian coronaviruses cause major global problems in the poultry industry. As causative agents of huge economic losses, the detection and understanding of the molecular determinants of viral tropism are of ultimate importance. Here, we set out to study those parameters and obtained in-depth insight into the virus-host interactions of guinea fowl coronavirus (GfCoV). Our data indicate that diversity in GfCoV viral attachment proteins results in differences in degrees of affinity for glycan receptors, as well as altered avidity for intestinal tract tissues, which might have consequences for GfCoV tissue tropism and pathogenesis in guinea fowls.",
   "publish_time": "2019 May 1",
   "authors": [
      "['Bouwman, Kim M.', 'Delpont, Mattias', 'Broszeit, Frederik', 'Berger, Renaud', 'Weerts, Erik A. W. S.', 'Lucas, Marie-No\u00eblle', 'Delverdier, Maxence', 'Belkasmi, Sakhia', 'Papanikolaou, Andreas', 'Boons, Geert-Jan', 'Gu\u00e9rin, Jean-Luc', 'de Vries, Robert P.', 'Ducatez, Mariette F.', 'Verheije, Monique H.']"
   ],
   "journal": "J Virol",
   "has_full_text": "True",
   "id": "57197f5ee8bd40e26cf5e08f825621755d2612d5",
   "fhir_link": "Commercial/Composition/57197f5ee8bd40e26cf5e08f825621755d2612d5"
}