{
   "sha": "692d370e0aea122b6c4b92aae68b24e3d22256c5",
   "source_x": "Elsevier",
   "title": "Infecciones respiratorias",
   "doi": "10.1016/S0304-5412(11)70203-7",
   "license": "els-covid",
   "publish_time": "2011-10-31",
   "authors": [
      "Garc\u00eda Leoni, M.E.",
      "Mac\u00edas Bou, B.",
      "Mart\u00edn Gonz\u00e1lez, L.",
      "Mart\u00ednez Larrull, E."
   ],
   "journal": "Medicine - Programa de Formaci\u00f3n M\u00e9dica Continuada Acreditado",
   "has_full_text": "True",
   "full_text_file": "custom_license",
   "id": "https://doi.org/10.1016/S0304-5412(11)70203-7",
   "fhir_link": [
      "PMC/Composition/692d370e0aea122b6c4b92aae68b24e3d22256c5"
   ]
}