{
   "sha": "2005ffa70562f5f03b57f0d19f4d63e807762964",
   "source_x": "PMC",
   "title": "Bovine Herpesvirus 1 Counteracts Immune Responses and Immune-Surveillance to Enhance Pathogenesis and Virus Transmission",
   "doi": "http://dx.doi.org/10.3389/fimmu.2019.01008",
   "pmcid": "PMC6514135",
   "pubmed_id": "31134079",
   "license": "CC BY",
   "abstract": "Infection of cattle by bovine herpesvirus 1 (BoHV-1) can culminate in upper respiratory tract disorders, conjunctivitis, or genital disorders. Infection also consistently leads to transient immune-suppression. BoHV-1 is the number one infectious agent in cattle that is associated with abortions in cattle. BoHV-1, as other \u03b1-herpesvirinae subfamily members, establishes latency in sensory neurons. Stressful stimuli, mimicked by the synthetic corticosteroid dexamethasone, consistently induce reactivation from latency in latently infected calves and rabbits. Increased corticosteroid levels due to stress have a two-pronged effect on reactivation from latency by: (1) directly stimulating viral gene expression and replication, and (2) impairing antiviral immune responses, thus enhancing virus spread and transmission. BoHV-1 encodes several proteins, bICP0, bICP27, gG, UL49.5, and VP8, which interfere with key antiviral innate immune responses in the absence of other viral genes. Furthermore, the ability of BoHV-1 to infect lymphocytes and induce apoptosis, in particular CD4+ T cells, has negative impacts on immune responses during acute infection. BoHV-1 induced immune-suppression can initiate the poly-microbial disorder known as bovine respiratory disease complex, which costs the US cattle industry more than one billion dollars annually. Furthermore, interfering with antiviral responses may promote viral spread to ovaries and the developing fetus, thus enhancing reproductive issues associated with BoHV-1 infection of cows or pregnant cows. The focus of this review is to describe the known mechanisms, direct and indirect, by which BoHV-1 interferes with antiviral immune responses during the course of infection.",
   "publish_time": "2019 May 7",
   "authors": [
      "Jones, Clinton"
   ],
   "journal": "Front Immunol",
   "has_full_text": "True",
   "id": "2005ffa70562f5f03b57f0d19f4d63e807762964",
   "fhir_link": "Commercial/Composition/2005ffa70562f5f03b57f0d19f4d63e807762964.json"
}