{
   "sha": "12127085d9546a704eb677320d4df5b44f4dce8f",
   "source_x": "PMC",
   "title": "Uganda public health fellowship program\u2019s contribution to building a resilient and sustainable public health system in Uganda",
   "doi": "http://dx.doi.org/10.1080/16549716.2019.1609825",
   "pmcid": "PMC6534252",
   "pubmed_id": "31117889",
   "license": "CC BY",
   "abstract": "Background: Low-income countries with relatively weak-health systems are highly vulnerable to public health threats. Effective public health system with a workforce to investigate outbreaks can reduce disease impact on livelihoods and economic development. Building effective public health partnerships is critical for sustainability of such a system. Uganda has made significant progress in responding to emergencies during the past quarter century, but its public health workforce is still inadequate in number and competency. Objectives: To reinforce implementation of priority public health programs in Uganda and cultivate core capacities for compliance with International Health Regulations. Methods: To develop a competent workforce to manage epidemics and improve disease surveillance, Uganda Ministry of Health (MoH) established an advanced-level Field Epidemiology Training Program, called Public Health Fellowship Program (PHFP); closely modelled after the US CDC\u2019s Epidemic Intelligence Service. PHFP is a 2-year, full-time, non-degree granting program targeting mid-career public health professionals. Fellows spend 85% of their field time in MoH placements learning through service delivery and gaining competencies in major domains. Results: During 2015\u20132018, PHFP enrolled 41 fellows, and graduated 30. Fellows were placed in 19 priority areas at MoH and completed 235 projects (91 outbreaks, 12 refugee assessments, 50 surveillance, and 60 epidemiologic studies, 3 cost analysis and 18 quality improvement); made 194 conference presentations; prepared 63 manuscripts for peer-reviewed publications (27 published as of December 2018); produced MoH bulletins, and developed three case studies. Projects have resulted in public health interventions with improvements in surveillance systems and disease control. Conclusion: During the 4 years of existence, PHFP has contributed greatly to improving real-time disease surveillance and outbreak response core capacities. Enhanced focus on evidence-based targeted approaches has increased effectiveness in outbreak response and control, and integration of PHFP within MoH has contributed to building a resilient and sustainable health system in Uganda.",
   "publish_time": "2019 May 23",
   "authors": [
      "['Ario, Alex Riolexus', 'Bulage, Lilian', 'Kadobera, Daniel', 'Kwesiga, Benon', 'Kabwama, Steven N.', 'Tusiime, Patrick', 'Wanyenze, Rhoda K.']"
   ],
   "journal": "Glob Health Action",
   "has_full_text": "True",
   "id": "12127085d9546a704eb677320d4df5b44f4dce8f",
   "fhir_link": "Commercial/Composition/12127085d9546a704eb677320d4df5b44f4dce8f.json"
}