{
   "sha": "d1ce5f10590c8e7d0e347afd63d4f7e60e61aa3f",
   "source_x": "PMC",
   "title": "Structural comparison strengthens the higher-order classification of proteases related to chymotrypsin",
   "doi": "http://dx.doi.org/10.1371/journal.pone.0216659",
   "pmcid": "PMC6524800",
   "pubmed_id": "31100077",
   "license": "CC BY",
   "abstract": "Specific cleavage of proteins by proteases is essential for several cellular, physiological, and viral processes. Chymotrypsin-related proteases that form the PA clan in the MEROPS classification of proteases is one of the largest and most diverse group of proteases. The PA clan comprises serine proteases from bacteria, eukaryotes, archaea, and viruses and chymotrypsin-related cysteine proteases from positive-strand RNA viruses. Despite low amino acid sequence identity, all PA clan proteases share a conserved double \u03b2-barrel structure. Using an automated structure-based hierarchical clustering method, we identified a common structural core of 72 amino acid residues for 143 PA clan proteases that represent 12 protein families and 11 subfamilies. The identified core is located around the catalytic site between the two \u03b2-barrels and resembles the structures of the smallest PA clan proteases. We constructed a structure-based distance tree derived from the properties of the identified common core. Our structure-based analyses support the current classification of these proteases at the subfamily level and largely at the family level. Structural alignment and structure-based distance trees could thus be used for directing objective classification of PA clan proteases and to strengthen their higher order classification. Our results also indicate that the PA clan proteases of positive-strand RNA viruses are related to cellular heat-shock proteases, which suggests that the exchange of protease genes between viruses and cells might have occurred more than once.",
   "publish_time": "2019 May 17",
   "authors": [
      "['M\u00f6nttinen, Heli A. M.', 'Ravantti, Janne J.', 'Poranen, Minna M.']"
   ],
   "journal": "PLoS One",
   "has_full_text": "False",
   "id": "d1ce5f10590c8e7d0e347afd63d4f7e60e61aa3f"
}