{
   "sha": "aa7094234bc71c19d615cc130ca8c2ef98f543a9",
   "source_x": "Elsevier",
   "title": "Evolution of Chinese airport network",
   "doi": "10.1016/j.physa.2010.05.042",
   "license": "els-covid",
   "abstract": "Abstract With the rapid development of the economy and the accelerated globalization process, the aviation industry plays a more and more critical role in today\u2019s world, in both developed and developing countries. As the infrastructure of aviation industry, the airport network is one of the most important indicators of economic growth. In this paper, we investigate the evolution of the Chinese airport network (CAN) via complex network theory. It is found that although the topology of CAN has remained steady during the past few years, there are many dynamic switchings inside the network, which have changed the relative importance of airports and airlines. Moreover, we investigate the evolution of traffic flow (passengers and cargoes) on CAN. It is found that the traffic continues to grow in an exponential form and has evident seasonal fluctuations. We also found that cargo traffic and passenger traffic are positively related but the correlations are quite different for different kinds of cities.",
   "publish_time": "2010-09-15",
   "authors": [
      "Zhang, Jun",
      "Cao, Xian-Bin",
      "Du, Wen-Bo",
      "Cai, Kai-Quan"
   ],
   "journal": "Physica A: Statistical Mechanics and its Applications",
   "has_full_text": "True",
   "full_text_file": "custom_license",
   "id": "https://doi.org/10.1016/j.physa.2010.05.042",
   "fhir_link": [
      "PMC/Composition/aa7094234bc71c19d615cc130ca8c2ef98f543a9"
   ]
}