{
   "sha": "13401b5c313535668583accd7dccaae14a3fea36",
   "source_x": "Elsevier",
   "title": "A case-control questionnaire survey of risk factors for porcine reproductive and respiratory syndrome (PRRS) seropositivity in Danish swine herds",
   "doi": "10.1016/S0378-1135(96)01321-1",
   "pubmed_id": "9220629",
   "license": "els-covid",
   "abstract": "Abstract Sixty-eight case herds seropositive to porcine reproductive and respiratory syndrome (PRRS) were compared to 128 seronegative controls in a double-blinded questionnaire survey. The study indicated no increased risk of PRRS seropositivity for herds using artificial insemination with semen from PRRS seropositive AI-stations. Also the herd-size was non-related to the risk of PRRS seropositivity, indicating that air-borne spread of PRRS may not have been a predominant feature in Denmark. Introduction of replacement breeding animals from seropositive breeding- and multiplying herds significantly increased the risk of a herd being PRRS seropositive, as did introduction of 25 kg pigs for feeding. PRRS seropositivity was in the farmers' opinions associated with abortions in sows, early farrowing, high postweaning mortality and low weight gain in fattening pigs. However, the reported frequencies of problems were relatively low.",
   "publish_time": "1997-04-30",
   "authors": [
      "Mousing, J.",
      "Permin, A.",
      "Mortensen, S.",
      "B\u00f8tner, A.",
      "Willeberg, P."
   ],
   "journal": "Veterinary Microbiology",
   "has_full_text": "True",
   "full_text_file": "custom_license",
   "id": "https://doi.org/10.1016/S0378-1135(96)01321-1",
   "fhir_link": [
      "PMC/Composition/13401b5c313535668583accd7dccaae14a3fea36"
   ]
}