{
   "source_x": "CZI",
   "title": "Singapore claims first use of antibody test to track coronavirus infections | Science | AAAS",
   "abstract": "In what appears to be a first, disease trackers in Singapore have used an experimental antibody test for COVID-19 to confirm that a suspected patient was infected with the coronavirus. The patient was one of two people who together formed a missing link between two clusters of cases that each occurred in a Singaporean church. Researchers around the world are racing to develop antibody tests, also called serological tests, that can confirm whether someone was infected even after their immune system has cleared the virus that causes COVID-19. The group that developed the test, at Duke-NUS Medical School in Singapore, is among the front-runners, although its assay has to be validated before it is taken into production and deployed widely.",
   "publish_time": "2020",
   "authors": [
      "Normile, Dennis"
   ],
   "journal": "Science Magazine",
   "Microsoft Academic Paper ID": "2855667717",
   "WHO #Covidence": "#2584"
}