{
   "sha": "1803065327394f7f38931024cd4219d47f5f7d8b",
   "source_x": "PMC",
   "title": "Proteomics Computational Analyses Suggest that the Antennavirus Glycoprotein Complex Includes a Class I Viral Fusion Protein (\u03b1-Penetrene) with an Internal Zinc-Binding Domain and a Stable Signal Peptide",
   "doi": "http://dx.doi.org/10.3390/v11080750",
   "pmcid": "PMC6722660",
   "pubmed_id": "31416162",
   "license": "CC BY",
   "abstract": "A metatranscriptomic study of RNA viruses in cold-blooded vertebrates identified two related viruses from frogfish (Antennarius striatus) that represent a new genus Antennavirus in the family Arenaviridae (Order: Bunyavirales). Computational analyses were used to identify features common to class I viral fusion proteins (VFPs) in antennavirus glycoproteins, including an N-terminal fusion peptide, two extended alpha-helices, an intrahelical loop, and a carboxyl terminal transmembrane domain. Like mammarenavirus and hartmanivirus glycoproteins, the antennavirus glycoproteins have an intracellular zinc-binding domain and a long virion-associated stable signal peptide (SSP). The glycoproteins of reptarenaviruses are also class I VFPs, but do not contain zinc-binding domains nor do they encode SSPs. Divergent evolution from a common progenitor potentially explains similarities of antennavirus, mammarenavirus, and hartmanivirus glycoproteins, with an ancient recombination event resulting in a divergent reptarenavirus glycoprotein.",
   "publish_time": "2019 Aug 14",
   "authors": [
      "['Garry, Courtney E.', 'Garry, Robert F.']"
   ],
   "journal": "Viruses",
   "has_full_text": "True",
   "id": "1803065327394f7f38931024cd4219d47f5f7d8b",
   "fhir_link": "Commercial/Composition/1803065327394f7f38931024cd4219d47f5f7d8b"
}