{
   "sha": "ff2a6501716b8ff2b5e96ef3034f15309ce90c43",
   "source_x": "PMC",
   "title": "Hepatitis C virus modelled as an indirectly transmitted infection highlights the centrality of injection drug equipment in disease dynamics",
   "doi": "http://dx.doi.org/10.1098/rsif.2019.0334",
   "pmcid": "PMC6769301",
   "pubmed_id": "31480919",
   "license": "CC BY",
   "abstract": "The hepatitis C virus (HCV) epidemic often occurs through the persistence of injection drug use. Mathematical models have been useful in understanding various aspects of the HCV epidemic, and especially, the importance of new treatment measures. Until now, however, few models have attempted to understand HCV in terms of an interaction between the various actors in an HCV outbreak\u2014hosts, viruses and the needle injection equipment. In this study, we apply perspectives from the ecology of infectious diseases to model the transmission of HCV among a population of injection drug users. The products of our model suggest that modelling HCV as an indirectly transmitted infection\u2014where the injection equipment serves as an environmental reservoir for infection\u2014facilitates a more nuanced understanding of disease dynamics, by animating the underappreciated actors and interactions that frame disease. This lens may allow us to understand how certain public health interventions (e.g. needle exchange programmes) influence HCV epidemics. Lastly, we argue that this model is of particular importance in the light of the modern opioid epidemic, which has already been associated with outbreaks of viral diseases.",
   "publish_time": "2019 Sep 4",
   "authors": [
      "['Miller-Dickson, Miles D.', 'Meszaros, Victor A.', 'Almagro-Moreno, Salvador', 'Brandon Ogbunugafor, C.']"
   ],
   "journal": "J R Soc Interface",
   "has_full_text": "True",
   "id": "ff2a6501716b8ff2b5e96ef3034f15309ce90c43",
   "fhir_link": "Commercial/Composition/ff2a6501716b8ff2b5e96ef3034f15309ce90c43"
}