{
   "sha": "f7453f0f1f131d4f8603bf708f8c08d9b9e8806f",
   "source_x": "PMC",
   "title": "The Proteolytic Regulation of Virus Cell Entry by Furin and Other Proprotein Convertases",
   "doi": "http://dx.doi.org/10.3390/v11090837",
   "pmcid": "PMC6784293",
   "pubmed_id": "31505793",
   "license": "CC BY",
   "abstract": "A wide variety of viruses exploit furin and other proprotein convertases (PCs) of the constitutive protein secretion pathway in order to regulate their cell entry mechanism and infectivity. Surface proteins of enveloped, as well as non-enveloped, viruses become processed by these proteases intracellularly during morphogenesis or extracellularly after egress and during entry in order to produce mature virions activated for infection. Although viruses also take advantage of other proteases, it is when some viruses become reactive with PCs that they may develop high pathogenicity. Besides reacting with furin, some viruses may also react with the PCs of the other specificity group constituted by PC4/PC5/PACE4/PC7. The targeting of PCs for inhibition may result in a useful strategy to treat infections with some highly pathogenic viruses. A wide variety of PC inhibitors have been developed and tested for their antiviral activity in cell-based assays.",
   "publish_time": "2019 Sep 9",
   "authors": [
      "Izaguirre, Gonzalo"
   ],
   "journal": "Viruses",
   "has_full_text": "True",
   "id": "f7453f0f1f131d4f8603bf708f8c08d9b9e8806f",
   "fhir_link": "Commercial/Composition/f7453f0f1f131d4f8603bf708f8c08d9b9e8806f"
}