{
   "sha": "e705c098f909abb8f4e863e4450eeed214fd7361",
   "source_x": "Elsevier",
   "title": "Neutrophil elastase inhibitory effects of pentacyclic triterpenoids from Eriobotrya japonica (loquat leaves)",
   "doi": "10.1016/j.jep.2019.01.037",
   "pubmed_id": "30703491",
   "license": "els-covid",
   "abstract": "Abstract Ethnopharmacological relevance Eriobotrya japonica, a traditional herbal medicine in China and Japan, has long been used to treat chronic bronchitis and coughs. Aim of the study Pentacyclic triterpenoids (PTs), especially ursolic acid (UA), have been found as reversibly and competitively human neutrophil elastase (HNE) inhibitors. However, the limited solubility and poor bioavailability of PTs hinder their clinical use. Crude plant extracts may have a greater activity than isolated constituents of the equivalent dosage. In this study, an Eriobotrya japonica (loquat leaves) extract (triterpenoid composition of loquat leaves, TCLL) with enriched PTs such as UA was prepared. The study aims to compare the HNE inhibitory (HNEI) effect in vitro and the therapeutic effect on acute lung injury (ALI) in vivo between TCLL and UA. Materials and methods An HNEI activity bioassay was performed with Sivelestat sodium hydrate as a positive control. A lipopolysaccharide (LPS)-induced lung inflammatory model was established to evaluate TCLL's therapeutic effect on ALI in vivo. The absorption of UA in TCLL and in UA alone was determined using a Caco-2 cell uptake model and LC-MS. Results The IC50 values of TCLL and UA for the HNEI effect were 3.26 \u00b1 0.56 \u03bcg/mL and 8.49 \u00b1 0.42 \u03bcg/mL (P < 0.01), respectively. TCLL significantly improved the inflammatory cells and inflammatory cytokine production in mice compared with the LPS group (P < 0.05). Additionally, it performed better than the UA alone group (P < 0.05). Moreover, the uptake by Caco-2 cells of UA in TCLL was higher than that in UA alone (P < 0.05). Conclusion TCLL has a significant HNEI effect in vitro and a therapeutic effect on LPS-induced inflammation in a mouse model. Both the effects are more efficient than UA. Improved absorption of PTs in TCLL may be one explanation for these results.",
   "publish_time": "2019-10-05",
   "authors": [
      "Zhang, Jie",
      "Xu, Hao-Yang",
      "Wu, Yu-Juan",
      "Zhang, Xing",
      "Zhang, Liu-Qiang",
      "Li, Yi-Ming"
   ],
   "journal": "Journal of Ethnopharmacology",
   "has_full_text": "True",
   "full_text_file": "custom_license",
   "id": "https://doi.org/10.1016/j.jep.2019.01.037",
   "fhir_link": [
      "PMC/Composition/e705c098f909abb8f4e863e4450eeed214fd7361"
   ]
}