{
   "sha": "7bbe8c4f7a911194a8901fb24e87204b508e7715",
   "source_x": "PMC",
   "title": "V\u03b42 T-Cells Kill ZIKV-Infected Cells by NKG2D-Mediated Cytotoxicity",
   "doi": "http://dx.doi.org/10.3390/microorganisms7090350",
   "pmcid": "PMC6781265",
   "pubmed_id": "31547470",
   "license": "CC BY",
   "abstract": "An expansion of effector/activated V\u03b42 T-cells was recently described in acute Zika virus (ZIKV)-infected patients, but their role in the protective immune response was not clarified. The aim of this study was to define the antiviral activity of V\u03b42 T-cells against ZIKV-infected cells. The V\u03b42 T-cells expansion and their cytotoxic activity against ZIKV-infected cells were tested in vitro and analyzed by RT-PCR and flow cytometry. We found that ZIKV infection was able to induce V\u03b42 T-cells expansion and sensitized A549 cells to V\u03b42-mediated killing. Indeed, expanded V\u03b42 T-cells killed ZIKV-infected cells through degranulation and perforin release. Moreover, ZIKV infection was able to increase the expression on A549 cells of NKG2D ligands (NKG2DLs), namely MICA, MICB, and ULBP2, at both the mRNA and protein levels, suggesting the possible involvement of these molecules in the recognition by NKG2D-expressing V\u03b42 T-cells. Indeed, the killing of ZIKV-infected cells by expanded V\u03b42 T-cells was mediated by NKG2D/NKG2DL interaction as NKG2D neutralization abrogated V\u03b42 cytotoxicity. Our data showed a strong antiviral activity of V\u03b42 T-cells against ZIKV-infected cells, suggesting their involvement in the protective immune response. Other studies are necessary to investigate whether the lack of V\u03b42 T-cells expansion in vivo may be associated with disease complications.",
   "publish_time": "2019 Sep 12",
   "authors": [
      "['Cimini, Eleonora', 'Sacchi, Alessandra', 'De Minicis, Sara', 'Bordoni, Veronica', 'Casetti, Rita', 'Grassi, Germana', 'Colavita, Francesca', 'Castilletti, Concetta', 'Capobianchi, Maria Rosaria', 'Ippolito, Giuseppe', 'Desimio, Maria Giovanna', 'Doria, Margherita', 'Agrati, Chiara']"
   ],
   "journal": "Microorganisms",
   "has_full_text": "True",
   "id": "7bbe8c4f7a911194a8901fb24e87204b508e7715",
   "fhir_link": "Commercial/Composition/7bbe8c4f7a911194a8901fb24e87204b508e7715"
}