{
   "source_x": "CZI",
   "title": "History is repeating itself: Probable zoonotic spillover as the cause of the 2019 novel coronavirus epidemic",
   "publish_time": "2020",
   "authors": [
      "Rodriguez-Morales, A. J.",
      "Bonilla-Aldana, D. K.",
      "Balbin-Ramon, G. J.",
      "Rabaan, A. A.",
      "Sah, R.",
      "Paniz-Mondolfi, A.",
      "Pagliano, P.",
      "Esposito, S."
   ],
   "journal": "Infezioni in Medicina",
   "Microsoft Academic Paper ID": "3005681200",
   "WHO #Covidence": "#926"
}