{
   "sha": "9736b5e6c933555a1afd1a78ec449757476278a6",
   "source_x": "PMC",
   "title": "Acceptability of community quarantine in contexts of communicable disease epidemics: perspectives of literate lay people living in Conakry, Guinea",
   "doi": "http://dx.doi.org/10.1017/S0950268819001419",
   "pmcid": "PMC6805739",
   "license": "CC BY",
   "abstract": "During the 2014\u20132016 Ebola epidemic in West Africa, some communities reacted hostilely to the implementation of quarantine measures. This study's aim was to examine the views of lay people in Guinea on the acceptability of community quarantine. From June to August 2016, 302 adults indicated the acceptability of quarantine in 36 scenarios varying as a function of four factors: the infectious disease's level of contagiousness, its level of lethality, the number of cases in the community and whether persons in quarantine are provided with support services. Five clusters were identified: (1) for 18% of the participants, quarantine is never acceptable; (2) 16% considered, in contrast, that quarantine is always acceptable; (3) for 14%, it depends on the disease's level of contagiousness and lethality; (4) 36% based their judgement not only on the levels of contagiousness and lethality, but also on whether those in quarantine are provided with support services; and (5) 16% had no opinion. Interventions to increase voluntary compliance with community quarantine in Guinea must not be \u2018one size fits all\u2019, but must be multifaceted and tailored in design and implementation to match the diversity of people's concerns and needs.",
   "publish_time": "2019 Aug 1",
   "authors": [
      "['Kpanake, Lonzozou', 'Leno, Jean-Pierre', 'Sorum, Paul Clay', 'Mullet, Etienne']"
   ],
   "journal": "Epidemiol Infect",
   "has_full_text": "True",
   "id": "9736b5e6c933555a1afd1a78ec449757476278a6",
   "fhir_link": "Commercial/Composition/9736b5e6c933555a1afd1a78ec449757476278a6"
}