{
   "sha": "4716aa61386cb52b7aa834b557cb4e2ac7ec4cad",
   "source_x": "PMC",
   "title": "The Role of the Lung\u2019s Microbiome in the Pathogenesis and Progression of Idiopathic Pulmonary Fibrosis",
   "doi": "http://dx.doi.org/10.3390/ijms20225618",
   "pmcid": "PMC6888416",
   "pubmed_id": "31717661",
   "license": "CC BY",
   "abstract": "Idiopathic pulmonary fibrosis (IPF) is a chronic, progressive, fibrosing interstitial lung disease that commonly affects older adults and is associated with the histopathological and/or radiological patterns of usual interstitial pneumonia (UIP). Despite significant advances in our understanding of disease pathobiology and natural history, what causes IPF remains unknown. A potential role for infection in the disease\u2019s pathogenesis and progression or as a trigger of acute exacerbation has long been postulated, but initial studies based on traditional culture methods have yielded inconsistent results. The recent application to IPF of culture-independent techniques for microbiological analysis has revealed previously unappreciated alterations of the lung microbiome, as well as an increased bacterial burden in the bronchoalveolar lavage (BAL) of IPF patients, although correlation does not necessarily entail causation. In addition, the lung microbiome remains only partially characterized and further research should investigate organisms other than bacteria and viruses, including fungi. The clarification of the role of the microbiome in the pathogenesis and progression of IPF may potentially allow its manipulation, providing an opportunity for targeted therapeutic intervention.",
   "publish_time": "2019 Nov 10",
   "authors": [
      "['Spagnolo, Paolo', 'Molyneaux, Philip L.', 'Bernardinello, Nicol', 'Cocconcelli, Elisabetta', 'Biondini, Davide', 'Fracasso, Federico', 'Tin\u00e9, Mariaenrica', 'Saetta, Marina', 'Maher, Toby M.', 'Balestro, Elisabetta']"
   ],
   "journal": "Int J Mol Sci",
   "has_full_text": "True",
   "id": "4716aa61386cb52b7aa834b557cb4e2ac7ec4cad",
   "fhir_link": "Commercial/Composition/4716aa61386cb52b7aa834b557cb4e2ac7ec4cad"
}