{
   "sha": "edfe0fd681952f0dc9504ff9679f98fb10c7f69f",
   "source_x": "Elsevier",
   "title": "Viral load and outcome in SARS infection: The role of personal protective equipment in the emergency department",
   "doi": "10.1016/j.jemermed.2005.03.011",
   "license": "els-covid",
   "abstract": "Abstract This study was conducted to evaluate the effectiveness of personal protective equipment (PPE) against severe acute respiratory syndrome (SARS). Sixteen patients in a SARS cluster, including 4 health care workers (HCWs) and 12 non-HCWs were studied. We compared the initial viral load by nasopharyngeal swabs, clinical progression, and outcome of this cluster. The HCWs had a lower viral load. The non-HCWs had a higher mean C-reactive protein, lower oxygen saturation, and a higher incidence of intubation and death. Secondary household transmission developed in three of the non-HCWs\u2019 families. One month after discharge, non-HCWs had more signs of fibrosis on high resolution computed tomography (HRCT) scan and an impaired pulmonary function test. Although most of the PPE do not confer absolute protection against SARS, it seems that they may lower exposure to the virus, leading to a lower risk of secondary transmission, and be associated with relatively mild disease and a better early outcome.",
   "publish_time": "2006-01-31",
   "authors": [
      "Lu, Yen-Ta",
      "Chen, Pei-Jan",
      "Sheu, Chin-Yin",
      "Liu, Ching-Lung"
   ],
   "journal": "The Journal of Emergency Medicine",
   "has_full_text": "True",
   "full_text_file": "custom_license",
   "id": "https://doi.org/10.1016/j.jemermed.2005.03.011",
   "fhir_link": [
      "PMC/Composition/edfe0fd681952f0dc9504ff9679f98fb10c7f69f"
   ]
}