{
   "sha": "479ade65b7f5219559c4d8cc48c1c2f90bda977f",
   "source_x": "PMC",
   "title": "The ability of single genes vs full genomes to resolve time and space in outbreak analysis",
   "doi": "http://dx.doi.org/10.1186/s12862-019-1567-0",
   "pmcid": "PMC6933756",
   "pubmed_id": "31878875",
   "license": "CC BY",
   "abstract": "BACKGROUND: Inexpensive pathogen genome sequencing has had a transformative effect on the field of phylodynamics, where ever increasing volumes of data have promised real-time insight into outbreaks of infectious disease. As well as the sheer volume of pathogen isolates being sequenced, the sequencing of whole pathogen genomes, rather than select loci, has allowed phylogenetic analyses to be carried out at finer time scales, often approaching serial intervals for infections caused by rapidly evolving RNA viruses. Despite its utility, whole genome sequencing of pathogens has not been adopted universally and targeted sequencing of loci is common in some pathogen-specific fields. RESULTS: In this study we highlighted the utility of sequencing whole genomes of pathogens by re-analysing a well-characterised collection of Ebola virus sequences in the form of complete viral genomes (\u224819 kb long) or the rapidly evolving glycoprotein (GP, \u22482 kb long) gene. We have quantified changes in phylogenetic, temporal, and spatial inference resolution as a result of this reduction in data and compared these to theoretical expectations. CONCLUSIONS: We propose a simple intuitive metric for quantifying temporal resolution, i.e. the time scale over which sequence data might be informative of various processes as a quick back-of-the-envelope calculation of statistical power available to molecular clock analyses.",
   "publish_time": "2019 Dec 26",
   "authors": [
      "['Dudas, Gytis', 'Bedford, Trevor']"
   ],
   "journal": "BMC Evol Biol",
   "has_full_text": "True",
   "id": "479ade65b7f5219559c4d8cc48c1c2f90bda977f",
   "fhir_link": "Commercial/Composition/479ade65b7f5219559c4d8cc48c1c2f90bda977f"
}