{
   "sha": "b4e276ce333eefee623e9d425f5c538c64b567cc",
   "source_x": "PMC",
   "title": "The expanding role of mass spectrometry in the field of vaccine development",
   "doi": "http://dx.doi.org/10.1002/mas.21571",
   "pmcid": "PMC7027533",
   "pubmed_id": "29852530",
   "license": "CC BY",
   "abstract": "Biological mass spectrometry has evolved as a core analytical technology in the last decade mainly because of its unparalleled ability to perform qualitative as well as quantitative profiling of enormously complex biological samples with high mass accuracy, sensitivity, selectivity and specificity. Mass spectrometry\u2010based techniques are also routinely used to assess glycosylation and other post\u2010translational modifications, disulfide bond linkage, and scrambling as well as for the detection of host cell protein contaminants in the field of biopharmaceuticals. The role of mass spectrometry in vaccine development has been very limited but is now expanding as the landscape of global vaccine development is shifting towards the development of recombinant vaccines. In this review, the role of mass spectrometry in vaccine development is presented, some of the ongoing efforts to develop vaccines for diseases with global unmet medical need are discussed and the regulatory challenges of implementing mass spectrometry techniques in a quality control laboratory setting are highlighted.",
   "publish_time": "2020 May 31 Mar-Apr",
   "authors": [
      "['Sharma, Vaneet Kumar', 'Sharma, Ity', 'Glick, James']"
   ],
   "journal": "Mass Spectrom Rev",
   "has_full_text": "True",
   "id": "b4e276ce333eefee623e9d425f5c538c64b567cc",
   "fhir_link": "Commercial/Composition/b4e276ce333eefee623e9d425f5c538c64b567cc"
}