{
   "sha": "0188acc1eba8c0a3adef55aeada7de552cf855be",
   "source_x": "PMC",
   "title": "Discovery of a subgenotype of human coronavirus NL63 associated with severe lower respiratory tract infection in China, 2018",
   "doi": "http://dx.doi.org/10.1080/22221751.2020.1717999",
   "pmcid": "PMC7034077",
   "pubmed_id": "31996093",
   "license": "CC BY",
   "abstract": "Human coronavirus NL63 (HCoV-NL63) is primarily associated with common cold in children, elderly and immunocompromised individuals. Outbreaks caused by HCoV-NL63 are rare. Here we report a cluster of HCoV-NL63 cases with severe lower respiratory tract infection that arose in Guangzhou, China, in 2018. Twenty-three hospitalized children were confirmed to be HCoV-NL63 positive, and most of whom were hospitalized with severe pneumonia or acute bronchitis. Whole genomes of HCoV-NL63 were obtained using next-generation sequencing. Phylogenetic and single amino acid polymorphism analyses showed that this outbreak was associated with two subgenotypes (C3 and B) of HCoV-NL63. Half of patients were identified to be related to a new subgenotype C3. One unique amino acid mutation at I507\u2005L in spike protein receptor binding domain (RBD) was detected, which segregated this subgenotype C3 from other known subgenotypes. Pseudotyped virus bearing the I507\u2005L mutation in RBD showed enhanced entry into host cells as compared to the prototype virus. This study proved that HCoV-NL63 was undergoing continuous mutation and has the potential to cause severe lower respiratory disease in humans.",
   "publish_time": "2020 Jan 29",
   "authors": [
      "['Wang, Yanqun', 'Li, Xin', 'Liu, Wenkuan', 'Gan, Mian', 'Zhang, Lu', 'Wang, Jin', 'Zhang, Zhaoyong', 'Zhu, Airu', 'Li, Fang', 'Sun, Jing', 'Zhang, Guoxian', 'Zhuang, Zhen', 'Luo, Jiaying', 'Chen, Dehui', 'Qiu, Shuyan', 'Zhang, Li', 'Xu, Duo', 'Mok, Chris Ka Pun', 'Zhang, Fuchun', 'Zhao, Jingxian', 'Zhou, Rong', 'Zhao, Jincun']"
   ],
   "journal": "Emerg Microbes Infect",
   "has_full_text": "True",
   "id": "0188acc1eba8c0a3adef55aeada7de552cf855be",
   "fhir_link": "Commercial/0188acc1eba8c0a3adef55aeada7de552cf855be"
}