{
   "sha": "69d49d60c6102d3803122c4c74dd034a29eeac9a",
   "source_x": "Elsevier",
   "title": "Mental Health of Nurses Working at a Government-designated Hospital During a MERS-CoV Outbreak: A Cross-sectional Study",
   "doi": "10.1016/j.apnu.2017.09.006",
   "license": "els-covid",
   "abstract": "ABSTRACT BACKGROUND During an epidemic of a novel infectious disease, many healthcare workers suffer from mental health problems. OBJECTIVES The aims of this study were to test the following hypotheses: stigma and hardiness exert both direct effects on mental health and also indirect (mediated) effects on mental health through stress in nurses working at a government-designated hospital during a Middle East Respiratory Syndrome coronavirus (MERS-CoV) epidemic. METHODS A total of 187 participants were recruited using a convenience sampling method. The direct and indirect effects related to the study hypotheses were computed using a series of ordinary least-squares regressions and 95% bootstrap confidence intervals with 10,000 bootstrap resamples from the data. DISCUSSIONS The influences of stigma and hardiness on mental health were partially mediated through stress in nurses working at a hospital during a MERS-CoV epidemic. Their mental health was influenced more by direct effects than by indirect effects.",
   "publish_time": "2018-02-28",
   "authors": [
      "Park, Ji-Seon",
      "Lee, Eun-Hyun",
      "Park, No-Rye",
      "Choi, Young Hwa"
   ],
   "journal": "Archives of Psychiatric Nursing",
   "has_full_text": "True",
   "full_text_file": "custom_license",
   "id": "https://doi.org/10.1016/j.apnu.2017.09.006",
   "fhir_link": [
      "PMC/Composition/69d49d60c6102d3803122c4c74dd034a29eeac9a"
   ]
}