{
   "sha": "ca234eb1ffb60b1e08f16c6ec645c9a3d188bba1",
   "source_x": "Elsevier",
   "title": "Approach to Peribronchovascular Disease on CT",
   "doi": "10.1053/j.sult.2018.12.002",
   "pubmed_id": "31200868",
   "license": "els-covid",
   "abstract": "Diseases that are predominantly peribronchovascular in distribution on computed tomography by definition involve the bronchi, adjacent vasculature, and associated lymphatics involving the central or axial lung interstitium. An understanding of diseases that can present with focal peribronchovascular findings is useful for establishing diagnoses and guiding patient management. This review will cover clinical and imaging features that may assist in differentiating amongst the various causes of primarily peribronchovascular disease.",
   "publish_time": "2019-06-30",
   "authors": [
      "Ko, Jane P.",
      "Girvin, Francis",
      "Moore, William",
      "Naidich, David P."
   ],
   "journal": "Seminars in Ultrasound, CT and MRI",
   "has_full_text": "True",
   "full_text_file": "custom_license",
   "id": "https://doi.org/10.1053/j.sult.2018.12.002",
   "fhir_link": [
      "PMC/Composition/ca234eb1ffb60b1e08f16c6ec645c9a3d188bba1"
   ]
}