{
   "sha": "cfdebdd5e1bb6824451bd0336a8955201fc56589",
   "source_x": "PMC",
   "title": "Structure of the host cell recognition and penetration machinery of a Staphylococcus aureus bacteriophage",
   "doi": "http://dx.doi.org/10.1371/journal.ppat.1008314",
   "pmcid": "PMC7048315",
   "pubmed_id": "32069326",
   "license": "CC0",
   "abstract": "Staphylococcus aureus is a common cause of infections in humans. The emergence of virulent, antibiotic-resistant strains of S. aureus is a significant public health concern. Most virulence and resistance factors in S. aureus are encoded by mobile genetic elements, and transduction by bacteriophages represents the main mechanism for horizontal gene transfer. The baseplate is a specialized structure at the tip of bacteriophage tails that plays key roles in host recognition, cell wall penetration, and DNA ejection. We have used high-resolution cryo-electron microscopy to determine the structure of the S. aureus bacteriophage 80\u03b1 baseplate at 3.75 \u00c5 resolution, allowing atomic models to be built for most of the major tail and baseplate proteins, including two tail fibers, the receptor binding protein, and part of the tape measure protein. Our structure provides a structural basis for understanding host recognition, cell wall penetration and DNA ejection in viruses infecting Gram-positive bacteria. Comparison to other phages demonstrates the modular design of baseplate proteins, and the adaptations to the host that take place during the evolution of staphylococci and other pathogens.",
   "publish_time": "2020 Feb 18",
   "authors": [
      "['Kizziah, James L.', 'Manning, Keith A.', 'Dearborn, Altaira D.', 'Dokland, Terje']"
   ],
   "journal": "PLoS Pathog",
   "has_full_text": "False",
   "id": "cfdebdd5e1bb6824451bd0336a8955201fc56589"
}