{
   "sha": "7b8fe753daf9787aaa57bc232cdf02dbaa9df70b",
   "source_x": "Elsevier",
   "title": "Pregnancy outcome after exposure to injectable ribavirin during embryogenesis",
   "doi": "10.1016/j.reprotox.2005.06.005",
   "pubmed_id": "16122903",
   "license": "els-covid",
   "abstract": "Abstract We describe normal pregnancy outcome in a case of first trimester exposure to injectable ribavirin in a 36-year-old pregnant woman who received three intramuscular injections of ribavirin for suspected SARS. She delivered at 40 weeks of gestation a healthy baby girl. In pediatric follow up at 8 month of age, physical examination and neurodevelopmental milestones were normal.",
   "publish_time": "2006-01-31",
   "authors": [
      "Rezvani, Massoud",
      "Koren, Gideon"
   ],
   "journal": "Reproductive Toxicology",
   "has_full_text": "True",
   "full_text_file": "custom_license",
   "id": "https://doi.org/10.1016/j.reprotox.2005.06.005",
   "fhir_link": [
      "PMC/Composition/7b8fe753daf9787aaa57bc232cdf02dbaa9df70b"
   ]
}