{
   "sha": "616d2117cb63fecdaa5ae2901cca9d1b610dd799",
   "source_x": "PMC",
   "title": "AN ELECTRON MICROSCOPE STUDY OF THE DEVELOPMENT OF A MOUSE HEPATITIS VIRUS IN TISSUE CULTURE CELLS",
   "pmcid": "PMC2106561",
   "pubmed_id": "14286297",
   "license": "CC BY-NC-SA",
   "abstract": "Samples taken at different intervals of time from suspension cultures of the NCTC 1469 line of mouse liver\u2014derived (ML) cells infected with a mouse hepatitis virus have been studied with the electron microscope. The experiments revealed that the viruses are incorporated into the cells by viropexis within 1 hour after being added to the culture. An increasing number of particles are found later inside dense cytoplasmic corpuscles similar to lysosomes. In the cytoplasm of the cells from the samples taken 7 hours after inoculation, two organized structures generally associated and never seen in the controls are observed: one consists of dense material arranged in a reticular disposition (reticular inclusion); the other is formed by small tubules organized in a complex pattern (tubular body). No evidence has been found concerning their origin. Their significance is discussed. With the progression of the infection a system of membrane-bounded tubules and cisternae is differentiated in the cytoplasm of the ML cells. In the lumen of these tubules or cisternae, which are occupied by a dense material, numerous virus particles are observed. The virus particles which originate in association with the limiting membranes of tubules and cisternae are released into their lumen by a \"budding\" process. The virus particles are 75 m\u00b5 in diameter and possess a nucleoid constituted of dense particles or rods limiting an electron transparent core. The virus limiting membrane is sometimes covered by an outer layer of a dense material. In the cells from the samples taken 14 to 20 hours after inoculation, larger zones of the cell cytoplasm are occupied by inclusion bodies formed by channels or cisternae with their lumens containing numerous virus particles. In the samples taken 20 hours or more after the inoculation numerous cells show evident signs of degeneration.",
   "publish_time": "1965 Jan 1",
   "authors": [
      "['David-Ferreira, J. F.', 'Manaker, R. A.']"
   ],
   "journal": "J Cell Biol",
   "has_full_text": "True",
   "id": "616d2117cb63fecdaa5ae2901cca9d1b610dd799",
   "fhir_link": "Non-comercial/616d2117cb63fecdaa5ae2901cca9d1b610dd799"
}