{
   "sha": "7d0e09c6019439a255c74962e12e1a0549631090",
   "source_x": "Elsevier",
   "title": "Diagnostic test for etiologic agents of community-acquired pneumonia",
   "doi": "10.1016/j.idc.2004.08.002",
   "pubmed_id": "15555826",
   "license": "els-covid",
   "publish_time": "2004-12-31",
   "authors": [
      "Bartlett, John G."
   ],
   "journal": "Infectious Disease Clinics of North America",
   "has_full_text": "True",
   "full_text_file": "custom_license",
   "id": "https://doi.org/10.1016/j.idc.2004.08.002",
   "fhir_link": [
      "PMC/Composition/7d0e09c6019439a255c74962e12e1a0549631090"
   ]
}