{
   "sha": "e97ccc39b73b40f090df148361e6326f0a5798b6",
   "source_x": "PMC",
   "title": "Proinflammatory cytokine responses induced by influenza A (H5N1) viruses in primary human alveolar and bronchial epithelial cells",
   "doi": "http://dx.doi.org/10.1186/1465-9921-6-135",
   "pmcid": "PMC1318487",
   "pubmed_id": "16283933",
   "license": "CC BY",
   "abstract": "BACKGROUND: Fatal human respiratory disease associated with influenza A subtype H5N1 has been documented in Hong Kong, and more recently in Vietnam, Thailand and Cambodia. We previously demonstrated that patients with H5N1 disease had unusually high serum levels of IP-10 (interferon-gamma-inducible protein-10). Furthermore, when compared with human influenza virus subtype H1N1, the H5N1 viruses in 1997 (A/Hong Kong/483/97) (H5N1/97) were more potent inducers of pro-inflammatory cytokines (e.g. tumor necrosis factor-a) and chemokines (e.g. IP-10) from primary human macrophages in vitro, which suggests that cytokines dysregulation may play a role in pathogenesis of H5N1 disease. Since respiratory epithelial cells are the primary target cell for replication of influenza viruses, it is pertinent to investigate the cytokine induction profile of H5N1 viruses in these cells. METHODS: We used quantitative RT-PCR and ELISA to compare the profile of cytokine and chemokine gene expression induced by H5N1 viruses A/HK/483/97 (H5N1/97), A/Vietnam/1194/04 and A/Vietnam/3046/04 (both H5N1/04) with that of human H1N1 virus in human primary alveolar and bronchial epithelial cells in vitro. RESULTS: We demonstrated that in comparison to human H1N1 viruses, H5N1/97 and H5N1/04 viruses were more potent inducers of IP-10, interferon beta, RANTES (regulated on activation, normal T cell expressed and secreted) and interleukin 6 (IL-6) in primary human alveolar and bronchial epithelial cells in vitro. Recent H5N1 viruses from Vietnam (H5N1/04) appeared to be even more potent at inducing IP-10 than H5N1/97 virus. CONCLUSION: The H5N1/97 and H5N1/04 subtype influenza A viruses are more potent inducers of proinflammatory cytokines and chemokines in primary human respiratory epithelial cells than subtype H1N1 virus. We suggest that this hyper-induction of cytokines may be relevant to the pathogenesis of human H5N1 disease.",
   "publish_time": "2005 Nov 11",
   "authors": [
      "['Chan, MCW', 'Cheung, CY', 'Chui, WH', 'Tsao, SW', 'Nicholls, JM', 'Chan, YO', 'Chan, RWY', 'Long, HT', 'Poon, LLM', 'Guan, Y', 'Peiris, JSM']"
   ],
   "journal": "Respir Res",
   "has_full_text": "True",
   "id": "e97ccc39b73b40f090df148361e6326f0a5798b6",
   "fhir_link": "Commercial/Composition/e97ccc39b73b40f090df148361e6326f0a5798b6"
}