{
   "sha": "d8ece7a7ece002e0a2fcdb9be3f1a85194079c1e",
   "source_x": "PMC",
   "title": "Homologue Scanning Mutagenesis Reveals Cd66 Receptor Residues Required for Neisserial Opa Protein Binding",
   "pmcid": "PMC2195581",
   "pubmed_id": "10430622",
   "license": "CC BY-NC-SA",
   "abstract": "The immunoglobulin-like family of CD66 antigens, present on human neutrophils and epithelial cells, are used as receptors for adhesins expressed by the pathogenic Neisseriae. N. gonorrhoeae strain MS11 can express 11 isoforms of these adhesins, called opacity-related (Opa) proteins. Each MS11 Opa protein recognizes a distinct spectrum of CD66 receptors. CD66\u2013Opa binding is mediated by the NH(2)-terminal domain of the receptor and occurs through protein\u2013protein interactions. In this report, we have investigated the molecular basis for the binding between the CD66 and Opa protein families by mapping amino acids in CD66 receptors that determine Opa protein binding. We performed homologue scanning mutagenesis between CD66e, which binds multiple Opa variants, and CD66b, which binds none, and tested both loss-of-function by CD66e and gain-of-function by CD66b in solution assays and in assays involving full-length receptors expressed by epithelial cells. We found that three residues in the CD66e N-domain are required for maximal Opa protein receptor activity. Opa proteins that recognize the same spectrum of native CD66 molecules showed differential binding of receptors with submaximal activity, indicating that the binding characteristics of these Opa proteins are actually slightly different. These data provide a first step toward resolving the structural requirements for Opa\u2013CD66 interaction.",
   "publish_time": "1999 Aug 2",
   "authors": [
      "['Bos, Martine P.', 'Hogan, Daniel', 'Belland, Robert J.']"
   ],
   "journal": "J Exp Med",
   "has_full_text": "True",
   "id": "d8ece7a7ece002e0a2fcdb9be3f1a85194079c1e",
   "fhir_link": "Non-comercial/Composition/d8ece7a7ece002e0a2fcdb9be3f1a85194079c1e.json"
}