{
   "sha": "4d796b07dbc513c769c5ec8bbf7baedda9791881",
   "source_x": "PMC",
   "title": "Next-Generation Sequencing Reveals HIV-1-Mediated Suppression of T Cell Activation and RNA Processing and Regulation of Noncoding RNA Expression in a CD4(+) T Cell Line",
   "doi": "http://dx.doi.org/10.1128/mBio.00134-11",
   "pmcid": "PMC3175625",
   "pubmed_id": "21933919",
   "license": "CC BY-NC-SA",
   "abstract": "Next-generation sequencing (NGS) enables the highly sensitive measurement of whole transcriptomes. We report the first application to our knowledge of this technology to the analysis of RNA from a CD4(+) T cell line infected with intact HIV. We sequenced the total mRNA from infected cells and detected differences in the expression of both host and viral mRNA. Viral reads represented a large portion of the total mapped sequencing reads: approximately 20% at 12\u00a0h postinfection (hpi) and 40% at 24\u00a0hpi. We also detected a small but significant suppression of T cell activation-related genes at 12\u00a0hpi. This suppression persisted and expanded by 24\u00a0hpi, providing new possible markers of virus-induced T cell cytopathology. By 24\u00a0hpi, the expression of over 50% of detectable host loci was also altered, indicating widespread alteration of host processes, including RNA processing, splicing, and transport to an extent not previously reported. In addition, next-generation sequencing provided insights into alternative viral RNA splice events and the expression of noncoding RNAs, including microRNA host genes.",
   "publish_time": "2011 Sep 20",
   "authors": [
      "['Chang, Stewart T.', 'Sova, Pavel', 'Peng, Xinxia', 'Weiss, Jeffrey', 'Law, G. Lynn', 'Palermo, Robert E.', 'Katze, Michael G.']"
   ],
   "journal": "mBio",
   "has_full_text": "False",
   "id": "4d796b07dbc513c769c5ec8bbf7baedda9791881"
}