{
   "sha": "70e3144c28d58c391a94a4895f42628c902605bd",
   "source_x": "Elsevier",
   "title": "Abstracts of Papers Presented at the Session of the Virology Section of the Deutsche Gesellschaft f\u00fcr Hygiene und Mikrobiologie, Marburg, February 23-25, 1989",
   "doi": "10.1016/S0934-8840(89)80038-6",
   "pubmed_id": "2803460",
   "license": "els-covid",
   "publish_time": "1989-09-30",
   "journal": "Zentralblatt f\u00fcr Bakteriologie",
   "has_full_text": "True",
   "full_text_file": "custom_license",
   "id": "https://doi.org/10.1016/S0934-8840(89)80038-6",
   "fhir_link": [
      "PMC/Composition/70e3144c28d58c391a94a4895f42628c902605bd"
   ]
}