{
   "sha": "c94cf364c4ceb68d6b7b7cbc252d32a53401779a",
   "source_x": "PMC",
   "title": "The Singapore Field Epidemiology Service: Insights Into Outbreak Management",
   "doi": "http://dx.doi.org/10.3961/jpmph.2012.45.5.277",
   "pmcid": "PMC3469809",
   "pubmed_id": "23091652",
   "license": "CC BY-NC",
   "abstract": "Field epidemiology involves the implementation of quick and targeted public health interventions with the aid of epidemiological methods. In this article, we share our practical experiences in outbreak management and in safeguarding the population against novel diseases. Given that cities represent the financial nexuses of the global economy, global health security necessitates the safeguard of cities against epidemic diseases. Singapore's public health landscape has undergone a systemic and irreversible shift with global connectivity, rapid urbanization, ecological change, increased affluence, as well as shifting demographic patterns over the past two decades. Concomitantly, the threat of epidemics, ranging from severe acute respiratory syndrome and influenza A (H1N1) to the resurgence of vector-borne diseases as well as the rise of modern lifestyle-related outbreaks, have worsened difficulties in safeguarding public health amidst much elusiveness and unpredictability. One critical factor that has helped the country overcome these innate and man-made public health vulnerabilities is the development of a resilient field epidemiology service, which includes our enhancement of surveillance and response capacities for outbreak management, and investment in public health leadership. We offer herein the Singapore story as a case study in meeting the challenges of disease control in our modern built environment.",
   "publish_time": "2012 Sep 28",
   "authors": [
      "['Ooi, Peng-Lim', 'Seetoh, Theresa', 'Cutter, Jeffery']"
   ],
   "journal": "J Prev Med Public Health",
   "has_full_text": "True",
   "id": "c94cf364c4ceb68d6b7b7cbc252d32a53401779a",
   "fhir_link": "Non-comercial/Composition/c94cf364c4ceb68d6b7b7cbc252d32a53401779a.json"
}