{
   "sha": "f6b7e95bba8fc989701322484c6318774eb1ed6b",
   "source_x": "PMC",
   "title": "Observational Research in Childhood Infectious Diseases (ORChID): a dynamic birth cohort study",
   "doi": "http://dx.doi.org/10.1136/bmjopen-2012-002134",
   "pmcid": "PMC3547315",
   "pubmed_id": "23117571",
   "license": "CC BY-NC",
   "abstract": "INTRODUCTION: Even in developed economies infectious diseases remain the most common cause of illness in early childhood. Our current understanding of the epidemiology of these infections is limited by reliance on data from decades ago performed using low-sensitivity laboratory methods, and recent studies reporting severe, hospital-managed disease. METHODS AND ANALYSIS: The Observational Research in Childhood Infectious Diseases (ORChID) study is an ongoing study enrolling a dynamic birth cohort to document the community-based epidemiology of viral respiratory and gastrointestinal infections in early childhood. Women are recruited antenatally, and their healthy newborn is followed for the first 2\u2005years of life. Parents keep a daily symptom diary for the study child, collect a weekly anterior nose swab and dirty nappy swab and complete a burden diary when a child meets pre-defined illness criteria. Specimens will be tested for a wide range of viruses by real-time PCR assays. Primary analyses involves calculating incidence rates for acute respiratory illness (ARI) and acute gastroenteritis (AGE) for the cohort by age and seasonality. Control material from children when they are without symptoms will allow us to determine what proportion of ARIs and AGE can be attributed to specific pathogens. Secondary analyses will assess the incidence and shedding duration of specific respiratory and gastrointestinal pathogens. ETHICS AND DISSEMINATION: This study is approved by The Human Research Ethics Committees of the Children's Health Queensland Hospital and Health Service, the Royal Brisbane and Women's Hospital and The University of Queensland. TRIAL REGISTRATION: clinicaltrials.gov NCT01304914.",
   "publish_time": "2012 Oct 31",
   "authors": [
      "['Lambert, Stephen Bernard', 'Ware, Robert S', 'Cook, Anne L', 'Maguire, Frances A', 'Whiley, David M', 'Bialasiewicz, Seweryn', 'Mackay, Ian M', 'Wang, David', 'Sloots, Theo P', 'Nissen, Michael D', 'Grimwood, Keith']"
   ],
   "journal": "BMJ Open",
   "has_full_text": "True",
   "id": "f6b7e95bba8fc989701322484c6318774eb1ed6b",
   "fhir_link": "Non-comercial/Composition/f6b7e95bba8fc989701322484c6318774eb1ed6b"
}