{
   "sha": "adeb15fc330fe6710ad1c979d0a33035b52f3ba0",
   "source_x": "PMC",
   "title": "Lung epithelium as a sentinel and effector system in pneumonia \u2013 molecular mechanisms of pathogen recognition and signal transduction",
   "doi": "http://dx.doi.org/10.1186/1465-9921-7-97",
   "pmcid": "PMC1533821",
   "pubmed_id": "16827942",
   "license": "CC BY",
   "abstract": "Pneumonia, a common disease caused by a great diversity of infectious agents is responsible for enormous morbidity and mortality worldwide. The bronchial and lung epithelium comprises a large surface between host and environment and is attacked as a primary target during lung infection. Besides acting as a mechanical barrier, recent evidence suggests that the lung epithelium functions as an important sentinel system against pathogens. Equipped with transmembranous and cytosolic pathogen-sensing pattern recognition receptors the epithelium detects invading pathogens. A complex signalling results in epithelial cell activation, which essentially participates in initiation and orchestration of the subsequent innate and adaptive immune response. In this review we summarize recent progress in research focussing on molecular mechanisms of pathogen detection, host cell signal transduction, and subsequent activation of lung epithelial cells by pathogens and their virulence factors and point to open questions. The analysis of lung epithelial function in the host response in pneumonia may pave the way to the development of innovative highly needed therapeutics in pneumonia in addition to antibiotics.",
   "publish_time": "2006 Jul 8",
   "authors": [
      "['Hippenstiel, Stefan', 'Opitz, Bastian', 'Schmeck, Bernd', 'Suttorp, Norbert']"
   ],
   "journal": "Respir Res",
   "has_full_text": "True",
   "id": "adeb15fc330fe6710ad1c979d0a33035b52f3ba0",
   "fhir_link": "Commercial/Composition/adeb15fc330fe6710ad1c979d0a33035b52f3ba0"
}