{
   "sha": "3897a0019d6f54b8c354f32eca68de8f512af39c",
   "source_x": "PMC",
   "title": "Seroprevalence of Respiratory Syncytial Virus IgG among Healthy Young Adults in Basic Training for the Republic of Korea Air Force",
   "doi": "http://dx.doi.org/10.3346/jkms.2014.29.9.1325",
   "pmcid": "PMC4168190",
   "pubmed_id": "25246755",
   "license": "CC BY-NC",
   "abstract": "This investigation enrolled 570 healthy young males gathered from all over the country for military service at the Republic of Korea Air Force boot camp. It confirmed RSV IgG seroprevalence by utilizing the enzyme immunoassay method just prior to undergoing basic training. The mean age of this study was 20.25\u00b11.34 yr old. The results of their immunoassay seroprofiles showed that 561 men (98.4%) were positive, 2 (0.4%) were negative and 7 (1.2%) were equivocal belonging to the grey zone. It was confirmed that RSV is a common respiratory virus and RSV infection was encountered by almost all people before reaching adulthood in Korea. Nine basic trainees belonging to the RSV IgG negative and equivocal grey zone categories were prospectively observed for any particular vulnerability to respiratory infection during the training period of two months. However, these nine men completed their basic training without developing any specific respiratory illness. GRAPHICAL ABSTRACT: [Image: see text]",
   "publish_time": "2014 Sep 2",
   "authors": [
      "Park, Won-Ju"
   ],
   "journal": "J Korean Med Sci",
   "has_full_text": "True",
   "id": "3897a0019d6f54b8c354f32eca68de8f512af39c",
   "fhir_link": "Non-comercial/Composition/3897a0019d6f54b8c354f32eca68de8f512af39c"
}