{
   "sha": "5e2fc4aaa3045d5c12525483a0f18010601b015a",
   "source_x": "PMC",
   "title": "Mobile ECMO team for inter-hospital transportation of patients with ARDS: a retrospective case series",
   "pmcid": "PMC4246845",
   "pubmed_id": "25436208",
   "license": "CC BY-NC",
   "abstract": "INTRODUCTION: Transport of patients undergoing extracorporeal membrane oxygenation is currently available in 5 referral centers in our country. METHODS: Retrospective case series of patients managed by our mobile extracorporeal membrane oxygenation team and transferred to San Gerardo University Hospital from December 2004 to December 2012. RESULTS: 42 patients were transported. The mean age was 42.11 (standard deviation \u00b118.11) years, with a range between 2 years and 70. 14 patients were females (33%) and 28 males (67%). The average transport distance was 121.69 km (\u00b1183.08) with a range between 9 km and 1044 Km. The mission\u2019s mean time was equal to 508 minutes (\u00b1185) with range of 120-960 minutes. 29 patients (69%) were transported with extracorporeal membrane oxygenation support, while 13 patients (31%) were transported with conventional ventilation. In 28 patients (97%) a veno-venous bypass was utilized, while in one case (3%) a Veno-Arterial cannulation was performed. 32 patients survived (76%) and have been discharged alive from hospital. No major clinical or technical issues were observed during the transport. CONCLUSIONS: According to our data, we conclude that a dedicated mobile team allowed safe ground transportation of patients with severe acute lung injury to our tertiary care institution.",
   "publish_time": "2014",
   "authors": [
      "['Lucchini, A', 'De Felippis, C', 'Elli, S', 'Gariboldi, R', 'Vimercati, S', 'Tundo, P', 'Bondi, H', 'Costa, M C']"
   ],
   "journal": "Heart Lung Vessel",
   "has_full_text": "True",
   "id": "5e2fc4aaa3045d5c12525483a0f18010601b015a",
   "fhir_link": "Non-comercial/5e2fc4aaa3045d5c12525483a0f18010601b015a"
}