{
   "sha": "edbbaa0ad3f12863433e688b79d35c725eeb07d3",
   "source_x": "Elsevier",
   "title": "Viruses and autoimmune disease \u2013 two sides of the same coin?",
   "doi": "10.1016/S0966-842X(01)02097-2",
   "pubmed_id": "11514220",
   "license": "els-covid",
   "abstract": "Abstract Some viruses have the ability to modulate the development of autoimmune diseases. Virus infections have long been associated with the exacerbation of autoimmune disease, however, there is also evidence that viruses can actually protect against autoimmune disease. Several experimental models have been developed to investigate how some virus infections can prime for and trigger autoimmunity whereas others ameliorate the pathway leading to clinical disease. It is possible that the type I interferons, via interleukin 12, provide the link between viruses and autoimmunity.",
   "publish_time": "2001-08-01",
   "authors": [
      "Fujinami, Robert S."
   ],
   "journal": "Trends in Microbiology",
   "has_full_text": "True",
   "full_text_file": "custom_license",
   "id": "https://doi.org/10.1016/S0966-842X(01)02097-2",
   "fhir_link": [
      "PMC/Composition/edbbaa0ad3f12863433e688b79d35c725eeb07d3"
   ]
}