{
   "sha": "15f57ae58cbfdd0616c570508ce0471bc4dacebe",
   "source_x": "PMC",
   "title": "Procalcitonin and C-reactive protein cannot differentiate bacterial or viral infection in COPD exacerbation requiring emergency department visits",
   "doi": "http://dx.doi.org/10.2147/COPD.S76740",
   "pmcid": "PMC4403815",
   "pubmed_id": "25926728",
   "license": "CC BY-NC",
   "abstract": "BACKGROUND: Viral and bacterial infections are the most common causes of chronic obstructive pulmonary disease (COPD) exacerbations. Whether serum inflammatory markers can differentiate bacterial from virus infection in patients with COPD exacerbation requiring emergency department (ED) visits remains controversial. METHODS: Viral culture and polymerase chain reaction (PCR) were used to identify the viruses in the oropharynx of patients with COPD exacerbations. The bacteria were identified by the semiquantitative culture of the expectorated sputum. The peripheral blood white blood cell (WBC) counts, serum C-reactive protein (CRP), procalcitonin (PCT), and clinical symptoms were compared among patients with different types of infections. RESULTS: Viruses were isolated from 16 (22.2%) of the 72 patients enrolled. The most commonly identified viruses were parainfluenza type 3, influenza A, and rhinovirus. A total of 30 (41.7%) patients had positive bacterial cultures, with the most commonly found bacteria being Haemophilus influenzae and Haemophilus parainfluenzae. Five patients (6.9%) had both positive sputum cultures and virus identification. The WBC, CRP, and PCT levels of the bacteria-positive and bacteria-negative groups were not statistically different. Multivariate analysis showed that patients with increased sputum volumes during the COPD exacerbations had higher risks of recurrent exacerbations in the 1-year period following the first exacerbation. CONCLUSION: WBC, CRP, or PCT could not differentiate between bacterial and viral infections in patients with COPD exacerbation requiring ED visits. Those with increased sputum during a COPD exacerbation had higher risks for recurrent exacerbations.",
   "publish_time": "2015 Apr 13",
   "authors": [
      "['Chang, Chih-Hao', 'Tsao, Kuo-Chien', 'Hu, Han-Chung', 'Huang, Chung-Chi', 'Kao, Kuo-Chin', 'Chen, Ning-Hung', 'Yang, Cheng-Ta', 'Tsai, Ying-Huang', 'Hsieh, Meng-Jer']"
   ],
   "journal": "Int J Chron Obstruct Pulmon Dis",
   "has_full_text": "True",
   "id": "15f57ae58cbfdd0616c570508ce0471bc4dacebe",
   "fhir_link": "Non-comercial/15f57ae58cbfdd0616c570508ce0471bc4dacebe"
}