{
   "sha": "dd969a7721176db21314930b62e62a37e902dae5",
   "source_x": "PMC",
   "title": "Heparan Sulfate-Dependent Enhancement of Henipavirus Infection",
   "doi": "http://dx.doi.org/10.1128/mBio.02427-14",
   "pmcid": "PMC4453572",
   "pubmed_id": "25759505",
   "license": "CC BY-NC-SA",
   "abstract": "Nipah virus and Hendra virus are emerging, highly pathogenic, zoonotic paramyxoviruses that belong to the genus Henipavirus. They infect humans as well as numerous mammalian species. Both viruses use ephrin-B2 and -B3 as cell entry receptors, and following initial entry into an organism, they are capable of rapid spread throughout the host. We have previously reported that Nipah virus can use another attachment receptor, different from its entry receptors, to bind to nonpermissive circulating leukocytes, thereby promoting viral dissemination within the host. Here, this attachment molecule was identified as heparan sulfate for both Nipah virus and Hendra virus. Cells devoid of heparan sulfate were not able to mediate henipavirus trans-infection and showed reduced permissivity to infection. Virus pseudotyped with Nipah virus glycoproteins bound heparan sulfate and heparin but no other glycosaminoglycans in a surface plasmon resonance assay. Furthermore, heparin was able to inhibit the interaction of the viruses with the heparan sulfate and to block cell-mediated trans-infection of henipaviruses. Moreover, heparin was shown to bind to ephrin-B3 and to restrain infection of permissive cells in vitro. Consequently, treatment with heparin devoid of anticoagulant activity improved the survival of Nipah virus-infected hamsters. Altogether, these results reveal heparan sulfate as a new attachment receptor for henipaviruses and as a potential therapeutic target for the development of novel approaches against these highly lethal infections.",
   "publish_time": "2015 Mar 10",
   "authors": [
      "['Mathieu, Cyrille', 'Dhondt, K\u00e9vin P.', 'Ch\u00e2lons, Marie', 'M\u00e9ly, St\u00e9phane', 'Raoul, Herv\u00e9', 'Negre, Didier', 'Cosset, Fran\u00e7ois-Lo\u00efc', 'Gerlier, Denis', 'Viv\u00e8s, Romain R.', 'Horvat, Branka']"
   ],
   "journal": "mBio",
   "has_full_text": "True",
   "id": "dd969a7721176db21314930b62e62a37e902dae5",
   "fhir_link": "Non-comercial/dd969a7721176db21314930b62e62a37e902dae5"
}