{
   "sha": "7de21b4df4bb390e0fba8c0938ef6eeef9a4630e",
   "source_x": "PMC",
   "title": "A New Arthritis Therapy with Oxidative Burst Inducers",
   "doi": "http://dx.doi.org/10.1371/journal.pmed.0030348",
   "pmcid": "PMC1564167",
   "pubmed_id": "16968121",
   "license": "CC BY",
   "abstract": "BACKGROUND: Despite recent successes with biological agents as therapy for autoimmune inflammatory diseases such as rheumatoid arthritis (RA), many patients fail to respond adequately to these treatments, making a continued search for new therapies extremely important. Recently, the prevailing hypothesis that reactive oxygen species (ROS) promote inflammation was challenged when polymorphisms in Ncf1, that decrease oxidative burst, were shown to increase disease severity in mouse and rat arthritis models. Based on these findings we developed a new therapy for arthritis using oxidative burst-inducing substances. METHODS AND FINDINGS: Treatment of rats with phytol (3,7,11,15-tetramethyl-2-hexadecene-1-ol) increased oxidative burst in vivo and thereby corrected the effect of the genetic polymorphism in arthritis-prone Ncf1 (DA) rats. Importantly, phytol treatment also decreased the autoimmune response and ameliorated both the acute and chronic phases of arthritis. When compared to standard therapies for RA, anti-tumour necrosis factor-\u03b1 and methotrexate, phytol showed equally good or better therapeutic properties. Finally, phytol mediated its effect within hours of administration and involved modulation of T cell activation, as injection prevented adoptive transfer of disease with arthritogenic T cells. CONCLUSIONS: Treatment of arthritis with ROS-promoting substances such as phytol targets a newly discovered pathway leading to autoimmune inflammatory disease and introduces a novel class of therapeutics for treatment of RA and possibly other chronic inflammatory diseases.",
   "publish_time": "2006 Sep 12",
   "authors": [
      "['Hultqvist, Malin', 'Olofsson, Peter', 'Gelderman, Kyra A', 'Holmberg, Jens', 'Holmdahl, Rikard']"
   ],
   "journal": "PLoS Med",
   "has_full_text": "True",
   "id": "7de21b4df4bb390e0fba8c0938ef6eeef9a4630e",
   "fhir_link": "Commercial/7de21b4df4bb390e0fba8c0938ef6eeef9a4630e"
}