{
   "sha": "bf5b3c8ca8f08950a6402469badcb792bed09e21",
   "source_x": "PMC",
   "title": "Integrating behavioral surveillance into emerging infectious disease prevention",
   "doi": "http://dx.doi.org/10.1093/trstmh/trv080",
   "pmcid": "PMC4603270",
   "pubmed_id": "26464229",
   "license": "CC BY-NC",
   "publish_time": "2015 Nov 9",
   "authors": [
      "Miller, Maureen"
   ],
   "journal": "Trans R Soc Trop Med Hyg",
   "has_full_text": "True",
   "id": "bf5b3c8ca8f08950a6402469badcb792bed09e21",
   "fhir_link": "Non-comercial/Composition/bf5b3c8ca8f08950a6402469badcb792bed09e21.json"
}