{
   "sha": "918f511526212ad32fa488de47e98dac8d08339d",
   "source_x": "Elsevier",
   "title": "The nsp9 Replicase Protein of SARS-Coronavirus, Structure and Functional Insights",
   "doi": "10.1016/j.str.2004.01.016",
   "pubmed_id": "14962394",
   "license": "els-covid",
   "abstract": "As part of a high-throughput structural analysis of SARS-coronavirus (SARS-CoV) proteins, we have solved the structure of the non-structural protein 9 (nsp9). This protein, encoded by ORF1a, has no designated function but is most likely involved with viral RNA synthesis. The protein comprises a single \u03b2-barrel with a fold previously unseen in single domain proteins. The fold superficially resembles an OB-fold with a C-terminal extension and is related to both of the two subdomains of the SARS-CoV 3C-like protease (which belongs to the serine protease superfamily). nsp9 has, presumably, evolved from a protease. The crystal structure suggests that the protein is dimeric. This is confirmed by analytical ultracentrifugation and dynamic light scattering. We show that nsp9 binds RNA and interacts with nsp8, activities that may be essential for its function(s).",
   "publish_time": "2004-02-29",
   "authors": [
      "Sutton, Geoff",
      "Fry, Elizabeth",
      "Carter, Lester",
      "Sainsbury, Sarah",
      "Walter, Tom",
      "Nettleship, Joanne",
      "Berrow, Nick",
      "Owens, Ray",
      "Gilbert, Robert",
      "Davidson, Andrew",
      "Siddell, Stuart",
      "Poon, Leo L.M.",
      "Diprose, Jonathan",
      "Alderton, David",
      "Walsh, Martin",
      "Grimes, Jonathan M.",
      "Stuart, David I."
   ],
   "journal": "Structure",
   "has_full_text": "True",
   "full_text_file": "custom_license",
   "id": "https://doi.org/10.1016/j.str.2004.01.016",
   "fhir_link": [
      "PMC/Composition/918f511526212ad32fa488de47e98dac8d08339d"
   ]
}