{
   "sha": "545cc28cf80d7f18232d1eafdcd3a7e9680a4b9f",
   "source_x": "PMC",
   "title": "Specific interference shRNA-expressing plasmids inhibit Hantaan virus infection in vitro and in vivo",
   "doi": "http://dx.doi.org/10.1038/aps.2015.165",
   "pmcid": "PMC4820803",
   "pubmed_id": "26972493",
   "license": "CC BY-NC-ND",
   "abstract": "AIM: To investigate the antiviral effects of vectors expressing specific short hairpin RNAs (shRNAs) against Hantaan virus (HTNV) infection in vitro and in vivo. METHODS: Based on the effects of 4 shRNAs targeting different regions of HTNV genomic RNA on viral replication, the most effective RNA interference fragments of the S and M genes were constructed in pSilencer-3.0-H1 vectors, and designated pSilencer-S and pSilencer-M, respectively. The antiviral effect of pSilencer-S/M against HTNV was evaluated in both HTNV-infected Vero-E6 cells and mice. RESULTS: In HTNV-infected Vero-E6 cells, pSilencer-S and pSilencer-M targeted the viral nucleocapsid proteins and envelope glycoproteins, respectively, as revealed in the immunofluorescence assay. Transfection with pSilencer-S or pSilencer-M (1, 2, 4 \u03bcg) markedly inhibited the viral antigen expression in dose- and time-dependent manners. Transfection with either plasmid (2 \u03bcg) significantly decreased HTNV-RNA level at 3 day postinfectin (dpi) and the progeny virus titer at 5 dpi. In mice infected with lethal doses of HTNV, intraperitoneal injection of pSilencer-S or pSilencer-M (30 \u03bcg) considerably increased the survival rates and mean time to death, and significantly reduced the mean virus yields and viral RNA level, and alleviated virus-induced pathological lesions in lungs, brains and kidneys. CONCLUSION: Plasmid-based shRNAs potently inhibit HTNV replication in vitro and in vivo. Our results provide a basis for development of shRNA as therapeutics for HTNV infections in humans.",
   "publish_time": "2016 Apr 14",
   "authors": [
      "['Liu, Yuan-yuan', 'Chen, Liang-jun', 'Zhong, Yan', 'Shen, Meng-xin', 'Ma, Nian', 'Liu, Bing-yu', 'Luo, Fan', 'Hou, Wei', 'Yang, Zhan-qiu', 'Xiong, Hai-rong']"
   ],
   "journal": "Acta Pharmacol Sin",
   "has_full_text": "True",
   "id": "545cc28cf80d7f18232d1eafdcd3a7e9680a4b9f",
   "fhir_link": "Non-comercial/Composition/545cc28cf80d7f18232d1eafdcd3a7e9680a4b9f.json"
}