{
   "sha": "45448178ffe1a3c7ed79771a4d760b1e056c2f2f",
   "source_x": "PMC",
   "title": "Clinical Progression and Cytokine Profiles of Middle East Respiratory Syndrome Coronavirus Infection",
   "doi": "http://dx.doi.org/10.3346/jkms.2016.31.11.1717",
   "pmcid": "PMC5056202",
   "pubmed_id": "27709848",
   "license": "CC BY-NC",
   "abstract": "Clinical progression over time and cytokine profiles have not been well defined in patients with Middle East respiratory syndrome coronavirus (MERS-CoV) infection. We included 17 patients with laboratory-confirmed MERS-CoV during the 2015 outbreak in Korea. Clinical and laboratory parameters were collected prospectively. Serum cytokine and chemokine levels in serial serum samples were measured using enzyme-linked immunosorbent assay. All patients presented with fever. The median time to defervescence was 18 days. Nine patients required oxygen supplementation and classified into severe group. In the severe group, chest infiltrates suddenly began to worsen around day 7 of illness, and dyspnea developed at the end of the first week and became apparent in the second week. Median time from symptom onset to oxygen supplementation was 8 days. The severe group had higher neutrophil counts during week 1 than the mild group (4,500 vs. 2,200/\u00b5L, P = 0.026). In the second week of illness, the severe group had higher serum levels of IL-6 (54 vs. 4 pg/mL, P = 0.006) and CXCL-10 (2,642 vs. 382 pg/mL, P < 0.001). IFN-\u03b1 response was not observed in mild cases. Our data shows that clinical condition may suddenly deteriorate around 7 days of illness and the serum levels of IL-6 and CXCL-10 was significantly elevated in MERS-CoV patients who developed severe diseases.",
   "publish_time": "2016 Nov 2",
   "authors": [
      "['Kim, Eu Suk', 'Choe, Pyoeng Gyun', 'Park, Wan Beom', 'Oh, Hong Sang', 'Kim, Eun Jung', 'Nam, Eun Young', 'Na, Sun Hee', 'Kim, Moonsuk', 'Song, Kyoung-Ho', 'Bang, Ji Hwan', 'Park, Sang Won', 'Kim, Hong Bin', 'Kim, Nam Joong', 'Oh, Myoung-don']"
   ],
   "journal": "J Korean Med Sci",
   "has_full_text": "False",
   "id": "45448178ffe1a3c7ed79771a4d760b1e056c2f2f"
}