{
   "sha": "0a003aa69f43cee4357f1e943df79a8b87c0a88e",
   "source_x": "PMC",
   "title": "Identification of Leukotoxin and other vaccine candidate proteins in a Mannheimia haemolytica commercial antigen",
   "doi": "http://dx.doi.org/10.1016/j.heliyon.2016.e00158",
   "pmcid": "PMC5035357",
   "pubmed_id": "27699279",
   "license": "CC BY-NC-ND",
   "abstract": "Bovine Respiratory Disease is the most costly disease that affects beef and dairy cattle industry. Its etiology is multifactorial, arising from predisposing environmental stress conditions as well as the action of several different respiratory pathogens. This situation has hindered the development of effective control strategies. Although different type of vaccines are available, many currently marketed vaccines are based on inactivated cultures of the main viral and bacterial agents involved in this pathology. The molecular composition of commercial veterinary vaccines is a critical issue. The present work aims to define at the proteomic level the most relevant valence of a line of commercial respiratory vaccines widely used in Central and South America. Since Mannheimia haemolytica is responsible for most of the disease associated morbid-mortality, we focused on the main proteins secreted by this pathogen, in particular Leukotoxin A, its main virulence factor. By Western blot analysis and mass spectrometry, Leukotoxin A was identified as a major component of M. haemolytica culture supernatants. We also identified other ten M. haemolytica proteins, including outer membrane proteins, periplasmic transmembrane solute transporters and iron binding proteins, which are relevant to achieve protective immunity against the pathogen. This work allowed a detailed molecular characterization of this vaccine component, providing evidence of its quality and efficacy. Furthermore, our results contributed to the identification of several proteins of interest as subunit vaccine candidates.",
   "publish_time": "2016 Sep 19",
   "authors": [
      "['Tucci, Paula', 'Estevez, Ver\u00f3nica', 'Becco, Lorena', 'Cabrera-Cabrera, Florencia', 'Grotiuz, Germ\u00e1n', 'Reolon, Eduardo', 'Mar\u00edn, M\u00f3nica']"
   ],
   "journal": "Heliyon",
   "has_full_text": "False",
   "id": "0a003aa69f43cee4357f1e943df79a8b87c0a88e"
}