{
   "sha": "18afccb280f2109ea8f52981cc172dbaa83de72d",
   "source_x": "PMC",
   "title": "The R Protein of SARS-CoV: Analyses of Structure and Function Based on Four Complete Genome Sequences of Isolates BJ01-BJ04",
   "doi": "http://dx.doi.org/10.1016/S1672-0229(03)01019-2",
   "pmcid": "PMC5172245",
   "pubmed_id": "15626345",
   "license": "CC BY-NC-ND",
   "abstract": "The R (replicase) protein is the uniquely defined non-structural protein (NSP) responsible for RNA replication, mutation rate or fidelity, regulation of transcription in coronaviruses and many other ssRNA viruses. Based on our complete genome sequences of four isolates (BJ01-BJ04) of SARS-CoV from Beijing, China, we analyzed the structure and predicted functions of the R protein in comparison with 13 other isolates of SARS-CoV and 6 other coronaviruses. The entire ORF (open-reading frame) encodes for two major enzyme activities, RNA-dependent RNA polymerase (RdRp) and proteinase activities. The R polyprotein undergoes a complex proteolytic process to produce 15 function-related peptides. A hydrophobic domain (HOD) and a hydrophilic domain (HID) are newly identified within NSP1. The substitution rate of the R protein is close to the average of the SARS-CoV genome. The functional domains in all NSPs of the R protein give different phylogenetic results that suggest their different mutation rate under selective pressure. Eleven highly conserved regions in RdRp and twelve cleavage sites by 3CLP (chymotrypsin-like protein) have been identified as potential drug targets. Findings suggest that it is possible to obtain information about the phylogeny of SARS-CoV, as well as potential tools for drug design, genotyping and diagnostics of SARS.",
   "publish_time": "2003 May 28",
   "authors": [
      "['Xu, Zuyuan', 'Zhang, Haiqing', 'Tian, Xiangjun', 'Ji, Jia', 'Li, Wei', 'Li, Yan', 'Tian, Wei', 'Han, Yujun', 'Wang, Lili', 'Zhang, Zizhang', 'Xu, Jing', 'Wei, Wei', 'Zhu, Jingui', 'Sun, Haiyan', 'Zhang, Xiaowei', 'Zhou, Jun', 'Li, Songgang', 'Wang, Jun', 'Wang, Jian', 'Bi, Shengli', 'Yang, Huanming']"
   ],
   "journal": "Genomics Proteomics Bioinformatics",
   "has_full_text": "False",
   "id": "18afccb280f2109ea8f52981cc172dbaa83de72d"
}