{
   "sha": "636a2debbb56c9142bbf960d9a200665c556e05a",
   "source_x": "PMC",
   "title": "Multiplexed Nucleic Acid Programmable Protein Arrays",
   "doi": "http://dx.doi.org/10.7150/thno.20151",
   "pmcid": "PMC5667425",
   "pubmed_id": "29109798",
   "license": "CC BY-NC",
   "abstract": "Rationale: Cell-free protein microarrays display naturally-folded proteins based on just-in-time in situ synthesis, and have made important contributions to basic and translational research. However, the risk of spot-to-spot cross-talk from protein diffusion during expression has limited the feature density of these arrays. Methods: In this work, we developed the Multiplexed Nucleic Acid Programmable Protein Array (M-NAPPA), which significantly increases the number of displayed proteins by multiplexing as many as five different gene plasmids within a printed spot. Results: Even when proteins of different sizes were displayed within the same feature, they were readily detected using protein-specific antibodies. Protein-protein interactions and serological antibody assays using human viral proteome microarrays demonstrated that comparable hits were detected by M-NAPPA and non-multiplexed NAPPA arrays. An ultra-high density proteome microarray displaying > 16k proteins on a single microscope slide was produced by combining M-NAPPA with a photolithography-based silicon nano-well platform. Finally, four new tuberculosis-related antigens in guinea pigs vaccinated with Bacillus Calmette-Guerin (BCG) were identified with M-NAPPA and validated with ELISA. Conclusion: All data demonstrate that multiplexing features on a protein microarray offer a cost-effective fabrication approach and have the potential to facilitate high throughput translational research.",
   "publish_time": "2017 Sep 20",
   "authors": [
      "['Yu, Xiaobo', 'Song, Lusheng', 'Petritis, Brianne', 'Bian, Xiaofang', 'Wang, Haoyu', 'Viloria, Jennifer', 'Park, Jin', 'Bui, Hoang', 'Li, Han', 'Wang, Jie', 'Liu, Lei', 'Yang, Liuhui', 'Duan, Hu', 'McMurray, David N.', 'Achkar, Jacqueline M.', 'Magee, Mitch', 'Qiu, Ji', 'LaBaer, Joshua']"
   ],
   "journal": "Theranostics",
   "has_full_text": "True",
   "id": "636a2debbb56c9142bbf960d9a200665c556e05a",
   "fhir_link": "Non-comercial/Composition/636a2debbb56c9142bbf960d9a200665c556e05a.json"
}