{
   "sha": "921c3701d112c1aeef737e5d395e9996a81b9bff",
   "source_x": "PMC",
   "title": "Virus Database and Online Inquiry System Based on Natural Vectors",
   "doi": "http://dx.doi.org/10.1177/1176934317746667",
   "pmcid": "PMC5751915",
   "pubmed_id": "29308007",
   "license": "CC BY-NC",
   "abstract": "We construct a virus database called VirusDB (http://yaulab.math.tsinghua.edu.cn/VirusDB/) and an online inquiry system to serve people who are interested in viral classification and prediction. The database stores all viral genomes, their corresponding natural vectors, and the classification information of the single/multiple-segmented viral reference sequences downloaded from National Center for Biotechnology Information. The online inquiry system serves the purpose of computing natural vectors and their distances based on submitted genomes, providing an online interface for accessing and using the database for viral classification and prediction, and back-end processes for automatic and manual updating of database content to synchronize with GenBank. Submitted genomes data in FASTA format will be carried out and the prediction results with 5 closest neighbors and their classifications will be returned by email. Considering the one-to-one correspondence between sequence and natural vector, time efficiency, and high accuracy, natural vector is a significant advance compared with alignment methods, which makes VirusDB a useful database in further research.",
   "publish_time": "2017 Dec 17",
   "authors": [
      "['Dong, Rui', 'Zheng, Hui', 'Tian, Kun', 'Yau, Shek-Chung', 'Mao, Weiguang', 'Yu, Wenping', 'Yin, Changchuan', 'Yu, Chenglong', 'He, Rong Lucy', 'Yang, Jie', 'Yau, Stephen ST']"
   ],
   "journal": "Evol Bioinform Online",
   "has_full_text": "True",
   "id": "921c3701d112c1aeef737e5d395e9996a81b9bff",
   "fhir_link": "Non-comercial/Composition/921c3701d112c1aeef737e5d395e9996a81b9bff.json"
}