{
   "sha": "60a8dde86babbfd457d7dbbd0f958587a1ff07a3",
   "source_x": "Elsevier",
   "title": "Whole blood cytokine profiles in cats infected by feline coronavirus and healthy non-FCoV infected specific pathogen-free cats",
   "doi": "10.1016/j.jfms.2006.05.002",
   "pubmed_id": "16777454",
   "license": "els-covid",
   "abstract": "In this study, the cytokine profiles of clinically healthy cats naturally infected with feline coronavirus (FCoV), of cats with feline infectious peritonitis (FIP) and of specific pathogen-free (SPF) cats were investigated in whole blood using a traditional reverse-transcriptase polymerase chain reaction (RT-PCR) assay and a semi-quantitative method of analysis based on computerised quantification of positive bands. The low inter-assay coefficient of variation recorded demonstrated that this method is highly repeatable. Compared with SPF cats, cytokine production was upregulated in most of the samples from FCoV-positive non-symptomatic cats. The appearance of a case of FIP in the cattery was associated with an increased expression of cytokines, in particular there was an increased production of IL-1\u03b2 and IFN-\u03b3, suggesting that these cytokines might protect infected cats from the disease. This hypothesis was also supported by the low levels of IFN-\u03b3 recorded in blood from cats with FIP.",
   "publish_time": "2006-12-31",
   "authors": [
      "Gelain, Maria E.",
      "Meli, Marina",
      "Paltrinieri, Saverio"
   ],
   "journal": "Journal of Feline Medicine & Surgery",
   "has_full_text": "True",
   "full_text_file": "custom_license",
   "id": "https://doi.org/10.1016/j.jfms.2006.05.002",
   "fhir_link": [
      "PMC/Composition/60a8dde86babbfd457d7dbbd0f958587a1ff07a3"
   ]
}