{
   "sha": "1bf18631b9c161ea2834b3d7c8ea42875319d18c",
   "source_x": "PMC",
   "title": "MERS coronaviruses from camels in Africa exhibit region-dependent genetic diversity",
   "doi": "http://dx.doi.org/10.1073/pnas.1718769115",
   "pmcid": "PMC5866576",
   "pubmed_id": "29507189",
   "license": "CC BY-NC-ND",
   "abstract": "Middle East respiratory syndrome coronavirus (MERS-CoV) causes a zoonotic respiratory disease of global public health concern, and dromedary camels are the only proven source of zoonotic infection. Although MERS-CoV infection is ubiquitous in dromedaries across Africa as well as in the Arabian Peninsula, zoonotic disease appears confined to the Arabian Peninsula. MERS-CoVs from Africa have hitherto been poorly studied. We genetically and phenotypically characterized MERS-CoV from dromedaries sampled in Morocco, Burkina Faso, Nigeria, and Ethiopia. Viruses from Africa (clade C) are phylogenetically distinct from contemporary viruses from the Arabian Peninsula (clades A and B) but remain antigenically similar in microneutralization tests. Viruses from West (Nigeria, Burkina Faso) and North (Morocco) Africa form a subclade, C1, that shares clade-defining genetic signatures including deletions in the accessory gene ORF4b. Compared with human and camel MERS-CoV from Saudi Arabia, virus isolates from Burkina Faso (BF785) and Nigeria (Nig1657) had lower virus replication competence in Calu-3 cells and in ex vivo cultures of human bronchus and lung. BF785 replicated to lower titer in lungs of human DPP4-transduced mice. A reverse genetics-derived recombinant MERS-CoV (EMC) lacking ORF4b elicited higher type I and III IFN responses than the isogenic EMC virus in Calu-3 cells. However, ORF4b deletions may not be the major determinant of the reduced replication competence of BF785 and Nig1657. Genetic and phenotypic differences in West African viruses may be relevant to zoonotic potential. There is an urgent need for studies of MERS-CoV at the animal\u2013human interface.",
   "publish_time": "2018 Mar 20",
   "authors": [
      "['Chu, Daniel K. W.', 'Hui, Kenrie P. Y.', 'Perera, Ranawaka A. P. M.', 'Miguel, Eve', 'Niemeyer, Daniela', 'Zhao, Jincun', 'Channappanavar, Rudragouda', 'Dudas, Gytis', 'Oladipo, Jamiu O.', 'Traor\u00e9, Amadou', 'Fassi-Fihri, Ouafaa', 'Ali, Abraham', 'Demissi\u00e9, Getnet F.', 'Muth, Doreen', 'Chan, Michael C. W.', 'Nicholls, John M.', 'Meyerholz, David K.', 'Kuranga, Sulyman A.', 'Mamo, Gezahegne', 'Zhou, Ziqi', 'So, Ray T. Y.', 'Hemida, Maged G.', 'Webby, Richard J.', 'Roger, Francois', 'Rambaut, Andrew', 'Poon, Leo L. M.', 'Perlman, Stanley', 'Drosten, Christian', 'Chevalier, Veronique', 'Peiris, Malik']"
   ],
   "journal": "Proc Natl Acad Sci U S A",
   "has_full_text": "True",
   "id": "1bf18631b9c161ea2834b3d7c8ea42875319d18c",
   "fhir_link": "Non-comercial/Composition/1bf18631b9c161ea2834b3d7c8ea42875319d18c"
}