{
   "sha": "a4b9d7ee74c621c60210c3dc5ad123f41f5aa1df",
   "source_x": "Elsevier",
   "title": "Newly identified respiratory viruses associated with acute lower respiratory tract infections in children in Lanzou, China, from 2006 to 2009",
   "doi": "10.1111/j.1469-0691.2011.03541.x",
   "license": "els-covid",
   "abstract": "Abstract Nasopharyngeal aspirates were collected from 813 children <14 years old with acute lower respiratory tract infections in Lanzhou, China, from December 2006 to November 2009. PCR or RT-PCR was used to screen for the presence of 10 respiratory viruses. Viral agents were identified in 73.92% (601/813) of specimens, including RSV in 40.71%, hMPV in 6.15%, IFVA in 7.13%, IFVB in 0.98%, PIV1-3 in 7.87%, HCoV-HKU1 in 2.21%, HCoV-NL63 in 3.81%, HRV in 19.93%, AdV in 7.50% and HBoV in 11.56%. Two or more viruses were detected in 34.44% (280/813) of cases. The newly identified respiratory viruses, HBoV, hMPV, HCoV-HKU1 and HCoV-NL63, accounted for 22.01% of the detected viral pathogens. RSV and HRV were frequently detected in patients with bronchiolitis, and hMPV was frequently associated with pneumonia. HCoV-NL63 was found to be one of the causative agents of acute respiratory wheezing in young children. No seasonal variation was found in the incidence of detection of HCoV-HKU1, HCoV-NL63 or HBoV. This 3-year study demonstrated that viral pathogens play an important role in children with ALRTIs, and more attention should be paid to these newly identified viral agents.",
   "publish_time": "2012-01-31",
   "authors": [
      "Jin, Y.",
      "Zhang, R.-F.",
      "Xie, Z.-P.",
      "Yan, K.-L.",
      "Gao, H.-C.",
      "Song, J.-R.",
      "Yuan, X.-H.",
      "Cheng, W.-X.",
      "Hou, Y.-D.",
      "Duan, Z.-J."
   ],
   "journal": "Clinical Microbiology and Infection",
   "has_full_text": "True",
   "full_text_file": "custom_license",
   "id": "https://doi.org/10.1111/j.1469-0691.2011.03541.x",
   "fhir_link": [
      "PMC/Composition/a4b9d7ee74c621c60210c3dc5ad123f41f5aa1df"
   ]
}