{
   "sha": "0722f43249269b4877bdad47d14dc2f16a600aab",
   "source_x": "Elsevier",
   "title": "Infectious disease risk from the Syrian conflict",
   "doi": "10.1016/j.ijid.2013.06.001",
   "license": "els-covid",
   "publish_time": "2013-09-30",
   "authors": [
      "Petersen, Eskild",
      "Baekeland, Susan",
      "Memish, Ziad A.",
      "Leblebicioglu, Hakan"
   ],
   "journal": "International Journal of Infectious Diseases",
   "has_full_text": "True",
   "full_text_file": "custom_license",
   "id": "https://doi.org/10.1016/j.ijid.2013.06.001",
   "fhir_link": [
      "PMC/Composition/0722f43249269b4877bdad47d14dc2f16a600aab"
   ]
}