{
   "sha": "64531e8dca54414b55f67981cd6e67b77fe8c43c",
   "source_x": "PMC",
   "title": "Immunohistochemical studies on meningoencephalitis in feline infectious peritonitis (FIP)",
   "doi": "http://dx.doi.org/10.1292/jvms.18-0406",
   "pmcid": "PMC6305510",
   "pubmed_id": "30333381",
   "license": "CC BY-NC-ND",
   "abstract": "The present study describes the association between inflammatory cell types and feline infectious peritonitis virus (FIPV) antigen in the brain of 4 cats diagnosed as feline infectious peritonitis (FIP). Immunohistochemically, FIPV antigens were detected in the inflammatory foci of the leptomeninges, choroid plexus and ventricles in 3 of the 4 cats. In 3 cases, inflammatory foci mainly consisted of CD204- and Iba1-positive macrophages, and the FIPV antigens were found in the macrophages. In the other case which was negative for FIPV antigen, severe inflammation predominantly consisting of CD20-positive B lymphocytes was observed in the leptomeninges and subventricles, accompanied with diffuse proliferation of gemistocytic astrocytes. The difference in histopathology may reflect the inflammatory process or the strain variation of FIP virus.",
   "publish_time": "2018 Dec 17",
   "authors": [
      "['WANG, Huanan', 'HIRABAYASHI, Miyuki', 'CHAMBERS, James K.', 'UCHIDA, Kazuyuki', 'NAKAYAMA, Hiroyuki']"
   ],
   "journal": "J Vet Med Sci",
   "has_full_text": "True",
   "id": "64531e8dca54414b55f67981cd6e67b77fe8c43c",
   "fhir_link": "Non-comercial/Composition/64531e8dca54414b55f67981cd6e67b77fe8c43c.json"
}