{
   "sha": "f17b881cc20dbd7330c1b396037fc872a4ff47ee",
   "source_x": "PMC",
   "title": "Plasma citrulline, arginine, nitric oxide, and blood ammonia levels in neonatal calves with acute diarrhea",
   "doi": "http://dx.doi.org/10.1111/jvim.15459",
   "pmcid": "PMC6430905",
   "pubmed_id": "30788867",
   "license": "CC BY-NC",
   "abstract": "BACKGROUND: Plasma citrulline (CIT) concentration is considered to be a reliable marker of functional enterocyte mass, primarily in humans. However, information about CIT levels along with related metabolites, arginine (ARG), nitric oxide (NO), and ammonia in neonatal calves are lacking. OBJECTIVES: To compare plasma CIT, ARG, NO, and whole blood ammonia concentrations in neonatal calves with acute diarrhea with those in healthy calves and to assess their possible relationships with diarrhea\u2010related criteria. ANIMALS: Seventy neonatal calves (60 with acute diarrhea and 10 healthy). METHODS: Observational case\u2010control study. Diarrheic calves were classified into subgroups on the basis of etiology, severity of diarrhea, degree of dehydration, and systemic inflammatory response syndrome (SIRS) status. Plasma CIT and ARG concentrations were measured by liquid chromatography/tandem mass spectrometry. RESULTS: Plasma CIT (median [range]: 67.5 [61.9\u201075.4] vs 30.1 [15.0\u201056.1] \u03bcmol/L) and ARG (170.7 [148.5\u2010219.5] vs 106.1 [54.4\u2010190.7] \u03bcmol/L) were lower and plasma NO (4.42 [3.29\u20105.58] vs 6.78 [5.29\u20108.92] \u03bcM) and blood ammonia concentrations (28.7 [26.1\u201036.9] vs 59.8 [34.6\u201099.5] \u03bcmol/L) were higher in the neonatal calves with diarrhea (P\u2009<\u2009.001). Plasma CIT (\u03b2\u2009=\u2009\u22120.29, P\u2009=\u2009.02), ARG (\u03b2\u2009=\u2009\u22120.33, P\u2009=\u2009.01), NO (\u03b2\u2009=\u20090.55, P\u2009<\u2009.001), and blood ammonia (\u03b2\u2009=\u20090.63, P <.001) were affected by SIRS status. Except for ammonia (0.52), the effects sizes for severity of diarrhea and degree of dehydration were small (\u03b7p2\u2009\u2264\u20090.45) for CIT, ARG, and NO. CONCLUSIONS AND CLINICAL IMPORTANCE: The changes in these variables might have diagnostic, prognostic, and therapeutic value in diarrheic neonatal calves.",
   "publish_time": "2019 Feb 20 Mar-Apr",
   "authors": [
      "['Gultekin, Mehmet', 'Voyvoda, Huseyin', 'Ural, Kerem', 'Erdogan, Hasan', 'Balikci, Canberk', 'Gultekin, Gamze']"
   ],
   "journal": "J Vet Intern Med",
   "has_full_text": "True",
   "id": "f17b881cc20dbd7330c1b396037fc872a4ff47ee",
   "fhir_link": "Non-comercial/Composition/f17b881cc20dbd7330c1b396037fc872a4ff47ee"
}