{
   "sha": "416f793bce2245b6bcaca43307e6a0ac09111896",
   "source_x": "PMC",
   "title": "Delicate structural coordination of the Severe Acute Respiratory Syndrome coronavirus Nsp13 upon ATP hydrolysis",
   "doi": "http://dx.doi.org/10.1093/nar/gkz409",
   "pmcid": "PMC6614802",
   "pubmed_id": "31131400",
   "license": "CC BY-NC",
   "abstract": "To date, an effective therapeutic treatment that confers strong attenuation toward coronaviruses (CoVs) remains elusive. Of all the potential drug targets, the helicase of CoVs is considered to be one of the most important. Here, we first present the structure of the full-length Nsp13 helicase of SARS-CoV (SARS-Nsp13) and investigate the structural coordination of its five domains and how these contribute to its translocation and unwinding activity. A translocation model is proposed for the Upf1-like helicase members according to three different structural conditions in solution characterized through H/D exchange assay, including substrate state (SARS-Nsp13-dsDNA bound with AMPPNP), transition state (bound with ADP-AlF(4)(\u2212)) and product state (bound with ADP). We observed that the \u03b219\u2013\u03b220 loop on the 1A domain is involved in unwinding process directly. Furthermore, we have shown that the RNA dependent RNA polymerase (RdRp), SARS-Nsp12,\u00a0can enhance the helicase activity of SARS-Nsp13 through interacting with it directly. The interacting regions were identified and can be considered common across CoVs, which provides new insights into the Replication and Transcription Complex (RTC) of CoVs.",
   "publish_time": "2019 Jul 9",
   "authors": [
      "['Jia, Zhihui', 'Yan, Liming', 'Ren, Zhilin', 'Wu, Lijie', 'Wang, Jin', 'Guo, Jing', 'Zheng, Litao', 'Ming, Zhenhua', 'Zhang, Lianqi', 'Lou, Zhiyong', 'Rao, Zihe']"
   ],
   "journal": "Nucleic Acids Res",
   "has_full_text": "False",
   "id": "416f793bce2245b6bcaca43307e6a0ac09111896"
}