{
   "sha": "abd53dcf1f9552913a4e99b759c0df469577d5b5",
   "source_x": "PMC",
   "title": "Systemic resilience to cross\u2010border infectious disease threat events in Europe",
   "doi": "http://dx.doi.org/10.1111/tbed.13211",
   "pmcid": "PMC6852001",
   "pubmed_id": "31022321",
   "license": "CC BY-NC-ND",
   "abstract": "Recurrent health emergencies threaten global health security. International Health Regulations (IHR) aim to prevent, detect and respond to such threats, through increase in national public health core capacities, but whether IHR core capacity implementation is necessary and sufficient has been contested. With a longitudinal study we relate changes in national IHR core capacities to changes in cross\u2010border infectious disease threat events (IDTE) between 2010 and 2016, collected through epidemic intelligence at the European Centre for Disease Prevention and Control (ECDC). By combining all IHR core capacities into one composite measure we found that a 10% increase in the mean of this composite IHR core capacity to be associated with a 19% decrease (p\u00a0=\u00a00.017) in the incidence of cross\u2010border IDTE in the EU. With respect to specific IHR core capacities, an individual increase in national legislation, policy & financing; coordination and communication with relevant sectors; surveillance; response; preparedness; risk communication; human resource capacity; or laboratory capacity was associated with a significant decrease in cross\u2010border IDTE incidence. In contrast, our analysis showed that IHR core capacities relating to point\u2010of\u2010entry, zoonotic events or food safety were not associated with IDTE in the EU. Due to high internal correlations between core capacities, we conducted a principal component analysis which confirmed a 20% decrease in risk of IDTE for every 10% increase in the core capacity score (95% CI: 0.73, 0.88). Globally (EU excluded), a 10% increase in the mean of all IHR core capacities combined was associated with a 14% decrease (p\u00a0=\u00a00.077) in cross\u2010border IDTE incidence. We provide quantitative evidence that improvements in IHR core capacities at country\u2010level are associated with fewer cross\u2010border IDTE in the EU, which may also hold true for other parts of the world.",
   "publish_time": "2019 Sep 17",
   "authors": [
      "['Semenza, Jan C.', 'Sewe, Maquines Odhiambo', 'Lindgren, Elisabet', 'Brusin, Sergio', 'Aaslav, Kaja Kaasik', 'Mollet, Thomas', 'Rockl\u00f6v, Joacim']"
   ],
   "journal": "Transbound Emerg Dis",
   "has_full_text": "True",
   "id": "abd53dcf1f9552913a4e99b759c0df469577d5b5",
   "fhir_link": "Non-comercial/Composition/abd53dcf1f9552913a4e99b759c0df469577d5b5"
}