{
   "sha": "d4ae876b5fb0b3c64650915ca3970c0a58d6433c",
   "source_x": "PMC",
   "title": "Why Are Children With Bronchiolitis At Risk Of Urinary Tract Infections?",
   "doi": "http://dx.doi.org/10.2147/RMHP.S222470",
   "pmcid": "PMC6881700",
   "pubmed_id": "31819685",
   "license": "CC BY-NC",
   "abstract": "Viral respiratory infections are frequently eliminated from human bodies without any sequelae. Secondary serious bacterial infection (SBI) in children with acute bronchiolitis has been an apprehension expressed by health care providers. Several published studies have shown an association between acute bronchiolitis and secondary bacterial infection, including urinary tract infections (UTI). However, the proposed mechanism by which a virus can induce UTIs is not yet known. The aim of this commentary is to update the current evidence of risk of UTI in children with bronchiolitis. We present several clinical studies related to the topic as well as a brief review of the potential pathophysiology of secondary infections that could present with viral respiratory illness.",
   "publish_time": "2019 Nov 14",
   "authors": [
      "Hendaus, Mohamed A"
   ],
   "journal": "Risk Manag Healthc Policy",
   "has_full_text": "True",
   "id": "d4ae876b5fb0b3c64650915ca3970c0a58d6433c",
   "fhir_link": "Non-comercial/d4ae876b5fb0b3c64650915ca3970c0a58d6433c"
}