{
   "sha": "2d1300359d8ec1682b0b6bdb51df4604a7ed4930",
   "source_x": "PMC",
   "title": "Epidemiological and clinical profile of Korean travelers receiving international medical repatriation",
   "doi": "http://dx.doi.org/10.1097/MD.0000000000017330",
   "pmcid": "PMC6775375",
   "pubmed_id": "31574869",
   "license": "CC BY-NC",
   "abstract": "The aim of this study was to investigate the experiences of medical transportation of Korean travelers who suffered accidents abroad and then transferred home by our aeromedical team. We collected demographic and clinical data on patients injured while traveling abroad from January 2013 to July 2017. Descriptive analyses based on 4 different transportation methods and transport time since hospitalization were performed. A total of 33 patients were repatriated during the study period. Of these, 28 (84.8%) were trauma cases with pedestrian injuries being the most common (11 cases; 39.3%). Twenty patients were repatriated by flight-stretchers, 6 by flight-prestige, 2 by ship, and 5 by air ambulance. The air ambulance was the most expensive (average 61,124 US Dollars) mode of transportation (P\u200a=\u200a.001) and the ship took the longest time (14\u200ahours) to transport patients back to Korea from regions with similar distance (P\u200a=\u200a.0023). We experienced medical repatriation of 33 seriously injured Korean travelers back to South Korea. Transfer time should be an important considering factor and directly contacting and communicating with the specialized staff of foreign hospitals could also be very important to reduce unnecessary overseas hospital stay and cost incidence.",
   "publish_time": "2019 Sep 27",
   "authors": [
      "['Kim, Jiena', 'Choi, Hyo Jeong', 'Kim, Ho Jung']"
   ],
   "journal": "Medicine (Baltimore)",
   "has_full_text": "True",
   "id": "2d1300359d8ec1682b0b6bdb51df4604a7ed4930",
   "fhir_link": "Non-comercial/Composition/2d1300359d8ec1682b0b6bdb51df4604a7ed4930"
}