{
   "sha": "10dc210bbf8408746a220ca13ddef836613a101b",
   "source_x": "Elsevier",
   "title": "Dangerous infectious diseases: Bad news for Main Street, good news for Wall Street?",
   "doi": "10.1016/j.finmar.2016.12.003",
   "license": "els-covid",
   "abstract": "Abstract We examine whether investor mood, driven by World Health Organization (WHO) alerts and media news on dangerous infectious diseases, is priced in pharmaceutical companies' stocks in the United States. We argue that disease-related news (DRNs) should not trigger rational trading. We find that DRNs have a positive and significant sentiment effect among investors (on Wall Street). The effect is stronger (weaker) for small (large) companies, who are less (more) likely to engage in the development of new vaccines. A potential negative investor climate (on Main Street) \u2013 induced by disease-related fear \u2013 does not alter the positive sentiment effect.",
   "publish_time": "2017-09-30",
   "authors": [
      "Donadelli, Michael",
      "Kizys, Renatas",
      "Riedel, Max"
   ],
   "journal": "Journal of Financial Markets",
   "has_full_text": "True",
   "full_text_file": "custom_license",
   "id": "https://doi.org/10.1016/j.finmar.2016.12.003",
   "fhir_link": [
      "PMC/Composition/10dc210bbf8408746a220ca13ddef836613a101b"
   ]
}