{
   "sha": "0f506a74e190c45a399f382c153919612fa1ef5b",
   "source_x": "PMC",
   "title": "Integrated Cross-Species Analysis Identifies a Conserved Transitional Dendritic Cell Population",
   "doi": "http://dx.doi.org/10.1016/j.celrep.2019.11.042",
   "pmcid": "PMC6951814",
   "pubmed_id": "31825848",
   "license": "CC BY-NC-ND",
   "abstract": "Plasmacytoid dendritic cells (pDCs) are sensor cells with diverse immune functions, from type I interferon (IFN-I) production to antigen presentation, T cell activation, and tolerance. Regulation of these functions remains poorly understood but could be mediated by functionally specialized pDC subpopulations. We address pDC diversity using a high-dimensional single-cell approach: mass cytometry (CyTOF). Our analysis uncovers a murine pDC-like population that specializes in antigen presentation with limited capacity for IFN-I production. Using a multifaceted cross-species comparison, we show that this pDC-like population is the definitive murine equivalent of the recently described human AXL(+) DCs, which we unify under the name transitional DCs (tDCs) given their continuum of pDC and cDC2 characteristics. tDCs share developmental traits with pDCs, as well as recruitment dynamics during viral infection. Altogether, we provide a framework for deciphering the function of pDCs and tDCs during diseases, which has the potential to open new avenues for therapeutic design.",
   "publish_time": "2019 Dec 10",
   "authors": [
      "['Leylek, Rebecca', 'Alc\u00e1ntara-Hern\u00e1ndez, Marcela', 'Lanzar, Zachary', 'L\u00fcdtke, Anja', 'Perez, Oriana A.', 'Reizis, Boris', 'Idoyaga, Juliana']"
   ],
   "journal": "Cell Rep",
   "has_full_text": "True",
   "id": "0f506a74e190c45a399f382c153919612fa1ef5b",
   "fhir_link": "Non-comercial/Composition/0f506a74e190c45a399f382c153919612fa1ef5b"
}