{
   "sha": "4b371efad68f1f604961744b82c69e625e8faef5",
   "source_x": "PMC",
   "title": "Electron microscopy for the rapid detection and identification of viruses from clinical specimens.",
   "pmcid": "PMC2589215",
   "pubmed_id": "2672617",
   "license": "NO-CC CODE",
   "abstract": "The advantages of using electron microscopy for rapid diagnosis of virus infection from clinical specimens, for identification of virus isolates with unusual properties, and for monitoring endogenous agents in cell cultures are illustrated by several actual cases that have occurred over the years. The importance of using morphological characteristics of viruses for initial identification is emphasized.",
   "publish_time": "1989 Mar-Apr",
   "authors": [
      "Fong, C. K."
   ],
   "journal": "Yale J Biol Med",
   "has_full_text": "True",
   "id": "4b371efad68f1f604961744b82c69e625e8faef5",
   "fhir_link": "PMC/Composition/4b371efad68f1f604961744b82c69e625e8faef5.json"
}