{
   "sha": "e73a6a49cecb243ce24b57182cd354db7922d7e0",
   "source_x": "PMC",
   "title": "Diagnosis and treatment of severe sepsis",
   "doi": "http://dx.doi.org/10.1186/cc6153",
   "pmcid": "PMC2230613",
   "pubmed_id": "18269689",
   "license": "NO-CC CODE",
   "abstract": "The burden of infection in industrialized countries has prompted considerable effort to improve the outcomes of patients with sepsis. This has been formalized through the Surviving Sepsis Campaign 'bundles', derived from the recommendations of 11 professional societies, which have promoted global improvement in those practices whose primary goal it is to reduce sepsis-related death. However, difficulties remain in implementing all of the procedures recommended by the experts, despite the apparent pragmatism of those procedures. We summarize the main proposals made by the Surviving Sepsis Campaign and focus on the difficulties associated with making a proper diagnosis and supplying adequate treatment promptly to septic patients.",
   "publish_time": "2007 Dec 19",
   "authors": [
      "['Claessens, Yann-Erick', 'Dhainaut, Jean-Fran\u00e7ois']"
   ],
   "journal": "Crit Care",
   "has_full_text": "True",
   "id": "e73a6a49cecb243ce24b57182cd354db7922d7e0",
   "fhir_link": "PMC/Composition/e73a6a49cecb243ce24b57182cd354db7922d7e0"
}