{
   "sha": "4a7b22608c2a923a9b0bba5938c19a3a5d3cb3e2",
   "source_x": "PMC",
   "title": "Frequent Travelers and Rate of Spread of Epidemics",
   "doi": "http://dx.doi.org/10.3201/eid1309.070081",
   "pmcid": "PMC2857283",
   "pubmed_id": "18252097",
   "license": "NO-CC CODE",
   "abstract": "A small proportion of air travelers make disproportionately more journeys than the rest of travelers. They also tend to interact predominantly with other frequent travelers in hotels and airport lounges. This group has the potential to accelerate global spread of infectious respiratory diseases. Using an epidemiologic model, we simulated exportation of cases from severe acute respiratory syndrome\u2013like and influenza-like epidemics in a population for which a small proportion travel more frequently than the rest. Our simulations show that frequent travelers accelerate international spread of epidemics only if they are infected early in an outbreak and the outbreak does not expand rapidly. If the epidemic growth rate is high, as is likely for pandemic influenza, heterogeneities in travel are frequently overwhelmed by the large number of infected persons in the majority population and the resulting high probability that some of these persons will take an international flight.",
   "publish_time": "2007 Sep",
   "authors": [
      "['Hollingsworth, T. D\u00e9irdre', 'Ferguson, Neil M.', 'Anderson, Roy M.']"
   ],
   "journal": "Emerg Infect Dis",
   "has_full_text": "False",
   "id": "4a7b22608c2a923a9b0bba5938c19a3a5d3cb3e2"
}