{
   "sha": "99ad07c4a0fdcc24df76b723ff978c84076c56ac",
   "source_x": "PMC",
   "title": "One-year molecular survey of astrovirus infection in turkeys in Poland",
   "doi": "http://dx.doi.org/10.1007/s00705-011-0958-3",
   "pmcid": "PMC3104002",
   "pubmed_id": "21404112",
   "license": "NO-CC CODE",
   "abstract": "The presence of turkey astrovirus (TAstV) was monitored in meat-type turkey flocks in Poland in 2008. Clinical samples (10 individual faecal swabs/flock) from 77 flocks aged 1-19\u00a0weeks were collected from different regions of the country. RT-PCR experiments were performed for detection and molecular characterization of TAstV using four sets of primers within the RdRp gene (ORF1b). The prevalence of astrovirus was 34/77 (44.15%) in the flocks tested. TAstV type 2 was associated with 30 of 77 infections (38.9%), either alone or in mixed infections; TAstV type 1 was detected in 9 of 77 flocks (11.6%), either alone or in mixed infections; ANV was detected only in one flock (1.29%) by sequence analysis during this study. Phylogenetic analysis revealed genetic variability in the TAstV strains that were isolated. Some of Polish TAstV-2 strains were genetically related to the North American isolates; however, most of them formed a distinct subgroup of \u201cEuropean\u201d isolates, suggesting their separate origin or evolution. Additionally, due to the high variability of the TAstV sequences, the most suitable method for TAstV typing seems to be sequencing.",
   "publish_time": "2011 Jun 15",
   "authors": [
      "['Domanska-Blicharz, Katarzyna', 'Seroka, Anna', 'Minta, Zenon']"
   ],
   "journal": "Arch Virol",
   "has_full_text": "True",
   "id": "99ad07c4a0fdcc24df76b723ff978c84076c56ac",
   "fhir_link": "PMC/99ad07c4a0fdcc24df76b723ff978c84076c56ac"
}