{
   "sha": "db40a1dfdecdf2427c6d0a22c0affdbeda3cb25a",
   "source_x": "PMC",
   "title": "Jan Steen (c. 1625\u20131679). Beware of Luxury (c. 1665).",
   "doi": "http://dx.doi.org/10.3201/eid0908.AC0908",
   "pmcid": "PMC3020624",
   "license": "NO-CC CODE",
   "publish_time": "2003 Aug",
   "authors": [
      "Potter, Polyxeni"
   ],
   "journal": "Emerg Infect Dis",
   "has_full_text": "True",
   "id": "db40a1dfdecdf2427c6d0a22c0affdbeda3cb25a",
   "fhir_link": "PMC/Composition/db40a1dfdecdf2427c6d0a22c0affdbeda3cb25a"
}