{
   "sha": "65fbc452a84534c7fd436616c2257fb81e9ea714",
   "source_x": "PMC",
   "title": "Detection of novel astroviruses in urban brown rats and previously known astroviruses in humans",
   "doi": "http://dx.doi.org/10.1099/vir.0.022764-0",
   "pmcid": "PMC3052596",
   "pubmed_id": "20554799",
   "license": "NO-CC CODE",
   "abstract": "Several novel astroviruses have been recently discovered in humans and in other animals. Here, we report results from our surveillance of astroviruses in human and rodent faecal samples in Hong Kong. Classical human astroviruses (n=9) and a human MLB1 astrovirus were detected in human faecal samples (n=622). Novel astroviruses were detected from 1.6\u200a% of the faecal samples of urban brown rat (Rattus norvegicus) (n=441), indicating the prevalence of astrovirus infection in rats might be much lower than that recently observed in bats. These rat astroviruses were phylogenetically related to recently discovered human astroviruses MLB1 and MLB2, suggesting that the MLB viruses and these novel rat astroviruses may share a common ancestor.",
   "publish_time": "2010 Oct",
   "authors": [
      "['Chu, Daniel K. W.', 'Chin, Alex W. H.', 'Smith, Gavin J.', 'Chan, Kwok-Hung', 'Guan, Yi', 'Peiris, J. S. Malik', 'Poon, Leo L. M.']"
   ],
   "journal": "J Gen Virol",
   "has_full_text": "False",
   "id": "65fbc452a84534c7fd436616c2257fb81e9ea714"
}