{
   "sha": "e25232a96d89aba714f301300735226af1f7392b",
   "source_x": "Elsevier",
   "title": "Severe acute respiratory syndrome from the trenches, at a Singapore university hospital",
   "doi": "10.1016/S1473-3099(04)01175-2",
   "license": "els-covid",
   "abstract": "Summary The epidemiology and virology of severe acute respiratory syndrome (SARS) have been written about many times and several guidelines on the infection control and public health measures believed necessary to control the spread of the virus have been published. However, there have been few reports of the problems that infectious disease clinicians encounter when dealing with the protean manifestations of this pathogen. This is a qualitative account of some of the issues faced by an infectious disease physician when identifying and treating patients with SARS as well as protecting other healthcare workers and patients, including: identification of the chain of contagion, early recognition of the disease in the absence of a reliable and rapid diagnostic test, appropriate use of personal protective equipment, and the use of isolation to prevent super-spreading events. Many issues need to be addressed if clinicians are to be able to manage the virus should it reappear.",
   "publish_time": "2004-11-30",
   "authors": [
      "Tambyah, Paul A"
   ],
   "journal": "The Lancet Infectious Diseases",
   "has_full_text": "True",
   "full_text_file": "custom_license",
   "id": "https://doi.org/10.1016/S1473-3099(04)01175-2",
   "fhir_link": [
      "PMC/Composition/e25232a96d89aba714f301300735226af1f7392b"
   ]
}