{
   "sha": "c411d679c075271c621362069cea8014264d6c67",
   "source_x": "PMC",
   "title": "Virulent Epidemics and Scope of Healthcare Workers' Duty of Care",
   "doi": "http://dx.doi.org/10.3201/eid1208.060360",
   "pmcid": "PMC3291234",
   "pubmed_id": "16965703",
   "license": "NO-CC CODE",
   "abstract": "The phrase \"duty of care\" is, at best, too vague and, at worst, ethically dangerous. The nature and scope of the duty need to be determined, and conflicting duties must be recognized and acknowledged. Duty of care is neither fixed nor absolute but heavily dependent on context. The normal risk level of the working environment, the healthcare worker's specialty, the likely harm and benefits of treatment, and the competing obligations deriving from the worker's multiple roles will all influence the limits of the duty of care. As experts anticipate the arrival of an avian influenza pandemic in humans, discussion of this matter is urgently needed.",
   "publish_time": "2006 Aug",
   "authors": [
      "Sokol, Daniel K."
   ],
   "journal": "Emerg Infect Dis",
   "has_full_text": "True",
   "id": "c411d679c075271c621362069cea8014264d6c67",
   "fhir_link": "PMC/Composition/c411d679c075271c621362069cea8014264d6c67"
}