{
   "sha": "5e9ccecdd40825f5c30da3a900fc5cf1b063b47d",
   "source_x": "PMC",
   "title": "Roles of TNF-\u03b1 gene polymorphisms in the occurrence and progress of SARS-Cov infection: A case-control study",
   "doi": "http://dx.doi.org/10.1186/1471-2334-8-27",
   "pmcid": "PMC2291466",
   "pubmed_id": "18312678",
   "license": "CC BY",
   "abstract": "BACKGROUND: Host genetic factors may play a role in the occurrence and progress of SARS-Cov infection. This study was to investigate the relationship between tumor necrosis factor (TNF)-\u03b1 gene polymorphisms with the occurrence of SARS-CoV infection and its role in prognosis of patients with lung interstitial fibrosis and femoral head osteonecrosis. METHODS: The association between genetic polymorphisms of TNF-\u03b1 gene and susceptibility to severe acute respiratory syndromes (SARS) was conducted in a hospital-based case-control study including 75 SARS patients, 41 health care workers and 92 healthy controls. Relationships of TNF-\u03b1 gene polymorphisms with interstitial lung fibrosis and femoral head osteonecrosis were carried out in two case-case studies in discharged SARS patients. PCR sequencing based typing (PCR-SBT) method was used to determine the polymorphisms of TNF-\u03b1 gene in locus of the promoter region and univariate logistic analysis was conducted in analyzing the collected data. RESULTS: Compared to TT genotype, the CT genotype at the -204 locus was found associated with a protective effect on SARS with OR(95%CI) of 0.95(0.90\u20130.99). Also, TT genotype, CT and CC were found associated with a risk effect on femoral head necrosis with ORs(95%CI) of 5.33(1.39\u201320.45) and 5.67(2.74\u201311.71), respectively and the glucocorticoid adjusted OR of CT was 5.25(95%CI 1.18\u201323.46) and the combined (CT and CC) genotype OR was 6.0 (95%CI 1.60\u201322.55) at -1031 site of TNF-\u03b1 gene. At the same time, the -863 AC genotype was manifested as another risk effect associated with femoral head necrosis with OR(95%CI) of 6.42(1.53\u201326.88) and the adjusted OR was 8.40(95%CI 1.76\u201340.02) in cured SARS patients compared to CC genotype. CONCLUSION: SNPs of TNF-\u03b1 gene of promoter region may not associate with SARS-CoV infection. And these SNPs may not affect interstitial lung fibrosis in cured SARS patients. However, the -1031CT/CC and -863 AC genotypes may be risk factors of femoral head necrosis in discharged SARS patients.",
   "publish_time": "2008 Feb 29",
   "authors": [
      "['Wang, Shixin', 'Wei, Maoti', 'Han, Yi', 'Zhang, Keju', 'He, Li', 'Yang, Zhen', 'Su, Bing', 'Zhang, Zhilun', 'Hu, Yilan', 'Hui, Wuli']"
   ],
   "journal": "BMC Infect Dis",
   "has_full_text": "True",
   "id": "5e9ccecdd40825f5c30da3a900fc5cf1b063b47d",
   "fhir_link": "Commercial/Composition/5e9ccecdd40825f5c30da3a900fc5cf1b063b47d"
}