{
   "sha": "20a583ee54e4ed8389e04fb951243da1a2286c54",
   "source_x": "Elsevier",
   "title": "Funding of drugs: do vaccines warrant a different approach?",
   "doi": "10.1016/S1473-3099(08)70258-5",
   "pubmed_id": "18992409",
   "license": "els-covid",
   "abstract": "Summary Vaccines have features that require special consideration when assessing their cost-effectiveness. These features are related to herd immunity, quality-of-life losses in young children, parental care and work loss, time preference, uncertainty, eradication, macroeconomics, and tiered pricing. Advisory committees on public funding for vaccines, or for pharmaceuticals in general, should be knowledgable about these special features. We discuss key issues and difficulties in decision making for vaccines against rotavirus, human papillomavirus, varicella-zoster virus, influenza virus, and Streptococcus pneumoniae. We argue that guidelines for economic evaluation should be reconsidered generally to recommend (1) modelling options for the assessment of interventions against infectious diseases; (2) a wider perspective to account for impacts on third parties, if relevant; (3) a wider scope of costs than health-care system costs alone, if appropriate; and (4) alternative discounting techniques to explore social time preference over long periods.",
   "publish_time": "2008-11-30",
   "authors": [
      "Beutels, Philippe",
      "Scuffham, Paul A",
      "MacIntyre, C Raina"
   ],
   "journal": "The Lancet Infectious Diseases",
   "has_full_text": "True",
   "full_text_file": "custom_license",
   "id": "https://doi.org/10.1016/S1473-3099(08)70258-5",
   "fhir_link": [
      "PMC/Composition/20a583ee54e4ed8389e04fb951243da1a2286c54"
   ]
}