{
   "sha": "c26343b1cf5dfc83c01af64179530a7cfa69c5c8",
   "source_x": "PMC",
   "title": "Rhinovirus Outbreaks in Long-term Care Facilities, Ontario, Canada",
   "doi": "http://dx.doi.org/10.3201/eid1609.100476",
   "pmcid": "PMC3294989",
   "pubmed_id": "20735934",
   "license": "NO-CC CODE",
   "abstract": "Diagnostic difficulties may have led to underestimation of rhinovirus infections in long-term care facilities. Using surveillance data, we found that rhinovirus caused 59% (174/297) of respiratory outbreaks in these facilities during 6 months in 2009. Disease was sometimes severe. Molecular diagnostic testing can differentiate these outbreaks from other infections such as influenza.",
   "publish_time": "2010 Sep",
   "authors": [
      "['Longtin, Jean', 'Marchand-Austin, Alex', 'Winter, Anne-Luise', 'Patel, Samir', 'Eshaghi, Alireza', 'Jamieson, Frances', 'Low, Donald E.', 'Gubbay, Jonathan B.']"
   ],
   "journal": "Emerg Infect Dis",
   "has_full_text": "True",
   "id": "c26343b1cf5dfc83c01af64179530a7cfa69c5c8",
   "fhir_link": "PMC/c26343b1cf5dfc83c01af64179530a7cfa69c5c8"
}