{
   "sha": "7a87013cc2a8373b9a26bce9a2a7db201cf8f3e8",
   "source_x": "Elsevier",
   "title": "From White Count to White Out",
   "doi": "10.1016/j.cpem.2015.08.002",
   "license": "els-covid",
   "abstract": "We present a 6-month-old boy with failure to thrive who was referred to the emergency department by his primary care doctor for leukocytosis and was found to be hypoxic with diffuse infiltrates on chest radiograph. Our patient was admitted and eventually diagnosed with Pneumocystis jirovecii pneumonia secondary to hyper immunoglobulin M syndrome. Even though P jirovecii pneumonia is an uncommon cause of hypoxia in infants, this case illustrates the need for pediatric emergency physicians to be cognizant of this rare but life threatening cause of hypoxia.",
   "publish_time": "2015-09-30",
   "authors": [
      "Kim, Ji Won"
   ],
   "journal": "Clinical Pediatric Emergency Medicine",
   "has_full_text": "True",
   "full_text_file": "custom_license",
   "id": "https://doi.org/10.1016/j.cpem.2015.08.002",
   "fhir_link": [
      "PMC/Composition/7a87013cc2a8373b9a26bce9a2a7db201cf8f3e8"
   ]
}