{
   "sha": "70730780f38f952e37a0c08421ce64c9918213e1",
   "source_x": "Elsevier",
   "title": "Engineering of a Lectibody Targeting High-Mannose-Type Glycans of the HIV Envelope",
   "doi": "10.1016/j.ymthe.2019.07.021",
   "pubmed_id": "31471224",
   "license": "els-covid",
   "abstract": "High-mannose-type glycans (HMGs) are aberrantly enriched on HIV envelope glycoproteins. However, there is currently no drug selectively targeting HIV-associated HMGs. Here, we describe a novel HMG-targeting \u201clectibody,\u201d a recombinant Fc-fusion protein comprising human IgG1 Fc and a novel actinohivin lectin variant (Avaren) obtained by structure-guided modifications for improved overall surface charge properties (AvFc). AvFc was engineered and produced using a rapid and scalable plant-based transient overexpression system. The lectibody exhibited potent antiviral activity against HIV-1 groups M and O primary viruses, as well as HIV-2 and simian immunodeficiency virus (SIV) strains, without affecting normal human blood cells. Furthermore, the lectibody induced Fc-mediated cell killing activity against HIV-1-infected cells and selectively recognized SIVmac239-infected macaque mesenteric lymph node cells in vitro. AvFc showed an extended serum half-life in rats and rhesus macaques, while no discernible toxicity was observed upon repeated systemic dosing in mice. These results highlight AvFc\u2019s potential as a biotherapeutic targeting HIV-associated HMGs of cell-free virions, as well as productively infected cells, providing a foundation for new anti-HIV strategies. Efficient and cost-effective bioproduction in greenhouse facilities may open unique possibilities for further development of AvFc.",
   "publish_time": "2019-11-06",
   "authors": [
      "Hamorsky, Krystal Teasley",
      "Kouokam, J. Calvin",
      "Dent, Matthew W.",
      "Grooms, Tiffany N.",
      "Husk, Adam S.",
      "Hume, Steven D.",
      "Rogers, Kenneth A.",
      "Villinger, Francois",
      "Morris, Mary Kate",
      "Hanson, Carl V.",
      "Matoba, Nobuyuki"
   ],
   "journal": "Molecular Therapy",
   "has_full_text": "True",
   "full_text_file": "custom_license",
   "id": "https://doi.org/10.1016/j.ymthe.2019.07.021",
   "fhir_link": [
      "PMC/Composition/70730780f38f952e37a0c08421ce64c9918213e1"
   ]
}