{
   "sha": "490c64195eec44f9280570aece9732e7a120bd34",
   "source_x": "PMC",
   "title": "Dynamics of translation by single ribosomes through mRNA secondary structures",
   "doi": "http://dx.doi.org/10.1038/nsmb.2544",
   "pmcid": "PMC3648610",
   "pubmed_id": "23542154",
   "license": "NO-CC CODE",
   "abstract": "During protein synthesis, the ribosome translates nucleotide triplets in single-stranded mRNA into polypeptide sequences. Strong downstream mRNA secondary (2\u00b0) structures, which must be unfolded for translation, can slow or even halt protein synthesis. Here we employ single molecule fluorescence resonance energy transfer to determine reaction rates for specific steps within the elongation cycle as the Escherichia coli ribosome encounters stem loop or pseudoknot mRNA 2\u00b0 structures. Downstream stem-loops containing 100% G-C base pairs decrease the rates of both tRNA translocation within the ribosome and deacylated tRNA dissociation from the ribosomal exit (E) site. Downstream stem-loops or pseudoknots containing both G-C and A-U pairs also decrease the rate of tRNA dissociation, but they have little effect on tRNA translocation rate. Thus, somewhat surprisingly, unfolding of mRNA 2\u00b0 structures is more closely coupled to E-site tRNA dissociation than to tRNA translocation.",
   "publish_time": "2013 May 31",
   "authors": [
      "['Chen, Chunlai', 'Zhang, Haibo', 'Broitman, Steven L.', 'Reiche, Michael', 'Farrell, Ian', 'Cooperman, Barry S.', 'Goldman, Yale E.']"
   ],
   "journal": "Nat Struct Mol Biol",
   "has_full_text": "True",
   "id": "490c64195eec44f9280570aece9732e7a120bd34",
   "fhir_link": "PMC/Composition/490c64195eec44f9280570aece9732e7a120bd34"
}