{
   "sha": "84a964d5dde5ffc12076b7c43ac5fff52210ad61",
   "source_x": "PMC",
   "title": "Comparative analysis of full genomic sequences among different genotypes of dengue virus type 3",
   "doi": "http://dx.doi.org/10.1186/1743-422X-5-63",
   "pmcid": "PMC2413216",
   "pubmed_id": "18495043",
   "license": "CC BY",
   "abstract": "BACKGROUND: Although the previous study demonstrated the envelope protein of dengue viruses is under purifying selection pressure, little is known about the genetic differences of full-length viral genomes of DENV-3. In our study, complete genomic sequencing of DENV-3 strains collected from different geographical locations and isolation years were determined and the sequence diversity as well as selection pressure sites in the DENV genome other than within the E gene were also analyzed. RESULTS: Using maximum likelihood and Bayesian approaches, our phylogenetic analysis revealed that the Taiwan's indigenous DENV-3 isolated from 1994 and 1998 dengue/DHF epidemics and one 1999 sporadic case were of the three different genotypes \u2013 I, II, and III, each associated with DENV-3 circulating in Indonesia, Thailand and Sri Lanka, respectively. Sequence diversity and selection pressure of different genomic regions among DENV-3 different genotypes was further examined to understand the global DENV-3 evolution. The highest nucleotide sequence diversity among the fully sequenced DENV-3 strains was found in the nonstructural protein 2A (mean \u00b1 SD: 5.84 \u00b1 0.54) and envelope protein gene regions (mean \u00b1 SD: 5.04 \u00b1 0.32). Further analysis found that positive selection pressure of DENV-3 may occur in the non-structural protein 1 gene region and the positive selection site was detected at position 178 of the NS1 gene. CONCLUSION: Our study confirmed that the envelope protein is under purifying selection pressure although it presented higher sequence diversity. The detection of positive selection pressure in the non-structural protein along genotype II indicated that DENV-3 originated from Southeast Asia needs to monitor the emergence of DENV strains with epidemic potential for better epidemic prevention and vaccine development.",
   "publish_time": "2008 May 21",
   "authors": [
      "['King, Chwan-Chuen', 'Chao, Day-Yu', 'Chien, Li-Jung', 'Chang, Gwong-Jen J', 'Lin, Ting-Hsiang', 'Wu, Yin-Chang', 'Huang, Jyh-Hsiung']"
   ],
   "journal": "Virol J",
   "has_full_text": "True",
   "id": "84a964d5dde5ffc12076b7c43ac5fff52210ad61",
   "fhir_link": "Commercial/84a964d5dde5ffc12076b7c43ac5fff52210ad61"
}