{
   "sha": "1b7c700ee3a33c0a675a5f7e71a20ce62467b900",
   "source_x": "PMC",
   "title": "Expression of HIV-1 antigens in plants as potential subunit vaccines",
   "doi": "http://dx.doi.org/10.1186/1472-6750-8-53",
   "pmcid": "PMC2443125",
   "pubmed_id": "18573204",
   "license": "CC BY",
   "abstract": "BACKGROUND: Human immunodeficiency virus type 1 (HIV-1) has infected more than 40 million people worldwide, mainly in sub-Saharan Africa. The high prevalence of HIV-1 subtype C in southern Africa necessitates the development of cheap, effective vaccines. One means of production is the use of plants, for which a number of different techniques have been successfully developed. HIV-1 Pr55Gag is a promising HIV-1 vaccine candidate: we compared the expression of this and a truncated Gag (p17/p24) and the p24 capsid subunit in Nicotiana spp. using transgenic plants and transient expression via Agrobacterium tumefaciens and recombinant tobamovirus vectors. We also investigated the influence of subcellular localisation of recombinant protein to the chloroplast and the endoplasmic reticulum (ER) on protein yield. We partially purified a selected vaccine candidate and tested its stimulation of a humoral and cellular immune response in mice. RESULTS: Both transient and transgenic expression of the HIV antigens were successful, although expression of Pr55Gag was low in all systems; however, the Agrobacterium-mediated transient expression of p24 and p17/p24 yielded best, to more than 1 mg p24/kg fresh weight. Chloroplast targeted protein levels were highest in transient and transgenic expression of p24 and p17/p24. The transiently-expressed p17/p24 was not immunogenic in mice as a homologous vaccine, but it significantly boosted a humoral and T cell immune response primed by a gag DNA vaccine, pTHGagC. CONCLUSION: Transient agroinfiltration was best for expression of all of the recombinant proteins tested, and p24 and p17/p24 were expressed at much higher levels than Pr55Gag. Our results highlight the usefulness of plastid signal peptides in enhancing the production of recombinant proteins meant for use as vaccines. The p17/p24 protein effectively boosted T cell and humoral responses in mice primed by the DNA vaccine pTHGagC, showing that this plant-produced protein has potential for use as a vaccine.",
   "publish_time": "2008 Jun 23",
   "authors": [
      "['Meyers, Ann', 'Chakauya, Ereck', 'Shephard, Enid', 'Tanzer, Fiona L', 'Maclean, James', 'Lynch, Alisson', 'Williamson, Anna-Lise', 'Rybicki, Edward P']"
   ],
   "journal": "BMC Biotechnol",
   "has_full_text": "True",
   "id": "1b7c700ee3a33c0a675a5f7e71a20ce62467b900",
   "fhir_link": "Commercial/Composition/1b7c700ee3a33c0a675a5f7e71a20ce62467b900"
}