{
   "sha": "c20b07555abfd0ee9bb51260bbbb997f30a95031",
   "source_x": "PMC",
   "title": "Communication in the Toronto critical care community: important lessons learned during SARS",
   "pmcid": "PMC374381",
   "pubmed_id": "14624673",
   "license": "NO-CC CODE",
   "abstract": "The SARS outbreak in 2003 pushed Toronto's health care system to its limits. Staffing shortages, transmission of SARS within the ICU, and the influx of critically ill SARS patients were some unique challenges to the delivery of critical care. Communication strategies were a key component in the critical care response to SARS. Regular teleconference calls, web-based training and education, and the rapid coordination of research studies were some of the initiatives developed within the Toronto critical care community during the SARS outbreak. Other critical care communities should consider their communication strategies in advance of similar events.",
   "publish_time": "2003 Oct 10",
   "authors": [
      "['Booth, Christopher M', 'Stewart, Thomas E']"
   ],
   "journal": "Crit Care",
   "has_full_text": "True",
   "id": "c20b07555abfd0ee9bb51260bbbb997f30a95031",
   "fhir_link": "PMC/Composition/c20b07555abfd0ee9bb51260bbbb997f30a95031"
}