{
   "sha": "d5e52547df25abfc489429e1cd693f5c70876de9",
   "source_x": "PMC",
   "title": "Responding to Ebola: The role of medical journals during global public health emergencies",
   "pmcid": "PMC4456836",
   "pubmed_id": "26078612",
   "license": "NO-CC CODE",
   "publish_time": "2014 Autumn",
   "authors": [
      "Nickerson, Jason"
   ],
   "journal": "Can J Respir Ther",
   "has_full_text": "True",
   "id": "d5e52547df25abfc489429e1cd693f5c70876de9",
   "fhir_link": "PMC/Composition/d5e52547df25abfc489429e1cd693f5c70876de9"
}