{
   "source_x": "Elsevier",
   "title": "Index",
   "doi": "10.1016/S1573-4285(05)80018-3",
   "license": "els-covid",
   "abstract": "Publisher Summary This chapter lists the terms and methods that have been used in this book Inhaled Particles. The chapter also highlights the page numbers where these have been used.",
   "publish_time": "2005-12-31",
   "journal": "Interface Science and Technology",
   "has_full_text": "False",
   "full_text_file": "custom_license",
   "id": "https://doi.org/10.1016/S1573-4285(05)80018-3"
}