{
   "sha": "382b6772598f7d07dde36a4377fe8e25302e212a",
   "source_x": "PMC",
   "title": "Critically ill patients with Middle East respiratory syndrome coronavirus infection",
   "doi": "http://dx.doi.org/10.1186/s13054-016-1234-4",
   "pmcid": "PMC4794852",
   "pubmed_id": "26984370",
   "license": "NO-CC CODE",
   "abstract": "This article is one of ten reviews selected from the Annual Update in Intensive Care and Emergency medicine 2016. Other selected articles can be found online at http://www.biomedcentral.com/collections/annualupdate2016. Further information about the Annual Update in Intensive Care and Emergency Medicine is available from http://www.springer.com/series/8901.",
   "publish_time": "2016 Mar 16",
   "authors": [
      "['Al-Dorzi, Hasan M.', 'Alsolamy, Sami', 'Arabi, Yaseen M.']"
   ],
   "journal": "Crit Care",
   "has_full_text": "True",
   "id": "382b6772598f7d07dde36a4377fe8e25302e212a",
   "fhir_link": "PMC/Composition/382b6772598f7d07dde36a4377fe8e25302e212a"
}