{
   "sha": "50fa01990b8405f86066ae116511615d2ab3a01c",
   "source_x": "Elsevier",
   "title": "Coupled disease\u2013behavior dynamics on complex networks: A review",
   "doi": "10.1016/j.plrev.2015.07.006",
   "license": "els-covid",
   "abstract": "Abstract It is increasingly recognized that a key component of successful infection control efforts is understanding the complex, two-way interaction between disease dynamics and human behavioral and social dynamics. Human behavior such as contact precautions and social distancing clearly influence disease prevalence, but disease prevalence can in turn alter human behavior, forming a coupled, nonlinear system. Moreover, in many cases, the spatial structure of the population cannot be ignored, such that social and behavioral processes and/or transmission of infection must be represented with complex networks. Research on studying coupled disease\u2013behavior dynamics in complex networks in particular is growing rapidly, and frequently makes use of analysis methods and concepts from statistical physics. Here, we review some of the growing literature in this area. We contrast network-based approaches to homogeneous-mixing approaches, point out how their predictions differ, and describe the rich and often surprising behavior of disease\u2013behavior dynamics on complex networks, and compare them to processes in statistical physics. We discuss how these models can capture the dynamics that characterize many real-world scenarios, thereby suggesting ways that policy makers can better design effective prevention strategies. We also describe the growing sources of digital data that are facilitating research in this area. Finally, we suggest pitfalls which might be faced by researchers in the field, and we suggest several ways in which the field could move forward in the coming years.",
   "publish_time": "2015-12-31",
   "authors": [
      "Wang, Zhen",
      "Andrews, Michael A.",
      "Wu, Zhi-Xi",
      "Wang, Lin",
      "Bauch, Chris T."
   ],
   "journal": "Physics of Life Reviews",
   "has_full_text": "True",
   "full_text_file": "custom_license",
   "id": "https://doi.org/10.1016/j.plrev.2015.07.006",
   "fhir_link": [
      "PMC/Composition/50fa01990b8405f86066ae116511615d2ab3a01c"
   ]
}