{
   "sha": "0f82974698355743046b60766dc767f02c357ad0",
   "source_x": "PMC",
   "title": "Development of Medical Countermeasures to Middle East Respiratory Syndrome Coronavirus",
   "doi": "http://dx.doi.org/10.3201/eid2207.160022",
   "pmcid": "PMC4918159",
   "pubmed_id": "27191188",
   "license": "NO-CC CODE",
   "abstract": "Preclinical development of and research on potential Middle East respiratory syndrome coronavirus (MERS-CoV) medical countermeasures remain preliminary; advancements are needed before most countermeasures are ready to be tested in human clinical trials. Research priorities include standardization of animal models and virus stocks for studying disease pathogenesis and efficacy of medical countermeasures; development of MERS-CoV diagnostics; improved access to nonhuman primates to support preclinical research; studies to better understand and control MERS-CoV disease, including vaccination studies in camels; and development of a standardized clinical trial protocol. Partnering with clinical trial networks in affected countries to evaluate safety and efficacy of investigational therapeutics will strengthen efforts to identify successful medical countermeasures.",
   "publish_time": "2016 Jul",
   "authors": [
      "['Uyeki, Timothy M.', 'Erlandson, Karl J.', 'Korch, George', 'O\u2019Hara, Michael', 'Wathen, Michael', 'Hu-Primmer, Jean', 'Hojvat, Sally', 'Stemmy, Erik J.', 'Donabedian, Armen']"
   ],
   "journal": "Emerg Infect Dis",
   "has_full_text": "True",
   "id": "0f82974698355743046b60766dc767f02c357ad0",
   "fhir_link": "PMC/0f82974698355743046b60766dc767f02c357ad0"
}