{
   "sha": "52264dd990e495e82f511cfa80a14b52ec063722",
   "source_x": "PMC",
   "title": "Control of asthma triggers in indoor air with air cleaners: a modeling analysis",
   "doi": "http://dx.doi.org/10.1186/1476-069X-7-43",
   "pmcid": "PMC2543006",
   "pubmed_id": "18684328",
   "license": "CC BY",
   "abstract": "BACKGROUND: Reducing exposure to environmental agents indoors shown to increase asthma symptoms or lead to asthma exacerbations is an important component of a strategy to manage asthma for individuals. Numerous investigations have demonstrated that portable air cleaning devices can reduce concentrations of asthma triggers in indoor air; however, their benefits for breathing problems have not always been reproducible. The potential exposure benefits of whole house high efficiency in-duct air cleaners for sensitive subpopulations have yet to be evaluated. METHODS: We used an indoor air quality modeling system (CONTAM) developed by NIST to examine peak and time-integrated concentrations of common asthma triggers present in indoor air over a year as a function of natural ventilation, portable air cleaners, and forced air ventilation equipped with conventional and high efficiency filtration systems. Emission rates for asthma triggers were based on experimental studies published in the scientific literature. RESULTS: Forced air systems with high efficiency filtration were found to provide the best control of asthma triggers: 30\u201355% lower cat allergen levels, 90\u201399% lower risk of respiratory infection through the inhalation route of exposure, 90\u201398% lower environmental tobacco smoke (ETS) levels, and 50\u201375% lower fungal spore levels than the other ventilation/filtration systems considered. These results indicate that the use of high efficiency in-duct air cleaners provide an effective means of controlling allergen levels not only in a single room, like a portable air cleaner, but the whole house. CONCLUSION: These findings are useful for evaluating potential benefits of high efficiency in-duct filtration systems for controlling exposure to asthma triggers indoors and for the design of trials of environmental interventions intended to evaluate their utility in practice.",
   "publish_time": "2008 Aug 6",
   "authors": [
      "['Myatt, Theodore A', 'Minegishi, Taeko', 'Allen, Joseph G', 'MacIntosh, David L']"
   ],
   "journal": "Environ Health",
   "has_full_text": "True",
   "id": "52264dd990e495e82f511cfa80a14b52ec063722",
   "fhir_link": "Commercial/Composition/52264dd990e495e82f511cfa80a14b52ec063722"
}