{
   "sha": "7b3cf946134912b6f60680ec8e674a2ba0f5ac2e",
   "source_x": "Elsevier",
   "title": "The etiology of idiopathic parkinsonism",
   "doi": "10.1016/1353-8020(95)00016-X",
   "license": "els-covid",
   "publish_time": "1995-10-31",
   "authors": [
      "Uitti, Ryan J"
   ],
   "journal": "Parkinsonism & Related Disorders",
   "has_full_text": "True",
   "full_text_file": "custom_license",
   "id": "https://doi.org/10.1016/1353-8020(95)00016-X",
   "fhir_link": [
      "PMC/Composition/7b3cf946134912b6f60680ec8e674a2ba0f5ac2e"
   ]
}