{
   "sha": "bf73a62e8d870d8edd2bd1fb2ca68424e2e8b7d9",
   "source_x": "PMC",
   "title": "Public antibodies to malaria antigens generated by two LAIR1 insertion modalities",
   "doi": "http://dx.doi.org/10.1038/nature23670",
   "pmcid": "PMC5635981",
   "pubmed_id": "28847005",
   "license": "NO-CC CODE",
   "abstract": "We previously described two donors in whom the extracellular domain of LAIR1, a collagen-binding inhibitory receptor encoded on chromosome 191, was inserted between the V and the DJ segments of an antibody. This insertion generated, through somatic mutations, broadly reactive antibodies against RIFINs, a type of variant antigen expressed on the surface of Plasmodium falciparum-infected erythrocytes (IEs)2. To investigate how frequently such antibodies are produced in response to malaria infection, we screened plasma from two large cohorts of individuals living in malaria-endemic regions. We report that 5-10% of malaria-exposed individuals, but none of the European blood donors tested, have high levels of LAIR1-containing antibodies that dominate the response to IEs without conferring enhanced protection against febrile malaria. By analyzing the antibody-producing B cell clones at the protein, cDNA and gDNA level, we characterized additional LAIR1 insertions between the V and DJ segments and discovered a second insertion modality whereby the LAIR1 exon encoding the extracellular domain and flanking intronic sequences are inserted into the switch region. By exon shuffling, this mechanism leads to the production of bispecific antibodies in which the LAIR1 domain is precisely positioned at the elbow between the VH and CH1 domains. Additionally, in one donor the gDNA encoding the VH and CH1 domains was deleted, leading to the production of a camel-like LAIR1-containing antibody. Sequencing of the switch regions of memory B cells from European blood donors revealed frequent templated inserts originating from transcribed genes that, in rare cases, comprised exons with orientation and frame compatible with expression. Collectively, these results reveal different modalities of LAIR1 insertion that lead to public and dominant antibodies against IEs and suggest that insertion of templated DNA represents an additional mechanism of antibody diversification that can be selected in the immune response against pathogens and exploited for B cell engineering.",
   "publish_time": "2017 Aug 31",
   "authors": [
      "['Pieper, Kathrin', 'Tan, Joshua', 'Piccoli, Luca', 'Foglierini, Mathilde', 'Barbieri, Sonia', 'Chen, Yiwei', 'Silacci-Fregni, Chiara', 'Wolf, Tobias', 'Jarrossay, David', 'Anderle, Marica', 'Abdi, Abdirahman', 'Ndungu, Francis M.', 'Doumbo, Ogobara K.', 'Traore, Boubacar', 'Tran, Tuan M.', 'Jongo, Said', 'Zenklusen, Isabelle', 'Crompton, Peter D.', 'Daubenberger, Claudia', 'Bull, Peter C.', 'Sallusto, Federica', 'Lanzavecchia, Antonio']"
   ],
   "journal": "Nature",
   "has_full_text": "True",
   "id": "bf73a62e8d870d8edd2bd1fb2ca68424e2e8b7d9",
   "fhir_link": "PMC/Composition/bf73a62e8d870d8edd2bd1fb2ca68424e2e8b7d9"
}