{
   "sha": "a7b821c27f0e48460b838afa289ab348f672b5aa",
   "source_x": "PMC",
   "title": "World Health Organization Methodology to Prioritize Emerging Infectious Diseases in Need of Research and Development",
   "doi": "http://dx.doi.org/10.3201/eid2409.171427",
   "pmcid": "PMC6106429",
   "pubmed_id": "30124424",
   "license": "NO-CC CODE",
   "abstract": "The World Health Organization R&D Blueprint aims to accelerate the availability of medical technologies during epidemics by focusing on a list of prioritized emerging diseases for which medical countermeasures are insufficient or nonexistent. The prioritization process has 3 components: a Delphi process to narrow down a list of potential priority diseases, a multicriteria decision analysis to rank the short list of diseases, and a final Delphi round to arrive at a final list of 10 diseases. A group of international experts applied this process in January 2017, resulting in a list of 10 priority diseases. The robustness of the list was tested by performing a sensitivity analysis. The new process corrected major shortcomings in the pre\u2013R&D Blueprint approach to disease prioritization and increased confidence in the results.",
   "publish_time": "2018 Sep",
   "authors": [
      "['Mehand, Massinissa Si', 'Millett, Piers', 'Al-Shorbaji, Farah', 'Roth, Cathy', 'Kieny, Marie Paule', 'Murgue, Bernadette']"
   ],
   "journal": "Emerg Infect Dis",
   "has_full_text": "True",
   "id": "a7b821c27f0e48460b838afa289ab348f672b5aa",
   "fhir_link": "PMC/Composition/a7b821c27f0e48460b838afa289ab348f672b5aa.json"
}