{
   "sha": "a998defbe9236dc5f7880910ccb4b2c6f350879d",
   "source_x": "PMC",
   "title": "IFITM3 directly engages and shuttles incoming virus particles to lysosomes",
   "doi": "http://dx.doi.org/10.1038/s41589-018-0213-2",
   "pmcid": "PMC6466627",
   "pubmed_id": "30643282",
   "license": "NO-CC CODE",
   "abstract": "Interferon-induced transmembrane proteins (IFITMs) (1, 2 and 3) have emerged as important innate immune effectors that prevent diverse virus infections in vertebrates. However, the cellular mechanisms and live cell imaging of these small membrane proteins have been challenging to evaluate during viral entry of mammalian cells. Using CRISPR-Cas9-mediated IFITM-mutant cell lines, we demonstrate that human IFITM1, 2 and 3 act cooperatively and function in dose-dependent fashion in interferon-stimulated cells. Through site-specific fluorophore tagging and live cell imaging studies, we show IFITM3 is on endocytic vesicles that fuse with incoming virus particles and enhances the trafficking of this pathogenic cargo to lysosomes. IFITM3 trafficking is specific to restricted viruses, requires S-palmitoylation and is abrogated with loss-of-function mutants. The site-specific protein labeling and live cell imaging approaches described here should facilitate the functional analysis of host factors involved in pathogen restriction as well as their mechanisms of regulation.",
   "publish_time": "2019 Mar 14",
   "authors": [
      "['Spence, Jennifer S.', 'He, Ruina', 'Hoffmann, Hans-Heinrich', 'Das, Tandrila', 'Thinon, Emmanuelle', 'Rice, Charles M.', 'Peng, Tao', 'Chandran, Kartik', 'Hang, Howard C.']"
   ],
   "journal": "Nat Chem Biol",
   "has_full_text": "True",
   "id": "a998defbe9236dc5f7880910ccb4b2c6f350879d",
   "fhir_link": "PMC/a998defbe9236dc5f7880910ccb4b2c6f350879d"
}