{
   "sha": "e32e94fd63e050881d16e0c938820df16fdeadb2",
   "source_x": "PMC",
   "title": "Middle East Respiratory Syndrome Coronavirus Infection Dynamics and Antibody Responses among Clinically Diverse Patients, Saudi Arabia",
   "doi": "http://dx.doi.org/10.3201/eid2504.181595",
   "pmcid": "PMC6433025",
   "pubmed_id": "30882305",
   "license": "NO-CC CODE",
   "abstract": "Middle East respiratory syndrome coronavirus (MERS-CoV) shedding and antibody responses are not fully understood, particularly in relation to underlying medical conditions, clinical manifestations, and mortality. We enrolled MERS-CoV\u2013positive patients at a hospital in Saudi Arabia and periodically collected specimens from multiple sites for real-time reverse transcription PCR and serologic testing. We conducted interviews and chart abstractions to collect clinical, epidemiologic, and laboratory information. We found that diabetes mellitus among survivors was associated with prolonged MERS-CoV RNA detection in the respiratory tract. Among case-patients who died, development of robust neutralizing serum antibody responses during the second and third week of illness was not sufficient for patient recovery or virus clearance. Fever and cough among mildly ill patients typically aligned with RNA detection in the upper respiratory tract; RNA levels peaked during the first week of illness. These findings should be considered in the development of infection control policies, vaccines, and antibody therapeutics.",
   "publish_time": "2019 Apr",
   "authors": [
      "['Al-Abdely, Hail M.', 'Midgley, Claire M.', 'Alkhamis, Abdulrahim M.', 'Abedi, Glen R.', 'Lu, Xiaoyan', 'Binder, Alison M.', 'Alanazi, Khalid H.', 'Tamin, Azaibi', 'Banjar, Weam M.', 'Lester, Sandra', 'Abdalla, Osman', 'Dahl, Rebecca M.', 'Mohammed, Mutaz', 'Trivedi, Suvang', 'Algarni, Homoud S.', 'Sakthivel, Senthilkumar K.', 'Algwizani, Abdullah', 'Bafaqeeh, Fahad', 'Alzahrani, Abdullah', 'Alsharef, Ali Abraheem', 'Alhakeem, Raafat F.', 'Jokhdar, Hani A. Aziz', 'Ghazal, Sameeh S.', 'Thornburg, Natalie J.', 'Erdman, Dean D.', 'Assiri, Abdullah M.', 'Watson, John T.', 'Gerber, Susan I.']"
   ],
   "journal": "Emerg Infect Dis",
   "has_full_text": "True",
   "id": "e32e94fd63e050881d16e0c938820df16fdeadb2",
   "fhir_link": "PMC/Composition/e32e94fd63e050881d16e0c938820df16fdeadb2.json"
}