{
   "sha": "0c367effaaef055c22eea78503485732adb70cb1",
   "source_x": "PMC",
   "title": "Middle East Respiratory Syndrome Coronavirus Seropositivity in Camel Handlers and Their Families, Pakistan",
   "doi": "http://dx.doi.org/10.3201/eid2512.191169",
   "pmcid": "PMC6874235",
   "pubmed_id": "31742530",
   "license": "NO-CC CODE",
   "abstract": "A high percentage of camel handlers in Saudi Arabia are seropositive for Middle East respiratory syndrome coronavirus. We found that 12/100 camel handlers and their family members in Pakistan, a country with extensive camel MERS-CoV infection, were seropositive, indicating that MERS-CoV infection of these populations extends beyond the Arabian Peninsula.",
   "publish_time": "2019 Dec",
   "authors": [
      "['Zheng, Jian', 'Hassan, Sohail', 'Alagaili, Abdulaziz N.', 'Alshukairi, Abeer N.', 'Amor, Nabil M.S.', 'Mukhtar, Nadia', 'Nazeer, Iqra Maleeha', 'Tahir, Zarfishan', 'Akhter, Nadeem', 'Perlman, Stanley', 'Yaqub, Tahir']"
   ],
   "journal": "Emerg Infect Dis",
   "has_full_text": "False",
   "id": "0c367effaaef055c22eea78503485732adb70cb1"
}