{
   "source_x": "PMC",
   "title": "Opinion: Sustainable development must account for pandemic risk",
   "doi": "http://dx.doi.org/10.1073/pnas.2001655117",
   "pmcid": "PMC7049118",
   "authors": [
      "['Di Marco, Moreno', 'Baker, Michelle L.', 'Daszak, Peter', 'De Barro, Paul', 'Eskew, Evan A.', 'Godde, Cecile M.', 'Harwood, Tom D.', 'Herrero, Mario', 'Hoskins, Andrew J.', 'Johnson, Erica', 'Karesh, William B.', 'Machalaba, Catherine', 'Garcia, Javier Navarro', 'Paini, Dean', 'Pirzl, Rebecca', 'Smith, Mark Stafford', 'Zambrana-Torrelio, Carlos', 'Ferrier, Simon']"
   ],
   "id": "https://www.ncbi.nlm.nih.gov/pmc/articles/PMC7049118"
}