{
   "sha": "b9a44766665d8aad107171c59c93e54f896b2836",
   "source_x": "Elsevier",
   "title": "Language Barriers and the Management of Bronchiolitis in a Pediatric Emergency Department",
   "doi": "10.1016/j.acap.2020.01.006",
   "pubmed_id": "31981655",
   "license": "els-covid",
   "abstract": "Abstract Objective Language barriers may influence the management of pediatric emergency department (PED) patients who may not align with evidence-based guidelines from the American Academy of Pediatrics. Our objective was to determine if a family's preferred language of Spanish versus English was associated with differences in management of bronchiolitis in the PED. Methods We conducted a retrospective study of children \u22642 years old diagnosed with bronchiolitis in a PED over a 7-year period. Rates of PED testing, interventions, and disposition among children whose families\u2019 preferred language was Spanish were compared to children whose families\u2019 preferred language was English. Primary outcomes were frequencies of chest x-ray and bronchodilator orders. Secondary outcomes were diagnostic testing, medication orders, and disposition. Logistic regression was used to calculate adjusted odds ratios after controlling for age, emergency severity index, prior visit, and nesting within attending physicians. Results A total of 13,612 encounters were included. Spanish-speaking families were more likely to have chest x-rays (35.8% vs 26.7%, P < .0001; adjusted odds ratio [aOR] 1.5; 95% confidence interval [CI] 1.2\u20131.9), complete blood counts (8.2% vs 4.9%, P < .005; aOR 1.7; 95% CI 1.2\u20132.5), and blood cultures ordered (8.1% vs 5.0%, P < .05; aOR 1.7; 95% CI 1.2\u20132.4). No other differences in bronchodilators, medication orders, or disposition were found between the 2 groups. Conclusions Among children diagnosed with bronchiolitis, Spanish-speaking families were more likely to have chest x-rays, complete blood counts, and blood cultures ordered compared to English-speaking families. Further research on how clinical practice guidelines and equity-focused guidelines can impact disparities in diagnostic testing within the PED is warranted.",
   "publish_time": "2020-01-22",
   "authors": [
      "Zamor, Ronine",
      "Byczkowski, Terri",
      "Zhang, Yin",
      "Vaughn, Lisa",
      "Mahabee-Gittens, E. Melinda"
   ],
   "journal": "Academic Pediatrics",
   "has_full_text": "True",
   "full_text_file": "custom_license",
   "id": "https://doi.org/10.1016/j.acap.2020.01.006",
   "fhir_link": [
      "PMC/Composition/b9a44766665d8aad107171c59c93e54f896b2836"
   ]
}