{
   "sha": "185e78aee848db9cc3a4510619048a6e4acd22cc",
   "source_x": "Elsevier",
   "title": "Febrile Hypotensive Reactions Following ABVD Chemotherapy in Patients With EBV-associated Classical Hodgkin Lymphoma",
   "doi": "10.1016/j.clml.2018.11.020",
   "pubmed_id": "30594446",
   "license": "els-covid",
   "publish_time": "2019-03-31",
   "authors": [
      "Bond, David A.",
      "Dotson, Emily",
      "Awan, Farrukh T.",
      "Baiocchi, Robert A.",
      "Blum, Kristie A.",
      "Maddocks, Kami"
   ],
   "journal": "Clinical Lymphoma Myeloma and Leukemia",
   "has_full_text": "True",
   "full_text_file": "custom_license",
   "id": "https://doi.org/10.1016/j.clml.2018.11.020",
   "fhir_link": [
      "PMC/Composition/185e78aee848db9cc3a4510619048a6e4acd22cc"
   ]
}