{
   "source_x": "PMC",
   "title": "Infection prevention and control in paediatric office settings",
   "doi": "http://dx.doi.org/10.1093/pch/pxy117",
   "pmcid": "PMC6242053",
   "abstract": "Transmission of infection in the paediatric office is an issue of increasing concern. This document discusses routes of transmission of infection and the principles of current infection control measures. Prevention includes appropriate office design and administrative policies, triage, routine practices for the care of all patients (e.g., hand hygiene; use of gloves, masks, eye protection, and gowns for specific procedures; adequate cleaning, disinfection, and sterilization of surfaces and equipment, including toys; and aseptic technique for invasive procedures), and additional precautions for specific infections. Personnel should be adequately immunized, and those infected should follow work-restriction policies.",
   "authors": [
      "Moore, Dorothy L"
   ],
   "id": "https://www.ncbi.nlm.nih.gov/pmc/articles/PMC6242053"
}