{
   "sha": "048126d4fb5dd8205d6f5f5f67420c988f2b58e1",
   "source_x": "Elsevier",
   "title": "Tacrolimus trough levels before, during and after jejunostomy in a liver transplant patient: A case report",
   "doi": "10.1016/j.clinre.2012.05.011",
   "pubmed_id": "22749693",
   "license": "els-covid",
   "abstract": "Summary Although the feasibility of oral tacrolimus administration in the presence of jejunostomy has already been reported, few studies monitoring tacrolimus trough blood levels have been analyzed in detail, either during or after a jejunostomy closure. We report on our experience with a 34-year-old patient who underwent liver transplantations, with a proximal jejunostomy constructed a few days prior to the second transplantation. He was administered tacrolimus by a predominantly oral route, and less frequently received it by jejunostomy. The aim of this paper is to discuss this administration strategy and whether a different method could have been more suitable. This case report highlights that during the jejunostomy period, the tacrolimus doses that were required to maintain trough concentrations within the therapeutic range were four times higher than those administered after the closure of the jejunostomy. We observed an increase in the Dose-Normalized Trough Concentration (DNTC) values when tacrolimus was administered for 4 consecutive days by jejunostomy as compared to oral administration, indicating that the relative bioavailability of tacrolimus increased. Moreover, when returning to oral administration, the subsequent DNTC value was halved, highlighting a reduction in the tacrolimus bioavailability. Thus, in such a case, administration by jejunostomy could be more appropriate.",
   "publish_time": "2012-12-31",
   "authors": [
      "Preuss, Juliane",
      "Gazon, Mathieu",
      "Mabrut, Jean-Yves",
      "Duperret, Serge",
      "Mezoughi, Salim",
      "Tod, Michel",
      "Ducerf, Christian",
      "Charpiat, Bruno"
   ],
   "journal": "Clinics and Research in Hepatology and Gastroenterology",
   "has_full_text": "True",
   "full_text_file": "custom_license",
   "id": "https://doi.org/10.1016/j.clinre.2012.05.011",
   "fhir_link": [
      "PMC/Composition/048126d4fb5dd8205d6f5f5f67420c988f2b58e1"
   ]
}