{
   "sha": "7234aab6f4e46d4349fee1e8b38412a5eaebbe3f",
   "source_x": "PMC",
   "title": "Rift Valley Fever Virus NSs Protein Promotes Post-Transcriptional Downregulation of Protein Kinase PKR and Inhibits eIF2\u03b1 Phosphorylation",
   "doi": "http://dx.doi.org/10.1371/journal.ppat.1000287",
   "pmcid": "PMC2629125",
   "pubmed_id": "19197350",
   "license": "CC BY",
   "abstract": "Rift Valley fever virus (RVFV) (genus Phlebovirus, family Bunyaviridae) is a negative-stranded RNA virus with a tripartite genome. RVFV is transmitted by mosquitoes and causes fever and severe hemorrhagic illness among humans, and fever and high rates of abortions in livestock. A nonstructural RVFV NSs protein inhibits the transcription of host mRNAs, including interferon-\u03b2 mRNA, and is a major virulence factor. The present study explored a novel function of the RVFV NSs protein by testing the replication of RVFV lacking the NSs gene in the presence of actinomycin D (ActD) or \u03b1-amanitin, both of which served as a surrogate of the host mRNA synthesis suppression function of the NSs. In the presence of the host-transcriptional inhibitors, the replication of RVFV lacking the NSs protein, but not that carrying NSs, induced double-stranded RNA-dependent protein kinase (PKR)\u2013mediated eukaryotic initiation factor (eIF)2\u03b1 phosphorylation, leading to the suppression of host and viral protein translation. RVFV NSs promoted post-transcriptional downregulation of PKR early in the course of the infection and suppressed the phosphorylated eIF2\u03b1 accumulation. These data suggested that a combination of RVFV replication and NSs-induced host transcriptional suppression induces PKR-mediated eIF2\u03b1 phosphorylation, while the NSs facilitates efficient viral translation by downregulating PKR and inhibiting PKR-mediated eIF2\u03b1 phosphorylation. Thus, the two distinct functions of the NSs, i.e., the suppression of host transcription, including that of type I interferon mRNAs, and the downregulation of PKR, work together to prevent host innate antiviral functions, allowing efficient replication and survival of RVFV in infected mammalian hosts.",
   "publish_time": "2009 Feb 6",
   "authors": [
      "['Ikegami, Tetsuro', 'Narayanan, Krishna', 'Won, Sungyong', 'Kamitani, Wataru', 'Peters, C. J.', 'Makino, Shinji']"
   ],
   "journal": "PLoS Pathog",
   "has_full_text": "True",
   "id": "7234aab6f4e46d4349fee1e8b38412a5eaebbe3f",
   "fhir_link": "Commercial/7234aab6f4e46d4349fee1e8b38412a5eaebbe3f"
}