{
   "sha": "380b1666ee95bbbe499efa37cac3751ac6aa4e2c",
   "source_x": "Elsevier",
   "title": "The internet hospital: an emerging innovation in China",
   "doi": "10.1016/S2214-109X(15)00042-X",
   "pubmed_id": "26187488",
   "license": "els-covid",
   "publish_time": "2015-08-31",
   "authors": [
      "Tu, Jiong",
      "Wang, Chunxiao",
      "Wu, Shaolong"
   ],
   "journal": "The Lancet Global Health",
   "has_full_text": "True",
   "full_text_file": "custom_license",
   "id": "https://doi.org/10.1016/S2214-109X(15)00042-X",
   "fhir_link": [
      "PMC/Composition/380b1666ee95bbbe499efa37cac3751ac6aa4e2c"
   ]
}