{
   "source_x": "PMC",
   "title": "Studying Communication Problems for Emergency Management of SARS and H7N9 in China",
   "doi": "http://dx.doi.org/10.4103/jgid.jgid_168_17",
   "pmcid": "PMC6276313",
   "pubmed_id": "30581257",
   "license": "CC BY-NC-SA",
   "abstract": "BACKGROUND: Severe Acute Respiratory Syndrome (SARS) and Influenza A virus Subtype H7N9 (H7N9) have both had a great impact on China in the 21(st) century, causing significant negative impacts on health, the economy, and even global security. The control efforts for SARS were heavily criticized, the H7N9 response, 10 years later was acknowledged to be much better. AIMS: This article explores communication for emergency management of SARS in 2003 and H7N9 in 2013 in China, to provide useful evidence for government and practitioner on management improvement for infectious disease outbreaks response in China and international community in the future. METHODS: This study uses a qualitative case study approach, including in-depth interviews, literature review, and document, to analysis the emergency management of SARS in 2003 and H7N9 in 2013 in China, identified the problems of communication with the emergency management process for SARS and H7N9. RESULTS: The control efforts for SARS were slow to be mobilized and were heavily criticized and generally considered to be suboptimal, as the poor handling of SARS exposed serious communication problems in the then emergency management system processes. The H7N9 response, 10 years later, was acknowledged to be much better. CONCLUSION: Communication is very important in the prevention and control of infectious diseases. From SARS to H7N9, the progress had been made in information disclosure.",
   "publish_time": "2018 Oct-Dec",
   "authors": [
      "['Qiu, Wuqi', 'Chu, Cordia', 'Mao, Ayan', 'Wu, Jing']"
   ],
   "journal": "J Glob Infect Dis",
   "id": "https://www.ncbi.nlm.nih.gov/pubmed/30581257"
}