{
   "sha": "5bec33a9de40ef3a8b9149451afc71c711262fb9",
   "source_x": "Elsevier",
   "title": "Viral respiratory tract infections in the neonatal intensive care unit",
   "doi": "10.1016/j.anpede.2015.03.007",
   "license": "els-covid",
   "abstract": "Abstract Introduction Viral respiratory infections cause major morbidity and mortality in preterm infants. We have performed a prospective study in our neonatal intensive care unit (NICU) to determine the incidence of respiratory infections, their impact and the epidemiology and outcome in high risk neonates. Patients and methods From September 2011 to May 2013 a prospective study was conducted in all preterm infants <32 weeks gestational age and in all term newborns admitted to NICU for any pathology that was anticipated to have an admission exceeding two weeks. A nasopharyngeal aspirate (NPA) was collected the first day of life and weekly until discharge for virologic study with polymerase chain reaction. When these babies presented respiratory symptoms a new NPA was collected at this moment. A clinical form was filled by the physician. Results A total of 60 infants were analysed: 30 (50%) had a gestational age <32 weeks and 36 (60%) weighed less than 1500g. We collected a total of 256 nasopharyngeal aspirate samples, 24 of them being positive (9.3%). These 24 positive samples corresponded to 13 infants in our cohort (21.6% of the patients). Of them, 9 were symptomatic and had 11 episodes of infection (2 patients had two different episodes with negative control between them). The most frequently identified virus was rhinovirus in (19) 79% of cases. The most frequent clinical data was the presence or increase in apneas (75%) and the need for oxygenotherapy. Conclusions HRV infections are prevalent in the NICU, and preterm infants have a high risk of infections with clinical relevance.",
   "publish_time": "2015-04-30",
   "authors": [
      "Gonzalez-Carrasco, E.",
      "Calvo, C.",
      "Garc\u00eda-Garc\u00eda, M.L.",
      "Beato, M.",
      "Mu\u00f1oz-Archidona, C.",
      "Pozo, F.",
      "Casas, I."
   ],
   "journal": "Anales de Pediatr\u00eda (English Edition)",
   "has_full_text": "True",
   "full_text_file": "custom_license",
   "id": "https://doi.org/10.1016/j.anpede.2015.03.007",
   "fhir_link": [
      "PMC/Composition/5bec33a9de40ef3a8b9149451afc71c711262fb9"
   ]
}