{
   "sha": "f816588cb0c1ccdd69608881dd497578b4600b93",
   "source_x": "Elsevier",
   "title": "Bacteria and Viruses The Bogeymen in the Intensive Care Unit",
   "doi": "10.1016/j.cpha.2018.11.003",
   "license": "els-covid",
   "publish_time": "2019-04-30",
   "authors": [
      "Kayingo, Gerald"
   ],
   "journal": "Physician Assistant Clinics",
   "has_full_text": "True",
   "full_text_file": "custom_license",
   "id": "https://doi.org/10.1016/j.cpha.2018.11.003",
   "fhir_link": [
      "PMC/Composition/f816588cb0c1ccdd69608881dd497578b4600b93"
   ]
}