{
   "sha": "6d16e166279a7d116a78a21d4bd4c00b505a617e",
   "source_x": "CZI",
   "title": "The reproductive number of COVID-19 is higher compared to SARS coronavirus",
   "doi": "10.1093/jtm/taaa021",
   "license": "cc-by-nc",
   "abstract": "Teaser: Our review found the average R0 for 2019-nCoV to be 3.28, which exceeds WHO estimates of 1.4 to 2.5.Here we review the basic reproduction number (R0) of the 2019-nCoV virus. R0 is an indication of the transmissibility of a virus, representing the average number of new infections generated by an infectious person in a totally na\u00efve population. For R0 greater than one the number infected is likely to increase, and for R0 less than one transmission is likely to die out. The basic reproduction number is a central concept in infectious disease epidemiology, indicating the risk of an infectious agent with respect to epidemic spread.",
   "publish_time": "2020",
   "authors": [
      "Liu, Ying",
      "Gayle, Albert A.",
      "Wilder-Smith, Annelies",
      "Rockl\u00f6v, Joacim"
   ],
   "journal": "Journal of Travel Medicine",
   "Microsoft Academic Paper ID": "3006642361",
   "WHO #Covidence": "#852",
   "has_full_text": "True",
   "full_text_file": "noncomm_use_subset",
   "id": "https://doi.org/10.1093/jtm/taaa021",
   "fhir_link": [
      "Non-comercial/Composition/6d16e166279a7d116a78a21d4bd4c00b505a617e"
   ]
}