{
   "source_x": "WHO",
   "title": "Clinical strategies for treating pediatric cancer during the outbreak of 2019 novel coronavirus infection",
   "doi": "10.1002/pbc.28248",
   "license": "unk",
   "abstract": "Since December 2019, a novel type of coronavirus (SARS\u2010CoV\u20102) infection, which first appeared in China, has spread to over 20 countries around the world.1 By February 19, 2020, more than 74 000 cases had been confirmed, with more than 2000 deaths, and hundreds of thousands of people are under close medical observation. About 300 children have been diagnosed; however, children with cancer are assumed to be more susceptible to this coronavirus, as thier immune function may be suppressed. The purpose of this letter is to provide suggestions on how to choose a reasonable treatment strategy between epidemic prevention and anticancer therapy under the current epidemic conditions.Due to few cases being diagnosed in pediatrics, most of our suggestions are from existing and previous experiences in adults. These suggestions may be modified after accumulating clinical evidence and experience. Pediatric oncologists should continually update their knowledge on the prevention and control of SARS\u2010CoV\u20102 in children with cancer.",
   "publish_time": "2020-03-08",
   "authors": [
      "Yang, Chao",
      "Li, Changchun",
      "Wang, Shan",
      "National Clinical Research Center for Child, Health",
      "Disorders",
      "Children's Oncology Committee of Chinese Research Hospital, Association"
   ],
   "journal": "Pediatric Blood & Cancer",
   "WHO #Covidence": "#5700",
   "has_full_text": "False",
   "id": "https://doi.org/10.1002/pbc.28248"
}