{
   "source_x": "PMC",
   "title": "Serosurvey of Malsoor virus among Rousettus leschenaulti bat & human population residing nearby Robber's cave, Mahabaleshwar, Maharashtra, India",
   "doi": "http://dx.doi.org/10.4103/ijmr.IJMR_301_16",
   "pmcid": "PMC5819039",
   "pubmed_id": "29434071",
   "license": "CC BY-NC-SA",
   "publish_time": "2017 Oct",
   "authors": [
      "['Yadav, Pragya', 'Deoshatwar, Avinash', 'Shete, Anita', 'Tandale, Babasaheb', 'Patil, Deepak', 'Dalal, Shital', 'Mourya, Devendra']"
   ],
   "journal": "Indian J Med Res",
   "id": "https://www.ncbi.nlm.nih.gov/pubmed/29434071"
}