{
   "source_x": "WHO",
   "title": "We shouldn't worry when a virus mutates during disease outbreaks",
   "doi": "10.1038/s41564-020-0690-4",
   "license": "unk",
   "abstract": "Mutation. The word naturally conjures fears of unexpected and freakish changes. Ill-informed discussions of mutations thrive during virus outbreaks, including the ongoing spread of SARS-CoV-2. In reality, mutations are a natural part of the virus life cycle and rarely impact outbreaks dramatically.",
   "publish_time": "2020-02-18",
   "authors": [
      "Grubaugh, Nathan D.",
      "Petrone, Mary E.",
      "Holmes, Edward C."
   ],
   "journal": "Nature Microbiology",
   "Microsoft Academic Paper ID": "2030160453",
   "WHO #Covidence": "#4129",
   "has_full_text": "False",
   "id": "https://doi.org/10.1038/s41564-020-0690-4"
}