{
   "source_x": "PMC",
   "title": "Evaluation of purified recombinant spike fragments for assessment of the presence of serum neutralizing antibodies against a variant strain of porcine epidemic diarrhea virus",
   "doi": "http://dx.doi.org/10.1007/s12250-017-3969-8",
   "pmcid": "PMC6598932",
   "abstract": "Since 2010, variant strains of porcine epidemic diarrhea virus (PEDV) have caused disasters in the pork industry. The spike (S) protein, as the major immunity-eliciting antigen, has previously been used for serological testing and has been found to correlate significantly with the results of the serum neutralization (SN) test. However, further evaluation of this method is needed as new epidemic strains of PEDV emerge. Hence, the main objective of this study was to assess sow sera and determine the correlation between enzyme-linked immunosorbent assay (ELISA) results (involving a newly isolated GDS01 virus-based ELISA and ELISAs based on seven recombinant fragments comprising overlapping S1 and partial S2 sequences) and SN titers. Furthermore, we determined the reliability of the ELISAs based on receiver operating characteristics (ROC) curve analyses. For the most promising ELISA, i.e., the SP4 ELISA, the correlation coefficient (r) and the area under curve (AUC) were determined to be 0.6113 and 0.8538, respectively. In addition, we analyzed the homology of the SP4 sequences obtained from different strains (including vaccine strains) and found that various strains showed a high degree of homology in this region. Thus, we conclude that SP4 is a promising serological testing protein for use in the field. ELECTRONIC SUPPLEMENTARY MATERIAL: Supplementary material is available for this article at 10.1007/s12250-017-3969-8 and is accessible for authorized users.",
   "authors": [
      "['Hao, Jianwei', 'Zhang, Yun', 'Fang, Shengkun', 'Wen, Zhifen', 'Zhang, Xiangbin', 'Xue, Chunyi', 'Cao, Yongchang']"
   ],
   "id": "https://www.ncbi.nlm.nih.gov/pmc/articles/PMC6598932"
}