{
   "source_x": "WHO",
   "title": "COVID-19: Emerging compassion, courage and resilience in the face of misinformation and adversity",
   "doi": "10.1111/jocn.15231",
   "license": "unk",
   "abstract": "Abstract In her excellent editorial, ?Rising from the ashes: affirming the spirit of courage, community resilience, compassion and caring? Professor Alison Kitson raised several pertinent issues around caring in and for the world that we live in, set against the devastation caused by the Australian bushfires (Kitson 2020). Whilst watching the horrendous television footage of the Australian disaster unfolding at the beginning of the year, another news item that was beginning to gain momentum, the emergence of an unknown coronavirus disease in Mainland China.",
   "publish_time": "2020-03-10",
   "authors": [
      "Smith, Graeme D.",
      "Ng, Fowie",
      "Ho Cheung Li, William"
   ],
   "journal": "Journal of Clinical Nursing",
   "WHO #Covidence": "#5657",
   "has_full_text": "False",
   "id": "https://doi.org/10.1111/jocn.15231"
}