{
   "source_x": "WHO",
   "title": "Precautions in ophthalmic practice in the prevention and control of the novel coronavirus pneumonia epidemic",
   "doi": "10.3760/cma.j.cn112142-20200224-00102",
   "pubmed_id": "32114748",
   "license": "unk",
   "publish_time": "2020",
   "authors": [
      "Wang, N. L.",
      "Jie, Y.",
      "Tao, F. B."
   ],
   "journal": "Zhonghua Yan Ke Za Zhi",
   "Microsoft Academic Paper ID": "3004790666",
   "WHO #Covidence": "#3048",
   "has_full_text": "False",
   "id": "https://doi.org/10.3760/cma.j.cn112142-20200224-00102"
}