{
   "source_x": "PMC",
   "title": "Effect of Ventilated Caging on Water Intake and Loss in 4 Strains of Laboratory Mice",
   "pmcid": "PMC5029822",
   "abstract": "Food availability, temperature, humidity, strain, and caging type all affect water consumption by mice. Measurement of transepidermal water loss (TEWL) is a new technique for the quantification of water turnover in mice. To understand water turnover in common strains of adult mice, male and female SCID, SKH, C57BL/6, and FVB mice were housed in same-sex groups of 5 animals in static cages or IVC. Body weight, TEWL, urine osmolality, and water consumption of mice and intracage temperature and humidity were measured every 48 h for comparison. Static cages were monitored for 7 d and IVC for 14 d before cage change. Female SCID, FVB, and C57 mice drank less water than did their male counterparts. Male and female SCID, SKH, and FVB mice in IVC drank less water and had higher urine osmolality than did those in static cages. In SCID and SKH mice, TEWL paralleled water consumption. C57 mice in static cages drank less water, had lower urine osmolality, and had less TEWL than did those in IVC. Temperature and humidity within the cage was higher than the macroenvironmental levels for all housing conditions, mouse strains, and sexes. Temperatures within IVC ranged from 76.6 to 81.4 \u00b0F compared with 69 \u00b1 0.4 \u00b0F in the room. Humidity within IVC ranged from 68% to 79% compared with 27.o% \u00b1 2.7% within the room. These data demonstrate that mouse strain and housing conditions significantly influence water balance and indicate that macroenvironmental measurements do not always reflect the intracage environment.",
   "authors": [
      "['Nicolaus, Mackenzie L', 'Bergdall, Valerie K', 'Davis, Ian C', 'Hickman-Davis, Judy M']"
   ],
   "id": "https://www.ncbi.nlm.nih.gov/pmc/articles/PMC5029822"
}