{
   "source_x": "PMC",
   "title": "Infectious Chronic Rhinosinusitis",
   "doi": "http://dx.doi.org/10.1016/j.jaip.2016.04.008",
   "pmcid": "PMC4939240",
   "abstract": "Chronic rhinosinusitis (CRS) is a persistent inflammatory disease that affects a multitude of people worldwide. The pathogenesis of CRS involves many factors including genetics, status of the sinonasal microbiome, infections and environmental influences. Comorbidities associated with CRS include asthma, allergic rhinitis, bronchiectasis and certain kinds of immunodeficiency. CRS can be divided into different subtypes based on endotypes and phenotypes. Infectious CRS is one such category. The etiology of infectious CRS is usually secondary to chronic bacterial infection which commonly begins with a viral upper respiratory tract infection. Humoral antibody deficiencies can underlie difficult-to-treat or recurrent CRS. Infectious CRS can be treated with antimicrobials, topical or oral corticosteroids and nasal saline irrigations. Patients with CRS and humoral immunodeficiency may require an aggressive treatment approach including immunoglobulin replacement therapy. Despite advancements in the field of CRS, targeted therapies and reliable biomarkers are still lacking.",
   "authors": [
      "['Bose, Sumit', 'Grammer, Leslie C.', 'Peters, Anju T.']"
   ],
   "id": "https://www.ncbi.nlm.nih.gov/pmc/articles/PMC4939240"
}