{
   "source_x": "WHO",
   "title": "Protocolo para la atenci\u00f3n de personas con sospechas o infecci\u00f3n confirmada por Coronavirus (2019-nCoN)",
   "license": "unk",
   "abstract": "El protocolo contiene definiciones de casos sospechosos, manejo de pacientes con sospecha de infecci\u00f3n por Coronavirus, tratamiento espec\u00edficos anti-Novel CoV e investigaci\u00f3n cl\u00ednica y las consideraciones especiales para pacientes embarazadas.",
   "publish_time": "2020",
   "authors": [
      "Per\u00fa. Ministerio de, Salud",
      "Direcci\u00f3n General de Intervenciones Estrat\u00e9gicas en Salud, P\u00fablica"
   ],
   "WHO #Covidence": "#1786",
   "has_full_text": "False"
}