{
   "source_x": "PMC",
   "title": "Severe Pneumonia Treated Succesfully with Levofloxacin and Oseltamivir During Flu Epidemic",
   "doi": "http://dx.doi.org/10.5578/ttj.17.2.018",
   "pmcid": "PMC5792124",
   "abstract": "Viral pneumonia is an important cause of community acquired pneumonias (CAP). It\u2019s not only specific to childhood period. Although immunocompromised adults are susceptible; all young and healthy adults are at risk. Viral pneumonias are usually underestimated due to lack of diagnostic modalities so a clinician must be aware of. Co-infection of viruses and bacteria is not uncommon and can be mortal especially in a flu epidemic, therefore, in the absence of diagnostic tools initiating to anti-viral treatment without delay is important.",
   "authors": [
      "['Kabalak, P\u0131nar Ak\u0131n', 'Esenkaya, As\u0131m']"
   ],
   "id": "https://www.ncbi.nlm.nih.gov/pmc/articles/PMC5792124"
}