{
   "source_x": "PMC",
   "title": "Severe rhinovirus pneumonia in a young woman taking performance-enhancing drugs",
   "doi": "http://dx.doi.org/10.1136/bcr-2015-213836",
   "pmcid": "PMC4716367",
   "abstract": "A 22-year-old woman presented to the emergency room of a local hospital with pleuritic chest pain. She regularly worked out and admitted to taking performance-enhancing drugs (PEDs). Clinical findings and further diagnostic work up revealed a diagnosis of perimyocarditis, and adequate therapy was initiated. During the course of the first day, the patient had to be intubated and mechanically ventilated. A diagnosis of bilateral pneumonia and acute respiratory distress syndrome (ARDS) due to an infection by rhinovirus spp was made. A smoking habit, the intense physical training and the use of PED's may have exacerbated the course of the viral pneumonia. After 12\u2005days the patient could be extubated. The length of stay in the intensive care unit was 16\u2005days. After hospital discharge, the patient went to a pulmonary rehabilitation facility for 2\u2005weeks. The outcome was favourable and the patient resumed her strength and endurance training.",
   "authors": [
      "['Mayer, Kristina Nadine', 'Wyder, Daniel', 'Spasic, Danijela', 'Herren, Thomas']"
   ],
   "id": "https://www.ncbi.nlm.nih.gov/pmc/articles/PMC4716367"
}