{
   "source_x": "PMC",
   "title": "Dengue in China: Comprehensive Phylogenetic Evaluation Reveals Evidence of Endemicity and Complex Genetic Diversity",
   "doi": "http://dx.doi.org/10.4269/ajtmh.15-0546",
   "pmcid": "PMC4710430",
   "abstract": "Despite the increasing threat of dengue outbreaks in China, it is still considered as an imported disease and its introduction and/or circulation patterns remain obscure. On the basis of the most extensive phylogenetic analysis to date, we showed highly complex genetic diversity of dengue viruses (DENVs) in south China with up to 20 different clades/lineages from multiple serotypes co-circulating in the same year. Despite that most of these clades/lineages were resulted from imported cases, evidence of local persistence of DENV serotype 1 (DENV-1) was observed, indicating its potential endemicity in Guangdong province. This study, therefore, provided an overview of DENV genetic diversity and evolutionary dynamics in China, which will be useful for developing policies to prevent and control future dengue outbreaks in China.",
   "authors": [
      "['Chen, Rubing', 'Han, Guan-Zhu']"
   ],
   "id": "https://www.ncbi.nlm.nih.gov/pmc/articles/PMC4710430"
}