{
   "source_x": "PMC",
   "title": "Negative immune checkpoints on T lymphocytes and their relevance to cancer immunotherapy",
   "doi": "http://dx.doi.org/10.1016/j.molonc.2015.10.008",
   "pmcid": "PMC5528732",
   "abstract": "The term \u2018inhibitory checkpoint\u2019 refers to the broad spectrum of co\u2010receptors expressed by T cells that negatively regulate T cell activation thus playing a crucial role in maintaining peripheral self\u2010tolerance. Co\u2010inhibitory receptor ligands are highly expressed by a variety of malignancies allowing evasion of anti\u2010tumour immunity. Recent studies demonstrate that manipulation of these co\u2010inhibitory pathways can remove the immunological brakes that impede endogenous immune responses against tumours. Antibodies that block the interactions between co\u2010inhibitory receptors and their ligands have delivered very promising clinical responses, as has been shown by recent successful trials targeting the CTLA\u20104 and PD\u20101 pathways. In this review, we discuss the mechanisms of action and expression pattern of co\u2010inhibitory receptors on different T cells subsets, emphasising differences between CD4+ and CD8+ T cells. We also summarise recent clinical findings utilising immune checkpoint blockade.",
   "authors": [
      "['\u015aledzi\u0144ska, Anna', 'Menger, Laurie', 'Bergerhoff, Katharina', 'Peggs, Karl S.', 'Quezada, Sergio A.']"
   ],
   "id": "https://www.ncbi.nlm.nih.gov/pmc/articles/PMC5528732"
}