{
   "sha": "c899a0907dc026208ece3df9c6d4b3c909c6dd46",
   "source_x": "PMC",
   "title": "Use of plasma C-reactive protein, procalcitonin, neutrophils, macrophage migration inhibitory factor, soluble urokinase-type plasminogen activator receptor, and soluble triggering receptor expressed on myeloid cells-1 in combination to diagnose infections: a prospective study",
   "doi": "10.1186/cc5723",
   "pmcid": "PMC2206456",
   "pubmed_id": "17362525",
   "license": "cc-by",
   "abstract": "INTRODUCTION: Accurate and timely diagnosis of community-acquired bacterial infections in patients with systemic inflammation remains challenging both for clinician and laboratory. Combinations of markers, as opposed to single ones, may improve diagnosis and thereby survival. We therefore compared the diagnostic characteristics of novel and routinely used biomarkers of sepsis alone and in combination. METHODS: This prospective cohort study included patients with systemic inflammatory response syndrome who were suspected of having community-acquired infections. It was conducted in a medical emergency department and department of infectious diseases at a university hospital. A multiplex immunoassay measuring soluble urokinase-type plasminogen activator (suPAR) and soluble triggering receptor expressed on myeloid cells (sTREM)-1 and macrophage migration inhibitory factor (MIF) was used in parallel with standard measurements of C-reactive protein (CRP), procalcitonin (PCT), and neutrophils. Two composite markers were constructed \u2013 one including a linear combination of the three best performing markers and another including all six \u2013 and the area under the receiver operating characteristic curve (AUC) was used to compare their performance and those of the individual markers. RESULTS: A total of 151 patients were eligible for analysis. Of these, 96 had bacterial infections. The AUCs for detection of a bacterial cause of inflammation were 0.50 (95% confidence interval [CI] 0.40 to 0.60) for suPAR, 0.61 (95% CI 0.52 to 0.71) for sTREM-1, 0.63 (95% CI 0.53 to 0.72) for MIF, 0.72 (95% CI 0.63 to 0.79) for PCT, 0.74 (95% CI 0.66 to 0.81) for neutrophil count, 0.81 (95% CI 0.73 to 0.86) for CRP, 0.84 (95% CI 0.71 to 0.91) for the composite three-marker test, and 0.88 (95% CI 0.81 to 0.92) for the composite six-marker test. The AUC of the six-marker test was significantly greater than that of the single markers. CONCLUSION: Combining information from several markers improves diagnostic accuracy in detecting bacterial versus nonbacterial causes of inflammation. Measurements of suPAR, sTREM-1 and MIF had limited value as single markers, whereas PCT and CRP exhibited acceptable diagnostic characteristics. TRIAL REGISTRATION: NCT 00389337",
   "publish_time": "2007 Mar 16",
   "authors": [
      "Kofoed, Kristian",
      "Andersen, Ove",
      "Kronborg, Gitte",
      "Tvede, Michael",
      "Petersen, Janne",
      "Eugen-Olsen, Jesper",
      "Larsen, Klaus"
   ],
   "journal": "Crit Care",
   "has_full_text": "True",
   "full_text_file": "comm_use_subset",
   "id": "https://doi.org/10.1186/cc5723",
   "pubtator": "PMC2206456",
   "fhir_link": [
      "Commercial/Composition/c899a0907dc026208ece3df9c6d4b3c909c6dd46"
   ]
}