{
   "source_x": "PMC",
   "title": "X-Ray structure and inhibition of the feline infectious peritonitis virus 3C-like protease: structural implications for drug design",
   "doi": "http://dx.doi.org/10.1016/j.bmcl.2015.10.023",
   "pmcid": "PMC5896745",
   "abstract": "Feline infectious peritonitis (FIP) is a deadly disease that effects both domestic and wild cats and is caused by a mutation in feline coronavirus (FCoV) that allows the virus to replicate in macrophages. Currently, there are no treatments or vaccines available for the treatment of FIP even though it kills approximately 5% of cats in multi-cat households per year. In an effort to develop small molecule drugs targeting FIP for the treatment of cats, we screened a small set of designed peptidomimetic inhibitors for inhibition of FIPV-3CL(pro), identifying two compounds with low to sub-micromolar inhibition, compound 6 (IC(50)= 0.59 \u00b1 0.06 nM) and compound 7 (IC(50)= 1.3 \u00b1 0.1 \u03bcM). We determined the first X-ray crystal structure of FIPV-3CL(pro) in complex with the best inhibitor identified, compound 6, to a resolution of 2.10 \u00c5 to better understand the structural basis for inhibitor specificity. Our study provides important insights into the structural requirements for the inhibition of FIPV-3CL(pro) by peptidomimetic inhibitors and expands the current structural knowledge of coronaviral 3CL(pro) architecture.",
   "authors": [
      "['St. John, Sarah E.', 'Therkelsen, Matthew D.', 'Nyalapatla, Prasanth R.', 'Osswald, Heather L.', 'Ghosh, Arun K.', 'Mesecar, Andrew D.']"
   ],
   "id": "https://www.ncbi.nlm.nih.gov/pmc/articles/PMC5896745"
}