{
   "source_x": "PMC",
   "title": "Harnessing nanoparticles for immune modulation",
   "doi": "http://dx.doi.org/10.1016/j.it.2015.05.007",
   "pmcid": "PMC4603374",
   "abstract": "Recent approaches using nanoparticles engineered for immune regulation have yielded promising results in preclinical models of disease. The number of nanoparticle therapies is growing, fueled by innovations in nanotechnology and advances in understanding of the underlying pathogenesis of immune-mediated diseases. In particular, recent mechanistic insight into the ways in which nanoparticles interact with the mononuclear phagocyte system and impact its function during homeostasis and inflammation have highlighted the potential of nanoparticle-based therapies for controlling severe inflammation while concurrently restoring peripheral immune tolerance in autoimmune disease. Here we review recent advances in nanoparticle-based approaches aimed at immune-modulation, and discuss these in the context of concepts in polymeric nanoparticle development, including particle modification, delivery and the factors associated with successful clinical deployment.",
   "authors": [
      "['Getts, Daniel R.', 'Shea, Lonnie D', 'Miller, Stephen D.', 'King, Nicholas J.C.']"
   ],
   "id": "https://www.ncbi.nlm.nih.gov/pmc/articles/PMC4603374"
}