{
   "source_x": "PMC",
   "title": "Optimization of antigen dose for a receptor-binding domain-based subunit vaccine against MERS coronavirus",
   "doi": "http://dx.doi.org/10.1080/21645515.2015.1021527",
   "pmcid": "PMC4514392",
   "abstract": "Middle East respiratory syndrome (MERS) is an emerging infectious disease caused by MERS coronavirus (MERS-CoV). The continuous increase of MERS cases has posed a serious threat to public health worldwide, calling for development of safe and effective MERS vaccines. We have previously shown that a recombinant protein containing residues 377\u2013588 of MERS-CoV receptor-binding domain (RBD) fused with human Fc (S377-588-Fc) induced highly potent anti-MERS-CoV neutralizing antibodies in the presence of MF59 adjuvant. Here we optimized the doses of S377-588-Fc using MF59 as an adjuvant in order to elicit strong immune responses with minimal amount of antigen. Our results showed that S377-588-Fc at 1\u00a0\u03bcg was able to induce in the immunized mice potent humoral and cellular immune responses. Particularly, S377-588-Fc at 1\u00a0\u03bcg elicited strong neutralizing antibody responses against both pseudotyped and live MERS-CoV similar to those induced at 5 and 20\u00a0\u03bcg, respectively. These results suggest that this RBD-based subunit MERS vaccine candidate at the dose as low as one \u03bcg is sufficiently potent to induce strong humoral and cellular immune responses, including neutralizing antibodies, against MERS-CoV infection, thus providing guidance for determining the optimal dosage of RBD-based MERS vaccines in the future clinical trials and for applying the dose-sparing strategy in other subunit vaccine trials.",
   "authors": [
      "['Tang, Jian', 'Zhang, Naru', 'Tao, Xinrong', 'Zhao, Guangyu', 'Guo, Yan', 'Tseng, Chien-Te K', 'Jiang, Shibo', 'Du, Lanying', 'Zhou, Yusen']"
   ],
   "id": "https://www.ncbi.nlm.nih.gov/pmc/articles/PMC4514392"
}