{
   "sha": "4cc161090a796945e7bda63489feb4f268bfeb3a",
   "source_x": "PMC",
   "title": "Identification of NCAM that interacts with the PHE-CoV spike protein",
   "doi": "10.1186/1743-422X-7-254",
   "pmcid": "PMC2955716",
   "pubmed_id": "20863409",
   "license": "cc-by",
   "abstract": "BACKGROUND: The spike proteins of coronaviruses associate with cellular molecules to mediate infection of their target cells. The characterization of cellular proteins required for virus infection is essential for understanding viral life cycles and may provide cellular targets for antiviral therapies. RESULTS: We identified Neural Cell Adhesion Molecule (NCAM) as a novel interacting partner of the PHE-CoV S protein. A T7 phage display cDNA library from N2a cells was constructed, and the library was screened with the soluble PHE-CoV S glycoproteins. We used a coimmunoprecipitation assay to show that only the NCAM was a binding partner of spike protein. We found that a soluble form of anti-NCAM antibody blocked association of the PHE-CoV with N2a cells. Furthermore, double-stranded siRNA targeted against NCAM inhibited PHE-CoV infection. CONCLUSIONS: A novel interaction was identified between NCAM and spike protein and this association is critical during PHE-CoV infection.",
   "publish_time": "2010 Sep 24",
   "authors": [
      "Gao, Wei",
      "He, Wenqi",
      "Zhao, Kui",
      "Lu, Huijun",
      "Ren, Wenzhi",
      "Du, Chongtao",
      "Chen, Keyan",
      "Lan, Yungang",
      "Song, Deguang",
      "Gao, Feng"
   ],
   "journal": "Virol J",
   "has_full_text": "True",
   "full_text_file": "comm_use_subset",
   "id": "https://doi.org/10.1186/1743-422X-7-254",
   "pubtator": "PMC2955716",
   "fhir_link": [
      "Commercial/Composition/4cc161090a796945e7bda63489feb4f268bfeb3a"
   ]
}