{
   "sha": "2032190765972c590630a370d6d2f088270ee9db",
   "source_x": "PMC",
   "title": "Proteins with RNA Chaperone Activity: A World of Diverse Proteins with a Common Task\u2014Impediment of RNA Misfolding",
   "doi": "10.1155/2011/532908",
   "pmcid": "PMC3017892",
   "pubmed_id": "21234377",
   "license": "cc-by",
   "abstract": "Proteins with RNA chaperone activity are ubiquitous proteins that play important roles in cellular mechanisms. They prevent RNA from misfolding by loosening misfolded structures without ATP consumption. RNA chaperone activity is studied in vitro and in vivo using oligonucleotide- or ribozyme-based assays. Due to their functional as well as structural diversity, a common chaperoning mechanism or universal motif has not yet been identified. A growing database of proteins with RNA chaperone activity has been established based on evaluation of chaperone activity via the described assays. Although the exact mechanism is not yet understood, it is more and more believed that disordered regions within proteins play an important role. This possible mechanism and which proteins were found to possess RNA chaperone activity are discussed here.",
   "publish_time": "2011 Dec 26",
   "authors": [
      "Semrad, Katharina"
   ],
   "journal": "Biochem Res Int",
   "has_full_text": "True",
   "full_text_file": "comm_use_subset",
   "id": "https://doi.org/10.1155/2011/532908",
   "pubtator": "PMC3017892",
   "fhir_link": [
      "Commercial/Composition/2032190765972c590630a370d6d2f088270ee9db"
   ]
}