{
   "sha": "72d4e41eee56e6b1e8b7b361375c2e9160a6da49",
   "source_x": "PMC",
   "title": "Defective Interfering RNAs: Foes of Viruses and Friends of Virologists",
   "doi": "10.3390/v1030895",
   "pmcid": "PMC3185524",
   "pubmed_id": "21994575",
   "license": "cc-by",
   "abstract": "Defective interfering (DI) RNAs are subviral RNAs produced during multiplication of RNA viruses by the error-prone viral replicase. DI-RNAs are parasitic RNAs that are derived from and associated with the parent virus, taking advantage of viral-coded protein factors for their multiplication. Recent advances in the field of DI RNA biology has led to a greater understanding about generation and evolution of DI-RNAs as well as the mechanism of symptom attenuation. Moreover, DI-RNAs are versatile tools in the hands of virologists and are used as less complex surrogate templates to understand the biology of their helper viruses. The ease of their genetic manipulation has resulted in rapid discoveries on cis-acting RNA replication elements required for replication and recombination. DI-RNAs have been further exploited to discover host factors that modulate Tomato bushy stunt virus replication, as well as viral RNA recombination. This review discusses the current models on generation and evolution of DI-RNAs, the roles of viral and host factors in DI-RNA replication, and the mechanisms of disease attenuation.",
   "publish_time": "2009 Nov 10",
   "authors": [
      "Pathak, Kunj B.",
      "Nagy, Peter D."
   ],
   "journal": "Viruses",
   "has_full_text": "True",
   "full_text_file": "comm_use_subset",
   "id": "https://doi.org/10.3390/v1030895",
   "pubtator": "PMC3185524",
   "fhir_link": [
      "Commercial/Composition/72d4e41eee56e6b1e8b7b361375c2e9160a6da49"
   ]
}