{
   "source_x": "PMC",
   "title": "Time for a neonatal\u2013specific consensus definition for sepsis",
   "doi": "http://dx.doi.org/10.1097/PCC.0000000000000157",
   "pmcid": "PMC4087075",
   "abstract": "OBJECTIVE: To review the accuracy of the pediatric consensus definition of sepsis in term neonates and to determine the definition of neonatal sepsis used. STUDY SELECTION: The review focused primarily on pediatric literature relevant to the topic of interest. CONCLUSIONS: Neonatal sepsis is variably defined based on a number of clinical and laboratory criteria that make the study of this common and devastating condition very difficult. Diagnostic challenges and uncertain disease epidemiology necessarily result from a variable definition of disease. In 2005, intensivists caring for children recognized that as new drugs became available, children would be increasingly studied and thus, pediatric-specific consensus definitions were needed. Pediatric sepsis criteria are not accurate for term neonates and have not been examined in preterm neonates for whom the developmental stage influences aberrations associated with host immune response. Thus, specific consensus definitions for both term and preterm neonates are needed. Such definitions are critical for the interpretation of observational studies, future training of scientists and practitioners, and implementation of clinical trials in neonates.",
   "authors": [
      "['Wynn, James L.', 'Wong, Hector R.', 'Shanley, Thomas P.', 'Bizzarro, Matthew J.', 'Saiman, Lisa', 'Polin, Richard A.']"
   ],
   "id": "https://www.ncbi.nlm.nih.gov/pmc/articles/PMC4087075"
}