{
   "sha": "5e01fabcf9b38073be541d0ac1c9f147c99a7af7",
   "source_x": "PMC",
   "title": "Predicting RNA-Protein Interactions Using Only Sequence Information",
   "doi": "10.1186/1471-2105-12-489",
   "pmcid": "PMC3322362",
   "pubmed_id": "22192482",
   "license": "cc-by",
   "abstract": "BACKGROUND: RNA-protein interactions (RPIs) play important roles in a wide variety of cellular processes, ranging from transcriptional and post-transcriptional regulation of gene expression to host defense against pathogens. High throughput experiments to identify RNA-protein interactions are beginning to provide valuable information about the complexity of RNA-protein interaction networks, but are expensive and time consuming. Hence, there is a need for reliable computational methods for predicting RNA-protein interactions. RESULTS: We propose RPISeq, a family of classifiers for predicting RNA-protein interactions using only sequence information. Given the sequences of an RNA and a protein as input, RPIseq predicts whether or not the RNA-protein pair interact. The RNA sequence is encoded as a normalized vector of its ribonucleotide 4-mer composition, and the protein sequence is encoded as a normalized vector of its 3-mer composition, based on a 7-letter reduced alphabet representation. Two variants of RPISeq are presented: RPISeq-SVM, which uses a Support Vector Machine (SVM) classifier and RPISeq-RF, which uses a Random Forest classifier. On two non-redundant benchmark datasets extracted from the Protein-RNA Interface Database (PRIDB), RPISeq achieved an AUC (Area Under the Receiver Operating Characteristic (ROC) curve) of 0.96 and 0.92. On a third dataset containing only mRNA-protein interactions, the performance of RPISeq was competitive with that of a published method that requires information regarding many different features (e.g., mRNA half-life, GO annotations) of the putative RNA and protein partners. In addition, RPISeq classifiers trained using the PRIDB data correctly predicted the majority (57-99%) of non-coding RNA-protein interactions in NPInter-derived networks from E. coli, S. cerevisiae, D. melanogaster, M. musculus, and H. sapiens. CONCLUSIONS: Our experiments with RPISeq demonstrate that RNA-protein interactions can be reliably predicted using only sequence-derived information. RPISeq offers an inexpensive method for computational construction of RNA-protein interaction networks, and should provide useful insights into the function of non-coding RNAs. RPISeq is freely available as a web-based server at http://pridb.gdcb.iastate.edu/RPISeq/.",
   "publish_time": "2011 Dec 22",
   "authors": [
      "Muppirala, Usha K",
      "Honavar, Vasant G",
      "Dobbs, Drena"
   ],
   "journal": "BMC Bioinformatics",
   "has_full_text": "True",
   "full_text_file": "comm_use_subset",
   "id": "https://doi.org/10.1186/1471-2105-12-489",
   "pubtator": "PMC3322362",
   "fhir_link": [
      "Commercial/Composition/5e01fabcf9b38073be541d0ac1c9f147c99a7af7"
   ]
}