{
   "source_x": "PMC",
   "title": "3-Azatetracyclo[5.2.1.1(5,8).0(1,5)]undecane derivatives: from wild-type inhibitors of the M2 ion channel of influenza A virus to derivatives with potent activity against the V27A mutant",
   "doi": "http://dx.doi.org/10.1021/jm401340p",
   "pmcid": "PMC3889466",
   "abstract": "We have synthesized and characterized a series of compounds containing the 3-azatetracyclo[5.2.1.1(5,8).0(1,5)]undecane scaffold designed as analogs of amantadine, an inhibitor of the M2 proton channel of influenza A virus. Inhibition of the wild-type (wt) M2 channel and the amantadine-resistant A/M2-S31N and A/M2-V27A mutant ion channels were measured in Xenopus oocytes using two-electrode voltage clamp (TEV) assays. Most of the novel compounds inhibited the wt ion channel in the low micromolar range. Of note, several compounds inhibited the A/M2 V27A mutant ion channel, one of them with submicromolar IC(50). None of the compounds was found to inhibit the S31N mutant ion channel. The antiviral activity of three novel dual wt and A/M2-V27A channels inhibitors was confirmed by influenza virus yield assays.",
   "authors": [
      "['Rey-Carrizo, Matias', 'Torres, Eva', 'Ma, Chunlong', 'Barniol-Xicota, Marta', 'Wang, Jun', 'Wu, Yibing', 'Naesens, Lieve', 'DeGrado, William F.', 'Lamb, Robert A.', 'Pinto, Lawrence H.', 'V\u00e1zquez, Santiago']"
   ],
   "id": "https://www.ncbi.nlm.nih.gov/pmc/articles/PMC3889466"
}