{
   "source_x": "PMC",
   "title": "Reverse genetics with a full-length infectious cDNA of the Middle East respiratory syndrome coronavirus",
   "doi": "http://dx.doi.org/10.1073/pnas.1311542110",
   "pmcid": "PMC3791741",
   "abstract": "Severe acute respiratory syndrome with high mortality rates (\u223c50%) is associated with a novel group 2c betacoronavirus designated Middle East respiratory syndrome coronavirus (MERS-CoV). We synthesized a panel of contiguous cDNAs that spanned the entire genome. Following contig assembly into genome-length cDNA, transfected full-length transcripts recovered several recombinant viruses (rMERS-CoV) that contained the expected marker mutations inserted into the component clones. Because the wild-type MERS-CoV contains a tissue culture-adapted T1015N mutation in the S glycoprotein, rMERS-CoV replicated \u223c0.5 log less efficiently than wild-type virus. In addition, we ablated expression of the accessory protein ORF5 (rMERS\u2022ORF5) and replaced it with tomato red fluorescent protein (rMERS-RFP) or deleted the entire ORF3, 4, and 5 accessory cluster (rMERS-\u0394ORF3\u20135). Recombinant rMERS-CoV, rMERS-CoV\u2022ORF5, and MERS-CoV-RFP replicated to high titers, whereas MERS-\u0394ORF3\u20135 showed 1\u20131.5 logs reduced titer compared with rMERS-CoV. Northern blot analyses confirmed the associated molecular changes in the recombinant viruses, and sequence analysis demonstrated that RFP was expressed from the appropriate consensus sequence AACGAA. We further show dipeptidyl peptidase 4 expression, MERS-CoV replication, and RNA and protein synthesis in human airway epithelial cell cultures, primary lung fibroblasts, primary lung microvascular endothelial cells, and primary alveolar type II pneumocytes, demonstrating a much broader tissue tropism than severe acute respiratory syndrome coronavirus. The availability of a MERS-CoV molecular clone, as well as recombinant viruses expressing indicator proteins, will allow for high-throughput testing of therapeutic compounds and provide a genetic platform for studying gene function and the rational design of live virus vaccines.",
   "authors": [
      "['Scobey, Trevor', 'Yount, Boyd L.', 'Sims, Amy C.', 'Donaldson, Eric F.', 'Agnihothram, Sudhakar S.', 'Menachery, Vineet D.', 'Graham, Rachel L.', 'Swanstrom, Jesica', 'Bove, Peter F.', 'Kim, Jeeho D.', 'Grego, Sonia', 'Randell, Scott H.', 'Baric, Ralph S.']"
   ],
   "id": "https://www.ncbi.nlm.nih.gov/pmc/articles/PMC3791741"
}