{
   "sha": "5e2dc7663e6a6b53d6b8f37f5ccd4e6dc0c71a57",
   "source_x": "PMC",
   "title": "Epidemiology, Molecular Epidemiology and Evolution of Bovine Respiratory Syncytial Virus",
   "doi": "10.3390/v4123452",
   "pmcid": "PMC3528274",
   "pubmed_id": "23202546",
   "license": "cc-by",
   "abstract": "The bovine respiratory syncytial virus (BRSV) is an enveloped, negative sense, single-stranded RNA virus belonging to the pneumovirus genus within the family Paramyxoviridae. BRSV has been recognized as a major cause of respiratory disease in young calves since the early 1970s. The analysis of BRSV infection was originally hampered by its characteristic lability and poor growth in vitro. However, the advent of numerous immunological and molecular methods has facilitated the study of BRSV enormously. The knowledge gained from these studies has also provided the opportunity to develop safe, stable, attenuated virus vaccine candidates. Nonetheless, many aspects of the epidemiology, molecular epidemiology and evolution of the virus are still not fully understood. The natural course of infection is rather complex and further complicates diagnosis, treatment and the implementation of preventive measures aimed to control the disease. Therefore, understanding the mechanisms by which BRSV is able to establish infection is needed to prevent viral and disease spread. This review discusses important information regarding the epidemiology and molecular epidemiology of BRSV worldwide, and it highlights the importance of viral evolution in virus transmission.",
   "publish_time": "2012 Nov 30",
   "authors": [
      "Sarmiento-Silva, Rosa Elena",
      "Nakamura-Lopez, Yuko",
      "Vaughan, Gilberto"
   ],
   "journal": "Viruses",
   "has_full_text": "True",
   "full_text_file": "comm_use_subset",
   "id": "https://doi.org/10.3390/v4123452",
   "pubtator": "PMC3528274",
   "fhir_link": [
      "Commercial/Composition/5e2dc7663e6a6b53d6b8f37f5ccd4e6dc0c71a57"
   ]
}