{
   "sha": "9a98026855729dd7aa175ca9ed534a73c7fd9a84",
   "source_x": "PMC",
   "title": "HCV-Induced miR-21 Contributes to Evasion of Host Immune System by Targeting MyD88 and IRAK1",
   "doi": "10.1371/journal.ppat.1003248",
   "pmcid": "PMC3635988",
   "pubmed_id": "23633945",
   "license": "cc-by",
   "abstract": "Upon recognition of viral components by pattern recognition receptors, such as the toll-like receptors (TLRs) and retinoic acid-inducible gene I (RIG-I)-like helicases, cells are activated to produce type I interferon (IFN) and proinflammatory cytokines. These pathways are tightly regulated by the host to prevent an inappropriate cellular response, but viruses can modulate these pathways to proliferate and spread. In this study, we revealed a novel mechanism in which hepatitis C virus (HCV) evades the immune surveillance system to proliferate by activating microRNA-21 (miR-21). We demonstrated that HCV infection upregulates miR-21, which in turn suppresses HCV-triggered type I IFN production, thus promoting HCV replication. Furthermore, we demonstrated that miR-21 targets two important factors in the TLR signaling pathway, myeloid differentiation factor 88 (MyD88) and interleukin-1 receptor-associated kinase 1 (IRAK1), which are involved in HCV-induced type I IFN production. HCV-mediated activation of miR-21 expression requires viral proteins and several signaling components. Moreover, we identified a transcription factor, activating protein-1 (AP-1), which is partly responsible for miR-21 induction in response to HCV infection through PKC\u03b5/JNK/c-Jun and PKC\u03b1/ERK/c-Fos cascades. Taken together, our results indicate that miR-21 is upregulated during HCV infection and negatively regulates IFN-\u03b1 signaling through MyD88 and IRAK1 and may be a potential therapeutic target for antiviral intervention.",
   "publish_time": "2013 Apr 25",
   "authors": [
      "Chen, Yanni",
      "Chen, Junbo",
      "Wang, Hui",
      "Shi, Jingjing",
      "Wu, Kailang",
      "Liu, Shi",
      "Liu, Yingle",
      "Wu, Jianguo"
   ],
   "journal": "PLoS Pathog",
   "has_full_text": "True",
   "full_text_file": "comm_use_subset",
   "id": "https://doi.org/10.1371/journal.ppat.1003248",
   "pubtator": "PMC3635988",
   "fhir_link": [
      "Commercial/Composition/9a98026855729dd7aa175ca9ed534a73c7fd9a84"
   ]
}