{
   "sha": "59a34f8561b8a70870682450d318e81fc0820676",
   "source_x": "PMC",
   "title": "Antibody Quality and Protection from Lethal Ebola Virus Challenge in Nonhuman Primates Immunized with Rabies Virus Based Bivalent Vaccine",
   "doi": "10.1371/journal.ppat.1003389",
   "pmcid": "PMC3667758",
   "pubmed_id": "23737747",
   "license": "cc0",
   "abstract": "We have previously described the generation of a novel Ebola virus (EBOV) vaccine platform based on (a) replication-competent rabies virus (RABV), (b) replication-deficient RABV, or (c) chemically inactivated RABV expressing EBOV glycoprotein (GP). Mouse studies demonstrated safety, immunogenicity, and protective efficacy of these live or inactivated RABV/EBOV vaccines. Here, we evaluated these vaccines in nonhuman primates. Our results indicate that all three vaccines do induce potent immune responses against both RABV and EBOV, while the protection of immunized animals against EBOV was largely dependent on the quality of humoral immune response against EBOV GP. We also determined if the induced antibodies against EBOV GP differ in their target, affinity, or the isotype. Our results show that IgG1-biased humoral responses as well as high levels of GP-specific antibodies were beneficial for the control of EBOV infection after immunization. These results further support the concept that a successful EBOV vaccine needs to induce strong antibodies against EBOV. We also showed that a dual vaccine against RABV and filoviruses is achievable; therefore addressing concerns for the marketability of this urgently needed vaccine.",
   "publish_time": "2013 May 30",
   "authors": [
      "Blaney, Joseph E.",
      "Marzi, Andrea",
      "Willet, Mallory",
      "Papaneri, Amy B.",
      "Wirblich, Christoph",
      "Feldmann, Friederike",
      "Holbrook, Michael",
      "Jahrling, Peter",
      "Feldmann, Heinz",
      "Schnell, Matthias J."
   ],
   "journal": "PLoS Pathog",
   "has_full_text": "True",
   "full_text_file": "comm_use_subset",
   "id": "https://doi.org/10.1371/journal.ppat.1003389",
   "pubtator": "PMC3667758",
   "fhir_link": [
      "Commercial/Composition/59a34f8561b8a70870682450d318e81fc0820676"
   ]
}