{
   "sha": "520074edb06a53db798395f49940fb5d24417b62",
   "source_x": "PMC",
   "title": "Porcine Reproductive and Respiratory Syndrome Virus Nonstructural Protein 4 Induces Apoptosis Dependent on Its 3C-Like Serine Protease Activity",
   "doi": "10.1371/journal.pone.0069387",
   "pmcid": "PMC3720278",
   "pubmed_id": "23936003",
   "license": "cc-by",
   "abstract": "Porcine reproductive and respiratory syndrome (PRRS) is a highly contagious disease in pigs caused by PRRS virus (PRRSV). Although PRRSV infection-induced cell apoptosis has been established, the related viral protein is still unknown. Here, we reported that PRRSV nonstructural protein 4 (nsp4) was a critical apoptosis inducer. Nsp4 could activate caspase-3, -8, and -9. Using truncated constructs without different domains in nsp4, we demonstrated that the full-length of nsp4 structure was required for its apoptosis-inducing activity. Furthermore, using site-directed mutagenesis to inactivate the 3C-like serine protease activity of nsp4, we showed that nsp4-induced apoptosis was dependent on its serine protease activity. The ability of nsp4 to induce apoptosis was significantly impaired by His39, Asp64, and Ser118 mutations, suggesting that His39, Asp64, and Ser118 were essential for nsp4 to trigger apoptosis. In conclusion, our present work showed that PRRSV nsp4 could induce apoptosis in host cells and might be partially responsible for the apoptosis induced by PRRSV infection. PRRSV 3C-like protease-mediated apoptosis represents the first report in the genus Arterivirus, family Arteriviridae.",
   "publish_time": "2013 Jul 23",
   "authors": [
      "Ma, Zhitao",
      "Wang, Yalan",
      "Zhao, Haiyan",
      "Xu, Ao-Tian",
      "Wang, Yongqiang",
      "Tang, Jun",
      "Feng, Wen-hai"
   ],
   "journal": "PLoS One",
   "has_full_text": "True",
   "full_text_file": "comm_use_subset",
   "id": "https://doi.org/10.1371/journal.pone.0069387",
   "pubtator": "PMC3720278",
   "fhir_link": [
      "Commercial/Composition/520074edb06a53db798395f49940fb5d24417b62"
   ]
}