{
   "source_x": "PMC",
   "title": "Adjuvanticity of a Recombinant Calreticulin Fragment in Assisting Anti-\u03b2-Glucan IgG Responses in T Cell-Deficient Mice",
   "doi": "http://dx.doi.org/10.1128/CVI.00689-12",
   "pmcid": "PMC3623425",
   "abstract": "Polysaccharide-encapsulated fungi are the chief source of diseases in immunocompromised hosts such as those infected with human immunodeficiency virus or neutropenia patients. Currently available polysaccharide-protein conjugate vaccines are mainly T cell dependent and are usually ineffective in weakened immune systems. In this study, laminarin, a well-characterized \u03b2-1,3-glucan, was conjugated with a prokaryotically expressed recombinant fragment (amino acids [aa] 39 to 272) of calreticulin (rCRT/39\u2013272), which exhibits extraordinarily potent immunogenicity and adjuvanticity in experimental animals. The resultant conjugate reserves the immunostimulatory effect of rCRT/39\u2013272 on na\u00efve murine B cells and is capable of eliciting anti-\u03b2-glucan IgG (mostly IgG1) responses in not only BALB/c mice but also athymic nude mice. Laminarin-CRT-induced mouse antibodies (Abs) are able to bind with Candida albicans and inhibit its growth in vitro. In addition, vaccination with laminarin-CRT partially protects mice from lethal C. albicans challenge. These results imply that rCRT/39\u2013272 could be used as an ideal carrier or adjuvant for carbohydrate vaccines aimed at inducing or boosting IgG responses to fungal infections in immunodeficient hosts.",
   "authors": [
      "['Li, Wei-Ji', 'Long, Kai', 'Dong, Hong-Liang', 'Gao, Xiao-Ming']"
   ],
   "id": "https://www.ncbi.nlm.nih.gov/pmc/articles/PMC3623425"
}