{
   "source_x": "PMC",
   "title": "Clinical characteristics and outcomes of influenza and other influenza-like illnesses in Mexico City",
   "doi": "http://dx.doi.org/10.1016/j.ijid.2013.01.006",
   "pmcid": "PMC3655081",
   "abstract": "BACKGROUND: Influenza-like illnesses (ILI) are estimated to cause millions of deaths annually. Despite this disease burden, the etiologic causes of ILI are poorly described for many geographical regions. METHODS: Beginning in April 2010, we conducted an observational cohort study at five hospitals in Mexico City, enrolling subjects who met the criteria for ILI. Evaluations were conducted at enrollment and on day 28, with the collection of clinical data and a nasopharyngeal swab (or nasal aspirate in children). Swabs were tested by multiplex PCR for 15 viral pathogens and real-time PCR for influenza. RESULTS: During the first year, 1065 subjects were enrolled in this study, 55% of whom were hospitalized; 24% of all subjects were children. One or more pathogens were detected by PCR in 64% of subjects, most commonly rhinovirus (25% of all isolates) and influenza (24% of isolates). Six percent of subjects died, and of those, 54% had no pathogen identified. Rhinovirus was the most common pathogen among those who died, although it did not have the highest case fatality rate. CONCLUSIONS: Multiple respiratory viruses beyond influenza are associated with significant morbidity and mortality among adults and children in Mexico City. Detection of these agents could be useful for the adjustment of antibiotic treatment in severe cases.",
   "authors": [
      "['Galindo-Fraga, Arturo', 'Ortiz-Hern\u00e1ndez, Ana A.', 'Ram\u00edrez-Venegas, Alejandra', 'V\u00e1zquez, Rafael Valdez', 'Moreno-Espinosa, Sarbelio', 'Llamosas-Gallardo, Beatriz', 'P\u00e9rez-Patrigeon, Santiago', 'Salinger, Maggie', 'Freimanis, Laura', 'Huang, Chiung-yu', 'Gu, Wenjuan', 'Guerrero, M. Lourdes', 'Beigel, John', 'Ruiz-Palacios, Guillermo M.']"
   ],
   "id": "https://www.ncbi.nlm.nih.gov/pmc/articles/PMC3655081"
}