{
   "sha": "e172d0ebcbb5e8488f19e2193ac9a9ed96f60efb",
   "source_x": "PMC",
   "title": "Commentary on the Regulation of Viral Proteins in Autophagy Process",
   "doi": "10.1155/2014/962915",
   "pmcid": "PMC3966343",
   "pubmed_id": "24734254",
   "license": "cc-by",
   "abstract": "The ability to subvert intracellular antiviral defenses is necessary for virus to survive as its replication occurs only in the host cells. Viruses have to modulate cellular processes and antiviral mechanisms to their own advantage during the entire virus life cycle. Autophagy plays important roles in cell regulation. Its function is not only to catabolize aggregate proteins and damaged organelles for recycling but also to serve as innate immunity to remove intracellular pathogenic elements such as viruses. Nevertheless, some viruses have evolved to negatively regulate autophagy by inhibiting its formation. Even more, some viruses have employed autophagy to benefit their replication. To date, there are more and more growing evidences uncovering the functions of many viral proteins to regulate autophagy through different cellular pathways. In this review, we will discuss the relationship between viruses and autophagy and summarize the current knowledge on the functions of viral proteins contributing to affect autophagy process.",
   "publish_time": "2014 Mar 10",
   "authors": [
      "Cheng, Ching-Yuan",
      "Chi, Pei-I",
      "Liu, Hung-Jen"
   ],
   "journal": "Biomed Res Int",
   "has_full_text": "True",
   "full_text_file": "comm_use_subset",
   "id": "https://doi.org/10.1155/2014/962915",
   "pubtator": "PMC3966343",
   "fhir_link": [
      "Commercial/Composition/e172d0ebcbb5e8488f19e2193ac9a9ed96f60efb"
   ]
}