{
   "sha": "4ff3cd099988eec4079249528fb8db645b3c9490",
   "source_x": "PMC",
   "title": "Hantavirus Immunology of Rodent Reservoirs: Current Status and Future Directions",
   "doi": "10.3390/v6031317",
   "pmcid": "PMC3970152",
   "pubmed_id": "24638205",
   "license": "cc-by",
   "abstract": "Hantaviruses are hosted by rodents, insectivores and bats. Several rodent-borne hantaviruses cause two diseases that share many features in humans, hemorrhagic fever with renal syndrome in Eurasia or hantavirus cardiopulmonary syndrome in the Americas. It is thought that the immune response plays a significant contributory role in these diseases. However, in reservoir hosts that have been closely examined, little or no pathology occurs and infection is persistent despite evidence of adaptive immune responses. Because most hantavirus reservoirs are not model organisms, it is difficult to conduct meaningful experiments that might shed light on how the viruses evade sterilizing immune responses and why immunopathology does not occur. Despite these limitations, recent advances in instrumentation and bioinformatics will have a dramatic impact on understanding reservoir host responses to hantaviruses by employing a systems biology approach to identify important pathways that mediate virus/reservoir relationships.",
   "publish_time": "2014 Mar 14",
   "authors": [
      "Schountz, Tony",
      "Prescott, Joseph"
   ],
   "journal": "Viruses",
   "has_full_text": "True",
   "full_text_file": "comm_use_subset",
   "id": "https://doi.org/10.3390/v6031317",
   "pubtator": "PMC3970152",
   "fhir_link": [
      "Commercial/Composition/4ff3cd099988eec4079249528fb8db645b3c9490"
   ]
}