{
   "source_x": "PMC",
   "title": "Extended JAK Activation and Delayed STAT1 Dephosphorylation Contribute to the Distinct Signaling Profile of CNS Neurons Exposed to Interferon-Gamma",
   "doi": "http://dx.doi.org/10.1016/j.jneuroim.2012.06.006",
   "pmcid": "PMC3678282",
   "abstract": "Although interferon-gamma (IFN-\u03b3) plays a critical role in the noncytolytic elimination of many neurotropic viral infections, the signaling response to this cytokine has not been extensively characterized in primary CNS neurons. We previously demonstrated that the IFN-\u03b3 response at the signaling and gene expression levels is temporally extended in primary mouse hippocampal neurons, as compared to the transient response of primary mouse embryonic fibroblasts (MEF). We hypothesize that the protracted kinetics of STAT1 phosphorylation in IFN-\u03b3-treated neurons are due to extended receptor activation and/or delayed STAT1 dephosphorylation in the nucleus. Here, we show that in response to IFN-\u03b3, the Janus kinases (JAK1/JAK2) associated with the neuronal IFN-\u03b3 receptor complex remain active for an extended period as compared to MEF. Experimental inactivation of JAK1/JAK2 in neurons after IFN-\u03b3 treatment did not reverse the extended STAT1 phosphorylation phenotype. These results suggest that the extended kinetics of neuronal IFN-\u03b3 signaling are a product of distinct negative feedback mechanisms operating at both the receptor and within the nucleus.",
   "authors": [
      "['Podolsky, Michael A.', 'Solomos, Andreas C.', 'Durso, Lisa C.', 'Evans, Stephanie M.', 'Rall, Glenn F.', 'Rose, R. Wesley']"
   ],
   "id": "https://www.ncbi.nlm.nih.gov/pmc/articles/PMC3678282"
}