{
   "sha": "fe2c4dd2b0a96acbdcd6566d94bf227c497995ef",
   "source_x": "PMC",
   "title": "Fever Screening and Detection of Febrile Arrivals at an International Airport in Korea: Association among Self-reported Fever, Infrared Thermal Camera Scanning, and Tympanic Temperature",
   "doi": "10.4178/epih/e2014004",
   "pmcid": "PMC4101989",
   "pubmed_id": "25045577",
   "license": "cc-by",
   "abstract": "OBJECTIVES: The purpose of this research was to measure fever prevalence and the effectiveness of a fever screening procedure in detecting febrile arrivals at an international airport in Korea. METHODS: Data were retrieved from arrivals\u2019 health declaration forms and questionnaires for febrile arrivals at an international airport collected by a national quarantine station during the year 2012. Self-reported health declaration forms were returned by 355,887 arrivals (61% of the total arrivals). Of these, 608 symptomatic arrivals (0.2%) including 6 febrile arrivals were analyzed. RESULTS: Fever prevalence at an international airport in Korea was 0.002%. Self-reported fever was significantly positively associated with tympanic temperature (p<0.001). The difference between the thermal camera temperature (36.83\u00b0C) and tympanic (or ear) temperature (38.14\u00b0C) was not statistically significant. CONCLUSIONS: The findings imply that a procedure for mass detection of fever such as self-reported questionnaires and thermal camera scanning may serve as an effective tool for detecting febrile arrivals at quarantine stations. Future research can benefit from looking at the sensitivity, specificity, positive predictive value, and negative predictive value of the entry screening system.",
   "publish_time": "2014 May 30",
   "authors": [
      "Cho, Kyung Sook",
      "Yoon, Jangho"
   ],
   "journal": "Epidemiol Health",
   "has_full_text": "True",
   "full_text_file": "comm_use_subset",
   "id": "https://doi.org/10.4178/epih/e2014004",
   "pubtator": "PMC4101989",
   "fhir_link": [
      "Commercial/Composition/fe2c4dd2b0a96acbdcd6566d94bf227c497995ef"
   ]
}