{
   "source_x": "PMC",
   "title": "Role of Host Reticulon Proteins in Rearranging Membranes for Positive-strand RNA Virus Replication",
   "doi": "http://dx.doi.org/10.1016/j.mib.2012.04.007",
   "pmcid": "PMC3670673",
   "abstract": "Positive-strand RNA [(+)RNA] viruses are responsible for numerous human, animal, and plant diseases. Because of the limiting coding capacity of (+)RNA viruses, their replication requires a complex orchestration of interactions between the viral genome, viral proteins and exploited host factors. To replicate their genomic RNAs, (+)RNA viruses induce membrane rearrangements that create membrane-linked RNA replication compartments. Along with substantial advances on the ultrastructure of the membrane-bound RNA replication compartments, recent results have shed light into the role that host factors play in rearranging these membranes. This review focuses on recent insights that have driven a new understanding of the role that the membrane-shaping host reticulon homology domain proteins (RHPs) play in facilitating the replication of various (+)RNA viruses.",
   "authors": [
      "['Diaz, Arturo', 'Ahlquist, Paul']"
   ],
   "id": "https://www.ncbi.nlm.nih.gov/pmc/articles/PMC3670673"
}