{
   "source_x": "PMC",
   "title": "Evaluation of a Monoclonal Antibody\u2013Based Rapid Immunochromatographic Test for Direct Detection of Rabies Virus in the Brain of Humans and Animals",
   "doi": "http://dx.doi.org/10.4269/ajtmh.2012.11-0332",
   "pmcid": "PMC3403755",
   "abstract": "Rabies diagnosis uses a direct fluorescent antibody test (FAT) that is difficult, costly, and time-consuming, and requires trained personnel. We developed a rapid immunochromatographic test (RICT) for the diagnosis of rabies. The efficacy of the RICT was compared with that of the FAT. Brain samples were collected from humans, dogs, cats, and other animals in Sri Lanka (n = 248), Bhutan (n = 27), and Thailand (n = 228). The sensitivity (0.74\u20130.95), specificity (0.98\u20131.0), positive predictive value (0.98\u20131.0), negative predictive value (0.75\u20130.97), accuracy (0.91\u20130.98), and kappa measure of agreement (0.79\u20130.93) were all satisfactory for animal samples and samples preserved in 50% glycerol saline solution. Because the RICT showed high sensitivity but low specificity with human brain samples, it is unsuitable for confirming rabies in humans. No amino acid substitutions were found in the antibody attachment sites of the nucleoprotein gene with FAT-positive, RICT-negative samples. The RICT is reliable, user friendly, rapid, robust, and can be used in laboratories with a modest infrastructure.",
   "authors": [
      "['Ahmed, Kamruddin', 'Wimalaratne, Omala', 'Dahal, Narapati', 'Khawplod, Pakamatz', 'Nanayakkara, Susilakanthi', 'Rinzin, Karma', 'Perera, Devika', 'Karunanayake, Dushantha', 'Matsumoto, Takashi', 'Nishizono, Akira']"
   ],
   "id": "https://www.ncbi.nlm.nih.gov/pmc/articles/PMC3403755"
}