{
   "sha": "63e680dd648bb477a87f55d53d3f0ff3f2c18e0a",
   "source_x": "PMC",
   "title": "Transmission dynamics and control of Ebola virus disease (EVD): a review",
   "doi": "10.1186/s12916-014-0196-0",
   "pmcid": "PMC4207625",
   "pubmed_id": "25300956",
   "license": "cc-by",
   "abstract": "The complex and unprecedented Ebola epidemic ongoing in West Africa has highlighted the need to review the epidemiological characteristics of Ebola Virus Disease (EVD) as well as our current understanding of the transmission dynamics and the effect of control interventions against Ebola transmission. Here we review key epidemiological data from past Ebola outbreaks and carry out a comparative review of mathematical models of the spread and control of Ebola in the context of past outbreaks and the ongoing epidemic in West Africa. We show that mathematical modeling offers useful insights into the risk of a major epidemic of EVD and the assessment of the impact of basic public health measures on disease spread. We also discuss the critical need to collect detailed epidemiological data in real-time during the course of an ongoing epidemic, carry out further studies to estimate the effectiveness of interventions during past outbreaks and the ongoing epidemic, and develop large-scale modeling studies to study the spread and control of viral hemorrhagic fevers in the context of the highly heterogeneous economic reality of African countries.",
   "publish_time": "2014 Oct 10",
   "authors": [
      "Chowell, Gerardo",
      "Nishiura, Hiroshi"
   ],
   "journal": "BMC Med",
   "has_full_text": "True",
   "full_text_file": "comm_use_subset",
   "id": "https://doi.org/10.1186/s12916-014-0196-0",
   "pubtator": "PMC4207625",
   "fhir_link": [
      "Commercial/Composition/63e680dd648bb477a87f55d53d3f0ff3f2c18e0a"
   ]
}