{
   "sha": "035f1d6b6c461d045fd19d69e4e9c1de221f4a0d",
   "source_x": "PMC",
   "title": "Synthetic lethals in HIV: ways to avoid drug resistance: Running title: Preventing HIV resistance",
   "doi": "10.1186/s13062-015-0044-y",
   "pmcid": "PMC4399722",
   "pubmed_id": "25888435",
   "license": "cc-by",
   "abstract": "BACKGROUND: RNA viruses rapidly accumulate genetic variation, which can give rise to synthetic lethal (SL) and deleterious (SD) mutations. Synthetic lethal mutations (non-lethal when alone but lethal when combined in one genome) have been studied to develop cancer therapies. This principle can also be used against fast-evolving RNA-viruses. Indeed, targeting protein sites involved in SD + SL interactions with a drug would render any mutation of such sites, lethal. RESULTS: Here, we set up a strategy to detect intragenic pairs of SL and SD at the surface of the protein to predict less escapable drug target sites. For this, we detected SD + SL, studying HIV protease (PR) and reverse transcriptase (RT) sequence alignments from two groups of VIH(+) individuals: treated with drugs (T) or not (NT). Using a series of statistical approaches, we were able to propose bona fide SD + SL couples. When focusing on spatially close co-variant SD + SL couples at the surface of the protein, we found 5 SD + SL groups (2 in the protease and 3 in the reverse transcriptase), which could be good candidates to form pockets to accommodate potential drugs. CONCLUSIONS: Thus, designing drugs targeting these specific SD + SL groups would not allow the virus to mutate any residue involved in such groups without losing an essential function. Moreover, we also show that the selection pressure induced by the treatment leads to the appearance of new mutations, which change the mutational landscape of the protein. This drives the existence of differential SD + SL couples between the drug-treated and non-treated groups. Thus, new anti-viral drugs should be designed differently to target such groups. REVIEWERS: This article was reviewed by Neil Greenspan Csaba Pal and Istv\u00e1n Simon. ELECTRONIC SUPPLEMENTARY MATERIAL: The online version of this article (doi:10.1186/s13062-015-0044-y) contains supplementary material, which is available to authorized users.",
   "publish_time": "2015 Apr 17",
   "authors": [
      "Petitjean, Michel",
      "Badel, Anne",
      "Veitia, Reiner A",
      "Vanet, Anne"
   ],
   "journal": "Biol Direct",
   "has_full_text": "True",
   "full_text_file": "comm_use_subset",
   "id": "https://doi.org/10.1186/s13062-015-0044-y",
   "pubtator": "PMC4399722",
   "fhir_link": [
      "Commercial/Composition/035f1d6b6c461d045fd19d69e4e9c1de221f4a0d"
   ]
}