{
   "sha": "7a7e072c8c70ce3f42148a4a4bbbc8800b2a03f2",
   "source_x": "PMC",
   "title": "Strand-Specific Quantitative Reverse Transcription-Polymerase Chain Reaction Assay for Measurement of Arenavirus Genomic and Antigenomic RNAs",
   "doi": "10.1371/journal.pone.0120043",
   "pmcid": "PMC4433285",
   "pubmed_id": "25978311",
   "license": "cc-by",
   "abstract": "Arenaviruses are bi-segmented, single-stranded RNA viruses that cause significant human disease. The manner in which they regulate the replication of their genome is not well-understood. This is partly due to the absence of a highly sensitive assay to measure individual species of arenavirus replicative RNAs. To overcome this obstacle, we designed a quantitative reverse transcription (RT)-PCR assay for selective quantitation of each of the lymphocytic choriomeningitis virus (LCMV) genomic or antigenomic RNAs. During the course of assay design, we identified a nonspecific priming phenomenon whereby, in the absence of an RT primer, cDNAs complementary to each of the LCMV replicative RNA species are generated during RT. We successfully circumvented this nonspecific priming event through the use of biotinylated primers in the RT reaction, which permitted affinity purification of primer-specific cDNAs using streptavidin-coated magnetic beads. As proof of principle, we used the assay to map the dynamics of LCMV replication at acute and persistent time points and to determine the quantities of genomic and antigenomic RNAs that are incorporated into LCMV particles. This assay can be adapted to measure total S or L segment-derived viral RNAs and therefore represents a highly sensitive diagnostic platform to screen for LCMV infection in rodent and human tissue samples and can also be used to quantify virus-cell attachment.",
   "publish_time": "2015 May 15",
   "authors": [
      "Haist, Kelsey",
      "Ziegler, Christopher",
      "Botten, Jason"
   ],
   "journal": "PLoS One",
   "has_full_text": "True",
   "full_text_file": "comm_use_subset",
   "id": "https://doi.org/10.1371/journal.pone.0120043",
   "pubtator": "PMC4433285",
   "fhir_link": [
      "Commercial/Composition/7a7e072c8c70ce3f42148a4a4bbbc8800b2a03f2"
   ]
}