{
   "source_x": "PMC",
   "title": "Evaluation and Clinical Validation of an Alcohol-Based Transport Medium for Preservation and Inactivation of Respiratory Viruses",
   "doi": "http://dx.doi.org/10.1128/JCM.00327-11",
   "pmcid": "PMC3122718",
   "abstract": "The clinical and public health importance of influenza and other respiratory viruses has accelerated the development of highly sensitive molecular diagnostics, but data are limited regarding preanalytical stages of diagnostic testing. We evaluated CyMol, an alcohol-based transport medium, for its ability to maintain specimen integrity for up to 21 days of storage at various temperatures; for its ability to inactivate virus; and for its compatibility with antigen- or nucleic acid-based diagnostics for respiratory viruses in clinical samples. In mock-infected samples, both universal transport medium (UTM-RT) and CyMol maintained equivalent viral quantities for at least 14 days at room temperature or colder, whereas a dry swab collection maintained viral quantities only if refrigerated or frozen. CyMol inactivated influenza virus within 5 min of sample immersion. UTM-RT- and CyMol-collected nasal swab specimens from 73 symptomatic students attending a campus health clinic were positive for a respiratory virus in 56.2% of subjects by multiplex PCR testing, including influenza A and B viruses, rhinovirus/enteroviruses, coronaviruses, respiratory syncytial virus, parainfluenza viruses, metapneumovirus, and adenovirus. Detection by PCR was equivalent in UTM-RT- and CyMol-collected specimens and in self- and staff-collected swabs. Direct fluorescent antibody (DFA) testing was substantially less sensitive (23.3%) than multiplex PCR, and DFA testing from UTM-RT-collected swabs was more sensitive than that from CyMol-collected swabs. These data indicate that an alcohol-based transport medium such as CyMol preserves respiratory virus integrity, rapidly inactivates viruses, and is compatible with PCR-based respiratory diagnostics.",
   "authors": [
      "['Luinstra, Kathy', 'Petrich, Astrid', 'Castriciano, Santina', 'Ackerman, Mona', 'Chong, Sylvia', 'Carruthers, Susan', 'Ammons, Brenna', 'Mahony, James B.', 'Smieja, Marek']"
   ],
   "id": "https://www.ncbi.nlm.nih.gov/pmc/articles/PMC3122718"
}