{
   "source_x": "PMC",
   "title": "RATE AND INFLUENCE OF RESPIRATORY VIRUS CO-INFECTION ON PANDEMIC (H1N1) INFLUENZA DISEASE",
   "doi": "http://dx.doi.org/10.1016/j.jinf.2011.04.004",
   "pmcid": "PMC3153592",
   "abstract": "OBJECTIVES: Many patients with influenza have more than one viral agent with co-infection frequencies reported as high as 20%. The impact of respiratory virus copathogens on influenza disease is unclear. We sought to determine if respiratory virus co-infection with pandemic H1N1 altered clinical disease. METHODS: Respiratory samples from 229 and 267 patients identified with and without H1N1 influenza respectively were screened for the presence of 13 seasonal respiratory viruses by multiplex RT-PCR. Disease severity between coinfected and monoinfected H1N1 patients were quantified using a standardized clinical severity scale. Influenza viral load was calculated by quantitative RT-PCR. RESULTS: Thirty (13.1%) influenza samples screened positive for the presence of 31 viral copathogens. The most prominent copathogens included rhinovirus (61.3%), and coronaviruses (16.1%). Median clinical severity of both monoinfected and co-infected groups were 1. Patients coinfected with rhinovirus tended to have lower clinical severity (median 0), whereas non rhinovirus co-infections had substantially higher clinical severity (median 2). No difference in H1N1 viral load was observed between co-infected and mono infected groups. CONCLUSIONS: Respiratory viruses co-infect patients with influenza disease. Patients coinfected with rhinovirus had less severe disease while non-rhinovirus co-infections were associated with substantially higher severity without changes in influenza viral titer.",
   "authors": [
      "['Esper, Frank P.', 'Spahlinger, Timothy', 'Zhou, Lan']"
   ],
   "id": "https://www.ncbi.nlm.nih.gov/pmc/articles/PMC3153592"
}