{
   "source_x": "PMC",
   "title": "New Academic Partnerships in Global Health: Innovations at Mount Sinai School of Medicine",
   "doi": "http://dx.doi.org/10.1002/msj.20257",
   "pmcid": "PMC3190974",
   "abstract": "Global health has become an increasingly important focus of education, research, and clinical service in North American universities and academic health centers. Today there are at least 49 academically based global health programs in the United States and Canada, as compared with only one in 1999. A new academic society, the Consortium of Universities for Global Health, was established in 2008 and has grown significantly. This sharp expansion reflects convergence of 3 factors: (1) rapidly growing student and faculty interest in global health; (2) growing realization\u2013powerfully catalyzed by the acquired immune deficiency syndrome epidemic, the emergence of other new infections, climate change, and globalization\u2013that health problems are interconnected, cross national borders, and are global in nature; and (3) rapid expansion in resources for global health. This article examines the evolution of the concept of global health and describes the driving forces that have accelerated interest in the field. It traces the development of global health programs in academic health centers in the United States. It presents a blueprint for a new school-wide global health program at Mount Sinai School of Medicine. The mission of that program, Mount Sinai Global Health, is to enhance global health as an academic field of study within the Mount Sinai community and to improve the health of people around the world. Mount Sinai Global Health is uniting and building synergies among strong, existing global health programs within Mount Sinai; it is training the next generation of physicians and health scientists to be leaders in global health; it is making novel discoveries that translate into blueprints for improving health worldwide; and it builds on Mount Sinai\u2019s long and proud tradition of providing medical and surgical care in places where need is great and resources few.",
   "authors": [
      "['Landrigan, Philip J.', 'Ripp, Jonathan', 'Murphy, Ramon J. C.', 'Claudio, Luz', 'Jao, Jennifer', 'Hexom, Braden', 'Bloom, Harrison G.', 'Shirazian, Taraneh', 'Elahi, Ebby', 'Koplan, Jeffrey P.']"
   ],
   "id": "https://www.ncbi.nlm.nih.gov/pmc/articles/PMC3190974"
}