{
   "sha": "425be277181521bab21a8e64d54657dfdcac6bde",
   "source_x": "PMC",
   "title": "Detection and characterization of respiratory viruses causing acute respiratory illness and asthma exacerbation in children during three different seasons (2011\u20132014) in Mexico City",
   "doi": "10.1111/irv.12346",
   "pmcid": "PMC4605408",
   "pubmed_id": "26289993",
   "license": "cc-by",
   "abstract": "BACKGROUND: Viral infections play a significant role in causing acute respiratory infections (ARIs) and exacerbations of chronic diseases. Acute respiratory infections are now the leading cause of mortality in children worldwide, especially in developing countries. Recently, human rhinovirus (HRV) infection has been emerged as an important cause of pneumonia and asthma exacerbation. OBJECTIVES: To determine the role of several viral agents principally, respiratory syncytial virus, and HRV in children with ARIs and their relationship with asthma exacerbation and pneumonia. METHODS: Between October 2011 and March 2014, 432 nasopharyngeal samples of children <15 years of age with ARI hospitalized at a referral hospital for respiratory diseases were tested for the presence of respiratory viruses using a multiplex RT-qPCR. Clinical, epidemiological, and demographic data were collected and associated with symptomatology and viral infections. RESULTS: Viral infections were detected in at least 59\u00b77% of the enrolled patients, with HRV (26\u00b76%) being the most frequently detected. HRV infections were associated with clinical features of asthma and difficulty in breathing such as wheezing (P = 0\u00b70003), supraesternal (P = 0\u00b7046), and xiphoid retraction (P = 0\u00b7030). HRV subtype C (HRV-C) infections were associated with asthma (P = 0\u00b702). CONCLUSIONS: Human rhinovirus was the virus most commonly detected in pediatric patients with ARI. There is also an association of HRV-C infection with asthma exacerbation, emphasizing the relevance of this virus in severe pediatric respiratory disease.",
   "publish_time": "2015 Nov 13",
   "authors": [
      "Moreno-Valencia, Yazmin",
      "Hernandez-Hernandez, Victor A",
      "Romero-Espinoza, Jose A I",
      "Coronel-Tellez, Rodrigo H",
      "Castillejos-Lopez, Manuel",
      "Hernandez, Andres",
      "Perez-Padilla, Rogelio",
      "Alejandre-Garcia, Alejandro",
      "de la Rosa-Zamboni, Daniela",
      "Ormsby, Christopher E",
      "Vazquez-Perez, Joel A"
   ],
   "journal": "Influenza Other Respir Viruses",
   "has_full_text": "True",
   "full_text_file": "comm_use_subset",
   "id": "https://doi.org/10.1111/irv.12346",
   "pubtator": "PMC4605408",
   "fhir_link": [
      "Commercial/Composition/425be277181521bab21a8e64d54657dfdcac6bde"
   ]
}