{
   "source_x": "PMC",
   "title": "Tyrosine kinase receptor Axl enhances entry of Zaire ebolavirus without direct interactions with the viral glycoprotein",
   "doi": "http://dx.doi.org/10.1016/j.virol.2011.04.002",
   "pmcid": "PMC3107944",
   "abstract": "In a bioinformatics-based screen for cellular genes that enhance Zaire ebolavirus (ZEBOV) transduction, AXL mRNA expression strongly correlated with ZEBOV infection. A series of cell lines and primary cells were identified that require Axl for optimal ZEBOV entry. Using one of these cell lines, we identified ZEBOV entry events that are Axl-dependent. Interactions between ZEBOV-GP and the Axl ectodomain were not detected in immunoprecipitations and reduction of surface expressed Axl by RNAi did not alter ZEBOV-GP binding, providing evidence that Axl does not serve as a receptor for the virus. However, RNAi knock down of Axl reduced ZEBOV pseudovirion internalization and \u03b1-Axl antisera inhibited pseudovirion fusion with cellular membranes. Consistent with the importance of Axl for ZEBOV transduction, Axl transiently co-localized on the surface of cells with ZEBOV virus particles and was internalized during virion transduction. In total, these findings indicate that endosomal uptake of filoviruses is facilitated by Axl.",
   "authors": [
      "['Brindley, Melinda A.', 'Hunt, Catherine L.', 'Kondratowicz, Andrew S.', 'Bowman, Jill', 'Sinn, Patrick L.', 'McCray, Paul B.', 'Quinn, Kathrina', 'Weller, Melodie L.', 'Chiorini, John A.', 'Maury, Wendy']"
   ],
   "id": "https://www.ncbi.nlm.nih.gov/pmc/articles/PMC3107944"
}