{
   "sha": "8a14b75626a9cad7cac350437b7af5e0e4bd5127",
   "source_x": "PMC",
   "title": "Bat origin of human coronaviruses",
   "doi": "10.1186/s12985-015-0422-1",
   "pmcid": "PMC4687304",
   "pubmed_id": "26689940",
   "license": "cc-by",
   "abstract": "Bats have been recognized as the natural reservoirs of a large variety of viruses. Special attention has been paid to bat coronaviruses as the two emerging coronaviruses which have caused unexpected human disease outbreaks in the 21st century, Severe Acute Respiratory Syndrome Coronavirus (SARS-CoV) and Middle East Respiratory Syndrome Coronavirus (MERS-CoV), are suggested to be originated from bats. Various species of horseshoe bats in China have been found to harbor genetically diverse SARS-like coronaviruses. Some strains are highly similar to SARS-CoV even in the spike protein and are able to use the same receptor as SARS-CoV for cell entry. On the other hand, diverse coronaviruses phylogenetically related to MERS-CoV have been discovered worldwide in a wide range of bat species, some of which can be classified to the same coronavirus species as MERS-CoV. Coronaviruses genetically related to human coronavirus 229E and NL63 have been detected in bats as well. Moreover, intermediate hosts are believed to play an important role in the transmission and emergence of these coronaviruses from bats to humans. Understanding the bat origin of human coronaviruses is helpful for the prediction and prevention of another pandemic emergence in the future.",
   "publish_time": "2015 Dec 22",
   "authors": [
      "Hu, Ben",
      "Ge, Xingyi",
      "Wang, Lin-Fa",
      "Shi, Zhengli"
   ],
   "journal": "Virol J",
   "has_full_text": "True",
   "full_text_file": "comm_use_subset",
   "id": "https://doi.org/10.1186/s12985-015-0422-1",
   "pubtator": "PMC4687304",
   "fhir_link": [
      "Commercial/Composition/8a14b75626a9cad7cac350437b7af5e0e4bd5127"
   ]
}