{
   "source_x": "PMC",
   "title": "Membrane-anchored serine proteases in health and disease",
   "doi": "http://dx.doi.org/10.1016/B978-0-12-385504-6.00001-4",
   "pmcid": "PMC3697097",
   "abstract": "Serine proteases of the trypsin-like family have long been recognized to be critical effectors of biological processes as diverse as digestion, blood coagulation, fibrinolysis, and immunity. In recent years, a subgroup of these enzymes has been identified that are anchored directly to plasma membranes, either by a carboxy-terminal transmembrane domain (Type I), an amino-terminal transmembrane domain with a cytoplasmic extension (Type II or TTSP), or through a glycosyl-phosphatidylinositol (GPI) linkage. Recent biochemical, cellular, and in vivo analyses have now established that membrane-anchored serine proteases are key pericellular contributors to processes vital for development and the maintenance of homeostasis. This chapter will review our current knowledge of the biological and physiological functions of these proteases, their molecular substrates, and their contributions to disease.",
   "authors": [
      "['Antalis, Toni M.', 'Bugge, Thomas', 'Wu, Qingyu']"
   ],
   "id": "https://www.ncbi.nlm.nih.gov/pmc/articles/PMC3697097"
}