{
   "source_x": "PMC",
   "title": "Respiratory Syncytial Virus Induces Host RNA Stress Granules To Facilitate Viral Replication",
   "doi": "http://dx.doi.org/10.1128/JVI.00260-10",
   "pmcid": "PMC2976418",
   "abstract": "Mammalian cell cytoplasmic RNA stress granules are induced during various conditions of stress and are strongly associated with regulation of host mRNA translation. Several viruses induce stress granules during the course of infection, but the exact function of these structures during virus replication is not well understood. In this study, we showed that respiratory syncytial virus (RSV) induced host stress granules in epithelial cells during the course of infection. We also showed that stress granules are distinct from cytoplasmic viral inclusion bodies and that the RNA binding protein HuR, normally found in stress granules, also localized to viral inclusion bodies during infection. Interestingly, we demonstrated that infected cells containing stress granules also contained more RSV protein than infected cells that did not form inclusion bodies. To address the role of stress granule formation in RSV infection, we generated a stable epithelial cell line with reduced expression of the Ras-GAP SH3 domain-binding protein (G3BP) that displayed an inhibited stress granule response. Surprisingly, RSV replication was impaired in these cells compared to its replication in cells with intact G3BP expression. In contrast, knockdown of HuR by RNA interference did not affect stress granule formation or RSV replication. Finally, using RNA probes specific for RSV genomic RNA, we found that viral RNA predominantly localized to viral inclusion bodies but a small percentage also interacted with stress granules during infection. These results suggest that RSV induces a host stress granule response and preferentially replicates in host cells that have committed to a stress response.",
   "authors": [
      "['Lindquist, Michael E.', 'Lifland, Aaron W.', 'Utley, Thomas J.', 'Santangelo, Philip J.', 'Crowe, James E.']"
   ],
   "id": "https://www.ncbi.nlm.nih.gov/pmc/articles/PMC2976418"
}