{
   "sha": "53d4dd6acd3501c47b364dbae1ba3dd2083b895a",
   "source_x": "PMC",
   "title": "Presentation and outcome of Middle East respiratory syndrome in Saudi intensive care unit patients",
   "doi": "10.1186/s13054-016-1303-8",
   "pmcid": "PMC4859954",
   "pubmed_id": "27153800",
   "license": "cc-by",
   "abstract": "BACKGROUND: Middle East respiratory syndrome coronavirus infection is associated with high mortality rates but limited clinical data have been reported. We describe the clinical features and outcomes of patients admitted to an intensive care unit (ICU) with Middle East respiratory syndrome coronavirus (MERS-CoV) infection. METHODS: Retrospective analysis of data from all adult (>18 years old) patients admitted to our 20-bed mixed ICU with Middle East respiratory syndrome coronavirus infection between October 1, 2012 and May 31, 2014. Diagnosis was confirmed in all patients using real-time reverse transcription polymerase chain reaction on respiratory samples. RESULTS: During the observation period, 31 patients were admitted with MERS-CoV infection (mean age 59 \u00b1 20 years, 22 [71 %] males). Cough and tachypnea were reported in all patients; 22 (77.4 %) patients had bilateral pulmonary infiltrates. Invasive mechanical ventilation was applied in 27 (87.1 %) and vasopressor therapy in 25 (80.6 %) patients during the intensive care unit stay. Twenty-three (74.2 %) patients died in the ICU. Nonsurvivors were older, had greater APACHE II and SOFA scores on admission, and were more likely to have received invasive mechanical ventilation and vasopressor therapy. After adjustment for the severity of illness and the degree of organ dysfunction, the need for vasopressors was an independent risk factor for death in the ICU (odds ratio = 18.33, 95 % confidence interval: 1.11\u2013302.1, P = 0.04). CONCLUSIONS: MERS-CoV infection requiring admission to the ICU is associated with high morbidity and mortality. The need for vasopressor therapy is the main risk factor for death in these patients. ELECTRONIC SUPPLEMENTARY MATERIAL: The online version of this article (doi:10.1186/s13054-016-1303-8) contains supplementary material, which is available to authorized users.",
   "publish_time": "2016 May 7",
   "authors": [
      "Almekhlafi, Ghaleb A.",
      "Albarrak, Mohammed M.",
      "Mandourah, Yasser",
      "Hassan, Sahar",
      "Alwan, Abid",
      "Abudayah, Abdullah",
      "Altayyar, Sultan",
      "Mustafa, Mohamed",
      "Aldaghestani, Tareef",
      "Alghamedi, Adnan",
      "Talag, Ali",
      "Malik, Muhammad K.",
      "Omrani, Ali S.",
      "Sakr, Yasser"
   ],
   "journal": "Crit Care",
   "has_full_text": "True",
   "full_text_file": "comm_use_subset",
   "id": "https://doi.org/10.1186/s13054-016-1303-8",
   "pubtator": "PMC4859954",
   "fhir_link": [
      "Commercial/Composition/53d4dd6acd3501c47b364dbae1ba3dd2083b895a"
   ]
}