{
   "source_x": "PMC",
   "title": "WJG sets an example of internationalization for other Chinese academic journals",
   "doi": "http://dx.doi.org/10.3748/wjg.v16.i22.2707",
   "pmcid": "PMC2883125",
   "abstract": "Supported by the \u201cSpecial Fund for Key Academic Journals\u201d of the National Natural Science Foundation of China, World Journal of Gastroenterology (WJG) has become a high-impact international clinical medical journal due to the great efforts of Professor Lian-Sheng Ma, Editor-in-Chief, and his team over several years. Now, WJG has successfully achieved a high degree of internationalization and sets a good example for other Chinese academic journals.",
   "authors": [
      "Zu, Guang-An"
   ],
   "id": "https://www.ncbi.nlm.nih.gov/pmc/articles/PMC2883125"
}