{
   "sha": "a85a6d90b479fd8547830827ec8898750794cdf3",
   "source_x": "PMC",
   "title": "Autophagy: New Questions from Recent Answers",
   "doi": "10.5402/2012/738718",
   "pmcid": "PMC4890908",
   "pubmed_id": "27335669",
   "license": "cc-by",
   "abstract": "Macroautophagy (hereafter autophagy) is currently one of the areas of medical life sciences attracting a great interest because of its pathological implications and therapy potentials. The discovery of the autophagy-related genes (ATGs) has been the key event in this research field because their study has led to the acquisition of new knowledge about the mechanism of this transport pathway. In addition, the investigation of these genes in numerous model systems has revealed the central role that autophagy plays in maintaining the cell homeostasis. This process carries out numerous physiological functions, some of which were unpredicted and thus surprising. Here, we will review some of the questions about the mechanism and function of autophagy that still remain unanswered, and new ones that have emerged from the recent discoveries.",
   "publish_time": "2012 Dec 30",
   "authors": [
      "Reggiori, Fulvio"
   ],
   "journal": "ISRN Mol Biol",
   "has_full_text": "True",
   "full_text_file": "comm_use_subset",
   "id": "https://doi.org/10.5402/2012/738718",
   "pubtator": "PMC4890908",
   "fhir_link": [
      "Commercial/Composition/a85a6d90b479fd8547830827ec8898750794cdf3"
   ]
}