{
   "sha": "4abc50cfc81265083d4cb2aed0a493bb704d0b5b",
   "source_x": "PMC",
   "title": "Rabies Control and Treatment: From Prophylaxis to Strategies with Curative Potential",
   "doi": "10.3390/v8110279",
   "pmcid": "PMC5127009",
   "pubmed_id": "27801824",
   "license": "cc-by",
   "abstract": "Rabies is an acute, fatal, neurological disease that affects almost all kinds of mammals. Vaccination (using an inactivated rabies vaccine), combined with administration of rabies immune globulin, is the only approved, effective method for post-exposure prophylaxis against rabies in humans. In the search for novel rabies control and treatment strategies, live-attenuated viruses have recently emerged as a practical and promising approach for immunizing and controlling rabies. Unlike the conventional, inactivated rabies vaccine, live-attenuated viruses are genetically modified viruses that are able to replicate in an inoculated recipient without causing adverse effects, while still eliciting robust and effective immune responses against rabies virus infection. A number of viruses with an intrinsic capacity that could be used as putative candidates for live-attenuated rabies vaccine have been intensively evaluated for therapeutic purposes. Additional novel strategies, such as a monoclonal antibody-based approach, nucleic acid-based vaccines, or small interfering RNAs (siRNAs) interfering with virus replication, could further add to the arena of strategies to combat rabies. In this review, we highlight current advances in rabies therapy and discuss the role that they might have in the future of rabies treatment. Given the pronounced and complex impact of rabies on a patient, a combination of these novel modalities has the potential to achieve maximal anti-rabies efficacy, or may even have promising curative effects in the future. However, several hurdles regarding clinical safety considerations and public awareness should be overcome before these approaches can ultimately become clinically relevant therapies.",
   "publish_time": "2016 Oct 28",
   "authors": [
      "Zhu, Shimao",
      "Guo, Caiping"
   ],
   "journal": "Viruses",
   "has_full_text": "True",
   "full_text_file": "comm_use_subset",
   "id": "https://doi.org/10.3390/v8110279",
   "pubtator": "PMC5127009",
   "fhir_link": [
      "Commercial/Composition/4abc50cfc81265083d4cb2aed0a493bb704d0b5b"
   ]
}