{
   "source_x": "PMC",
   "title": "Genetic basis for variation of vaccine response: our studies with rubella vaccine",
   "doi": "http://dx.doi.org/10.1016/j.paed.2009.08.019",
   "pmcid": "PMC2957833",
   "abstract": "Congenital rubella syndrome still occurs throughout the world despite an effective vaccine being used in developed countries. Heat and light lability, as well as contraindications in immunocompromised persons, limit the use of the vaccine. An improved, more durable and less reactive rubella vaccine such as a peptide or subunit vaccine would address these unmet needs. We have sought to identify the genetic factors that influence both humoral and cell-mediated immunity. Specifically, we have examined genetic polymorphisms and their associations with variations in the immune response to rubella vaccine. Our previous work with twins has identified substantial heritability with rubella vaccine antibody response. We have since identified human leukocyte antigen associations, with both humoral (class II) and cellular (class I) immunity. Our preliminary work with genetic determinants in cytokines and their receptors have offered tantalising leads as well. Now, having recruited a larger cohort to combine with our previous sample, we lay out in this paper our specific aims for a larger, more comprehensive study of the genetic associations with rubella vaccine response and components of both humoral and cellular immunity.",
   "authors": [
      "['Jacobson, Robert M.', 'Ovsyannikova, Inna G.', 'Poland, Gregory A.']"
   ],
   "id": "https://www.ncbi.nlm.nih.gov/pmc/articles/PMC2957833"
}