{
   "sha": "a382a62bbd387279327333abd96be2aa76445ace",
   "source_x": "PMC",
   "title": "Microorganisms Causing Community-Acquired Acute Bronchitis: The Role of Bacterial Infection",
   "doi": "10.1371/journal.pone.0165553",
   "pmcid": "PMC5082923",
   "pubmed_id": "27788254",
   "license": "cc-by",
   "abstract": "BACKGROUND: Although acute bronchitis is quite common, there is relatively limited information regarding the microorganisms that are involved in this illness. METHODS: We performed a prospective study of acute bronchitis at 31 hospitals and clinics in Korea from July 2011 to June 2012. Sputum specimens were collected for polymerase chain reaction (PCR) and culture of microorganisms. RESULTS: Of the 811 enrolled patients, 291 had acceptable sputum specimens that were included for analysis of the etiologic distribution. With multiplex PCR testing, viruses were identified in 36.1% (105/291), most commonly rhinovirus (25.8%) and coronavirus (3.8%). Typical bacteria were isolated in 126/291 (43.3%) patients. Among these patients Haemophilus influenzae (n = 39) and Streptococcus pneumoniae (n = 30) were isolated most commonly; atypical bacteria were identified in 44 (15.1%) patients. Bacteria-only, virus-only, and mixed infections (bacteria plus virus) accounted for 36.7% (98/291), 17.2% (50/291), and 18.9% (55/291) of infections, respectively. In particular, 52.4% of patients with viral infection had a concurrent bacterial infection, and rhinovirus was the most common virus in mixed infections (40/55). Additionally, infections with typical bacteria were more common in patients with chronic lung disease (p = 0.029), and typical bacterial infections showed a trend towards a higher prevalence with older age (p = 0.001). CONCLUSIONS: Bacteria were associated with almost half of community-acquired acute bronchitis cases. Additional studies are required to further illuminate the role of bacteria and to identify patient groups most likely to benefit from antibiotic treatment.",
   "publish_time": "2016 Oct 27",
   "authors": [
      "Park, Ji Young",
      "Park, Sunghoon",
      "Lee, Sun Hwa",
      "Lee, Myung Goo",
      "Park, Yong Bum",
      "Oh, Kil Chan",
      "Lee, Jae-Myung",
      "Kim, Do Il",
      "Seo, Ki-Hyun",
      "Shin, Kyeong-Cheol",
      "Yoo, Kwang Ha",
      "Ko, Yongchun",
      "Jang, Seung Hun",
      "Jung, Ki-Suck",
      "Hwang, Yong Il"
   ],
   "journal": "PLoS One",
   "has_full_text": "True",
   "full_text_file": "comm_use_subset",
   "id": "https://doi.org/10.1371/journal.pone.0165553",
   "pubtator": "PMC5082923",
   "fhir_link": [
      "Commercial/Composition/a382a62bbd387279327333abd96be2aa76445ace"
   ]
}