{
   "sha": "611159c87e69ac113f1652442897b3cf96878939",
   "source_x": "PMC",
   "title": "C-reactive protein serum levels as an early predictor of outcome in patients with pandemic H1N1 influenza A virus infection",
   "doi": "http://dx.doi.org/10.1186/1471-2334-10-288",
   "pmcid": "PMC2959060",
   "pubmed_id": "20920320",
   "license": "CC BY",
   "abstract": "BACKGROUND: Data for predicting which patients with pandemic influenza A (H1N1) infection are likely to run a complicated course are sparse. We retrospectively studied whether the admission serum C-reactive protein (CRP) levels can serve as a predictor of illness severity. METHODS: Included were all consecutive adult patients who presented to the emergency department (ED) between May-December, 2009 with a flu-like illness, a confirmed diagnosis of pandemic influenza A (H1N1) infection and a serum CRP level measured within 24 hours of presentation. Patients with a proven additional concurrent acute illness (e.g., bacteremia) were excluded. We used the ROC curve analysis, Kaplan-Meier curves and the Cox proportional hazard model to evaluate the predictive ability of CRP as a prognostic factor. RESULTS: Seventeen (9%) of the 191 enrolled patients were admitted to the intensive care unit (ICU), of whom eight (4%) required mechanical ventilation and three (2%) died. The median admission serum CRP levels were significantly higher among patients who required subsequent ICU care and mechanical ventilation than among patients who did not (123 mg/L and 112 mg/L vs. 40 mg/L, p < .001 and 43 mg/L, p = .017, respectively). A Cox proportional hazard model identified admission serum CRP levels and auscultatory findings over the lungs as independent prognostic factors for ICU admission. Admission serum CRP levels were the only independent prognostic factor for mechanical ventilation. Thirty days after presenting to the ED, none of the patients with admission serum CRP level <28 mg/L (lower tertile) required either ICU admission or mechanical ventilation. At the same time point, 19% of the patients with admission serum CRP level \u226570 mg/L (upper tertile) needed to be admitted to the ICU and 8% of the same upper tertile group required mechanical ventilation. The differences in the rates between the lower vs. upper tertile groups were significant (Log-Rank p < .001 for ICU and p < .024 for mechanical ventilation). CONCLUSIONS: In our study group, serum CRP levels obtained in the early ED admission stage from patients presenting with pandemic H1N1 influenza A infection were found to serve as a useful gauge for predicting disease course and assisting in patient management.",
   "publish_time": "2010 Oct 4",
   "authors": [
      "['Zimmerman, Ofer', 'Rogowski, Ori', 'Aviram, Galit', 'Mizrahi, Michal', 'Zeltser, David', 'Justo, Dan', 'Dahan, Esther', 'Arad, Roy', 'Touvia, Oholi', 'Tau, Luba', 'Tarabeia, Jalal', 'Berliner, Shlomo', 'Paran, Yael']"
   ],
   "journal": "BMC Infect Dis",
   "has_full_text": "True",
   "id": "611159c87e69ac113f1652442897b3cf96878939",
   "fhir_link": "Commercial/Composition/611159c87e69ac113f1652442897b3cf96878939.json"
}