{
   "source_x": "PMC",
   "title": "Hospital design for better infection control",
   "doi": "http://dx.doi.org/10.4103/0974-2700.55329",
   "pmcid": "PMC2776365",
   "pubmed_id": "20009307",
   "license": "CC BY",
   "abstract": "The physical design and infrastructure of a hospital or institution is an essential component of its infection control measure. Thus is must be a prerequisite to take these into consideration from the initial conception and planning stages of the building. The balance between designing a hospital to be an open, accessible and public place and the control to reduce the spread of infections diseases is a necessity. At Singapore General Hospital, many lessons were learnt during the SARS outbreak pertaining to this. During and subsequent to the SARS outbreak, many changes evolved in the hospital to enable us to handle and face any emerging infectious situation with calm, confidence and the knowledge that staff and patients will be in good stead. This paper will share some of our experiences as well as challenges",
   "publish_time": "2009 Sep-Dec",
   "authors": [
      "Lateef, Fatimah"
   ],
   "journal": "J Emerg Trauma Shock",
   "id": "https://www.ncbi.nlm.nih.gov/pubmed/20009307"
}