{
   "sha": "ae423f7ae98fa3e8a1249bd193df1c09bdeedf7c",
   "source_x": "PMC",
   "title": "Two deletion variants of Middle East respiratory syndrome coronavirus found in a patient with characteristic symptoms",
   "doi": "10.1007/s00705-017-3361-x",
   "pmcid": "PMC5506503",
   "pubmed_id": "28421366",
   "license": "cc-by",
   "abstract": "Significant sequence variation of Middle East respiratory syndrome coronavirus (MERS CoV) has never been detected since it was first reported in 2012. A MERS patient came from Korea to China in late May 2015. The patient was 44 years old and had symptoms including high fever, dry cough with a little phlegm, and shortness of breath, which are roughly consistent with those associated with MERS, and had had close contact with individuals with confirmed cases of MERS.After one month of therapy with antiviral, anti-infection, and immune-enhancing agents, the patient recovered in the hospital and was discharged. A nasopharyngeal swab sample was collected for direct sequencing, which revealed two deletion variants of MERS CoV. Deletions of 414 and 419 nt occurred between ORF5 and the E protein, resulting in a partial protein fusion or truncation of ORF5 and the E protein. Functional analysis by bioinformatics and comparison to previous studies implied that the two variants might be defective in their ability to package MERS CoV. However, the mechanism of how these deletions occurred and what effects they have need to be further investigated. ELECTRONIC SUPPLEMENTARY MATERIAL: The online version of this article (doi:10.1007/s00705-017-3361-x) contains supplementary material, which is available to authorized users.",
   "publish_time": "2017 Apr 18",
   "authors": [
      "Xie, Qian",
      "Cao, Yujuan",
      "Su, Juan",
      "Wu, Jie",
      "Wu, Xianbo",
      "Wan, Chengsong",
      "He, Mingliang",
      "Ke, Changwen",
      "Zhang, Bao",
      "Zhao, Wei"
   ],
   "journal": "Arch Virol",
   "has_full_text": "True",
   "full_text_file": "comm_use_subset",
   "id": "https://doi.org/10.1007/s00705-017-3361-x",
   "pubtator": "PMC5506503",
   "fhir_link": [
      "Commercial/Composition/ae423f7ae98fa3e8a1249bd193df1c09bdeedf7c"
   ]
}