{
   "sha": "5bcfcf89e794c73c8d079ddacc6eb7849501b927",
   "source_x": "PMC",
   "title": "The role of toll-like receptors in acute and chronic lung inflammation",
   "doi": "http://dx.doi.org/10.1186/1476-9255-7-57",
   "pmcid": "PMC3003652",
   "pubmed_id": "21108806",
   "license": "CC BY",
   "abstract": "By virtue of its direct contact with the environment, the lung is constantly challenged by infectious and non-infectious stimuli that necessitate a robust yet highly controlled host response coordinated by the innate and adaptive arms of the immune system. Mammalian Toll-like receptors (TLRs) function as crucial sentinels of microbial and non-infectious antigens throughout the respiratory tract and mediate host innate immunity. Selective induction of inflammatory responses to harmful environmental exposures and tolerance to innocuous antigens are required to maintain tissue homeostasis and integrity. Conversely, dysregulated innate immune responses manifest as sustained and self-perpetuating tissue damage rather than controlled tissue repair. In this article we review aspects of Toll-like receptor function that are relevant to the development of acute lung injury and chronic obstructive lung diseases as well as resistance to frequently associated microbial infections.",
   "publish_time": "2010 Nov 25",
   "authors": [
      "['Lafferty, Erin I', 'Qureshi, Salman T', 'Schnare, Markus']"
   ],
   "journal": "J Inflamm (Lond)",
   "has_full_text": "True",
   "id": "5bcfcf89e794c73c8d079ddacc6eb7849501b927",
   "fhir_link": "Commercial/Composition/5bcfcf89e794c73c8d079ddacc6eb7849501b927"
}