{
   "sha": "0b5547309fceffcd0966b01af596d1f12e7cbe3a",
   "source_x": "Elsevier",
   "title": "Chapter 36 High-Rise Security* * Originally from Craighead G. High-rise security and fire life safety. Boston, MA: Butterworth-Heinemann; 2009. Updated by the editor, Elsevier, 2011.",
   "doi": "10.1016/B978-0-12-385246-5.00036-5",
   "license": "els-covid",
   "abstract": "This chapter discusses high-rise security and the risk assessments office buildings should be employing in order to maintain safe and secure facilities. The possible threats are discussed as well as some notable incidents in the past that relate to the material.",
   "publish_time": "2012-12-31",
   "authors": [
      "Craighead, Geoff"
   ],
   "journal": "Handbook of Loss Prevention and Crime Prevention",
   "has_full_text": "True",
   "full_text_file": "custom_license",
   "id": "https://doi.org/10.1016/B978-0-12-385246-5.00036-5",
   "fhir_link": [
      "PMC/Composition/0b5547309fceffcd0966b01af596d1f12e7cbe3a"
   ]
}