{
   "source_x": "PMC",
   "title": "Toll-like receptor and innate cytokine responses induced by lactobacilli colonization and human rotavirus infection in gnotobiotic pigs",
   "doi": "http://dx.doi.org/10.1016/j.vetimm.2008.10.322",
   "pmcid": "PMC2653198",
   "abstract": "Toll-like receptors (TLR) play an important role in the recognition of microbes by host sentinel cells that leads to the subsequent innate and adaptive immune responses. In this study, we evaluated the patterns of TLR2-, TLR3- and TLR9-expressing antigen presenting cells (APCs) in spleen and blood of gnotobiotic (Gn) pigs after colonization with a mixture of two strains of lactic acid bacteria (LAB), Lactobacillus acidophilus and Lactobacillus reuteri or infection with the virulent human rotavirus (HRV) Wa strain. We also assessed the influence of LAB on TLR and serum innate cytokine responses induced by HRV. Distributions of subpopulations of APCs [CD14+/\u2212SWC3+CD11R1\u2212 monocytes/macrophages and CD14+/\u2212SWC3+CD11R1+ conventional dendritic cells (cDCs)] were described in our previous report (Zhang, W., Wen, K., Azevedo, M.S., Gonzalez, A.M., Saif, L.J., Li, G., Yousef, A.E., Yuan, L., 2008. Lactic acid bacterial colonization and human rotavirus infection influence distribution and frequencies of monocytes/macrophages and dendritic cells in neonatal gnotobiotic pigs. Vet. Immunol. Immunopathol. 121, pp. 222\u2013231). We demonstrated that LAB induced strong TLR2-expressing APC responses in blood and spleen, HRV induced a TLR3 response in spleen, and TLR9 responses were induced by either HRV (in spleen) or LAB (in blood). LAB and HRV have an additive effect on TLR2- and TLR9-expressing APC responses, consistent with the adjuvant effect of LAB. Overall, the frequencies of TLR-expressing CD14+ APCs were higher than CD14\u2212 APCs. LAB enhanced the IFN-\u03b3 and IL-4 responses in serum, but it had a suppressive effect on the TLR3- and TLR9-expressing CD14\u2212 APC responses in spleen and the serum IFN-\u03b1 response induced by HRV. These results elucidated the systemic TLR2-, TLR3-, and TLR9-expressing monocyte/macrophage and cDC responses after HRV infection, LAB colonization, and the two combined. Our findings facilitate the understanding of the mechanism of LAB\u2019s adjuvant effect on rotavirus vaccines and the diverse innate and adaptive immune responses induced by commensal LAB colonization versus rotavirus infection and the interactions between them.",
   "authors": [
      "['Wen, Ke', 'Azevedo, Marli S.P.', 'Gonzalez, Ana', 'Zhang, Wei', 'Saif, Linda J.', 'Li, Guohua', 'Yousef, Ahmed', 'Yuan, Lijuan']"
   ],
   "id": "https://www.ncbi.nlm.nih.gov/pmc/articles/PMC2653198"
}