{
   "sha": "36b168d717a2816e60feb1b2b833cd0f02163cef",
   "source_x": "PMC",
   "title": "Rationally designed ligand\u2010independent peptide inhibitors of TREM\u20101 ameliorate collagen\u2010induced arthritis",
   "doi": "10.1111/jcmm.13173",
   "pmcid": "PMC5618672",
   "pubmed_id": "28382703",
   "license": "cc-by",
   "abstract": "Triggering receptor expressed on myeloid cells 1 (TREM\u20101) is critically involved in the pathogenesis of rheumatoid arthritis (RA). In contrast to cytokine blockers, therapeutic blockade of TREM\u20101 can blunt excessive inflammation while preserving the capacity for microbial control. However, the nature of the TREM\u20101 ligand(s) and mechanisms of TREM\u20101 signalling are still not yet well understood, impeding the development of clinically relevant inhibitors of TREM\u20101. The aim of this study was to evaluate the anti\u2010arthritic activity of a novel, ligand\u2010independent TREM\u20101 inhibitory nonapeptide GF9 that was rationally designed using the signalling chain homo oligomerization (SCHOOL) model of cell signalling. Free GF9 and GF9 bound to macrophage\u2010targeted nanoparticles that mimic human high\u2010density lipoproteins (GF9\u2010HDL) were used to treat collagen\u2010induced arthritis (CIA). We also tested if 31\u2010mer peptides with sequences from GF9 and helices 4 (GE31) and 6 (GA31) of the major HDL protein, apolipoprotein A\u2010I, are able to perform three functions: assist in the self\u2010assembly of GA/E31\u2010HDL, target these particles to macrophages and block TREM\u20101 signalling. We showed that GF9, but not control peptide, ameliorated CIA and protected against bone and cartilage damage. The therapeutic effect of GF9 was accompanied by a reduction in the plasma levels of macrophage colony\u2010stimulating factor and pro\u2010inflammatory cytokines such as tumour necrosis factor\u2010\u03b1, interleukin (IL)\u20101 and IL\u20106. Incorporation of GF9 alone or as a part of GE31 and GA31 peptides into HDL significantly increased its therapeutic efficacy. Collectively, our findings suggest that TREM\u20101 inhibitory SCHOOL sequences may be promising alternatives for the treatment of RA.",
   "publish_time": "2017 Oct 6",
   "authors": [
      "Shen, Zu T.",
      "Sigalov, Alexander B."
   ],
   "journal": "J Cell Mol Med",
   "has_full_text": "True",
   "full_text_file": "comm_use_subset",
   "id": "https://doi.org/10.1111/jcmm.13173",
   "pubtator": "PMC5618672",
   "fhir_link": [
      "Commercial/Composition/36b168d717a2816e60feb1b2b833cd0f02163cef"
   ]
}