{
   "source_x": "PMC",
   "title": "A rapid point of care immunoswab assay for SARS-CoV detection",
   "doi": "http://dx.doi.org/10.1016/j.jviromet.2008.05.023",
   "pmcid": "PMC2678951",
   "abstract": "The emergence of severe acute respiratory syndrome (SARS) resulted in several outbreaks worldwide. Early tests for diagnosis were not always conclusive in identifying a SARS suspected patient. Nucleocapsid protein (NP) is the most predominant virus derived structural protein which is shed in high amounts in serum and nasopharyngeal aspirate during the first week of infection. As part of such efforts, a simple, easy to use immunoswab method was developed by generating a panel of monoclonal antibodies (MAbs), Bispecific MAbs and chicken polyclonal IgY antibody against the SARS-CoV nucleocapsid protein (NP). Employing the MAb-based immunoswab, an NP concentration of 200 pg/mL in saline and pig nasopharyngeal aspirate, and 500 pg/mL in rabbit serum were detected. BsMAb-based immunoswabs detected an NP concentration of 20 pg/mL in saline, 500 pg/mL in rabbit serum and 20\u2013200 pg/mL in pig nasopharyngeal aspirate. Polyclonal IgY-based immunoswabs detected an NP concentration of 10 pg/mL in pig nasopharyngeal aspirate providing the most sensitive SARS point of care assay. Results show that the robust immunoswab method of detecting SARS-CoV NP antigen can be developed into an easy and effective way of identifying SARS suspected individuals during a future SARS epidemic, thereby reducing and containing the transmission. The key feature of this simple immunoswab diagnostic assay is its ability to detect the presence of the SARS-CoV antigen within 45\u201360 min with the availability of the body fluid samples.",
   "authors": [
      "['Kammila, Sriram', 'Das, Dipankar', 'Bhatnagar, Pravin K.', 'Sunwoo, Hoon H.', 'Zayas-Zamora, Gustavo', 'King, Malcolm', 'Suresh, Mavanur R.']"
   ],
   "id": "https://www.ncbi.nlm.nih.gov/pmc/articles/PMC2678951"
}