{
   "sha": "442464f84846ea95f2e99df37e18a512ea513ce2",
   "source_x": "PMC",
   "title": "Assessment of Hospital Emergency Department Response to Potentially Infectious Diseases Using Unannounced Mystery Patient Drills \u2014 New York City, 2016",
   "doi": "10.15585/mmwr.mm6636a2",
   "pmcid": "PMC5657916",
   "pubmed_id": "28910268",
   "license": "cc-by",
   "publish_time": "2017 Sep 15",
   "authors": [
      "Foote, Mary M.K.",
      "Styles, Timothy S.",
      "Quinn, Celia L."
   ],
   "journal": "MMWR Morb Mortal Wkly Rep",
   "has_full_text": "True",
   "full_text_file": "comm_use_subset",
   "id": "https://doi.org/10.15585/mmwr.mm6636a2",
   "pubtator": "PMC5657916",
   "fhir_link": [
      "Commercial/Composition/442464f84846ea95f2e99df37e18a512ea513ce2"
   ]
}