{
   "source_x": "PMC",
   "title": "Chemical modification: the key to clinical application of RNA interference?",
   "doi": "http://dx.doi.org/10.1172/JCI33483",
   "pmcid": "PMC2096450",
   "abstract": "RNA interference provides a potent and specific method for controlling gene expression in human cells. To translate this potential into a broad new family of therapeutics, it is necessary to optimize the efficacy of the RNA-based drugs. As discussed in this Review, it might be possible to achieve this optimization using chemical modifications that improve their in vivo stability, cellular delivery, biodistribution, pharmacokinetics, potency, and specificity.",
   "authors": [
      "Corey, David R."
   ],
   "id": "https://www.ncbi.nlm.nih.gov/pmc/articles/PMC2096450"
}