{
   "sha": "ce2184a9344e5a044a8e307ec161cfd454b258e0",
   "source_x": "PMC",
   "title": "Safeguarding against Ebola: Vaccines and therapeutics to be stockpiled for future outbreaks",
   "doi": "10.1371/journal.pntd.0006275",
   "pmcid": "PMC5886391",
   "pubmed_id": "29621257",
   "license": "cc0",
   "publish_time": "2018 Apr 5",
   "authors": [
      "Espeland, Eric M.",
      "Tsai, Chia-Wei",
      "Larsen, Joseph",
      "Disbrow, Gary L."
   ],
   "journal": "PLoS Negl Trop Dis",
   "has_full_text": "True",
   "full_text_file": "comm_use_subset",
   "id": "https://doi.org/10.1371/journal.pntd.0006275",
   "pubtator": "PMC5886391",
   "fhir_link": [
      "Commercial/Composition/ce2184a9344e5a044a8e307ec161cfd454b258e0"
   ]
}