{
   "sha": "a204aafa38365dbcc0a26af3ca2c6d3313d7fab2",
   "source_x": "PMC",
   "title": "Respiratory syncytial virus evaluation among asymptomatic and symptomatic subjects in a university hospital in Sao Paulo, Brazil, in the period of 2009\u20102013",
   "doi": "10.1111/irv.12518",
   "pmcid": "PMC5907818",
   "pubmed_id": "29078028",
   "license": "cc-by",
   "abstract": "BACKGROUND: The respiratory syncytial virus (RSV) is recognized as an important cause of respiratory tract infections. Immunocompromised patients, healthcare workers (HCWs) and children contacts are at increased risk of acquiring the infection. However, the impact of asymptomatic infection in transmission has not been well studied. Objectives: this study evaluated the frequency and viral load (VL) of RSV in nasal swab samples of individuals with different risk factors for acquiring infection in a university hospital in Sao Paulo, Brazil. METHODS: We included 196 symptomatic children and their 192 asymptomatic caregivers, 70 symptomatic and 95 asymptomatic HCWs, 43 samples from symptomatic HIV\u2010positive outpatients, and 100 samples of asymptomatic HIV patients in the period of 2009\u20102013. RESULTS: RSV infection was detected in 10.1% (70/696) of samples, 4.4% (17/387) of asymptomatic patients, and 17.1% (53/309) from symptomatic patients. (P < .0001). The VL of symptomatic patients (4.7 log copies/mL) was significantly higher compared to asymptomatic patients (2.3 log copies/mL). RSV detection among asymptomatic caregivers (6.8%; 13/192) was significantly higher compared to other asymptomatic adults, HIV and HCWs (2.0%; 4/195; P = .0252). A close contact with an infected child at home was an important risk to RSV acquisition [OR 22.6 (95% CI 4.8\u2010106.7)]. Children who possibly transmitted the virus to their asymptomatic contacts had significantly higher viral load than children who probably did not transmit (P < .0001). CONCLUSIONS: According to our results, it is important to know if people circulating inside the hospital have close contact with acute respiratory infected children.",
   "publish_time": "2018 May 4",
   "authors": [
      "Moreira, Luciana Peniche",
      "Watanabe, Aripuana Sakurada Aranha",
      "Camargo, Clarice Neves",
      "Melchior, Thais Boim",
      "Granato, Celso",
      "Bellei, Nancy"
   ],
   "journal": "Influenza Other Respir Viruses",
   "has_full_text": "True",
   "full_text_file": "comm_use_subset",
   "id": "https://doi.org/10.1111/irv.12518",
   "pubtator": "PMC5907818",
   "fhir_link": [
      "Commercial/Composition/a204aafa38365dbcc0a26af3ca2c6d3313d7fab2"
   ]
}