{
   "source_x": "PMC",
   "title": "Role of Endocytosis and Low pH in Murine Hepatitis Virus Strain A59 Cell Entry",
   "doi": "http://dx.doi.org/10.1128/JVI.00725-07",
   "pmcid": "PMC2045462",
   "abstract": "Infection by the coronavirus mouse hepatitis virus strain A59 (MHV-A59) requires the release of the viral genome by fusion with the respective target membrane of the host cell. Fusion is mediated by the viral S protein. Here, the entry pathway of MHV-A59 into murine fibroblast cells was studied by independent approaches. Infection of cells assessed by plaque reduction assay was strongly inhibited by lysosomotropic compounds and substances that interfere with clathrin-dependent endocytosis, suggesting that MHV-A59 is taken up via endocytosis and delivered to acidic endosomal compartments. Infection was only slightly reduced in the presence of substances inhibiting proteases of endosomal compartments, precluding that the endocytic uptake is required to activate the fusion potential of the S protein by its cleavage. Fluorescence confocal microscopy of labeled MHV-A59 confirmed that virus is taken up via endocytosis. Bright labeling of intracellular compartments suggests their fusion with the viral envelope. No fusion with the plasma membrane was observed at neutral pH conditions. However, when virus was bound to cells and the pH was lowered to 5.0, we observed a strong labeling of the plasma membrane. Electron microscopy revealed low pH triggered conformational alterations of the S ectodomain. Very likely, these alterations are irreversible because low-pH treatment of viruses in the absence of target membranes caused an irreversible loss of the fusion activity. The results imply that endocytosis plays a major role in MHV-A59 infection and the acidic pH of the endosomal compartment triggers a conformational change of the S protein mediating fusion.",
   "authors": [
      "['Eifart, Patricia', 'Ludwig, Kai', 'B\u00f6ttcher, Christoph', 'de Haan, Cornelis A. M.', 'Rottier, Peter J. M.', 'Korte, Thomas', 'Herrmann, Andreas']"
   ],
   "id": "https://www.ncbi.nlm.nih.gov/pmc/articles/PMC2045462"
}