{
   "source_x": "PMC",
   "title": "The magic behind stem cells",
   "doi": "http://dx.doi.org/10.1007/s10815-007-9123-z",
   "pmcid": "PMC3454971",
   "abstract": "This review article summarizes historical development of stem cell research, presents current knowledge on the plasticity potential of both embryonic and adult stem cells and discusses on the future of stem cell based therapies.",
   "authors": [
      "['Zech, Nicolas H.', 'Shkumatov, Artem', 'Koestenbauer, Sonja']"
   ],
   "id": "https://www.ncbi.nlm.nih.gov/pmc/articles/PMC3454971"
}