{
   "sha": "30b4defc3cb6deb9e7b1a2719d0537ca01081159",
   "source_x": "PMC",
   "title": "The Risk of Cross Infection in the Emergency Department: A Simulation Study",
   "doi": "10.1017/ice.2018.61",
   "pmcid": "PMC6088782",
   "pubmed_id": "29656720",
   "license": "cc-by",
   "abstract": "OBJECTIVES: The risk of cross infection in a busy emergency department (ED) is a serious public health concern, especially in times of pandemic threats. We simulated cross infections due to respiratory diseases spread by large droplets using empirical data on contacts (ie, close-proximity interactions of \u22641m) in an ED to quantify risks due to contact and to examine factors with differential risks associated with them. DESIGN: Prospective study. PARTICIPANTS: Health workers (HCWs) and patients. SETTING: A busy ED. METHODS: Data on contacts between participants were collected over 6 months by observing two 12-hour shifts per week using a radiofrequency identification proximity detection system. We simulated cross infection due to a novel agent across these contacts to determine risks associated with HCW role, chief complaint category, arrival mode, and ED disposition status. RESULTS: Cross-infection risk between HCWs was substantially greater than between patients or between patients and HCWs. Providers had the least risk, followed by nurses, and nonpatient care staff had the most risk. There were no differences by patient chief complaint category. We detected differential risk patterns by arrival mode and by HCW role. Although no differential risk was associated with ED disposition status, 0.1 infections were expected per shift among patients admitted to hospital. CONCLUSION: These simulations demonstrate that, on average, 11 patients who were infected in the ED will be admitted to the hospital over the course of an 8-week local influenza outbreak. These patients are a source of further cross-infection risk once in the hospital. Infect Control Hosp Epidemiol 2018;39:688\u2013693",
   "publish_time": "2018 Jun 16",
   "authors": [
      "Hertzberg, Vicki Stover",
      "Wang, Yuke A.",
      "Elon, Lisa K.",
      "Lowery-North, Douglas W."
   ],
   "journal": "Infect Control Hosp Epidemiol",
   "has_full_text": "True",
   "full_text_file": "comm_use_subset",
   "id": "https://doi.org/10.1017/ice.2018.61",
   "pubtator": "PMC6088782",
   "fhir_link": [
      "Commercial/Composition/30b4defc3cb6deb9e7b1a2719d0537ca01081159"
   ]
}