{
   "sha": "fb833d8df33cd6cc025d22afa9b7831725ea0afb",
   "source_x": "PMC",
   "title": "Development and application of an indirect ELISA for the detection of antibodies to porcine epidemic diarrhea virus based on a recombinant spike protein",
   "doi": "10.1186/s12917-018-1570-5",
   "pmcid": "PMC6102851",
   "pubmed_id": "30126390",
   "license": "cc-by",
   "abstract": "BACKGROUND: As the major causative agent of swine viral diarrhea, porcine epidemic diarrhea virus (PEDV) has caused massive losses to the economies of swine raising countries. Accordingly, the serological detection of corresponding antibodies would be beneficial to diagnose PEDV indirectly to control the disease. In this study, an indirect enzyme-linked immunosorbent assay (ELISA) based on the recombinant truncated spike (S) protein of PEDV was developed and validated. RESULTS: The reaction conditions of the developed indirect ELISA were optimized. This indirect ELISA was compared to indirect immunoinfluscent assay (IFA), and the overall coincidence rate was 96.74% based on testing 368 clinical serum samples with different PEDV antibody levels. No cross-reactivity with other common swine pathogens was detected for the developed S1 indirect ELISA. Finally, the S1 indirect ELISA was applied to detect serum antibodies of 3304 field samples collected from different pig farms in eastern China, and it presented an overall substantial agreement on the PEDV infection status. CONCLUSIONS: This established S1 indirect ELISA is capable of detecting serum antibodies against PEDV, and due to its high sensitivity and specificity, it could be applied for serological evaluation and indirect diagnosis of PEDV infection.",
   "publish_time": "2018 Aug 20",
   "authors": [
      "Lin, Huixing",
      "Zhou, Hong",
      "Gao, Lu",
      "Li, Bin",
      "He, Kongwang",
      "Fan, Hongjie"
   ],
   "journal": "BMC Vet Res",
   "has_full_text": "True",
   "full_text_file": "comm_use_subset",
   "id": "https://doi.org/10.1186/s12917-018-1570-5",
   "pubtator": "PMC6102851",
   "fhir_link": [
      "Commercial/Composition/fb833d8df33cd6cc025d22afa9b7831725ea0afb"
   ]
}