{
   "source_x": "PMC",
   "title": "Treatment of hypernatremia in neonatal calves with diarrhea",
   "pmcid": "PMC1780237",
   "abstract": "Five hypernatremic, diarrheic, neonatal calves were treated mainly by the intravenous administration of 5% dextrose alone or with isotonic sodium bicarbonate. All calves recovered without complications. The average reduction rate of serum sodium concentration was about 4 times that recommended and has not been tried successfully before in hypernatremic scouring calves.",
   "authors": [
      "['Abutarbush, Sameeh M.', 'Petrie, Lyall']"
   ],
   "id": "https://www.ncbi.nlm.nih.gov/pmc/articles/PMC1780237"
}