{
   "sha": "70fe1da70b714ba14f71d217ecf93da18e291aa7",
   "source_x": "PMC",
   "title": "Gene expression profiles alteration after infection of virus, bacteria, and parasite in the Olive flounder (Paralichthys olivaceus)",
   "doi": "10.1038/s41598-018-36342-y",
   "pmcid": "PMC6305387",
   "pubmed_id": "30584247",
   "license": "cc-by",
   "abstract": "Olive flounder (Paralichthys olivaceus) is one of economically valuable fish species in the East Asia. In comparison with its economic importance, available genomic information of the olive flounder is very limited. The mass mortality caused by variety of pathogens (virus, bacteria and parasites) is main problem in aquaculture industry, including in olive flounder culture. In this study, we carried out transcriptome analysis using the olive flounder gill tissues after infection of three types of pathogens (Virus; Viral hemorrhagic septicemia virus, Bacteria; Streptococcus parauberis, and Parasite; Miamiensis avidus), respectively. As a result, we identified total 12,415 differentially expressed genes (DEG) from viral infection, 1,754 from bacterial infection, and 795 from parasite infection, respectively. To investigate the effects of pathogenic infection on immune response, we analyzed Gene ontology (GO) enrichment analysis with DEGs and sorted immune-related GO terms per three pathogen groups. Especially, we verified various GO terms, and genes in these terms showed down-regulated expression pattern. In addition, we identified 67 common genes (10 up-regulated and 57 down-regulated) present in three pathogen infection groups. Our goals are to provide plenty of genomic knowledge about olive flounder transcripts for further research and report genes, which were changed in their expression after specific pathogen infection.",
   "publish_time": "2018 Dec 24",
   "authors": [
      "Nam, Gyu-Hwi",
      "Mishra, Anshuman",
      "Gim, Jeong-An",
      "Lee, Hee-Eun",
      "Jo, Ara",
      "Yoon, Dahye",
      "Kim, Ahran",
      "Kim, Woo-Jin",
      "Ahn, Kung",
      "Kim, Do-Hyung",
      "Kim, Suhkmann",
      "Cha, Hee-Jae",
      "Choi, Yung Hyun",
      "Park, Chan-Il",
      "Kim, Heui-Soo"
   ],
   "journal": "Sci Rep",
   "has_full_text": "True",
   "full_text_file": "comm_use_subset",
   "id": "https://doi.org/10.1038/s41598-018-36342-y",
   "pubtator": "PMC6305387",
   "fhir_link": [
      "Commercial/Composition/70fe1da70b714ba14f71d217ecf93da18e291aa7"
   ]
}