{
   "source_x": "PMC",
   "title": "Crystallization and preliminary X-ray diffraction analysis of Nsp15 from SARS coronavirus",
   "doi": "http://dx.doi.org/10.1107/S1744309106009407",
   "pmcid": "PMC2222560",
   "abstract": "The non-structural protein Nsp15 from the aetiological agent of SARS (severe acute respiratory syndrome) has recently been characterized as a uridine-specific endoribonuclease. This enzyme plays an essential role in viral replication and transcription since a mutation in the related H229E human coronavirus nsp15 gene can abolish viral RNA synthesis. SARS full-length Nsp15 (346 amino acids) has been cloned and expressed in Escherichia coli with an N-terminal hexahistidine tag and has been purified to homogeneity. The protein was subsequently crystallized using PEG 8000 or 10\u2005000 as precipitants. Small cubic crystals of the apoenzyme were obtained from 100\u2005nl nanodrops. They belong to space group P4(1)32 or P4(3)32, with unit-cell parameters a\u00a0=\u00a0b\u00a0=\u00a0c\u00a0=\u00a0166.8\u2005\u00c5. Diffraction data were collected to a maximum resolution of 2.7\u2005\u00c5.",
   "authors": [
      "['Ricagno, St\u00e9fano', 'Coutard, Bruno', 'Grisel, Sacha', 'Br\u00e9mond, Nicolas', 'Dalle, Karen', 'Tocque, Fabienne', 'Campanacci, Val\u00e9rie', 'Lichi\u00e8re, Julie', 'Lantez, Violaine', 'Debarnot, Claire', 'Cambillau, Christian', 'Canard, Bruno', 'Egloff, Marie-Pierre']"
   ],
   "id": "https://www.ncbi.nlm.nih.gov/pmc/articles/PMC2222560"
}