{
   "source_x": "PMC",
   "title": "Potent Neutralization of Hendra and Nipah Viruses by Human Monoclonal Antibodies",
   "doi": "http://dx.doi.org/10.1128/JVI.80.2.891-899.2006",
   "pmcid": "PMC1346873",
   "abstract": "Hendra virus (HeV) and Nipah virus (NiV) are closely related emerging viruses comprising the Henipavirus genus of the Paramyxovirinae. Each has a broad species tropism and can cause disease with high mortality in both animal and human hosts. These viruses infect cells by a pH-independent membrane fusion event mediated by their attachment (G) and fusion (F) envelope glycoproteins (Envs). Seven Fabs, m101 to -7, were selected for their significant binding to a soluble form of Hendra G (sG) which was used as the antigen for panning of a large na\u00efve human antibody library. The selected Fabs inhibited, to various degrees, cell fusion mediated by the HeV or NiV Envs and virus infection. The conversion of the most potent neutralizer of infectious HeV, Fab m101, to immunoglobulin G1 (IgG1) significantly increased its cell fusion inhibitory activity: the 50% inhibitory concentration was decreased more than 10-fold to approximately 1 \u03bcg/ml. The IgG1 m101 was also exceptionally potent in neutralizing infectious HeV; complete (100%) neutralization was achieved with 12.5 \u03bcg/ml, and 98% neutralization required only 1.6 \u03bcg/ml. The inhibition of fusion and infection correlated with binding of the Fabs to full-length G as measured by immunoprecipitation and less with binding to sG as measured by enzyme-linked immunosorbent assay and Biacore. m101 and m102 competed with the ephrin-B2, which we recently identified as a functional receptor for both HeV and NiV, indicating a possible mechanism of neutralization by these antibodies. The m101, m102, and m103 antibodies competed with each other, suggesting that they bind to overlapping epitopes which are distinct from the epitopes of m106 and m107. In an initial attempt to localize the epitopes of m101 and m102, we measured their binding to a panel of 11 G alanine-scanning mutants and identified two mutants, P185A and Q191 K192A, which significantly decreased binding to m101 and one, G183, which decreased binding of m102 to G. These results suggest that m101 to -7 are specific for HeV or NiV or both and exhibit various neutralizing activities; they are the first human monoclonal antibodies identified against these viruses and could be used for treatment, prophylaxis, and diagnosis and as research reagents and could aid in the development of vaccines.",
   "authors": [
      "['Zhu, Zhongyu', 'Dimitrov, Antony S.', 'Bossart, Katharine N.', 'Crameri, Gary', 'Bishop, Kimberly A.', 'Choudhry, Vidita', 'Mungall, Bruce A.', 'Feng, Yan-Ru', 'Choudhary, Anil', 'Zhang, Mei-Yun', 'Feng, Yang', 'Wang, Lin-Fa', 'Xiao, Xiaodong', 'Eaton, Bryan T.', 'Broder, Christopher C.', 'Dimitrov, Dimiter S.']"
   ],
   "id": "https://www.ncbi.nlm.nih.gov/pmc/articles/PMC1346873"
}