{
   "sha": "53847cf95615b651c07388b52222211db0b4d303",
   "source_x": "PMC",
   "title": "Seroprevalence, cross antigenicity and circulation sphere of bat-borne hantaviruses revealed by serological and antigenic analyses",
   "doi": "10.1371/journal.ppat.1007545",
   "pmcid": "PMC6358112",
   "pubmed_id": "30668611",
   "license": "cc-by",
   "abstract": "Bats are newly identified reservoirs of hantaviruses (HVs) among which very divergent HVs have been discovered in recent years. However, their significance for public health remains unclear since their seroprevalence as well as antigenic relationship with human-infecting HVs have not been investigated. In the present study archived tissues of 1,419 bats of 22 species from 6 families collected in 5 south and southwest provinces in China were screened by pan-HV RT-PCR following viral metagenomic analysis. As a result nine HVs have been identified in two bat species in two provinces and phylogenetically classified into two species, Laibin virus (LAIV, ICTV approved species, 1 strain) and Xuan son virus (XSV, proposed species, 8 strains). Additionally, 709 serum samples of these bats were also analyzed by ELISA to investigate the seroprevalence and cross-reactivity between different HVs using expressed recombinant nucleocapsid proteins (rNPs) of LAIV, XSV and Seoul virus (SEOV). The cross-reactivity of some bat sera were further confirmed by western blot (WB) using three rNPs followed by fluorescent antibody virus neutralization test (FAVNT) against live SEOV. Results showed that the total HV seropositive rate of bat sera was 18.5% (131/709) with many cross reacting with two or all three rNPs and several able to neutralize SEOV. WB analysis using the three rNPs and their specific hyperimmune sera demonstrated cross-reactivity between XSV/SEOV and LAIV/XSV, but not LAIV/SEOV, indicating that XSV is antigenically closer to human-infecting HVs. In addition a study of the distribution of the viruses identified an area covering the region between Chinese Guangxi and North Vietnam, in which XSV and LAIV circulate within different bat colonies with a high seroprevalence. A circulation sphere of bat-borne HVs has therefore been proposed.",
   "publish_time": "2019 Jan 22",
   "authors": [
      "Xu, Lin",
      "Wu, Jianmin",
      "Li, Qi",
      "Wei, Yamei",
      "Tan, Zhizhou",
      "Cai, Jianqiu",
      "Guo, Huancheng",
      "Yang, Ling\u2019en",
      "Huang, Xiaohong",
      "Chen, Jing",
      "Zhang, Fuqiang",
      "He, Biao",
      "Tu, Changchun"
   ],
   "journal": "PLoS Pathog",
   "has_full_text": "True",
   "full_text_file": "comm_use_subset",
   "id": "https://doi.org/10.1371/journal.ppat.1007545",
   "pubtator": "PMC6358112",
   "fhir_link": [
      "Commercial/Composition/53847cf95615b651c07388b52222211db0b4d303"
   ]
}