{
   "sha": "ca5a2024931abd516addf3c4007d9a5b64432275",
   "source_x": "PMC",
   "title": "Host Determinants of MERS-CoV Transmission and Pathogenesis",
   "doi": "10.3390/v11030280",
   "pmcid": "PMC6466079",
   "pubmed_id": "30893947",
   "license": "cc-by",
   "abstract": "Middle East respiratory syndrome coronavirus (MERS-CoV) is a zoonotic pathogen that causes respiratory infection in humans, ranging from asymptomatic to severe pneumonia. In dromedary camels, the virus only causes a mild infection but it spreads efficiently between animals. Differences in the behavior of the virus observed between individuals, as well as between humans and dromedary camels, highlight the role of host factors in MERS-CoV pathogenesis and transmission. One of these host factors, the MERS-CoV receptor dipeptidyl peptidase-4 (DPP4), may be a critical determinant because it is variably expressed in MERS-CoV-susceptible species as well as in humans. This could partially explain inter- and intraspecies differences in the tropism, pathogenesis, and transmissibility of MERS-CoV. In this review, we explore the role of DPP4 and other host factors in MERS-CoV transmission and pathogenesis\u2014such as sialic acids, host proteases, and interferons. Further characterization of these host determinants may potentially offer novel insights to develop intervention strategies to tackle ongoing outbreaks.",
   "publish_time": "2019 Mar 19",
   "authors": [
      "Widagdo, W.",
      "Sooksawasdi Na Ayudhya, Syriam",
      "Hundie, Gadissa B.",
      "Haagmans, Bart L."
   ],
   "journal": "Viruses",
   "has_full_text": "True",
   "full_text_file": "comm_use_subset",
   "id": "https://doi.org/10.3390/v11030280",
   "pubtator": "PMC6466079",
   "fhir_link": [
      "Commercial/Composition/ca5a2024931abd516addf3c4007d9a5b64432275"
   ]
}