{
   "sha": "1821674721e32961f0f8c6aa3dc7c13c96b693c4",
   "source_x": "PMC",
   "title": "Mortality due to Cryptococcus neoformans and Cryptococcus gattii in low-income settings: an autopsy study",
   "doi": "10.1038/s41598-019-43941-w",
   "pmcid": "PMC6522501",
   "pubmed_id": "31097746",
   "license": "cc-by",
   "abstract": "Cryptococcosis is a major opportunistic infection and is one of the leading causes of death in adults living with HIV in sub-Saharan Africa. Recent estimates indicate that more than 130,000 people may die annually of cryptococcal meningitis in this region. Although complete diagnostic autopsy (CDA) is considered the gold standard for determining the cause of death, it is seldom performed in low income settings. In this study, a CDA was performed in 284 deceased patients from Mozambique (n = 223) and Brazil (n = 61). In depth histopathological and microbiological analyses were carried out in all cases dying of cryptococcosis. We determined the cryptococcal species, the molecular and sero-mating types and antifungal susceptibility. We also described the organs affected and reviewed the clinical presentation and patient management. Among the 284 cases included, 17 fatal cryptococcal infections were diagnosed. Cryptococcus was responsible for 16 deaths among the 163 HIV-positive patients (10%; 95%CI: 6\u201315%), including four maternal deaths. One third of the cases corresponded to C. gattii (VGI and VGIV molecular types, B\u03b1 and C\u03b1 strains) and the remaining infections typed were caused by C. neoformans var. Grubii (all VNI and A\u03b1 strains). The level of pre-mortem clinical suspicion was low (7/17, 41%), and 7/17 patients (41%) died within the first 72 hours of admission. Cryptococcosis was responsible for a significant proportion of AIDS-related mortality. The clinical diagnosis and patient management were inadequate, supporting the need for cryptococcal screening for early detection of the disease. This is the first report of the presence of C. gattii infection in Mozambique.",
   "publish_time": "2019 May 16",
   "authors": [
      "Hurtado, Juan Carlos",
      "Castillo, Paola",
      "Fernandes, Fabiola",
      "Navarro, Mireia",
      "Lovane, Lucilia",
      "Casas, Isaac",
      "Quint\u00f3, Lloren\u00e7",
      "Marco, Francesc",
      "Jordao, Dercio",
      "Ismail, Mamudo R.",
      "Lorenzoni, Cesaltina",
      "Martinez-Palhares, Antonio E.",
      "Ferreira, Luiz",
      "Lacerda, Marcus",
      "Monteiro, Wuelton",
      "Sanz, Ariadna",
      "Letang, Emilio",
      "Marimon, Lorena",
      "Jesri, Susan",
      "Cossa, Anelsio",
      "Mandomando, Inacio",
      "Vila, Jordi",
      "Bassat, Quique",
      "Ordi, Jaume",
      "Men\u00e9ndez, Clara",
      "Carrilho, Carla",
      "Mart\u00ednez, Miguel J."
   ],
   "journal": "Sci Rep",
   "has_full_text": "True",
   "full_text_file": "comm_use_subset",
   "id": "https://doi.org/10.1038/s41598-019-43941-w",
   "pubtator": "PMC6522501",
   "fhir_link": [
      "Commercial/Composition/1821674721e32961f0f8c6aa3dc7c13c96b693c4"
   ]
}