{
   "source_x": "PMC",
   "title": "Use of the COOH Portion of the Nucleocapsid Protein in an Antigen-Capturing Enzyme-Linked Immunosorbent Assay for Specific and Sensitive Detection of Severe Acute Respiratory Syndrome Coronavirus",
   "doi": "http://dx.doi.org/10.1128/CDLI.12.3.474-476.2005",
   "pmcid": "PMC1065208",
   "abstract": "Antibody detection with a recombinant COOH portion of the severe acute respiratory syndrome (SARS) coronavirus nucleocapsid (N) protein, N13 (amino acids 221 to 422), was demonstrated to be more specific and sensitive than that with the full-length N protein, and an N13-based antigen-capturing enzyme-linked immunosorbent assay providing a convenient and specific test for serodiagnosis and epidemiological study of SARS was developed.",
   "authors": [
      "['Qiu, Maofeng', 'Wang, Jin', 'Wang, Hongxia', 'Chen, Zeliang', 'Dai, Erhei', 'Guo, Zhaobiao', 'Wang, Xiaoyi', 'Pang, Xin', 'Fan, Baoxing', 'Wen, Jie', 'Wang, Jian', 'Yang, Ruifu']"
   ],
   "id": "https://www.ncbi.nlm.nih.gov/pmc/articles/PMC1065208"
}