{
   "source_x": "PMC",
   "title": "Identification of a Novel Coronavirus in Bats",
   "doi": "http://dx.doi.org/10.1128/JVI.79.4.2001-2009.2005",
   "pmcid": "PMC546586",
   "abstract": "Exotic wildlife can act as reservoirs of diseases that are endemic in the area or can be the source of new emerging diseases through interspecies transmission. The recent emergence of severe acute respiratory syndrome-associated coronavirus (SARS-CoV) highlights the importance of virus surveillance in wild animals. Here, we report the identification of a novel bat coronavirus through surveillance of coronaviruses in wildlife. Analyses of the RNA sequence from the ORF1b and S-gene regions indicated that the virus is a group 1 coronavirus. The virus was detected in fecal and respiratory samples from three bat species (Miniopterus spp.). In particular, 63% (12 of 19) of fecal samples from Miniopterus pusillus were positive for the virus. These findings suggest that this virus might be commonly circulating in M. pusillus in Hong Kong.",
   "authors": [
      "['Poon, L. L. M.', 'Chu, D. K. W.', 'Chan, K. H.', 'Wong, O. K.', 'Ellis, T. M.', 'Leung, Y. H. C.', 'Lau, S. K. P.', 'Woo, P. C. Y.', 'Suen, K. Y.', 'Yuen, K. Y.', 'Guan, Y.', 'Peiris, J. S. M.']"
   ],
   "id": "https://www.ncbi.nlm.nih.gov/pmc/articles/PMC546586"
}