{
   "sha": "c71d6e115ba17a5b6263cf65de99c7c0fa7d487a",
   "source_x": "PMC",
   "title": "The use and reporting of airline passenger data for infectious disease modelling: a systematic review",
   "doi": "10.2807/1560-7917.ES.2019.24.31.1800216",
   "pmcid": "PMC6685100",
   "pubmed_id": "31387671",
   "license": "cc-by",
   "abstract": "BACKGROUND: A variety of airline passenger data sources are used for modelling the international spread of infectious diseases. Questions exist regarding the suitability and validity of these sources. AIM: We conducted a systematic review to identify the sources of airline passenger data used for these purposes and to assess validation of the data and reproducibility of the methodology. METHODS: Articles matching our search criteria and describing a model of the international spread of human infectious disease, parameterised with airline passenger data, were identified. Information regarding type and source of airline passenger data used was collated and the studies\u2019 reproducibility assessed. RESULTS: We identified 136 articles. The majority (n = 96) sourced data primarily used by the airline industry. Governmental data sources were used in 30 studies and data published by individual airports in four studies. Validation of passenger data was conducted in only seven studies. No study was found to be fully reproducible, although eight were partially reproducible. LIMITATIONS: By limiting the articles to international spread, articles focussed on within-country transmission even if they used relevant data sources were excluded. Authors were not contacted to clarify their methods. Searches were limited to articles in PubMed, Web of Science and Scopus. CONCLUSION: We recommend greater efforts to assess validity and biases of airline passenger data used for modelling studies, particularly when model outputs are to inform national and international public health policies. We also recommend improving reporting standards and more detailed studies on biases in commercial and open-access data to assess their reproducibility.",
   "publish_time": "2019 Aug 1",
   "authors": [
      "Mesl\u00e9, Margaux Marie Isabelle",
      "Hall, Ian Melvyn",
      "Christley, Robert Matthew",
      "Leach, Steve",
      "Read, Jonathan Michael"
   ],
   "journal": "Euro Surveill",
   "has_full_text": "True",
   "full_text_file": "comm_use_subset",
   "id": "https://doi.org/10.2807/1560-7917.ES.2019.24.31.1800216",
   "pubtator": "PMC6685100",
   "fhir_link": [
      "Commercial/Composition/c71d6e115ba17a5b6263cf65de99c7c0fa7d487a"
   ]
}