{
   "sha": "b4f6baab270ef953349d05c6f2936803c92bf4b4",
   "source_x": "PMC",
   "title": "Single Stranded DNA Viruses Associated with Capybara Faeces Sampled in Brazil",
   "doi": "10.3390/v11080710",
   "pmcid": "PMC6723397",
   "pubmed_id": "31382446",
   "license": "cc-by",
   "abstract": "Capybaras (Hydrochoerus hydrochaeris), the world\u2019s largest rodents, are distributed throughout South America. These wild herbivores are commonly found near water bodies and are well adapted to rural and urban areas. There is limited information on the viruses circulating through capybaras. This study aimed to expand the knowledge on the viral diversity associated with capybaras by sampling their faeces. Using a viral metagenomics approach, we identified diverse single-stranded DNA viruses in the capybara faeces sampled in the Distrito Federal, Brazil. A total of 148 complete genomes of viruses in the Microviridae family were identified. In addition, 14 genomoviruses (family Genomoviridae), a novel cyclovirus (family Circoviridae), and a smacovirus (family Smacoviridae) were identified. Also, 37 diverse viruses that cannot be assigned to known families and more broadly referred to as unclassified circular replication associated protein encoding single-stranded (CRESS) DNA viruses were identified. This study provides a snapshot of the viral diversity associated with capybaras that may be infectious to these animals or associated with their microbiota or diet.",
   "publish_time": "2019 Aug 2",
   "authors": [
      "Fontenele, Rafaela S.",
      "Lacorte, Cristiano",
      "Lamas, Natalia S.",
      "Schmidlin, Kara",
      "Varsani, Arvind",
      "Ribeiro, Simone G."
   ],
   "journal": "Viruses",
   "has_full_text": "True",
   "full_text_file": "comm_use_subset",
   "id": "https://doi.org/10.3390/v11080710",
   "pubtator": "PMC6723397",
   "fhir_link": [
      "Commercial/Composition/b4f6baab270ef953349d05c6f2936803c92bf4b4"
   ]
}