{
   "source_x": "PMC",
   "title": "Reverse Genetic Analysis of the Transcription Regulatory Sequence of the Coronavirus Transmissible Gastroenteritis Virus",
   "doi": "http://dx.doi.org/10.1128/JVI.78.11.6061-6066.2004",
   "pmcid": "PMC415797",
   "abstract": "Coronavirus discontinuous transcription uses a highly conserved sequence (CS) in the joining of leader and body RNAs. Using a full-length infectious construct of transmissable gastroenteritis virus, the present study demonstrates that subgenomic transcription is heavily influenced by upstream flanking sequences and supports a mechanism of transcription attenuation that is regulated in part by a larger domain composed of primarily upstream flanking sequences which select appropriately positioned CS elements for synthesis of subgenomic RNAs.",
   "authors": [
      "['Curtis, Kristopher M.', 'Yount, Boyd', 'Sims, Amy C.', 'Baric, Ralph S.']"
   ],
   "id": "https://www.ncbi.nlm.nih.gov/pmc/articles/PMC415797"
}