{
   "sha": "80ae0645a59c66f34ce7fe53fba4a00404b1c740",
   "source_x": "PMC",
   "title": "A bibliometric analysis of IL-35 research from 2009 to 2018",
   "doi": "10.7717/peerj.7992",
   "pmcid": "PMC6825408",
   "pubmed_id": "31687283",
   "license": "cc-by",
   "abstract": "BACKGROUND: Interleukin-35 (IL-35) is a recently discovered cytokine that plays a role in immune suppression and has therefore been the subject of a great deal of research. A bibliometric analysis of the global research concerning IL-35, however, is rare. OBJECTIVES: The aim of this research was to assess the international scientific output of IL-35 research and explore its hotspots and frontiers from 2009 to 2018 by bibliometric analysis. METHODS: Publications about IL-35 research from 2009 to 2018 were retrieved from the Web of Science Core Collection (WoSCC). Citespace V was used to analyze years, journals, countries, research institutions, areas of exploration, research hotspots, and trends of publication. RESULTS: We retrieved a total of 416 publications and observed a trend of publications increasing over the past decade. Original articles (351) were the most frequently occurring document type. The largest number of publications belonging to one country and one institution, respectively, was China (202) and Tianjin Medical University (17). Trending keywords may indicate frontier topics, including \u201cinfectious tolerance,\u201d \u201cautoimmune,\u201d and \u201ccentral nervous system.\u201d CONCLUSION: This study provides valuable information on the study of IL-35 so that researchers may identify new research fields.",
   "publish_time": "2019 Oct 30",
   "authors": [
      "Cai, Xulong",
      "Zhou, Chenrong",
      "Zhou, Li",
      "Xu, Qiaolan"
   ],
   "journal": "PeerJ",
   "has_full_text": "True",
   "full_text_file": "comm_use_subset",
   "id": "https://doi.org/10.7717/peerj.7992",
   "pubtator": "PMC6825408",
   "fhir_link": [
      "Commercial/Composition/80ae0645a59c66f34ce7fe53fba4a00404b1c740"
   ]
}