{
   "sha": "6c5521b73b11d4e229b4ca98f116bc32aa4052c3",
   "source_x": "PMC",
   "title": "Probing genomic diversity and evolution of Streptococcus suis serotype 2 by NimbleGen tiling arrays",
   "doi": "http://dx.doi.org/10.1186/1471-2164-12-219",
   "pmcid": "PMC3118785",
   "pubmed_id": "21554741",
   "license": "CC BY",
   "abstract": "BACKGROUND: Our previous studies revealed that a new disease form of streptococcal toxic shock syndrome (STSS) is associated with specific Streptococcus suis serotype 2 (SS2) strains. To achieve a better understanding of the pathogenicity and evolution of SS2 at the whole-genome level, comparative genomic analysis of 18 SS2 strains, selected on the basis of virulence and geographic origin, was performed using NimbleGen tiling arrays. RESULTS: Our results demonstrate that SS2 isolates have highly divergent genomes. The 89K pathogenicity island (PAI), which has been previously recognized as unique to the Chinese epidemic strains causing STSS, was partially included in some other virulent and avirulent strains. The ABC-type transport systems, encoded by 89K, were hypothesized to greatly contribute to the catastrophic features of STSS. Moreover, we identified many polymorphisms in genes encoding candidate or known virulence factors, such as PlcR, lipase, sortases, the pilus-associated proteins, and the response regulator RevS and CtsR. On the basis of analysis of regions of differences (RDs) across the entire genome for the 18 selected SS2 strains, a model of microevolution for these strains is proposed, which provides clues into Streptococcus pathogenicity and evolution. CONCLUSIONS: Our deep comparative genomic analysis of the 89K PAI present in the genome of SS2 strains revealed details into how some virulent strains acquired genes that may contribute to STSS, which may lead to better environmental monitoring of epidemic SS2 strains.",
   "publish_time": "2011 May 10",
   "authors": [
      "['Wu, Zuowei', 'Li, Ming', 'Wang, Changjun', 'Li, Jing', 'Lu, Na', 'Zhang, Ruifen', 'Jiang, Yongqiang', 'Yang, Ruifu', 'Liu, Cuihua', 'Liao, Hui', 'Gao, George F', 'Tang, Jiaqi', 'Zhu, Baoli']"
   ],
   "journal": "BMC Genomics",
   "has_full_text": "True",
   "id": "6c5521b73b11d4e229b4ca98f116bc32aa4052c3",
   "fhir_link": "Commercial/6c5521b73b11d4e229b4ca98f116bc32aa4052c3"
}