{
   "sha": "c1e2ffff403bab75c973812b3bf2e8d5a2f07600",
   "source_x": "PMC",
   "title": "Human core duplicon gene families: game changers or game players?",
   "doi": "10.1093/bfgp/elz016",
   "pmcid": "PMC6920530",
   "pubmed_id": "31529038",
   "license": "cc-by",
   "abstract": "Illuminating the role of specific gene duplications within the human lineage can provide insights into human-specific adaptations. The so-called human core duplicon gene families have received particular attention in this respect, due to special features, such as expansion along single chromosomes, newly acquired protein domains and signatures of positive selection. Here, we summarize the data available for 10 such families and include some new analyses. A picture emerges that suggests broad functions for these protein families, possibly through modification of core cellular pathways. Still, more dedicated studies are required to elucidate the function of core-duplicons gene families and how they have shaped adaptations and evolution of humans.",
   "publish_time": "2019 Sep 16",
   "authors": [
      "Bekpen, Cemalettin",
      "Tautz, Diethard"
   ],
   "journal": "Brief Funct Genomics",
   "has_full_text": "True",
   "full_text_file": "comm_use_subset",
   "id": "https://doi.org/10.1093/bfgp/elz016",
   "pubtator": "PMC6920530",
   "fhir_link": [
      "Commercial/Composition/c1e2ffff403bab75c973812b3bf2e8d5a2f07600"
   ]
}