{
   "sha": "f61c2dbfa5417548e87ffd4da8286b37f9479b09",
   "source_x": "PMC",
   "title": "Multidose intramuscular allogeneic adipose stem cells decrease the severity of canine atopic dermatitis: A pilot study",
   "doi": "10.14202/vetworld.2019.1747-1754",
   "pmcid": "PMC6925044",
   "pubmed_id": "32025111",
   "license": "cc-by",
   "abstract": "AIM: The aim of this pilot study was to evaluate the therapeutic and safety performance of an intramuscular treatment protocol of multidose of allogeneic adipose stem cells (ASCs) isolated, characterized, and expanded ex vivo from a healthy canine donor. MATERIALS AND METHODS: Twelve dogs diagnosed with canine atopic dermatitis (CAD) were intramuscularly treated with 0.5\u00d710(6) of cryopreserved ASCs from a healthy immunized young canine Ehrlichia canis free donor weekly for 6 weeks. Treatment efficacy was evaluated by the pruritus index and the CAD Lesion Index (CADLI) test. Safety and adverse effects were determined by injection site reaction, weight, blood chemistry, liver function, and whole blood count. RESULTS: Canine ASCs obtained from a donor met the minimum qualities required for this type of cells and showed viability of 90% after thawing. The efficacy of the CADLI score and the pruritus index in 12 dogs with atopic dermatitis was statistically significant efficacy. No adverse reactions were observed at the intramuscular application site, or in relation to animal weight, blood cell populations, or liver and renal function. CONCLUSION: These results suggest that intramuscular administration of cryopreserved ASCs to dogs with atopic dermatitis is a promising cellular therapeutic product for the relief of the symptoms of this disease; however, the duration of the effects obtained with this dose and with other doses should be evaluated, as well as possible immune reactions. As far as we know, this is the first report of the use of multiple intramuscular doses cryopreserved ASCs to treat atopic dermatitis.",
   "publish_time": "2019 Nov 8",
   "authors": [
      "Enciso, Nathaly",
      "Amiel, Jos\u00e9",
      "Pando, John",
      "Enciso, Javier"
   ],
   "journal": "Vet World",
   "has_full_text": "True",
   "full_text_file": "comm_use_subset",
   "id": "https://doi.org/10.14202/vetworld.2019.1747-1754",
   "pubtator": "PMC6925044",
   "fhir_link": [
      "Commercial/Composition/f61c2dbfa5417548e87ffd4da8286b37f9479b09"
   ]
}