{
   "sha": "8931fabdc25094445ab2450c3a5117dab632e868",
   "source_x": "PMC",
   "title": "Cooh-Terminal Truncations Promote Proteasome-Dependent Degradation of Mature Cystic Fibrosis Transmembrane Conductance Regulator from Post-Golgi Compartments",
   "pmcid": "PMC2174331",
   "pubmed_id": "11381082",
   "license": "cc-by-nc-sa",
   "abstract": "Impaired biosynthetic processing of the cystic fibrosis (CF) transmembrane conductance regulator (CFTR), a cAMP-regulated chloride channel, constitutes the most common cause of CF. Recently, we have identified a distinct category of mutation, caused by premature stop codons and frameshift mutations, which manifests in diminished expression of COOH-terminally truncated CFTR at the cell surface. Although the biosynthetic processing and plasma membrane targeting of truncated CFTRs are preserved, the turnover of the complex-glycosylated mutant is sixfold faster than its wild-type (wt) counterpart. Destabilization of the truncated CFTR coincides with its enhanced susceptibility to proteasome-dependent degradation from post-Golgi compartments globally, and the plasma membrane specifically, determined by pulse\u2013chase analysis in conjunction with cell surface biotinylation. Proteolytic cleavage of the full-length complex-glycosylated wt and degradation intermediates derived from both T70 and wt CFTR requires endolysosomal proteases. The enhanced protease sensitivity in vitro and the decreased thermostability of the complex-glycosylated T70 CFTR in vivo suggest that structural destabilization may account for the increased proteasome susceptibility and the short residence time at the cell surface. These in turn are responsible, at least in part, for the phenotypic manifestation of CF. We propose that the proteasome-ubiquitin pathway may be involved in the peripheral quality control of other, partially unfolded membrane proteins as well.",
   "publish_time": "2001 May 28",
   "authors": [
      "Benharouga, Mohamed",
      "Haardt, Martin",
      "Kartner, Norbert",
      "Lukacs, Gergely L."
   ],
   "journal": "J Cell Biol",
   "has_full_text": "True",
   "full_text_file": "noncomm_use_subset",
   "id": "https://www.ncbi.nlm.nih.gov/pubmed/11381082",
   "pubtator": "PMC2174331",
   "fhir_link": [
      "Non-comercial/Composition/8931fabdc25094445ab2450c3a5117dab632e868"
   ]
}