{
   "sha": "d92992c5c544e78fdc31b8d52a1aa14c84ef0807",
   "source_x": "PMC",
   "title": "Identification of Adenovirus, Influenza Virus, Parainfluenza Virus, and Respiratory Syncytial Virus by Two Kinds of Multiplex Polymerase Chain Reaction (PCR) and a Shell Vial Culture in Pediatric Patients with Viral Pneumonia",
   "doi": "10.3349/ymj.2010.51.5.761",
   "pmcid": "PMC2908874",
   "pubmed_id": "20635453",
   "license": "cc-by-nc",
   "abstract": "PURPOSE: Early identification of causative agents in lower respiratory infection of pediatric patients can reduce morbidity and prevent an overuse of antimicrobials. Two kinds of multiplex polymerase chain reaction (PCR) and a commercial shell vial viral culture were performed to identify causative agents in pediatric patients. MATERIALS AND METHODS: Nasopharyngeal aspirates of 220 children diagnosed with viral pneumonia were obtained. Two kinds of multiplex PCR (Seeplex\u2122 RV detection kit, and Labopass\u2122 RV detection kit), and a shell vial culture by R-Mix were performed. RESULTS: Positive samples from 220 total samples by two multiplex PCRs were 52.7% and 46.4%, respectively. We also cultured 103 samples that showed positive results of the adenovirus, influenza virus, parainfluenza virus, and respiratory syncytial virus (RSV) by two multiplex PCR. The RSV was most frequently detected in 53.0% (Seeplex) and 51.7% (Labopass) of patients. The detection rate of adenovirus (AdV) was 10.3% and 12.1%, influenza virus (IFV) A and B was 12.5% and 3.4%, and parainfluenza virus (PIFV) 1, 2, and 3 were 2.9% and 2.6%. Shell vial cultures showed concordant results with each multiplex PCR by 96.1% and 77.7%, respectively. Sequencing results were 90% consistent with multiplex PCR. CONCLUSION: Multiplex PCR showed more positivity than the shell vial culture and it can be an effective primary test. Other complementary efforts such as viral cultures and sequencing analysis could be considered, according to clinical and laboratory conditions.",
   "publish_time": "2010 Sep 1",
   "authors": [
      "Lee, Jong-Han",
      "Chun, Jin-Kyong",
      "Kim, Dong Soo",
      "Park, Yongjung",
      "Choi, Jong Rak",
      "Kim, Hyon-Suk"
   ],
   "journal": "Yonsei Med J",
   "has_full_text": "True",
   "full_text_file": "noncomm_use_subset",
   "id": "https://doi.org/10.3349/ymj.2010.51.5.761",
   "pubtator": "PMC2908874",
   "fhir_link": [
      "Non-comercial/Composition/d92992c5c544e78fdc31b8d52a1aa14c84ef0807"
   ]
}