{
   "sha": "1f71a8f9029056b6e7656ebd885ccce476e2f623",
   "source_x": "PMC",
   "title": "A Systems Biology Approach to Infectious Disease Research: Innovating the Pathogen-Host Research Paradigm",
   "doi": "10.1128/mBio.00325-10",
   "pmcid": "PMC3034460",
   "pubmed_id": "21285433",
   "license": "cc-by-nc-sa",
   "abstract": "The twentieth century was marked by extraordinary advances in our understanding of microbes and infectious disease, but pandemics remain, food and waterborne illnesses are frequent, multidrug-resistant microbes are on the rise, and the needed drugs and vaccines have not been developed. The scientific approaches of the past\u2014including the intense focus on individual genes and proteins typical of molecular biology\u2014have not been sufficient to address these challenges. The first decade of the twenty-first century has seen remarkable innovations in technology and computational methods. These new tools provide nearly comprehensive views of complex biological systems and can provide a correspondingly deeper understanding of pathogen-host interactions. To take full advantage of these innovations, the National Institute of Allergy and Infectious Diseases recently initiated the Systems Biology Program for Infectious Disease Research. As participants of the Systems Biology Program, we think that the time is at hand to redefine the pathogen-host research paradigm.",
   "publish_time": "2011 Feb 1",
   "authors": [
      "Aderem, Alan",
      "Adkins, Joshua N.",
      "Ansong, Charles",
      "Galagan, James",
      "Kaiser, Shari",
      "Korth, Marcus J.",
      "Law, G. Lynn",
      "McDermott, Jason G.",
      "Proll, Sean C.",
      "Rosenberger, Carrie",
      "Schoolnik, Gary",
      "Katze, Michael G."
   ],
   "journal": "mBio",
   "has_full_text": "True",
   "full_text_file": "noncomm_use_subset",
   "id": "https://doi.org/10.1128/mBio.00325-10",
   "pubtator": "PMC3034460",
   "fhir_link": [
      "Non-comercial/Composition/1f71a8f9029056b6e7656ebd885ccce476e2f623"
   ]
}