{
   "sha": "7e92581ed1b5f05b3002790d3cd71974982f7a3f",
   "source_x": "PMC",
   "title": "Receptor-binding domains of spike proteins of emerging or re-emerging viruses as targets for development of antiviral vaccines",
   "doi": "10.1038/emi.2012.1",
   "pmcid": "PMC3630917",
   "pubmed_id": "26038424",
   "license": "cc-by-nc-nd",
   "abstract": "A number of emerging and re-emerging viruses have caused epidemics or pandemics of infectious diseases leading to major devastations throughout human history. Therefore, developing effective and safe vaccines against these viruses is clearly important for the protection of at-risk populations. Our previous studies have shown that the receptor-binding domain (RBD) in the spike protein of severe acute respiratory syndrome (SARS)-associated coronavirus (SARS-CoV) is a key target for the development of SARS vaccines. In this review, we highlight some key advances in the development of antiviral vaccines targeting the RBDs of spike proteins of emerging and re-emerging viruses, using SARS-CoV, influenza virus, Hendra virus (HeV) and Nipah virus (NiV) as examples.",
   "publish_time": "2012 Aug 8",
   "authors": [
      "Jiang, Shibo",
      "Lu, Lu",
      "Liu, Qi",
      "Xu, Wei",
      "Du, Lanying"
   ],
   "journal": "Emerg Microbes Infect",
   "has_full_text": "True",
   "full_text_file": "noncomm_use_subset",
   "id": "https://doi.org/10.1038/emi.2012.1",
   "pubtator": "PMC3630917",
   "fhir_link": [
      "Non-comercial/Composition/7e92581ed1b5f05b3002790d3cd71974982f7a3f"
   ]
}