{
   "source_x": "PMC",
   "title": "Human Coronavirus 229E Infects Polarized Airway Epithelia from the Apical Surface",
   "pmcid": "PMC102122",
   "abstract": "Gene transfer to differentiated airway epithelia with existing viral vectors is very inefficient when they are applied to the apical surface. This largely reflects the polarized distribution of receptors on the basolateral surface. To identify new receptor-ligand interactions that might be used to redirect vectors to the apical surface, we investigated the process of infection of airway epithelial cells by human coronavirus 229E (HCoV-229E), a common cause of respiratory tract infections. Using immunohistochemistry, we found the receptor for HCoV-229E (CD13 or aminopeptidase N) localized mainly to the apical surface of airway epithelia. When HCoV-229E was applied to the apical or basolateral surface of well-differentiated primary cultures of human airway epithelia, infection primarily occurred from the apical side. Similar results were noted when the virus was applied to cultured human tracheal explants. Newly synthesized virions were released mainly to the apical side. Thus, HCoV-229E preferentially infects human airway epithelia from the apical surface. The spike glycoprotein that mediates HCoV-229E binding and fusion to CD13 is a candidate for pseudotyping retroviral envelopes or modifying other viral vectors.",
   "authors": [
      "['Wang, Guoshun', 'Deering, Camille', 'Macke, Michael', 'Shao, Jianqiang', 'Burns, Royce', 'Blau, Dianna M.', 'Holmes, Kathryn V.', 'Davidson, Beverly L.', 'Perlman, Stanley', 'McCray, Paul B.']"
   ],
   "id": "https://www.ncbi.nlm.nih.gov/pmc/articles/PMC102122"
}