{
   "sha": "22dce3fab7317bb2a8ff48f0da6f2c9717dc6ed9",
   "source_x": "PMC",
   "title": "Phylogenetic Analysis of Astrovirus and Kobuvirus in Korean Dogs",
   "doi": "10.1292/jvms.13-0585",
   "pmcid": "PMC4155196",
   "pubmed_id": "24784439",
   "license": "cc-by-nc-nd",
   "abstract": "Astroviruses and kobuviruses are frequently found in mammalian feces, including that of humans. The present study examined fecal samples from 91 Korean dogs suffering from diarrhea. Canine astroviruses (CAstVs) and canine kobuviruses (CKoVs) were identified in 2 (2.1%) and 46 (50.6%) dogs, respectively. Nucleotide sequence analysis coupled with phylogenetic analysis using the neighbor-joining method showed that CAstVs clustered into four genetically diverse groups. Two Korean CAstVs belonged to group 2 alongside strains isolated in Italy and France. Twelve of the Korean CKoVs belonged to a single clade, along with strain UK003 identified in the UK and six CKoVs identified in the USA. Thus, the results suggest that the Korean strain of CAstV is closely related to strains isolated in Europe. Surely, CKoV in South Korea could identify the circulation among dogs population.",
   "publish_time": "2014 Aug 1",
   "authors": [
      "CHOI, Sarah",
      "LIM, Seong-In",
      "KIM, Yong Kwan",
      "CHO, Yoon-Young",
      "SONG, Jae-Young",
      "AN, Dong-Jun"
   ],
   "journal": "J Vet Med Sci",
   "has_full_text": "True",
   "full_text_file": "noncomm_use_subset",
   "id": "https://doi.org/10.1292/jvms.13-0585",
   "pubtator": "PMC4155196",
   "fhir_link": [
      "Non-comercial/Composition/22dce3fab7317bb2a8ff48f0da6f2c9717dc6ed9"
   ]
}