{
   "sha": "6bb631f4a1c7c8c53d07c971b5e52a2563c66106",
   "source_x": "PMC",
   "title": "Genetic and antigenic analysis of Chlamydia pecorum strains isolated from calves with diarrhea",
   "doi": "10.1292/jvms.14-0585",
   "pmcid": "PMC4527498",
   "pubmed_id": "25728336",
   "license": "cc-by-nc-nd",
   "abstract": "Chlamydia pecorum (designated 22\u201358) was isolated in 2010 in HmLu-1 cells from the jejunum of a calf which died of necrotizing enterocolitis in Yamaguchi Prefecture, Japan. Immunohistochemical staining identified C. pecorum positive reactions in the jejunal villi. C. pecorum, designated 24\u2013100, was isolated from the feces of a calf with diarrhea in another farm in Yamaguchi Prefecture in 2012. A significant increase in neutralizing antibody titers against C. pecorum was confirmed in paired sera. Nucleotide sequence identities of omp1 genes of the 2 isolates were 100%. The isolates were genetically and antigenically more closely related to C. pecorum Bo/Yokohama strain isolated from cattle with enteritis in Japan than to the other prototype strains, Bo/Maeda isolated from cattle with pneumonia and Ov/IPA isolated from sheep with polyarthritis. These results indicate that C. pecorum strains similar to 22\u201358 and 24\u2013100 might be endemic in Yamaguchi Prefecture and cause enteric disease in cattle.",
   "publish_time": "2015 Jul 27",
   "authors": [
      "OHTANI, Akifumi",
      "KUBO, Masahito",
      "SHIMODA, Hiroshi",
      "OHYA, Kenji",
      "IRIBE, Tadashi",
      "OHISHI, Daiki",
      "ENDOH, Daiji",
      "OMATSU, Tsutomu",
      "MIZUTANI, Tetsuya",
      "FUKUSHI, Hideto",
      "MAEDA, Ken"
   ],
   "journal": "J Vet Med Sci",
   "has_full_text": "True",
   "full_text_file": "noncomm_use_subset",
   "id": "https://doi.org/10.1292/jvms.14-0585",
   "pubtator": "PMC4527498",
   "fhir_link": [
      "Non-comercial/Composition/6bb631f4a1c7c8c53d07c971b5e52a2563c66106"
   ]
}