{
   "sha": "d7fa2195f292b4bd5cf3bce7670b11c254770923",
   "source_x": "PMC",
   "title": "Assessment of the Antiviral Properties of Recombinant Porcine SP-D against Various Influenza A Viruses In Vitro",
   "doi": "http://dx.doi.org/10.1371/journal.pone.0025005",
   "pmcid": "PMC3173486",
   "pubmed_id": "21935489",
   "license": "CC BY",
   "abstract": "The emergence of influenza viruses resistant to existing classes of antiviral drugs raises concern and there is a need for novel antiviral agents that could be used therapeutically or prophylacticaly. Surfactant protein D (SP-D) belongs to the family of C-type lectins which are important effector molecules of the innate immune system with activity against bacteria and viruses, including influenza viruses. In the present study we evaluated the potential of recombinant porcine SP-D as an antiviral agent against influenza A viruses (IAVs) in vitro. To determine the range of antiviral activity, thirty IAVs of the subtypes H1N1, H3N2 and H5N1 that originated from birds, pigs and humans were selected and tested for their sensitivity to recombinant SP-D. Using these viruses it was shown by hemagglutination inhibition assay, that recombinant porcine SP-D was more potent than recombinant human SP-D and that especially higher order oligomeric forms of SP-D had the strongest antiviral activity. Porcine SP-D was active against a broad range of IAV strains and neutralized a variety of H1N1 and H3N2 IAVs, including 2009 pandemic H1N1 viruses. Using tissue sections of ferret and human trachea, we demonstrated that recombinant porcine SP-D prevented attachment of human seasonal H1N1 and H3N2 virus to receptors on epithelial cells of the upper respiratory tract. It was concluded that recombinant porcine SP-D holds promise as a novel antiviral agent against influenza and further development and evaluation in vivo seems warranted.",
   "publish_time": "2011 Sep 14",
   "authors": [
      "['Hillaire, Marine L. B.', 'van Eijk, Martin', 'van Trierum, Stella E.', 'van Riel, Debby', 'Saelens, Xavier', 'Romijn, Roland A.', 'Hemrika, Wieger', 'Fouchier, Ron A. M.', 'Kuiken, Thijs', 'Osterhaus, Albert D. M. E.', 'Haagsman, Henk P.', 'Rimmelzwaan, Guus F.']"
   ],
   "journal": "PLoS One",
   "has_full_text": "True",
   "id": "d7fa2195f292b4bd5cf3bce7670b11c254770923",
   "fhir_link": "Commercial/Composition/d7fa2195f292b4bd5cf3bce7670b11c254770923.json"
}