{
   "source_x": "PMC",
   "title": "Experimental genital mycoplasmosis: time of infection influences pregnancy outcome.",
   "pmcid": "PMC174072",
   "abstract": "Genital infection of rats with Mycoplasma pulmonis causes adverse pregnancy outcome and can result in in utero spread of infection to the fetus. The current study was designed to determine whether the stage of pregnancy when infection occurs influences pregnancy outcome. Rats were inoculated with 3 X 10(7) CFU of M. pulmonis at 10 days prior to breeding (-10) or at gestational day (gd) 11 or 14 and were necropsied at gd 11, 14, or 18 or within 24 h of parturition (term). Control rats received sterile broth. M. pulmonis was isolated from the placenta, amniotic fluid, or fetal tissues only from rats infected prior to breeding (P < 0.001). All infected rats had significantly more loss of pups than did control rats (P < 0.006), but rats infected prior to breeding or at the beginning of the third trimester (gd 14) were much more likely to have fetal losses. Rats infected in the early second trimester after implantation (gd 11) did not experience severe losses. Litter sizes, total litter weight, and individual pup weight from all infected rats, regardless of gestational stage when infected, were significantly smaller than those of control rats (P < 0.001). On the basis of the results of this study, we conclude that the time of infection plays a major role in determination of pregnancy outcome and spread of infection from the genital tract to the respiratory tract.",
   "authors": [
      "['Brown, M B', 'Steiner, D A']"
   ],
   "id": "https://www.ncbi.nlm.nih.gov/pmc/articles/PMC174072"
}