{
   "sha": "20a7363b3ad53472952cc80c03489ff56b7178bc",
   "source_x": "PMC",
   "title": "Safety of Tdap vaccine in pregnant women: an observational study",
   "doi": "10.1136/bmjopen-2015-010911",
   "pmcid": "PMC4838681",
   "pubmed_id": "27091823",
   "license": "cc-by-nc",
   "abstract": "OBJECTIVES: Actively recruit and intensively follow pregnant women receiving a dose of acellular pertussis vaccine for 4 weeks after vaccination. DESIGN AND SETTINGS: A prospective observational study conducted in 2 New Zealand regions. PARTICIPANTS: Women in their 28th\u201338th week of pregnancy, recruited from primary care and antenatal clinics at the time of Tdap administration. Telephone interviews were conducted at 48 h and 4 weeks postvaccination. MAIN OUTCOMES MEASURES: Outcomes were injection site reactions, systemic symptoms and serious adverse events (SAEs). Where available, data have been classified and reported according to Brighton Collaboration definitions. RESULTS: 793 women participated with 27.9% receiving trivalent inactivated influenza vaccine concomitantly. 79% of participants reported mild or moderate pain and 2.6% severe pain. Any swelling was reported by 7.6%, induration by 12.0% (collected from 1 site only, n=326), and erythema by 5.8% of participants. Fever was reported by 17 (2.1%) participants, 14 of these occurred within 24 h. Headache, dizziness, nausea, myalgia or arthralgia was reported by <4% of participants, respectively, and fatigue by 8.4%. During the study period, there were 115 adverse events in 113 participants, most of which were minor. At the end of the reporting period, 31 events were classified as serious (eg, obstetric bleeding, hypertension, infection, tachycardia, preterm labour, exacerbation of pre-existing condition and pre-eclampsia). All had variable onset time from vaccination. There were two perinatal deaths. Clinician assessment of all SAEs found none likely to be vaccine related. CONCLUSIONS: Vaccination with Tdap in pregnant women was well tolerated with no SAE likely to be caused by the vaccine. TRIAL REGISTRATION NUMBER: ACTRN12613001045707.",
   "publish_time": "2016 Apr 18",
   "authors": [
      "Petousis-Harris, Helen",
      "Walls, Tony",
      "Watson, Donna",
      "Paynter, Janine",
      "Graham, Patricia",
      "Turner, Nikki"
   ],
   "journal": "BMJ Open",
   "has_full_text": "True",
   "full_text_file": "noncomm_use_subset",
   "id": "https://doi.org/10.1136/bmjopen-2015-010911",
   "pubtator": "PMC4838681",
   "fhir_link": [
      "Non-comercial/Composition/20a7363b3ad53472952cc80c03489ff56b7178bc"
   ]
}