{
   "sha": "91abd69ad1b79240b58ffdfbce651e6980dca5bf",
   "source_x": "PMC",
   "title": "Preparation of a cell line persistently infected with maedi/visna virus and production of viral antigens",
   "doi": "10.1292/jvms.16-0340",
   "pmcid": "PMC5289251",
   "pubmed_id": "27795464",
   "license": "cc-by-nc-nd",
   "abstract": "We attempted to prepare a cell line that produces maedi/visna virus (MVV) and is free of contamination by other viruses and mycoplasmas. Three cell lines, which originated from a sheep, goat and bat, were infected with MVV and passaged approximately every 5 days. The cultured cells were then subjected to polymerase chain reaction analysis for MVV provirus. As a result, a cell line persistently infected with MVV was established from ZZ-R cells, which originated from the fetal goat tongue. The 50-fold concentrated culture fluid formed a precipitation line against reference antiserum.",
   "publish_time": "2017 Jan 30",
   "authors": [
      "SUZUKI, Kazuya",
      "OGUMA, Keisuke",
      "SENTSUI, Hiroshi"
   ],
   "journal": "J Vet Med Sci",
   "has_full_text": "True",
   "full_text_file": "noncomm_use_subset",
   "id": "https://doi.org/10.1292/jvms.16-0340",
   "pubtator": "PMC5289251",
   "fhir_link": [
      "Non-comercial/Composition/91abd69ad1b79240b58ffdfbce651e6980dca5bf"
   ]
}