{
   "sha": "a07f9dcafd10cee69fe4ba4dccdc8925ea997553",
   "source_x": "Elsevier",
   "title": "Chapter 16 Emerging and Reemerging Viral Diseases",
   "doi": "10.1016/B978-0-12-800947-5.00016-8",
   "license": "els-covid",
   "abstract": "Abstract An emerging infectious disease (EID) is defined as a disease caused by a pathogen that has not been observed previously within a population or geographic location. Viruses are a major cause of EIDs, particularly \u2212ssRNA viruses. Many variables are involved in the emergence or reemergence of viruses. These can be classified into human factors, environmental/ecological factors, and viral factors and include urbanization, globalization, weather and climate change, and the genetic composition of the virus. The great majority of emerging viral diseases are zoonoses, notably transmitted by arthropods and nonhuman mammals. Flaviviruses include several notable vector-transmitted viruses, while rodents and bats are thought to be the natural reservoirs of arenaviruses and filoviruses, respectively. This chapter discusses several notable outbreaks of emerging and reemerging viruses, including the 2014\u201315 outbreak of Ebolavirus in West Africa.",
   "publish_time": "2016-12-31",
   "authors": [
      "Louten, Jennifer"
   ],
   "journal": "Essential Human Virology",
   "has_full_text": "True",
   "full_text_file": "custom_license",
   "id": "https://doi.org/10.1016/B978-0-12-800947-5.00016-8",
   "fhir_link": [
      "PMC/Composition/a07f9dcafd10cee69fe4ba4dccdc8925ea997553"
   ]
}