{
   "sha": "67448222647675616fa788dcf9426cefa3fd9575",
   "source_x": "PMC",
   "title": "Monkeypox Virus Infections in Small Animal Models for Evaluation of Anti-Poxvirus Agents",
   "doi": "http://dx.doi.org/10.3390/v2122763",
   "pmcid": "PMC3185589",
   "pubmed_id": "21994638",
   "license": "CC BY",
   "abstract": "An ideal animal model for the study of a human disease is one which utilizes a route of infection that mimics the natural transmission of the pathogen; the ability to obtain disease with an infectious dose equivalent to that causing disease in humans; as well having a disease course, morbidity and mortality similar to that seen with human disease. Additionally, the animal model should have a mode(s) of transmission that mimics human cases. The development of small animal models for the study of monkeypox virus (MPXV) has been quite extensive for the relatively short period of time this pathogen has been known, although only a few of these models have been used to study anti-poxvirus agents. We will review those MPXV small animal models that have been developed thus far for the study of therapeutic agents.",
   "publish_time": "2010 Dec 20",
   "authors": [
      "['Hutson, Christina L.', 'Damon, Inger K.']"
   ],
   "journal": "Viruses",
   "has_full_text": "True",
   "id": "67448222647675616fa788dcf9426cefa3fd9575",
   "fhir_link": "Commercial/Composition/67448222647675616fa788dcf9426cefa3fd9575"
}