{
   "source_x": "PMC",
   "title": "Breast Milk: A vital defense against infection",
   "pmcid": "PMC2145744",
   "abstract": "The protective agents in colostrum and mature breast milk include specific antibodies, enzymes, leukocytes and their products, antibinding factors, antiviral factors, promoters of a protective intestinal microflora, and immune stimulators. These agents persist through the length of the infant's digestive tract, are unaffected by gastric acid and digestive enzymes, are present throughout lactation, and protect by noninflammatory mechanisms.",
   "authors": [
      "Joneja, Janice M. Vickerstaff"
   ],
   "id": "https://www.ncbi.nlm.nih.gov/pmc/articles/PMC2145744"
}