{
   "sha": "a6f36e3233319626ec737895c1d52dedd7aac0bf",
   "source_x": "PMC",
   "title": "Recombination in Eukaryotic Single Stranded DNA Viruses",
   "doi": "http://dx.doi.org/10.3390/v3091699",
   "pmcid": "PMC3187698",
   "pubmed_id": "21994803",
   "license": "CC BY",
   "abstract": "Although single stranded (ss) DNA viruses that infect humans and their domesticated animals do not generally cause major diseases, the arthropod borne ssDNA viruses of plants do, and as a result seriously constrain food production in most temperate regions of the world. Besides the well known plant and animal-infecting ssDNA viruses, it has recently become apparent through metagenomic surveys of ssDNA molecules that there also exist large numbers of other diverse ssDNA viruses within almost all terrestrial and aquatic environments. The host ranges of these viruses probably span the tree of life and they are likely to be important components of global ecosystems. Various lines of evidence suggest that a pivotal evolutionary process during the generation of this global ssDNA virus diversity has probably been genetic recombination. High rates of homologous recombination, non-homologous recombination and genome component reassortment are known to occur within and between various different ssDNA virus species and we look here at the various roles that these different types of recombination may play, both in the day-to-day biology, and in the longer term evolution, of these viruses. We specifically focus on the ecological, biochemical and selective factors underlying patterns of genetic exchange detectable amongst the ssDNA viruses and discuss how these should all be considered when assessing the adaptive value of recombination during ssDNA virus evolution.",
   "publish_time": "2011 Sep 13",
   "authors": [
      "['Martin, Darren P.', 'Biagini, Philippe', 'Lefeuvre, Pierre', 'Golden, Michael', 'Roumagnac, Philippe', 'Varsani, Arvind']"
   ],
   "journal": "Viruses",
   "has_full_text": "True",
   "id": "a6f36e3233319626ec737895c1d52dedd7aac0bf",
   "fhir_link": "Commercial/a6f36e3233319626ec737895c1d52dedd7aac0bf"
}