{
   "source_x": "PMC",
   "title": "1241. Surveillance for Viral Respiratory Infections in Pediatric Chronic Care Facilities",
   "doi": "10.1093/ofid/ofy210.1074",
   "pmcid": "PMC6254255",
   "license": "cc-by-nc-nd",
   "abstract": "BACKGROUND: Residents of pediatric chronic care facilities (PCCFs) are vulnerable to acute respiratory infections (ARIs) due to their underlying medical conditions and infection control challenges in congregate living. METHODS: We conducted active, prospective surveillance for ARIs (defined as \u22652 new signs/symptoms of respiratory illness) among all residents in three PCCFs near New York City from December 7, 2016 to May 7, 2017. The parents/guardians of some residents also provided consent for research specimen collection at the start of the study. In that subset, nasopharyngeal swabs were obtained \u22644 days of ARI symptom onset and weekly for 4 weeks of follow-up to assess viral shedding. Influenza, respiratory syncytial virus (RSV), rhinovirus (RV), coronavirus (229E, NL63, OC43, HKU1), parainfluenzavirus (PIV 1\u20134), metapneumovirus (MPV), adenovirus (AdV), bocavirus (BoV), enterovirus, parechovirus, and M. pneumoniae were tested by the Fast Track Diagnostics Respiratory Pathogens 21 real-time RT-PCR panel. RESULTS: Subset with research specimen collection: Among 79 residents (aged 0\u201320 years, median = 8), 60 ARIs were reported in 37 (47%) residents. Swabs were obtained at illness onset for 53/60 ARI episodes; among these, there were 25 single-virus detections and five co-detections. An additional 33 single- and five co-detections occurred in 175 follow-up swabs (table). Molecular typing of 32 RV+ specimens identified 13 RV types. All residents: During the 2016\u20132017 influenza season, 308/322 (96%) age-eligible residents received influenza vaccine and 168/364 (46%) received prophylactic antivirals for influenza exposures. Although influenza was not detected in research swabs, it was detected in 3/200 tests conducted for clinical purposes. CONCLUSION: ARIs were common among residents of three PCCFs, and a variety of respiratory viruses were detected. The rarity of influenza may reflect strong infection control practices in these facilities, including vaccination and prophylactic use of antivirals. DISCLOSURES: All authors: No reported disclosures.",
   "publish_time": "2018 Nov 26",
   "authors": [
      "Prill, Mila M",
      "Kim, Lindsay",
      "Wilmont, Sibyl",
      "Whitaker, Brett L",
      "Lu, Xiaoyan",
      "Neu, Natalie",
      "Gerber, Susan I",
      "Garg, Shikha",
      "Stone, Nimalie D",
      "Larson, Elaine",
      "Saiman, Lisa"
   ],
   "journal": "Open Forum Infect Dis",
   "has_full_text": "False",
   "full_text_file": "noncomm_use_subset",
   "id": "https://doi.org/10.1093/ofid/ofy210.1074",
   "pubtator": "PMC6254255"
}