{
   "sha": "ce6717ad3bb0da86077a5cbb8111576ea8230b2c",
   "source_x": "PMC",
   "title": "Atti del 52\u00b0 Congresso Nazionale: Societ\u00e0 Italiana di Igiene, Medicina Preventiva e Sanit\u00e0 Pubblica (SItI)",
   "doi": "10.15167/2421-4248/jpmh2019.60.3s1",
   "pmcid": "PMC6865078",
   "pubmed_id": "31777763",
   "license": "cc-by-nc",
   "publish_time": "2019 Oct 15",
   "journal": "J Prev Med Hyg",
   "has_full_text": "True",
   "full_text_file": "noncomm_use_subset",
   "id": "https://doi.org/10.15167/2421-4248/jpmh2019.60.3s1",
   "pubtator": "PMC6865078",
   "fhir_link": [
      "Non-comercial/Composition/ce6717ad3bb0da86077a5cbb8111576ea8230b2c"
   ]
}