{
   "sha": "0bef65699098fb63e5091c44004b59bcdb52858f",
   "source_x": "PMC",
   "title": "Influenza Virus (H5N1) in Live Bird Markets and Food Markets, Thailand",
   "doi": "10.3201/eid1411.080683",
   "pmcid": "PMC2630752",
   "pubmed_id": "18976558",
   "license": "no-cc",
   "abstract": "A surveillance program for influenza A viruses (H5N1) was conducted in live bird and food markets in central Thailand during July 2006\u2013August 2007. Twelve subtype H5N1 viruses were isolated. The subtype H5N1 viruses circulating in the markets were genetically related to those that circulated in Thailand during 2004\u20132005.",
   "publish_time": "2008 Nov",
   "authors": [
      "Amonsin, Alongkorn",
      "Choatrakol, Chuensakon",
      "Lapkuntod, Jiradej",
      "Tantilertcharoen, Rachod",
      "Thanawongnuwech, Roongroje",
      "Suradhat, Sanipa",
      "Suwannakarn, Kamol",
      "Theamboonlers, Apiradee",
      "Poovorawan, Yong"
   ],
   "journal": "Emerg Infect Dis",
   "has_full_text": "True",
   "full_text_file": "custom_license",
   "id": "https://doi.org/10.3201/eid1411.080683",
   "pubtator": "PMC2630752",
   "fhir_link": [
      "PMC/Composition/0bef65699098fb63e5091c44004b59bcdb52858f"
   ]
}