{
   "sha": "6ea2532aacbdcea4609067523e9e72fa8cd73200",
   "source_x": "PMC",
   "title": "Mutational analysis of human CEACAM1: the potential of receptor polymorphism in increasing host susceptibility to bacterial infection",
   "doi": "10.1111/j.1462-5822.2006.00789.x",
   "pmcid": "PMC1859983",
   "pubmed_id": "16953805",
   "license": "no-cc",
   "abstract": "A common overlapping site on the N-terminal IgV-like domain of human carcinoembryonic antigen (CEA)-related cell adhesion molecules (CEACAMs) is targeted by several important human respiratory pathogens. These include Neisseria meningitidis (Nm) and Haemophilus influenzae (Hi) that can cause disseminated or persistent localized infections. To define the precise structural features that determine the binding of distinct pathogens with CEACAMs, we have undertaken molecular modelling and mutation of the receptor molecules at previously implicated key target residues required for bacterial binding. These include Ser-32, Tyr-34, Val-39, Gln-44 and Gln-89, in addition to Ile-91, the primary docking site for the pathogens. Most, but not all, of these residues located adjacent to each other in a previous N-domain model of human CEACAM1, which was based on REI, CD2 and CD4. In the current studies, we have refined this model based on the mouse CEACAM1 crystal structure, and observe that all of the above residues form an exposed continuous binding region on the N-domain. Examination of the model also suggested that substitution of two of these residues 34 and 89 could affect the accessibility of Ile-91 for ligand binding. By introducing selected mutations at the positions 91, 34 and 89, we confirmed the primary importance of Ile-91 in all bacterial binding to CEACAM1 despite the inter- and intraspecies structural differences between the bacterial CEACAM-binding ligands. The studies further indicated that the efficiency of binding was significantly enhanced for specific strains by mutations such as Y34F and Q89N, which also altered the hierarchy of Nm versus Hi strain binding. These studies imply that distinct polymorphisms in human epithelial CEACAMs have the potential to decrease or increase the risk of infection by the receptor-targeting pathogens.",
   "publish_time": "2007 Feb 1",
   "authors": [
      "Villullas, Silvia",
      "Hill, Darryl J",
      "Sessions, Richard B",
      "Rea, Jon",
      "Virji, Mumtaz"
   ],
   "journal": "Cell Microbiol",
   "has_full_text": "True",
   "full_text_file": "custom_license",
   "id": "https://doi.org/10.1111/j.1462-5822.2006.00789.x",
   "pubtator": "PMC1859983",
   "fhir_link": [
      "PMC/Composition/6ea2532aacbdcea4609067523e9e72fa8cd73200"
   ]
}