{
   "source_x": "PMC",
   "title": "Peritoneal macrophage alterations caused by naturally occurring mouse hepatitis virus.",
   "pmcid": "PMC1915970",
   "abstract": "During routine harvest of murine resident peritoneal cells for macrophage function assays the authors recently noted that mice showed a 3-4-fold spontaneous increase in number of peritoneal cells within 1 week of being placed in one of their animal rooms. While the mice appeared clinically normal, the collected macrophages had highly convoluted membranes, showed enhanced spontaneous tumor cell killing, and showed increased erythrophagocytosis. Histopathologic findings included mild peritonitis and occasional foci of individual hepatocyte necrosis. The results of routine murine serologic studies and bacterial cultures of the peritoneal cavity were negative. Immunosuppressed mice placed in this room showed severe hepatic necrosis within 4 days, and ultrastructural particles characteristic of corona virus could be demonstrated in the necrotic foci. Mouse hepatitis virus (MHV) was isolated from these livers. Untreated mice showed positive MHV titers, as detected by the enzyme-linked immunoabsorbent assay (ELISA) after 21 days in the room. This episode demonstrates that MHV have profound effects on macrophage parameters while causing few clinical signs or histopathologic alterations. Secondly, the complement fixation assay for MHV as included in routine viral screens appears relatively insensitive for detecting outbreaks of MHV.",
   "authors": [
      "['Boorman, G. A.', 'Luster, M. I.', 'Dean, J. H.', 'Campbell, M. L.', 'Lauer, L. A.', 'Talley, F. A.', 'Wilson, R. E.', 'Collins, M. J.']"
   ],
   "id": "https://www.ncbi.nlm.nih.gov/pmc/articles/PMC1915970"
}