{
   "sha": "e65d6ee7efc61bd70cc664b4dca1cdbf635c6b69",
   "source_x": "PMC",
   "title": "Host adaptive immunity deficiency in severe pandemic influenza",
   "doi": "http://dx.doi.org/10.1186/cc9259",
   "pmcid": "PMC3219262",
   "pubmed_id": "20840779",
   "license": "CC BY",
   "abstract": "INTRODUCTION: Pandemic A/H1N1/2009 influenza causes severe lower respiratory complications in rare cases. The association between host immune responses and clinical outcome in severe cases is unknown. METHODS: We utilized gene expression, cytokine profiles and generation of antibody responses following hospitalization in 19 critically ill patients with primary pandemic A/H1N1/2009 influenza pneumonia for identifying host immune responses associated with clinical outcome. Ingenuity pathway analysis 8.5 (IPA) (Ingenuity Systems, Redwood City, CA) was used to select, annotate and visualize genes by function and pathway (gene ontology). IPA analysis identified those canonical pathways differentially expressed (P < 0.05) between comparison groups. Hierarchical clustering of those genes differentially expressed between groups by IPA analysis was performed using BRB-Array Tools v.3.8.1. RESULTS: The majority of patients were characterized by the presence of comorbidities and the absence of immunosuppressive conditions. pH1N1 specific antibody production was observed around day 9 from disease onset and defined an early period of innate immune response and a late period of adaptive immune response to the virus. The most severe patients (n = 12) showed persistence of viral secretion. Seven of the most severe patients died. During the late phase, the most severe patient group had impaired expression of a number of genes participating in adaptive immune responses when compared to less severe patients. These genes were involved in antigen presentation, B-cell development, T-helper cell differentiation, CD28, granzyme B signaling, apoptosis and protein ubiquitination. Patients with the poorest outcomes were characterized by proinflammatory hypercytokinemia, along with elevated levels of immunosuppressory cytokines (interleukin (IL)-10 and IL-1ra) in serum. CONCLUSIONS: Our findings suggest an impaired development of adaptive immunity in the most severe cases of pandemic influenza, leading to an unremitting cycle of viral replication and innate cytokine-chemokine release. Interruption of this deleterious cycle may improve disease outcome.",
   "publish_time": "2010 Sep 14",
   "authors": [
      "['Bermejo-Martin, Jesus F', 'Martin-Loeches, Ignacio', 'Rello, Jordi', 'Ant\u00f3n, Andres', 'Almansa, Raquel', 'Xu, Luoling', 'Lopez-Campos, Guillermo', 'Pumarola, Tom\u00e1s', 'Ran, Longsi', 'Ramirez, Paula', 'Banner, David', 'Cheuk Ng, Derek', 'Socias, Lorenzo', 'Loza, Ana', 'Andaluz, David', 'Maravi, Enrique', 'G\u00f3mez-S\u00e1nchez, Maria J', 'Gord\u00f3n, M\u00f3nica', 'Gallegos, Maria C', 'Fernandez, Victoria', 'Aldunate, Sara', 'Le\u00f3n, Cristobal', 'Merino, Pedro', 'Blanco, Jes\u00fas', 'Martin-Sanchez, Fernando', 'Rico, Lucia', 'Varillas, David', 'Iglesias, Veronica', 'Marcos, Maria \u00c1ngeles', 'Gand\u00eda, Francisco', 'Bobillo, Felipe', 'Nogueira, Bego\u00f1a', 'Rojo, Silvia', 'Resino, Salvador', 'Castro, Carmen', 'Ortiz de Lejarazu, Raul', 'Kelvin, David']"
   ],
   "journal": "Crit Care",
   "has_full_text": "False",
   "id": "e65d6ee7efc61bd70cc664b4dca1cdbf635c6b69"
}