{
   "sha": "4d872182302a82a44112df09c3ca01faa11b93d7",
   "source_x": "PMC",
   "title": "Secondary Household Transmission of SARS, Singapore",
   "doi": "10.3201/eid1002.030676",
   "pmcid": "PMC3322927",
   "pubmed_id": "15030688",
   "license": "no-cc",
   "abstract": "Secondary household transmission of severe acute respiratory syndrome (SARS) was studied in 114 households involving 417 contacts. The attack rate was low (6.2%). Occupation of the index case was the factor that most influenced household transmission (adjusted hazard ratio for healthcare workers 0.157; 95% confidence interval 0.042 to 0.588).",
   "publish_time": "2004 Feb",
   "authors": [
      "Goh, Denise Li-Meng",
      "Lee, Bee Wah",
      "Chia, Kee Seng",
      "Heng, Bee Hoon",
      "Chen, Mark",
      "Ma, Stefan",
      "Tan, Chorh Chuan"
   ],
   "journal": "Emerg Infect Dis",
   "has_full_text": "True",
   "full_text_file": "custom_license",
   "id": "https://doi.org/10.3201/eid1002.030676",
   "pubtator": "PMC3322927",
   "fhir_link": [
      "PMC/Composition/4d872182302a82a44112df09c3ca01faa11b93d7"
   ]
}