{
   "sha": "2d81bf103ad8ee0f0f3caf92fe2c523f0024691d",
   "source_x": "biorxiv",
   "title": "Receptor binding and proteolysis do not induce large conformational changes in the SARS-CoV spike",
   "doi": "doi.org/10.1101/292672",
   "license": "See https://www.biorxiv.org/about-biorxiv",
   "abstract": "Severe acute respiratory syndrome coronavirus (SARS-CoV) emerged in 2002 as a highly transmissible pathogenic human betacoronavirus. The viral spike glycoprotein (S) utilizes angiotensin-converting enzyme 2 (ACE2) as a host protein receptor and mediates fusion of the viral and host membranes, making S essential to viral entry into host cells and host species tropism. As SARS-CoV enters host cells, the viral S undergoes two proteolytic cleavages at S1/S2 and S2 sites necessary for efficient membrane fusion. Here, we present a cryo-EM analysis of the trimeric SARS-CoV S interactions with ACE2 and of the trypsin-cleaved S. Surprisingly, neither binding to ACE2 nor cleavage by trypsin at the S1/S2 cleavage site impart large conformational changes within S or expose the secondary cleavage site, S2. These observations suggest that S2 cleavage does not occur in the S prefusion conformation and that additional triggers may be required.",
   "publish_time": "2018-03-31",
   "authors": [
      "Kirchdoerfer, R. N.",
      "Wang, N.",
      "Pallesen, J.",
      "Wrapp, D.",
      "Turner, H. L.",
      "Cotrell, C. A.",
      "Corbett, K. S.",
      "Graham, B. S.",
      "McLellan, J. S.",
      "Ward, A. B."
   ],
   "has_full_text": "False",
   "id": "2d81bf103ad8ee0f0f3caf92fe2c523f0024691d"
}