{
   "sha": "1bc6ca895dc8218ab2d2a126ae92b1593637328c",
   "source_x": "PMC",
   "title": "Quarantine for SARS, Taiwan",
   "doi": "10.3201/eid1102.040190",
   "pmcid": "PMC3320446",
   "pubmed_id": "15752447",
   "license": "no-cc",
   "abstract": "During the 2003 outbreak of severe acute respiratory syndrome (SARS) in Taiwan, >150,000 persons were quarantined, 24 of whom were later found to have laboratory-confirmed SARS-coronavirus (SARS-CoV) infection. Since no evidence exists that SARS-CoV is infective before the onset of symptoms and the quarantined persons were exposed but not symptomatic, we thought the quarantine's effectiveness should be investigated. Using the Taiwan quarantine data, we found that the onset-to-diagnosis time of previously quarantined confirmed case-patients was significantly shortened compared to that for those who had not been quarantined. Thus, quarantine for SARS in Taiwan screened potentially infective persons for swift diagnosis and hospitalization after onset, thereby indirectly reducing infections. Full-scale quarantine measures implemented on April 28 led to a significant improvement in onset-to-diagnosis time of all SARS patients, regardless of previous quarantine status. We discuss the temporal effects of quarantine measures and other interventions on detection and isolation as well as the potential usefulness of quarantine in faster identification of persons with SARS and in improving isolation measures.",
   "publish_time": "2005 Feb",
   "authors": [
      "Hsieh, Ying-Hen",
      "King, Chwan-Chuan",
      "Chen, Cathy W. S.",
      "Ho, Mei-Shang",
      "Lee, Jen-Yu",
      "Liu, Feng-Chi",
      "Wu, Yi-Chun"
   ],
   "journal": "Emerg Infect Dis",
   "has_full_text": "True",
   "full_text_file": "custom_license",
   "id": "https://doi.org/10.3201/eid1102.040190",
   "pubtator": "PMC3320446",
   "fhir_link": [
      "PMC/Composition/1bc6ca895dc8218ab2d2a126ae92b1593637328c"
   ]
}