{
   "sha": "0b4b4e5bb8d0d5167eec1e203b5dad283bd364a5",
   "source_x": "biorxiv",
   "title": "Doubling healthy lifespan using drug synergies",
   "doi": "doi.org/10.1101/153205",
   "license": "See https://www.biorxiv.org/about-biorxiv",
   "abstract": "Pharmacological interventions that target human ageing would extend individual healthspan and result in dramatic economic benefits to rapidly ageing societies worldwide. For such interventions to be contemplated they need to comprise drugs that are efficacious when given to adults and for which extensive human safety data are available. Here we show that dramatic lifespan extension can be achieved in C.elegans by targeting multiple, evolutionarily conserved ageing pathways using drugs that are already in human use. By targeting multiple synergistic ageing pathways, we are able to slow ageing rate, double lifespan and improves healthspan while minimize developmental and fitness trade-offs. Moreover, we established that there is no synergistic benefit in a daf-2 or daf-7 background, implying the involvement of the TGF{beta} and IGF pathways in this synergy. Employing lipidomics and transcriptomics analysis we found lipid metabolism to be affected resulting in increased monounsaturated fatty acids (MUFA) and decrease membrane peroxidation index. Our best drug combination showed a conserved lifespan extension in fruit flies. To the best of our knowledge, this is the largest lifespan effect ever reported for any adult-onset drug treatment in C. elegans. This drug-repurposing approach, using drugs already approved for humans to target multiple conserved aging pathways simultaneously, could lead to interventions that prevent age-related diseases and overall frailty in a rapidly ageing population.",
   "publish_time": "2017-08-01",
   "authors": [
      "Dessale, T.",
      "Batchu, K. C.",
      "Barardo, D.",
      "Ng, L. F.",
      "Lam, V. Y. M.",
      "Xiao, L.",
      "Wenk, M. R.",
      "Tolwinski, N. S.",
      "Gruber, J."
   ],
   "has_full_text": "True",
   "id": "0b4b4e5bb8d0d5167eec1e203b5dad283bd364a5",
   "fhir_link": "bioRxiv-medRxiv/Composition/0b4b4e5bb8d0d5167eec1e203b5dad283bd364a5"
}