{
   "sha": "43c97885b9857b19786fed791ef44c801ed5c97b",
   "source_x": "PMC",
   "title": "Veillonella montpellierensis Endocarditis",
   "doi": "10.3201/eid1107.041361",
   "pmcid": "PMC3371781",
   "pubmed_id": "16022792",
   "license": "no-cc",
   "abstract": "Veillonella spp. rarely cause infections in humans. We report a case of Veillonella endocarditis documented by isolating a slow-growing, gram-negative microbe in blood cultures. This microbe was identified as the newly recognized species Veillonella montpellierensis (100% homology) by 16S RNA gene sequence analysis.",
   "publish_time": "2005 Jul",
   "authors": [
      "Rovery, Clarisse",
      "Etienne, Anne",
      "Foucault, C\u00e9dric",
      "Berger, Pierre",
      "Brouqui, Philippe"
   ],
   "journal": "Emerg Infect Dis",
   "has_full_text": "True",
   "full_text_file": "custom_license",
   "id": "https://doi.org/10.3201/eid1107.041361",
   "pubtator": "PMC3371781",
   "fhir_link": [
      "PMC/Composition/43c97885b9857b19786fed791ef44c801ed5c97b"
   ]
}