{
   "source_x": "PMC",
   "title": "International Conference on Emerging Infectious Diseases",
   "doi": "10.3201/eid1011.040857",
   "pmcid": "PMC3329061",
   "license": "no-cc",
   "publish_time": "2004 Nov",
   "authors": [
      "Tauxe, Robert V.",
      "Khabbaz, Rima F.",
      "Cameron, Daniel N.",
      "Feinman, Lori"
   ],
   "journal": "Emerg Infect Dis",
   "has_full_text": "False",
   "full_text_file": "custom_license",
   "id": "https://doi.org/10.3201/eid1011.040857",
   "pubtator": "PMC3329061"
}