{
   "source_x": "CZI",
   "title": "Prevention and consideration for the biosafety of laboratory testing under epidemic condition",
   "doi": "10.1007/s12072-016-9736-3",
   "abstract": "Laboratory testing plays an important role in the diagnosis and treatment of patients with Novel Coronavirus pneumonia. However, the lack of understanding of the virus in the early stage led to great difficulties in biosafety protection for clinical laboratories. Based on the latest researches and findings about the virus, this paper provides some personal opinions on the biosafety prevention in clinical laboratorians under epidemic condition for the reference of laboratory workers.",
   "publish_time": "2020",
   "authors": [
      "YE, Qing",
      "LI, Wei",
      "ZHOU, Mingming",
      "FU, Junfen",
      "SHU, Qiang",
      "GONG, Fangqi",
      "SHANG, Shiqiang"
   ],
   "journal": "Chinese Journal of Laboratory Medicine",
   "Microsoft Academic Paper ID": "2402472675",
   "WHO #Covidence": "#2083",
   "id": "https://doi.org/10.1007/s12072-016-9736-3"
}