{
   "sha": "02569bcf9a7e53d2d262ef58dbfb2f9d38e7c7b2",
   "source_x": "Elsevier",
   "title": "Sequence analysis of the 3\u2032 end of the feline coronavirus FIPV 79-1146 genome: Comparison with the genome of porcine coronavirus TGEV reveals large insertions",
   "doi": "10.1016/0042-6822(88)90097-9",
   "pubmed_id": "3201747",
   "license": "els-covid",
   "abstract": "Abstract The genetic information, carried on mRNA 6 of feline infectious peritonitis virus (FIPV) strain 79\u20131146, was determined by sequence analysis of cDNA clones derived from the 3\u2032 end of the FIPV genome. Two ORFs were found, encoding polypeptides of 11 K (ORF-1) and 22K (ORF-2). The FIPV sequence was compared to the 3\u2032 end sequence of transmissible gastroenteritis virus (TGEV). ORF-1 has a homologous counterpart (ORF-X3) in the TGEV genome; both ORFs are located at the same position relative to the nucleocapsid gene. However, as a result of an in-frame insertion or deletion, ORF-1 is 69 nucleotides larger than ORF-X3. A similar event has occurred immediately downstream of ORF1: a 624-nucleotide segment, containing the complete ORF-2, is absent in the TGEV sequence. Most sequence similarity (98.5%) was found in the 3\u2032 noncoding sequences. ORF-X3 and ORF-1 are preceded by the sequence AAC-TAAAC, which is assumed to be the transcription-initiation signal in FIPV and TGEV (P. A. Kapke and D. A. Brian (1986) Virology 151, 41\u201349). By S1 nuclease analysis, the 5\u2032 end of FIPV RNA 6 was mapped immediately upstream of this sequence. A 700-nucleotide TGEV-specific RNA was found by cross-hybridization with an FIPV 3\u2032 end probe, suggesting that TGEV ORF-X3 is also carried on a separate mRNA. The differences at the 3\u2032 ends of the FIPV and TGEV genomes maybe the result of RNA recombination events.",
   "publish_time": "1988-12-31",
   "authors": [
      "De Groot, Raoul J.",
      "Andeweg, Arno C.",
      "Horzinek, Marian C.",
      "Spaan, Willy J.M."
   ],
   "journal": "Virology",
   "has_full_text": "True",
   "full_text_file": "custom_license",
   "id": "https://doi.org/10.1016/0042-6822(88)90097-9",
   "fhir_link": [
      "PMC/Composition/02569bcf9a7e53d2d262ef58dbfb2f9d38e7c7b2"
   ]
}