{
   "sha": "c12f447d8fe4cc4602b52a31f1715e0cadedb6a1",
   "source_x": "PMC",
   "title": "Absence of Middle East Respiratory Syndrome Coronavirus in Camelids, Kazakhstan, 2015",
   "doi": "10.3201/eid2203.151284",
   "pmcid": "PMC4766892",
   "pubmed_id": "26889787",
   "license": "no-cc",
   "publish_time": "2016 Mar",
   "authors": [
      "Miguel, Eve",
      "Perera, Ranawaka A.P.M.",
      "Baubekova, Almagul",
      "Chevalier, V\u00e9ronique",
      "Faye, Bernard",
      "Akhmetsadykov, Nurlan",
      "Ng, Chun Yin",
      "Roger, Fran\u00e7ois",
      "Peiris, Malik"
   ],
   "journal": "Emerg Infect Dis",
   "has_full_text": "True",
   "full_text_file": "custom_license",
   "id": "https://doi.org/10.3201/eid2203.151284",
   "pubtator": "PMC4766892",
   "fhir_link": [
      "PMC/Composition/c12f447d8fe4cc4602b52a31f1715e0cadedb6a1"
   ]
}