{
   "sha": "0aff00101d5ccc6592987185ab833f95d842f98b",
   "source_x": "biorxiv",
   "title": "Potentially highly potent drugs for 2019-nCoV",
   "doi": "doi.org/10.1101/2020.02.05.936013",
   "license": "See https://www.biorxiv.org/about-biorxiv",
   "abstract": "The World Health Organization (WHO) has declared the 2019 novel coronavirus (2019-nCoV) infection outbreak a global health emergency. Currently, there is no effective anti-2019-nCoV medication. The sequence identity of the 3CL proteases of 2019-nCoV and SARS is 96%, which provides a sound foundation for structural-based drug repositioning (SBDR). Based on a SARS 3CL protease X-ray crystal structure, we construct a 3D homology structure of 2019-nCoV 3CL protease. Based on this structure and existing experimental datasets for SARS 3CL protease inhibitors, we develop an SBDR model based on machine learning and mathematics to screen 1465 drugs in the DrugBank that have been approved by the U.S. Food and Drug Administration (FDA). We found that many FDA approved drugs are potentially highly potent to 2019-nCoV.",
   "publish_time": "2020-02-13",
   "authors": [
      "Nguyen, D.",
      "Gao, K.",
      "Chen, J.",
      "Wang, R.",
      "Wei, G."
   ],
   "has_full_text": "True",
   "id": "0aff00101d5ccc6592987185ab833f95d842f98b",
   "fhir_link": "bioRxiv-medRxiv/0aff00101d5ccc6592987185ab833f95d842f98b"
}