{
   "sha": "013d9d1cba8a54d5d3718c229b812d7cf91b6c89",
   "source_x": "medrxiv",
   "title": "Assessing spread risk of Wuhan novel coronavirus within and beyond China, January-April 2020: a travel network-based modelling study",
   "doi": "doi.org/10.1101/2020.02.04.20020479",
   "license": "See https://www.medrxiv.org/submit-a-manuscript",
   "abstract": "<jats:p>Background: A novel coronavirus (2019-nCoV) emerged in Wuhan City, China, at the end of 2019 and has caused an outbreak of human-to-human transmission with a Public Health Emergency of International Concern declared by the World Health Organization on January 30, 2020. Aim: We aimed to estimate the potential risk and geographic range of Wuhan novel coronavirus (2019-nCoV) spread within and beyond China from January through to April, 2020. Methods: A series of domestic and international travel network-based connectivity and risk analyses were performed, by using de-identified and aggregated mobile phone data, air passenger itinerary data, and case reports. Results: The cordon sanitaire of Wuhan is likely to have occurred during the latter stages of peak population numbers leaving the city before Lunar New Year (LNY), with travellers departing into neighbouring cities and other megacities in China. We estimated that 59,912 air passengers, of which 834 (95% UI: 478 - 1349) had 2019-nCoV infection, travelled from Wuhan to 382 cities outside of mainland China during the two weeks prior to the lockdown of Wuhan. The majority of these cities were in Asia, but major hubs in Europe, the US and Australia were also prominent, with strong correlation seen between predicted importation risks and reported cases. Because significant spread has already occurred, a large number of airline travellers (3.3 million under the scenario of 75% travel reduction from normal volumes) may be required to be screened at origin high-risk cities in China and destinations across the globe for the following three months of February to April, 2020 to effectively limit spread beyond its current extent. Conclusion: Further spread of 2019-nCoV within China and international exportation is likely to occur. All countries, especially vulnerable regions, should be prepared for efforts to contain the 2019-nCoV infection.</jats:p>",
   "publish_time": "2020-02-05",
   "authors": [
      "['Shengjie Lai', 'Isaac Bogoch', 'Nick Ruktanonchai', 'Alexander Watts', 'Xin Lu', 'Weizhong Yang', 'Hongjie Yu', 'Kamran Khan', 'Andrew J Tatem']"
   ],
   "has_full_text": "True",
   "id": "013d9d1cba8a54d5d3718c229b812d7cf91b6c89",
   "fhir_link": "bioRxiv-medRxiv/Composition/013d9d1cba8a54d5d3718c229b812d7cf91b6c89"
}