{
   "sha": "875b7c463f00772fa0dc18ada678bc1ff16a4274",
   "source_x": "medrxiv",
   "title": "Comorbidity and its impact on 1,590 patients with COVID-19 in China: A Nationwide Analysis",
   "doi": "doi.org/10.1101/2020.02.25.20027664",
   "license": "See https://www.medrxiv.org/submit-a-manuscript",
   "abstract": "<jats:p>Objective: To evaluate the spectrum of comorbidities and its impact on the clinical outcome in patients with coronavirus disease 2019 (COVID-19). Design: Retrospective case studies Setting: 575 hospitals in 31 province/autonomous regions/provincial municipalities across China Participants: 1,590 laboratory-confirmed hospitalized patients. Data were collected from November 21st, 2019 to January 31st, 2020. Main outcomes and measures: Epidemiological and clinical variables (in particular, comorbidities) were extracted from medical charts. The disease severity was categorized based on the American Thoracic Society guidelines for community-acquired pneumonia. The primary endpoint was the composite endpoints, which consisted of the admission to intensive care unit (ICU), or invasive ventilation, or death. The risk of reaching to the composite endpoints was compared among patients with COVID-19 according to the presence and number of comorbidities. Results: Of the 1,590 cases, the mean age was 48.9 years. 686 patients (42.7%) were females. 647 (40.7%) patients were managed inside Hubei province, and 1,334 (83.9%) patients had a contact history of Wuhan city. Severe cases accounted for 16.0% of the study population. 131 (8.2%) patients reached to the composite endpoints. 399 (25.1%) reported having at least one comorbidity. 269 (16.9%), 59 (3.7%), 30 (1.9%), 130 (8.2%), 28 (1.8%), 24 (1.5%), 21 (1.3%), 18 (1.1%) and 3 (0.2%) patients reported having hypertension, cardiovascular diseases, cerebrovascular diseases, diabetes, hepatitis B infections, chronic obstructive pulmonary disease, chronic kidney diseases, malignancy and immunodeficiency, respectively. 130 (8.2%) patients reported having two or more comorbidities. Patients with two or more comorbidities had significantly escalated risks of reaching to the composite endpoint compared with those who had a single comorbidity, and even more so as compared with those without (all P&lt;0.05). After adjusting for age and smoking status, patients with COPD (HR 2.681, 95%CI 1.424-5.048), diabetes (HR 1.59, 95%CI 1.03-2.45), hypertension (HR 1.58, 95%CI 1.07-2.32) and malignancy (HR 3.50, 95%CI 1.60-7.64) were more likely to reach to the composite endpoints than those without. As compared with patients without comorbidity, the HR (95%CI) was 1.79 (95%CI 1.16-2.77) among patients with at least one comorbidity and 2.59 (95%CI 1.61-4.17) among patients with two or more comorbidities. Conclusion: Comorbidities are present in around one fourth of patients with COVID-19 in China, and predispose to poorer clinical outcomes.</jats:p>",
   "publish_time": "2020-02-27",
   "authors": [
      "['Wei-jie Guan', 'Wen-hua Liang', 'Yi Zhao', 'Heng-rui Liang', 'Zi-sheng Chen', 'Yi-min Li', 'Xiao-qing Liu', 'Ru-chong Chen', 'Chun-li Tang', 'Tao Wang', 'Chun-quan Ou', 'Li Li', 'Ping-yan Chen', 'Ling Sang', 'Wei Wang', 'Jian-fu Li', 'Cai-chen Li', 'Li-min Ou', 'Bo Cheng', 'Shan Xiong', 'Zheng-yi Ni', 'Yu Hu', 'Jie Xiang', 'Lei Liu', 'Hong Shan', 'Chun-liang Lei', 'Yi-xiang Peng', 'Li Wei', 'Yong Liu', 'Ya-hua Hu', 'Peng Peng', 'Jian-ming Wang', 'Ji-yang Liu', 'Zhong Chen', 'Gang Li', 'Zhi-jian Zheng', 'Shao-qin Qiu', 'Jie Luo', 'Chang-jiang Ye', 'Shao-yong Zhu', 'Lin-ling Cheng', 'Feng Ye', 'Shi-yue Li', 'Jin-ping Zheng', 'Nuo-fu Zhang', 'Nan-shan Zhong', 'Jian-xing He']"
   ],
   "has_full_text": "True",
   "id": "875b7c463f00772fa0dc18ada678bc1ff16a4274",
   "fhir_link": "bioRxiv-medRxiv/Composition/875b7c463f00772fa0dc18ada678bc1ff16a4274"
}