{
   "source_x": "PMC",
   "title": "Intercellular Communication Is Key for Protective IFN\u03b1/\u03b2 Signaling During Viral Central Nervous System Infection",
   "doi": "10.1089/vim.2018.0101",
   "pmcid": "PMC6350053",
   "license": "unk",
   "abstract": "A variety of viruses can induce central nervous system (CNS) infections and neurological diseases, although the incidence is rare. Similar to peripheral infections, IFN\u03b1/\u03b2 induction and signaling constitutes a first line of defense to limit virus dissemination. However, CNS-resident cells differ widely in their repertoire and magnitude of both basal and inducible components in the IFN\u03b1/\u03b2 pathway. While microglia as resident myeloid cells have been implicated as prominent sentinels of CNS invading pathogens or insults, astrocytes are emerging as key responders to many neurotropic RNA virus infections. Focusing on RNA viruses, this review discusses the role of astrocytes as IFN\u03b1/\u03b2 inducers and responders and touches on the role of IFN\u03b1/\u03b2 receptor signaling in regulating myeloid cell activation and IFN\u03b3 responsiveness. A summary picture emerges implicating IFN\u03b1/\u03b2 not only as key in establishing the classical \u201cantiviral\u201d state, but also orchestrating cell mobility and IFN\u03b3-mediated effector functions.",
   "authors": [
      "Hwang, Mihyun",
      "Bergmann, Cornelia C."
   ],
   "has_full_text": "False",
   "id": "https://doi.org/10.1089/vim.2018.0101",
   "pubtator": "PMC6350053"
}