{
   "sha": "462cbb326ccd8587cae7a3538c8c6712d9013698",
   "source_x": "medrxiv",
   "title": "Epidemiological and clinical features of 291 cases with coronavirus disease 2019 in areas adjacent to Hubei, China: a double-center observational study",
   "doi": "doi.org/10.1101/2020.03.03.20030353",
   "license": "See https://www.medrxiv.org/submit-a-manuscript",
   "abstract": "<jats:p>Abstract Background: The clinical outcomes of COVID-19 patients in Hubei and other areas are different. We aim to investigate the epidemiological and clinical characteristics of patient with COVID-19 in Hunan which is adjacent to Hubei. Methods: In this double-center, observational study, we recruited all consecutive patients with laboratory confirmed COVID-19 from January 23 to February 14, 2020 in two designated hospitals in Hunan province, China. Epidemiological and clinical data from patients' electronic medical records were collected and compared between mild, moderate and severe/critical group in detail. Clinical outcomes were followed up to February 20, 2020.  Findings: 291 patients with COVID-19 were categorized into mild group (10.0%), moderate group (72.8%) and severe/critical group (17.2%). The median age of all patients was 46 years (49.8% were male). 86.6% patients had an indirect exposure history. The proportion of patients that had been to Wuhan in severe/critical group (48.0% vs 17.2%, p=0.006) and moderate group (43.4% vs 17.2%, p=0.007) were higher than mild group. Fever (68.7%), cough (60.5%), and fatigue (31.6%) were common symptoms especially for severe and critical patients. Typical lung imaging finding were bilateral and unilateral ground glass opacity or consolidation. Leukopenia, lymphopenia and eosinopenia occurred in 36.1%, 22.7% and 50.2% patients respectively. Increased fibrinogen was detected in 45 of 58 (77.6%) patients with available results. 29 of 44 (65.9%) or 22 of 40 (55.0%) patients were positive in Mycoplasma pneumonia or Chlamydia pneumonia antibody test respectively. Compared with mild or moderate group, severe/critical group had a relative higher level of neutrophil, Neutrophil-to-Lymphocyte Ratio, h-CRP, ESR, CK, CK-MB, LDH, D-dimer, and a lower level of lymphocyte, eosinophils, platelet, HDL and sodium (all p&lt;0.01). Most patients received antiviral therapy and Chinese Medicine therapy. As of February 20, 2020, 159 (54.6%) patients were discharged and 2 (0.7%) patients died during hospitalization. The median length of hospital stay in discharged patients was 12 days (IQR: 10-15).  Interpretation: The epidemiological and clinical characteristics of COVID-19 patients in Hunan is different from patients in Wuhan. The proportion of patients that had been to Wuhan in severe/critical group and moderate group were higher than mild group. Laboratory and imaging examination can assist in the diagnosis and classification of COVID-19 patients.</jats:p>",
   "publish_time": "2020-03-06",
   "authors": [
      "['Xu Chen', 'Fang Zheng', 'Yanhua Qing', 'Shuizi Ding', 'Danhui Yang', 'Cheng Lei', 'Zhilan Yin', 'Xianglin Zhou', 'Dixuan Jiang', 'Qi Zuo', 'Jun He', 'Jianlei Lv', 'Ping Chen', 'Yan Chen', 'Hong Peng', 'Honghui Li', 'Yuanlin Xie', 'Jiyang Liu', 'Zhiguo Zhou', 'Hong Luo']"
   ],
   "has_full_text": "True",
   "id": "462cbb326ccd8587cae7a3538c8c6712d9013698",
   "fhir_link": "bioRxiv-medRxiv/Composition/462cbb326ccd8587cae7a3538c8c6712d9013698"
}