{
   "source_x": "PMC",
   "title": "Measles outbreak response decision-making under uncertainty: a retrospective analysis",
   "doi": "10.1098/rsif.2017.0575",
   "pmcid": "PMC5908520",
   "license": "unk",
   "abstract": "Resurgent outbreaks of vaccine-preventable diseases that have previously been controlled or eliminated have been observed in many settings. Reactive vaccination campaigns may successfully control outbreaks but must necessarily be implemented in the face of considerable uncertainty. Real-time surveillance may provide critical information about at-risk population and optimal vaccination targets, but may itself be limited by the specificity of disease confirmation. We propose an integrated modelling approach that synthesizes historical demographic and vaccination data with real-time outbreak surveillance via a dynamic transmission model and an age-specific disease confirmation model. We apply this framework to data from the 1996\u20131997 measles outbreak in S\u00e3o Paulo, Brazil. To simulate the information available to decision-makers, we truncated the surveillance data to what would have been available at 1 or 2 months prior to the realized interventions. We use the model, fitted to real-time observations, to evaluate the likelihood that candidate age-targeted interventions could control the outbreak. Using only data available prior to the interventions, we estimate that a significant excess of susceptible adults would prevent child-targeted campaigns from controlling the outbreak and that failing to account for age-specific confirmation rates would underestimate the importance of adult-targeted vaccination.",
   "authors": [
      "Fonnesbeck, Christopher J.",
      "Shea, Katriona",
      "Carran, Spencer",
      "Cassio de Moraes, Jose",
      "Gregory, Christopher",
      "Goodson, James L.",
      "Ferrari, Matthew J."
   ],
   "has_full_text": "False",
   "id": "https://doi.org/10.1098/rsif.2017.0575",
   "pubtator": "PMC5908520"
}