{
   "source_x": "PMC",
   "title": "Ontology-Based Approach to Social Data Sentiment Analysis: Detection of Adolescent Depression Signals",
   "doi": "10.2196/jmir.7452",
   "pmcid": "PMC5547245",
   "pubmed_id": "28739560",
   "license": "cc-by",
   "abstract": "BACKGROUND: Social networking services (SNSs) contain abundant information about the feelings, thoughts, interests, and patterns of behavior of adolescents that can be obtained by analyzing SNS postings. An ontology that expresses the shared concepts and their relationships in a specific field could be used as a semantic framework for social media data analytics. OBJECTIVE: The aim of this study was to refine an adolescent depression ontology and terminology as a framework for analyzing social media data and to evaluate description logics between classes and the applicability of this ontology to sentiment analysis. METHODS: The domain and scope of the ontology were defined using competency questions. The concepts constituting the ontology and terminology were collected from clinical practice guidelines, the literature, and social media postings on adolescent depression. Class concepts, their hierarchy, and the relationships among class concepts were defined. An internal structure of the ontology was designed using the entity-attribute-value (EAV) triplet data model, and superclasses of the ontology were aligned with the upper ontology. Description logics between classes were evaluated by mapping concepts extracted from the answers to frequently asked questions (FAQs) onto the ontology concepts derived from description logic queries. The applicability of the ontology was validated by examining the representability of 1358 sentiment phrases using the ontology EAV model and conducting sentiment analyses of social media data using ontology class concepts. RESULTS: We developed an adolescent depression ontology that comprised 443 classes and 60 relationships among the classes; the terminology comprised 1682 synonyms of the 443 classes. In the description logics test, no error in relationships between classes was found, and about 89% (55/62) of the concepts cited in the answers to FAQs mapped onto the ontology class. Regarding applicability, the EAV triplet models of the ontology class represented about 91.4% of the sentiment phrases included in the sentiment dictionary. In the sentiment analyses, \u201cacademic stresses\u201d and \u201csuicide\u201d contributed negatively to the sentiment of adolescent depression. CONCLUSIONS: The ontology and terminology developed in this study provide a semantic foundation for analyzing social media data on adolescent depression. To be useful in social media data analysis, the ontology, especially the terminology, needs to be updated constantly to reflect rapidly changing terms used by adolescents in social media postings. In addition, more attributes and value sets reflecting depression-related sentiments should be added to the ontology.",
   "publish_time": "2017 Jul 24",
   "authors": [
      "Jung, Hyesil",
      "Park, Hyeoun-Ae",
      "Song, Tae-Min"
   ],
   "journal": "J Med Internet Res",
   "has_full_text": "False",
   "id": "https://doi.org/10.2196/jmir.7452",
   "pubtator": "PMC5547245"
}