{
   "source_x": "PMC",
   "title": "Risks of Death and Severe Disease in Patients With Middle East Respiratory Syndrome Coronavirus, 2012\u20132015",
   "doi": "10.1093/aje/kww013",
   "pmcid": "PMC5023790",
   "license": "unk",
   "abstract": "Middle East respiratory syndrome coronavirus (MERS-CoV) is an emerging pathogen, first recognized in 2012, with a high case fatality risk, no vaccine, and no treatment beyond supportive care. We estimated the relative risks of death and severe disease among MERS-CoV patients in the Middle East between 2012 and 2015 for several risk factors, using Poisson regression with robust variance and a bootstrap-based expectation maximization algorithm to handle extensive missing data. Increased age and underlying comorbidity were risk factors for both death and severe disease, while cases arising in Saudi Arabia were more likely to be severe. Cases occurring later in the emergence of MERS-CoV and among health-care workers were less serious. This study represents an attempt to estimate risk factors for an emerging infectious disease using open data and to address some of the uncertainty surrounding MERS-CoV epidemiology.",
   "authors": [
      "Rivers, Caitlin M.",
      "Majumder, Maimuna S.",
      "Lofgren, Eric T."
   ],
   "has_full_text": "False",
   "id": "https://doi.org/10.1093/aje/kww013",
   "pubtator": "PMC5023790"
}