{
   "sha": "88a0b7d6447839c09069588d1761364ce9045d61",
   "source_x": "PMC",
   "title": "The occurrence of Chlamydia spp. in pigs with and without clinical disease",
   "doi": "http://dx.doi.org/10.1186/1746-6148-8-9",
   "pmcid": "PMC3307427",
   "pubmed_id": "22280482",
   "license": "CC BY",
   "abstract": "BACKGROUND: Within the genera Chlamydia, the development of refined diagnostic techniques has allowed the identification of four species that are capable of infecting pigs. The epidemiology, clinical, and zoonotic impacts of these species are however largely unknown. The study aimed to investigate the presence of Chlamydia spp. in the intestines of growing pigs and in conjunctival swabs from finisher pigs, and relate the findings to clinical signs. RESULTS: By histology, 20 of 48 pigs had intestinal lesions that may be consistent with chlamydial infection. By PCR, forty-six of the pigs were positive whereas two samples were inhibited. Sequencing of 19 DNA extracts identified these as Chlamydia suis. By immunohistochemistry, 32 of 44 samples were positive and a significant relationship was detected between macroscopically visible intestinal lesions and a high degree of infection. By real-time PCR, a significant difference was detected between pigs with and without conjunctivitis when a Ct value of 36 was employed but not when a Ct value of 38 was employed. CONCLUSIONS: Chlamydia suis was demonstrated in most samples and overall, no correlation to clinical signs was detected. However, a correlation was noted between samples with a high degree of infection and the presence of clinical signs. It is possible, that the intensive pig production systems studied might predispose for the transmission and maintenance of the infection thus increasing the infectious load and the risk for disease in the pig.",
   "publish_time": "2012 Jan 26",
   "authors": [
      "['Englund, Stina', 'H\u00e5rd af Segerstad, Carl', 'Arnlund, Frida', 'Westergren, Eva', 'Jacobson, Magdalena']"
   ],
   "journal": "BMC Vet Res",
   "has_full_text": "True",
   "id": "88a0b7d6447839c09069588d1761364ce9045d61",
   "fhir_link": "Commercial/Composition/88a0b7d6447839c09069588d1761364ce9045d61"
}