{
   "source_x": "PMC",
   "title": "Analysis of Ebola virus polymerase domains to find strain-specific differences and to gain insight on their pathogenicity",
   "doi": "10.1007/s13337-016-0334-8",
   "pmcid": "PMC5394698",
   "license": "unk",
   "abstract": "Ebola virus, a member of the family Filoviridae has caused immense morbidity and mortality in recent times, especially in West Africa. The infection characterized by chills, fever, diarrhea, and myalgia can progress to hemorrhage and death. Hence, it is a high priority area to better understand its biology in order to expedite vaccine development pipelines. In this regard, this study analyzes the domains in RNA polymerase of fifteen publicly-available Ebola isolates belonging to three strains (Zaire, Sudan and Reston). The protein FASTA sequences of the isolates belonging Zaire, Sudan and Reston strains were extracted from UniProt database and submitted to the interactive web tool SMART for the polymerase domain profiles. Subsequent in silico investigation furnished interesting results that sure can contribute to the understanding of Ebola pathogenesis. The key findings and patterns have been presented, and based on them hypotheses have been formulated for further empirical validation.",
   "authors": [
      "Patel, Seema",
      "Patel, Snigdha"
   ],
   "has_full_text": "False",
   "id": "https://doi.org/10.1007/s13337-016-0334-8",
   "pubtator": "PMC5394698"
}