{
   "sha": "50175063f18523b036178f07bd6b0f77da42bb86",
   "source_x": "Elsevier",
   "title": "Chapter 10 Genes conferring immunity against viral infections",
   "doi": "10.1016/B978-0-12-816406-8.00010-3",
   "license": "els-covid",
   "abstract": "Abstract Immunity against viral infection is different from that for other infections. The virus utilizes the host\u2019s immune mechanism for its survival and infection. Innate immune reaction is initially activated by conserved pathogen-associated molecular patterns, pattern recognition receptors, retinoic acid-inducible gene I, MDA5, LGP2, and toll-like receptors (TLRs) such as TLR3 and TLR7. Some important molecules responsible for viral infection include cytokines and chemokines. The current chapter includes the basic mechanism of action of immune-response genes and a list of important genes and their protein IDs. Chemokines include CCL19 and CCL21, and reactivate antiviral CCR7, monocyte chemoattractant protein 1, a CC chemokine, and interleukin 8, an interferon-stimulated gene.",
   "publish_time": "2020-12-31",
   "authors": [
      "Pal, Aruna",
      "Chakravarty, A.K."
   ],
   "journal": "Genetics and Breeding for Disease Resistance of Livestock",
   "has_full_text": "True",
   "full_text_file": "custom_license",
   "id": "https://doi.org/10.1016/B978-0-12-816406-8.00010-3",
   "fhir_link": [
      "PMC/Composition/50175063f18523b036178f07bd6b0f77da42bb86"
   ]
}