{
   "sha": "095094d4972c48a1d2f149cbd8cbd3b86c542fae",
   "source_x": "Elsevier",
   "title": "Chapter 7 Viruses",
   "doi": "10.1016/B978-0-12-817576-7.00007-9",
   "license": "els-covid",
   "abstract": "Abstract In the past, viruses were considered nonliving infectious particles, little more than genetic material wrapped in a protein capsid. Today, virologists are beginning to think of viruses as living organisms that can be classified phylogenetically into defined species, much like any other living organism. The primary reasons for this shift in attitude can be partially attributed to the discovery of giant viruses, having large genomes and complex regulatory systems. Aside from that, it has become obvious that viruses lead complex lives; they evolve, speciate, and participate in the evolution of all classes of living organisms. In this chapter, we will discuss the early attempts to classify viruses, and review the biologic properties of the classes of virus that contain human pathogens.",
   "publish_time": "2019-12-31",
   "authors": [
      "Berman, Jules J."
   ],
   "journal": "Taxonomic Guide to Infectious Diseases",
   "has_full_text": "True",
   "full_text_file": "custom_license",
   "id": "https://doi.org/10.1016/B978-0-12-817576-7.00007-9",
   "fhir_link": [
      "PMC/Composition/095094d4972c48a1d2f149cbd8cbd3b86c542fae"
   ]
}