{
   "sha": "a234c5ac982ffc63b7be9d7c1b3473f92849192e",
   "source_x": "PMC",
   "title": "Interleukin-6 Is a Potential Biomarker for Severe Pandemic H1N1 Influenza A Infection",
   "doi": "http://dx.doi.org/10.1371/journal.pone.0038214",
   "pmcid": "PMC3367995",
   "pubmed_id": "22679491",
   "license": "CC BY",
   "abstract": "Pandemic H1N1 influenza A (H1N1pdm) is currently a dominant circulating influenza strain worldwide. Severe cases of H1N1pdm infection are characterized by prolonged activation of the immune response, yet the specific role of inflammatory mediators in disease is poorly understood. The inflammatory cytokine IL-6 has been implicated in both seasonal and severe pandemic H1N1 influenza A (H1N1pdm) infection. Here, we investigated the role of IL-6 in severe H1N1pdm infection. We found IL-6 to be an important feature of the host response in both humans and mice infected with H1N1pdm. Elevated levels of IL-6 were associated with severe disease in patients hospitalized with H1N1pdm infection. Notably, serum IL-6 levels associated strongly with the requirement of critical care admission and were predictive of fatal outcome. In C57BL/6J, BALB/cJ, and B6129SF2/J mice, infection with A/Mexico/4108/2009 (H1N1pdm) consistently triggered severe disease and increased IL-6 levels in both lung and serum. Furthermore, in our lethal C57BL/6J mouse model of H1N1pdm infection, global gene expression analysis indicated a pronounced IL-6 associated inflammatory response. Subsequently, we examined disease and outcome in IL-6 deficient mice infected with H1N1pdm. No significant differences in survival, weight loss, viral load, or pathology were observed between IL-6 deficient and wild-type mice following infection. Taken together, our findings suggest IL-6 may be a potential disease severity biomarker, but may not be a suitable therapeutic target in cases of severe H1N1pdm infection due to our mouse data.",
   "publish_time": "2012 Jun 5",
   "authors": [
      "['Paquette, St\u00e9phane G.', 'Banner, David', 'Zhao, Zhen', 'Fang, Yuan', 'Huang, Stephen S. H.', 'Le\u03ccn, Alberto J.', 'Ng, Derek C. K.', 'Almansa, Raquel', 'Martin-Loeches, Ignacio', 'Ramirez, Paula', 'Socias, Lorenzo', 'Loza, Ana', 'Blanco, Jesus', 'Sansonetti, Paola', 'Rello, Jordi', 'Andaluz, David', 'Shum, Bianche', 'Rubino, Salvatore', 'de Lejarazu, Raul Ortiz', 'Tran, Dat', 'Delogu, Giovanni', 'Fadda, Giovanni', 'Krajden, Sigmund', 'Rubin, Barry B.', 'Bermejo-Martin, Jes\u00fas F.', 'Kelvin, Alyson A.', 'Kelvin, David J.']"
   ],
   "journal": "PLoS One",
   "has_full_text": "True",
   "id": "a234c5ac982ffc63b7be9d7c1b3473f92849192e",
   "fhir_link": "Commercial/Composition/a234c5ac982ffc63b7be9d7c1b3473f92849192e"
}