{
   "sha": "f93603928844e6a32a3cbb57e715798d4718097b",
   "source_x": "Elsevier",
   "title": "Chapter 19 Nanomaterials for removal of waterborne pathogens opportunities and challenges",
   "doi": "10.1016/B978-0-12-818783-8.00019-0",
   "license": "els-covid",
   "abstract": "Abstract As the nanotechnological applications have taken over in different fields, their applications for water and wastewater treatment is also surfacing as a fast-developing and very promising area. Recent advancements in nanotechnological science and engineering advise that many of the waterborne pathogens could be culminated or debilitated using nanobiosorbents, nanocatalysts, bioactive nanoparticles, nanostructured catalytic membranes, nanobioreactors, nanoparticle-enhanced filtration among other products, and processes resulting from the development of nanotechnology. A detailed insight has been provided for advanced techniques such as photochemical (photocatalytic and advanced oxidation processes) applications of metal oxide nanoparticles, nanomembrane technology, bioinspired nanomaterials, and nanotechnological innovations (nano-Ag, fullerenes, nanotubes, and molecularly imprinted polymers, etc.), which prove to be highly potential as well as promising and cost-effective. However, there are still some shortcomings and challenges that must be overcome which will be looked upon in this chapter.",
   "publish_time": "2020-12-31",
   "authors": [
      "Ojha, Ankita"
   ],
   "journal": "Waterborne Pathogens",
   "has_full_text": "True",
   "full_text_file": "custom_license",
   "id": "https://doi.org/10.1016/B978-0-12-818783-8.00019-0",
   "fhir_link": [
      "PMC/Composition/f93603928844e6a32a3cbb57e715798d4718097b"
   ]
}