{
   "sha": "f2a43da3e565ffb44289385ed3c6a4658dc166c1",
   "source_x": "PMC",
   "title": "The Acute Environment, Rather than T Cell Subset Pre-Commitment, Regulates Expression of the Human T Cell Cytokine Amphiregulin",
   "doi": "http://dx.doi.org/10.1371/journal.pone.0039072",
   "pmcid": "PMC3375254",
   "pubmed_id": "22720031",
   "license": "CC BY",
   "abstract": "Cytokine expression patterns of T cells can be regulated by pre-commitment to stable effector phenotypes, further modification of moderately stable phenotypes, and quantitative changes in cytokine production in response to acute signals. We showed previously that the epidermal growth factor family member Amphiregulin is expressed by T cell receptor-activated mouse CD4 T cells, particularly Th2 cells, and helps eliminate helminth infection. Here we report a detailed analysis of the regulation of Amphiregulin expression by human T cell subsets. Signaling through the T cell receptor induced Amphiregulin expression by most or all T cell subsets in human peripheral blood, including naive and memory CD4 and CD8 T cells, Th1 and Th2 in vitro T cell lines, and subsets of memory CD4 T cells expressing several different chemokine receptors and cytokines. In these different T cell types, Amphiregulin synthesis was inhibited by an antagonist of protein kinase A, a downstream component of the cAMP signaling pathway, and enhanced by ligands that increased cAMP or directly activated protein kinase A. Prostaglandin E2 and adenosine, natural ligands that stimulate adenylyl cyclase activity, also enhanced Amphiregulin synthesis while reducing synthesis of most other cytokines. Thus, in contrast to mouse T cells, Amphiregulin synthesis by human T cells is regulated more by acute signals than pre-commitment of T cells to a particular cytokine pattern. This may be appropriate for a cytokine more involved in repair than attack functions during most inflammatory responses.",
   "publish_time": "2012 Jun 14",
   "authors": [
      "['Qi, Yilin', 'Operario, Darwin J.', 'Georas, Steve N.', 'Mosmann, Tim R.']"
   ],
   "journal": "PLoS One",
   "has_full_text": "True",
   "id": "f2a43da3e565ffb44289385ed3c6a4658dc166c1",
   "fhir_link": "Commercial/Composition/f2a43da3e565ffb44289385ed3c6a4658dc166c1.json"
}