{
   "source_x": "PMC",
   "title": "A cross-species view on viruses",
   "doi": "10.1016/j.coviro.2012.07.003",
   "pmcid": "PMC3470745",
   "license": "unk",
   "abstract": "We describe the creative ways that virologists are leveraging experimental cross-species infections to study the interactions between viruses and hosts. While viruses are usually well adapted to their hosts, cross-species approaches involve pairing viruses with species that they don\u2019t naturally infect. These cross-species infections pit viruses against animals, cell lines, or even single genes from foreign species. We highlight examples where cross-species infections have yielded insights into mechanisms of host innate immunity, viral countermeasures, and the evolutionary interplay between viruses and hosts.",
   "authors": [
      "Sawyer, Sara L.",
      "Elde, Nels C."
   ],
   "has_full_text": "False",
   "id": "https://doi.org/10.1016/j.coviro.2012.07.003",
   "pubtator": "PMC3470745"
}