{
   "source_x": "PMC",
   "title": "Multiplexed Fluorometric ImmunoAssay Testing Methodology and Troubleshooting",
   "doi": "10.3791/3715",
   "pmcid": "PMC3679643",
   "license": "unk",
   "abstract": "To ensure the quality of animal models used in biomedical research we have developed a number of diagnostic testing strategies and methods to determine if animals have been exposed to adventitious infectious agents (viruses, mycoplasma, and other fastidious microorganisms). Infections of immunocompetent animals are generally transient, yet serum antibody responses to infection often can be detected within days to weeks and persist throughout the life of the host. Serology is the primary diagnostic methodology by which laboratory animals are monitored. Historically the indirect enzyme-linked immunosorbent assay (ELISA) has been the main screening method for serosurveillance. The ELISA is performed as a singleplex, in which one microbial antigen-antibody reaction is measured per well. In comparison the MFIA is performed as a multiplexed assay. Since the microspheres come in 100 distinct color sets, as many as 100 different assays can be performed simultaneously in a single microplate well. This innovation decreases the amount of serum, reagents and disposables required for routine testing while increasing the amount of information obtained from a single test well. In addition, we are able to incorporate multiple internal control beads to verify sample and system suitability and thereby assure the accuracy of results. These include tissue control and IgG anti-test serum species immunoglobulin (\u03b1Ig) coated bead sets to evaluate sample suitability. As in the ELISA and IFA, the tissue control detects non-specific binding of serum immunoglobulin. The \u03b1Ig control (Serum control) confirms that serum has been added and contains a sufficient immunoglobulin concentration while the IgG control bead (System Suitability control), coated with serum species immunoglobulin, demonstrates that the labeled reagents and Luminex reader are functioning properly.",
   "authors": [
      "Wunderlich, Michelle L.",
      "Dodge, Megan E.",
      "Dhawan, Rajeev K.",
      "Shek, William R."
   ],
   "has_full_text": "False",
   "id": "https://doi.org/10.3791/3715",
   "pubtator": "PMC3679643"
}