{
   "source_x": "PMC",
   "title": "Viral Infection in Acute Exacerbation of Idiopathic Pulmonary Fibrosis",
   "doi": "10.1164/rccm.201010-1752OC",
   "pmcid": "PMC3136996",
   "license": "unk",
   "abstract": "Rationale: Idiopathic pulmonary fibrosis is a progressive, uniformly fatal interstitial lung disease. An acute exacerbation of idiopathic pulmonary fibrosis is an episode of acute respiratory worsening without an identifiable etiology. Occult viral infection has been proposed as a possible cause of acute exacerbation. Objectives: To use unbiased genomics-based discovery methods to define the role of viruses in acute exacerbation of idiopathic pulmonary fibrosis. Methods: Bronchoalveolar lavage and serum from patients with acute exacerbation of idiopathic pulmonary fibrosis, stable disease, and acute lung injury were tested for viral nucleic acid using multiplex polymerase chain reaction, pan-viral microarray, and high-throughput cDNA sequencing. Measurements and Main Results: Four of forty-three patients with acute exacerbation of idiopathic pulmonary fibrosis had evidence of common respiratory viral infection (parainfluenza [n = 1], rhinovirus [n = 2], coronavirus [n = 1]); no viruses were detected in the bronchoalveolar lavage from stable patients. Pan-viral microarrays revealed additional evidence of viral infection (herpes simplex virus [n = 1], Epstein-Barr virus [n = 2], and torque teno virus [TTV] [n = 12]) in patients with acute exacerbation. TTV infection was significantly more common in patients with acute exacerbation than stable controls (P = 0.0003), but present in a similar percentage of acute lung injury controls. Deep sequencing of a subset of acute exacerbation cases confirmed the presence of TTV but did not identify additional viruses. Conclusions: Viral infection was not detected in most cases of acute exacerbation of idiopathic pulmonary fibrosis. TTV was present in a significant minority of cases, and cases of acute lung injury; the clinical significance of this finding remains to be determined.",
   "authors": [
      "Wootton, Sharon Chao",
      "Kim, Dong Soon",
      "Kondoh, Yasuhiro",
      "Chen, Eunice",
      "Lee, Joyce S.",
      "Song, Jin Woo",
      "Huh, Jin Won",
      "Taniguchi, Hiroyuki",
      "Chiu, Charles",
      "Boushey, Homer",
      "Lancaster, Lisa H.",
      "Wolters, Paul J.",
      "DeRisi, Joseph",
      "Ganem, Don",
      "Collard, Harold R."
   ],
   "has_full_text": "False",
   "id": "https://doi.org/10.1164/rccm.201010-1752OC",
   "pubtator": "PMC3136996"
}