{
   "source_x": "PMC",
   "title": "Antibody-profiling technologies for studying humoral responses to infectious agents",
   "doi": "10.1586/erv.10.50",
   "pmcid": "PMC3417761",
   "license": "unk",
   "abstract": "Analyses of humoral responses against different infectious agents are critical for infectious disease diagnostics, understanding pathogenic mechanisms, and the development and monitoring of vaccines. While ELISAs are often used to measure antibody responses to one or several targets, new antibody-profiling technologies, such as protein microarrays, can now evaluate antibody responses to hundreds, or even thousands, of recombinant antigens at one time. These large-scale studies have uncovered new antigenic targets, provided new insights into vaccine research and yielded an overview of immunoreactivity against almost the entire proteome of certain pathogens. However, solid-phase antigen arrays also have drawbacks that limit the type of information obtained, including suboptimal detection of conformational epitopes, high backgrounds due to impure antigens and a narrow dynamic range of detection. We have developed a solution-phase antibody-profiling technology, luciferase immunoprecipitation systems (LIPS), which harnesses light-emitting recombinant antigen fusion proteins to quantitatively measure patient antibody titers. Owing to the highly linear light output of the luciferase reporter, some antibodies can be detected without serum dilution in a dynamic range of detection often spanning seven orders of magnitude. When LIPS is applied iteratively with multiple target antigens, a high-definition antibody profile is obtained. Here, we discuss the application of these different antibody-profiling technologies and their associated limitations with particular emphasis on protein microarrays. We also describe LIPS in detail and discuss several clinically relevant uses of the technology. Together, these new technologies offer new tools for understanding humoral responses to known and emerging infectious agents.",
   "authors": [
      "Burbelo, Peter D",
      "Ching, Kathryn H",
      "Bush, Emily R",
      "Han, Brian L",
      "Iadarola, Michael J"
   ],
   "has_full_text": "False",
   "id": "https://doi.org/10.1586/erv.10.50",
   "pubtator": "PMC3417761"
}