{
   "sha": "8597d9f2e677de02b0166ad69f8045b979b3a82a",
   "source_x": "PMC",
   "title": "Role of Human Sec63 in Modulating the Steady-State Levels of Multi-Spanning Membrane Proteins",
   "doi": "http://dx.doi.org/10.1371/journal.pone.0049243",
   "pmcid": "PMC3499540",
   "pubmed_id": "23166619",
   "license": "CC BY",
   "abstract": "The Sec61 translocon of the endoplasmic reticulum (ER) membrane forms an aqueous pore, allowing polypeptides to be transferred across or integrated into membranes. Protein translocation into the ER can occur co- and posttranslationally. In yeast, posttranslational translocation involves the heptameric translocase complex including its Sec62p and Sec63p subunits. The mammalian ER membrane contains orthologs of yeast Sec62p and Sec63p, but their function is poorly understood. Here, we analyzed the effects of excess and deficit Sec63 on various ER cargoes using human cell culture systems. The overexpression of Sec63 reduces the steady-state levels of viral and cellular multi-spanning membrane proteins in a cotranslational mode, while soluble and single-spanning ER reporters are not affected. Consistent with this, the knock-down of Sec63 increases the steady-state pools of polytopic ER proteins, suggesting a substrate-specific and regulatory function of Sec63 in ER import. Overexpressed Sec63 exerts its down-regulating activity on polytopic protein levels independent of its Sec62-interacting motif, indicating that it may not act in conjunction with Sec62 in human cells. The specific action of Sec63 is further sustained by our observations that the up-regulation of either Sec62 or two other ER proteins with lumenal J domains, like ERdj1 and ERdj4, does not compromise the steady-state level of a multi-spanning membrane reporter. A J domain-specific mutation of Sec63, proposed to weaken its interaction with the ER resident BiP chaperone, reduces the down-regulating capacity of excess Sec63, suggesting an involvement of BiP in this process. Together, these results suggest that Sec63 may perform a substrate-selective quantity control function during cotranslational ER import.",
   "publish_time": "2012 Nov 15",
   "authors": [
      "['Mades, Andreas', 'Gotthardt, Katherina', 'Awe, Karin', 'Stieler, Jens', 'D\u00f6ring, Tatjana', 'F\u00fcser, Sabine', 'Prange, Reinhild']"
   ],
   "journal": "PLoS One",
   "has_full_text": "True",
   "id": "8597d9f2e677de02b0166ad69f8045b979b3a82a",
   "fhir_link": "Commercial/Composition/8597d9f2e677de02b0166ad69f8045b979b3a82a.json"
}