{
   "source_x": "PMC",
   "title": "Livestock infectious diseases and zoonoses",
   "doi": "10.1098/rstb.2009.0133",
   "pmcid": "PMC2865087",
   "license": "unk",
   "abstract": "Infectious diseases of livestock are a major threat to global animal health and welfare and their effective control is crucial for agronomic health, for safeguarding and securing national and international food supplies and for alleviating rural poverty in developing countries. Some devastating livestock diseases are endemic in many parts of the world and threats from old and new pathogens continue to emerge, with changes to global climate, agricultural practices and demography presenting conditions that are especially favourable for the spread of arthropod-borne diseases into new geographical areas. Zoonotic infections that are transmissible either directly or indirectly between animals and humans are on the increase and pose significant additional threats to human health and the current pandemic status of new influenza A (H1N1) is a topical example of the challenge presented by zoonotic viruses. In this article, we provide a brief overview of some of the issues relating to infectious diseases of livestock, which will be discussed in more detail in the papers that follow.",
   "authors": [
      "Tomley, Fiona M.",
      "Shirley, Martin W."
   ],
   "has_full_text": "False",
   "id": "https://doi.org/10.1098/rstb.2009.0133",
   "pubtator": "PMC2865087"
}