{
   "source_x": "PMC",
   "title": "Pandemic Influenza and Pregnancy: An Opportunity to Reassess Maternal Bioethics",
   "doi": "10.2105/AJPH.2008.140780",
   "pmcid": "PMC4504390",
   "license": "unk",
   "abstract": "Large-scale infectious epidemics present the medical community with numerous medical and ethical challenges. Recent attention has focused on the likelihood of an impending influenza pandemic caused by the H5N1 virus. Pregnant women in particular present policymakers with great challenges to planning for such a public health emergency. By recognizing the specific considerations needed for this population, we can preemptively address the issues presented by infectious disease outbreaks. We reviewed the important ethical challenges presented by pregnant women and highlighted the considerations for all vulnerable groups when planning for a pandemic at both the local and the national level.",
   "authors": [
      "Farrell, Ruth M.",
      "Beigi, Richard H."
   ],
   "has_full_text": "False",
   "id": "https://doi.org/10.2105/AJPH.2008.140780",
   "pubtator": "PMC4504390"
}