{
   "source_x": "PMC",
   "title": "Behind the data: Establishing the Network for Surveillance for Pneumococcal Diseases in the East African Region, netSPEAR",
   "doi": "10.1086/596496",
   "pmcid": "PMC2673058",
   "license": "unk",
   "abstract": "In a region with high rates of mortality among children aged <5 years, the underfunded health care systems of sub-Saharan Africa have few resources available to perform surveillance activities that can help determine the causes of morbidity and mortality in the region. At present, there are few examples of attempts to promote public health care surveillance that might inform current debates about how to expand and improve surveillance, particularly for bacterial diseases. Driven by this gap in knowledge, we attempted to explore the successes and failures of the Network for Surveillance of Pneumococcal Disease in the East African Region and to share the experiences of what are essentially non research public-sector hospitals in East Africa, with the hopes that surveillance systems for other diseases, especially those that require complex diagnostic support, may be informed by these experiences. The state of services essential for surveillance and the measures taken to overcome any shortcomings are described, as is the progress made in improving clinical diagnosis, laboratory processing, and data management. For surveillance to play a role in public health care, ministries of health and associated institutions must own and push forward the surveillance agenda, with support from global partners, and take advantage of the developments that have been achieved within the institutions.",
   "authors": [
      "Amos, Ben",
      "Kisakye, Annet",
      "Makewa, Douglas",
      "Mudhune, Sandra",
      "Mwamtemi, Hadija",
      "Nansera, Dennis",
      "Ngwiri, Thomas",
      "Wamae, Maranga",
      "English, Mike"
   ],
   "has_full_text": "False",
   "id": "https://doi.org/10.1086/596496",
   "pubtator": "PMC2673058"
}