{
   "source_x": "PMC",
   "title": "Hantaan Virus Nucleocapsid Protein Binds to Importin \u03b1 Proteins and Inhibits Tumor Necrosis Factor Alpha-Induced Activation of Nuclear Factor Kappa B",
   "doi": "10.1128/JVI.00986-08",
   "pmcid": "PMC2620888",
   "license": "unk",
   "abstract": "Hantaviruses such as Hantaan virus (HTNV) and Andes virus cause two human diseases, hemorrhagic fever with renal syndrome and hantavirus pulmonary syndrome, respectively. For both, disease pathogenesis is thought to be immunologically mediated and there have been numerous reports of patients with elevated levels of proinflammatory and inflammatory cytokines, including tumor necrosis factor alpha (TNF-\u03b1), in their sera. Multiple viruses have developed evasion strategies to circumvent the host cell inflammatory process, with one of the most prevalent being the disruption of nuclear factor kappa B (NF-\u03baB) activation. We hypothesized that hantaviruses might also moderate host inflammation by interfering with this pathway. We report here that the nucleocapsid (N) protein of HTNV was able to inhibit TNF-\u03b1-induced activation of NF-\u03baB, as measured by a reporter assay, and the activation of endogenous p65, an NF-\u03baB subunit. Surprisingly, there was no defect in the degradation of the inhibitor of NF-\u03baB (I\u03baB) protein, nor was there any alteration in the level of p65 expression in HTNV N-expressing cells. However, immunofluorescence antibody staining demonstrated that cells expressing HTNV N protein and a green fluorescent protein-p65 fusion had limited p65 nuclear translocation. Furthermore, we were able to detect an interaction between HTNV N protein and importin \u03b1, a nuclear import molecule responsible for shuttling NF-\u03baB to the nucleus. Collectively, our data suggest that HTNV N protein can sequester NF-\u03baB in the cytoplasm, thus inhibiting NF-\u03baB activity. These findings, which were obtained using cells transfected with cDNA representing the HTNV N gene, were confirmed using HTNV-infected cells.",
   "authors": [
      "Taylor, Shannon L.",
      "Frias-Staheli, Natalia",
      "Garc\u00eda-Sastre, Adolfo",
      "Schmaljohn, Connie S."
   ],
   "has_full_text": "False",
   "id": "https://doi.org/10.1128/JVI.00986-08",
   "pubtator": "PMC2620888"
}