{
   "sha": "aaf71afd1d3f2d1ee34ba2fb720aca20c35a303b",
   "source_x": "PMC",
   "title": "Digital Surveillance: A Novel Approach to Monitoring the Illegal Wildlife Trade",
   "doi": "http://dx.doi.org/10.1371/journal.pone.0051156",
   "pmcid": "PMC3517447",
   "pubmed_id": "23236444",
   "license": "CC BY",
   "abstract": "A dearth of information obscures the true scale of the global illegal trade in wildlife. Herein, we introduce an automated web crawling surveillance system developed to monitor reports on illegally traded wildlife. A resource for enforcement officials as well as the general public, the freely available website, http://www.healthmap.org/wildlifetrade, provides a customizable visualization of worldwide reports on interceptions of illegally traded wildlife and wildlife products. From August 1, 2010 to July 31, 2011, publicly available English language illegal wildlife trade reports from official and unofficial sources were collected and categorized by location and species involved. During this interval, 858 illegal wildlife trade reports were collected from 89 countries. Countries with the highest number of reports included India (n\u200a=\u200a146, 15.6%), the United States (n\u200a=\u200a143, 15.3%), South Africa (n\u200a=\u200a75, 8.0%), China (n\u200a=\u200a41, 4.4%), and Vietnam (n\u200a=\u200a37, 4.0%). Species reported as traded or poached included elephants (n\u200a=\u200a107, 12.5%), rhinoceros (n\u200a=\u200a103, 12.0%), tigers (n\u200a=\u200a68, 7.9%), leopards (n\u200a=\u200a54, 6.3%), and pangolins (n\u200a=\u200a45, 5.2%). The use of unofficial data sources, such as online news sites and social networks, to collect information on international wildlife trade augments traditional approaches drawing on official reporting and presents a novel source of intelligence with which to monitor and collect news in support of enforcement against this threat to wildlife conservation worldwide.",
   "publish_time": "2012 Dec 7",
   "authors": [
      "['Sonricker Hansen, Amy L.', 'Li, Annie', 'Joly, Damien', 'Mekaru, Sumiko', 'Brownstein, John S.']"
   ],
   "journal": "PLoS One",
   "has_full_text": "True",
   "id": "aaf71afd1d3f2d1ee34ba2fb720aca20c35a303b",
   "fhir_link": "Commercial/Composition/aaf71afd1d3f2d1ee34ba2fb720aca20c35a303b"
}