{
   "source_x": "PMC",
   "title": "Severe Acute Respiratory Syndrome Coronavirus Gene 7 Products Contribute to Virus-Induced Apoptosis",
   "doi": "10.1128/JVI.01266-07",
   "pmcid": "PMC2045523",
   "license": "unk",
   "abstract": "The proteins encoded by gene 7 of the severe acute respiratory syndrome coronavirus (SARS-CoV) have been demonstrated to have proapoptotic activity when expressed from cDNA but appear to be dispensable for virus replication. Recombinant SARS-CoVs bearing deletions in gene 7 were used to assess the contribution of gene 7 to virus replication and apoptosis in several transformed cell lines, as well as to replication and pathogenesis in golden Syrian hamsters. Deletion of gene 7 had no effect on SARS-CoV replication in transformed cell lines, nor did it alter the induction of early apoptosis markers such as annexin V binding and activation of caspase 3. However, viruses with gene 7 disruptions were not as efficient as wild-type virus in inducing DNA fragmentation, as judged by terminal deoxynucleotidyltransferase-mediated dUTP-biotin nick end labeling (TUNEL) staining, indicating that the gene 7 products do contribute to virus-induced apoptosis. Disruption of gene 7 did not affect virus replication or morbidity in golden Syrian hamsters, suggesting that the gene 7 products are not required for acute infection in vivo. The data indicate that open reading frames 7a and 7b contribute to but are not solely responsible for the apoptosis seen in SARS-CoV-infected cells.",
   "authors": [
      "Schaecher, Scott R.",
      "Touchette, Erin",
      "Schriewer, Jill",
      "Buller, R. Mark",
      "Pekosz, Andrew"
   ],
   "has_full_text": "False",
   "id": "https://doi.org/10.1128/JVI.01266-07",
   "pubtator": "PMC2045523"
}