{
   "sha": "12fc7df6445be6360090621b75df383ce86772af",
   "source_x": "PMC",
   "title": "Anti-inflammatory activity of cinnamon water extract in vivo and in vitro LPS-induced models",
   "doi": "http://dx.doi.org/10.1186/1472-6882-12-237",
   "pmcid": "PMC3533872",
   "pubmed_id": "23190501",
   "license": "CC BY",
   "abstract": "BACKGROUND: Cinnamon bark is one of the most popular herbal ingredients in traditional oriental medicine and possesses diverse pharmacological activities including anti-bacterial, anti-viral, and anti-cancer properties. The goal of this study is to investigate the in vivo and in vitro inhibitory effect of cinnamon water extract (CWE) on lipopolysaccharide (LPS)-induced tumor necrosis factor (TNF)-\u03b1 and its underlying intracellular mechanisms. METHODS: CWE was orally administrated to mice for 6 days prior to intraperitoneal injection of LPS. Serum levels of TNF-\u03b1 and interleukin (IL)-6 were determined 1 hour after LPS stimulation. Peritoneal macrophages from thioglycollate-injected mice were isolated and assayed for viability, cytokine expression and signaling molecules upon LPS stimulation. CWE was further fractioned according to molecular size, and the levels of total polyphenols and biological activities of each fraction were measured. RESULTS: The oral administration of CWE to mice significantly decreased the serum levels of TNF-\u03b1 and IL-6. CWE treatment in vitro decreased the mRNA expression of TNF-\u03b1. CWE blocked the LPS-induced degradation of I\u03baB\u03b1 as well as the activation of JNK, p38 and ERK1/2. Furthermore, size-based fractionation of CWE showed that the observed inhibitory effect of CWE in vitro occurred in the fraction containing the highest level of total polyphenols. CONCLUSIONS: Treatment with CWE decreased LPS-induced TNF-\u03b1 in serum. In vitro inhibition of TNF-\u03b1 gene by CWE may occur via the modulation of I\u03baB\u03b1 degradation and JNK, p38, and ERK1/2 activation. Our results also indicate that the observed anti-inflammatory action of CWE may originate from the presence of polyphenols.",
   "publish_time": "2012 Nov 28",
   "authors": [
      "['Hong, Joung-Woo', 'Yang, Ga-Eun', 'Kim, Yoon Bum', 'Eom, Seok Hyun', 'Lew, Jae-Hwan', 'Kang, Hee']"
   ],
   "journal": "BMC Complement Altern Med",
   "has_full_text": "True",
   "id": "12fc7df6445be6360090621b75df383ce86772af",
   "fhir_link": "Commercial/Composition/12fc7df6445be6360090621b75df383ce86772af"
}