{
   "source_x": "PMC",
   "title": "Use of an enzyme-linked immunosorbent assay in bulk milk to estimate the prevalence of Neospora caninum on dairy farms in Prince Edward Island, Canada",
   "pmcid": "PMC1852591",
   "license": "unk",
   "abstract": "This study evaluated the use of bulk milk as a diagnostic tool for estimation of herd-level Neospora caninum exposure in Atlantic Canada; it was used to estimate the prevalence of dairy farms with a within-herd N. caninum-seroprevalence \u2265 15% in Prince Edward Island (PEI). The variation over time of N. caninum antibodies in bulk milk is also reported. Skimmed bulk milk and individual serum samples were analyzed for N. caninum antibodies by using an enzyme-linked immunosorbent assay (ELISA). Bulk milk samples were collected in May 2004 (n = 235), May 2005 (n = 189), and June 2005 (n = 235). The prevalence of dairy farms with a within-herd seroprevalence \u2265 15% on PEI was 6.4% in May 2004. In May and June 2005, respectively, 10.1% and 10.2% of farms had a \u2265 15% within-herd seroprevalence. In 11 farms that were considered positive based on bulk milk samples, blood samples were collected from all adult cows in September 2005, in conjunction with a 4th bulk milk sample on the same day. The correlation coefficient between serology and bulk milk ELISA was 0.87. The results of this study demonstrate that the prevalence of N. caninum in dairy farms can be estimated by using a bulk milk ELISA.",
   "authors": [
      "Wapenaar, Wendela",
      "Barkema, Herman W.",
      "O\u2019Handley, Ryan M.",
      "Bartels, Chris J.M."
   ],
   "has_full_text": "False",
   "id": "https://www.ncbi.nlm.nih.gov/pmc/articles/PMC1852591",
   "pubtator": "PMC1852591"
}