{
   "source_x": "PMC",
   "title": "Novel \u03b2-Barrel Fold in the Nuclear Magnetic Resonance Structure of the Replicase Nonstructural Protein 1 from the Severe Acute Respiratory Syndrome Coronavirus",
   "doi": "10.1128/JVI.01939-06",
   "pmcid": "PMC1866046",
   "license": "unk",
   "abstract": "The nonstructural protein 1 (nsp1) of the severe acute respiratory syndrome coronavirus has 179 residues and is the N-terminal cleavage product of the viral replicase polyprotein that mediates RNA replication and processing. The specific function of nsp1 is not known. Here we report the nuclear magnetic resonance structure of the nsp1 segment from residue 13 to 128, which represents a novel \u03b1/\u03b2-fold formed by a mixed parallel/antiparallel six-stranded \u03b2-barrel, an \u03b1-helix covering one opening of the barrel, and a 3(10)-helix alongside the barrel. We further characterized the full-length 179-residue protein and show that the polypeptide segments of residues 1 to 12 and 129 to 179 are flexibly disordered. The structure is analyzed in a search for possible correlations with the recently reported activity of nsp1 in the degradation of mRNA.",
   "authors": [
      "Almeida, Marcius S.",
      "Johnson, Margaret A.",
      "Herrmann, Torsten",
      "Geralt, Michael",
      "W\u00fcthrich, Kurt"
   ],
   "has_full_text": "False",
   "id": "https://doi.org/10.1128/JVI.01939-06",
   "pubtator": "PMC1866046"
}