{
   "source_x": "PMC",
   "title": "Disseminated intravascular coagulation: old disease, new hope",
   "pmcid": "PMC259170",
   "license": "unk",
   "abstract": "Disseminated intravascular coagulation has long been associated with increased mortality in patients with sepsis. An effective treatment is now available, and the authors of this review describe how improved understanding and earlier diagnosis could lead to targeted treatment and improved prognosis",
   "authors": [
      "Toh, Cheng Hock",
      "Dennis, Michael"
   ],
   "has_full_text": "False",
   "id": "https://www.ncbi.nlm.nih.gov/pmc/articles/PMC259170",
   "pubtator": "PMC259170"
}