{
   "sha": "5b0e01ca31343bc3450b28109c522b2b23cbd5b6",
   "source_x": "Elsevier",
   "title": "Another triple-spanning envelope protein among intracellularly budding RNA viruses: The torovirus E protein",
   "doi": "10.1016/0042-6822(91)90606-C",
   "pubmed_id": "2024492",
   "license": "els-covid",
   "abstract": "Abstract The nucleotide sequence of the Berne virus envelope (E) protein gene was determined and its 26.5K translation product was identified by in vitro transcription and translation. Computer analysis of the protein sequence revealed the characteristics of a class III membrane protein lacking a cleaved signal sequence but containing three successive transmembrane \u03b1-helices in the N-terminal half, much the same as the coronavirus membrane (M) protein. The disposition of the E protein in the membrane was studied by in vitro translation in the presence of microsomes and by subsequent proteinase K digestion. Only small portions of either end of the polypeptide were found to be exposed on opposite sides of the vesicle membranes. Experiments with a hybrid E protein (EM) containing the C-terminal tail of a coronavirus M protein, to which an anti-peptide serum was available, showed that this C-terminus was present at the cytoplasmic side of the membrane, which is another similarity to the coronavirus M protein. Immunofluorescence experiments indicated that the EM protein, expressed by a recombinant vaccinia virus, accumulated in intracellular membranes, predominantly those of the endoplasmic reticulum. The common features of the torovirus E and the coronavirus M protein support our hypothesis that an evolutionary relationship exists between these groups of intracellularly budding viruses.",
   "publish_time": "1991-06-30",
   "authors": [
      "Den Boon, Johan A.",
      "Snijder, Eric J.",
      "Locker, Jacomine Krijnse",
      "Horzinek, Marian C.",
      "Rottier, Peter J.M."
   ],
   "journal": "Virology",
   "has_full_text": "True",
   "full_text_file": "custom_license",
   "id": "https://doi.org/10.1016/0042-6822(91)90606-C",
   "fhir_link": [
      "PMC/Composition/5b0e01ca31343bc3450b28109c522b2b23cbd5b6"
   ]
}