{
   "source_x": "PMC",
   "title": "Disease in endangered metapopulations: the importance of alternative hosts.",
   "doi": "10.1098/rspb.2001.1667",
   "pmcid": "PMC1690941",
   "license": "unk",
   "abstract": "Conventional applications of metapopulation theory have suggested that increasing migration between patches is usually good for conservation. A recent analysis by Hess has pointed out a possible exception to this: when infectious disease is present, migration may promote disease spread and therefore increase local extinction. We extend Hess's model to discuss this problem: when infections have spilled over from more abundant alternative hosts. This is often the case for species of conservation concern, and we find that Hess's conclusions must be substantially modified. We use deterministic analytic and stochastic numerical approaches to show that movement between patches will rarely have a negative impact, even when the probability of external infection is low.",
   "authors": [
      "Gog, Julia",
      "Woodroffe, Rosie",
      "Swinton, Jonathan"
   ],
   "has_full_text": "False",
   "id": "https://doi.org/10.1098/rspb.2001.1667",
   "pubtator": "PMC1690941"
}