{
   "source_x": "PMC",
   "title": "A coding RNA sequence acts as a replication signal in cardioviruses",
   "pmcid": "PMC18073",
   "license": "unk",
   "abstract": "Theiler\u2019s virus and Mengo virus are representatives of the Cardiovirus genus within the picornavirus family. Their genome is an 8-kilobase long positive strand RNA molecule. This RNA molecule plays three roles in infected cells: It serves as a messenger RNA, acts as a template for genome replication, and is encapsidated to form progeny virions. We observed that a cis-acting signal required for replication of Theiler\u2019s virus was contained within a 130-nt stretch of the region encoding the capsid protein VP2. This RNA sequence does not influence internal ribosome entry site-mediated translation initiation and thus likely acts directly as a signal for the replication complex. We found a similar signal in the VP2-coding sequence of Mengo virus, and both signals could be functionally exchanged. Within the replication element, a 9-nt sequence that is highly conserved among cardioviruses was shown to be essential for replication. This conserved sequence was contained in mostly unpaired regions of the RNA secondary structure predicted for the replication elements of the various cardioviruses. Interestingly, a similar replication element has been reported to occur in the distantly related human rhinovirus type 14, suggesting that such elements could be conserved throughout the picornavirus family. However, the different location of the replication elements in rhinovirus and cardioviruses, and the fact that they were not functionally exchangeable, is raising intriguing questions about the evolution of such signals in picornaviruses.",
   "authors": [
      "Lobert, Pierre-Emmanuel",
      "Escriou, Nicolas",
      "Ruelle, Jean",
      "Michiels, Thomas"
   ],
   "has_full_text": "False",
   "id": "https://www.ncbi.nlm.nih.gov/pmc/articles/PMC18073",
   "pubtator": "PMC18073"
}