{
   "sha": "c240d920b29ce38dab7b3be099e599bd2abaee83",
   "source_x": "Elsevier",
   "title": "Practice Point 34 Respiratory Tract Infection in a Traveler Returning from the Hajj",
   "doi": "10.1016/B978-0-7020-6285-8.00228-8",
   "license": "els-covid",
   "publish_time": "2017-12-31",
   "authors": [
      "Sridhar, Shruti",
      "Lagier, Jean-Christophe",
      "Gautret, Philippe"
   ],
   "journal": "Infectious Diseases",
   "has_full_text": "True",
   "full_text_file": "custom_license",
   "id": "https://doi.org/10.1016/B978-0-7020-6285-8.00228-8",
   "fhir_link": [
      "PMC/Composition/c240d920b29ce38dab7b3be099e599bd2abaee83"
   ]
}