{
   "source_x": "PMC",
   "title": "Glycoprotein glycans that inhibit adhesion of Escherichia coli mediated by K99 fimbriae: treatment of experimental colibacillosis.",
   "pmcid": "PMC258414",
   "license": "unk",
   "abstract": "Calf diarrhea due to infection by enterotoxigenic Escherichia coli was treated by administration of glycoprotein glycans derived from bovine plasma. The glycan moieties of the nonimmunoglobulin fraction of plasma mimicked the oligosaccharide moiety of intestinal receptors recognized by K99 pili. These glycoprotein glycans inhibited adhesion of E. coli K99+ ST+ to erythrocyte glycoconjugates in vitro, and they protected colostrum-deprived newborn calves against lethal doses of enterotoxigenic E. coli (10(10) bacteria). Adhesion of bacteria to the intestines (duodenum, jejunum, and ileum) was significantly reduced (by 2 orders of magnitude) in treated calves.",
   "authors": [
      "Mouricout, M",
      "Petit, J M",
      "Carias, J R",
      "Julien, R"
   ],
   "has_full_text": "False",
   "id": "https://www.ncbi.nlm.nih.gov/pmc/articles/PMC258414",
   "pubtator": "PMC258414"
}