{
   "sha": "3331e1bb231ae4227e4b6e8e98412b17468747a1",
   "source_x": "PMC",
   "title": "Protein co-expression network analysis (ProCoNA)",
   "doi": "http://dx.doi.org/10.1186/2043-9113-3-11",
   "pmcid": "PMC3695838",
   "pubmed_id": "23724967",
   "license": "CC BY",
   "abstract": "BACKGROUND: Biological networks are important for elucidating disease etiology due to their ability to model complex high dimensional data and biological systems. Proteomics provides a critical data source for such models, but currently lacks robust de novo methods for network construction, which could bring important insights in systems biology. RESULTS: We have evaluated the construction of network models using methods derived from weighted gene co-expression network analysis (WGCNA). We show that approximately scale-free peptide networks, composed of statistically significant modules, are feasible and biologically meaningful using two mouse lung experiments and one human plasma experiment. Within each network, peptides derived from the same protein are shown to have a statistically higher topological overlap and concordance in abundance, which is potentially important for inferring protein abundance. The module representatives, called eigenpeptides, correlate significantly with biological phenotypes. Furthermore, within modules, we find significant enrichment for biological function and known interactions (gene ontology and protein-protein interactions). CONCLUSIONS: Biological networks are important tools in the analysis of complex systems. In this paper we evaluate the application of weighted co-expression network analysis to quantitative proteomics data. Protein co-expression networks allow novel approaches for biological interpretation, quality control, inference of protein abundance, a framework for potentially resolving degenerate peptide-protein mappings, and a biomarker signature discovery.",
   "publish_time": "2013 Jun 1",
   "authors": [
      "['Gibbs, David L', 'Baratt, Arie', 'Baric, Ralph S', 'Kawaoka, Yoshihiro', 'Smith, Richard D', 'Orwoll, Eric S', 'Katze, Michael G', 'McWeeney, Shannon K']"
   ],
   "journal": "J Clin Bioinforma",
   "has_full_text": "True",
   "id": "3331e1bb231ae4227e4b6e8e98412b17468747a1",
   "fhir_link": "Commercial/Composition/3331e1bb231ae4227e4b6e8e98412b17468747a1.json"
}