{
   "source_x": "PMC",
   "title": "Purification and Properties of a Glycoprotein Acid Phosphatase from Candida albicans",
   "pmcid": "PMC251763",
   "license": "unk",
   "abstract": "An acid phosphomonoesterase was purified 87-fold with a 4% recovery from disintegrated cells of Candida albicans by four stages of column chromatography. The purified enzyme was homogeneous by ultracentrifugal, electrophoretic, and immunological analyses. The fully corrected sedimentation coefficient, s(20,w), was calculated to be 5.51s. Molecular weight estimated from ultracentrifugal data was 124.3 \u00d7 10(3), from gel chromatography was 115 \u00d7 10(3), and from acrylamide gel electrophoretic data was 131 \u00d7 10(3). Buoyant density in sucrose was 1.15 g/cm(3). The enzyme was a mannoprotein with a hexose to protein ratio of 7: 1. The Michaelis constant of the enzyme was 3.3 \u00d7 10(\u22124) M for p-nitrophenyl phosphate as substrate, and the pH optimum was 4.5. The enzyme was competitively inhibited by inorganic phosphate (K(i) = 10(\u22124) M) and by arsenate (K(i) = 0.5 \u00d7 10(\u22124) M). A wide range of inorganic cations and anions did not affect enzyme activity, but Hg(2+), Cd(2+), and Cu(2+) were inhibitory. F(\u2212) was also inhibitory at low concentrations, but the effect was reversed at higher concentrations. Phosphatase activity was completely destroyed by exposure of the enzyme to 70 C for 12 min, but was destroyed only slowly by proteolytic hydrolysis. The purified glycoprotein enzyme gave a line of identity with the \u201cb\u201d antigen of crude C. albicans homogenates in immunodiffusion and immunoelectrophoresis tests with sera from rabbits inoculated with intact C. albicans cells and from humans with proven candidiasis. Preliminary evidence suggests that the mannan and not the protein portion of the enzyme molecule is responsible for this antigenicity.",
   "authors": [
      "Odds, Frank C.",
      "Hierholzer, John C."
   ],
   "has_full_text": "False",
   "id": "https://www.ncbi.nlm.nih.gov/pmc/articles/PMC251763",
   "pubtator": "PMC251763"
}