{
   "source_x": "PMC_new",
   "title": "Vaccine-Induced Th1-Type Response Protects against Invasive Group A Streptococcus Infection in the Absence of Opsonizing Antibodies",
   "doi": "10.1128/mBio.00122-20",
   "pmcid": "PMC7064752",
   "pubmed_id": "32156809",
   "license": "cc-by",
   "abstract": "Recent global advocacy efforts have highlighted the importance of development of a vaccine against group A Streptococcus (GAS). Combo5 is a non-M protein-based vaccine that provides protection against GAS skin infection in mice and reduces the severity of pharyngitis in nonhuman primates. However, Combo5 with the addition of aluminum hydroxide (alum) as an adjuvant failed to protect against invasive GAS infection of mice. Here, we show that formulation of Combo5 with adjuvants containing saponin QS21 significantly improves protective efficacy, even though all 7 adjuvants tested generated high antigen-specific IgG antibody titers, including alum. Detailed characterization of Combo5 formulated with SMQ adjuvant, a squalene-in-water emulsion containing a TLR4 agonist and QS21, showed significant differences from the results obtained with alum in IgG subclasses generated following immunization, with an absence of GAS opsonizing antibodies. SMQ, but not alum, generated strong interleukin-6 (IL-6), gamma interferon (IFN-\u03b3), and tumor necrosis alpha (TNF-\u03b1) responses. This work highlights the importance of adjuvant selection for non-M protein-based GAS vaccines to optimize immune responses and protective efficacy.",
   "publish_time": "2020-03-10",
   "authors": [
      "Rivera-Hernandez, Tania",
      "Rhyme, Mira Syahira",
      "Cork, Amanda J.",
      "Jones, Scott",
      "Segui-Perez, Celia",
      "Brunner, Livia",
      "Richter, Johanna",
      "Petrovsky, Nikolai",
      "Lawrenz, Maria",
      "Goldblatt, David",
      "Collin, Nicolas",
      "Walker, Mark J."
   ],
   "journal": "mBio",
   "has_full_text": "False",
   "id": "https://doi.org/10.1128/mBio.00122-20",
   "pubtator": "PMC7064752"
}