{
   "sha": "62298f90df017016d34e978befc29acbec201ccd",
   "source_x": "biorxiv",
   "title": "The alkyl side chain of PACA nanoparticles dictates the impact on cellular stress responses and the mode of particle-induced cell death",
   "doi": "10.1101/304618",
   "license": "biorxiv",
   "abstract": "For optimal exploitation of nanoparticles (NPs) in biomedicine, and to predict nanotoxicity, detailed knowledge on the cellular responses to cell-bound or internalized NPs is imperative. The outcome of NP-cell interaction is dictated by the type and magnitude of the NP insult and the cellular response. Here, we have systematically studied the impact of minor differences in NP composition on cellular stress responses and viability by using highly similar poly(alkylcyanoacrylate) (PACA) particles. Surprisingly, PACA particles differing only in their alkyl side chains; butyl (PBCA), ethylbutyl (PEBCA), or octyl (POCA), respectively, induced different stress responses and modes of cell death in human cell lines. POCA particles induced endoplasmic reticulum stress and apoptosis. In contrast, PBCA and PEBCA particles induced lipid peroxidation by depletion of the main cellular antioxidant glutathione (GSH), in a manner depending on the levels of the GSH precursor cystine, and transcription of the cystine transporter SLC7A11 regulated by ATF4 and Nrf2. Intriguingly, these particles activated the recently discovered cell death mechanism ferroptosis, which constitutes a promising alternative for targeting multidrug-resistant cancer stem-like cells. Of the two, PBCA was the strongest inducer. In summary, our findings highlight the cellular sensitivity to nanoparticle composition and have important implications for the choice of PACA monomer in therapeutical settings.",
   "publish_time": "2018-04-19",
   "authors": [
      "Szwed, M.",
      "Soenstevold, T.",
      "Oeverbye, A.",
      "Engedal, N.",
      "Grallert, B.",
      "Moerch, Y. A.",
      "Iversen, T.-G.",
      "Skotland, T.",
      "Sandvig, K.",
      "Torgersen, M. L."
   ],
   "has_full_text": "True",
   "full_text_file": "biorxiv_medrxiv",
   "id": "https://doi.org/10.1101/304618",
   "fhir_link": [
      "bioRxiv-medRxiv/Composition/62298f90df017016d34e978befc29acbec201ccd"
   ]
}