{
   "sha": "2f9d66c86c6ef08d8e3679e2cd01c2b140e68a32",
   "source_x": "PMC",
   "title": "A Dual-Mode Surface Display System for the Maturation and Production of Monoclonal Antibodies in Glyco-Engineered Pichia pastoris",
   "doi": "http://dx.doi.org/10.1371/journal.pone.0070190",
   "pmcid": "PMC3707868",
   "pubmed_id": "23875020",
   "license": "CC BY",
   "abstract": "State-of-the-art monoclonal antibody (mAb) discovery methods that utilize surface display techniques in prokaryotic and eukaryotic cells require multiple steps of reformatting and switching of hosts to transition from display to expression. This results in a separation between antibody affinity maturation and full-length mAb production platforms. Here, we report for the first time, a method in Glyco-engineered Pichia pastoris that enables simultaneous surface display and secretion of full-length mAb molecules with human-like N-glycans using the same yeast cell. This paradigm takes advantage of homo-dimerization of the Fc portion of an IgG molecule to a surface-anchored \"bait\" Fc, which results in targeting functional \u201chalf\u201d IgGs to the cell wall of Pichia pastoris without interfering with the secretion of full length mAb. We show the utility of this method in isolating high affinity, well-expressed anti-PCSK9 leads from a designed library that was created by mating yeasts containing either light chain or heavy chain IgG libraries. Coupled with Glyco-engineered Pichia pastoris , this method provides a powerful tool for the discovery and production of therapeutic human mAbs in the same host thus improving drug developability and potentially shortening the discovery time cycle.",
   "publish_time": "2013 Jul 10",
   "authors": [
      "['Shaheen, Hussam H.', 'Prinz, Bianka', 'Chen, Ming-Tang', 'Pavoor, Tej', 'Lin, Song', 'Houston-Cummings, Nga Rewa', 'Moore, Renee', 'Stadheim, Terrance A.', 'Zha, Dongxing']"
   ],
   "journal": "PLoS One",
   "has_full_text": "True",
   "id": "2f9d66c86c6ef08d8e3679e2cd01c2b140e68a32",
   "fhir_link": "Commercial/2f9d66c86c6ef08d8e3679e2cd01c2b140e68a32"
}