{
   "sha": "e1632ff25e6c30d4d89828154be1389a90109db8",
   "source_x": "biorxiv",
   "title": "Comparative genomics reveals signature regions used to develop a robust and sensitive multiplex TaqMan real-time qPCR assay to detect the genus Dickeya and Dickeya dianthicola",
   "doi": "10.1101/847590",
   "license": "biorxiv",
   "abstract": "AimsDickeya species are high consequence plant pathogenic bacteria listed among the quarantine pathogens of the European Union; associated with potato disease outbreaks and subsequent economic losses worldwide. Early, accurate, and reliable detection of Dickeya spp. is needed to prevent establishment and further dissemination of this pathogen. Therefore, a multiplex TaqMan qPCR was developed for sensitive detection of Dickeya spp. and specifically, D. dianthicola. Methods and ResultsA signature genomic region for the genus Dickeya (mglA/mglC) and unique genomic region for D. dianthicola (alcohol dehydrogenase) were identified using a whole genome based comparative genomics approach. The developed multiplex TaqMan qPCR was validated using extensive inclusivity and exclusivity panels, and naturally/artificially infected samples to confirm broad range detection capability and specificity. Both sensitivity and spiked assays showed detection limit of 10 fg DNA. ConclusionThe developed multiplex assay is sensitive and reliable to detect Dickeya spp. and D. dianthicola with no false positives or false negatives. It was able to detect mixed infection from naturally and artificially infected plant materials. Significance and ImpactThe developed assay will serve as a practical tool for screening of propagative material, monitoring the presence and distribution, and quantification of target pathogens in a breeding program. The assay also has applications in routine diagnostics, biosecurity and microbial forensics.",
   "publish_time": "2019-11-20",
   "authors": [
      "Dobhal, S.",
      "Boluk, G.",
      "Babler, B.",
      "Stulberg, M. J.",
      "Rascoe, J.",
      "Nakhla, M.",
      "Chapman, T. A.",
      "Crockford, A. B.",
      "Melzer, M.",
      "Alvarez, A. M.",
      "Arif, M."
   ],
   "has_full_text": "True",
   "full_text_file": "biorxiv_medrxiv",
   "id": "https://doi.org/10.1101/847590",
   "fhir_link": [
      "bioRxiv-medRxiv/Composition/e1632ff25e6c30d4d89828154be1389a90109db8"
   ]
}