{
   "sha": "d23c6a066a58dbe5ec5fa57e67f1b795337299f7",
   "source_x": "biorxiv",
   "title": "LY6E impairs coronavirus fusion and confers immune control of viral disease",
   "doi": "10.1101/2020.03.05.979260",
   "license": "biorxiv",
   "abstract": "Zoonotic coronaviruses (CoVs) are significant threats to global health, as exemplified by the recent emergence of severe acute respiratory syndrome coronavirus 2 (SARS-CoV-2)1. Host immune responses to CoV are complex and regulated in part through antiviral interferons. However, the interferon-stimulated gene products that inhibit CoV are not well characterized2. Here, we show that interferon-inducible lymphocyte antigen 6 complex, locus E (LY6E) potently restricts cellular infection by multiple CoVs, including SARS-CoV, SARS-CoV-2, and Middle East respiratory syndrome coronavirus (MERS-CoV). Mechanistic studies revealed that LY6E inhibits CoV entry into cells by interfering with spike protein-mediated membrane fusion. Importantly, mice lacking Ly6e in hematopoietic cells were highly susceptible to murine CoV infection. Exacerbated viral pathogenesis in Ly6e knockout mice was accompanied by loss of hepatic and splenic immune cells and reduction in global antiviral gene pathways. Accordingly, we found that Ly6e directly protects primary B cells and dendritic cells from murine CoV infection. Our results demonstrate that LY6E is a critical antiviral immune effector that controls CoV infection and pathogenesis. These findings advance our understanding of immune-mediated control of CoV in vitro and in vivo, knowledge that could help inform strategies to combat infection by emerging CoV.",
   "publish_time": "2020-03-07",
   "authors": [
      "Pfaender, S.",
      "Mar, K. B.",
      "Michailidis, E.",
      "Kratzel, A.",
      "Hirt, D.",
      "V'kovski, P.",
      "Fan, W.",
      "Ebert, N.",
      "Stalder, H.",
      "Kleine-Weber, H.",
      "Hoffmann, M.",
      "Hoffmann, H. H.",
      "Saeed, M.",
      "Dijkman, R.",
      "Steinmann, E.",
      "Wight-Carter, M.",
      "Hanners, N. W.",
      "Pohlmann, S.",
      "Gallagher, T.",
      "Todt, D.",
      "Zimmer, G.",
      "Rice, C. M.",
      "Schoggins, J. W.",
      "Thiel, V."
   ],
   "has_full_text": "True",
   "full_text_file": "biorxiv_medrxiv",
   "id": "https://doi.org/10.1101/2020.03.05.979260",
   "fhir_link": [
      "bioRxiv-medRxiv/Composition/d23c6a066a58dbe5ec5fa57e67f1b795337299f7"
   ]
}