{
   "sha": "d34a47b592e9c6e84b5b4115474349acbc0fb925",
   "source_x": "medrxiv",
   "title": "Statistics based predictions of coronavirus 2019-nCoV spreading in mainland China",
   "doi": "10.1101/2020.02.12.20021931",
   "license": "medrvix",
   "abstract": "Background. The epidemic outbreak cased by coronavirus 2019-nCoV is of great interest to researches because of the high rate of spread of the infection and the significant number of fatalities. A detailed scientific analysis of the phenomenon is yet to come, but the public is already interested in the questions of the duration of the epidemic, the expected number of patients and deaths. For long time predictions, the complicated mathematical models are necessary which need many efforts for unknown parameters identification and calculations. In this article, some preliminary estimates will be presented. Objective. Since the reliable long time data are available only for mainland China, we will try to predict the epidemic characteristics only in this area. We will estimate some of the epidemic characteristics and present the most reliable dependences for victim numbers, infected and removed persons versus time. Methods. In this study we use the known SIR model for the dynamics of an epidemic, the known exact solution of the linear equations and statistical approach developed before for investigation of the children disease, which occurred in Chernivtsi (Ukraine) in 1988-1989. Results. The optimal values of the SIR model parameters were identified with the use of statistical approach. The numbers of infected, susceptible and removed persons versus time were predicted. Conclusions. Simple mathematical model was used to predict the characteristics of the epidemic caused by coronavirus 2019-nCoV in mainland China. The further research should focus on updating the predictions with the use of fresh data and using more complicated mathematical models.",
   "publish_time": "2020-02-13",
   "authors": [
      "Igor Nesteruk"
   ],
   "has_full_text": "True",
   "full_text_file": "biorxiv_medrxiv",
   "id": "https://doi.org/10.1101/2020.02.12.20021931",
   "fhir_link": [
      "bioRxiv-medRxiv/Composition/d34a47b592e9c6e84b5b4115474349acbc0fb925"
   ]
}