{
   "sha": "a4e2f812c3232e60ac1af78fed10d292e28906d1",
   "source_x": "PMC",
   "title": "Using the Electronic Medical Record to Identify Community-Acquired Pneumonia: Toward a Replicable Automated Strategy",
   "doi": "http://dx.doi.org/10.1371/journal.pone.0070944",
   "pmcid": "PMC3742728",
   "pubmed_id": "23967138",
   "license": "CC0",
   "abstract": "BACKGROUND: Timely information about disease severity can be central to the detection and management of outbreaks of acute respiratory infections (ARI), including influenza. We asked if two resources: 1) free text, and 2) structured data from an electronic medical record (EMR) could complement each other to identify patients with pneumonia, an ARI severity landmark. METHODS: A manual EMR review of 2747 outpatient ARI visits with associated chest imaging identified x-ray reports that could support the diagnosis of pneumonia (kappa score \u200a=\u200a0.88 (95% CI 0.82\u22360.93)), along with attendant cases with Possible Pneumonia (adds either cough, sputum, fever/chills/night sweats, dyspnea or pleuritic chest pain) or with Pneumonia-in-Plan (adds pneumonia stated as a likely diagnosis by the provider). The x-ray reports served as a reference to develop a text classifier using machine-learning software that did not require custom coding. To identify pneumonia cases, the classifier was combined with EMR-based structured data and with text analyses aimed at ARI symptoms in clinical notes. RESULTS: 370 reference cases with Possible Pneumonia and 250 with Pneumonia-in-Plan were identified. The x-ray report text classifier increased the positive predictive value of otherwise identical EMR-based case-detection algorithms by 20\u201370%, while retaining sensitivities of 58\u201375%. These performance gains were independent of the case definitions and of whether patients were admitted to the hospital or sent home. Text analyses seeking ARI symptoms in clinical notes did not add further value. CONCLUSION: Specialized software development is not required for automated text analyses to help identify pneumonia patients. These results begin to map an efficient, replicable strategy through which EMR data can be used to stratify ARI severity.",
   "publish_time": "2013 Aug 13",
   "authors": [
      "['DeLisle, Sylvain', 'Kim, Bernard', 'Deepak, Janaki', 'Siddiqui, Tariq', 'Gundlapalli, Adi', 'Samore, Matthew', \"D'Avolio, Leonard\"]"
   ],
   "journal": "PLoS One",
   "has_full_text": "True",
   "id": "a4e2f812c3232e60ac1af78fed10d292e28906d1",
   "fhir_link": "Commercial/Composition/a4e2f812c3232e60ac1af78fed10d292e28906d1.json"
}