{
   "sha": "1ce2ec3b5d92a3f2ace27a00bde0165ba6761aa0",
   "source_x": "PMC",
   "title": "Interval Between Infections and Viral Hierarchy Are Determinants of Viral Interference Following Influenza Virus Infection in a Ferret Model",
   "doi": "10.1093/infdis/jiv260",
   "pmcid": "PMC4633756",
   "pubmed_id": "25943206",
   "license": "cc-by-nc-nd",
   "abstract": "Background. Epidemiological studies suggest that, following infection with influenza virus, there is a short period during which a host experiences a lower susceptibility to infection with other influenza viruses. This viral interference appears to be independent of any antigenic similarities between the viruses. We used the ferret model of human influenza to systematically investigate viral interference. Methods. Ferrets were first infected then challenged 1\u201314 days later with pairs of influenza A(H1N1)pdm09, influenza A(H3N2), and influenza B viruses circulating in 2009 and 2010. Results. Viral interference was observed when the interval between initiation of primary infection and subsequent challenge was <1 week. This effect was virus specific and occurred between antigenically related and unrelated viruses. Coinfections occurred when 1 or 3 days separated infections. Ongoing shedding from the primary virus infection was associated with viral interference after the secondary challenge. Conclusions. The interval between infections and the sequential combination of viruses were important determinants of viral interference. The influenza viruses in this study appear to have an ordered hierarchy according to their ability to block or delay infection, which may contribute to the dominance of different viruses often seen in an influenza season.",
   "publish_time": "2015 Dec 1",
   "authors": [
      "Laurie, Karen L.",
      "Guarnaccia, Teagan A.",
      "Carolan, Louise A.",
      "Yan, Ada W. C.",
      "Aban, Malet",
      "Petrie, Stephen",
      "Cao, Pengxing",
      "Heffernan, Jane M.",
      "McVernon, Jodie",
      "Mosse, Jennifer",
      "Kelso, Anne",
      "McCaw, James M.",
      "Barr, Ian G."
   ],
   "journal": "J Infect Dis",
   "has_full_text": "True",
   "full_text_file": "noncomm_use_subset",
   "id": "https://doi.org/10.1093/infdis/jiv260",
   "pubtator": "PMC4633756",
   "fhir_link": [
      "Non-comercial/Composition/1ce2ec3b5d92a3f2ace27a00bde0165ba6761aa0"
   ]
}