{
   "sha": "aab412e1a2fee75cf3e3fbc911d985ac004f866e",
   "source_x": "PMC",
   "title": "Probiotic Lactobacillus rhamnosus GG mono-association suppresses human rotavirus-induced autophagy in the gnotobiotic piglet intestine",
   "doi": "http://dx.doi.org/10.1186/1757-4749-5-22",
   "pmcid": "PMC3750464",
   "pubmed_id": "23924832",
   "license": "CC BY",
   "abstract": "BACKGROUND: Human rotavirus (HRV) is the most important cause of severe diarrhea in infants and young children. Probiotic Lactobacillus rhamnosus GG (LGG) reduces rotavirus infection and diarrhea. However, the molecular mechanisms of LGG-mediated protection from rotavirus infection are poorly understood. Autophagy plays an essential role in responses to microbial pathogens. However, the role of autophagy in HRV infection and LGG treatment is unknown. We hypothesize that rotavirus gastroenteritis activates autophagy and that LGG suppresses virus-induced autophagy and prevents intestinal damage in infected piglets. METHODS: We used LGG feeding to combat viral gastroenteritis in the gnotobiotic pig model of virulent HRV infection. RESULTS: We found that LGG feeding did not increase autophagy, whereas virus infection induced autophagy in the piglet intestine. Virus infection increased the protein levels of the autophagy markers ATG16L1 and Beclin-1 and the autophagy regulator mTOR. LGG treatment during viral gastroenteritis reduced autophagy marker expression to normal levels, induced apoptosis and partially prevented virus-induced tissue damage. CONCLUSION: Our study provides new insights into virus-induced autophagy and LGG suppression of uncontrolled autophagy and intestinal injury. A better understanding of the antiviral activity of LGG will lead to novel therapeutic strategies for infant infectious diseases.",
   "publish_time": "2013 Aug 7",
   "authors": [
      "['Wu, Shaoping', 'Yuan, Lijuan', 'Zhang, Yongguo', 'Liu, Fangning', 'Li, Guohua', 'Wen, Ke', 'Kocher, Jacob', 'Yang, Xingdong', 'Sun, Jun']"
   ],
   "journal": "Gut Pathog",
   "has_full_text": "True",
   "id": "aab412e1a2fee75cf3e3fbc911d985ac004f866e",
   "fhir_link": "Commercial/aab412e1a2fee75cf3e3fbc911d985ac004f866e"
}