{
   "sha": "8003a720b0a0e15fc535a39d7ae6d7a444a2cb4c",
   "source_x": "Elsevier",
   "title": "Alpha-beta T cells provide protection against lethal encephalitis in the murine model of VEEV infection",
   "doi": "10.1016/j.virol.2007.05.041",
   "pmcid": "PMC2067255",
   "pubmed_id": "17610927",
   "license": "els-covid",
   "abstract": "Abstract We evaluated the safety and immunogenicity of a chimeric alphavirus vaccine candidate in mice with selective immunodeficiencies. This vaccine candidate was highly attenuated in mice with deficiencies in the B and T cell compartments, as well as in mice with deficient gamma-interferon responsiveness. However, the level of protection varied among the strains tested. Wild type mice were protected against lethal VEEV challenge. In contrast, alpha/beta (\u03b1\u03b2) TCR-deficient mice developed lethal encephalitis following VEEV challenge, while mice deficient in gamma/delta (\u03b3\u03b4) T cells were protected. Surprisingly, the vaccine potency was diminished by 50% in animals lacking interferon-gamma receptor alpha chain (R1)-chain and a minority of vaccinated immunoglobulin heavy chain-deficient (\u03bcMT) mice survived challenge, which suggests that neutralizing antibody may not be absolutely required for protection. Prolonged replication of encephalitic VEEV in the brain of pre-immunized mice is not lethal and adoptive transfer experiments indicate that CD3+ T cells are required for protection.",
   "publish_time": "2007-10-25",
   "authors": [
      "Paessler, Slobodan",
      "Yun, Nadezhda E.",
      "Judy, Barbara M.",
      "Dziuba, Natallia",
      "Zacks, Michele A.",
      "Grund, Anna H.",
      "Frolov, Ilya",
      "Campbell, Gerald A.",
      "Weaver, Scott C.",
      "Estes, D. Mark"
   ],
   "journal": "Virology",
   "has_full_text": "True",
   "full_text_file": "custom_license",
   "id": "https://doi.org/10.1016/j.virol.2007.05.041",
   "pubtator": "PMC2067255",
   "fhir_link": [
      "PMC/Composition/8003a720b0a0e15fc535a39d7ae6d7a444a2cb4c"
   ]
}