{
   "sha": "7089e8b9423d428a8e1539366978157492f89f19",
   "source_x": "PMC",
   "title": "Structural complexity of Dengue virus untranslated regions: cis-acting RNA motifs and pseudoknot interactions modulating functionality of the viral genome",
   "doi": "10.1093/nar/gkt203",
   "pmcid": "PMC3643606",
   "pubmed_id": "23531545",
   "license": "cc-by-nc",
   "abstract": "The Dengue virus (DENV) genome contains multiple cis-acting elements required for translation and replication. Previous studies indicated that a 719-nt subgenomic minigenome (DENV-MINI) is an efficient template for translation and (\u2212) strand RNA synthesis in vitro. We performed a detailed structural analysis of DENV-MINI RNA, combining chemical acylation techniques, Pb(2+) ion-induced hydrolysis and site-directed mutagenesis. Our results highlight protein-independent 5\u2032\u20133\u2032 terminal interactions involving hybridization between recognized cis-acting motifs. Probing analyses identified tandem dumbbell structures (DBs) within the 3\u2032 terminus spaced by single-stranded regions, internal loops and hairpins with embedded GNRA-like motifs. Analysis of conserved motifs and top loops (TLs) of these dumbbells, and their proposed interactions with downstream pseudoknot (PK) regions, predicted an H-type pseudoknot involving TL1 of the 5\u2032 DB and the complementary region, PK2. As disrupting the TL1/PK2 interaction, via \u2018flipping\u2019 mutations of PK2, previously attenuated DENV replication, this pseudoknot may participate in regulation of RNA synthesis. Computer modeling implied that this motif might function as autonomous structural/regulatory element. In addition, our studies targeting elements of the 3\u2032 DB and its complementary region PK1 indicated that communication between 5\u2032\u20133\u2032 terminal regions strongly depends on structure and sequence composition of the 5\u2032 cyclization region.",
   "publish_time": "2013 May 26",
   "authors": [
      "Sztuba-Solinska, Joanna",
      "Teramoto, Tadahisa",
      "Rausch, Jason W.",
      "Shapiro, Bruce A.",
      "Padmanabhan, Radhakrishnan",
      "Le Grice, Stuart F. J."
   ],
   "journal": "Nucleic Acids Res",
   "has_full_text": "True",
   "full_text_file": "noncomm_use_subset",
   "id": "https://doi.org/10.1093/nar/gkt203",
   "pubtator": "PMC3643606",
   "fhir_link": [
      "Non-comercial/Composition/7089e8b9423d428a8e1539366978157492f89f19"
   ]
}