{
   "sha": "7ad4e285ccc9da0fc8c9507818012f121ec9436d",
   "source_x": "Elsevier",
   "title": "Drug Delivery\u2013mediated Control of RNA Immunostimulation",
   "doi": "10.1038/mt.2009.147",
   "pmcid": "PMC2835254",
   "pubmed_id": "19584813",
   "license": "els-covid",
   "abstract": "RNA interference (RNAi) has generated significant interest as a strategy to suppress viral infection, but in some cases antiviral activity of unmodified short-interfering RNA (siRNA) has been attributed to activation of innate immune responses. We hypothesized that immunostimulation by unmodified siRNA could mediate both RNAi as well as innate immune stimulation depending on the mode of drug delivery. We investigated the potential of immunostimulatory RNAs (isRNAs) to suppress influenza A virus in vivo in the mouse lung. Lipidoid 98N12-5(1) formulated with unmodified siRNA targeting the influenza nucleoprotein gene exhibited antiviral activity. Formulations were optimized to increase antiviral activity, but the antiviral activity of lipidoid-delivered siRNA did not depend on sequence homology to the influenza genome as siRNA directed against unrelated targets also suppressed influenza replication in vivo. This activity was primarily attributed to enhancement of innate immune stimulation by lipidoid-mediated delivery, which indicates increased toll-like receptor (TLR) activation by siRNA. Certain chemical modifications to the siRNA backbone, which block TLR7/8 activation but retain in vitro RNAi activity, prevented siRNA-mediated antiviral activity despite enhanced lipidoid-mediated delivery. Here, we demonstrate that innate immune activation caused by unmodified siRNA can have therapeutically relevant effects, and that these non-RNAi effects can be controlled through chemical modifications and drug delivery.",
   "publish_time": "2009-09-30",
   "authors": [
      "Nguyen, David N.",
      "Chen, Steve C-Y",
      "Lu, James",
      "Goldberg, Michael",
      "Kim, Phillip",
      "Sprague, Andrew",
      "Novobrantseva, Tatiana",
      "Sherman, Jennifer",
      "Shulga-Morskaya, Svetlana",
      "de Fougerolles, Antonin",
      "Chen, Jianzhu",
      "Langer, Robert",
      "Anderson, Daniel G"
   ],
   "journal": "Molecular Therapy",
   "has_full_text": "True",
   "full_text_file": "custom_license",
   "id": "https://doi.org/10.1038/mt.2009.147",
   "pubtator": "PMC2835254",
   "fhir_link": [
      "PMC/Composition/7ad4e285ccc9da0fc8c9507818012f121ec9436d"
   ]
}