{
   "sha": "b9a74f1f03a9b75351badb02e13448d1f65f7ed8",
   "source_x": "PMC",
   "title": "Inferring Infection Patterns Based on a Connectivity Map of Host Transcriptional Responses",
   "doi": "10.1038/srep15820",
   "pmcid": "PMC4623713",
   "pubmed_id": "26508266",
   "license": "cc-by",
   "abstract": "Host responses to infections represent an important pathogenicity determiner, and delineation of host responses can elucidate pathogenesis processes and inform the development of anti-infection therapies. Low cost, high throughput, easy quantitation, and rich descriptions have made gene expression profiling generated by DNA microarrays an optimal approach for describing host transcriptional responses (HTRs). However, efforts to characterize the landscape of HTRs to diverse pathogens are far from offering a comprehensive view. Here, we developed an HTR Connectivity Map based on systematic assessment of pairwise similarities of HTRs to 50 clinically important human pathogens using 1353 gene-expression profiles generated from >60 human cells/tissues. These 50 pathogens were further partitioned into eight robust \u201cHTR communities\u201d (i.e., groups with more consensus internal HTR similarities). These communities showed enrichment in specific infection attributes and differential gene expression patterns. Using query signatures of HTRs to external pathogens, we demonstrated four distinct modes of HTR associations among different pathogens types/class, and validated the reliability of the HTR community divisions for differentiating and categorizing pathogens from a host-oriented perspective. These findings provide a first-generation HTR Connectivity Map of 50 diverse pathogens, and demonstrate the potential for using annotated HTR community to detect functional associations among infectious pathogens.",
   "publish_time": "2015 Oct 28",
   "authors": [
      "Han, Lu",
      "He, Haochen",
      "Li, Fei",
      "Cui, Xiuliang",
      "Xie, Dafei",
      "Liu, Yang",
      "Zheng, Xiaofei",
      "Bai, Hui",
      "Wang, Shengqi",
      "Bo, Xiaochen"
   ],
   "journal": "Sci Rep",
   "has_full_text": "True",
   "full_text_file": "comm_use_subset",
   "id": "https://doi.org/10.1038/srep15820",
   "pubtator": "PMC4623713",
   "fhir_link": [
      "Commercial/Composition/b9a74f1f03a9b75351badb02e13448d1f65f7ed8"
   ]
}