{
   "sha": "328b36edcc6169a2aceba2c7e6859d1770d6a81d",
   "source_x": "PMC",
   "title": "Combating Antimicrobial Resistance in Singapore: A Qualitative Study Exploring the Policy Context, Challenges, Facilitators, and Proposed Strategies",
   "doi": "10.3390/antibiotics8040201",
   "pmcid": "PMC6963657",
   "pubmed_id": "31671826",
   "license": "cc-by",
   "abstract": "Antimicrobial resistance (AMR) is a global public health threat that warrants urgent attention. However, the multifaceted nature of AMR often complicates the development and implementation of comprehensive policies. In this study, we describe the policy context and explore experts\u2019 perspectives on the challenges, facilitators, and strategies for combating AMR in Singapore. We conducted semi-structured interviews with 21 participants. Interviews were transcribed verbatim and were analyzed thematically, adopting an interpretative approach. Participants reported that the Ministry of Health (MOH) has effectively funded AMR control programs and research in all public hospitals. In addition, a preexisting One Health platform, among MOH, Agri-Food & Veterinary Authority (restructured to form the Singapore Food Agency and the Animal & Veterinary Service under NParks in April 2019), National Environment Agency, and Singapore\u2019s National Water Agency, was perceived to have facilitated the coordination and formulation of Singapore\u2019s AMR strategies. Nonetheless, participants highlighted that the success of AMR strategies is compounded by various challenges such as surveillance in private clinics, resource constraints at community-level health facilities, sub-optimal public awareness, patchy regulation on antimicrobial use in animals, and environmental contamination. This study shows that the process of planning and executing AMR policies is complicated even in a well-resourced country such as Singapore. It has also highlighted the increasing need to address the social, political, cultural, and behavioral aspects influencing AMR. Ultimately, it will be difficult to design policy interventions that cater for the needs of individuals, families, and the community, unless we understand how all these aspects interact and shape the AMR response.",
   "publish_time": "2019 Oct 29",
   "authors": [
      "Singh, Shweta Rajkumar",
      "Chua, Alvin Qijia",
      "Tan, Sok Teng",
      "Tam, Clarence C.",
      "Hsu, Li Yang",
      "Legido-Quigley, Helena"
   ],
   "journal": "Antibiotics (Basel)",
   "has_full_text": "True",
   "full_text_file": "comm_use_subset",
   "id": "https://doi.org/10.3390/antibiotics8040201",
   "pubtator": "PMC6963657",
   "fhir_link": [
      "Commercial/Composition/328b36edcc6169a2aceba2c7e6859d1770d6a81d"
   ]
}