{
   "sha": "faa78016d43607a624a3a9fb22c2267c28f7ca43; 9c200d5d5797bb4162316b729636023f3fade4c9",
   "source_x": "PMC",
   "title": "Ramsay Hunt syndrome and zoster laryngitis with multiple cranial nerve involvement",
   "doi": "10.1016/j.idcr.2015.02.003",
   "pmcid": "PMC4672621",
   "pubmed_id": "26793453",
   "license": "cc-by-nc-nd",
   "abstract": "Ramsay Hunt syndrome is characterized by varicella zoster virus infection affecting the geniculate ganglion of the facial nerve. It typically presents with vesicles in the external auditory canal associated with auricular pain and peripheral facial nerve paralysis. Although vestibulocochlear nerve is frequently co-involved during the course of Ramsay Hunt syndrome, multiple lower cranial nerve involvement has rarely been described in the literature. In addition, laryngitis due to varicella zoster virus is a diagnostic challenge due to its unfamiliarity among clinicians. We report a case of Ramsay Hunt syndrome with laryngitis involving multiple lower cranial nerves.",
   "publish_time": "2015 Mar 20",
   "authors": [
      "Shinha, Takashi",
      "Krishna, Pasala"
   ],
   "journal": "IDCases",
   "has_full_text": "True",
   "full_text_file": "noncomm_use_subset",
   "id": "https://doi.org/10.1016/j.idcr.2015.02.003",
   "pubtator": "PMC4672621",
   "fhir_link": [
      "Non-comercial/Composition/faa78016d43607a624a3a9fb22c2267c28f7ca43",
      "Non-comercial/Composition/9c200d5d5797bb4162316b729636023f3fade4c9"
   ]
}