{
   "sha": "7dbdecefcd59460800cc11324be0595779ffde80",
   "source_x": "PMC",
   "title": "Crystal Structure of the Hendra Virus Attachment G Glycoprotein Bound to a Potent Cross-Reactive Neutralizing Human Monoclonal Antibody",
   "doi": "http://dx.doi.org/10.1371/journal.ppat.1003684",
   "pmcid": "PMC3795035",
   "pubmed_id": "24130486",
   "license": "CC0",
   "abstract": "The henipaviruses, represented by Hendra (HeV) and Nipah (NiV) viruses are highly pathogenic zoonotic paramyxoviruses with uniquely broad host tropisms responsible for repeated outbreaks in Australia, Southeast Asia, India and Bangladesh. The high morbidity and mortality rates associated with infection and lack of licensed antiviral therapies make the henipaviruses a potential biological threat to humans and livestock. Henipavirus entry is initiated by the attachment of the G envelope glycoprotein to host cell membrane receptors. Previously, henipavirus-neutralizing human monoclonal antibodies (hmAb) have been isolated using the HeV-G glycoprotein and a human na\u00efve antibody library. One cross-reactive and receptor-blocking hmAb (m102.4) was recently demonstrated to be an effective post-exposure therapy in two animal models of NiV and HeV infection, has been used in several people on a compassionate use basis, and is currently in development for use in humans. Here, we report the crystal structure of the complex of HeV-G with m102.3, an m102.4 derivative, and describe NiV and HeV escape mutants. This structure provides detailed insight into the mechanism of HeV and NiV neutralization by m102.4, and serves as a blueprint for further optimization of m102.4 as a therapeutic agent and for the development of entry inhibitors and vaccines.",
   "publish_time": "2013 Oct 10",
   "authors": [
      "['Xu, Kai', 'Rockx, Barry', 'Xie, Yihu', 'DeBuysscher, Blair L.', 'Fusco, Deborah L.', 'Zhu, Zhongyu', 'Chan, Yee-Peng', 'Xu, Yan', 'Luu, Truong', 'Cer, Regina Z.', 'Feldmann, Heinz', 'Mokashi, Vishwesh', 'Dimitrov, Dimiter S.', 'Bishop-Lilly, Kimberly A.', 'Broder, Christopher C.', 'Nikolov, Dimitar B.']"
   ],
   "journal": "PLoS Pathog",
   "has_full_text": "True",
   "id": "7dbdecefcd59460800cc11324be0595779ffde80",
   "fhir_link": "Commercial/Composition/7dbdecefcd59460800cc11324be0595779ffde80.json"
}