{
   "sha": "a0aed635308ebac3b0e430d3c7722756638b1510; 196744775d0812baf3fdb72bf700df2c99e36ac5",
   "source_x": "PMC",
   "title": "Exportations of Symptomatic Cases of MERS-CoV Infection to Countries outside the Middle East",
   "doi": "10.3201/eid2204.150976",
   "pmcid": "PMC4806968",
   "pubmed_id": "27358972",
   "license": "no-cc",
   "abstract": "In 2012, an outbreak of infection with Middle East respiratory syndrome coronavirus (MERS-CoV), was detected in the Arabian Peninsula. Modeling can produce estimates of the expected annual number of symptomatic cases of MERS-CoV infection exported and the likelihood of exportation from source countries in the Middle East to countries outside the region.",
   "publish_time": "2016 Apr",
   "authors": [
      "Carias, Cristina",
      "O\u2019Hagan, Justin J.",
      "Jewett, Amy",
      "Gambhir, Manoj",
      "Cohen, Nicole J.",
      "Haber, Yoni",
      "Pesik, Nicki",
      "Swerdlow, David L."
   ],
   "journal": "Emerg Infect Dis",
   "has_full_text": "True",
   "full_text_file": "custom_license",
   "id": "https://doi.org/10.3201/eid2204.150976",
   "pubtator": "PMC4806968",
   "fhir_link": [
      "PMC/Composition/a0aed635308ebac3b0e430d3c7722756638b1510",
      "PMC/Composition/196744775d0812baf3fdb72bf700df2c99e36ac5"
   ]
}