{
   "sha": "198ed53d956a2707716d175cc6516bb720f52d82",
   "source_x": "PMC",
   "title": "Integration of the Gene Ontology into an object-oriented architecture",
   "doi": "10.1186/1471-2105-6-113",
   "pmcid": "PMC1156866",
   "pubmed_id": "15885145",
   "license": "cc-by",
   "abstract": "BACKGROUND: To standardize gene product descriptions, a formal vocabulary defined as the Gene Ontology (GO) has been developed. GO terms have been categorized into biological processes, molecular functions, and cellular components. However, there is no single representation that integrates all the terms into one cohesive model. Furthermore, GO definitions have little information explaining the underlying architecture that forms these terms, such as the dynamic and static events occurring in a process. In contrast, object-oriented models have been developed to show dynamic and static events. A portion of the TGF-beta signaling pathway, which is involved in numerous cellular events including cancer, differentiation and development, was used to demonstrate the feasibility of integrating the Gene Ontology into an object-oriented model. RESULTS: Using object-oriented models we have captured the static and dynamic events that occur during a representative GO process, \"transforming growth factor-beta (TGF-beta) receptor complex assembly\" (GO:0007181). CONCLUSION: We demonstrate that the utility of GO terms can be enhanced by object-oriented technology, and that the GO terms can be integrated into an object-oriented model by serving as a basis for the generation of object functions and attributes.",
   "publish_time": "2005 May 10",
   "authors": [
      "Shegogue, Daniel",
      "Zheng, W Jim"
   ],
   "journal": "BMC Bioinformatics",
   "has_full_text": "True",
   "full_text_file": "comm_use_subset",
   "id": "https://doi.org/10.1186/1471-2105-6-113",
   "pubtator": "PMC1156866",
   "fhir_link": [
      "Commercial/Composition/198ed53d956a2707716d175cc6516bb720f52d82"
   ]
}