{
   "sha": "e3938e74988db87993c5d91d8ca493030b0f3b3e",
   "source_x": "Elsevier",
   "title": "Are we ready for the new coronavirus?",
   "doi": "10.1016/j.arbr.2020.02.003",
   "license": "els-covid",
   "publish_time": "2020-03-14",
   "authors": [
      "Pe\u00f1a-Otero, David",
      "D\u00edaz-P\u00e9rez, David",
      "de la Rosa-Carrillo, David",
      "Bello-Dronda, Salvador"
   ],
   "journal": "Archivos de Bronconeumolog\u00eda (English Edition)",
   "WHO #Covidence": "#8467",
   "has_full_text": "True",
   "full_text_file": "custom_license",
   "id": "https://doi.org/10.1016/j.arbr.2020.02.003",
   "fhir_link": [
      "PMC/Composition/e3938e74988db87993c5d91d8ca493030b0f3b3e"
   ]
}