{
   "sha": "353852971069ad5794445e5c1ab6077ce23da75d; 18b84fbfb1856c50ad512c25ccd11276a047ea7a",
   "source_x": "CZI",
   "title": "Crowdsourcing data to mitigate epidemics",
   "doi": "10.1016/S2589-7500(20)30055-8",
   "license": "cc-by-nc-nd",
   "publish_time": "2020",
   "authors": [
      "Leung, Gabriel M.",
      "Leung, Kathy"
   ],
   "journal": "The Lancet Digital Health",
   "Microsoft Academic Paper ID": "2154231974",
   "WHO #Covidence": "#1386",
   "has_full_text": "True",
   "full_text_file": "noncomm_use_subset",
   "id": "https://doi.org/10.1016/S2589-7500(20)30055-8",
   "fhir_link": [
      "Non-comercial/Composition/353852971069ad5794445e5c1ab6077ce23da75d",
      "Non-comercial/Composition/18b84fbfb1856c50ad512c25ccd11276a047ea7a"
   ]
}