{
   "sha": "10431254794e358939e8e6423d40e5ee470806fb",
   "source_x": "Elsevier",
   "title": "Convalescent plasma as a potential therapy for COVID-19",
   "doi": "10.1016/S1473-3099(20)30141-9",
   "license": "els-covid",
   "publish_time": "2020-02-27",
   "authors": [
      "Chen, Long",
      "Xiong, Jing",
      "Bao, Lei",
      "Shi, Yuan"
   ],
   "journal": "The Lancet Infectious Diseases",
   "Microsoft Academic Paper ID": "2614362308",
   "WHO #Covidence": "#2668",
   "has_full_text": "True",
   "full_text_file": "custom_license",
   "id": "https://doi.org/10.1016/S1473-3099(20)30141-9",
   "fhir_link": [
      "PMC/Composition/10431254794e358939e8e6423d40e5ee470806fb"
   ]
}