{
   "sha": "39b4ca41bed615d00441db0664ce67e473e74ba5",
   "source_x": "PMC",
   "title": "VIRsiRNApred: a web server for predicting inhibition efficacy of siRNAs targeting human viruses",
   "doi": "http://dx.doi.org/10.1186/1479-5876-11-305",
   "pmcid": "PMC3878835",
   "pubmed_id": "24330765",
   "license": "CC BY",
   "abstract": "BACKGROUND: Selection of effective viral siRNA is an indispensable step in the development of siRNA based antiviral therapeutics. Despite immense potential, a viral siRNA efficacy prediction algorithm is still not available. Moreover, performances of the existing general mammalian siRNA efficacy predictors are not satisfactory for viral siRNAs. Therefore, we have developed \u201cVIRsiRNApred\u201d a support vector machine (SVM) based method for predicting the efficacy of viral siRNA. METHODS: In the present study, we have employed a new dataset of 1725 viral siRNAs with experimentally verified quantitative efficacies tested under heterogeneous experimental conditions and targeting as many as 37 important human viruses including HIV, Influenza, HCV, HBV, SARS etc. These siRNAs were divided into training (T(1380)) and validation (V(345)) datasets. Important siRNA sequence features including mono to penta nucleotide frequencies, binary pattern, thermodynamic properties and secondary structure were employed for model development. RESULTS: During 10-fold cross validation on T(1380) using hybrid approach, we achieved a maximum Pearson Correlation Coefficient (PCC) of 0.55 between predicted and actual efficacy of viral siRNAs. On V(345) independent dataset, our best model achieved a maximum correlation of 0.50 while existing general siRNA prediction methods showed PCC from 0.05 to 0.18. However, using leave one out cross validation PCC was improved to 0.58 and 0.55 on training and validation datasets respectively. SVM performed better than other machine learning techniques used like ANN, KNN and REP Tree. CONCLUSION: VIRsiRNApred is the first algorithm for predicting inhibition efficacy of viral siRNAs which is developed using experimentally verified viral siRNAs. We hope this algorithm would be useful in predicting highly potent viral siRNA to aid siRNA based antiviral therapeutics development. The web server is freely available at http://crdd.osdd.net/servers/virsirnapred/.",
   "publish_time": "2013 Dec 11",
   "authors": [
      "['Qureshi, Abid', 'Thakur, Nishant', 'Kumar, Manoj']"
   ],
   "journal": "J Transl Med",
   "has_full_text": "True",
   "id": "39b4ca41bed615d00441db0664ce67e473e74ba5",
   "fhir_link": "Commercial/Composition/39b4ca41bed615d00441db0664ce67e473e74ba5.json"
}