{
   "sha": "627ada5c21fb8d0e43b37999fa66bf41ca36c353",
   "source_x": "PMC",
   "title": "Analysis of the codon usage pattern in Middle East Respiratory Syndrome Coronavirus",
   "doi": "10.18632/oncotarget.22738",
   "pmcid": "PMC5746386",
   "pubmed_id": "29299151",
   "license": "cc-by",
   "abstract": "Middle East Respiratory Syndrome Coronavirus (MERS-CoV), which first broken out in Jeddah in 2012, causes a severe acute respiratory illness with a high mortality rate. To better understand the molecular characteristics of isolated MERS-CoV genomes, we first analysed the codon usage pattern of the zoonotic MERS-CoV strains comprehensively to gain an insight into the mechanism of cross-species transmission. We found that MERS human/camel isolates showed a low codon usage bias. Both mutation and nature selection pressure have contributed to this low codon usage bias, with the former being the main determining factor. We also observed that gene function, evolution time and the different host species of the virus all contributed to the bias of MERS-CoV, to some extent. Additionally, the codon usage pattern of MERS-CoV isolates is different from other related Nidovirales viruses isolated from bats and hedgehogs. In the future, more epidemiological surveys are required to examine the factors that resulted in the emergence and outbreak of this virus.",
   "publish_time": "2017 Nov 27",
   "authors": [
      "Chen, Ye",
      "Xu, Quanming",
      "Yuan, Xiaomin",
      "Li, Xinxin",
      "Zhu, Ting",
      "Ma, Yanmei",
      "Chen, Ji-Long"
   ],
   "journal": "Oncotarget",
   "has_full_text": "True",
   "full_text_file": "comm_use_subset",
   "id": "https://doi.org/10.18632/oncotarget.22738",
   "pubtator": "PMC5746386",
   "fhir_link": [
      "Commercial/Composition/627ada5c21fb8d0e43b37999fa66bf41ca36c353"
   ]
}