{
   "sha": "6cabb9dc94d381013cd38885a5f0af29490c74f6; 7421d0a5937f6e1ec30547de88bc4b4148725995",
   "source_x": "PMC",
   "title": "Microglia control the spread of neurotropic virus infection via P2Y12 signalling and recruit monocytes through P2Y12-independent mechanisms",
   "doi": "10.1007/s00401-018-1885-0",
   "pmcid": "PMC6096730",
   "pubmed_id": "30027450",
   "license": "cc-by",
   "abstract": "Neurotropic herpesviruses can establish lifelong infection in humans and contribute to severe diseases including encephalitis and neurodegeneration. However, the mechanisms through which the brain\u2019s immune system recognizes and controls viral infections propagating across synaptically linked neuronal circuits have remained unclear. Using a well-established model of alphaherpesvirus infection that reaches the brain exclusively via retrograde transsynaptic spread from the periphery, and in vivo two-photon imaging combined with high resolution microscopy, we show that microglia are recruited to and isolate infected neurons within hours. Selective elimination of microglia results in a marked increase in the spread of infection and egress of viral particles into the brain parenchyma, which are associated with diverse neurological symptoms. Microglia recruitment and clearance of infected cells require cell-autonomous P2Y12 signalling in microglia, triggered by nucleotides released from affected neurons. In turn, we identify microglia as key contributors to monocyte recruitment into the inflamed brain, which process is largely independent of P2Y12. P2Y12-positive microglia are also recruited to infected neurons in the human brain during viral encephalitis and both microglial responses and leukocyte numbers correlate with the severity of infection. Thus, our data identify a key role for microglial P2Y12 in defence against neurotropic viruses, whilst P2Y12-independent actions of microglia may contribute to neuroinflammation by facilitating monocyte recruitment to the sites of infection. ELECTRONIC SUPPLEMENTARY MATERIAL: The online version of this article (10.1007/s00401-018-1885-0) contains supplementary material, which is available to authorized users.",
   "publish_time": "2018 Jul 19",
   "authors": [
      "Fekete, Rebeka",
      "Cser\u00e9p, Csaba",
      "L\u00e9n\u00e1rt, Nikolett",
      "T\u00f3th, Krisztina",
      "Orsolits, Barbara",
      "Martinecz, Bernadett",
      "M\u00e9hes, El\u0151d",
      "Szab\u00f3, B\u00e1lint",
      "N\u00e9meth, Val\u00e9ria",
      "G\u00f6nci, Bal\u00e1zs",
      "Sperl\u00e1gh, Be\u00e1ta",
      "Boldogk\u0151i, Zsolt",
      "Kittel, \u00c1gnes",
      "Baranyi, M\u00e1ria",
      "Ferenczi, Szilam\u00e9r",
      "Kov\u00e1cs, Krisztina",
      "Szalay, Gergely",
      "R\u00f3zsa, Bal\u00e1zs",
      "Webb, Connor",
      "Kovacs, Gabor G.",
      "Hortob\u00e1gyi, Tibor",
      "West, Brian L.",
      "K\u00f6rnyei, Zsuzsanna",
      "D\u00e9nes, \u00c1d\u00e1m"
   ],
   "journal": "Acta Neuropathol",
   "has_full_text": "True",
   "full_text_file": "comm_use_subset",
   "id": "https://doi.org/10.1007/s00401-018-1885-0",
   "pubtator": "PMC6096730",
   "fhir_link": [
      "Commercial/Composition/6cabb9dc94d381013cd38885a5f0af29490c74f6",
      "Commercial/Composition/7421d0a5937f6e1ec30547de88bc4b4148725995"
   ]
}