{
   "sha": "b9ffacdcfda1d28c4e66e502c275d9d246ca8587",
   "source_x": "Elsevier",
   "title": "Transmission of COVID-19 in the terminal stage of incubation period: a familial cluster",
   "doi": "10.1016/j.ijid.2020.03.027",
   "license": "els-covid",
   "abstract": "Abstract We report a familial cluster of 2019 novel coronavirus disease (COVID-19) to evidence that a potential transmission of the COVID-19 during the incubation period. The first patient in this familial cluster was identified in presymptomatic period, as a close contact of a confirmed patient. Five family members had close contact with the first patient during his incubation period, four of them were confirmed to the severe acute respiratory syndrome coronavirus 2 (SARS-CoV-2) infection in the subsequent sampling test.",
   "publish_time": "2020-03-16",
   "authors": [
      "Li, Peng",
      "Fu, Ji-Bo",
      "Li, Ke-Feng",
      "Chen, Yan",
      "Wang, Hong-Ling",
      "Liu, Lei-Jie",
      "Liu, Jie-Nan",
      "Zhang, Yong-Li",
      "Liu, She-Lan",
      "Tang, An",
      "Tong, Zhen-Dong",
      "Yan, Jian-Bo"
   ],
   "journal": "International Journal of Infectious Diseases",
   "WHO #Covidence": "#8738",
   "has_full_text": "True",
   "full_text_file": "custom_license",
   "id": "https://doi.org/10.1016/j.ijid.2020.03.027",
   "fhir_link": [
      "PMC/Composition/b9ffacdcfda1d28c4e66e502c275d9d246ca8587"
   ]
}