{
   "sha": "44a3cf460f8ce1edf8df41d96242735398773acd",
   "source_x": "PMC",
   "title": "Risk Factors for MERS-CoV Seropositivity among Animal Market and Slaughterhouse Workers, Abu Dhabi, United Arab Emirates, 2014\u20132017",
   "doi": "10.3201/eid2505.181728",
   "pmcid": "PMC6478233",
   "pubmed_id": "31002068",
   "license": "no-cc",
   "abstract": "Camel contact is a recognized risk factor for Middle East respiratory syndrome coronavirus (MERS-CoV) infection. Because specific camel exposures associated with MERS-CoV seropositivity are not fully understood, we investigated worker\u2013camel interactions and MERS-CoV seroprevalence. We assessed worker seroprevalence in 2 slaughterhouses and 1 live-animal market in Abu Dhabi, United Arab Emirates, during 2014\u20132017 and administered an epidemiologic survey in 2016 and 2017. Across 3 sampling rounds during 2014\u20132017, we sampled 100\u2013235 workers, and 6%\u201319% were seropositive for MERS-CoV at each sampling round. One (1.4%) of 70 seronegative workers tested at multiple rounds seroconverted. On multivariable analyses, working as a camel salesman, handling live camels or their waste, and having diabetes were associated with seropositivity among all workers, whereas handling live camels and either administering medications or cleaning equipment was associated with seropositivity among market workers. Characterization of high-risk exposures is critical for implementation of preventive measures.",
   "publish_time": "2019 May",
   "authors": [
      "Khudhair, Ahmed",
      "Killerby, Marie E.",
      "Al Mulla, Mariam",
      "Abou Elkheir, Kheir",
      "Ternanni, Wassim",
      "Bandar, Zyad",
      "Weber, Stefan",
      "Khoury, Mary",
      "Donnelly, George",
      "Al Muhairi, Salama",
      "Khalafalla, Abdelmalik I.",
      "Trivedi, Suvang",
      "Tamin, Azaibi",
      "Thornburg, Natalie J.",
      "Watson, John T.",
      "Gerber, Susan I.",
      "Al Hosani, Farida",
      "Hall, Aron J."
   ],
   "journal": "Emerg Infect Dis",
   "has_full_text": "True",
   "full_text_file": "custom_license",
   "id": "https://doi.org/10.3201/eid2505.181728",
   "pubtator": "PMC6478233",
   "fhir_link": [
      "PMC/Composition/44a3cf460f8ce1edf8df41d96242735398773acd"
   ]
}