{
   "sha": "6c781ec28811214ca0cb25d34a6569f975139a58",
   "source_x": "PMC",
   "title": "Cryo-electron microscopy structure of a coronavirus spike glycoprotein trimer",
   "doi": "10.1038/nature16988",
   "pmcid": "PMC5018210",
   "pubmed_id": "26855426",
   "license": "no-cc",
   "abstract": "The tremendous pandemic potential of coronaviruses was demonstrated twice in the last decades by two global outbreaks of deadly pneumonia. Entry of coronaviruses into cells is mediated by the transmembrane spike glycoprotein S, which forms a trimer carrying receptor-binding and membrane fusion functions(1). S also contains the principal antigenic determinants and is the target of neutralizing antibodies. Here we present the structure of a murine coronavirus S trimer ectodomain determined at 4.0 \u00c5 resolution by single particle cryo-electron microscopy. It reveals the metastable pre-fusion architecture of S and highlights key interactions stabilizing it. The structure shares a common core with paramyxovirus F proteins(2,3), implicating mechanistic similarities and an evolutionary connection between these viral fusion proteins. The accessibility of the highly conserved fusion peptide at the periphery of the trimer indicates potential vaccinology strategies to elicit broadly neutralizing antibodies against coronaviruses. Finally, comparison with crystal structures of human coronavirus S domains allows rationalization of the molecular basis for species specificity based on the use of spatially contiguous but distinct domains.",
   "publish_time": "2016 Mar 3",
   "authors": [
      "Walls, Alexandra C.",
      "Tortorici, M.Alejandra",
      "Bosch, Berend-Jan",
      "Frenz, Brandon",
      "Rottier, Peter J.M.",
      "DiMaio, Frank",
      "Rey, F\u00e9lix A.",
      "Veesler, David"
   ],
   "journal": "Nature",
   "has_full_text": "True",
   "full_text_file": "custom_license",
   "id": "https://doi.org/10.1038/nature16988",
   "pubtator": "PMC5018210",
   "fhir_link": [
      "PMC/Composition/6c781ec28811214ca0cb25d34a6569f975139a58"
   ]
}