{
   "sha": "66d172659a7156097bd453af7028c06632c231a5",
   "source_x": "PMC",
   "title": "Cross sectional survey of human-bat interaction in Australia: public health implications",
   "doi": "http://dx.doi.org/10.1186/1471-2458-14-58",
   "pmcid": "PMC3908316",
   "pubmed_id": "24443960",
   "license": "CC BY",
   "abstract": "BACKGROUND: Flying foxes (megachiroptera) and insectivorous microbats (microchiroptera) are the known reservoirs for a range of recently emerged, highly pathogenic viruses. In Australia there is public health concern relating to bats\u2019 role as reservoirs of Australian Bat Lyssavirus (ABLV), which has clinical features identical to classical rabies. Three deaths from ABLV have occurred in Australia. A survey was conducted to determine the frequency of bat exposures amongst adults in Australia\u2019s most populous state, New South Wales; explore reasons for handling bats; examine reported practices upon encountering injured or trapped bats or experiencing bat bites or scratches; and investigate knowledge of bat handling warnings. METHODS: A representative sample of 821 New South Wales adults aged 16\u00a0years and older were interviewed during May and June 2011, using a computer assisted telephone interview (CATI) method. Frequencies, proportions and statistical differences in proportion were performed. Using an \u03b1-value of 0.05 and power of 80%, it was calculated that a sample size of 800 was required to provide statistical significance of +/\u2212 5% for dichotomous variables. RESULTS: One-hundred-and-twenty-seven (15.5%) respondents indicated that they had previously handled a bat, being 22% (48/218) rural and 13% (78/597) urban respondents (\u03c7(2)\u2009=\u20099.8, p\u2009=\u20090.0018). Twenty one percent of males (63/304) had handled bats compared with 12% (64/517) of females (\u03c7(2)\u2009=\u200910.2, p\u2009=\u20090.0014). Overall, 42.0% (n\u2009=\u2009345) of respondents reported having seen or heard a warning about handling bats. If faced with an injured or trapped bat, 25% (206/821) indicated that they would handle the bat, with 17% (36/206) saying that they would use their bare hands. For minor scratches, 14% (117/821) indicated that they would ignore the injury while four respondents would ignore major scratches or bites. CONCLUSIONS: Previous human-bat interactions were relatively common. Bat exposures most frequently occurred with sick or injured bats, which have the highest risk of ABLV. On encountering an injured or sick bat, potentially high risk practices were commonly reported, particularly among rural males. It is important to understand why people still handle bats despite public health warnings to inform future communication strategies.",
   "publish_time": "2014 Jan 21",
   "authors": [
      "['Paterson, Beverley J', 'Butler, Michelle T', 'Eastwood, Keith', 'Cashman, Patrick M', 'Jones, Alison', 'Durrheim, David N']"
   ],
   "journal": "BMC Public Health",
   "has_full_text": "True",
   "id": "66d172659a7156097bd453af7028c06632c231a5",
   "fhir_link": "Commercial/66d172659a7156097bd453af7028c06632c231a5"
}