{
   "sha": "7e426eccdd0be38a1f4dae296570041b2e5b4576",
   "source_x": "Elsevier",
   "title": "Chapter 88 Esophageal Disorders",
   "doi": "10.1016/B978-1-56053-421-1.50092-2",
   "license": "els-covid",
   "publish_time": "2001-12-31",
   "authors": [
      "Wingfield, Wayne E."
   ],
   "journal": "Veterinary Emergency Medicine Secrets",
   "has_full_text": "True",
   "full_text_file": "custom_license",
   "id": "https://doi.org/10.1016/B978-1-56053-421-1.50092-2",
   "fhir_link": [
      "PMC/Composition/7e426eccdd0be38a1f4dae296570041b2e5b4576"
   ]
}