{
   "sha": "69e95489dff0da006349ceb3a46a1f215cb1b910",
   "source_x": "PMC",
   "title": "Myosins 1 and 6, myosin light chain kinase, actin and microtubules cooperate during antibody-mediated internalisation and trafficking of membrane-expressed viral antigens in feline infectious peritonitis virus infected monocytes",
   "doi": "http://dx.doi.org/10.1186/1297-9716-45-17",
   "pmcid": "PMC3937040",
   "pubmed_id": "24517254",
   "license": "CC BY",
   "abstract": "Monocytes infected with feline infectious peritonitis virus, a coronavirus, express viral proteins in their plasma membranes. Upon binding of antibodies, these proteins are quickly internalised through a new clathrin- and caveolae-independent internalisation pathway. By doing so, the infected monocytes can escape antibody-dependent cell lysis. In the present study, we investigated which kinases and cytoskeletal proteins are of importance during internalisation and subsequent intracellular transport. The experiments showed that myosin light chain kinase (MLCK) and myosin 1 are crucial for the initiation of the internalisation. With co-localisation stainings, it was found that MLCK and myosin 1 co-localise with antigens even before internalisation started. Myosin 6 co-localised with the internalising complexes during passage through the cortical actin, were it might play a role in moving or disintegrating actin filaments, to overcome the actin barrier. One minute after internalisation started, vesicles had passed the cortical actin, co-localised with microtubules and association with myosin 6 was lost. The vesicles were further transported over the microtubules and accumulated at the microtubule organising centre after 10 to 30\u00a0min. Intracellular trafficking over microtubules was mediated by MLCK, myosin 1 and a small actin tail. Since inhibiting MLCK with ML-7 was so efficient in blocking the internalisation pathway, this target can be used for the development of a new treatment for FIPV.",
   "publish_time": "2014 Feb 12",
   "authors": [
      "['Dewerchin, Hannah L', 'Desmarets, Lowiese M', 'Noppe, Ytse', 'Nauwynck, Hans J']"
   ],
   "journal": "Vet Res",
   "has_full_text": "True",
   "id": "69e95489dff0da006349ceb3a46a1f215cb1b910",
   "fhir_link": "Commercial/Composition/69e95489dff0da006349ceb3a46a1f215cb1b910"
}