{
   "sha": "2318d71622cd266fdbd9a9d80f25e689ff6f61ae",
   "source_x": "PMC",
   "title": "Detection of Viral Proteins in Human Cells Lines by Xeno-Proteomics: Elimination of the Last Valid Excuse for Not Testing Every Cellular Proteome Dataset for Viral Proteins",
   "doi": "http://dx.doi.org/10.1371/journal.pone.0091433",
   "pmcid": "PMC3950186",
   "pubmed_id": "24618588",
   "license": "CC BY",
   "abstract": "Cell cultures used routinely in proteomic experiments may contain proteins from other species because of infection, transfection or just contamination. Since infection or contamination may affect the results of a biological experiment, it is important to test the samples for the presence of \u201calien\u201d proteins. Usually cells are tested only for the most common infections, and most of the existing tests are targeting specific contaminations. Here we describe a three-step procedure for reliable untargeted detection of viral proteins using proteomics data, and recommend this or similar procedure to be applied to every proteomics dataset submitted for publication.",
   "publish_time": "2014 Mar 11",
   "authors": [
      "['Chernobrovkin, Alexey L.', 'Zubarev, Roman A.']"
   ],
   "journal": "PLoS One",
   "has_full_text": "True",
   "id": "2318d71622cd266fdbd9a9d80f25e689ff6f61ae",
   "fhir_link": "Commercial/Composition/2318d71622cd266fdbd9a9d80f25e689ff6f61ae"
}