{
   "source_x": "Elsevier",
   "title": "362 Angine",
   "doi": "10.1016/B978-2-294-70633-2.50362-0",
   "license": "els-covid",
   "publish_time": "2009-12-31",
   "authors": [
      "Alexandre, J.",
      "Balian, A.",
      "Bensoussan, L.",
      "Cha\u00efb, A.",
      "Gridel, G.",
      "Kinugawa, K.",
      "Lamazou, F.",
      "Lim-Sabbah, I.",
      "Mink, V.",
      "Planquette, B.",
      "Roupr\u00eat, M.",
      "Rousseau, M.-A.",
      "Roze, E.",
      "Salama, S.",
      "Schiff, M.",
      "Simon, D.",
      "Skurnik, D.",
      "Soria, A."
   ],
   "journal": "Le tout en un r\u00e9visions IFSI",
   "has_full_text": "False",
   "full_text_file": "custom_license",
   "id": "https://doi.org/10.1016/B978-2-294-70633-2.50362-0"
}