{
   "sha": "dacb58b5ac7adedfeb44dde5632c503c5d37548f",
   "source_x": "PMC",
   "title": "De novo Fatty Acid Biosynthesis Contributes Significantly to Establishment of a Bioenergetically Favorable Environment for Vaccinia Virus Infection",
   "doi": "http://dx.doi.org/10.1371/journal.ppat.1004021",
   "pmcid": "PMC3961357",
   "pubmed_id": "24651651",
   "license": "CC BY",
   "abstract": "The poxvirus life cycle, although physically autonomous from the host nucleus, is nevertheless dependent upon cellular functions. A requirement for de novo fatty acid biosynthesis was implied by our previous demonstration that cerulenin, a fatty acid synthase inhibitor, impaired vaccinia virus production. Here we show that additional inhibitors of this pathway, TOFA and C75, reduce viral yield significantly, with partial rescue provided by exogenous palmitate, the pathway's end-product. Palmitate's major role during infection is not for phospholipid synthesis or protein palmitoylation. Instead, the mitochondrial import and \u03b2-oxidation of palmitate are essential, as shown by the impact of etomoxir and trimetazidine, which target these two processes respectively. Moreover, the impact of these inhibitors is exacerbated in the absence of exogenous glucose, which is otherwise dispensable for infection. In contrast to glucose, glutamine is essential for productive viral infection, providing intermediates that sustain the TCA cycle (anaplerosis). Cumulatively, these data suggest that productive infection requires the mitochondrial \u03b2-oxidation of palmitate which drives the TCA cycle and energy production. Additionally, infection causes a significant rise in the cellular oxygen consumption rate (ATP synthesis) that is ablated by etomoxir. The biochemical progression of the vaccinia life cycle is not impaired in the presence of TOFA, C75, or etomoxir, although the levels of viral DNA and proteins synthesized are somewhat diminished. However, by reversibly arresting infections at the onset of morphogenesis, and then monitoring virus production after release of the block, we determined that virion assembly is highly sensitive to TOFA and C75. Electron microscopic analysis of cells released into C75 revealed fragmented aggregates of viroplasm which failed to be enclosed by developing virion membranes. Taken together, these data indicate that vaccinia infection, and in particular virion assembly, relies on the synthesis and mitochondrial import of fatty acids, where their \u03b2-oxidation drives robust ATP production.",
   "publish_time": "2014 Mar 20",
   "authors": [
      "['Greseth, Matthew D.', 'Traktman, Paula']"
   ],
   "journal": "PLoS Pathog",
   "has_full_text": "True",
   "id": "dacb58b5ac7adedfeb44dde5632c503c5d37548f",
   "fhir_link": "Commercial/Composition/dacb58b5ac7adedfeb44dde5632c503c5d37548f"
}