{
   "sha": "051cf89045450e5eff3fc9ba4fdc518fe1d623b8",
   "source_x": "PMC",
   "title": "Structural basis of sialidase in complex with geranylated flavonoids as potent natural inhibitors",
   "doi": "http://dx.doi.org/10.1107/S1399004714002971",
   "pmcid": "PMC4014123",
   "pubmed_id": "24816104",
   "license": "CC BY",
   "abstract": "Sialidase catalyzes the removal of a terminal sialic acid from glycoconjugates and plays a pivotal role in nutrition, cellular interactions and pathogenesis mediating various infectious diseases including cholera, influenza and sepsis. An array of antiviral sialidase agents have been developed and are commercially available, such as zanamivir and oseltamivir for treating influenza. However, the development of bacterial sialidase inhibitors has been much less successful. Here, natural polyphenolic geranylated flavonoids which show significant inhibitory effects against Cp-NanI, a sialidase from Clostridium perfringens, are reported. This bacterium causes various gastrointestinal diseases. The crystal structure of the Cp-NanI catalytic domain in complex with the best inhibitor, diplacone, is also presented. This structure explains how diplacone generates a stable enzyme\u2013inhibitor complex. These results provide a structural framework for understanding the interaction between sialidase and natural flavonoids, which are promising scaffolds on which to discover new anti-sialidase agents.",
   "publish_time": "2014 Apr 30",
   "authors": [
      "['Lee, Youngjin', 'Ryu, Young Bae', 'Youn, Hyung-Seop', 'Cho, Jung Keun', 'Kim, Young Min', 'Park, Ji-Young', 'Lee, Woo Song', 'Park, Ki Hun', 'Eom, Soo Hyun']"
   ],
   "journal": "Acta Crystallogr D Biol Crystallogr",
   "has_full_text": "True",
   "id": "051cf89045450e5eff3fc9ba4fdc518fe1d623b8",
   "fhir_link": "Commercial/Composition/051cf89045450e5eff3fc9ba4fdc518fe1d623b8"
}