{
   "sha": "30e6d0f1373227cc590813ddde1cb3f96fd791c8",
   "source_x": "Elsevier",
   "title": "Role of India\u2019s wildlife in the emergence and re-emergence of zoonotic pathogens, risk factors and public health implications",
   "doi": "10.1016/j.actatropica.2014.06.009",
   "pubmed_id": "24983511",
   "license": "els-covid",
   "abstract": "Abstract Evolving land use practices have led to an increase in interactions at the human/wildlife interface. The presence and poor knowledge of zoonotic pathogens in India's wildlife and the occurrence of enormous human populations interfacing with, and critically linked to, forest ecosystems warrant attention. Factors such as diverse migratory bird populations, climate change, expanding human population and shrinking wildlife habitats play a significant role in the emergence and re-emergence of zoonotic pathogens from India's wildlife. The introduction of a novel Kyasanur forest disease virus (family flaviviridae) into human populations in 1957 and subsequent occurrence of seasonal outbreaks illustrate the key role that India's wild animals play in the emergence and reemergence of zoonotic pathogens. Other high priority zoonotic diseases of wildlife origin which could affect both livestock and humans include influenza, Nipah, Japanese encephalitis, rabies, plague, leptospirosis, anthrax and leishmaniasis. Continuous monitoring of India's extensively diverse and dispersed wildlife is challenging, but their use as indicators should facilitate efficient and rapid disease-outbreak response across the region and occasionally the globe. Defining and prioritizing research on zoonotic pathogens in wildlife are essential, particularly in a multidisciplinary one-world one-health approach which includes human and veterinary medical studies at the wildlife-livestock-human interfaces. This review indicates that wild animals play an important role in the emergence and re-emergence of zoonotic pathogens and provides brief summaries of the zoonotic diseases that have occurred in wild animals in India.",
   "publish_time": "2014-10-31",
   "authors": [
      "Singh, B.B.",
      "Gajadhar, A.A."
   ],
   "journal": "Acta Tropica",
   "has_full_text": "True",
   "full_text_file": "custom_license",
   "id": "https://doi.org/10.1016/j.actatropica.2014.06.009",
   "fhir_link": [
      "PMC/Composition/30e6d0f1373227cc590813ddde1cb3f96fd791c8"
   ]
}