{
   "sha": "cef8a948bad454c49e10e6aed8c0cb2ce3215c62",
   "source_x": "CZI",
   "title": "Potential association between COVID-19 mortality and health-care resource availability",
   "doi": "10.1016/S2214-109X(20)30068-1",
   "license": "cc-by-nc-nd",
   "abstract": "As recorded by the Chinese Center for Disease Control and Prevention (China CDC), by Feb 16, 2020, there had been 70\u2008641 confirmed cases and 1772 deaths due to COVID-19, with an average mortality of about 2\u00b75%. However, in-depth analysis of these data show clear disparities in mortality rates between Wuhan (>3%), different regions of Hubei (about 2\u00b79% on average), and across the other provinces of China (about 0\u00b77% on average). We postulate that this is likely to be related to the rapid escalation in the number of infections around the epicentre of the outbreak, which has resulted in an insufficiency of health-care resources, thereby negatively affecting patient outcomes in Hubei, while this has not yet been the situation for the other parts of China (figure A, B). If we assume that average levels of health care are similar throughout China, higher numbers of infections in a given population can be considered an indirect indicator of a heavier health-care burden. Plotting mortality against the incidence of COVID-19 (cumulative number of confirmed cases since the start of the outbreak, per 10\u2008000 population) showed a significant positive correlation (figure C), suggesting that mortality is correlated with health-care burden.",
   "authors": [
      "Ji, Yunpeng",
      "Ma, Zhongren",
      "Peppelenbosch, Maikel P.",
      "Pan, Qiuwei"
   ],
   "journal": "The Lancet Global Health",
   "Microsoft Academic Paper ID": "2343822881",
   "WHO #Covidence": "#1979",
   "has_full_text": "False",
   "id": "cef8a948bad454c49e10e6aed8c0cb2ce3215c62"
}