{
   "sha": "ef2c238dd55e20a6ea81a9f411747585341dcbee",
   "source_x": "Elsevier",
   "title": "Therapeutic Applications of Monoclonal Antibodies",
   "doi": "10.1097/00000441-200207000-00004",
   "pubmed_id": "12120821",
   "license": "els-covid",
   "abstract": "ABSTRACT Researchers have sought therapeutic applications for monoclonal antibodies since their development in 1975. However, murine-derived monoclonal antibodies may cause an immunogenic response in human patients, reducing their therapeutic efficacy. Chimeric and humanized antibodies have been developed that are less likely to provoke an immune reaction in human patients than are murine-derived antibodies. Antibody fragments, bispecific antibodies, and antibodies produced through the use of phage display systems and genetically modified plants and animals may aid researchers in developing new uses for monoclonal antibodies in the treatment of disease. Monoclonal antibodies may have a number of promising potential therapeutic applications in the treatment of asthma, autoimmune diseases, cancer, poisoning, septicemia, substance abuse, viral infections, and other diseases.",
   "publish_time": "2002-07-31",
   "authors": [
      "Berger, Mitchell",
      "Shankar, Vidya",
      "Vafai, Abbas"
   ],
   "journal": "The American Journal of the Medical Sciences",
   "has_full_text": "True",
   "full_text_file": "custom_license",
   "id": "https://doi.org/10.1097/00000441-200207000-00004",
   "fhir_link": [
      "PMC/Composition/ef2c238dd55e20a6ea81a9f411747585341dcbee"
   ]
}