{
   "sha": "68eb9f309e762e8265822b96e7a6c6fa5814e959",
   "source_x": "PMC",
   "title": "A fast and robust iterative algorithm for prediction of RNA pseudoknotted secondary structures",
   "doi": "http://dx.doi.org/10.1186/1471-2105-15-147",
   "pmcid": "PMC4064103",
   "pubmed_id": "24884954",
   "license": "CC BY",
   "abstract": "BACKGROUND: Improving accuracy and efficiency of computational methods that predict pseudoknotted RNA secondary structures is an ongoing challenge. Existing methods based on free energy minimization tend to be very slow and are limited in the types of pseudoknots that they can predict. Incorporating known structural information can improve prediction accuracy; however, there are not many methods for prediction of pseudoknotted structures that can incorporate structural information as input. There is even less understanding of the relative robustness of these methods with respect to partial information. RESULTS: We present a new method, Iterative HFold, for pseudoknotted RNA secondary structure prediction. Iterative HFold takes as input a pseudoknot-free structure, and produces a possibly pseudoknotted structure whose energy is at least as low as that of any (density-2) pseudoknotted structure containing the input structure. Iterative HFold leverages strengths of earlier methods, namely the fast running time of HFold, a method that is based on the hierarchical folding hypothesis, and the energy parameters of HotKnots V2.0. Our experimental evaluation on a large data set shows that Iterative HFold is robust with respect to partial information, with average accuracy on pseudoknotted structures steadily increasing from roughly 54% to 79% as the user provides up to 40% of the input structure. Iterative HFold is much faster than HotKnots V2.0, while having comparable accuracy. Iterative HFold also has significantly better accuracy than IPknot on our HK-PK and IP-pk168 data sets. CONCLUSIONS: Iterative HFold is a robust method for prediction of pseudoknotted RNA secondary structures, whose accuracy with more than 5% information about true pseudoknot-free structures is better than that of IPknot, and with about 35% information about true pseudoknot-free structures compares well with that of HotKnots V2.0 while being significantly faster. Iterative HFold and all data used in this work are freely available at http://www.cs.ubc.ca/~hjabbari/software.php.",
   "publish_time": "2014 May 18",
   "authors": [
      "['Jabbari, Hosna', 'Condon, Anne']"
   ],
   "journal": "BMC Bioinformatics",
   "has_full_text": "False",
   "id": "68eb9f309e762e8265822b96e7a6c6fa5814e959"
}