{
   "sha": "04f4cff6c1a32e0edb50bdb8daf00f82708a5142",
   "source_x": "PMC",
   "title": "Plasmodium vivax Antigen Discovery Based on Alpha-Helical Coiled Coil Protein Motif",
   "doi": "http://dx.doi.org/10.1371/journal.pone.0100440",
   "pmcid": "PMC4069070",
   "pubmed_id": "24959747",
   "license": "CC BY",
   "abstract": "Protein \u03b1-helical coiled coil structures that elicit antibody responses, which block critical functions of medically important microorganisms, represent a means for vaccine development. By using bioinformatics algorithms, a total of 50 antigens with \u03b1-helical coiled coil motifs orthologous to Plasmodium falciparum were identified in the P. vivax genome. The peptides identified in silico were chemically synthesized; circular dichroism studies indicated partial or high \u03b1-helical content. Antigenicity was evaluated using human sera samples from malaria-endemic areas of Colombia and Papua New Guinea. Eight of these fragments were selected and used to assess immunogenicity in BALB/c mice. ELISA assays indicated strong reactivity of serum samples from individuals residing in malaria-endemic regions and sera of immunized mice, with the \u03b1-helical coiled coil structures. In addition, ex vivo production of IFN-\u03b3 by murine mononuclear cells confirmed the immunogenicity of these structures and the presence of T-cell epitopes in the peptide sequences. Moreover, sera of mice immunized with four of the eight antigens recognized native proteins on blood-stage P. vivax parasites, and antigenic cross-reactivity with three of the peptides was observed when reacted with both the P. falciparum orthologous fragments and whole parasites. Results here point to the \u03b1-helical coiled coil peptides as possible P. vivax malaria vaccine candidates as were observed for P. falciparum. Fragments selected here warrant further study in humans and non-human primate models to assess their protective efficacy as single components or assembled as hybrid linear epitopes.",
   "publish_time": "2014 Jun 24",
   "authors": [
      "['C\u00e9spedes, Nora', 'Habel, Catherine', 'Lopez-Perez, Mary', 'Castellanos, Ang\u00e9lica', 'Kajava, Andrey V.', 'Servis, Catherine', 'Felger, Ingrid', 'Moret, Remy', 'Ar\u00e9valo-Herrera, Myriam', 'Corradin, Giampietro', 'Herrera, S\u00f3crates']"
   ],
   "journal": "PLoS One",
   "has_full_text": "True",
   "id": "04f4cff6c1a32e0edb50bdb8daf00f82708a5142",
   "fhir_link": "Commercial/Composition/04f4cff6c1a32e0edb50bdb8daf00f82708a5142"
}