{
   "sha": "196eaa0045b36b7c0e56594ad4fbec1e8edd3e9c",
   "source_x": "PMC",
   "title": "Dissecting Virus Entry: Replication-Independent Analysis of Virus Binding, Internalization, and Penetration Using Minimal Complementation of \u03b2-Galactosidase",
   "doi": "http://dx.doi.org/10.1371/journal.pone.0101762",
   "pmcid": "PMC4099126",
   "pubmed_id": "25025332",
   "license": "CC BY",
   "abstract": "Studies of viral entry into host cells often rely on the detection of post-entry parameters, such as viral replication or the expression of a reporter gene, rather than on measuring entry per se. The lack of assays to easily detect the different steps of entry severely hampers the analysis of this key process in virus infection. Here we describe novel, highly adaptable viral entry assays making use of minimal complementation of the E. coli \u03b2-galactosidase in mammalian cells. Enzyme activity is reconstituted when a small intravirion peptide (\u03b1-peptide) is complementing the inactive mutant form \u0394M15 of \u03b2-galactosidase. The method allows to dissect and to independently detect binding, internalization, and fusion of viruses during host cell entry. Here we use it to confirm and extend current knowledge on the entry process of two enveloped viruses: vesicular stomatitis virus (VSV) and murine hepatitis coronavirus (MHV).",
   "publish_time": "2014 Jul 15",
   "authors": [
      "['Burkard, Christine', 'Bloyet, Louis-Marie', 'Wicht, Oliver', 'van Kuppeveld, Frank J.', 'Rottier, Peter J. M.', 'de Haan, Cornelis A. M.', 'Bosch, Berend Jan']"
   ],
   "journal": "PLoS One",
   "has_full_text": "True",
   "id": "196eaa0045b36b7c0e56594ad4fbec1e8edd3e9c",
   "fhir_link": "Commercial/Composition/196eaa0045b36b7c0e56594ad4fbec1e8edd3e9c.json"
}