{
   "sha": "2ee32c492fb088bca33f2b2409baa37d488dae5c",
   "source_x": "PMC",
   "title": "Virus-Specific Regulatory T Cells Ameliorate Encephalitis by Repressing Effector T Cell Functions from Priming to Effector Stages",
   "doi": "http://dx.doi.org/10.1371/journal.ppat.1004279",
   "pmcid": "PMC4125232",
   "pubmed_id": "25102154",
   "license": "CC BY",
   "abstract": "Several studies have demonstrated the presence of pathogen-specific Foxp3(+) CD4 regulatory T cells (Treg) in infected animals, but little is known about where and how these cells affect the effector T cell responses and whether they are more suppressive than bulk Treg populations. We recently showed the presence of both epitope M133-specific Tregs (M133 Treg) and conventional CD4 T cells (M133 Tconv) in the brains of mice with coronavirus-induced encephalitis. Here, we provide new insights into the interactions between pathogenic Tconv and Tregs responding to the same epitope. M133 Tregs inhibited the proliferation but not initial activation of M133 Tconv in draining lymph nodes (DLN). Further, M133 Tregs inhibited migration of M133 Tconv from the DLN. In addition, M133 Tregs diminished microglia activation and decreased the number and function of Tconv in the infected brain. Thus, virus-specific Tregs inhibited pathogenic CD4 T cell responses during priming and effector stages, particularly those recognizing cognate antigen, and decreased mortality and morbidity without affecting virus clearance. These cells are more suppressive than bulk Tregs and provide a targeted approach to ameliorating immunopathological disease in infectious settings.",
   "publish_time": "2014 Aug 7",
   "authors": [
      "['Zhao, Jingxian', 'Zhao, Jincun', 'Perlman, Stanley']"
   ],
   "journal": "PLoS Pathog",
   "has_full_text": "True",
   "id": "2ee32c492fb088bca33f2b2409baa37d488dae5c",
   "fhir_link": "Commercial/2ee32c492fb088bca33f2b2409baa37d488dae5c"
}