{
   "sha": "c2eba84cd09b95e1ac81838474be54d908bb7b06",
   "source_x": "Elsevier",
   "title": "Susceptibility of human and rat neural cell lines to infection by SARS-coronavirus",
   "doi": "10.1016/j.bbrc.2005.06.061",
   "pubmed_id": "15992768",
   "license": "els-covid",
   "abstract": "Abstract Pathological characterization of autopsied tissues from patients with SARS revealed severe damage in restricted tissues, such as lung, with no apparent cell damage in other tissues, such as intestine and brain. Here, we examined the susceptibility of neural cell lines of human (OL) and rat (C6) origins to SARS-associated coronavirus. Both of the neural cell lines showed no apparent cytopathic effects (CPE) by infection but produced virus with infectivity of 102\u20135 per ml, in sharp contrast to the production by infected Vero E6 cells of >109 per ml that showed a lytic infection with characteristic rounding CPE. Interestingly, the infection of intestinal cell line CaCo-2 also induced no apparent CPE, with production of the virus at a slightly lower level as that of the Vero E6 cell culture. Notably, the cellular receptor for the virus, angiotensin-converting enzyme 2 was expressed at similar levels on Vero E6 and CaCo-2 cells, but at undetectable levels on OL and C6 cells.",
   "publish_time": "2005-08-19",
   "authors": [
      "Yamashita, Makiko",
      "Yamate, Masanobu",
      "Li, Gui-Mei",
      "Ikuta, Kazuyoshi"
   ],
   "journal": "Biochemical and Biophysical Research Communications",
   "has_full_text": "True",
   "full_text_file": "custom_license",
   "id": "https://doi.org/10.1016/j.bbrc.2005.06.061",
   "fhir_link": [
      "PMC/Composition/c2eba84cd09b95e1ac81838474be54d908bb7b06"
   ]
}