{
   "sha": "ffd640ccc48cf505cf385e2a7ab7d2720e3ec427",
   "source_x": "PMC",
   "title": "Review: The Important Bacterial Zoonoses in \u201cOne Health\u201d Concept",
   "doi": "http://dx.doi.org/10.3389/fpubh.2014.00144",
   "pmcid": "PMC4196475",
   "pubmed_id": "25353010",
   "license": "CC BY",
   "abstract": "An infectious disease that is transmitted from animals to humans, sometimes by a vector, is called zoonosis. The focus of this review article is on the most common emerging and re-emerging bacterial zoonotic diseases. The role of \u201cOne Health\u201d approach, public health education, and some measures that can be taken to prevent zoonotic bacterial infections are discussed. Key points: A zoonotic bacterial disease is a disease that can be very commonly transmitted between animals and humans. Global climate changes, overuse of antimicrobials in medicine, more intensified farm settings, and closer interactions with animals facilitate emergence or re-emergence of bacterial zoonotic infections. The global \u201cOne Health\u201d approach, which requires interdisciplinary collaborations and communications in all aspects of health care for humans, animals, and the environment, will support public health in general. New strategies for continuous dissemination of multidisciplinary research findings related to zoonotic bacterial diseases are hence needed.",
   "publish_time": "2014 Oct 14",
   "authors": [
      "['Cantas, Leon', 'Suer, Kaya']"
   ],
   "journal": "Front Public Health",
   "has_full_text": "True",
   "id": "ffd640ccc48cf505cf385e2a7ab7d2720e3ec427",
   "fhir_link": "Commercial/Composition/ffd640ccc48cf505cf385e2a7ab7d2720e3ec427"
}