{
   "sha": "422ba1058ef4ab555ac1a874029c600f71d80520",
   "source_x": "Elsevier",
   "title": "A Prospective Study of Respiratory Viral Infection in Pregnant Women With and Without Asthma",
   "doi": "10.1378/chest.12-1956",
   "pubmed_id": "23493968",
   "license": "els-covid",
   "abstract": "Background Respiratory viral infections are common in pregnancy, but their health impact, especially in asthma, is unknown. The objective of this study was to assess the frequency, severity, and consequences of respiratory viral infection during pregnancy in women with and without asthma. Methods In this prospective cohort study, common cold symptoms were assessed during pregnancy in 168 women with asthma and 117 women without asthma using the common cold questionnaire and by self-report. Nasal and throat swabs were collected for suspected infections and tested by polymerase chain reaction for respiratory viruses. Pregnancy and asthma outcomes were recorded. Results Pregnant women with asthma had more prospective self-reported and questionnaire-detected common colds than pregnant women without asthma (incidence rate ratio, 1.77; 95% CI, 1.30-2.42; P < .0001). Retrospectively reported common colds in early pregnancy and post partum were increased in women with asthma compared with women without asthma. The severity of cold symptoms was also increased in women with asthma (total cold score median, 8; interquartile range [5, 10] in women with asthma vs 6 [5, 8] in control subjects; P = .031). Among women with asthma, having a laboratory-confirmed viral infection was associated with poorer maternal health, with 60% of infections associated with uncontrolled asthma and a higher likelihood of preeclampsia. Conclusions Pregnant women with asthma have more common colds during pregnancy than pregnant women without asthma. Colds during pregnancy were associated with adverse maternal and pregnancy outcomes. Prevention of viral infection in pregnancy may improve the health of mothers with asthma.",
   "publish_time": "2013-08-31",
   "authors": [
      "Murphy, Vanessa E.",
      "Powell, Heather",
      "Wark, Peter A.B.",
      "Gibson, Peter G."
   ],
   "journal": "Chest",
   "has_full_text": "True",
   "full_text_file": "custom_license",
   "id": "https://doi.org/10.1378/chest.12-1956",
   "fhir_link": [
      "PMC/Composition/422ba1058ef4ab555ac1a874029c600f71d80520"
   ]
}