{
   "sha": "c17d7f1607f8fa333c799b263c8185d3b3d369ac",
   "source_x": "PMC",
   "title": "Comparison of Contact Patterns Relevant for Transmission of Respiratory Pathogens in Thailand and the Netherlands Using Respondent-Driven Sampling",
   "doi": "http://dx.doi.org/10.1371/journal.pone.0113711",
   "pmcid": "PMC4244136",
   "pubmed_id": "25423343",
   "license": "CC BY",
   "abstract": "Understanding infection dynamics of respiratory diseases requires the identification and quantification of behavioural, social and environmental factors that permit the transmission of these infections between humans. Little empirical information is available about contact patterns within real-world social networks, let alone on differences in these contact networks between populations that differ considerably on a socio-cultural level. Here we compared contact network data that were collected in the Netherlands and Thailand using a similar online respondent-driven method. By asking participants to recruit contact persons we studied network links relevant for the transmission of respiratory infections. We studied correlations between recruiter and recruited contacts to investigate mixing patterns in the observed social network components. In both countries, mixing patterns were assortative by demographic variables and random by total numbers of contacts. However, in Thailand participants reported overall more contacts which resulted in higher effective contact rates. Our findings provide new insights on numbers of contacts and mixing patterns in two different populations. These data could be used to improve parameterisation of mathematical models used to design control strategies. Although the spread of infections through populations depends on more factors, found similarities suggest that spread may be similar in the Netherlands and Thailand.",
   "publish_time": "2014 Nov 25",
   "authors": [
      "['Stein, Mart L.', 'van Steenbergen, Jim E.', 'Buskens, Vincent', 'van der Heijden, Peter G. M.', 'Chanyasanha, Charnchudhi', 'Tipayamongkholgul, Mathuros', 'Thorson, Anna E.', 'Bengtsson, Linus', 'Lu, Xin', 'Kretzschmar, Mirjam E. E.']"
   ],
   "journal": "PLoS One",
   "has_full_text": "False",
   "id": "c17d7f1607f8fa333c799b263c8185d3b3d369ac"
}