{
   "sha": "f6e6534cb423c1823ad38d7d5c0a98c303f2efdb",
   "source_x": "PMC",
   "title": "Architectural Insight into Inovirus-Associated Vectors (IAVs) and Development of IAV-Based Vaccines Inducing Humoral and Cellular Responses: Implications in HIV-1 Vaccines",
   "doi": "http://dx.doi.org/10.3390/v6125047",
   "pmcid": "PMC4276942",
   "pubmed_id": "25525909",
   "license": "CC BY",
   "abstract": "Inovirus-associated vectors (IAVs) are engineered, non-lytic, filamentous bacteriophages that are assembled primarily from thousands of copies of the major coat protein gp8 and just five copies of each of the four minor coat proteins gp3, gp6, gp7 and gp9. Inovirus display studies have shown that the architecture of inoviruses makes all coat proteins of the inoviral particle accessible to the outside. This particular feature of IAVs allows foreign antigenic peptides to be displayed on the outer surface of the virion fused to its coat proteins and for more than two decades has been exploited in many applications including antibody or peptide display libraries, drug design, and vaccine development against infectious and non-infectious diseases. As vaccine carriers, IAVs have been shown to elicit both a cellular and humoral response against various pathogens through the display of antibody epitopes on their coat proteins. Despite their high immunogenicity, the goal of developing an effective vaccine against HIV-1 has not yet materialized. One possible limitation of previous efforts was the use of broadly neutralizing antibodies, which exhibited autoreactivity properties. In the past five years, however, new, more potent broadly neutralizing antibodies that do not exhibit autoreactivity properties have been isolated from HIV-1 infected individuals, suggesting that vaccination strategies aimed at producing such broadly neutralizing antibodies may confer protection against infection. The utilization of these new, broadly neutralizing antibodies in combination with the architectural traits of IAVs have driven the current developments in the design of an inovirus-based vaccine against HIV-1. This article reviews the applications of IAVs in vaccine development, with particular emphasis on the design of inoviral-based vaccines against HIV-1.",
   "publish_time": "2014 Dec 17",
   "authors": [
      "['Hassapis, Kyriakos A.', 'Stylianou, Dora C.', 'Kostrikis, Leondios G.']"
   ],
   "journal": "Viruses",
   "has_full_text": "True",
   "id": "f6e6534cb423c1823ad38d7d5c0a98c303f2efdb",
   "fhir_link": "Commercial/Composition/f6e6534cb423c1823ad38d7d5c0a98c303f2efdb.json"
}