{
   "sha": "238d2be0d4db41b5460bd3a50a0a374549c189aa",
   "source_x": "PMC",
   "title": "Houttuynia cordata Targets the Beginning Stage of Herpes Simplex Virus Infection",
   "doi": "http://dx.doi.org/10.1371/journal.pone.0115475",
   "pmcid": "PMC4314066",
   "pubmed_id": "25643242",
   "license": "CC BY",
   "abstract": "Herpes simplex virus (HSV), a common latent virus in humans, causes certain severe diseases. Extensive use of acyclovir (ACV) results in the development of drug-resistant HSV strains, hence, there is an urgent need to develop new drugs to treat HSV infection. Houttuynia cordata (H. cordata), a natural herbal medicine, has been reported to exhibit anti-HSV effects which is partly NF-\u03baB-dependent. However, the molecular mechanisms by which H. cordata inhibits HSV infection are not elucidated thoroughly. Here, we report that H. cordata water extracts (HCWEs) inhibit the infection of HSV-1, HSV-2, and acyclovir-resistant HSV-1 mainly via blocking viral binding and penetration in the beginning of infection. HCWEs also suppress HSV replication. Furthermore, HCWEs attenuate the first-wave of NF-\u03baB activation, which is essential for viral gene expressions. Further analysis of six compounds in HCWEs revealed that quercetin and isoquercitrin inhibit NF-\u03baB activation and additionally, quercetin also has an inhibitory effect on viral entry. These results indicate that HCWEs can inhibit HSV infection through multiple mechanisms and could be a potential lead for development of new drugs for treating HSV.",
   "publish_time": "2015 Feb 2",
   "authors": [
      "['Hung, Pei-Yun', 'Ho, Bing-Ching', 'Lee, Szu-Yuan', 'Chang, Sui-Yuan', 'Kao, Chuan-Liang', 'Lee, Shoei-Sheng', 'Lee, Chun-Nan']"
   ],
   "journal": "PLoS One",
   "has_full_text": "True",
   "id": "238d2be0d4db41b5460bd3a50a0a374549c189aa",
   "fhir_link": "Commercial/Composition/238d2be0d4db41b5460bd3a50a0a374549c189aa.json"
}