{
   "sha": "fd562678b677b5708e84a633f77c3130705ee8fb",
   "source_x": "Elsevier",
   "title": "Physiological stress of intracellular Shigella flexneri visualized with a metabolic sensor fused to a surface-reporter system",
   "doi": "10.1016/j.febslet.2004.12.062",
   "pubmed_id": "15670852",
   "license": "els-covid",
   "abstract": "Abstract When deleted of its N-terminal signal-reception domain, the broad host range \u03c354-dependent transcriptional regulator XylR, along with its cognate promoter Pu, becomes a sensor of the metabolic stress of the carrier bacteria. We have employed a surface reporter system to visualize the physiological status of intracellular Shigella flexneri during infection of Henle 407 cells in culture. To this end, the xylR\u0394A gene has been engineered adjacent to a bicistronic transcriptional fusion of Pu to a lamB variant tagged with a short viral sequence (cor) and \u03b2-galactosidase (lacZ). The accessibility of the cor epitope to the externalmost medium and the expression of Pu in the bacterial population was confirmed, respectively, with immunomagnetic beads and the sorting of Escherichia coli cells treated with a fluorescent antibody. Intracellular Shigella cells expressed the Pu\u2013lamB/cor\u2013lacZ reporter at high levels, suggesting that infectious cells endure a considerable metabolic constraint during the invasion process.",
   "publish_time": "2005-01-31",
   "authors": [
      "Guzm\u00e1n, Carlos A.",
      "Cebolla, Angel",
      "Beltrametti, Fabricio",
      "Staender, Lothar H.",
      "de Lorenzo, V\u00edctor"
   ],
   "journal": "FEBS Letters",
   "has_full_text": "True",
   "full_text_file": "custom_license",
   "id": "https://doi.org/10.1016/j.febslet.2004.12.062",
   "fhir_link": [
      "PMC/Composition/fd562678b677b5708e84a633f77c3130705ee8fb"
   ]
}