{
   "source_x": "Elsevier",
   "title": "4822606 Immunosuppressive synthetic peptides and analogs thereof based on retroviral envelope sequences Ralph D Snyderman, George J Cianciolo assigned to Duke University",
   "doi": "10.1016/0147-9571(89)90084-2",
   "license": "els-covid",
   "publish_time": "1989-12-31",
   "journal": "Comparative Immunology, Microbiology and Infectious Diseases",
   "has_full_text": "False",
   "full_text_file": "custom_license",
   "id": "https://doi.org/10.1016/0147-9571(89)90084-2"
}