{
   "sha": "57ba11d45980a89cf1313f3eab68ad0c77d53439",
   "source_x": "PMC",
   "title": "Real-Time Sequence-Validated Loop-Mediated Isothermal Amplification Assays for Detection of Middle East Respiratory Syndrome Coronavirus (MERS-CoV)",
   "doi": "http://dx.doi.org/10.1371/journal.pone.0123126",
   "pmcid": "PMC4391951",
   "pubmed_id": "25856093",
   "license": "CC0",
   "abstract": "The Middle East respiratory syndrome coronavirus (MERS-CoV), an emerging human coronavirus, causes severe acute respiratory illness with a 35% mortality rate. In light of the recent surge in reported infections we have developed asymmetric five-primer reverse transcription loop-mediated isothermal amplification (RT-LAMP) assays for detection of MERS-CoV. Isothermal amplification assays will facilitate the development of portable point-of-care diagnostics that are crucial for management of emerging infections. The RT-LAMP assays are designed to amplify MERS-CoV genomic loci located within the open reading frame (ORF)1a and ORF1b genes and upstream of the E gene. Additionally we applied one-step strand displacement probes (OSD) for real-time sequence-specific verification of LAMP amplicons. Asymmetric amplification effected by incorporating a single loop primer in each assay accelerated the time-to-result of the OSD-RT-LAMP assays. The resulting assays could detect 0.02 to 0.2 plaque forming units (PFU) (5 to 50 PFU/ml) of MERS-CoV in infected cell culture supernatants within 30 to 50 min and did not cross-react with common human respiratory pathogens.",
   "publish_time": "2015 Apr 9",
   "authors": [
      "['Bhadra, Sanchita', 'Jiang, Yu Sherry', 'Kumar, Mia R.', 'Johnson, Reed F.', 'Hensley, Lisa E.', 'Ellington, Andrew D.']"
   ],
   "journal": "PLoS One",
   "has_full_text": "False",
   "id": "57ba11d45980a89cf1313f3eab68ad0c77d53439"
}