{
   "sha": "c0fc9c078224bc27c7d55a2920cd856e2bebaf95",
   "source_x": "Elsevier",
   "title": "Supplemental Lactoferrin Improves Health and Growth of Holstein Calves during the Preweaning Phase 1,2",
   "doi": "10.3168/jds.S0022-0302(03)73729-1",
   "pubmed_id": "12741570",
   "license": "els-covid",
   "abstract": "Abstract Lactoferrin is a milk protein that exhibits broad-spectrum antimicrobial properties. Previous studies indicated that supplemental lactoferrin may alter the microbial populations in the gut of nonruminants and increase preweaning weight gains in calves. In the present study, 40 Holstein calves were used to examine the effects of supplemental lactoferrin (0, 1, 2, or 3 g/d) on health, growth, and feed intake from 3 d of age to 2 wk postweaning. Lactoferrin was mixed and fed with a nonmedicated milk replacer. Calves were housed in individual pens and offered a textured, nonmedicated starter and water for ad libitum consumption. Body weight and heart girth were measured weekly. Intakes of milk replacer and starter were determined daily. Fecal consistency was monitored three times per week. Calves were weaned when they met certain criteria based on body weight gain and starter intake. Preweaning fecal score responded quadratically, with the group fed 1 g/d of lactoferrin having the lowest score. Overall and preweaning number of days medicated responded in the same manner as fecal score. Preweaning average daily gain and gain-to-feed ratio increased linearly with lactoferrin supplementation, whereas postweaning gain-to-feed ratio decreased linearly with lactoferrin. Overall average daily heart girth gain increased linearly with lactoferrin. Body weight, weaning age, and dry matter intake were not different among treatments. Based on the observed improved gain-to-feed ratios, increased average daily gains, improved fecal scores, and reduced morbidity in preweaned calves, it appears that lactoferrin may be a beneficial supplement in the diets of neonatal calves prior to weaning.",
   "publish_time": "2003-04-30",
   "authors": [
      "Robblee, E.D.",
      "Erickson, P.S.",
      "Whitehouse, N.L.",
      "McLaughlin, A.M.",
      "Schwab, C.G.",
      "Rejman, J.J.",
      "Rompala, R.E."
   ],
   "journal": "Journal of Dairy Science",
   "has_full_text": "True",
   "full_text_file": "custom_license",
   "id": "https://doi.org/10.3168/jds.S0022-0302(03)73729-1",
   "fhir_link": [
      "PMC/Composition/c0fc9c078224bc27c7d55a2920cd856e2bebaf95"
   ]
}