{
   "sha": "30dd652d4018a27fc531e9a9e9a17f154dea4431",
   "source_x": "PMC",
   "title": "A Neuron-Specific Antiviral Mechanism Prevents Lethal Flaviviral Infection of Mosquitoes",
   "doi": "http://dx.doi.org/10.1371/journal.ppat.1004848",
   "pmcid": "PMC4411065",
   "pubmed_id": "25915054",
   "license": "CC BY",
   "abstract": "Mosquitoes are natural vectors for many etiologic agents of human viral diseases. Mosquito-borne flaviviruses can persistently infect the mosquito central nervous system without causing dramatic pathology or influencing the mosquito behavior and lifespan. The mechanism by which the mosquito nervous system resists flaviviral infection is still largely unknown. Here we report that an Aedes aegypti homologue of the neural factor Hikaru genki (AaHig) efficiently restricts flavivirus infection of the central nervous system. AaHig was predominantly expressed in the mosquito nervous system and localized to the plasma membrane of neural cells. Functional blockade of AaHig enhanced Dengue virus (DENV) and Japanese encephalitis virus (JEV), but not Sindbis virus (SINV), replication in mosquito heads and consequently caused neural apoptosis and a dramatic reduction in the mosquito lifespan. Consistently, delivery of recombinant AaHig to mosquitoes reduced viral infection. Furthermore, the membrane-localized AaHig directly interfaced with a highly conserved motif in the surface envelope proteins of DENV and JEV, and consequently interrupted endocytic viral entry into mosquito cells. Loss of either plasma membrane targeting or virion-binding ability rendered AaHig nonfunctional. Interestingly, Culex pipien pallens Hig also demonstrated a prominent anti-flavivirus activity, suggesting a functionally conserved function for Hig. Our results demonstrate that an evolutionarily conserved antiviral mechanism prevents lethal flaviviral infection of the central nervous system in mosquitoes, and thus may facilitate flaviviral transmission in nature.",
   "publish_time": "2015 Apr 27",
   "authors": [
      "['Xiao, Xiaoping', 'Zhang, Rudian', 'Pang, Xiaojing', 'Liang, Guodong', 'Wang, Penghua', 'Cheng, Gong']"
   ],
   "journal": "PLoS Pathog",
   "has_full_text": "False",
   "id": "30dd652d4018a27fc531e9a9e9a17f154dea4431"
}