{
   "sha": "f42881f77f486fdf332fa5e01629dbd0ded6b83d",
   "source_x": "Elsevier",
   "title": "A secretary bi-cistronic baculovirus expression system with improved production of the HA1 protein of H6 influenza virus in insect cells and Spodoptera litura larvae",
   "doi": "10.1016/j.jim.2018.06.001",
   "pubmed_id": "29894745",
   "license": "els-covid",
   "abstract": "Abstract A bi-cistronic baculovirus expression vector was constructed to facilitate the expression, detection, and isolation of the hemagglutinin (HA) fragment HA1 of H6N1 avian influenza virus (AIV) in an insect and a culture of its cells. In this construct, the GP67sp signal peptide promoted the secretion of the recombinant protein into the culture medium, and improved protein expression and purification. Enhanced green fluorescent protein, co-expressed through an internal ribosome entry site, served as a visible reporter for protein expression detection. The hemolymph of Spodoptera litura larvae infected with the bi-cistronic baculovirus was collected for the purification of the recombinant HA1, which was found to be glycosylated, and monomeric and trimeric forms of the recombinant HA1 were identified. Proteins expressed in both the cell culture and larvae served as effective subunit vaccines for the production of antiserum against HA. The antiserum recognized the H6 subtype of AIV but not the H5 subtype.",
   "publish_time": "2018-08-31",
   "authors": [
      "Hsieh, Ming-Shou",
      "He, Jie-Long",
      "Wu, Tzong-Yuan",
      "Juang, Rong-Huay"
   ],
   "journal": "Journal of Immunological Methods",
   "has_full_text": "True",
   "full_text_file": "custom_license",
   "id": "https://doi.org/10.1016/j.jim.2018.06.001",
   "fhir_link": [
      "PMC/Composition/f42881f77f486fdf332fa5e01629dbd0ded6b83d"
   ]
}