{
   "sha": "252e6f853b7025fa235432baf9869ae4f51a020d",
   "source_x": "PMC",
   "title": "Host Tissue and Glycan Binding Specificities of Avian Viral Attachment Proteins Using Novel Avian Tissue Microarrays",
   "doi": "http://dx.doi.org/10.1371/journal.pone.0128893",
   "pmcid": "PMC4452732",
   "pubmed_id": "26035584",
   "license": "CC BY",
   "abstract": "The initial interaction between viral attachment proteins and the host cell is a critical determinant for the susceptibility of a host for a particular virus. To increase our understanding of avian pathogens and the susceptibility of poultry species, we developed novel avian tissue microarrays (TMAs). Tissue binding profiles of avian viral attachment proteins were studied by performing histochemistry on multi-species TMA, comprising of selected tissues from ten avian species, and single-species TMAs, grouping organ systems of each species together. The attachment pattern of the hemagglutinin protein was in line with the reported tropism of influenza virus H5N1, confirming the validity of TMAs in profiling the initial virus-host interaction. The previously believed chicken-specific coronavirus (CoV) M41 spike (S1) protein displayed a broad attachment pattern to respiratory tissues of various avian species, albeit with lower affinity than hemagglutinin, suggesting that other avian species might be susceptible for chicken CoV. When comparing tissue-specific binding patterns of various avian coronaviral S1 proteins on the single-species TMAs, chicken and partridge CoV S1 had predominant affinity for the trachea, while pigeon CoV S1 showed marked preference for lung of their respective hosts. Binding of all coronaviral S1 proteins was dependent on sialic acids; however, while chicken CoV S1 preferred sialic acids type I lactosamine (Gal(1-3)GlcNAc) over type II (Gal(1-4)GlcNAc), the fine glycan specificities of pigeon and partridge CoVs were different, as chicken CoV S1-specific sialylglycopolymers could not block their binding to tissues. Taken together, TMAs provide a novel platform in the field of infectious diseases to allow identification of binding specificities of viral attachment proteins and are helpful to gain insight into the susceptibility of host and organ for avian pathogens.",
   "publish_time": "2015 Jun 2",
   "authors": [
      "['Ambepitiya Wickramasinghe, Iresha N.', 'de Vries, Robert P.', 'Eggert, Amber M.', 'Wandee, Nantaporn', 'de Haan, Cornelis A. M.', 'Gr\u00f6ne, Andrea', 'Verheije, Monique H.']"
   ],
   "journal": "PLoS One",
   "has_full_text": "True",
   "id": "252e6f853b7025fa235432baf9869ae4f51a020d",
   "fhir_link": "Commercial/Composition/252e6f853b7025fa235432baf9869ae4f51a020d.json"
}