{
   "sha": "1679d2d946adeb59a2ce943f067d4bde57f5577d",
   "source_x": "PMC",
   "title": "Lack of cross-protection against Mycoplasma haemofelis infection and signs of enhancement in \u201cCandidatus Mycoplasma turicensis\u201d-recovered cats",
   "doi": "http://dx.doi.org/10.1186/s13567-015-0240-x",
   "pmcid": "PMC4581119",
   "pubmed_id": "26403079",
   "license": "CC BY",
   "abstract": "\u201cMycoplasma haemofelis\u201d and \u201cCandidatus Mycoplasma turicensis\u201d are feline hemoplasmas that induce hemolytic anemia. Protection from homologous re-challenge was recently demonstrated in cats recovered from primary infection. Here, we determined if cats recovered from \u201cCand. M. turicensis\u201d infection were protected against infections with the more pathogenic M. haemofelis. Ten specified pathogen-free cats were exposed to M. haemofelis. Five of the ten cats had recovered from \u201cCand. M. turicensis\u201d bacteremia (group A), and five cats were na\u00efve controls (group B). No cross-protection was observed. By contrast, the \u201cCand. M. turicensis\u201d-recovered cats displayed faster M. haemofelis infection onset (earlier PCR-positive and anemic) than the controls. No \u201cCand. M. turicensis\u201d was detected in any cat. M. haemofelis shedding was observed in saliva, feces and urine. In both groups, evidence of a Th1 response was observed (high IFN-\u03b3, low IL-4), but IL-10 levels were also high. In group A, total, CD4+ and CD8+ T cells increased within days after M. haemofelis exposure. At times of maximal bacteremia, macrocytic hypochromic anemia, neutropenia, monocytosis and a decrease in leukocyte, eosinophil, and lymphocyte counts and subsets thereof (B- and T-cells, CD4+, CD8+ and CD4+CD25+ cells) were particularly significant in group A. Moreover, an increase in protein concentrations, hypoalbuminemia and a polyclonal hypergammaglobulinemia were observed. Five of ten M. haemofelis-infected cats subsequently cleared bacteremia without antibiotic treatment. In conclusion, the study suggests that a previous hemoplasma infection, even when the cat has ostensibly recovered, may influence subsequent infections, lead to an enhancement phenomenon and other differences in infection kinetics. ELECTRONIC SUPPLEMENTARY MATERIAL: The online version of this article (doi:10.1186/s13567-015-0240-x) contains supplementary material, which is available to authorized users.",
   "publish_time": "2015 Sep 24",
   "authors": [
      "['Baumann, Julia', 'Novacco, Marilisa', 'Willi, Barbara', 'Riond, Barbara', 'Meli, Marina L', 'Boretti, Felicitas S', 'Hofmann-Lehmann, Regina']"
   ],
   "journal": "Vet Res",
   "has_full_text": "True",
   "id": "1679d2d946adeb59a2ce943f067d4bde57f5577d",
   "fhir_link": "Commercial/Composition/1679d2d946adeb59a2ce943f067d4bde57f5577d"
}