{
   "sha": "0a4f30f5fd02ad89dc9ba18964325c6738807465",
   "source_x": "PMC",
   "title": "Middle East Respiratory Syndrome and Medical Students: Letter from China",
   "doi": "http://dx.doi.org/10.3390/ijerph121013289",
   "pmcid": "PMC4627031",
   "pubmed_id": "26512679",
   "license": "CC BY",
   "abstract": "Objectives: The present study aimed to investigate the knowledge of Middle East Respiratory Syndrome (MERS) among Chinese medical students. Methods: A structured questionnaire on MERS was conducted among 214 medical students in China. Results: The average correction of the single question varied from 36.0% to 89.7%. There is a significant difference on MERS knowledge among different majors of medical students (p < 0.05). Management students scored significantly higher than students of other majors (p < 0.05). Conclusion: Chinese medical students had good knowledge of MERS. The MERS knowledge score varied among students of different majors. Education on disease control should be included in the school curriculum.",
   "publish_time": "2015 Oct 23",
   "authors": [
      "['Liu, Mengxue', 'Jiang, Chengsheng', 'Donovan, Connor', 'Wen, Yufeng', 'Wenjie, Sun']"
   ],
   "journal": "Int J Environ Res Public Health",
   "has_full_text": "True",
   "id": "0a4f30f5fd02ad89dc9ba18964325c6738807465",
   "fhir_link": "Commercial/Composition/0a4f30f5fd02ad89dc9ba18964325c6738807465"
}