{
   "sha": "5ef9c9da419189f4a85f60ee15767e128ac3b8f7",
   "source_x": "Elsevier",
   "title": "Lactogenic Immunity to Transmissible Gastroenteritis (TGE) of swine induced by the attenuated nouzilly strain of TGE virus: Passive protection of piglets and detection of serum and milk antibody classes by ELISA",
   "doi": "10.1016/0165-2427(90)90076-5",
   "pubmed_id": "2156374",
   "license": "els-covid",
   "abstract": "Abstract Piglets of eight sows vaccinated by different routes with the attenuated TGE mutant coronavirus, Nouzilly (N) strain, and piglets from two field seropositive sows were challenged with a virulent TGE strain. On the day of challenge and 10 days after challenge, milk and serum samples from sows were analysed for their level of neutralizing antibodies, total immunoglobulin classes and TGE antibody classes by an ELISA. No direct relationship was seen between the level of protection of the litters and the titres of the different antibody classes on the day of challenge. However, an inverse correlation was seen 10 days after challenge between protection and the level of TGE antibodies.",
   "publish_time": "1990-01-31",
   "authors": [
      "Bernard, Serge",
      "Shirai, June",
      "Lantier, Isabelle",
      "Bottreau, Elisabeth",
      "Aynaud, Jean Marie"
   ],
   "journal": "Veterinary Immunology and Immunopathology",
   "has_full_text": "True",
   "full_text_file": "custom_license",
   "id": "https://doi.org/10.1016/0165-2427(90)90076-5",
   "fhir_link": [
      "PMC/Composition/5ef9c9da419189f4a85f60ee15767e128ac3b8f7"
   ]
}