{
   "sha": "0ef13a3b7b9def8cb24c319c24e368ace22ccb0c",
   "source_x": "PMC",
   "title": "CD11c(hi) Dendritic Cells Regulate Ly-6C(hi) Monocyte Differentiation to Preserve Immune-privileged CNS in Lethal Neuroinflammation",
   "doi": "http://dx.doi.org/10.1038/srep17548",
   "pmcid": "PMC4667186",
   "pubmed_id": "26626303",
   "license": "CC BY",
   "abstract": "Although the roles of dendritic cells (DCs) in adaptive defense have been defined well, the contribution of DCs to T cell-independent innate defense and subsequent neuroimmunopathology in immune-privileged CNS upon infection with neurotropic viruses has not been completely defined. Notably, DC roles in regulating innate CD11b(+)Ly-6C(hi) monocyte functions during neuroinflammation have not yet been addressed. Using selective ablation of CD11c(hi)PDCA-1(int/lo) DCs without alteration in CD11c(int)PDCA-1(hi) plasmacytoid DC number, we found that CD11c(hi) DCs are essential to control neuroinflammation caused by infection with neurotropic Japanese encephalitis virus, through early and increased infiltration of CD11b(+)Ly-6C(hi) monocytes and higher expression of CC chemokines. More interestingly, selective CD11c(hi) DC ablation provided altered differentiation and function of infiltrated CD11b(+)Ly-6C(hi) monocytes in the CNS through Flt3-L and GM-CSF, which was closely associated with severely enhanced neuroinflammation. Furthermore, CD11b(+)Ly-6C(hi) monocytes generated in CD11c(hi) DC-ablated environment had a deleterious rather than protective role during neuroinflammation, and were more quickly recruited into inflamed CNS, depending on CCR2, thereby exacerbating neuroinflammation via enhanced supply of virus from the periphery. Therefore, our data demonstrate that CD11c(hi) DCs provide a critical and unexpected role to preserve the immune-privileged CNS in lethal neuroinflammation via regulating the differentiation, function, and trafficking of CD11b(+)Ly-6C(hi) monocytes.",
   "publish_time": "2015 Dec 2",
   "authors": [
      "['Kim, Jin Hyoung', 'Choi, Jin Young', 'Kim, Seong Bum', 'Uyangaa, Erdenebelig', 'Patil, Ajit Mahadev', 'Han, Young Woo', 'Park, Sang-Youel', 'Lee, John Hwa', 'Kim, Koanhoi', 'Eo, Seong Kug']"
   ],
   "journal": "Sci Rep",
   "has_full_text": "False",
   "id": "0ef13a3b7b9def8cb24c319c24e368ace22ccb0c"
}