{
   "sha": "611f30fdfb213deb3b27547096a3e01b0ac7e518",
   "source_x": "Elsevier",
   "title": "Feline gut microbiota composition in association with feline coronavirus infection: A pilot study",
   "doi": "10.1016/j.rvsc.2019.07.003",
   "pubmed_id": "31326703",
   "license": "els-covid",
   "abstract": "Abstract Feline coronaviruses (FCoV) colonize the intestinal tract, however, due to not fully understood mutations, they can spread systemically and cause feline infectious peritonitis (FIP). Recent studies on human medicine report that gut microbiota is involved in the development of systemic disorders and could influence the immune response to viral diseases. The aim of this study was to provide preliminary data on the fecal microbiota composition in healthy cats compared to FCoV-infected cats, with and without FIP. Cats were equally grouped as healthy FCoV-negative, healthy FCoV-positive or FIP affected (total n = 15). Fecal sample were evaluated for the microbiota composition. A total of 3,231,916 sequences were analyzed. The samples' alpha-diversity curves did not reach a proper plateau and, for the beta-diversity, the samples seemed not to group perfectly by category, even if the healthy FCoV-positive group showed a hybrid microbial composition between FCoV-negative and FIP groups. Although there were no taxa significantly linked to the different conditions, some peculiar patterns were recognized: Firmicutes was always the most represented phylum, followed by Bacteroidetes and Actinobacteria. In FCoV-positive cats, the Firmicutes and Bacteroidetes were respectively over- and under-represented, compared to the other groups. Among FIP cats, three subjects shared a similar microbiome, one cat showed a different microbial profile and the other one had the lowest number of diverse phyla. Despite the limited number of animals, some differences in the fecal microbiome between the groups were observed, suggesting to further investigate the possible correlation between gut microbiota and FCoV infection in cats.",
   "publish_time": "2019-08-31",
   "authors": [
      "Meazzi, Sara",
      "Stranieri, Angelica",
      "Lauzi, Stefania",
      "Bonsembiante, Federico",
      "Ferro, Silvia",
      "Paltrinieri, Saverio",
      "Giordano, Alessia"
   ],
   "journal": "Research in Veterinary Science",
   "has_full_text": "True",
   "full_text_file": "custom_license",
   "id": "https://doi.org/10.1016/j.rvsc.2019.07.003",
   "fhir_link": [
      "PMC/Composition/611f30fdfb213deb3b27547096a3e01b0ac7e518"
   ]
}