{
   "sha": "39855ca915f908855de8577baf009e5b1acf5f5c",
   "source_x": "PMC",
   "title": "Angiotensin-converting enzyme 2 inhibits lung injury induced by respiratory syncytial virus",
   "doi": "http://dx.doi.org/10.1038/srep19840",
   "pmcid": "PMC4728398",
   "pubmed_id": "26813885",
   "license": "CC BY",
   "abstract": "Respiratory syncytial virus (RSV) infection is a major cause of severe lower respiratory illness in infants and young children, but the underlying mechanisms responsible for viral pathogenesis have not been fully elucidated. To date, no drugs or vaccines have been employed to improve clinical outcomes for RSV-infected patients. In this paper, we report that angiotensin-converting enzyme-2 (ACE2) protected against severe lung injury induced by RSV infection in an experimental mouse model and in pediatric patients. Moreover, ACE2 deficiency aggravated RSV-associated disease pathogenesis, mainly by its action on the angiotensin II type 1 receptor (AT1R). Furthermore, administration of a recombinant ACE2 protein alleviated the severity of RSV-induced lung injury. These findings demonstrate that ACE2 plays a critical role in preventing RSV-induced lung injury, and suggest that ACE2 is a promising potential therapeutic target in the management of RSV-induced lung disease.",
   "publish_time": "2016 Jan 27",
   "authors": [
      "['Gu, Hongjing', 'Xie, Zhengde', 'Li, Tieling', 'Zhang, Shaogeng', 'Lai, Chengcai', 'Zhu, Ping', 'Wang, Keyu', 'Han, Lina', 'Duan, Yueqiang', 'Zhao, Zhongpeng', 'Yang, Xiaolan', 'Xing, Li', 'Zhang, Peirui', 'Wang, Zhouhai', 'Li, Ruisheng', 'Yu, Jane J.', 'Wang, Xiliang', 'Yang, Penghui']"
   ],
   "journal": "Sci Rep",
   "has_full_text": "True",
   "id": "39855ca915f908855de8577baf009e5b1acf5f5c",
   "fhir_link": "Commercial/Composition/39855ca915f908855de8577baf009e5b1acf5f5c.json"
}