{
   "sha": "89e162115392f120533361ea7ed71657dfb6e05e",
   "source_x": "Elsevier",
   "title": "Porcine arterivirus activates the NF-\u03baB pathway through I\u03baB degradation",
   "doi": "10.1016/j.virol.2005.07.034",
   "license": "els-covid",
   "abstract": "Abstract Nuclear factor-kappaB (NF-\u03baB) is a critical regulator of innate and adaptive immune function as well as cell proliferation and survival. The present study demonstrated for the first time that a virus belonging to the Arteriviridae family activates NF-\u03baB in MARC-145 cells and alveolar macrophages. In porcine reproductive and respiratory syndrome virus (PRRSV)-infected cells, NF-\u03baB activation was characterized by translocation of NF-\u03baB from the cytoplasm to the nucleus, increased DNA binding activity, and NF-\u03baB-regulated gene expression. NF-\u03baB activation was increased as PRRSV infection progressed and in a viral dose-dependent manner. UV-inactivation of PRRSV significantly reduced the level of NF-\u03baB activation. Degradation of I\u03baB protein was detected late in PRRSV infection, and overexpression of the dominant negative form of I\u03baB\u03b1 (I\u03baB\u03b1DN) significantly suppressed NF-\u03baB activation induced by PRRSV. However, I\u03baB\u03b1DN did not affect viral replication and viral cytopathic effect. PRRSV infection induced oxidative stress in cells by generating reactive oxygen species (ROS), and antioxidants inhibited NF-\u03baB DNA binding activity in PRRSV-infected cells, suggesting ROS as a mechanism by which NF-\u03baB was activated by PRRSV infection. Moreover, NF-\u03baB-dependent expression of matrix metalloproteinase (MMP)-2 and MMP-9 was observed in PRRSV-infected cells, an observation which implies that NF-\u03baB activation is a biologically significant aspect of PRRSV pathogenesis. The results presented here provide a basis for understanding molecular pathways of pathology and immune evasion associated with disease caused by PRRSV.",
   "publish_time": "2005-11-10",
   "authors": [
      "Lee, Sang-Myeong",
      "Kleiboeker, Steven B."
   ],
   "journal": "Virology",
   "has_full_text": "True",
   "full_text_file": "custom_license",
   "id": "https://doi.org/10.1016/j.virol.2005.07.034",
   "fhir_link": [
      "PMC/Composition/89e162115392f120533361ea7ed71657dfb6e05e"
   ]
}