{
   "sha": "8c0c1a1e7aa296872584b6fd2577aa44b3465695",
   "source_x": "Elsevier",
   "title": "Genetic variation in parameters reflecting immune competence of swine",
   "doi": "10.1016/0165-2427(94)90011-6",
   "license": "els-covid",
   "abstract": "Abstract Genetic variation in total and differential white blood cell (WBC) counts, phagocytic capacity of polymorphonuclear leukocytes (PMNL), virus induced interferon-\u03b1 (IFN-\u03b1) production, mitogen induced proliferation and interleukin 2 (IL-2) production of mononuclear cells (MNC) in vitro was studied in blood collected from 124 Yorkshire piglets, aged 8 weeks. The piglets were the offspring from 12 sires and 31 dams. Data from an earlier experiment, including 96 piglets of seven sires and 24 dams, were added when estimating heritabilities for Con A induced proliferation and IL-2 production. The highest heritability (h 2=0.87\u00b10.41) was estimated for the total number of PMNL. Medium high heritabilities (h 2=0.3\u22120.4) were estimated for the phagocytic capacity of PMNL, Con A induced proliferation and IL-2 production and the total number of WBC, while the heritability estimates were lower (h 2=0.00\u22120.08\u00b10.12) for the total number of lymphocytes, serum concentrations of Ig and IFN-\u03b1 production. Pronounced differences between litters from various dams were found for total number of lymphocytes, IFN-\u03b1 production, Con A induced proliferation and IL-2 production. The Con A induced proliferation was positively correlated (r=0.48, P<0.001) with the IL-2 production and both these parameters were correlated (r=0.44 and 0.37, respectively, P<0.001) to the virus induced IFN-\u03b1 production. Despite these positive correlations, no parental offspring group was uniformly superior across all traits measured. However, the heritabilities estimated for the immune parameters are sufficiently high to be used as genetic markers in selection for general immune competence of swine.",
   "publish_time": "1994-01-31",
   "authors": [
      "Edfors-Lilja, Inger",
      "Wattrang, Eva",
      "Magnusson, U.",
      "Fossum, Caroline"
   ],
   "journal": "Veterinary Immunology and Immunopathology",
   "has_full_text": "True",
   "full_text_file": "custom_license",
   "id": "https://doi.org/10.1016/0165-2427(94)90011-6",
   "fhir_link": [
      "PMC/Composition/8c0c1a1e7aa296872584b6fd2577aa44b3465695"
   ]
}