{
   "sha": "b38901ead62c88fd24f7d28ca738711e13fb79ad",
   "source_x": "PMC",
   "title": "Mathematical modeling of the West Africa Ebola epidemic",
   "doi": "http://dx.doi.org/10.7554/eLife.09186",
   "pmcid": "PMC4769159",
   "pubmed_id": "26646185",
   "license": "CC BY",
   "abstract": "As of November 2015, the Ebola virus disease (EVD) epidemic that began in West Africa in late 2013 is waning. The human toll includes more than 28,000 EVD cases and 11,000 deaths in Guinea, Liberia, and Sierra Leone, the most heavily-affected countries. We reviewed 66 mathematical modeling studies of the EVD epidemic published in the peer-reviewed literature to assess the key uncertainties models addressed, data used for modeling, public sharing of data and results, and model performance. Based on the review, we suggest steps to improve the use of modeling in future public health emergencies. DOI: http://dx.doi.org/10.7554/eLife.09186.001",
   "authors": [
      "['Chretien, Jean-Paul', 'Riley, Steven', 'George, Dylan B']"
   ],
   "journal": "eLife.; 4:e09186",
   "has_full_text": "True",
   "id": "b38901ead62c88fd24f7d28ca738711e13fb79ad",
   "fhir_link": "Commercial/Composition/b38901ead62c88fd24f7d28ca738711e13fb79ad"
}