{
   "sha": "16673eca9ff4c1f57f53126415ad2f89b8cab557",
   "source_x": "PMC",
   "title": "Human temperatures for syndromic surveillance in the emergency department: data from the autumn wave of the 2009 swine flu (H1N1) pandemic and a seasonal influenza outbreak",
   "doi": "http://dx.doi.org/10.1186/s12873-016-0080-7",
   "pmcid": "PMC4784270",
   "pubmed_id": "26961277",
   "license": "CC BY",
   "abstract": "BACKGROUND: The emergency department (ED) increasingly acts as a gateway to the evaluation and treatment of acute illnesses. Consequently, it has also become a key testing ground for systems that monitor and identify outbreaks of disease. Here, we describe a new technology that automatically collects body temperatures during triage. The technology was tested in an ED as an approach to monitoring diseases that cause fever, such as seasonal flu and some pandemics. METHODS: Temporal artery thermometers that log temperature measurements were placed in a Boston ED and used for initial triage vital signs. Time-stamped measurements were collected from the thermometers to investigate the performance a real-time system would offer. The data were summarized in terms of rates of fever (temperatures \u2265100.4\u00a0\u00b0F [\u226538.0\u00a0\u00b0C]) and were qualitatively compared with regional disease surveillance programs in Massachusetts. RESULTS: From September 2009 through August 2011, 71,865 body temperatures were collected and included in our analysis, 2073 (2.6\u00a0%) of which were fevers. The period of study included the autumn\u2013winter wave of the 2009\u20132010 H1N1 (swine flu) pandemic, during which the weekly incidence of fever reached a maximum of 5.6\u00a0%, as well as the 2010\u20132011 seasonal flu outbreak, during which the maximum weekly incidence of fever was 6.6\u00a0%. The periods of peak fever rates corresponded with the periods of regionally elevated flu activity. CONCLUSIONS: Temperature measurements were monitored at triage in the ED over a period of 2\u00a0years. The resulting data showed promise as a potential surveillance tool for febrile disease that could complement current disease surveillance systems. Because temperature can easily be measured by non-experts, it might also be suitable for monitoring febrile disease activity in schools, workplaces, and transportation hubs, where many traditional syndromic indicators are impractical. However, the system\u2019s validity and generalizability should be evaluated in additional years and settings. ELECTRONIC SUPPLEMENTARY MATERIAL: The online version of this article (doi:10.1186/s12873-016-0080-7) contains supplementary material, which is available to authorized users.",
   "publish_time": "2016 Mar 9",
   "authors": [
      "['Bordonaro, Samantha F.', 'McGillicuddy, Daniel C.', 'Pompei, Francesco', 'Burmistrov, Dmitriy', 'Harding, Charles', 'Sanchez, Leon D.']"
   ],
   "journal": "BMC Emerg Med",
   "has_full_text": "True",
   "id": "16673eca9ff4c1f57f53126415ad2f89b8cab557",
   "fhir_link": "Commercial/Composition/16673eca9ff4c1f57f53126415ad2f89b8cab557"
}