{
   "sha": "5325a157d686642bd4f84007017384365c18fc4d",
   "source_x": "Elsevier",
   "title": "The elusive function of the hepatitis C virus p7 protein",
   "doi": "10.1016/j.virol.2014.04.018",
   "pubmed_id": "25001174",
   "license": "els-covid",
   "abstract": "Abstract Hepatitis C virus (HCV) is a major global health burden with 2\u20133% of the world\u05f3s population being chronically infected. Persistent infection can lead to cirrhosis and hepatocellular carcinoma. Recently available treatment options show enhanced efficacy of virus clearance, but are associated with resistance and significant side effects. This warrants further research into the basic understanding of viral proteins and their pathophysiology. The p7 protein of HCV is an integral membrane protein that forms an ion-channel. The role of p7 in the HCV life cycle is presently uncertain, but most of the research performed to date highlights its role in the virus assembly process. The aim of this review is to provide an overview of the literature investigating p7, its structural and functional details, and to summarize the developments to date regarding potential anti-p7 compounds. A better understanding of this protein may lead to development of a new and effective therapy.",
   "publish_time": "2014-08-31",
   "authors": [
      "Atoom, Ali M.",
      "Taylor, Nathan G.A.",
      "Russell, Rodney S."
   ],
   "journal": "Virology",
   "has_full_text": "True",
   "full_text_file": "custom_license",
   "id": "https://doi.org/10.1016/j.virol.2014.04.018",
   "fhir_link": [
      "PMC/Composition/5325a157d686642bd4f84007017384365c18fc4d"
   ]
}