{
   "sha": "e9dfffbed92e23efc7241bae7623b4584f50b69e",
   "source_x": "PMC",
   "title": "Global Strategies for the Prevention and Control of Infectious Diseases and Non-Communicable Diseases",
   "doi": "http://dx.doi.org/10.2188/jea.JE20160010",
   "pmcid": "PMC4808683",
   "pubmed_id": "26947953",
   "license": "CC BY",
   "abstract": "This article on global health reviews the environment surrounding health strategies and plans, as well as lessons learned from the first 15 years of the 21st century, followed by a discussion on the quest for a new paradigm for disease control efforts and challenges and opportunities for Japan.",
   "publish_time": "2016 Apr 5",
   "authors": [
      "Nakatani, Hiroki"
   ],
   "journal": "J Epidemiol",
   "has_full_text": "True",
   "id": "e9dfffbed92e23efc7241bae7623b4584f50b69e",
   "fhir_link": "Commercial/Composition/e9dfffbed92e23efc7241bae7623b4584f50b69e.json"
}