{
   "sha": "ed607974f6c3ea829cd36bd23d376880dcb26d2d",
   "source_x": "Elsevier",
   "title": "Identification of a Specific Interaction between the Coronavirus Mouse Hepatitis Virus A59 Nucleocapsid Protein and Packaging Signal",
   "doi": "10.1006/viro.1997.8867",
   "pubmed_id": "9426448",
   "license": "els-covid",
   "abstract": "Abstract The coronavirus mouse hepatitis virus (MHV) is an enveloped positive stranded RNA virus. In infected cells MHV produces a 3\u2032 coterminal nested set of subgenomic messenger RNAs. Only the genomic RNA, however, is encapsidated by the nucleocapsid protein and incorporated in infectious MHV virions. It is believed that an RNA packaging signal (Ps), present only in the genomic RNA, is responsible for this selectivity. Earlier studies mapped this signal to a 69-nt stem\u2013loop structure positioned in the 3\u2032 end of ORF1b. The selective encapsidation mechanism probably initiates by specific interaction of the packaging signal with the nucleocapsid protein. In this study we demonstrate thein vitrointeraction of the MHV-A59 nucleocapsid protein with the packaging signal of MHV using gel retardation and UV cross-linking assays. This interaction was observed not only with the nucleocapsid protein from infected cells but also with that from purified virions and from cells expressing a recombinant nucleocapsid protein. The specificity of the interaction was demonstrated by competition experiments with nonlabeled Ps containing RNAs, tRNA, and total cytoplasmic RNA. The results indicated that no virus specific modification of the N-protein or the presence of other viral proteins are required for thisin vitrointeraction. The assays described in this report provide us with a powerful tool for studying encapsidation (initiation) in more detail.",
   "publish_time": "1997-12-08",
   "authors": [
      "Molenkamp, Richard",
      "Spaan, Willy J.M."
   ],
   "journal": "Virology",
   "has_full_text": "True",
   "full_text_file": "custom_license",
   "id": "https://doi.org/10.1006/viro.1997.8867",
   "fhir_link": [
      "PMC/Composition/ed607974f6c3ea829cd36bd23d376880dcb26d2d"
   ]
}