{
   "sha": "023858d3191988a37587ab951db561a3db3ae2cd",
   "source_x": "PMC",
   "title": "Evaluation of custom multiplex real - time RT - PCR in comparison to fast - track diagnostics respiratory 21 pathogens kit for detection of multiple respiratory viruses",
   "doi": "http://dx.doi.org/10.1186/s12985-016-0549-8",
   "pmcid": "PMC4896093",
   "pubmed_id": "27267595",
   "license": "CC BY",
   "abstract": "BACKGROUND: Severe acute respiratory infections in children can be fatal, rapid identification of the causative agent and timely treatment can be life saving. Multiplex real time RT-PCR helps in simultaneous detection of multiple viruses saving cost, time and labour. Commercially available multiplex real time RT-PCR kits are very expensive. Therefore the aim of the present study was to develop a cost effective multiplex real time RT-PCR for the detection of 18 respiratory viruses and compare it with an in-vitro diagnostics approved Fast Track Diagnostic Respiratory Pathogens 21 Kit (FTD). METHODS: Nasopharyngeal aspirates and throat swabs were collected and processed for extraction of nucleic acid using an automated extraction system and multiplex real time RT-PCR was performed using the FTD kit and a custom assay on 356 samples. RESULTS: Custom and FTD assays detected one or more respiratory viruses in 268 (75.29\u00a0%) and 262 (73.60\u00a0%) samples respectively. The concordance between the custom assay and the FTD assay was 100\u00a0% for HCoV OC43, HCoV 229E, HPIV-1, HPIV-2, HBoV, HPeV, Flu A, and Influenza A(H1N1)pdm09 and 94.66 \u2013 99.71\u00a0% for the remaining viruses; Flu B (99.71\u00a0%), HRV (99.71\u00a0%), HPIV-3 (98.87\u00a0%), HPIV-4 (99.43\u00a0%), HCoV NL63 (99.71\u00a0%), HMPV A/B (99.71\u00a0%), RSV A/B (94.66\u00a0%), EV (98.31\u00a0%), HCoV HKU1 (99.71\u00a0%), HAdV (99.71\u00a0%). Major discrepancy was observed for RSV A/B, which was over detected in 18 samples by the custom assay as compared to the FTD assay. The custom assay was much cheaper than the FTD assay and the time taken was only 29\u00a0min more. CONCLUSION: The custom primer and probe mix was found to be comparable to the FTD assay with good concordance but was much cheaper and the time taken for reporting was only 29\u00a0min more. The low cost custom multiplex RT-PCR can be a useful alternative to the costly FTD kit for rapid identification of viral aetiology in resource limited settings.",
   "publish_time": "2016 Jun 6",
   "authors": [
      "['Malhotra, Bharti', 'Swamy, M. Anjaneya', 'Reddy, P. V. Janardhan', 'Kumar, Neeraj', 'Tiwari, Jitendra Kumar']"
   ],
   "journal": "Virol J",
   "has_full_text": "True",
   "id": "023858d3191988a37587ab951db561a3db3ae2cd",
   "fhir_link": "Commercial/Composition/023858d3191988a37587ab951db561a3db3ae2cd"
}