{
   "sha": "c8d2fa6e178d17b218df59b33cfcb5839af7dc7f",
   "source_x": "PMC",
   "title": "No involvement of alveolar macrophages in the initiation of carbon nanoparticle induced acute lung inflammation in mice",
   "doi": "http://dx.doi.org/10.1186/s12989-016-0144-6",
   "pmcid": "PMC4915176",
   "pubmed_id": "27328634",
   "license": "CC BY",
   "abstract": "BACKGROUND: Carbonaceous nanoparticles (CNP) represent a major constituent of urban particulate air pollution, and inhalation of high CNP levels has been described to trigger a pro-inflammatory response of the lung. While several studies identified specific particle characteristics driving respiratory toxicity of low-solubility and low-toxicity particles such as CNP, the major lung cell type, which initiates and drives that response, remains still uncertain. Since alveolar macrophages (AM) are known to effectively phagocytose inhaled particles and play a crucial role for the initiation of pulmonary inflammation caused by invading microbes, we aimed to determine their role for sterile stimuli such as CNP by profiling the primary alveolar cell compartments of the lung. We exposed C57BL/6 mice to 20\u00a0\u03bcg CNP by intratracheal instillation and comprehensively investigated the expression of the underlying mediators during a time span of 3 to 72\u00a0h in three different lung cell populations: CD45- (negative) structural cells, CD45+ (positive) leukocytes, and by BAL recovered cells. RESULTS: Bronchoalveolar lavage (BAL) analysis revealed an acute inflammatory response characterized by the most prominent culmination of neutrophil granulocytes from 12 to 24\u00a0h after instillation, which declined to basal levels by day 7. As early as 3\u00a0h after CNP exposure 50\u00a0% of the AM revealed particle laden. BAL concentrations and lung gene expression profiles of TNF\u03b1, and the neutrophil chemoattractants CXCL1,-2 and-5 preceded the neutrophil recruitment and showed highest levels after 12\u00a0h of CNP exposure, pointing to a significant activation of the inflammation-evoking lung cells at this point of time. AM, isolated from lungs 3 to 12\u00a0h after CNP instillation, however, did not show a pro-inflammatory signature. On the contrary, gene expression analysis of different lung cell populations isolated 12\u00a0h after CNP instillation revealed CD45-, mainly representing alveolar epithelial type II (ATII) cells as major producer of inflammatory CXCL cytokines. Particularly by CD45- cells expressed Cxcl5 proved to be the most abundant chemokine, being 12\u00a0h after CNP exposure 24 (\u00b111) fold induced. CONCLUSION: Our data suggests that AM are noninvolved in the initiation of the inflammatory response. ATII cells, which induced highest CXCL levels early on, might in contrast be the driver of acute neutrophilic inflammation upon pulmonary CNP exposure. ELECTRONIC SUPPLEMENTARY MATERIAL: The online version of this article (doi:10.1186/s12989-016-0144-6) contains supplementary material, which is available to authorized users.",
   "publish_time": "2016 Jun 21",
   "authors": [
      "['Chen, Shanze', 'Yin, Renfu', 'Mutze, Kathrin', 'Yu, Youjia', 'Takenaka, Shinji', 'K\u00f6nigshoff, Melanie', 'Stoeger, Tobias']"
   ],
   "journal": "Part Fibre Toxicol",
   "has_full_text": "True",
   "id": "c8d2fa6e178d17b218df59b33cfcb5839af7dc7f",
   "fhir_link": "Commercial/Composition/c8d2fa6e178d17b218df59b33cfcb5839af7dc7f.json"
}