{
   "sha": "31c0ee2b6dff1699d251316667c0b56c7b8f09a3",
   "source_x": "PMC",
   "title": "Host protective ASP-based vaccine against the parasitic nematode Ostertagia ostertagi triggers NK cell activation and mixed IgG1-IgG2 response",
   "doi": "http://dx.doi.org/10.1038/srep29496",
   "pmcid": "PMC4941725",
   "pubmed_id": "27403891",
   "license": "CC BY",
   "abstract": "The mucus-dwelling parasite Ostertagia ostertagi is one of the most important gastrointestinal nematodes in cattle. Our group has previously demonstrated the protective capacity of a vaccine against this parasite based on a native activation-associated secreted protein ASP1 (nASP) in combination with the saponin adjuvant QuilA. The aim of the current study was to analyse the effect of both antigen and adjuvant on the cellular and humoral vaccine-induced immune responses by comparing the native ASP to a recombinant version expressed in Pichia pastoris (pASP) and replacing QuilA by Al(OH)(3). Immunization of cattle with the protective nASP+QuilA vaccine was associated with antigen-induced proliferation of natural killer (NK) cells combined with IFN-\u03b3 secretion and the induction of a mixed IgG1/IgG2 antibody response. ASP-specific activation and proliferation of NK cells was also observed in mice following the same vaccination regime. Replacing QuilA by Al(OH)(3) or nASP by pASP significantly decreased the capacity of the vaccines to trigger both NK cell activation and antibody responses and failed to induce protection against a challenge infection. Reduction of the structurally anchoring disulphide bonds of the nASP completely abolished its ability to induce NK cell activation and antibody responses, highlighting the importance of protein conformation for the immunostimulatory activity.",
   "publish_time": "2016 Jul 11",
   "authors": [
      "['Gonz\u00e1lez-Hern\u00e1ndez, Ana', 'Van Coppernolle, Stefanie', 'Borloo, Jimmy', 'Van Meulder, Frederik', 'Paerewijck, Oonagh', 'Peelaers, Iris', 'Leclercq, Georges', 'Claerebout, Edwin', 'Geldhof, Peter']"
   ],
   "journal": "Sci Rep",
   "has_full_text": "True",
   "id": "31c0ee2b6dff1699d251316667c0b56c7b8f09a3",
   "fhir_link": "Commercial/Composition/31c0ee2b6dff1699d251316667c0b56c7b8f09a3.json"
}