{
   "sha": "07ac15697a17a271224c7477de061f4ca6fc62aa",
   "source_x": "PMC",
   "title": "Topological Small-World Organization of the Fibroblastic Reticular Cell Network Determines Lymph Node Functionality",
   "doi": "http://dx.doi.org/10.1371/journal.pbio.1002515",
   "pmcid": "PMC4945005",
   "pubmed_id": "27415420",
   "license": "CC BY",
   "abstract": "Fibroblastic reticular cells (FRCs) form the cellular scaffold of lymph nodes (LNs) and establish distinct microenvironmental niches to provide key molecules that drive innate and adaptive immune responses and control immune regulatory processes. Here, we have used a graph theory-based systems biology approach to determine topological properties and robustness of the LN FRC network in mice. We found that the FRC network exhibits an imprinted small-world topology that is fully regenerated within 4 wk after complete FRC ablation. Moreover, in silico perturbation analysis and in vivo validation revealed that LNs can tolerate a loss of approximately 50% of their FRCs without substantial impairment of immune cell recruitment, intranodal T cell migration, and dendritic cell-mediated activation of antiviral CD8(+) T cells. Overall, our study reveals the high topological robustness of the FRC network and the critical role of the network integrity for the activation of adaptive immune responses.",
   "publish_time": "2016 Jul 14",
   "authors": [
      "['Novkovic, Mario', 'Onder, Lucas', 'Cupovic, Jovana', 'Abe, Jun', 'Bomze, David', 'Cremasco, Viviana', 'Scandella, Elke', 'Stein, Jens V.', 'Bocharov, Gennady', 'Turley, Shannon J.', 'Ludewig, Burkhard']"
   ],
   "journal": "PLoS Biol",
   "has_full_text": "True",
   "id": "07ac15697a17a271224c7477de061f4ca6fc62aa",
   "fhir_link": "Commercial/Composition/07ac15697a17a271224c7477de061f4ca6fc62aa.json"
}