{
   "sha": "51c20b91e0d0c78de7817c9a39b9f2be8f45618d",
   "source_x": "Elsevier",
   "title": "Virus-specific and autoreactive T cell lines isolated from cerebrospinal fluid of a patient with chronic rubella panencephalitis",
   "doi": "10.1016/0165-5728(89)90065-9",
   "pubmed_id": "2470776",
   "license": "els-covid",
   "abstract": "Abstract Using a recently described technique for expanding of human T lymphocyte populations from cerebrospinal fluid (CSF), we investigated the local cellular immune response in a patient with chronic rubella panencephalitis. A total of 328 T cell lines (TCLs) was established by seeding CSF cells at limitin dilution into histoplates in the presence of irradiated feeder cells and phytohemagglutinin (PHA)-containing conditioned medium. 80% of TCLs expressed the CD4+ CD8\u2212, 5% the CD4\u2212 CD8+ phenotype and 15% of TCLs contained different proportions of CD4+ and CD8+ cells. Of 191 TCLs analyzed, 85 were cytotoxic, as shown by their lectin-dependent cytotoxicity against allogeneic uninfected target cells. Eight of them demonstrated specificity for the autologous, rubella virus-infected target cells. When testes for antigen-specific proliferative activity, 26 TCLs responded to rubella antigen, 16 TCLs reacted to myelin basic protein (MBP), four TCLs to proteolipid protein (PLP), four to galactocerebrosides and two to actin. Fourteen out of 16 MBP-specific TCLs also responded, to a minor degree, to rubella antigen and/or actin. The results showed that the persisting rubella infection had given rise to autoreactive T cells. Virus-induced autoreactivity to brain antigens may be an important pathogenic mechanism in other chronic inflammatory disorders of the CNS.",
   "publish_time": "1989-06-30",
   "authors": [
      "Martin, Roland",
      "Marquardt, Peter",
      "O'Shea, Siobhan",
      "Borkenstein, Martin",
      "Kreth, Hans W."
   ],
   "journal": "Journal of Neuroimmunology",
   "has_full_text": "True",
   "full_text_file": "custom_license",
   "id": "https://doi.org/10.1016/0165-5728(89)90065-9",
   "fhir_link": [
      "PMC/Composition/51c20b91e0d0c78de7817c9a39b9f2be8f45618d"
   ]
}