{
   "source_x": "CZI",
   "title": "Detectable 2019-nCoV viral RNA in blood is a strong indicator for the further clinical severity",
   "doi": "10.1080/22221751.2020.1732837",
   "pubmed_id": "32102625",
   "abstract": "The novel coronavirus (2019-nCoV) infection caused pneumonia. we retrospectively analyzed the virus presence in the pharyngeal swab, blood, and the anal swab detected by real-time PCR in the clinical lab. Unexpectedly, the 2109-nCoV RNA was readily detected in the blood (6 of 57 patients) and the anal swabs (11 of 28 patients). Importantly, all of the 6 patients with detectable viral RNA in the blood cohort progressed to severe symptom stage, indicating a strong correlation of serum viral RNA with the disease severity (p-value = 0.0001). Meanwhile, 8 of the 11 patients with annal swab virus-positive was in severe clinical stage. However, the concentration of viral RNA in the anal swab (Ct value = 24 + 39) was higher than in the blood (Ct value = 34 + 39) from patient 2, suggesting that the virus might replicate in the digestive tract. Altogether, our results confirmed the presence of virus RNA in extra-pulmonary sites.",
   "publish_time": "2020",
   "authors": [
      "Chen, W.",
      "Lan, Y.",
      "Yuan, X.",
      "Deng, X.",
      "Li, Y.",
      "Cai, X.",
      "Li, L.",
      "He, R.",
      "Tan, Y.",
      "Gao, M.",
      "Tang, G.",
      "Zhao, L.",
      "Wang, J.",
      "Fan, Q.",
      "Wen, C.",
      "Tong, Y.",
      "Tang, Y.",
      "Hu, F.",
      "Li, F.",
      "Tang, X."
   ],
   "journal": "Emerging microbes & infections",
   "Microsoft Academic Paper ID": "2487808280",
   "WHO #Covidence": "#2765",
   "id": "https://www.ncbi.nlm.nih.gov/pubmed/32102625"
}