{
   "sha": "94905c1dd5156e8390911f5fd65a93fe7f049518",
   "source_x": "Elsevier",
   "title": "Structure of the Respiratory Syncytial Virus Polymerase Complex",
   "doi": "10.1016/j.cell.2019.08.014",
   "pubmed_id": "31495574",
   "license": "els-covid",
   "abstract": "Summary Numerous interventions are in clinical development for respiratory syncytial virus (RSV) infection, including small molecules that target viral transcription and replication. These processes are catalyzed by a complex comprising the RNA-dependent RNA polymerase (L) and the tetrameric phosphoprotein (P). RSV P recruits multiple proteins to the polymerase complex and, with the exception of its oligomerization domain, is thought to be intrinsically disordered. Despite their critical roles in RSV transcription and replication, structures of L and P have remained elusive. Here, we describe the 3.2-\u00c5 cryo-EM structure of RSV L bound to tetrameric P. The structure reveals a striking tentacular arrangement of P, with each of the four monomers adopting a distinct conformation. The structure also rationalizes inhibitor escape mutants and mutations observed in live-attenuated vaccine candidates. These results provide a framework for determining the molecular underpinnings of RSV replication and transcription and should facilitate the design of effective RSV inhibitors.",
   "publish_time": "2019-09-19",
   "authors": [
      "Gilman, Morgan S.A.",
      "Liu, Cheng",
      "Fung, Amy",
      "Behera, Ishani",
      "Jordan, Paul",
      "Rigaux, Peter",
      "Ysebaert, Nina",
      "Tcherniuk, Sergey",
      "Sourimant, Julien",
      "El\u00e9ou\u00ebt, Jean-Fran\u00e7ois",
      "Sutto-Ortiz, Priscila",
      "Decroly, Etienne",
      "Roymans, Dirk",
      "Jin, Zhinan",
      "McLellan, Jason S."
   ],
   "journal": "Cell",
   "has_full_text": "True",
   "full_text_file": "custom_license",
   "id": "https://doi.org/10.1016/j.cell.2019.08.014",
   "fhir_link": [
      "PMC/Composition/94905c1dd5156e8390911f5fd65a93fe7f049518"
   ]
}