{
   "sha": "97828b05cc598211ed632a6d931a13575c7181a6",
   "source_x": "PMC",
   "title": "Experimental Piscine orthoreovirus infection mediates protection against pancreas disease in Atlantic salmon (Salmo salar)",
   "doi": "http://dx.doi.org/10.1186/s13567-016-0389-y",
   "pmcid": "PMC5075195",
   "pubmed_id": "27769313",
   "license": "CC BY",
   "abstract": "Viral diseases are among the main challenges in farming of Atlantic salmon (Salmo salar). The most prevalent viral diseases in Norwegian salmon aquaculture are heart and skeletal muscle inflammation (HSMI) caused by Piscine orthoreovirus (PRV), and pancreas disease (PD) caused by Salmonid alphavirus (SAV). Both PRV and SAV target heart and skeletal muscles, but SAV additionally targets exocrine pancreas. PRV and SAV are often present in the same locations and co-infections occur, but the effect of this crosstalk on disease development has not been investigated. In the present experiment, the effect of a primary PRV infection on subsequent SAV infection was studied. Atlantic salmon were infected with PRV by cohabitation, followed by addition of SAV shedder fish 4 or 10\u00a0weeks after the initial PRV infection. Histopathological evaluation, monitoring of viral RNA levels and host gene expression analysis were used to assess disease development. Significant reduction of SAV RNA levels and of PD specific histopathological changes were observed in the co-infected groups compared to fish infected by SAV only. A strong correlation was found between histopathological development and expression of disease related genes in heart. In conclusion, experimentally PRV infected salmon are less susceptible to secondary SAV infection and development of PD. ELECTRONIC SUPPLEMENTARY MATERIAL: The online version of this article (doi:10.1186/s13567-016-0389-y) contains supplementary material, which is available to authorized users.",
   "publish_time": "2016 Oct 21",
   "authors": [
      "['Lund, Morten', 'R\u00f8s\u00e6g, Magnus Vikan', 'Krasnov, Aleksei', 'Timmerhaus, Gerrit', 'Nyman, Ingvild Berg', 'Aspehaug, Vidar', 'Rimstad, Espen', 'Dahle, Maria Krudtaa']"
   ],
   "journal": "Vet Res",
   "has_full_text": "False",
   "id": "97828b05cc598211ed632a6d931a13575c7181a6"
}