{
   "sha": "36767ebe8e566a75a7fe9561206af5e722006b46",
   "source_x": "PMC",
   "title": "Inosine pranobex is safe and effective for the treatment of subjects with confirmed acute respiratory viral infections: analysis and subgroup analysis from a Phase 4, randomised, placebo-controlled, double-blind study",
   "doi": "http://dx.doi.org/10.1186/s12879-016-1965-5",
   "pmcid": "PMC5100179",
   "pubmed_id": "27821093",
   "license": "CC BY",
   "abstract": "BACKGROUND: Inosine pranobex (Isoprinosine\u00ae) is an immunomodulatory drug approved in several countries for the treatment of viral infections. This study compared the efficacy and safety of inosine pranobex versus placebo in subjects with clinically diagnosed influenza-like illness, including subjects with laboratory-confirmed acute respiratory viral infections. Subgroup analyses evaluated the efficacy of inosine pranobex compared to placebo in otherwise healthy (without related ongoing disease) subjects that were less than 50\u00a0years of age and healthy subjects that were at least 50\u00a0years of age. The effect of body mass index (BMI) was evaluated in subjects less than 50\u00a0years of age. METHODS: A total of 463 subjects were randomly assigned to receive inosine pranobex (n\u2009=\u2009231) or placebo (n\u2009=\u2009232) in this Phase 4, randomised, double-blind, multicentre study. The primary efficacy endpoint was time to resolution of all influenza-like symptoms present at baseline to none. Safety was evaluated through analysis of adverse events, vital signs, and physical examinations. RESULTS: The difference in time to resolution of all influenza-like symptoms between treatment groups was not statistically significant but showed a faster improvement in subjects in the inosine pranobex group versus those in the placebo group - Hazard Ratio\u2009=\u20091.175; (95\u00a0% CI: 0.806\u20131.714). P-value\u2009=\u20090.324. In the subgroup analysis for subjects less than 50\u00a0years of age, statistically significant differences in time to resolution of influenza-like symptoms that favoured the inosine pranobex group over the placebo group were observed in those without related ongoing disease and those who were non-obese (BMI <30\u00a0kg/m(2)). The differences between the inosine pranobex and placebo groups in subjects at least 50\u00a0years of age without related ongoing disease and in subjects less than 50\u00a0years of age who were obese (BMI \u226530\u00a0kg/m(2)) were not statistically significant. Inosine pranobex was generally well tolerated, and no deaths were reported. CONCLUSIONS: The study results indicate the safety of inosine pranobex for the treatment of subjects with confirmed acute respiratory viral infections and confirm the efficacy of inosine pranobex versus placebo in healthy non-obese subjects less than 50\u00a0years of age with clinically diagnosed influenza-like illnesses. TRIAL REGISTRATION: EWO-ISO-2014/1, EudraCT 2014-001863-11; Date of registration: 29 APR 2014; Detail information web link: https://www.clinicaltrialsregister.eu/ctr-search/trial/2014-001863-11/results ELECTRONIC SUPPLEMENTARY MATERIAL: The online version of this article (doi:10.1186/s12879-016-1965-5) contains supplementary material, which is available to authorized users.",
   "publish_time": "2016 Nov 7",
   "authors": [
      "['Beran, Ji\u0159\u00ed', '\u0160alapov\u00e1, Eva', '\u0160pajdel, Marian', None]"
   ],
   "journal": "BMC Infect Dis",
   "has_full_text": "True",
   "id": "36767ebe8e566a75a7fe9561206af5e722006b46",
   "fhir_link": "Commercial/36767ebe8e566a75a7fe9561206af5e722006b46"
}