{
   "sha": "15a5a243bb623a17ee4f0c18c4e3bea8c065ed11",
   "source_x": "PMC",
   "title": "Transmissible Gastroenteritis Virus Infection Enhances SGLT1 and GLUT2 Expression to Increase Glucose Uptake",
   "doi": "http://dx.doi.org/10.1371/journal.pone.0165585",
   "pmcid": "PMC5112927",
   "pubmed_id": "27851758",
   "license": "CC BY",
   "abstract": "Transmissible gastroenteritis virus (TGEV) is a coronavirus that causes villus atrophy, followed by crypt hyperplasia, reduces the activities of intestinal digestive enzymes, and disrupts the absorption of intestinal nutrients. In vivo, TGEV primarily targets and infects intestinal epithelial cells, which play an important role in glucose absorption via the apical and basolateral transporters Na(+)-dependent glucose transporter 1 (SGLT1) and facilitative glucose transporter 2 (GLUT2), respectively. In this study, we therefore sought to evaluate the effects of TGEV infection on glucose uptake and SGLT1 and GLUT2 expression. Our data demonstrate that infection with TGEV resulted in increased glucose uptake and augmented expression of EGFR, SGLT1 and GLUT2. Moreover, inhibition studies showed that EGFR modulated glucose uptake in control and TGEV infected cells. Finally, high glucose absorption was subsequently found to promote TGEV replication.",
   "publish_time": "2016 Nov 16",
   "authors": [
      "['Dai, Lei', 'Hu, Wei Wei', 'Xia, Lu', 'Xia, Mi', 'Yang, Qian']"
   ],
   "journal": "PLoS One",
   "has_full_text": "True",
   "id": "15a5a243bb623a17ee4f0c18c4e3bea8c065ed11",
   "fhir_link": "Commercial/Composition/15a5a243bb623a17ee4f0c18c4e3bea8c065ed11"
}