{
   "sha": "5ed4c39636b8135562dd71884201755c512798a3",
   "source_x": "Elsevier",
   "title": "Assessing the pandemic potential of MERS-CoV",
   "doi": "10.1016/S0140-6736(13)61504-4",
   "pubmed_id": "23831143",
   "license": "els-covid",
   "publish_time": "2013-08-30",
   "authors": [
      "Bauch, Chris T",
      "Oraby, Tamer"
   ],
   "journal": "The Lancet",
   "has_full_text": "True",
   "full_text_file": "custom_license",
   "id": "https://doi.org/10.1016/S0140-6736(13)61504-4",
   "fhir_link": [
      "PMC/Composition/5ed4c39636b8135562dd71884201755c512798a3"
   ]
}