{
   "sha": "5b3201cc14837e36fc747be7810d0b9c017e98c4",
   "source_x": "PMC",
   "title": "Evaluation of Methods for the Concentration and Extraction of Viruses from Sewage in the Context of Metagenomic Sequencing",
   "doi": "http://dx.doi.org/10.1371/journal.pone.0170199",
   "pmcid": "PMC5242460",
   "pubmed_id": "28099518",
   "license": "CC BY",
   "abstract": "Viral sewage metagenomics is a novel field of study used for surveillance, epidemiological studies, and evaluation of waste water treatment efficiency. In raw sewage human waste is mixed with household, industrial and drainage water, and virus particles are, therefore, only found in low concentrations. This necessitates a step of sample concentration to allow for sensitive virus detection. Additionally, viruses harbor a large diversity of both surface and genome structures, which makes universal viral genomic extraction difficult. Current studies have tackled these challenges in many different ways employing a wide range of viral concentration and extraction procedures. However, there is limited knowledge of the efficacy and inherent biases associated with these methods in respect to viral sewage metagenomics, hampering the development of this field. By the use of next generation sequencing this study aimed to evaluate the efficiency of four commonly applied viral concentrations techniques (precipitation with polyethylene glycol, organic flocculation with skim milk, monolithic adsorption filtration and glass wool filtration) and extraction methods (Nucleospin RNA XS, QIAamp Viral RNA Mini Kit, NucliSENS(\u00ae) miniMAG(\u00ae), or PowerViral(\u00ae) Environmental RNA/DNA Isolation Kit) to determine the viriome in a sewage sample. We found a significant influence of concentration and extraction protocols on the detected viriome. The viral richness was largest in samples extracted with QIAamp Viral RNA Mini Kit or PowerViral(\u00ae) Environmental RNA/DNA Isolation Kit. Highest viral specificity were found in samples concentrated by precipitation with polyethylene glycol or extracted with Nucleospin RNA XS. Detection of viral pathogens depended on the method used. These results contribute to the understanding of method associated biases, within the field of viral sewage metagenomics, making evaluation of the current literature easier and helping with the design of future studies.",
   "publish_time": "2017 Jan 18",
   "authors": [
      "['Hjelms\u00f8, Mathis Hjort', 'Hellm\u00e9r, Maria', 'Fernandez-Cassi, Xavier', 'Timoneda, Nat\u00e0lia', 'Lukjancenko, Oksana', 'Seidel, Michael', 'Els\u00e4sser, Dennis', 'Aarestrup, Frank M.', 'L\u00f6fstr\u00f6m, Charlotta', 'Bofill-Mas, S\u00edlvia', 'Abril, Josep F.', 'Girones, Rosina', 'Schultz, Anna Charlotte']"
   ],
   "journal": "PLoS One",
   "has_full_text": "False",
   "id": "5b3201cc14837e36fc747be7810d0b9c017e98c4"
}