{
   "sha": "27ac134e8e678f379d1550477ea87257c9c2ed2a",
   "source_x": "PMC",
   "title": "Metagenomic Sequencing for Surveillance of Food- and Waterborne Viral Diseases",
   "doi": "http://dx.doi.org/10.3389/fmicb.2017.00230",
   "pmcid": "PMC5309255",
   "pubmed_id": "28261185",
   "license": "CC BY",
   "abstract": "A plethora of viruses can be transmitted by the food- and waterborne route. However, their recognition is challenging because of the variety of viruses, heterogeneity of symptoms, the lack of awareness of clinicians, and limited surveillance efforts. Classical food- and waterborne viral disease outbreaks are mainly caused by caliciviruses, but the source of the virus is often not known and the foodborne mode of transmission is difficult to discriminate from human-to-human transmission. Atypical food- and waterborne viral disease can be caused by viruses such as hepatitis A and hepatitis E. In addition, a source of novel emerging viruses with a potential to spread via the food- and waterborne route is the repeated interaction of humans with wildlife. Wildlife-to-human adaptation may give rise to self- limiting outbreaks in some cases, but when fully adjusted to the human host can be devastating. Metagenomic sequencing has been investigated as a promising solution for surveillance purposes as it detects all viruses in a single protocol, delivers additional genomic information for outbreak tracing, and detects novel unknown viruses. Nevertheless, several issues must be addressed to apply metagenomic sequencing in surveillance. First, sample preparation is difficult since the genomic material of viruses is generally overshadowed by host- and bacterial genomes. Second, several data analysis issues hamper the efficient, robust, and automated processing of metagenomic data. Third, interpretation of metagenomic data is hard, because of the lack of general knowledge of the virome in the food chain and the environment. Further developments in virus-specific nucleic acid extraction methods, bioinformatic data processing applications, and unifying data visualization tools are needed to gain insightful surveillance knowledge from suspect food samples.",
   "publish_time": "2017 Feb 15",
   "authors": [
      "['Nieuwenhuijse, David F.', 'Koopmans, Marion P. G.']"
   ],
   "journal": "Front Microbiol",
   "has_full_text": "True",
   "id": "27ac134e8e678f379d1550477ea87257c9c2ed2a",
   "fhir_link": "Commercial/Composition/27ac134e8e678f379d1550477ea87257c9c2ed2a"
}