{
   "sha": "da5958b5a0d82961e2cef5f42fe1e3d9ce6a30cb",
   "source_x": "PMC",
   "title": "Advances in Non-Viral DNA Vectors for Gene Therapy",
   "doi": "http://dx.doi.org/10.3390/genes8020065",
   "pmcid": "PMC5333054",
   "pubmed_id": "28208635",
   "license": "CC BY",
   "abstract": "Uses of viral vectors have thus far eclipsed uses of non-viral vectors for gene therapy delivery in the clinic. Viral vectors, however, have certain issues involving genome integration, the inability to be delivered repeatedly, and possible host rejection. Fortunately, development of non-viral DNA vectors has progressed steadily, especially in plasmid vector length reduction, now allowing these tools to fill in specifically where viral or other non-viral vectors may not be the best options. In this review, we examine the improvements made to non-viral DNA gene therapy vectors, highlight opportunities for their further development, address therapeutic needs for which their use is the logical choice, and discuss their future expansion into the clinic.",
   "publish_time": "2017 Feb 10",
   "authors": [
      "['Hardee, Cinnamon L.', 'Ar\u00e9valo-Soliz, Lirio Milenka', 'Hornstein, Benjamin D.', 'Zechiedrich, Lynn']"
   ],
   "journal": "Genes (Basel)",
   "has_full_text": "True",
   "id": "da5958b5a0d82961e2cef5f42fe1e3d9ce6a30cb",
   "fhir_link": "Commercial/da5958b5a0d82961e2cef5f42fe1e3d9ce6a30cb"
}