{
   "sha": "448aba08bf2b1c340710185883c2955fed12cb63",
   "source_x": "Elsevier",
   "title": "Chronic obstructive pulmonary disease",
   "doi": "10.1016/S0140-6736(97)11081-9",
   "pubmed_id": "9708769",
   "license": "els-covid",
   "abstract": "Summary Acute exacerbations of underlying COPD are a common cause of respiratory deterioration. Developments have been made in preventive measures, but admission to hospital for acute exacerbations can be expected to remain common. Several expert consensus guidelines have been published to define the appropriate management of COPD patients. These consensus guidelines generally agree, but all acknowledge a lack of large well-controlled clinical studies, especially studies focusing on the management of acute exacerbations. Consequently, many potential controversies exist about the details of managing patients with acute exacerbations. Although studies of many fundamental aspects of management are still needed, the results of controlled clinical trials are sufficient to emphasise the importance of a careful clinical assessment, supplemental oxygen, inhaled bronchodilators to partially improve airway obstruction, corticosteroids to decrease the likelihood of treatment failures and to speed recovery, antibiotics, especially in severe patients, and non-invasive positive-pressure ventilation for treatment of acute ventilatory failure in selected patients.",
   "publish_time": "1998-08-08",
   "authors": [
      "Madison, J Mark",
      "Irwin, Richard S"
   ],
   "journal": "The Lancet",
   "has_full_text": "True",
   "full_text_file": "custom_license",
   "id": "https://doi.org/10.1016/S0140-6736(97)11081-9",
   "fhir_link": [
      "PMC/Composition/448aba08bf2b1c340710185883c2955fed12cb63"
   ]
}