{
   "sha": "2786687808083b1a23083be32dae8229ff545179",
   "source_x": "PMC",
   "title": "Intraperitoneal adoptive transfer of mesenchymal stem cells enhances recovery from acid aspiration acute lung injury in mice",
   "doi": "http://dx.doi.org/10.1186/s40635-017-0126-5",
   "pmcid": "PMC5339261",
   "pubmed_id": "28265979",
   "license": "CC BY",
   "abstract": "BACKGROUND: Mesenchymal stem cells (MSCs) might act as fine-tuners of inflammation during acute lung injury. We assessed the effects of adoptive transfer of MSCs in acid aspiration acute lung injury and explored the role of long pentraxin PTX3. METHODS: We conducted a prospective experimental interventional study on wild-type (WT) and PTX3-deficient (PTX3(\u2212/\u2212)) mice. Acute lung injury was induced in WT and PTX3(\u2212/\u2212) mice by instillation of hydrochloric acid into the right bronchus. One hour later, animals received intraperitoneal sterile phosphate-buffered saline (PBS), WT-MSCs (1\u2009\u00d7\u200910(6)) or PTX3(\u2212/\u2212)-MSCs (1\u2009\u00d7\u200910(6)). Twenty-four hours after injury, we measured the effects of treatments on arterial blood gases, wet/dry lung weight (W/D), CT scan analysis of lung collapse, neutrophils, TNF\u03b1 and CXCL1 in bronchoalveolar lavage, and plasma PTX3. d-dimer was assayed in 1\u00a0week and OH-proline in 2\u00a0weeks to track the fibrotic evolution. RESULTS: In 24\u00a0h, in comparison to PBS, WT-MSCs improved oxygenation and reduced W/D and alveolar collapse. These effects were associated with decreased concentrations of alveolar neutrophils and cytokines. WT-MSCs increased d-dimer concentration and decreased OH-proline levels, too. Treatment with PTX3(\u2212/\u2212)-MSCs ameliorated oxygenation, W/D, and alveolar TNF\u03b1, though to a lesser extent than WT-MSCs. PTX3(\u2212/\u2212)-MSCs did not improve lung collapse, neutrophil count, CXCL1, d-dimer, and OH-proline concentrations. The protective effects of WT-MSCs were dampened by lack of endogenous PTX3, too. CONCLUSIONS: In acid aspiration acute lung injury, MSCs improve pulmonary function and limit fibrosis by fine-tuning inflammation. The role of PTX3 in determining MSCs\u2019 effects might merit further scrutiny. ELECTRONIC SUPPLEMENTARY MATERIAL: The online version of this article (doi:10.1186/s40635-017-0126-5) contains supplementary material, which is available to authorized users.",
   "publish_time": "2017 Mar 6",
   "authors": [
      "['Mauri, Tommaso', 'Zambelli, Vanessa', 'Cappuzzello, Claudia', 'Bellani, Giacomo', 'Dander, Erica', 'Sironi, Marina', 'Castiglioni, Vittoria', 'Doni, Andrea', 'Mantovani, Alberto', 'Biondi, Andrea', 'Garlanda, Cecilia', 'D\u2019amico, Giovanna', 'Pesenti, Antonio']"
   ],
   "journal": "Intensive Care Med Exp",
   "has_full_text": "True",
   "id": "2786687808083b1a23083be32dae8229ff545179",
   "fhir_link": "Commercial/2786687808083b1a23083be32dae8229ff545179"
}