{
   "sha": "435c259a0b1c77cb1fab63dabf76fa1637d8e645",
   "source_x": "PMC",
   "title": "Lactoferrin: Balancing Ups and Downs of Inflammation Due to Microbial Infections",
   "doi": "http://dx.doi.org/10.3390/ijms18030501",
   "pmcid": "PMC5372517",
   "pubmed_id": "28257033",
   "license": "CC BY",
   "abstract": "Lactoferrin (Lf) is a glycoprotein of the primary innate immune-defense system of mammals present in milk and other mucosal secretions. This protein of the transferrin family has broad antimicrobial properties by depriving pathogens from iron, or disrupting their plasma membranes through its highly cationic charge. Noteworthy, Lf also exhibits immunomodulatory activities performing up- and down-regulation of innate and adaptive immune cells, contributing to the homeostasis in mucosal surfaces exposed to myriad of microbial agents, such as the gastrointestinal and respiratory tracts. Although the inflammatory process is essential for the control of invasive infectious agents, the development of an exacerbated or chronic inflammation results in tissue damage with life-threatening consequences. In this review, we highlight recent findings in in vitro and in vivo models of the gut, lung, oral cavity, mammary gland, and liver infections that provide experimental evidence supporting the therapeutic role of human and bovine Lf in promoting some parameters of inflammation and protecting against the deleterious effects of bacterial, viral, fungal and protozoan-associated inflammation. Thus, this new knowledge of Lf immunomodulation paves the way to more effective design of treatments that include native or synthetic Lf derivatives, which may be useful to reduce immune-mediated tissue damage in infectious diseases.",
   "publish_time": "2017 Mar 1",
   "authors": [
      "['Drago-Serrano, Maria Elisa', 'Campos-Rodr\u00edguez, Rafael', 'Carrero, Julio C\u00e9sar', 'de la Garza, Mireya']"
   ],
   "journal": "Int J Mol Sci",
   "has_full_text": "True",
   "id": "435c259a0b1c77cb1fab63dabf76fa1637d8e645",
   "fhir_link": "Commercial/Composition/435c259a0b1c77cb1fab63dabf76fa1637d8e645.json"
}