{
   "sha": "4d1125dd2aac5fa05600973b570834950bbcbccc",
   "source_x": "PMC",
   "title": "Peripheral blood AKAP7 expression as an early marker for lymphocyte-mediated post-stroke blood brain barrier disruption",
   "doi": "http://dx.doi.org/10.1038/s41598-017-01178-5",
   "pmcid": "PMC5430856",
   "pubmed_id": "28446746",
   "license": "CC BY",
   "abstract": "Our group recently identified 16 genes whose peripheral blood expression levels are differentially regulated in acute ischemic stroke. The purpose of this study was to determine whether the early expression levels of any of these 16 genes are predictive for post-stroke blood brain barrier (BBB) disruption. Transcriptional expression levels of candidate genes were measured in peripheral blood sampled from ischemic stroke patients at emergency department admission, and BBB permeability was assessed at 24\u2009hour follow up via perfusion-weighted imaging. Early heightened expression levels of AKAP7, a gene encoding a protein kinase A-binding scaffolding molecule, were significantly associated with BBB disruption 24\u2009hours post-hospital admission. We then determined that AKAP7 is predominantly expressed by lymphocytes in peripheral blood, and strongly co-expressed with ITGA3, a gene encoding the adhesion molecule integrin alpha 3. Subsequent in vitro experiments revealed that heightened expression of AKAP7 and ITGA3 in primary human lymphocytes is associated with a highly adherent phenotype. Collectively, our results suggest that AKAP7 expression levels may have clinical utility as a prognostic biomarker for post-stroke BBB complications, and are likely elevated early in patients who later develop post-stroke BBB disruption due to the presence of an invasive lymphocyte population in the peripheral blood.",
   "publish_time": "2017 Apr 26",
   "authors": [
      "['O\u2019Connell, Grant C.', 'Treadway, Madison B.', 'Petrone, Ashley B.', 'Tennant, Connie S.', 'Lucke-Wold, Noelle', 'Chantler, Paul D.', 'Barr, Taura L.']"
   ],
   "journal": "Sci Rep",
   "has_full_text": "True",
   "id": "4d1125dd2aac5fa05600973b570834950bbcbccc",
   "fhir_link": "Commercial/4d1125dd2aac5fa05600973b570834950bbcbccc"
}