{
   "sha": "83d150bdc1e4fdc24ecc74e0fd09d5fd7791cc65",
   "source_x": "PMC",
   "title": "Ficus septica plant extracts for treating Dengue virus in vitro",
   "doi": "http://dx.doi.org/10.7717/peerj.3448",
   "pmcid": "PMC5466810",
   "pubmed_id": "28607841",
   "license": "CC BY",
   "abstract": "Dengue virus types 1-4 (DENV-1-4) are positive-strand RNA viruses with an envelope that belongs to the Flaviviridae. DENV infection threatens human health worldwide. However, other than supportive treatments, no specific therapy is available for the infection. In order to discover novel medicine against DENV, we tested 59 crude extracts, without cytotoxicity, from 23 plants in vitro; immunofluorescence assay revealed that the methanol extracts of fruit, heartwood, leaves and stem from Ficus septica Burm. f. had a promising anti-DENV-1 and DENV-2 effect. However, infection with the non-envelope picornavirus, Aichi virus, was not inhibited by treatment with F. septica extracts. F. septica may be a candidate antiviral drug against an enveloped virus such as DENV.",
   "publish_time": "2017 Jun 8",
   "authors": [
      "['Huang, Nan-Chieh', 'Hung, Wan-Ting', 'Tsai, Wei-Lun', 'Lai, Feng-Yi', 'Lin, You-Sheng', 'Huang, Mei-Shu', 'Chen, Jih-Jung', 'Lin, Wei-Yu', 'Weng, Jing-Ru', 'Chang, Tsung-Hsien']"
   ],
   "journal": "PeerJ",
   "has_full_text": "True",
   "id": "83d150bdc1e4fdc24ecc74e0fd09d5fd7791cc65",
   "fhir_link": "Commercial/Composition/83d150bdc1e4fdc24ecc74e0fd09d5fd7791cc65"
}