{
   "sha": "11d016e4272c8a89fe7986afde61e6fb91908304",
   "source_x": "PMC",
   "title": "Nasopharyngeal microbiota in infants and changes during viral upper respiratory tract infection and acute otitis media",
   "doi": "http://dx.doi.org/10.1371/journal.pone.0180630",
   "pmcid": "PMC5510840",
   "pubmed_id": "28708872",
   "license": "CC BY",
   "abstract": "BACKGROUND: Interferences between pathogenic bacteria and specific commensals are known. We determined the interactions between nasopharyngeal microbial pathogens and commensals during viral upper respiratory tract infection (URI) and acute otitis media (AOM) in infants. METHODS: We analyzed 971 specimens collected monthly and during URI and AOM episodes from 139 infants. The 16S rRNA V4 gene regions were sequenced on the Illumina MiSeq platform. RESULTS: Among the high abundant genus-level nasopharyngeal microbiota were Moraxella, Haemophilus, and Streptococcus (3 otopathogen genera), Corynebacterium, Dolosigranulum, Staphylococcus, Acinetobacter, Pseudomonas, and Bifidobacterium. Bacterial diversity was lower in culture-positive samples for Streptococcus pneumoniae, and Haemophilus influenzae, compared to cultured-negative samples. URI frequencies were positively associated with increasing trend in otopathogen colonization. AOM frequencies were associated with decreasing trend in Micrococcus colonization. During URI and AOM, there were increases in abundance of otopathogen genera and decreases in Pseudomonas, Myroides, Yersinia, and Sphingomonas. Otopathogen abundance was increased during symptomatic viral infection, but not during asymptomatic infection. The risk for AOM complicating URI was reduced by increased abundance of Staphylococcus and Sphingobium. CONCLUSION: Otopathogen genera played the key roles in URI and AOM occurrences. Staphylococcus counteracts otopathogens thus Staphylococcal colonization may be beneficial, rather than harmful. While Sphingobium may play a role in preventing AOM complicating URI, the commonly used probiotic Bifidobacterium did not play a significant role during URI or AOM. The role of less common commensals in counteracting the deleterious effects of otopathogens requires further studies.",
   "publish_time": "2017 Jul 14",
   "authors": [
      "['Chonmaitree, Tasnee', 'Jennings, Kristofer', 'Golovko, Georgiy', 'Khanipov, Kamil', 'Pimenova, Maria', 'Patel, Janak A.', 'McCormick, David P.', 'Loeffelholz, Michael J.', 'Fofanov, Yuriy']"
   ],
   "journal": "PLoS One",
   "has_full_text": "True",
   "id": "11d016e4272c8a89fe7986afde61e6fb91908304",
   "fhir_link": "Commercial/Composition/11d016e4272c8a89fe7986afde61e6fb91908304"
}