{
   "sha": "60b99654d6dc155b28cc6800f12e7434cfd45e68",
   "source_x": "Elsevier",
   "title": "Perturbations in neuroinflammatory pathways are associated with paclitaxel-induced peripheral neuropathy in breast cancer survivors",
   "doi": "10.1016/j.jneuroim.2019.577019",
   "pubmed_id": "31401418",
   "license": "els-covid",
   "abstract": "Abstract Paclitaxel is a common chemotherapy drug associated with the development of chronic paclitaxel-induced peripheral neuropathy (PIPN). PIPN is associated with neuroinflammatory mechanisms in pre-clinical studies. Here, we evaluated for differential gene expression (DGE) in peripheral blood between breast cancer survivors with and without PIPN and for neuroinflammatory (NI) related signaling pathways and whole-transcriptome profiles from other experiments. Pathway impact analysis identified 8 perturbed NI related pathways. Expression profile analysis found 15 experiments having similar whole-transcriptome profiles of DGE related to neuroinflammation and PIPN. These findings suggest that perturbations in pathways associated with neuroinflammation are found in cancer survivors with PIPN.",
   "publish_time": "2019-10-15",
   "authors": [
      "Miaskowski, Christine",
      "Topp, Kimberly",
      "Conley, Yvette P.",
      "Paul, Steven M.",
      "Melisko, Michelle",
      "Schumacher, Mark",
      "Chesney, Margaret",
      "Abrams, Gary",
      "Levine, Jon D.",
      "Kober, Kord M."
   ],
   "journal": "Journal of Neuroimmunology",
   "has_full_text": "True",
   "full_text_file": "custom_license",
   "id": "https://doi.org/10.1016/j.jneuroim.2019.577019",
   "fhir_link": [
      "PMC/Composition/60b99654d6dc155b28cc6800f12e7434cfd45e68"
   ]
}