{
   "sha": "de836dc0077e520bc97ba60c40fab7a6af4d8224",
   "source_x": "PMC",
   "title": "Comprehensive structural analysis of designed incomplete polypeptide chains of the replicase nonstructural protein 1 from the severe acute respiratory syndrome coronavirus",
   "doi": "http://dx.doi.org/10.1371/journal.pone.0182132",
   "pmcid": "PMC5531528",
   "pubmed_id": "28750053",
   "license": "CC BY",
   "abstract": "The cotranslational folding is recognized as a very cooperative process that occurs after the nearly completion of the polypeptide sequence of a domain. Here we investigated the challenges faced by polypeptide segments of a non-vectorial \u03b2-barrel fold. Besides the biological interest behind the SARS coronavirus non-structural protein 1 (nsp1, 117 amino acids), this study model has two structural features that motivated its use in this work: 1- its recombinant production is dependent on the temperature, with greater solubility when expressed at low temperatures. This is an indication of the cotranslational guidance to the native protein conformation. 2- Conversely, nsp1 has a six-stranded, mixed parallel/antiparallel \u03b2-barrel with intricate long-range interactions, indicating it will need the full-length protein to fold properly. We used non-denaturing purification conditions that allowed the characterization of polypeptide chains of different lengths, mimicking the landscape of the cotranslational fold of a \u03b2-barrel, and avoiding the major technical hindrances of working with the nascent polypeptide bound to the ribosome. Our results showed partially folded states formed as soon as the amino acids of the second \u03b2-strand were present (55 amino acids). These partially folded states are different based on the length of polypeptide chain. The native \u03b1-helix (amino acids 24\u201337) was identified as a transient structure (~20\u201330% propensity). We identified the presence of regular secondary structure after the fourth native \u03b2-strand is present (89 amino acids), in parallel to the collapse to a non-native 3D structure. Interestingly the polypeptide sequences of the native strands \u03b22, \u03b23 and \u03b24 have characteristics of \u03b1-helices. Our comprehensive analyses support the idea that incomplete polypeptide chains, such as the ones of nascent proteins much earlier than the end of the translation, adopt an abundance of specific transient folds, instead of disordered conformations.",
   "publish_time": "2017 Jul 27",
   "authors": [
      "['Vazquez, Leonardo', 'e Lima, Luis Mauricio Trambaioli da Rocha', 'Almeida, Marcius da Silva']"
   ],
   "journal": "PLoS One",
   "has_full_text": "True",
   "id": "de836dc0077e520bc97ba60c40fab7a6af4d8224",
   "fhir_link": "Commercial/Composition/de836dc0077e520bc97ba60c40fab7a6af4d8224.json"
}