{
   "sha": "e6899fc4e77aa33e5a6606deb96c9c00b5e0cc0c",
   "source_x": "Elsevier",
   "title": "Multiplex real-time RT-PCR for the simultaneous detection and quantification of transmissible gastroenteritis virus and porcine epidemic diarrhea virus",
   "doi": "10.1016/j.jviromet.2007.06.021",
   "pubmed_id": "17697717",
   "license": "els-covid",
   "abstract": "Abstract Transmissible gastroenteritis virus (TGEV) and porcine epidemic diarrhea virus (PEDV) are major etiological agents of diarrhea and death in piglets. Multiplex real-time reverse transcriptase (RT)-PCR was developed for simultaneous differential quantification of each virus in a single reaction tube, using Cy5- and FAM-labeled TaqMan-probes based on sequences from the TGEV and PEDV nucleocapsid genes. The copy numbers for transcripts of TGEV and PEDV were quantified using this assay over a range from 9\u00d7107 to 9\u00d7101 copies and 7\u00d7107 to 7\u00d7101 copies, respectively. The variability of the intra-assay and inter-assay were evaluated using standard solutions of each transcript, with coefficients of variation (CV) less than 3.43 and 3.33%, respectively. Piglets were experimentally infected with virulent TGEV and PEDV, and the amounts of virus from the onset of diarrhea were measured. Samples obtained from farms experiencing PED or TGE were quantified between 102 and 105 RNA copies. In conclusion, this assay provides an effective etiological diagnostic tool for detecting and quantifying viral loads. The assay may also prove useful for detecting infections, ultimately leading to better disease control on farms.",
   "publish_time": "2007-12-31",
   "authors": [
      "Kim, Seong-Hee",
      "Kim, In-Joong",
      "Pyo, Hyun-Mi",
      "Tark, Dong-Seob",
      "Song, Jae-Young",
      "Hyun, Bang-Hun"
   ],
   "journal": "Journal of Virological Methods",
   "has_full_text": "True",
   "full_text_file": "custom_license",
   "id": "https://doi.org/10.1016/j.jviromet.2007.06.021",
   "fhir_link": [
      "PMC/Composition/e6899fc4e77aa33e5a6606deb96c9c00b5e0cc0c"
   ]
}