{
   "sha": "1a6c94a998e8721893e50bfc84e48465e54e1bcc",
   "source_x": "PMC",
   "title": "Population genetics, community of parasites, and resistance to rodenticides in an urban brown rat (Rattus norvegicus) population",
   "doi": "http://dx.doi.org/10.1371/journal.pone.0184015",
   "pmcid": "PMC5590879",
   "pubmed_id": "28886097",
   "license": "CC BY",
   "abstract": "Brown rats are one of the most widespread urban species worldwide. Despite the nuisances they induce and their potential role as a zoonotic reservoir, knowledge on urban rat populations remains scarce. The main purpose of this study was to characterize an urban brown rat population from Chanteraines park (Hauts-de-Seine, France), with regards to haematology, population genetics, immunogenic diversity, resistance to anticoagulant rodenticides, and community of parasites. Haematological parameters were measured. Population genetics was investigated using 13 unlinked microsatellite loci. Immunogenic diversity was assessed for Mhc-Drb. Frequency of the Y139F mutation (conferring resistance to rodenticides) and two linked microsatellites were studied, concurrently with the presence of anticoagulant residues in the liver. Combination of microscopy and molecular methods were used to investigate the occurrence of 25 parasites. Statistical approaches were used to explore multiple parasite relationships and model parasite occurrence. Eighty-six rats were caught. The first haematological data for a wild urban R. norvegicus population was reported. Genetic results suggested high genetic diversity and connectivity between Chanteraines rats and surrounding population(s). We found a high prevalence (55.8%) of the mutation Y139F and presence of rodenticide residues in 47.7% of the sampled individuals. The parasite species richness was high (16). Seven potential zoonotic pathogens were identified, together with a surprisingly high diversity of Leptospira species (4). Chanteraines rat population is not closed, allowing gene flow and making eradication programs challenging, particularly because rodenticide resistance is highly prevalent. Parasitological results showed that co-infection is more a rule than an exception. Furthermore, the presence of several potential zoonotic pathogens, of which four Leptospira species, in this urban rat population raised its role in the maintenance and spread of these pathogens. Our findings should stimulate future discussions about the development of a long-term rat-control management program in Chanteraines urban park.",
   "publish_time": "2017 Sep 8",
   "authors": [
      "['Desvars-Larrive, Am\u00e9lie', 'Pascal, Michel', 'Gasqui, Patrick', 'Cosson, Jean-Fran\u00e7ois', 'Beno\u00eet, Etienne', 'Lattard, Virginie', 'Crespin, Laurent', 'Lorvelec, Olivier', 'Pisanu, Beno\u00eet', 'Teyni\u00e9, Alexandre', 'Vayssier-Taussat, Muriel', 'Bonnet, Sarah', 'Marianneau, Philippe', 'Lac\u00f4te, Sandra', 'Bourhy, Pascale', 'Berny, Philippe', 'Pavio, Nicole', 'Le Poder, Sophie', 'Gilot-Fromont, Emmanuelle', 'Jourdain, Elsa', 'Hammed, Abdessalem', 'Fourel, Isabelle', 'Chikh, Farid', 'Vourc\u2019h, Gwena\u00ebl']"
   ],
   "journal": "PLoS One",
   "has_full_text": "False",
   "id": "1a6c94a998e8721893e50bfc84e48465e54e1bcc"
}