{
   "sha": "727ff12fcef223c2e2c4971ef237c80ee4e58162",
   "source_x": "PMC",
   "title": "Influenza in long\u2010term care facilities",
   "doi": "http://dx.doi.org/10.1111/irv.12464",
   "pmcid": "PMC5596516",
   "pubmed_id": "28691237",
   "license": "CC BY",
   "abstract": "Long\u2010term care facility environments and the vulnerability of their residents provide a setting conducive to the rapid spread of influenza virus and other respiratory pathogens. Infections may be introduced by staff, visitors or new or transferred residents, and outbreaks of influenza in such settings can have devastating consequences for individuals, as well as placing extra strain on health services. As the population ages over the coming decades, increased provision of such facilities seems likely. The need for robust infection prevention and control practices will therefore remain of paramount importance if the impact of outbreaks is to be minimised. In this review, we discuss the nature of the problem of influenza in long\u2010term care facilities, and approaches to preventive and control measures, including vaccination of residents and staff, and the use of antiviral drugs for treatment and prophylaxis, based on currently available evidence.",
   "publish_time": "2017 Sep 26",
   "authors": [
      "['Lansbury, Louise E.', 'Brown, Caroline S.', 'Nguyen\u2010Van\u2010Tam, Jonathan S.']"
   ],
   "journal": "Influenza Other Respir Viruses",
   "has_full_text": "True",
   "id": "727ff12fcef223c2e2c4971ef237c80ee4e58162",
   "fhir_link": "Commercial/Composition/727ff12fcef223c2e2c4971ef237c80ee4e58162"
}