{
   "sha": "de1c5a16a75d5c28d9e3a9be2e928406fee458e4",
   "source_x": "PMC",
   "title": "TRIM25 in the Regulation of the Antiviral Innate Immunity",
   "doi": "http://dx.doi.org/10.3389/fimmu.2017.01187",
   "pmcid": "PMC5614919",
   "pubmed_id": "29018447",
   "license": "CC BY",
   "abstract": "TRIM25 is an E3 ubiquitin ligase enzyme that is involved in various cellular processes, including regulation of the innate immune response against viruses. TRIM25-mediated ubiquitination of the cytosolic pattern recognition receptor RIG-I is an essential step for initiation of the intracellular antiviral response and has been thoroughly documented. In recent years, however, additional roles of TRIM25 in early innate immunity are emerging, including negative regulation of RIG-I, activation of the melanoma differentiation-associated protein 5\u2013mitochondrial antiviral signaling protein\u2013TRAF6 antiviral axis and modulation of p53 levels and activity. In addition, the ability of TRIM25 to bind RNA may uncover new mechanisms by which this molecule regulates intracellular signaling and/or RNA virus replication.",
   "publish_time": "2017 Sep 22",
   "authors": [
      "['Mart\u00edn-Vicente, Mar\u00eda', 'Medrano, Luz M.', 'Resino, Salvador', 'Garc\u00eda-Sastre, Adolfo', 'Mart\u00ednez, Isidoro']"
   ],
   "journal": "Front Immunol",
   "has_full_text": "True",
   "id": "de1c5a16a75d5c28d9e3a9be2e928406fee458e4",
   "fhir_link": "Commercial/Composition/de1c5a16a75d5c28d9e3a9be2e928406fee458e4"
}