{
   "sha": "8394fc44bf3aaf014626bd5ddb5a10650de6d94b",
   "source_x": "Elsevier",
   "title": "Detection of transmissible gastroenteritis virus by RT-PCR and differentiation from porcine respiratory coronavirus",
   "doi": "10.1016/S0166-0934(97)00055-4",
   "pubmed_id": "9255741",
   "license": "els-covid",
   "abstract": "Abstract An RT-PCR method was developed that amplified genetic material from the 5\u2032 end of the S protein gene of both transmissible gastroenteritis virus (TGEV) and porcine respiratory coronavirus (PRCV), but discriminated between the two by the size of the product generated. A number of restriction endonuclease enzymes were assessed for recognition of the amplicons so produced. The assay was shown to detect viral RNA from all of the 26 different TGEV and PRCV isolates examined, covering a period from 1946 to 1996. Detection of TGEV in clinical specimens was possible using a spin column method to extract RNA and sensitivity was compared to virus isolation and antigen detection ELISA. The method could provide a means of confirming positive results from immunological screening tests such as FAT and ELISA, reducing the need for virus isolation and convalescent serology.",
   "publish_time": "1997-07-31",
   "authors": [
      "Paton, David",
      "Ibata, Georgina",
      "Sands, Jenny",
      "McGoldrick, Adrian"
   ],
   "journal": "Journal of Virological Methods",
   "has_full_text": "True",
   "full_text_file": "custom_license",
   "id": "https://doi.org/10.1016/S0166-0934(97)00055-4",
   "fhir_link": [
      "PMC/Composition/8394fc44bf3aaf014626bd5ddb5a10650de6d94b"
   ]
}