{
   "sha": "345738ef3f2cecad365ede9b53e03ca29a8462f2",
   "source_x": "Elsevier",
   "title": "The treatment of rhinovirus infections: progress and potential",
   "doi": "10.1016/S0166-3542(00)00135-2",
   "license": "els-covid",
   "publish_time": "2001-01-31",
   "authors": [
      "Turner, Ronald B."
   ],
   "journal": "Antiviral Research",
   "has_full_text": "True",
   "full_text_file": "custom_license",
   "id": "https://doi.org/10.1016/S0166-3542(00)00135-2",
   "fhir_link": [
      "PMC/Composition/345738ef3f2cecad365ede9b53e03ca29a8462f2"
   ]
}