{
   "sha": "5e3f2dabebc87da9fd1323d941ef57df3e7f913b",
   "source_x": "PMC",
   "title": "Targeting Hsp27/eIF4E interaction with phenazine compound: a promising alternative for castration-resistant prostate cancer treatment",
   "doi": "http://dx.doi.org/10.18632/oncotarget.20469",
   "pmcid": "PMC5652782",
   "pubmed_id": "29100389",
   "license": "CC BY",
   "abstract": "The actual strategy to improve current therapies in advanced prostate cancer involves targeting genes activated by androgen withdrawal, either to delay or prevent the emergence of the castration-refractory phenotype. However, these genes are often implicated in several physiological processes, and long-term inhibition of survival proteins might be accompanied with cytotoxic effects. To avoid this problem, an alternative therapeutic strategy relies on the identification and use of compounds that disrupt specific protein-protein interactions involved in androgen withdrawal. Specifically, the interaction of the chaperone protein Hsp27 with the initiation factor eIF4E leads to the protection of protein synthesis initiation process and enhances cell survival during cell stress induced by castration or chemotherapy. Thus, in this work we aimed at i) identifying the interaction site of the Hsp27/eIF4E complex and ii) interfere with the relevant protein/protein association mechanism involved in castration-resistant progression of prostate cancer. By a combination of experimental and modeling techniques, we proved that eIF4E interacts with the C-terminal part of Hsp27, preferentially when Hsp27 is phosphorylated. We also observed that the loss of this interaction increased cell chemo-and hormone-sensitivity. In order to find a potential inhibitor of Hsp27/eIF4E interaction, BRET assays in combination with molecular simulations identified the phenazine derivative 14 as the compound able to efficiently interfere with this protein/protein interaction, thereby inhibiting cell viability and increasing cell death in chemo- and castration-resistant prostate cancer models in vitro and in vivo.",
   "publish_time": "2017 Aug 24",
   "authors": [
      "['Ziouziou, Hajer', 'Andrieu, Claudia', 'Laurini, Erik', 'Karaki, Sara', 'Fermeglia, Maurizio', 'Oueslati, Ridha', 'Taieb, David', 'Camplo, Michel', 'Siri, Olivier', 'Pricl, Sabrina', 'Katsogiannou, Maria', 'Rocchi, Palma']"
   ],
   "journal": "Oncotarget",
   "has_full_text": "True",
   "id": "5e3f2dabebc87da9fd1323d941ef57df3e7f913b",
   "fhir_link": "Commercial/Composition/5e3f2dabebc87da9fd1323d941ef57df3e7f913b"
}