{
   "sha": "dabb3cd242342b19aadc8f9eadd2677a18deac13",
   "source_x": "PMC",
   "title": "Recombinant human ACE2: acing out angiotensin II in ARDS therapy",
   "doi": "http://dx.doi.org/10.1186/s13054-017-1882-z",
   "pmcid": "PMC5729230",
   "pubmed_id": "29237475",
   "license": "CC BY",
   "publish_time": "2017 Dec 13",
   "authors": [
      "['Zhang, Haibo', 'Baker, Andrew']"
   ],
   "journal": "Crit Care",
   "has_full_text": "True",
   "id": "dabb3cd242342b19aadc8f9eadd2677a18deac13",
   "fhir_link": "Commercial/Composition/dabb3cd242342b19aadc8f9eadd2677a18deac13.json"
}