{
   "sha": "93d080273b1f33330243dd140a35ba890ddd2973",
   "source_x": "PMC",
   "title": "The determinants and consequences of adult nursing staff turnover: a systematic review of systematic reviews",
   "doi": "http://dx.doi.org/10.1186/s12913-017-2707-0",
   "pmcid": "PMC5732502",
   "pubmed_id": "29246221",
   "license": "CC BY",
   "abstract": "BACKGROUND: Nurses leaving their jobs and the profession are an issue of international concern, with supply-demand gaps for nurses reported to be widening. There is a large body of existing literature, much of which is already in review form. In order to advance the usefulness of the literature for nurse and human resource managers, we undertook an overview (review of systematic reviews). The aim of the overview was to identify high quality evidence of the determinants and consequences of turnover in adult nursing. METHODS: Reviews were identified which were published between 1990 and January 2015 in English using electronic databases (the Cochrane Database of Systematic Reviews, MEDLINE, EMBASE, Applied Social Sciences Index and Abstracts, CINAHL plus and SCOPUS) and forward searching. All stages of the review were conducted in parallel by two reviewers. Reviews were quality appraised using the Assessment of Multiple Systematic Reviews and their findings narratively synthesised. RESULTS: Nine reviews were included. We found that the current evidence is incomplete and has a number of important limitations. However, a body of moderate quality review evidence does exist giving a picture of multiple determinants of turnover in adult nursing, with - at the individual level - nurse stress and dissatisfaction being important factors and -at the organisational level - managerial style and supervisory support factors holding most weight. The consequences of turnover are only described in economic terms, but are considered significant. CONCLUSIONS: In making a quality assessment of the review as well as considering the quality of the included primary studies and specificity in the outcomes they measure, the overview found that the evidence is not as definitive as previously presented from individual reviews. Further research is required, of rigorous research design, whether quantitative or qualitative, particularly against the outcome of actual turnover as opposed to intention to leave. TRIAL REGISTRATION: PROSPERO Registration 17 March 2015: CRD42015017613. ELECTRONIC SUPPLEMENTARY MATERIAL: The online version of this article (10.1186/s12913-017-2707-0) contains supplementary material, which is available to authorized users.",
   "publish_time": "2017 Dec 15",
   "authors": [
      "['Halter, Mary', 'Boiko, Olga', 'Pelone, Ferruccio', 'Beighton, Carole', 'Harris, Ruth', 'Gale, Julia', 'Gourlay, Stephen', 'Drennan, Vari']"
   ],
   "journal": "BMC Health Serv Res",
   "has_full_text": "True",
   "id": "93d080273b1f33330243dd140a35ba890ddd2973",
   "fhir_link": "Commercial/Composition/93d080273b1f33330243dd140a35ba890ddd2973.json"
}