{
   "sha": "811159783691dd3e398010444f7b1564bc885d08",
   "source_x": "PMC",
   "title": "Airborne or Fomite Transmission for Norovirus? A Case Study Revisited",
   "doi": "http://dx.doi.org/10.3390/ijerph14121571",
   "pmcid": "PMC5750989",
   "pubmed_id": "29240665",
   "license": "CC BY",
   "abstract": "Norovirus infection, a highly prevalent condition associated with a high rate of morbidity, comprises a significant health issue. Although norovirus transmission mainly occurs via the fecal-oral and vomit-oral routes, airborne transmission has been proposed in recent decades. This paper re-examines a previously described norovirus outbreak in a hotel restaurant wherein airborne transmission was originally inferred. Specifically, the original evidence that suggested airborne transmission was re-analyzed by exploring an alternative hypothesis: could this outbreak instead have occurred via fomite transmission? This re-analysis was based on whether fomite transmission could have yielded similar attack rate distribution patterns. Seven representative serving pathways used by waiters were considered, and the infection risk distributions of the alternative fomite transmission routes were predicted using a multi-agent model. These distributions were compared to the reported attack rate distribution in the original study using a least square methods approach. The results show that with some reasonable assumptions of human behavior patterns and parameter values, the attack rate distribution corresponded well with that of the infection risk via the fomite route. This finding offers an alternative interpretation of the transmission routes that underlay this particular norovirus outbreak and an important consideration in the development of infection control guidelines and the investigation of similar norovirus outbreaks in future.",
   "publish_time": "2017 Dec 14",
   "authors": [
      "['Xiao, Shenglan', 'Tang, Julian W.', 'Li, Yuguo']"
   ],
   "journal": "Int J Environ Res Public Health",
   "has_full_text": "True",
   "id": "811159783691dd3e398010444f7b1564bc885d08",
   "fhir_link": "Commercial/Composition/811159783691dd3e398010444f7b1564bc885d08.json"
}