{
   "sha": "a91c40470eb10552ba113938724543f04c5dfb57",
   "source_x": "PMC",
   "title": "Host-Virus Protein Interaction Network Reveals the Involvement of Multiple Host Processes in the Life Cycle of Hepatitis E Virus",
   "doi": "http://dx.doi.org/10.1128/mSystems.00135-17",
   "pmcid": "PMC5781259",
   "pubmed_id": "29404423",
   "license": "CC BY",
   "abstract": "Comprehensive knowledge of host-pathogen interactions is central to understand the life cycle of a pathogen and devise specific therapeutic strategies. Protein-protein interactions (PPIs) are key mediators of host-pathogen interactions. Hepatitis E virus (HEV) is a major cause of viral hepatitis in humans. Recent reports also demonstrate its extrahepatic manifestations in the brain. Toward understanding the molecular details of HEV life cycle, we screened human liver and fetal brain cDNA libraries to identify the host interaction partners of proteins encoded by genotype 1 HEV and constructed the virus-host PPI network. Analysis of the network indicated a role of HEV proteins in modulating multiple host biological processes such as stress and immune responses, the ubiquitin-proteasome system, energy and iron metabolism, and protein translation. Further investigations revealed the presence of multiple host translation regulatory factors in the viral translation/replication complex. Depletion of host translation factors such as eIF4A2, eIF3A, and RACK1 significantly reduced the viral replication, whereas eIF2AK4 depletion had no effect. These findings highlight the ingenuity of the pathogen in manipulating the host machinery to its own benefit, a clear understanding of which is essential for the identification of strategic targets and development of specific antivirals against HEV. IMPORTANCE Hepatitis E virus (HEV) is a pathogen that is transmitted by the fecal-oral route. Owing to the lack of an efficient laboratory model, the life cycle of the virus is poorly understood. During the course of infection, interactions between the viral and host proteins play essential roles, a clear understanding of which is essential to decode the life cycle of the virus. In this study, we identified the direct host interaction partners of all HEV proteins and generated a PPI network. Our functional analysis of the HEV-human PPI network reveals a role of HEV proteins in modulating multiple host biological processes such as stress and immune responses, the ubiquitin-proteasome system, energy and iron metabolism, and protein translation. Further investigations revealed an essential role of several host factors in HEV replication. Collectively, the results from our study provide a vast resource of PPI data from HEV and its human host and identify the molecular components of the viral translation/replication machinery.",
   "publish_time": "2018 Jan 23",
   "authors": [
      "['Subramani, Chandru', 'Nair, Vidya P.', 'Anang, Saumya', 'Mandal, Sukhen Das', 'Pareek, Madhu', 'Kaushik, Nidhi', 'Srivastava, Akriti', 'Saha, Sudipto', 'Shalimar,', 'Nayak, Baibaswata', 'Ranjith-Kumar, C. T.', 'Surjit, Milan']"
   ],
   "journal": "mSystems",
   "has_full_text": "False",
   "id": "a91c40470eb10552ba113938724543f04c5dfb57"
}