{
   "sha": "03aa0556aa6d712feb40fd557a3c0fd98338beda",
   "source_x": "Elsevier",
   "title": "Associations between passive immunity and morbidity and mortality in dairy heifers in Florida, USA",
   "doi": "10.1016/S0167-5877(97)00060-3",
   "pubmed_id": "9541949",
   "license": "els-covid",
   "abstract": "Abstract A prospective cohort study was undertaken to determine calf-level factors that affected calf health status between birth and 6 months of age. A convenience sample of approximately 3300 female Holstein calves born in 1991 on two large Florida dairy farms was used for the study. Data collected on each calf at birth included farm of origin, weight, height at the pelvis, birth date, and serum total protein (a measure of colostral immunoglobulin absorption). Birth season was dichotomized into summer and winter using meteorological data collected by University of Florida Agricultural Research Stations. Health data including date of initial treatment and number of treatments were collected for the diseases diarrhea, omphalitis, septicemia and pneumonia. All calves were followed for 6 months. Cumulative incidences of mortality and occurrence of diarrhea, omphalitis, septicemia and pneumonia were 0.12, 0.35, 0.11, 0.24 and 0.21, respectively. Serum total protein (TP) was a significant risk factor for mortality. The association of TP and mortality was quadratic and showed a dramatic decrease in mortality as TP increased from 4.0 to 5.0 g/dl, a small improvement from 5.0 to 6.0 g/dl and virtually no improvement in mortality rates as TP increased over 6.0 g/dl. The hazard mortality ratio was constant from birth to six months, indicating that the increased risk of mortality associated with low levels of TP was evident through six months of age. No interactions between TP, farm, season, or birth weight were found in these analyses. Serum total protein concentration was a significant risk factor for the occurrences, age of onset and severity of septicemia and pneumonia. The association between TP and septicemia was linear and an interaction with birth season was found. The association between TP and pneumonia was quadratic, and in contrast to the TP-and-septicemia relationship, the morbidity hazard ratio for pneumonia was not constant over the time measured; that is, colostral immunity protected the calf from developing pneumonia early in life, but this effect disappeared as the calf got older. Total protein was not a significant risk factor for diarrhea or omphalitis.",
   "publish_time": "1998-02-06",
   "authors": [
      "Donovan, G.Arthur",
      "Dohoo, Ian R.",
      "Montgomery, David M.",
      "Bennett, Fred L."
   ],
   "journal": "Preventive Veterinary Medicine",
   "has_full_text": "True",
   "full_text_file": "custom_license",
   "id": "https://doi.org/10.1016/S0167-5877(97)00060-3",
   "fhir_link": [
      "PMC/Composition/03aa0556aa6d712feb40fd557a3c0fd98338beda"
   ]
}