{
   "sha": "2c798963aaa2245c095624af78d5638bebf60c2f",
   "source_x": "PMC",
   "title": "Near-Patient Sampling to Assist Infection Control\u2014A Case Report and Discussion",
   "doi": "http://dx.doi.org/10.3390/ijerph15020238",
   "pmcid": "PMC5858307",
   "pubmed_id": "29385031",
   "license": "CC BY",
   "abstract": "Air sampling as an aid to infection control is still in an experimental stage, as there is no consensus about which air samplers and pathogen detection methods should be used, and what thresholds of specific pathogens in specific exposed populations (staff, patients, or visitors) constitutes a true clinical risk. This case report used a button sampler, worn or held by staff or left free-standing in a fixed location, for environmental sampling around a child who was chronically infected by a respiratory adenovirus, to determine whether there was any risk of secondary adenovirus infection to the staff managing the patient. Despite multiple air samples taken on difference days, coinciding with high levels of adenovirus detectable in the child\u2019s nasopharyngeal aspirates (NPAs), none of the air samples contained any detectable adenovirus DNA using a clinically validated diagnostic polymerase chain reaction (PCR) assay. Although highly sensitive, in-house PCR assays have been developed to detect airborne pathogen RNA/DNA, it is still unclear what level of specific pathogen RNA/DNA constitutes a true clinical risk. In this case, the absence of detectable airborne adenovirus DNA using a conventional diagnostic assay removed the requirement for staff to wear surgical masks and face visors when they entered the child\u2019s room. No subsequent staff infections or outbreaks of adenovirus have so far been identified.",
   "publish_time": "2018 Feb 31",
   "authors": [
      "['Tang, Julian W.', 'Hoyle, Elizabeth', 'Moran, Sammy', 'Pareek, Manish']"
   ],
   "journal": "Int J Environ Res Public Health",
   "has_full_text": "True",
   "id": "2c798963aaa2245c095624af78d5638bebf60c2f",
   "fhir_link": "Commercial/Composition/2c798963aaa2245c095624af78d5638bebf60c2f.json"
}