{
   "sha": "ea12b82b2723bb4b1257bc8d4d2e61c39b27ba41",
   "source_x": "PMC",
   "title": "Molecular basis of binding between the global post-transcriptional regulator CsrA and the T3SS chaperone CesT",
   "doi": "http://dx.doi.org/10.1038/s41467-018-03625-x",
   "pmcid": "PMC5864733",
   "pubmed_id": "29567971",
   "license": "CC BY",
   "abstract": "The T3SS chaperone CesT is recently shown to interact with the post-transcriptional regulator CsrA to modulate post-attachment signaling in enteropathogenic and enterohemorrhagic Escherichia coli. The molecular basis of the CesT/CsrA binding, however, remains elusive. Here, we show that CesT and CsrA both created two ligand binding sites in their homodimers, forming irregular multimeric complexes in solution. Through construction of a recombinant CsrA-dimer (Re-CsrA) that contains a single CesT binding site, the atomic binding features between CesT and CsrA are delineated via the structure of the CesT/Re-CsrA complex. In contrast to a previously reported N-terminally swapped dimer-form, CesT adopts a dimeric architecture with a swapped C-terminal helix for CsrA engagement. In CsrA, CesT binds to a surface patch that extensively overlaps with its mRNA binding site. The binding mode therefore justifies a mechanism of CsrA-modulation by CesT via competitive inhibition of the CsrA/mRNA interactions.",
   "publish_time": "2018 Mar 22",
   "authors": [
      "['Ye, Fei', 'Yang, Fanli', 'Yu, Ruijie', 'Lin, Xi', 'Qi, Jianxun', 'Chen, Zhujun', 'Cao, Yu', 'Wei, Yuquan', 'Gao, George F.', 'Lu, Guangwen']"
   ],
   "journal": "Nat Commun",
   "has_full_text": "False",
   "id": "ea12b82b2723bb4b1257bc8d4d2e61c39b27ba41"
}