{
   "sha": "feb72aaab347ff388a21fc4d96575c5cbf29c020",
   "source_x": "PMC",
   "title": "Severe influenza A(H1N1)pdm09 in pregnant women and neonatal outcomes, State of Sao Paulo, Brazil, 2009",
   "doi": "http://dx.doi.org/10.1371/journal.pone.0194392",
   "pmcid": "PMC5868799",
   "pubmed_id": "29579099",
   "license": "CC BY",
   "abstract": "To investigate the factors associated with death and describe the gestational outcomes in pregnant women with influenza A(H1N1)pdm09, we conducted a case-control study (deaths and recovered) in hospitalized pregnant women with laboratory-confirmed influenza A(H1N1)pdm09 with severe acute respiratory illness (SARI) in the state of S\u00e3o Paulo from June 9 to December 1, 2009. All cases were evaluated, and four controls that were matched by the epidemiological week of hospitalization of the case were randomly selected for each case. Cases and controls were selected from the National Disease Notification System-SINAN Influenza-web. The hospital records from 126 hospitals were evaluated, and home interviews were conducted using standardized forms. A total of 48 cases and 185 controls were investigated. Having had a previous health visit to a healthcare provider for an influenza episode before hospital admission was a risk factor for death (adjusted OR (OR(adj)) of 7.93, 95% CI 2.19\u201328.69). Although not significant in the multiple analysis (OR(adj) of 2.13, 95% CI 0.91\u20135.00), the 3(rd) trimester deserves attention, with an OR = 2.22, 95% CI 1.13\u20134.37 in the univariate analysis. Antiviral treatment was a protective factor when administered within 48 hours of symptom onset (OR(adj) = 0.16, 95% CI 0.05\u20130.50) and from 48 to 72 hours (OR(adj) = 0.09, 95% CI 0.01\u20130.87). There was a higher proportion of fetal deaths and preterm births among cases (p = 0.001) and live births with low weight (p = 0.019), compared to control subjects who gave birth during hospitalization. After discharge, control subjects had a favorable neonatal outcome. Early antiviral treatment during the presence of a flu-like illness is an important factor in reducing mortality from influenza in pregnant women and unfavorable neonatal outcomes. It is important to monitor pregnant women, particularly in the 3(rd) trimester of gestation, with influenza illness for diagnosis and early treatment.",
   "publish_time": "2018 Mar 26",
   "authors": [
      "['Ribeiro, Ana Freitas', 'Pellini, Alessandra Cristina Guedes', 'Kitagawa, Beatriz Yuko', 'Marques, Daniel', 'Madalosso, Geraldine', 'Fred, Joao', 'Albernaz, Ricardo Kerti Mangabeira', 'Carvalhanas, Telma Regina Marques Pinto', 'Zanetta, Dirce Maria Trevisan']"
   ],
   "journal": "PLoS One",
   "has_full_text": "True",
   "id": "feb72aaab347ff388a21fc4d96575c5cbf29c020",
   "fhir_link": "Commercial/Composition/feb72aaab347ff388a21fc4d96575c5cbf29c020.json"
}