{
   "sha": "c482f885d7100665959d0e8a2e97d940cc4c6961",
   "source_x": "PMC",
   "title": "Recent advances in the understanding and management of cystic fibrosis pulmonary exacerbations",
   "doi": "http://dx.doi.org/10.12688/f1000research.13926.1",
   "pmcid": "PMC5954331",
   "pubmed_id": "29862015",
   "license": "CC BY",
   "abstract": "Pulmonary exacerbations are common events in cystic fibrosis and have a profound impact on quality of life, morbidity, and mortality. Pulmonary exacerbation outcomes remain poor and a significant proportion of patients fail to recover their baseline lung function despite receiving aggressive treatment with intravenous antibiotics. This focused review provides an update on some of the recent advances that have taken place in our understanding of the epidemiology, pathophysiology, diagnosis, and management of pulmonary exacerbations in cystic fibrosis as well as direction for future study.",
   "publish_time": "2018 May 14",
   "authors": [
      "['Skolnik, Kate', 'Quon, Bradley S.']"
   ],
   "journal": "F1000Res",
   "has_full_text": "True",
   "id": "c482f885d7100665959d0e8a2e97d940cc4c6961",
   "fhir_link": "Commercial/Composition/c482f885d7100665959d0e8a2e97d940cc4c6961.json"
}