{
   "sha": "8b75d3f310bd21d2790e3a185a34f5202f34489d",
   "source_x": "Elsevier",
   "title": "Chapter 9 The Detection of Waterborne Viruses",
   "doi": "10.1016/S0168-7069(07)17009-9",
   "license": "els-covid",
   "abstract": "Publisher Summary Viruses in water are usually present in concentrations too low for detection by direct analysis. Virological investigation of water samples is always a multi-stage process involving concentration of viruses present followed by an appropriate detection procedure. There are several approaches to detection of viruses. Part or all of the concentrate may be inoculated into cell cultures to detect infectious cytopathogenic virus, and if this is done in a quantitative fashion the virus can be enumerated, the count being reported as plaque-forming units, the tissue culture infectious dose, or most probable number units. The virus may be isolated and identified from the cell cultures. Viruses that multiply without producing an identifiable cytopathic effect in culture may sometimes be detected by immunoperoxidase or immunofluorescence staining. The concentrate may also be analyzed by molecular biological procedures (usually polymerase chain reaction (PCR) or real-time-PCR). The problem then is that such techniques do not usually detect the infectious virus, and novel approaches have been made recently to meet this challenge.",
   "publish_time": "2007-12-31",
   "authors": [
      "Wyn-Jones, Peter"
   ],
   "journal": "Perspectives in Medical Virology",
   "has_full_text": "True",
   "full_text_file": "custom_license",
   "id": "https://doi.org/10.1016/S0168-7069(07)17009-9",
   "fhir_link": [
      "PMC/Composition/8b75d3f310bd21d2790e3a185a34f5202f34489d"
   ]
}