{
   "sha": "436e61a48e3f8612480cb7261040897dfa875524",
   "source_x": "PMC",
   "title": "Establishment of porcine enterocyte/myofibroblast co-cultures for the growth of porcine rota- and coronaviruses",
   "doi": "http://dx.doi.org/10.1038/s41598-018-33305-1",
   "pmcid": "PMC6185943",
   "pubmed_id": "30315177",
   "license": "CC BY",
   "abstract": "A stable culture of primary porcine enterocytes is necessary to study porcine enteric virus replication characteristics. Because the direct cultivation of primary porcine enterocytes is difficult, alternatives have to be considered. As subepithelial myofibroblasts secrete extracellular matrix and growth factors contributing to the attachment, proliferation and differentiation of epithelial cells, co-cultures of primary porcine enterocytes (ileocytes and colonocytes) with myofibroblasts were developed and evaluated for their susceptibility to enteric viruses. First, it was demonstrated that the co-cultured ileocytes and colonocytes were susceptible to an archival rotavirus strain RVA/pig-tc/BEL/RV277/1977/G1P[7] and different other rotavirus genotypes (fecal samples containing G5P[7], G5P[13], G9P[23], G4P[6]). Next, the TGEV Purdue strain infected both ileocytes and colonocytes whereas the Miller strain only infected ileocytes. Last, the PEDV CV777 Vero adapted and non-adapted (fecal suspension) strains could infect co-cultured ileocytes but\u00a0not colonocytes. The infectivity of the CV777 Vero adapted strain was higher when the cells were cultured without fetal bovine serum and the CV777 fecal suspension only infected the ileocytes cultured without fetal bovine serum. In conclusion, a novel co-culture of porcine enterocytes with myofibroblasts was established, which can be used for the investigation of the replication of enteric viruses.",
   "publish_time": "2018 Oct 12",
   "authors": [
      "['Cui, Tingting', 'Theuns, Sebastiaan', 'Desmarets, Lowiese M. B.', 'Xie, Jiexiong', 'De Gryse, Ga\u00ebtan M. A.', 'Yang, Bo', 'Van den Broeck, Wim', 'Nauwynck, Hans J.']"
   ],
   "journal": "Sci Rep",
   "has_full_text": "True",
   "id": "436e61a48e3f8612480cb7261040897dfa875524",
   "fhir_link": "Commercial/436e61a48e3f8612480cb7261040897dfa875524"
}