{
   "sha": "c9c34b0ef9eacdf1bce00a71e1ff612479c3f004",
   "source_x": "PMC",
   "title": "Atg5 Supports Rickettsia australis Infection in Macrophages In Vitro and In Vivo",
   "doi": "http://dx.doi.org/10.1128/IAI.00651-18",
   "pmcid": "PMC6300621",
   "pubmed_id": "30297526",
   "license": "CC BY",
   "abstract": "Rickettsiae can cause life-threatening infections in humans. Macrophages are one of the initial targets for rickettsiae after inoculation by ticks. However, it remains poorly understood how rickettsiae remain free in macrophages prior to establishing their infection in microvascular endothelial cells. Here, we demonstrated that the concentration of Rickettsia australis was significantly greater in infected tissues of Atg5(flox/flox) mice than in the counterparts of Atg5(flox/flox) Lyz-Cre mice, in association with a reduced level of interleukin-1\u03b2 (IL-1\u03b2) in serum. The greater concentration of R. australis in Atg5(flox/flox) bone marrow-derived macrophages (BMMs) than in Atg5(flox/flox) Lyz-Cre BMMs in vitro was abolished by exogenous treatment with recombinant IL-1\u03b2. Rickettsia australis induced significantly increased levels of light chain 3 (LC3) form II (LC3-II) and LC3 puncta in Atg5-competent BMMs but not in Atg5-deficient BMMs, while no p62 turnover was observed. Further analysis found the colocalization of LC3 with a small portion of R. australis and Rickettsia-containing double-membrane-bound vacuoles in the BMMs of B6 mice. Moreover, treatment with rapamycin significantly increased the concentrations of R. australis in B6 BMMs compared to those in the untreated B6 BMM controls. Taken together, our results demonstrate that Atg5 favors R. australis infection in mouse macrophages in association with a suppressed level of IL-1\u03b2 production but not active autophagy flux. These data highlight the contribution of Atg5 in macrophages to the pathogenesis of rickettsial diseases.",
   "publish_time": "2018 Dec 19",
   "authors": [
      "['Bechelli, Jeremy', 'Vergara, Leoncio', 'Smalley, Claire', 'Buzhdygan, Tetyana P.', 'Bender, Sean', 'Zhang, William', 'Liu, Yan', 'Popov, Vsevolod L.', 'Wang, Jin', 'Garg, Nisha', 'Hwang, Seungmin', 'Walker, David H.', 'Fang, Rong']"
   ],
   "journal": "Infect Immun",
   "has_full_text": "True",
   "id": "c9c34b0ef9eacdf1bce00a71e1ff612479c3f004",
   "fhir_link": "Commercial/c9c34b0ef9eacdf1bce00a71e1ff612479c3f004"
}