{
   "sha": "010244516e83fe8af1440b7223c4d8577d2787f3",
   "source_x": "PMC",
   "title": "Forecasting national and regional influenza-like illness for the USA",
   "doi": "http://dx.doi.org/10.1371/journal.pcbi.1007013",
   "pmcid": "PMC6557527",
   "pubmed_id": "31120881",
   "license": "CC BY",
   "abstract": "Health planners use forecasts of key metrics associated with influenza-like illness (ILI); near-term weekly incidence, week of season onset, week of peak, and intensity of peak. Here, we describe our participation in a weekly prospective ILI forecasting challenge for the United States for the 2016-17 season and subsequent evaluation of our performance. We implemented a metapopulation model framework with 32 model variants. Variants differed from each other in their assumptions about: the force-of-infection (FOI); use of uninformative priors; the use of discounted historical data for not-yet-observed time points; and the treatment of regions as either independent or coupled. Individual model variants were chosen subjectively as the basis for our weekly forecasts; however, a subset of coupled models were only available part way through the season. Most frequently, during the 2016-17 season, we chose; FOI variants with both school vacations and humidity terms; uninformative priors; the inclusion of discounted historical data for not-yet-observed time points; and coupled regions (when available). Our near-term weekly forecasts substantially over-estimated incidence early in the season when coupled models were not available. However, our forecast accuracy improved in absolute terms and relative to other teams once coupled solutions were available. In retrospective analysis, we found that the 2016-17 season was not typical: on average, coupled models performed better when fit without historically augmented data. Also, we tested a simple ensemble model for the 2016-17 season and found that it underperformed our subjective choice for all forecast targets. In this study, we were able to improve accuracy during a prospective forecasting exercise by coupling dynamics between regions. Although reduction of forecast subjectivity should be a long-term goal, some degree of human intervention is likely to improve forecast accuracy in the medium-term in parallel with the systematic consideration of more sophisticated ensemble approaches.",
   "publish_time": "2019 May 23",
   "authors": [
      "['Ben-Nun, Michal', 'Riley, Pete', 'Turtle, James', 'Bacon, David P.', 'Riley, Steven']"
   ],
   "journal": "PLoS Comput Biol",
   "has_full_text": "False",
   "id": "010244516e83fe8af1440b7223c4d8577d2787f3"
}