{
   "sha": "2aa3a94a43e4f128eed2d9b1190a85cdb39641b7",
   "source_x": "PMC",
   "title": "Type I Interferon Signaling Disrupts the Hepatic Urea Cycle and Alters Systemic Metabolism to Suppress T Cell Function",
   "doi": "http://dx.doi.org/10.1016/j.immuni.2019.10.014",
   "pmcid": "PMC6926485",
   "pubmed_id": "31784108",
   "license": "CC BY",
   "abstract": "Infections induce complex host responses linked to antiviral defense, inflammation, and tissue damage and repair. We hypothesized that the liver, as a central metabolic hub, may orchestrate systemic metabolic changes during infection. We infected mice with chronic lymphocytic choriomeningitis virus (LCMV), performed RNA sequencing and proteomics of liver tissue, and integrated these data with serum metabolomics at different infection phases. Widespread reprogramming of liver metabolism occurred\u00a0early after infection, correlating with type I interferon (IFN-I) responses. Viral infection induced metabolic alterations of the liver\u00a0that depended on the interferon alpha/beta receptor (IFNAR1). Hepatocyte-intrinsic IFNAR1 repressed the transcription of metabolic genes, including Otc and Ass1, which encode urea cycle enzymes. This led to decreased arginine and increased ornithine concentrations in the circulation, resulting in suppressed virus-specific CD8(+) T\u00a0cell responses and ameliorated liver pathology. These findings establish IFN-I-induced\u00a0modulation of hepatic metabolism and the\u00a0urea cycle as an endogenous mechanism of immunoregulation. VIDEO ABSTRACT:",
   "publish_time": "2019 Dec 17",
   "authors": [
      "['Lercher, Alexander', 'Bhattacharya, Anannya', 'Popa, Alexandra M.', 'Caldera, Michael', 'Schlapansky, Moritz F.', 'Baazim, Hatoon', 'Agerer, Benedikt', 'G\u00fcrtl, Bettina', 'Kosack, Lindsay', 'M\u00e1jek, Peter', 'Brunner, Julia S.', 'Vitko, Dijana', 'Pinter, Theresa', 'Genger, Jakob-Wendelin', 'Orlova, Anna', 'Pikor, Natalia', 'Reil, Daniela', 'Ozsv\u00e1r-Kozma, Maria', 'Kalinke, Ulrich', 'Ludewig, Burkhard', 'Moriggl, Richard', 'Bennett, Keiryn L.', 'Menche, J\u00f6rg', 'Cheng, Paul N.', 'Schabbauer, Gernot', 'Trauner, Michael', 'Klavins, Kristaps', 'Bergthaler, Andreas']"
   ],
   "journal": "Immunity",
   "has_full_text": "False",
   "id": "2aa3a94a43e4f128eed2d9b1190a85cdb39641b7"
}