{
   "sha": "d45f0042fd65b1a24873bab4fb027c22d122d3d3",
   "source_x": "PMC",
   "title": "An Insect Nidovirus Emerging from a Primary Tropical Rainforest",
   "doi": "http://dx.doi.org/10.1128/mBio.00077-11",
   "pmcid": "PMC3111606",
   "pubmed_id": "21673192",
   "license": "CC BY-NC-SA",
   "abstract": "Tropical rainforests show the highest level of terrestrial biodiversity and may be an important contributor to microbial diversity. Exploitation of these ecosystems may foster the emergence of novel pathogens. We report the discovery of the first insect-associated nidovirus, tentatively named Cavally virus (CAVV). CAVV was found with a prevalence of 9.3% during a survey of mosquito-associated viruses along an anthropogenic disturbance gradient in C\u00f4te d\u2019Ivoire. Analysis of habitat-specific virus diversity and ancestral state reconstruction demonstrated an origin of CAVV in a pristine rainforest with subsequent spread into agriculture and human settlements. Virus extension from the forest was associated with a decrease in virus diversity (P < 0.01) and an increase in virus prevalence (P < 0.00001). CAVV is an enveloped virus with large surface projections. The RNA genome comprises 20,108 nucleotides with seven major open reading frames (ORFs). ORF1a and -1b encode two large proteins that share essential features with phylogenetically higher representatives of the order Nidovirales, including the families Coronavirinae and Torovirinae, but also with families in a basal phylogenetic relationship, including the families Roniviridae and Arteriviridae. Genetic markers uniquely conserved in nidoviruses, such as an endoribonuclease- and helicase-associated zinc-binding domain, are conserved in CAVV. ORF2a and -2b are predicted to code for structural proteins S and N, respectively, while ORF3a and -3b encode proteins with membrane-spanning regions. CAVV produces three subgenomic mRNAs with 5\u2032 leader sequences (of different lengths) derived from the 5\u2032 end of the genome. This novel cluster of mosquito-associated nidoviruses is likely to represent a novel family within the order Nidovirales.",
   "publish_time": "2011 Jun 14",
   "authors": [
      "['Zirkel, Florian', 'Kurth, Andreas', 'Quan, Phenix-Lan', 'Briese, Thomas', 'Ellerbrok, Heinz', 'Pauli, Georg', 'Leendertz, Fabian H.', 'Lipkin, W. Ian', 'Ziebuhr, John', 'Drosten, Christian', 'Junglen, Sandra']"
   ],
   "journal": "mBio",
   "has_full_text": "True",
   "id": "d45f0042fd65b1a24873bab4fb027c22d122d3d3",
   "fhir_link": "Non-comercial/d45f0042fd65b1a24873bab4fb027c22d122d3d3"
}