{
   "sha": "0ad29b032fe87db2641893f4cc880c22f2107712",
   "source_x": "PMC",
   "title": "Preventive Effect of Korean Red Ginseng for Acute Respiratory Illness: A Randomized and Double-Blind Clinical Trial",
   "doi": "http://dx.doi.org/10.3346/jkms.2012.27.12.1472",
   "pmcid": "PMC3524425",
   "pubmed_id": "23255845",
   "license": "CC BY-NC",
   "abstract": "Korean Red Ginseng (KRG) is a functional food and has been well known for keeping good health due to its anti-fatigue and immunomodulating activities. However, there is no data on Korean red ginseng for its preventive activity against acute respiratory illness (ARI). The study was conducted in a randomized, double-blinded, placebo-controlled trial in healthy volunteers (Clinical Trial Number: NCT01478009). Our primary efficacy end point was the number of ARI reported and secondary efficacy end point was severity of symptoms, number of symptoms, and duration of ARI. A total of 100 volunteers were enrolled in the study. Fewer subjects in the KRG group reported contracting at least 1 ARI than in the placebo group (12 [24.5%] vs 22 [44.9%], P = 0.034), the difference was statistically significant between the two groups. The symptom duration of the subjects who experienced the ARI, was similar between the two groups (KRG vs placebo; 5.2 \u00b1 2.3 vs 6.3 \u00b1 5.0, P = 0.475). The symptom scores were low tendency in KRG group (KRG vs placebo; 9.5 \u00b1 4.5 vs 17.6 \u00b1 23.1, P = 0.241). The study suggests that KRG may be effective in protecting subjects from contracting ARI, and may have the tendency to decrease the duration and scores of ARI symptoms.",
   "publish_time": "2012 Dec 7",
   "authors": [
      "['Lee, Chang-Seop', 'Lee, Ju-Hyung', 'Oh, Mira', 'Choi, Kyung-Min', 'Jeong, Mi Ran', 'Park, Jong-Dae', 'Kwon, Dae Young', 'Ha, Ki-Chan', 'Park, Eun-Ock', 'Lee, Nuri', 'Kim, Sun-Young', 'Choi, Eun-Kyung', 'Kim, Min-Gul', 'Chae, Soo-Wan']"
   ],
   "journal": "J Korean Med Sci",
   "has_full_text": "True",
   "id": "0ad29b032fe87db2641893f4cc880c22f2107712",
   "fhir_link": "Non-comercial/0ad29b032fe87db2641893f4cc880c22f2107712"
}