{
   "sha": "6d28097d6542b0b34f34ca4d2359856cc461b5f5",
   "source_x": "PMC",
   "title": "Respiratory Syncytial Virus and Other Respiratory Viral Infections in Older Adults With Moderate to Severe Influenza-like Illness",
   "doi": "http://dx.doi.org/10.1093/infdis/jit839",
   "pmcid": "PMC4038137",
   "pubmed_id": "24482398",
   "license": "CC BY-NC-ND",
   "abstract": "Background.\u2003Few studies have prospectively assessed viral etiologies of acute respiratory infections in community-based elderly individuals. We assessed viral respiratory pathogens in individuals \u226565 years with influenza-like illness (ILI). Methods.\u2003Multiplex reverse-transcriptase polymerase chain reaction identified viral pathogens in nasal/throat swabs from 556 episodes of moderate-to-severe ILI, defined as ILI with pneumonia, hospitalization, or maximum daily influenza symptom severity score (ISS) >2. Cases were selected from a randomized trial of an adjuvanted vs nonadjuvanted influenza vaccine conducted in elderly adults from 15 countries. Results.\u2003Respiratory syncytial virus (RSV) was detected in 7.4% (41/556) moderate-to-severe ILI episodes in elderly adults. Most (39/41) were single infections. There was a significant association between country and RSV detection (P = .004). RSV prevalence was 7.1% (2/28) in ILI with pneumonia, 12.5% (8/64) in ILI with hospitalization, and 6.7% (32/480) in ILI with maximum ISS > 2. Any virus was detected in 320/556 (57.6%) ILI episodes: influenza A (104/556, 18.7%), rhinovirus/enterovirus (82/556, 14.7%), coronavirus and human metapneumovirus (each 32/556, 5.6%). Conclusions.\u2003This first global study providing data on RSV disease in \u226565 year-olds confirms that RSV is an important respiratory pathogen in the elderly. Preventative measures such as vaccination could decrease severe respiratory illnesses and complications in the elderly.",
   "publish_time": "2014 Jun 15",
   "authors": [
      "['Falsey, Ann R.', 'McElhaney, Janet E.', 'Beran, Jiri', 'van Essen, Gerrit A.', 'Duval, Xavier', 'Esen, Meral', 'Galtier, Florence', 'Gervais, Pierre', 'Hwang, Shinn-Jang', 'Kremsner, Peter', 'Launay, Odile', 'Leroux-Roels, Geert', 'McNeil, Shelly A.', 'Nowakowski, Andrzej', 'Richardus, Jan Hendrik', 'Ruiz-Palacios, Guillermo', 'St Rose, Suzanne', 'Devaster, Jeanne-Marie', 'Oostvogels, Lidia', 'Durviaux, Serge', 'Taylor, Sylvia']"
   ],
   "journal": "J Infect Dis",
   "has_full_text": "True",
   "id": "6d28097d6542b0b34f34ca4d2359856cc461b5f5",
   "fhir_link": "Non-comercial/6d28097d6542b0b34f34ca4d2359856cc461b5f5"
}