{
   "sha": "71a02ec5050593d346595f2af85aa3ce3b403bdc",
   "source_x": "PMC",
   "title": "Assessing and Managing the Risks of Potential Pandemic Pathogen Research",
   "doi": "http://dx.doi.org/10.1128/mBio.01075-15",
   "pmcid": "PMC4513083",
   "pubmed_id": "26199335",
   "license": "CC BY-NC-SA",
   "publish_time": "2015 Jul 21",
   "authors": [
      "Rozell, Daniel J."
   ],
   "journal": "mBio",
   "has_full_text": "True",
   "id": "71a02ec5050593d346595f2af85aa3ce3b403bdc",
   "fhir_link": "Non-comercial/71a02ec5050593d346595f2af85aa3ce3b403bdc"
}