{
   "sha": "60e60278fa8ee4adff6f62b476282a1ea8316f63",
   "source_x": "PMC",
   "title": "A46\u2003MERS-CoV in Arabian camels in Africa and Central Asia",
   "doi": "http://dx.doi.org/10.1093/ve/vew036.045",
   "pmcid": "PMC5565921",
   "pubmed_id": "28845242",
   "license": "CC BY-NC",
   "publish_time": "2017 Mar 5",
   "authors": [
      "['Chu, Daniel K.W.', 'Chan, Samuel M.S.', 'Perera, Ranawaka A.P.M.', 'Miguel, Eve', 'Roger, F.', 'Chevalier, V.', 'Poon, Leo L.M.', 'Peiris, Malik']"
   ],
   "journal": "Virus Evol",
   "has_full_text": "False",
   "id": "60e60278fa8ee4adff6f62b476282a1ea8316f63"
}