{
   "sha": "252878458973ebf8c4a149447b2887f0e553e7b5",
   "source_x": "PMC",
   "title": "Successful Treatment of Disseminated Nocardiosis Caused by Nocardia veterana in a Dog",
   "doi": "http://dx.doi.org/10.1111/jvim.14855",
   "pmcid": "PMC5787162",
   "pubmed_id": "29105868",
   "license": "CC BY-NC",
   "abstract": "A 5\u2010year\u2010old male castrated Lhasa Apso cross was evaluated for a 1\u2010month history of inappetence, lethargy, gagging, and progressive right thoracic limb lameness. Synovial fluid analysis revealed nonseptic suppurative inflammation, and a diagnosis of immune\u2010mediated polyarthritis (IMPA) was made. After 3\u00a0months of treatment with prednisone and later cyclosporine, the dog developed multiple firm cutaneous and subcutaneous masses and a focal mass within the jejunum. Cultures of blood, urine, skin lesions, and the jejunal mass identified Nocardia veterana by matrix\u2010absorption laser desorption ionization\u2010time\u2010of\u2010flight mass spectrometry (MALDI\u2010TOF MS) and allowed for earlier identification of the organism compared to more traditional secA1 gene sequencing. Immunosuppressive drug treatment was discontinued, and the dog was treated for 3\u00a0months by administration of trimethoprim\u2010sulfamethoxazole (TMS). No recurrence of clinical signs was reported 1\u00a0year later. This case report highlights the clinical utility of MALDI\u2010TOF MS, particularly for the rapid identification of slow\u2010growing, fastidious organisms.",
   "publish_time": "2018 Nov 4 Jan-Feb",
   "authors": [
      "['Yaemsiri, S.', 'Sykes, J.E.']"
   ],
   "journal": "J Vet Intern Med",
   "has_full_text": "True",
   "id": "252878458973ebf8c4a149447b2887f0e553e7b5",
   "fhir_link": "Non-comercial/252878458973ebf8c4a149447b2887f0e553e7b5"
}