{
   "sha": "dedc4700c705e92f673764ae9959fac57f1e2e7b",
   "source_x": "PMC",
   "title": "Recomendaciones para la atenci\u00f3n del paciente con neumon\u00eda adquirida en la comunidad en los Servicios de Urgencias",
   "pmcid": "PMC6159381",
   "pubmed_id": "29619807",
   "license": "CC BY-NC",
   "abstract": "The incidence of community-acquired pneumonia (CAP) ranges from 2-15 cases / 1,000 inhabitants / year, being higher in those older than 65 years and in patients with high comorbidity. Around 75% of all CAP diagnosed are treated in the Emergency Department (ED). The CAP represents the main cause for sepsis and septic shock in ED, and the most frequent cause of death and admission to the Intensive Care Unit (ICU) due to infectious disease. Overall mortality is 10-14% according to age and associated risk factors. Forty to 60% of CAP will require hospital admission, including observation units (with very variable ranges from 22-65% according to centers, seasonal of the year and patients\u00b4 characteristics). Between the admissions, 2-10% will be in the ICU. All of previously mentioned reflects the importance of the CAP in the ED, as well as the \u201cimpact of the emergency care on the patient with CAP\u201d, as it is the establishment where the initial, but key decisions, are made and could condition the outcome of the illness. It is known the great variability among physicians in the diagnostic and therapeutic management of CAP, which is one of the reasons that explains the great differences in the admission rates, achievement of the microbiological diagnosis, request for complementary studies, the choice of antimicrobial treatment, or the diversity of applied care. In this sense, the implementation of clinical practice guidelines with the use of the severity scores and the new tools available, such as biomarkers, can improve patient care with CAP in ED. Therefore, a multidisciplinary group of emergency professionals and specialists involved in the care process of CAP has designed a guideline with several recommendations for decisions-making during the key moments in patients with CAP attended in the ED.",
   "publish_time": "2018 Apr 12",
   "authors": [
      "['Juli\u00e1n-Jim\u00e9nez, Agust\u00edn', 'Valero, Inmaculada Ad\u00e1n', 'L\u00f3pez, Alicia Beteta', 'Mart\u00edn, Luis Miguel Cano', 'Rodr\u00edguez, Olga Fern\u00e1ndez', 'D\u00edaz, Rafael Rubio', 'Berrocal, M\u00aa Antonia Sep\u00falveda', 'del Castillo, Juan Gonz\u00e1lez', 'Gonz\u00e1lez, Francisco Javier Candel', None]"
   ],
   "journal": "Rev Esp Quimioter",
   "has_full_text": "True",
   "id": "dedc4700c705e92f673764ae9959fac57f1e2e7b",
   "fhir_link": "Non-comercial/dedc4700c705e92f673764ae9959fac57f1e2e7b"
}