{
   "sha": "f0a7684b84d874e9d61eee9c4cff37bb45bb2547",
   "source_x": "PMC",
   "title": "Case of the Index Patient Who Caused Tertiary Transmission of Coronavirus Disease 2019 in Korea: the Application of Lopinavir/Ritonavir for the Treatment of COVID-19 Pneumonia Monitored by Quantitative RT-PCR",
   "doi": "http://dx.doi.org/10.3346/jkms.2020.35.e79",
   "pmcid": "PMC7025910",
   "pubmed_id": "32056407",
   "license": "CC BY-NC",
   "abstract": "Since mid-December of 2019, coronavirus disease 2019 (COVID-19) has been spreading from Wuhan, China. The confirmed COVID-19 patients in South Korea are those who came from or visited China. As secondary transmissions have occurred and the speed of transmission is accelerating, there are rising concerns about community infections. The 54-year old male is the third patient diagnosed with COVID-19 in Korea. He is a worker for a clothing business and had mild respiratory symptoms and intermittent fever in the beginning of hospitalization, and pneumonia symptoms on chest computerized tomography scan on day 6 of admission. This patient caused one case of secondary transmission and three cases of tertiary transmission. Hereby, we report the clinical findings of the index patient who was the first to cause tertiary transmission outside China. Interestingly, after lopinavir/ritonavir (Kaletra, AbbVie) was administered, \u03b2-coronavirus viral loads significantly decreased and no or little coronavirus titers were observed.",
   "publish_time": "2020 Feb 14",
   "authors": [
      "['Lim, Jaegyun', 'Jeon, Seunghyun', 'Shin, Hyun-Young', 'Kim, Moon Jung', 'Seong, Yu Min', 'Lee, Wang Jun', 'Choe, Kang-Won', 'Kang, Yu Min', 'Lee, Baeckseung', 'Park, Sang-Joon']"
   ],
   "journal": "J Korean Med Sci",
   "has_full_text": "True",
   "id": "f0a7684b84d874e9d61eee9c4cff37bb45bb2547",
   "fhir_link": "Non-comercial/f0a7684b84d874e9d61eee9c4cff37bb45bb2547"
}