{
   "sha": "f9a38a8e26ffe3c3a028f67a4ffc622a7d63661e",
   "source_x": "PMC",
   "title": "Novel Hepatitis E Virus in Ferrets, the Netherlands",
   "doi": "http://dx.doi.org/10.3201/eid1808.111659",
   "pmcid": "PMC3414025",
   "pubmed_id": "22840220",
   "license": "NO-CC CODE",
   "publish_time": "2012 Aug",
   "authors": [
      "['Raj, V. Stalin', 'Smits, Saskia L.', 'Pas, Suzan D.', 'Provacia, Lisette B.V.', 'Moorman-Roest, Hanneke', 'Osterhaus, Albert D.M.E.', 'Haagmans, Bart L.']"
   ],
   "journal": "Emerg Infect Dis",
   "has_full_text": "False",
   "id": "f9a38a8e26ffe3c3a028f67a4ffc622a7d63661e"
}