{
   "sha": "843f0cacbbf8ea36f7638c26564c118035284f40",
   "source_x": "PMC",
   "title": "Structural Basis of Evasion of Cellular Adaptive Immunity by HIV-1 Nef",
   "doi": "http://dx.doi.org/10.1038/nsmb.2328",
   "pmcid": "PMC3407041",
   "pubmed_id": "22705789",
   "license": "NO-CC CODE",
   "abstract": "The HIV-1 protein Nef inhibits antigen presentation by class I MHC (MHC-I). Here the mechanism of this activity is revealed by the crystal structure of a protein complex consisting of Nef, the MHC-I cytoplasmic domain (MHC-I CD), and the \u03bc1 subunit of the clathrin adaptor protein complex 1. A ternary, cooperative interaction clamps the MHC-I CD into a narrow binding groove at the Nef-\u03bc1 interface encompassing the cargo-recognition site of \u03bc1 and the proline rich strand of Nef. The Nef C-terminus induces a novel conformational change in \u03bc1, while the N-terminus binds the Nef core to position it optimally for complex formation. Positively charged patches on \u03bc1 recognize acidic clusters in Nef and MHC-I. The structure shows how Nef functions as a clathrin-associated sorting protein to alter the specificity of host membrane trafficking and enable viral evasion of adaptive immunity.",
   "publish_time": "2012 Jun 17",
   "authors": [
      "['Jia, Xiaofei', 'Singh, Rajendra', 'Homann, Stefanie', 'Yang, Haitao', 'Guatelli, John', 'Xiong, Yong']"
   ],
   "journal": "Nat Struct Mol Biol",
   "has_full_text": "True",
   "id": "843f0cacbbf8ea36f7638c26564c118035284f40",
   "fhir_link": "PMC/843f0cacbbf8ea36f7638c26564c118035284f40"
}