{
   "sha": "881bb13e961f96f6d3ba6e0cd749126d56245bb8",
   "source_x": "PMC",
   "title": "Influenza A(H1N1)pdm09 Virus Infection in Giant Pandas, China",
   "doi": "http://dx.doi.org/10.3201/eid2003.131531",
   "pmcid": "PMC3944863",
   "pubmed_id": "24565026",
   "license": "NO-CC CODE",
   "abstract": "We confirmed infection with influenza A(H1N1)pdm09 in giant pandas in China during 2009 by using virus isolation and serologic analysis methods. This finding extends the host range of influenza viruses and indicates a need for increased surveillance for and control of influenza viruses among giant pandas.",
   "publish_time": "2014 Mar",
   "authors": [
      "['Li, Desheng', 'Zhu, Ling', 'Cui, Hengmin', 'Ling, Shanshan', 'Fan, Shengtao', 'Yu, Zhijun', 'Zhou, Yuancheng', 'Wang, Tiecheng', 'Qian, Jun', 'Xia, Xianzhu', 'Xu, Zhiwen', 'Gao, Yuwei', 'Wang, Chengdong']"
   ],
   "journal": "Emerg Infect Dis",
   "has_full_text": "True",
   "id": "881bb13e961f96f6d3ba6e0cd749126d56245bb8",
   "fhir_link": "PMC/881bb13e961f96f6d3ba6e0cd749126d56245bb8"
}