{
   "source_x": "PMC",
   "title": "Constitutive IFN\u03b1/\u03b2 signaling maintains expression of signaling intermediaries for efficient cytokine responses",
   "doi": "http://dx.doi.org/10.1080/21623996.2016.1173804",
   "pmcid": "PMC4964971",
   "abstract": "Interferons (IFNs) are a family of immunoregulatory cytokines with important roles in anti-viral and anti-tumor responses. Type I and II IFNs bind distinct receptors and are associated with different stages of the immune response. There is however, considerable crosstalk between these two cytokines with enhancement of IFN\u03b3 responses following IFN\u03b1/\u03b2 priming and loss of IFN\u03b1/\u03b2 receptor (IFNAR) resulting in diminished IFN\u03b3 responses. In this study, we sought to define the mechanism of crosstalk between the type I and II IFNs. Our previous reports demonstrated reduced expression of the canonically activated transcription factor signal transducer and activator of transcription (STAT)1, in cells lacking the IFNAR \u03b1 chain (IFNAR1). Therefore, we used microarray analysis to determine whether reconstitution of STAT1 in IFNAR1-deficient cells was sufficient to restore IFN\u03b3 responses. We identified several biological pathways, including the MHC class I antigen presentation pathway, in which STAT1 reconstitution was able to significantly rescue IFN\u03b3-mediated gene regulation in Ifnar1(\u2212/\u2212) cells. Notably, we also found that in addition to low basal expression of STAT1, cells lacking the IFNAR1 also had aberrant expression of multiple other transcription factors and signaling intermediaries. The studies described herein demonstrate that basal and regulated expression of signaling intermediaries is a mechanism for crosstalk between cytokines including type I and II IFNs.",
   "authors": [
      "['Messina, Nicole L.', 'Clarke, Christopher J. P.', 'Johnstone, Ricky W.']"
   ],
   "id": "https://www.ncbi.nlm.nih.gov/pmc/articles/PMC4964971"
}