{
   "source_x": "PMC",
   "title": "Impact of Infection Prevention and Control Initiatives on Acute Respiratory Infections in a Pediatric Long-Term Care Facility",
   "doi": "http://dx.doi.org/10.1017/ice.2016.73",
   "pmcid": "PMC5108294",
   "abstract": "We evaluated the collective impact of several infection prevention and control initiatives aimed at reducing acute respiratory infections (ARIs) in a pediatric long-term care facility. ARIs did not decrease overall, though the proportion of infections associated with outbreaks and average number of cases per outbreak decreased. Influenza rates decreased significantly.",
   "authors": [
      "['Murray, Meghan T.', 'Jackson, Olivia', 'Cohen, Bevin', 'Hutcheon, Gordon', 'Saiman, Lisa', 'Larson, Elaine', 'Neu, Natalie']"
   ],
   "id": "https://www.ncbi.nlm.nih.gov/pmc/articles/PMC5108294"
}