{
   "source_x": "PMC",
   "title": "Age-associated Failure to Adjust Type I Interferon Receptor Signaling Thresholds after T-cell Activation()",
   "doi": "http://dx.doi.org/10.4049/jimmunol.1402389",
   "pmcid": "PMC4506866",
   "abstract": "With increasing age, na\u00efve CD4 T cells acquire intrinsic defects that compromise their ability to respond and differentiate. Type I IFNs, pervasive constituents of the environment in which adaptive immune responses occur, are known to regulate T cell differentiation and survival. Activated na\u00efve CD4 T cells from older individuals have reduced responses to type I IFN, a defect that develops during activation and is not observed in quiescent na\u00efve CD4 T cells. Na\u00efve CD4 T cells from young adults upregulate the expression of STAT1 and STAT5 after activation, lowering their threshold to respond to type I IFN stimulation. The heightened STAT signaling is critical to maintain the expression of CD69 that regulates lymphocyte egress and the ability to produce IL-2 and to survive. Although activation of T cells from older adults also induces transcription of STAT1 and STAT5, failure to exclude SHP1 to the signaling complex blunts their type I IFN response. In summary, our data show that type I IFN signaling thresholds in na\u00efve CD4 T cells after activation are dynamically regulated to respond environmental cues for clonal expansion and memory cell differentiation. Na\u00efve CD4 T cells from older adults have a defect in this threshold calibration. Restoring their ability to respond to type I IFN emerges as a promising target to restore T cell responses and improve the induction of T cell memory.",
   "authors": [
      "['Li, Guangjin', 'Ju, Jihang', 'Weyand, Cornelia M.', 'Goronzy, J\u00f6rg J.']"
   ],
   "id": "https://www.ncbi.nlm.nih.gov/pmc/articles/PMC4506866"
}