{
   "source_x": "PMC",
   "title": "Intracisternal Cyclodextrin Prevents Cerebellar Dysfunction and Purkinje Cell Death in Feline Niemann-Pick type C1 disease",
   "doi": "http://dx.doi.org/10.1126/scitranslmed.3010101",
   "pmcid": "PMC4415615",
   "abstract": "Niemann-Pick type C1 (NPC) disease is a lysosomal storage disease caused by mutations in the NPC1 gene, leading to an increase in unesterified cholesterol and several sphingolipids, and resulting in hepatic disease and progressive neurological disease. Whereas subcutaneous administration of the pharmaceutical excipient 2-hydroxypropyl-beta-cyclodextrin (HP\u03b2CD) ameliorated hepatic disease, doses sufficient to reduce neurological disease resulted in pulmonary toxicity. In contrast, direct administration of HP\u03b2CD into the cisterna magna of presymptomatic cats with NPC disease prevented the onset of cerebellar dysfunction for greater than a year and resulted in a reduction in Purkinje cell loss and near normal concentrations of cholesterol and sphingolipids. Moreover, administration of intracisternal HP\u03b2CD to NPC cats with ongoing cerebellar dysfunction slowed disease progression, increased survival time, and decreased the accumulation of brain gangliosides. An increase in hearing threshold was identified as a potential adverse effect. Together, these studies in the feline animal model have provided critical data on efficacy and safety of drug administration directly into the CNS that will be important for advancing HP\u03b2CD into clinical trials.",
   "authors": [
      "['Vite, C. H.', 'Bagel, J. H.', 'Swain, G. P.', 'Prociuk, M.', 'Sikora, T. U.', 'Stein, V. M.', 'O\u2019Donnell, P.', 'Ruane, T.', 'Ward, S.', 'Crooks, A.', 'Li, S.', 'Mauldin, E.', 'Stellar, S.', 'De Meulder, M.', 'Kao, M. L.', 'Ory, D. S.', 'Davidson, C.', 'Vanier, M. T.', 'Walkley, S. U.']"
   ],
   "id": "https://www.ncbi.nlm.nih.gov/pmc/articles/PMC4415615"
}