{
   "source_x": "PMC",
   "title": "Exposure of feral swine (Sus scrofa) in the United States to selected pathogens",
   "pmcid": "PMC4283238",
   "abstract": "Feral swine (Sus scrofa) are widely distributed in the United States. In 2011 and 2012, serum samples and tonsils were recovered from 162 and 37 feral swine, respectively, in the US to evaluate exposure to important swine endemic pathogens. Antibodies against porcine reproductive and respiratory syndrome virus (PRRSV) and porcine circovirus type 2 (PCV2) were found in 2.5% and 25.3% of tested sera, respectively. Positive serological reactions against Mycoplasma hyopneumoniae and Actinobacillus pleuropneumoniae have been detected in 19.7% and 69.7% of animals. More than 15% of animals presented antibodies against these 2 pathogens simultaneously. Most animals were also seropositive for Lawsonia intracellularis. Feral swine can also be involved in transmission of zoonotic agents. Almost 50% of animals possessed antibodies against Salmonella. In addition, 94.4% of animals were carriers of Streptococcus suis in their tonsils. In conclusion, feral swine may be considered as a potential reservoir for different endemic diseases in domestic pigs, as well as for important zoonotic agents.",
   "authors": [
      "['Baroch, John A.', 'Gagnon, Carl A.', 'Lacouture, Sonia', 'Gottschalk, Marcelo']"
   ],
   "id": "https://www.ncbi.nlm.nih.gov/pmc/articles/PMC4283238"
}