{
   "source_x": "PMC",
   "title": "Pressure\u2010controlled versus volume\u2010controlled ventilation for acute respiratory failure due to acute lung injury (ALI) or acute respiratory distress syndrome (ARDS)",
   "doi": "http://dx.doi.org/10.1002/14651858.CD008807.pub2",
   "pmcid": "PMC6457606",
   "abstract": "BACKGROUND: Acute lung injury (ALI) and acute respiratory distress syndrome (ARDS) account for one\u2010quarter of cases of acute respiratory failure in intensive care units (ICUs). A third to half of patients will die in the ICU, in hospital or during follow\u2010up. Mechanical ventilation of people with ALI/ARDS allows time for the lungs to heal, but ventilation is invasive and can result in lung injury. It is uncertain whether ventilator\u2010related injury would be reduced if pressure delivered by the ventilator with each breath is controlled, or whether the volume of air delivered by each breath is limited. OBJECTIVES: To compare pressure\u2010controlled ventilation (PCV) versus volume\u2010controlled ventilation (VCV) in adults with ALI/ARDS to determine whether PCV reduces in\u2010hospital mortality and morbidity in intubated and ventilated adults. SEARCH METHODS: In October 2014, we searched the Cochrane Central Register of Controlled Trials (CENTRAL) (2014, Isssue 9), MEDLINE (1950 to 1 October 2014), EMBASE (1980 to 1 October 2014), the Latin American Caribbean Health Sciences Literature (LILACS) (1994 to 1 October 2014) and Science Citation Index\u2010Expanded (SCI\u2010EXPANDED) at the Institute for Scientific Information (ISI) Web of Science (1990 to 1 October 2014), as well as regional databases, clinical trials registries, conference proceedings and reference lists. SELECTION CRITERIA: Randomized controlled trials (RCTs) and quasi\u2010RCTs (irrespective of language or publication status) of adults with a diagnosis of acute respiratory failure or acute on chronic respiratory failure and fulfilling the criteria for ALI/ARDS as defined by the American\u2010European Consensus Conference who were admitted to an ICU for invasive mechanical ventilation, comparing pressure\u2010controlled or pressure\u2010controlled inverse\u2010ratio ventilation, or an equivalent pressure\u2010controlled mode (PCV), versus volume\u2010controlled ventilation, or an equivalent volume\u2010controlled mode (VCV). DATA COLLECTION AND ANALYSIS: Two review authors independently screened and selected trials, assessed risk of bias and extracted data. We sought clarification from trial authors when needed. We pooled risk ratios (RRs) for dichotomous data and mean differences (MDs) for continuous data with their 95% confidence intervals (CIs) using a random\u2010effects model. We assessed overall evidence quality using the GRADE (Grades of Recommendation, Assessment, Development and Evaluation) approach. MAIN RESULTS: We included three RCTs that randomly assigned a total of 1089 participants recruited from 43 ICUs in Australia, Canada, Saudi Arabia, Spain and the USA. Risk of bias of the included studies was low. Only data for mortality and barotrauma could be combined in the meta\u2010analysis. We downgraded the quality of evidence for the three mortality outcomes on the basis of serious imprecision around the effect estimates. For mortality in hospital, the RR with PCV compared with VCV was 0.83 (95% CI 0.67 to 1.02; three trials, 1089 participants; moderate\u2010quality evidence), and for mortality in the ICU, the RR with PCV compared with VCV was 0.84 (95% CI 0.71 to 0.99; two trials, 1062 participants; moderate\u2010quality evidence). One study provided no evidence of clear benefit with the ventilatory mode for mortality at 28 days (RR 0.88, 95% CI 0.73 to 1.06; 983 participants; moderate\u2010quality evidence). The difference in effect on barotrauma between PCV and VCV was uncertain as the result of imprecision and different co\u2010interventions used in the studies (RR 1.24, 95% CI 0.87 to 1.77; two trials, 1062 participants; low\u2010quality evidence). Data from one trial with 983 participants for the mean duration of ventilation, and from another trial with 78 participants for the mean number of extrapulmonary organ failures that developed with PCV or VCV, were skewed. None of the trials reported on infection during ventilation or quality of life after discharge. AUTHORS' CONCLUSIONS: Currently available data from RCTs are insufficient to confirm or refute whether pressure\u2010controlled or volume\u2010controlled ventilation offers any advantage for people with acute respiratory failure due to acute lung injury or acute respiratory distress syndrome. More studies including a larger number of people given PCV and VCV may provide reliable evidence on which more firm conclusions can be based.",
   "authors": [
      "['Chacko, Binila', 'Peter, John V', 'Tharyan, Prathap', 'John, George', 'Jeyaseelan, Lakshmanan']"
   ],
   "id": "https://www.ncbi.nlm.nih.gov/pmc/articles/PMC6457606"
}