{
   "source_x": "PMC",
   "title": "DNA Microarray for Detection of Gastrointestinal Viruses",
   "doi": "http://dx.doi.org/10.1128/JCM.01317-14",
   "pmcid": "PMC4290912",
   "abstract": "Gastroenteritis is a clinical illness of humans and other animals that is characterized by vomiting and diarrhea and caused by a variety of pathogens, including viruses. An increasing number of viral species have been associated with gastroenteritis or have been found in stool samples as new molecular tools have been developed. In this work, a DNA microarray capable in theory of parallel detection of more than 100 viral species was developed and tested. Initial validation was done with 10 different virus species, and an additional 5 species were validated using clinical samples. Detection limits of 1 \u00d7 10(3) virus particles of Human adenovirus C (HAdV), Human astrovirus (HAstV), and group A Rotavirus (RV-A) were established. Furthermore, when exogenous RNA was added, the limit for RV-A detection decreased by one log. In a small group of clinical samples from children with gastroenteritis (n = 76), the microarray detected at least one viral species in 92% of the samples. Single infection was identified in 63 samples (83%), and coinfection with more than one virus was identified in 7 samples (9%). The most abundant virus species were RV-A (58%), followed by Anellovirus (15.8%), HAstV (6.6%), HAdV (5.3%), Norwalk virus (6.6%), Human enterovirus (HEV) (9.2%), Human parechovirus (1.3%), Sapporo virus (1.3%), and Human bocavirus (1.3%). To further test the specificity and sensitivity of the microarray, the results were verified by reverse transcription-PCR (RT-PCR) detection of 5 gastrointestinal viruses. The RT-PCR assay detected a virus in 59 samples (78%). The microarray showed good performance for detection of RV-A, HAstV, and calicivirus, while the sensitivity for HAdV and HEV was low. Furthermore, some discrepancies in detection of mixed infections were observed and were addressed by reverse transcription-quantitative PCR (RT-qPCR) of the viruses involved. It was observed that differences in the amount of genetic material favored the detection of the most abundant virus. The microarray described in this work should help in understanding the etiology of gastroenteritis in humans and animals.",
   "authors": [
      "['Mart\u00ednez, Miguel A.', 'Soto-del R\u00edo, Mar\u00eda de los Dolores', 'Guti\u00e9rrez, Rosa Mar\u00eda', 'Chiu, Charles Y.', 'Greninger, Alexander L.', 'Contreras, Juan Francisco', 'L\u00f3pez, Susana', 'Arias, Carlos F.', 'Isa, Pavel']"
   ],
   "id": "https://www.ncbi.nlm.nih.gov/pmc/articles/PMC4290912"
}