{
   "source_x": "PMC",
   "title": "Garlic for the common cold",
   "doi": "http://dx.doi.org/10.1002/14651858.CD006206.pub4",
   "pmcid": "PMC6465033",
   "abstract": "BACKGROUND: Garlic is alleged to have antimicrobial and antiviral properties that relieve the common cold, among other beneficial effects. There is widespread usage of garlic supplements. The common cold is associated with significant morbidity and economic consequences. On average, children have six to eight colds per year and adults have two to four. OBJECTIVES: To determine whether garlic (Allium sativum) is effective for the prevention or treatment of the common cold, when compared to placebo, no treatment or other treatments. SEARCH METHODS: We searched CENTRAL (2014, Issue 7), OLDMEDLINE (1950 to 1965), MEDLINE (January 1966 to July week 5, 2014), EMBASE (1974 to August 2014) and AMED (1985 to August 2014). SELECTION CRITERIA: Randomised controlled trials of common cold prevention and treatment comparing garlic with placebo, no treatment or standard treatment. DATA COLLECTION AND ANALYSIS: Two review authors independently reviewed and selected trials from searches, assessed and rated study quality and extracted relevant data. MAIN RESULTS: In this updated review, we identified eight trials as potentially relevant from our searches. Again, only one trial met the inclusion criteria. This trial randomly assigned 146 participants to either a garlic supplement (with 180 mg of allicin content) or a placebo (once daily) for 12 weeks. The trial reported 24 occurrences of the common cold in the garlic intervention group compared with 65 in the placebo group (P value < 0.001), resulting in fewer days of illness in the garlic group compared with the placebo group (111 versus 366). The number of days to recovery from an occurrence of the common cold was similar in both groups (4.63 versus 5.63). Only one trial met the inclusion criteria, therefore limited conclusions can be drawn. The trial relied on self reported episodes of the common cold but was of reasonable quality in terms of randomisation and allocation concealment. Adverse effects included rash and odour. AUTHORS' CONCLUSIONS: There is insufficient clinical trial evidence regarding the effects of garlic in preventing or treating the common cold. A single trial suggested that garlic may prevent occurrences of the common cold but more studies are needed to validate this finding. Claims of effectiveness appear to rely largely on poor\u2010quality evidence.",
   "authors": [
      "['Lissiman, Elizabeth', 'Bhasale, Alice L', 'Cohen, Marc']"
   ],
   "id": "https://www.ncbi.nlm.nih.gov/pmc/articles/PMC6465033"
}