{
   "source_x": "PMC",
   "title": "An infectious bat chimeric influenza virus harboring the entry machinery of a influenza A virus",
   "doi": "http://dx.doi.org/10.1038/ncomms5448",
   "pmcid": "PMC5533278",
   "abstract": "In 2012 the complete genomic sequence of a new and potentially harmful influenza A-like virus from bats (H17N10) was identified. However, infectious influenza virus was neither isolated from infected bats nor reconstituted, impeding further characterization of this virus. Here we show the generation of an infectious chimeric virus containing six out of the eight bat virus genes, with the remaining two genes encoding the HA and NA proteins of a prototypic influenza A virus. This engineered virus replicates well in a broad range of mammalian cell cultures, human primary airway epithelial cells and mice, but poorly in avian cells and chicken embryos without further adaptation. Importantly, the bat chimeric virus is unable to reassort with other influenza A viruses. Although our data do not exclude the possibility of zoonotic transmission of bat influenza viruses into the human population, they indicate that multiple barriers exist that makes this an unlikely event.",
   "authors": [
      "['Juozapaitis, Mindaugas', 'Moreira, \u00c9tori Aguiar', 'Mena, Ignacio', 'Giese, Sebastian', 'Riegger, David', 'Pohlmann, Anne', 'H\u00f6per, Dirk', 'Zimmer, Gert', 'Beer, Martin', 'Garc\u00eda-Sastre, Adolfo', 'Schwemmle, Martin']"
   ],
   "id": "https://www.ncbi.nlm.nih.gov/pmc/articles/PMC5533278"
}