{
   "source_x": "PMC",
   "title": "Seroepidemiology of Astrovirus MLB1",
   "doi": "http://dx.doi.org/10.1128/CVI.00100-14",
   "pmcid": "PMC4054231",
   "abstract": "To determine the seroprevalence of astrovirus MLB1 (MLB1), an indirect enzyme-linked immunosorbent assay (ELISA) was established. MLB1 seropositivity was high in children <6 months old, decreased to a nadir at 12 to 23 months old, and increased to 100% by adulthood. MLB1 infection is common, and primary exposure occurs in childhood.",
   "authors": [
      "['Holtz, Lori R.', 'Bauer, Irma K.', 'Jiang, Hongbing', 'Belshe, Robert', 'Freiden, Pamela', 'Schultz-Cherry, Stacey L.', 'Wang, David']"
   ],
   "id": "https://www.ncbi.nlm.nih.gov/pmc/articles/PMC4054231"
}