{
   "source_x": "PMC",
   "title": "Assessment and improvement of Indian-origin rhesus macaque and Mauritian-origin cynomolgus macaque genome annotations using deep transcriptome sequencing data",
   "doi": "http://dx.doi.org/10.1111/jmp.12125",
   "pmcid": "PMC4176519",
   "abstract": "BACKGROUND: The genome annotations of rhesus (Macaca mulatta) and cynomolgus (Macaca fascicularis) macaques, two of the most common nonhuman primate animal models, are limited. METHODS: We analyzed large-scale macaque RNA-based next-generation sequencing (RNAseq) data to identify un-annotated macaque transcripts. RESULTS: For both macaque species, we uncovered thousands of novel isoforms for annotated genes and thousands of un-annotated intergenic transcripts enriched with non-coding RNAs. We also identified thousands of transcript sequences which are partially or completely \u2018missing\u2019 from current macaque genome assemblies. We showed that many newly identified transcripts were differentially expressed during SIV infection of rhesus macaques or during Ebola virus infection of cynomolgus macaques. CONCLUSIONS: For two important macaque species, we uncovered thousands of novel isoforms and un-annotated intergenic transcripts including coding and non-coding RNAs, polyadenylated and non-polyadenylated transcripts. This resource will greatly improve future macaque studies, as demonstrated by their applications in infectious disease studies.",
   "authors": [
      "['Peng, Xinxia', 'Pipes, Lenore', 'Xiong, Hao', 'Green, Richard R.', 'Jones, Daniel C.', 'Ruzzo, Walter L.', 'Schroth, Gary P.', 'Mason, Christopher E.', 'Palermo, Robert E.', 'Katze, Michael G.']"
   ],
   "id": "https://www.ncbi.nlm.nih.gov/pmc/articles/PMC4176519"
}