{
   "source_x": "PMC",
   "title": "Identification of Multiple Novel Viruses, Including a Parvovirus and a Hepevirus, in Feces of Red Foxes",
   "doi": "http://dx.doi.org/10.1128/JVI.00568-13",
   "pmcid": "PMC3700315",
   "abstract": "Red foxes (Vulpes vulpes) are the most widespread members of the order of Carnivora. Since they often live in (peri)urban areas, they are a potential reservoir of viruses that transmit from wildlife to humans or domestic animals. Here we evaluated the fecal viral microbiome of 13 red foxes by random PCR in combination with next-generation sequencing. Various novel viruses, including a parvovirus, bocavirus, adeno-associated virus, hepevirus, astroviruses, and picobirnaviruses, were identified.",
   "authors": [
      "['Bodewes, Rogier', 'van der Giessen, Joke', 'Haagmans, Bart L.', 'Osterhaus, Albert D. M. E.', 'Smits, Saskia L.']"
   ],
   "id": "https://www.ncbi.nlm.nih.gov/pmc/articles/PMC3700315"
}