{
   "source_x": "PMC",
   "title": "Differentiating Microbial Forensic qPCR Target and Control Products by Electrospray Ionization Mass Spectrometry",
   "doi": "http://dx.doi.org/10.1089/bsp.2012.0062",
   "pmcid": "PMC3696942",
   "abstract": "Molecular bioforensic research is dependent on rapid and sensitive methods such as real-time PCR (qPCR) for the identification of microorganisms. The use of synthetic positive control templates containing small modifications outside the primer and probe regions is essential to ensure all aspects of the assay are functioning properly, including the primers and probes. However, a typical qPCR or reverse transcriptase qPCR (qRT-PCR) assay is limited in differentiating products generated from positive controls and biological samples because the fluorescent probe signals generated from each type of amplicon are indistinguishable. Additional methods used to differentiate amplicons, including melt curves, secondary probes, and amplicon sequencing, require significant time to implement and validate and present technical challenges that limit their use for microbial forensic applications. To solve this problem, we have developed a novel application of electrospray ionization mass spectrometry (ESI-MS) to rapidly differentiate qPCR amplicons generated with positive biological samples from those generated with synthetic positive controls. The method has sensitivity equivalent to qPCR and supports the confident and timely determination of the presence of a biothreat agent that is crucial for policymakers and law enforcement. Additionally, it eliminates the need for time-consuming methods to confirm qPCR results, including development and validation of secondary probes or sequencing of small amplicons. In this study, we demonstrate the effectiveness of this approach with microbial forensic qPCR assays targeting multiple biodefense agents (bacterial, viral, and toxin) for the ability to rapidly discriminate between a positive control and a positive sample.",
   "authors": [
      "['Motley, S. Timothy', 'Redden, Cassie L.', 'Sannes-Lowery, Kristin A.', 'Eshoo, Mark W.', 'Hofstadler, Steven A.', 'Burans, James P.', 'Rosovitz, M. J.']"
   ],
   "id": "https://www.ncbi.nlm.nih.gov/pmc/articles/PMC3696942"
}