{
   "source_x": "PMC",
   "title": "Incubation period as part of the case definition of severe respiratory illness caused by a novel coronavirus",
   "pmcid": "PMC3722063",
   "abstract": "Due to non-specific symptoms following acute respiratory viral infections, it is difficult for many countries without on-going transmission of a novel coronavirus to rule out other possibilities including influenza in advance of isolating imported febrile individuals with a possible exposure history. The incubation period helps differential diagnosis and up to two days is suggestive of influenza. It is worth accounting for the incubation period as part of the case definition of novel coronavirus infection.",
   "authors": [
      "['Nishiura, H.', 'Mizumoto, K.', 'Ejima, K.', 'Zhong, Y.', 'Cowling, B.J.', 'Omori, R.']"
   ],
   "id": "https://www.ncbi.nlm.nih.gov/pmc/articles/PMC3722063"
}