{
   "source_x": "PMC",
   "title": "CCL2 affects \u03b2-amyloidosis and progressive neurocognitive dysfunction in a mouse model of Alzheimer\u2019s disease",
   "doi": "http://dx.doi.org/10.1016/j.neurobiolaging.2012.08.009",
   "pmcid": "PMC4011558",
   "abstract": "Neuroinflammation affects the pathobiology of Alzheimer\u2019s disease (AD). Notably, beta-amyloid (A\u03b2) deposition induces microglial activation and the subsequent production of pro-inflammatory neurotoxic factors. In maintaining brain homeostasis, microglia plasticity also enables phenotypic transition between toxic and trophic activation states. One important control for such cell activation is through the CC-chemokine ligand 2 (CCL2) and its receptor, the CC-chemokine receptor 2 (CCR2). Both affect microglia and peripheral macrophage immune responses and for the latter, cell ingress across the blood brain barrier. However, how CCL2-CCR2 signaling contributes to AD pathogenesis is not well understood. To this end, we report that CCL2 deficiency influences behavioral abnormalities and disease progression in A\u03b2 precursor protein/presenilin-1 double-transgenic mice. Here, increased cortical and hippocampal A\u03b2 deposition is coincident with the formulation of A\u03b2 oligomers. Deficits in peripheral A\u03b2 clearance and in scavenger, neuroprogenitor and microglial cell functions are linked to deficient A\u03b2 uptake. All can serve to accelerate memory dysfunction. Taken together, these data support a role of CCL2 in innate immune functions relevant to AD pathogenesis.",
   "authors": [
      "['Kiyota, Tomomi', 'Gendelman, Howard E.', 'Weir, Robert A.', 'Higgins, E. Elizabeth', 'Zhang, Gang', 'Jain, Mohit']"
   ],
   "id": "https://www.ncbi.nlm.nih.gov/pmc/articles/PMC4011558"
}