{
   "source_x": "PMC",
   "title": "Phosphorylation events during viral infections provide potential therapeutic targets",
   "doi": "http://dx.doi.org/10.1002/rmv.722",
   "pmcid": "PMC3334462",
   "abstract": "For many medically relevant viruses, there is now considerable evidence that both viral and cellular kinases play important roles in viral infection. Ultimately, these kinases, and the cellular signaling pathways that they exploit, may serve as therapeutic targets for treating patients. Currently, small molecule inhibitors of kinases are under investigation as therapy for herpes viral infections. Additionally, a number of cellular or host-directed tyrosine kinase inhibitors that have been previously FDA-approved for cancer treatment are under study in animal models and clinical trials, as they have shown promise for the treatment of various viral infections as well. This review will highlight the wide range of viral proteins phosphorylated by viral and cellular kinases, and the potential for variability of kinase recognition sites within viral substrates to impact phosphorylation and kinase prediction. Research studying kinase-targeting prophylactic and therapeutic treatments for a number of viral infections will also be discussed.",
   "authors": [
      "['Keating, Julie A.', 'Striker, Rob']"
   ],
   "id": "https://www.ncbi.nlm.nih.gov/pmc/articles/PMC3334462"
}