{
   "source_x": "PMC",
   "title": "Drosophila as a genetic model for studying pathogenic human viruses",
   "doi": "http://dx.doi.org/10.1016/j.virol.2011.11.016",
   "pmcid": "PMC3253880",
   "abstract": "Viruses are infectious particles whose viability is dependent on the cells of living organisms, such as bacteria, plants, and animals. It is of great interest to discover how viruses function inside host cells in order to develop therapies to treat virally infected organisms. The fruit fly Drosophila melanogaster is an excellent model system for studying the molecular mechanisms of replication, amplification, and cellular consequences of human viruses. In this review, we describe the advantages of using Drosophila as a model system to study human viruses, and highlight how Drosophila has been used to provide unique insight into the gene function of several pathogenic viruses. We also propose possible directions for future research in this area.",
   "authors": [
      "['Hughes, Tamara T.', 'Allen, Amanda L.', 'Bardin, Joseph E.', 'Christian, Megan N.', 'Daimon, Kansei', 'Dozier, Kelsey D.', 'Hansen, Caom L.', 'Holcomb, Lisa M.', 'Ahlander, Joseph']"
   ],
   "id": "https://www.ncbi.nlm.nih.gov/pmc/articles/PMC3253880"
}