{
   "source_x": "PMC",
   "title": "IFN-\u03bbs",
   "doi": "http://dx.doi.org/10.1016/j.coi.2011.07.007",
   "pmcid": "PMC3196341",
   "abstract": "For decades, type I IFNs have been considered indispensable and unique antiviral mediators for the activation of rapid innate antiviral protection. However, the recent discovery of type III IFNs is challenging this paradigm. Since their identification in 2002/2003 by two independent groups, type III IFNs or IFN-\u03bbs, also known as IL-28/29, have been the subject of increased study with consequent recognition of their importance in virology and immunology. Initial reports suggested that IFN-\u03bbs functionally resemble type I IFNs. Although IFN-\u03bbs and classical type I IFNs (IFN-\u03b1/\u03b2) utilize distinct receptor complexes for signaling, both types of IFNs activate similar intracellular signaling pathways and biological activities, including the ability to induce antiviral state in cells, and both type I and type III IFNs are induced by viral infection. However, different antiviral potency, pattern of their induction and differential tissue expression of their corresponding receptor subunits suggest that the type I and type III IFN antiviral systems do not merely duplicate each other. Recent studies have started to reveal unique biological activities of IFN-\u03bbs in and beyond innate antiviral immunity.",
   "authors": [
      "Kotenko, Sergei V."
   ],
   "id": "https://www.ncbi.nlm.nih.gov/pmc/articles/PMC3196341"
}