{
   "source_x": "PMC",
   "title": "Interferon-gamma, Macrophages, and Virus Spread after HSV-1 Injection",
   "doi": "http://dx.doi.org/10.1167/iovs.10-6449",
   "pmcid": "PMC3175943",
   "abstract": "PURPOSE. After uniocular anterior chamber (AC) injection of HSV-1, the anterior segment of BALB/c mice becomes inflamed and infected; however, virus does not spread from the anterior segment to cause retinitis in the injected eye. The purpose of these studies was to determine whether interferon (IFN-)-\u03b3 and Mac-1(+) cells play a role in preventing direct anterior-to-posterior spread of HSV-1 in the injected eye. METHODS. One AC of adult female BALB/c mice was injected with HSV-1 (KOS). The location of IFN-\u03b1, IFN-\u03b2, and IFN-\u03b3 in the injected eye was determined by immunofluorescence, and mRNA expression was quantified by qPCR. Injected eyes of IFN-\u03b3 knockout or clodronate-treated macrophage-depleted mice were examined to determine whether the absence of IFN-\u03b3 or Mac-1(+) macrophages affected the sites or timing of virus spread. RESULTS. IFN-\u03b1, IFN-\u03b2, and IFN-\u03b3 were observed in the anterior segment of injected eyes through 72 hours and mRNA levels of IFN-\u03b2 and IFN-\u03b3 were increased in virus-infected eyes 48 to 120 hours after infection. However, the absence of IFN-\u03b3 or macrophages did not affect either the sites or the timing of HSV-1 infection in injected eyes. CONCLUSIONS. Protection of the retina of the injected eye does not depend on a single cell type or cytokine. In addition, in the eye, as in other sites of the body, there are redundancies in the innate response to virus infection.",
   "authors": [
      "['Cathcart, Heather M.', 'Zheng, Mei', 'Covar, Jason J.', 'Liu, Yi', 'Podolsky, Robert', 'Atherton, Sally S.']"
   ],
   "id": "https://www.ncbi.nlm.nih.gov/pmc/articles/PMC3175943"
}