{
   "sha": "9940375ae218bef442080efc4b430cf27323a4a6",
   "source_x": "PMC",
   "title": "Co-lethality studied as an asset against viral drug escape: the HIV protease case",
   "doi": "http://dx.doi.org/10.1186/1745-6150-5-40",
   "pmcid": "PMC2898770",
   "pubmed_id": "20565756",
   "license": "CC BY",
   "abstract": "BACKGROUND: Co-lethality, or synthetic lethality is the documented genetic situation where two, separately non-lethal mutations, become lethal when combined in one genome. Each mutation is called a \"synthetic lethal\" (SL) or a co-lethal. Like invariant positions, SL sets (SL linked couples) are choice targets for drug design against fast-escaping RNA viruses: mutational viral escape by loss of affinity to the drug may induce (synthetic) lethality. RESULTS: From an amino acid sequence alignment of the HIV protease, we detected the potential SL couples, potential SL sets, and invariant positions. From the 3D structure of the same protein we focused on the ones that were close to each other and accessible on the protein surface, to possibly bind putative drugs. We aligned 24,155 HIV protease amino acid sequences and identified 290 potential SL couples and 25 invariant positions. After applying the distance and accessibility filter, three candidate drug design targets of respectively 7 (under the flap), 4 (in the cantilever) and 5 (in the fulcrum) amino acid positions were found. CONCLUSIONS: These three replication-critical targets, located outside of the active site, are key to our anti-escape strategy. Indeed, biological evidence shows that 2/3 of those target positions perform essential biological functions. Their mutational variations to escape antiviral medication could be lethal, thus limiting the apparition of drug-resistant strains. REVIEWERS: This article was reviewed by Arcady Mushegian, Shamil Sunyaev and Claus Wilke.",
   "publish_time": "2010 Jun 17",
   "authors": [
      "['Brouillet, Sophie', 'Valere, Thomas', 'Ollivier, Emmanuelle', 'Marsan, Laurent', 'Vanet, Anne']"
   ],
   "journal": "Biol Direct",
   "has_full_text": "True",
   "id": "9940375ae218bef442080efc4b430cf27323a4a6",
   "fhir_link": "Commercial/9940375ae218bef442080efc4b430cf27323a4a6"
}