{
   "source_x": "PMC",
   "title": "Estimating reproduction numbers for adults and children from case data",
   "doi": "http://dx.doi.org/10.1098/rsif.2010.0679",
   "pmcid": "PMC3140718",
   "abstract": "We present a method for estimating reproduction numbers for adults and children from daily onset data, using pandemic influenza A(H1N1) data as a case study. We investigate the impact of different underlying transmission assumptions on our estimates, and identify that asymmetric reproduction matrices are often appropriate. Under-reporting of cases can bias estimates of the reproduction numbers if reporting rates are not equal across the two age groups. However, we demonstrate that the estimate of the higher reproduction number is robust to disproportionate data-thinning. Applying the method to 2009 pandemic influenza H1N1 data from Japan, we demonstrate that the reproduction number for children was considerably higher than that of adults, and that our estimates are insensitive to our choice of reproduction matrix.",
   "authors": [
      "['Glass, K.', 'Mercer, G. N.', 'Nishiura, H.', 'McBryde, E. S.', 'Becker, N. G.']"
   ],
   "id": "https://www.ncbi.nlm.nih.gov/pmc/articles/PMC3140718"
}