{
   "source_x": "PMC",
   "title": "Profiling Carbohydrate-Receptor Interaction with Recombinant Innate Immunity Receptor-Fc Fusion Proteins",
   "doi": "http://dx.doi.org/10.1074/jbc.M109.065961",
   "pmcid": "PMC2787309",
   "abstract": "The recognition of bacteria, viruses, fungi, and other microbes is controlled by host immune cells, which are equipped with many innate immunity receptors, such as Toll-like receptors, C-type lectin receptors, and immunoglobulin-like receptors. Our studies indicate that the immune modulating properties of many herbal drugs, for instance, the medicinal fungus Reishi (Ganoderma lucidum) and Cordyceps sinensis, could be attributed to their polysaccharide components. These polysaccharides specifically interact with and activate surface receptors involved in innate immunity. However, due to the complexity of polysaccharides and their various sources from medicinal fungi, quantitative analysis of medicinal polysaccharide extracts with regard to their functions represents a major challenge. To profile carbohydrate-immune receptor interactions, the extracellular domains of 17 receptors were cloned as Fc-fusion proteins, such that their interactions with immobilized polysaccharides could be probed in an enzyme-linked immunosorbent assay. The results show that several innate immune receptors, including Dectin-1, DC-SIGN, Langerin, Kupffer cell receptor, macrophage mannose receptor, TLR2, and TLR4, interact with the polysaccharide extracts from G. lucidum (GLPS). This analysis revealed distinct polysaccharide profiles from different sources of medicinal fungi, and the innate immune receptor-based enzyme-linked immunosorbent assay described here can serve as a high-throughput profiling method for the characterization and quality control of medicinal polysaccharides. It also provides a means to dissect the molecular mechanism of medicinal polysaccharide-induced immunomodulation events.",
   "authors": [
      "['Hsu, Tsui-Ling', 'Cheng, Shih-Chin', 'Yang, Wen-Bin', 'Chin, See-Wen', 'Chen, Bo-Hua', 'Huang, Ming-Ting', 'Hsieh, Shie-Liang', 'Wong, Chi-Huey']"
   ],
   "id": "https://www.ncbi.nlm.nih.gov/pmc/articles/PMC2787309"
}