{
   "source_x": "PMC",
   "title": "Novel anti-HIV peptides containing multiple copies of artificially designed heptad repeat motifs",
   "doi": "http://dx.doi.org/10.1016/j.bbrc.2008.07.134",
   "pmcid": "PMC2597519",
   "abstract": "The peptidic anti-HIV drug T20 (Fuzeon) and its analog C34 share a common heptad repeat (HR) sequence, but they have different functional domains, i.e., pocket- and lipid-binding domains (PBD and LBD, respectively). We hypothesize that novel anti-HIV peptides may be designed by using artificial sequences containing multiple copies of HR motifs plus zero, one or two functional domains. Surprisingly, we found that the peptides containing only the non-natural HR sequences could significantly inhibit HIV-1 infection, while addition of PBD and/or LBD to the peptides resulted in significant improvement of anti-HIV-1 activity. These results suggest that these artificial HR sequences, which may serve as structural domains, could be used as templates for the design of novel antiviral peptides against HIV and other viruses with class I fusion proteins.",
   "authors": [
      "['Shi, Weiguo', 'Qi, Zhi', 'Pan, Chungen', 'Xue, Na', 'Debnath, Asim K.', 'Qie, Jiankun', 'Jiang, Shibo', 'Liu, Keliang']"
   ],
   "id": "https://www.ncbi.nlm.nih.gov/pmc/articles/PMC2597519"
}