{
   "source_x": "PMC",
   "title": "Cleavage of Group 1 Coronavirus Spike Proteins: How Furin Cleavage Is Traded Off against Heparan Sulfate Binding upon Cell Culture Adaptation",
   "doi": "http://dx.doi.org/10.1128/JVI.00074-08",
   "pmcid": "PMC2395124",
   "abstract": "A longstanding enigmatic feature of the group 1 coronaviruses is the uncleaved phenotype of their spike protein, an exceptional property among class I fusion proteins. Here, however, we show that some group 1 coronavirus spike proteins carry a furin enzyme recognition motif and can actually be cleaved, as demonstrated for a feline coronavirus. Interestingly, this feature can be lost during cell culture adaptation by a single mutation in the cleavage motif; this, however, preserves a heparan sulfate binding motif and renders infection by the virus heparan sulfate dependent. We identified a similar cell culture adaptation for the human coronavirus OC43.",
   "authors": [
      "['de Haan, C. A. M.', 'Haijema, B. J.', 'Schellen, P.', 'Schreur, P. Wichgers', 'te Lintelo, E.', 'Vennema, H.', 'Rottier, P. J. M.']"
   ],
   "id": "https://www.ncbi.nlm.nih.gov/pmc/articles/PMC2395124"
}