{
   "source_x": "PMC",
   "title": "Large-scale purification and crystallization of the endoribonuclease XendoU: troubleshooting with His-tagged proteins",
   "doi": "http://dx.doi.org/10.1107/S1744309106006373",
   "pmcid": "PMC2197201",
   "abstract": "XendoU is the first endoribonuclease described in higher eukaryotes as being involved in the endonucleolytic processing of intron-encoded small nucleolar RNAs. It is conserved among eukaryotes and its viral homologue is essential in SARS replication and transcription. The large-scale purification and crystallization of recombinant XendoU are reported. The tendency of the recombinant enzyme to aggregate could be reversed upon the addition of chelating agents (EDTA, imidazole): aggregation is a potential drawback when purifying and crystallizing His-tagged proteins, which are widely used, especially in high-throughput structural studies. Purified monodisperse XendoU crystallized in two different space groups: trigonal P3(1)21, diffracting to low resolution, and monoclinic C2, diffracting to higher resolution.",
   "authors": [
      "['Renzi, Fabiana', 'Panetta, Gianna', 'Vallone, Beatrice', 'Brunori, Maurizio', 'Arceci, Massimo', 'Bozzoni, Irene', 'Laneve, Pietro', 'Caffarelli, Elisa']"
   ],
   "id": "https://www.ncbi.nlm.nih.gov/pmc/articles/PMC2197201"
}