{
   "source_x": "PMC",
   "title": "B. subtilis ykuD Protein at 2.0 \u00c5 Resolution: Insights into the Structure and Function of a Novel, Ubiquitous Family of Bacterial Enzymes",
   "doi": "http://dx.doi.org/10.1002/prot.20702",
   "pmcid": "PMC2792008",
   "abstract": "The crystal structure of the product of the Bacillus subtilis ykuD gene was solved by the multiwavelength anomalous dispersion (MAD) method and refined using data to 2.0 \u00c5 resolution. The ykuD protein is a representative of a distinctly prokaryotic and ubiquitous family found among both pathogenic and nonpathogenic Gram-positive and Gram-negative bacteria. The deduced amino acid sequence reveals the presence of an N-terminal LysM domain, which occurs among enzymes involved in cell wall metabolism, and a novel, putative catalytic domain with a highly conserved His/Cys-containing motif of hitherto unknown structure. As the wild-type protein did not crystallize, a double mutant was designed (Lys117Ala/Gln118Ala) to reduce excess surface conformational entropy. As expected, the structure of the LysM domain is similar to the NMR structure reported for an analogous domain from Escherichia coli murein transglycosylase MltD. The molecular model also shows that the 112-residue-long C-terminal domain has a novel tertiary fold consisting of a \u03b2-sandwich with two mixed sheets, one containing five strands and the other, six strands. The two \u03b2-sheets form a cradle capped by an \u03b1-helix. This domain contains a putative catalytic site with a tetrad of invariant His123, Gly124, Cys139, and Arg141. The stereochemistry of this active site shows similarities to peptidotransferases and sortases, and suggests that the enzymes of the ykuD family may play an important role in cell wall biology.",
   "authors": [
      "['Bielnicki, Jakub', 'Devedjiev, Yancho', 'Derewenda, Urszula', 'Dauter, Zbigniew', 'Joachimiak, Andrzej', 'Derewenda, Zygmunt S.']"
   ],
   "id": "https://www.ncbi.nlm.nih.gov/pmc/articles/PMC2792008"
}