{
   "source_x": "PMC",
   "title": "Role of the endothelium and nitric oxide synthases in modulating superoxide formation induced by endotoxin and cytokines in porcine pulmonary arteries",
   "doi": "http://dx.doi.org/10.1136/thorax.58.7.598",
   "pmcid": "PMC1746752",
   "abstract": "Methods: Intrapulmonary artery (PA) segments were obtained from White Landrace pigs (25\u201335 kg) and incubated with LPS, IL-1\u03b1, and TNF-\u03b1 and O(2)(\u2022 -) release was measured by the superoxide dismutase (SOD) inhibitable reduction of ferricytochrome c. The source of O(2)(\u2022 -) formation was determined using a number of enzyme inhibitors. The role of NO was explored using NO synthase (NOS) inhibitors and the distribution of NOS isoforms and peroxynitrite (ONOO(-), an index of NO\u2013O(2)(\u2022 -) interactions) assessed by immunocytochemistry. Results: LPS, IL-1\u03b1, and TNF-\u03b1 promoted the formation of O(2)(\u2022 -) from PA compared with untreated controls in a time and dose dependent manner, an effect markedly enhanced by removal of the endothelium but completely inhibited by the NADPH oxidase inhibitor diphenylene iodonium chloride (DPI). L-NAME and the eNOS inhibitor N(5)-(1-iminoethyl)-ornithine (L-NIO) enhanced O(2)(\u2022 -) formation from PA (with endothelium) in response to IL-1\u03b1 and TNF-\u03b1 but had no effect on LPS mediated O(2)(\u2022 -) formation, whereas L-NAME and the iNOS inhibitor L-N(6)-(1-iminoethyl)-lysine-HCl (L-NIL) enhanced O(2)(\u2022 -) formation only in response to LPS. Conclusions: LPS, IL-1\u03b1, and TNF-\u03b1 promote O(2)(\u2022 -) formation through an upregulation of NADPH oxidase activity which is augmented by removal of the endothelium, as well as the inhibition of eNOS (in the case of cytokines) and iNOS (in the case of LPS). The concomitant expression of NOS isoforms (and NO formation) with that of NADPH oxidase may therefore constitute a protective system designed to remove O(2)(\u2022 -) through the formation of ONOO(-). If this is so, the integrity of the endothelium may be axiomatic in the progression and severity of ARDS.",
   "authors": [
      "['Muzaffar, S', 'Jeremy, J', 'Angelini, G', 'Stuart-Smith, K', 'Shukla, N']"
   ],
   "id": "https://www.ncbi.nlm.nih.gov/pmc/articles/PMC1746752"
}