{
   "source_x": "CZI",
   "title": "Imaging features of 2019 novel coronavirus pneumonia",
   "doi": "10.1007/s00259-020-04720-2",
   "publish_time": "2020",
   "authors": [
      "Xu, Xi",
      " Yu, Chengcheng",
      " Zhang, Lieguang",
      " Luo, Liangping",
      " Liu, Jinxin"
   ],
   "journal": "European Journal of Nuclear Medicine and Molecular Imaging",
   "Microsoft Academic Paper ID": "3006313342",
   "WHO #Covidence": "#870",
   "id": "https://doi.org/10.1007/s00259-020-04720-2"
}