{
   "sha": "7120211f7eda128e441ed22e3e4d8d3eda07b771",
   "source_x": "PMC",
   "title": "Effect of oral care gel on the quality of life for oral lichen planus in patients with chronic HCV infection",
   "doi": "http://dx.doi.org/10.1186/1743-422X-8-348",
   "pmcid": "PMC3149004",
   "pubmed_id": "21749712",
   "license": "CC BY",
   "abstract": "BACKGROUND: Oral lichen planus (OLP) decreases the quality of life because it can cause spontaneous pain during eating and tooth-brushing and an uncomfortable feeling in the mouth. In addition, OLP may be associated with HCV-related liver disease. We investigated the visual analogue scale (VAS) and effects of oral care gel, REFRECARE-H(\u00ae), on patients with OLP associated with HCV infection. RESULTS: Nine OLP patients (mean age 67.9 \u00b1 7.6 years) with HCV-related liver diseases were recruited and their VAS score determined along with a biochemical examination of the blood. Types of OLP included erosive (6 patients) and reticular (3). REFRECARE-H(\u00ae), an oral care gel (therapeutic dentifrice) containing hinokitiol, was applied by each patient as a thin layer on the oral membrane, after each meal and at bedtime for 30 days. Application of REFRECARE-H(\u00ae )improved the quality of life in all terms of dry mouth, breath odor, oral freshness, oral pain during rest, oral pain at a mealtimes, taste disorder, loss of appetite, sleep disorder, depressive mood and jitteriness. VAS scores of dry mouth, breath odor, oral freshness, and sleep disorder were significantly increased 30 days after application of REFRECARE-H(\u00ae )(P = 0.01, P = 0.05, P = 0.03, P = 0.04). VAS scores of oral pain at a mealtimes and taste disorder were increased 30 days after application of REFRECARE-H(\u00ae )(P = 0.06). There was an absence of side effects. CONCLUSIONS: REFRECARE-H(\u00ae )improved the quality of life for OLP. It is necessary for the hepatologist to educate patients regarding oral hygiene, as well as provide treatment of liver disease.",
   "publish_time": "2011 Jul 12",
   "authors": [
      "['Nagao, Yumiko', 'Sata, Michio']"
   ],
   "journal": "Virol J",
   "has_full_text": "True",
   "id": "7120211f7eda128e441ed22e3e4d8d3eda07b771",
   "fhir_link": "Commercial/7120211f7eda128e441ed22e3e4d8d3eda07b771"
}