{
   "source_x": "PMC",
   "title": "Apoptosis and T-cell depletion during feline infectious peritonitis.",
   "pmcid": "PMC190995",
   "abstract": "Cats that have succumbed to feline infectious peritonitis, an immune-mediated disease caused by variants of feline coronaviruses, show apoptosis and T-cell depletion in their lymphoid organs. The ascitic fluid that develops in the course of the condition causes apoptosis in vitro but only in activated T cells. Since feline infectious peritonitis virus does not infect T cells, and viral proteins did not inhibit T-cell proliferation, we postulate that soluble mediators released during the infection cause apoptosis and T-cell depletion.",
   "authors": [
      "['Haagmans, B L', 'Egberink, H F', 'Horzinek, M C']"
   ],
   "id": "https://www.ncbi.nlm.nih.gov/pmc/articles/PMC190995"
}