{
   "source_x": "PMC",
   "title": "Bovine Cryptosporidiosis: Clinical and Pathological Findings in Forty-two Scouring Neonatal Calves",
   "pmcid": "PMC1790278",
   "abstract": "Cryptosporidia organisms were identified in 42 of 161 (26%) neonatal, diarrheic calves, over a 32 month period commencing July 1979. Forty of the 161 calves were submitted alive and cryptosporidiosis was diagnosed in 63% (25 of 40) of them. The cryptosporidia infected calves were usually one to two weeks old and came from 26 herds where the typical history was profuse, watery diarrhea in nearly all neonatal calves. The diarrhea usually started around one week of age, was unresponsive to all conventional antidiarrhea therapies, lasted for two or more weeks and was usually fatal. Twenty-nine (69%) of the cryptosporidia infected calves were submitted between December and February. These calves were often hutch reared. Histopatholoical examination revealed large numbers of the coccidial parasite Cryptosporidium sp embedded in the microvilli of jejunal and ileal absorptive enterocytes of all affected calves. The organisms were identified as trophozoites and schizonts (asexual stages) and macrogametes (female sexual stages) with the electron microscope. Microgametes (male sexual stages) were not identified. Occasionally a merozoite (asexual stage) was also seen apparently burrowing into or about to be enveloped by a host microvillus. Observation of the organisms was much easier when diarrheic calves were submitted alive. Enterotoxigenic Escherichia coli were often cultured from intestines of dead calves and occasionally from calves submitted alive. Coronavirus particles were seen in one calf. In the last year of this study, oocysts were identified in fecal smears stained with May-Gr\u00fcnwald-Giemsa stain and fecal samples using a dichromate solution flotation technique.",
   "authors": [
      "['Sanford, S. E.', 'Josephson, G. K. A.']"
   ],
   "id": "https://www.ncbi.nlm.nih.gov/pmc/articles/PMC1790278"
}