{
   "source_x": "PMC",
   "title": "Detection of antirotavirus immunoglobulins A, G, and M in swine colostrum, milk, and feces by enzyme-linked immunosorbent assay.",
   "pmcid": "PMC351387",
   "abstract": "An enzyme-linked immunosorbent assay was developed to allow direct detection of class-specific antirotavirus antibodies. In colostrum and in milk, antirotavirus antibodies were found in the three immunoglobulin classes. Antirotavirus immunoglobulins G and M were predominant in colostrum, whereas antirotavirus immunoglobulin A was predominant in milk and feces.",
   "authors": [
      "['Corthier, G', 'Franz, J']"
   ],
   "id": "https://www.ncbi.nlm.nih.gov/pmc/articles/PMC351387"
}