{
   "sha": "78ab74f8133c0dfe8fb414c216350dd37f69b0bf",
   "source_x": "biorxiv",
   "title": "A quantitative narrative on movement, disease and patch exploitation in nesting agent groups",
   "doi": "doi.org/10.1101/791400",
   "license": "See https://www.biorxiv.org/about-biorxiv",
   "abstract": "Animal relocation data has recently become considerably more ubiquitous, finely structured (collection frequencies measured in minutes) and co-variate rich (physiology of individuals, environmental and landscape information, and accelerometer data). To better understand the impacts of ecological interactions, individual movement and disease on global change ecology, including wildlife management and conservation, it is important to have simulators that will provide demographic, movement, and epidemiology null models against which to compare patterns observed in empirical systems. Such models may then be used to develop quantitative narratives that enhance our intuition and understanding of the relationship between population structure and generative processes: in essence, along with empirical and experimental narratives, quantitative narratives are used to advance ecological epistemology. Here we describe a simulator that accounts for the influence of consumer-resource interactions, existence of social groups anchored around a central location, territoriality, group-switching behavior, and disease dynamics on population size. We use this simulator to develop new and reinforce existing quantitative narratives and point out areas for future study.\\n\\nAuthor summaryThe health and viability of species are of considerable concern to all nature lovers. Population models are central to our efforts to assess the numerical and ecological status of species and threats posed by climate change. Models, however, are crude caricatures of complex ecological systems. So how do we construct reliable assessment models able to capture processes essential to predicating the impacts of global change on population viability without getting tied up in their vast complexities? We broach this question and demonstrate how models focusing at the level of the individual (i.e., agent-based models) are tools for developing robust, narratives to augment narratives arising purely from empirical data sources and experimental outcomes. We do this in the context of nesting social groups, foraging for food, while exhibiting territoriality and group-switching behavior; and, we evaluate the impact of disease on the viability of such populations.",
   "publish_time": "2019-10-03",
   "authors": [
      "Getz, W. M.",
      " Salter, R.",
      " Tallam, K."
   ],
   "has_full_text": "True",
   "id": "78ab74f8133c0dfe8fb414c216350dd37f69b0bf",
   "fhir_link": "bioRxiv-medRxiv/78ab74f8133c0dfe8fb414c216350dd37f69b0bf"
}