{
   "sha": "b0c409979750e2975f6c707cf4a9a44ee6c9e748",
   "source_x": "medrxiv",
   "title": "Estimation of the asymptomatic ratio of novel coronavirus infections (COVID-19)",
   "doi": "doi.org/10.1101/2020.02.03.20020248",
   "license": "See https://www.medrxiv.org/submit-a-manuscript",
   "abstract": "<jats:p>A total of 565 Japanese citizens were evacuated from Wuhan, China to Japan. All passengers were screened for symptoms and also undertook reverse transcription polymerase chain reaction testing, identifying 5 asymptomatic and 7 symptomatic passengers testing positive for 2019-nCoV. We show that the screening result is suggestive of the asymptomatic ratio at 41.6%.</jats:p>",
   "publish_time": "2020-02-11",
   "authors": [
      "['Hiroshi Nishiura', 'Tetsuro Kobayashi', 'Takeshi Miyama', 'Ayako Suzuki', 'Sungmok Jung', 'Katsuma Hayashi', 'Ryo Kinoshita', 'Yichi Yang', 'Baoyin Yuan', 'Andrei R. Akhmetzhanov', 'Natalie M Linton']"
   ],
   "has_full_text": "False",
   "id": "b0c409979750e2975f6c707cf4a9a44ee6c9e748"
}