{
   "sha": "abe590b95aa51e7309844156acdae4085870ea33",
   "source_x": "medrxiv",
   "title": "Analysis of early renal injury in COVID-19 and diagnostic value of multi-index combined detection",
   "doi": "doi.org/10.1101/2020.03.07.20032599",
   "license": "See https://www.medrxiv.org/submit-a-manuscript",
   "abstract": "<jats:p>Objectives The aim of the study was to analyze the incidence of COVID-19 with early renal injury, and to explore the value of multi-index combined detection in diagnosis of early renal injury in COVID-19. Design The study was an observational, descriptive study. Setting This study was carried out in a tertiary hospital in Guangdong, China. Participants 12 patients diagnosed with COVID-19 from January 20, 2020 to February 20, 2020. Primary and secondary outcome measures The primary outcome was to evaluate the incidence of early renal injury in COVID-19. In this study, the estimated glomerular filtration rate (eGFR), endogenous creatinine clearance (Ccr) and urine microalbumin / urinary creatinine ratio (UACR) were calculated to assess the incidence of early renal injury. Secondary outcomes were the diagnostic value of urine microalbumin (UMA), \u03b11-microglobulin (A1M), urine immunoglobulin-G (IGU), urine transferring (TRU) alone and in combination in diagnosis of COVID-19 with early renal injury. Results  While all patients had no significant abnormalities in serum creatinine (Scr) and blood urea nitrogen (BUN), the abnormal rates of eGFR, Ccr, and UACR were 66.7%, 41.7%, and 41.7%, respectively. Urinary microprotein detection indicated that the area under curve (AUC) of multi-index combined to diagnose early renal injury in COVID-19 was 0.875, which was higher than UMA (0,813), A1M (0.813), IGU (0.750) and TRU (0.750) alone. Spearman analysis showed that the degree of early renal injury was significantly related to C-reactive protein (CRP) and neutrophil ratio (NER), suggesting that the more severe the infection, the more obvious the early renal injury. Hypokalemia and hyponatremia were common in patients with COVID-19, and there was a correlation with the degree of renal injury. Conclusions Early renal injury was common in patients with COVID-19. Combined detection of UMA, A1M, IGU, and TRU was helpful for the diagnosis of early renal injury in COVID-19.</jats:p>",
   "publish_time": "2020-03-10",
   "authors": [
      "['Xu-wei Hong', 'Ze-pai Chi', 'Guo-yuan Liu', 'Hong Huang', 'Shun-qi Guo', 'Jing-ru Fan', 'Xian-wei Lin', 'Liao-zhun Qu', 'Rui-lie Chen', 'Ling-jie Wu', 'Liang-yu Wang', 'Qi-chuan Zhang', 'Su-wu Wu', 'Ze-qun Pan', 'Hao Lin', 'Yu-hua Zhou', 'Yong-hai Zhang']"
   ],
   "has_full_text": "True",
   "id": "abe590b95aa51e7309844156acdae4085870ea33",
   "fhir_link": "bioRxiv-medRxiv/abe590b95aa51e7309844156acdae4085870ea33"
}