{
   "sha": "ca7514c743f1cab0c939328f75ff231ba9d9079d",
   "source_x": "PMC",
   "title": "Anti-HIV-1 Activity of a New Scorpion Venom Peptide Derivative Kn2-7",
   "doi": "http://dx.doi.org/10.1371/journal.pone.0034947",
   "pmcid": "PMC3334916",
   "pubmed_id": "22536342",
   "license": "CC BY",
   "abstract": "For over 30 years, HIV/AIDS has wreaked havoc in the world. In the absence of an effective vaccine for HIV, development of new anti-HIV agents is urgently needed. We previously identified the antiviral activities of the scorpion-venom-peptide-derived mucroporin-M1 for three RNA viruses (measles viruses, SARS-CoV, and H5N1). In this investigation, a panel of scorpion venom peptides and their derivatives were designed and chosen for assessment of their anti-HIV activities. A new scorpion venom peptide derivative Kn2-7 was identified as the most potent anti-HIV-1 peptide by screening assays with an EC(50) value of 2.76 \u00b5g/ml (1.65 \u00b5M) and showed low cytotoxicity to host cells with a selective index (SI) of 13.93. Kn2-7 could inhibit all members of a standard reference panel of HIV-1 subtype B pseudotyped virus (PV) with CCR5-tropic and CXCR4-tropic NL4-3 PV strain. Furthermore, it also inhibited a CXCR4-tropic replication-competent strain of HIV-1 subtype B virus. Binding assay of Kn2-7 to HIV-1 PV by Octet Red system suggested the anti-HIV-1 activity was correlated with a direct interaction between Kn2-7 and HIV-1 envelope. These results demonstrated that peptide Kn2-7 could inhibit HIV-1 by direct interaction with viral particle and may become a promising candidate compound for further development of microbicide against HIV-1.",
   "publish_time": "2012 Apr 19",
   "authors": [
      "['Chen, Yaoqing', 'Cao, Luyang', 'Zhong, Maohua', 'Zhang, Yan', 'Han, Chen', 'Li, Qiaoli', 'Yang, Jingyi', 'Zhou, Dihan', 'Shi, Wei', 'He, Benxia', 'Liu, Fang', 'Yu, Jie', 'Sun, Ying', 'Cao, Yuan', 'Li, Yaoming', 'Li, Wenxin', 'Guo, Deying', 'Cao, Zhijian', 'Yan, Huimin']"
   ],
   "journal": "PLoS One",
   "has_full_text": "True",
   "id": "ca7514c743f1cab0c939328f75ff231ba9d9079d",
   "fhir_link": "Commercial/ca7514c743f1cab0c939328f75ff231ba9d9079d"
}