{
   "sha": "095a46646955ce130f476cabd654f8bd1c0f2cf4",
   "source_x": "PMC",
   "title": "Immunogenetic Mechanisms Driving Norovirus GII.4 Antigenic Variation",
   "doi": "http://dx.doi.org/10.1371/journal.ppat.1002705",
   "pmcid": "PMC3355092",
   "pubmed_id": "22615565",
   "license": "CC BY",
   "abstract": "Noroviruses are the principal cause of epidemic gastroenteritis worldwide with GII.4 strains accounting for 80% of infections. The major capsid protein of GII.4 strains is evolving rapidly, resulting in new epidemic strains with altered antigenic potentials. To test if antigenic drift may contribute to GII.4 persistence, human memory B cells were immortalized and the resulting human monoclonal antibodies (mAbs) characterized for reactivity to a panel of time-ordered GII.4 virus-like particles (VLPs). Reflecting the complex exposure history of the volunteer, human anti-GII.4 mAbs grouped into three VLP reactivity patterns; ancestral (1987\u20131997), contemporary (2004\u20132009), and broad (1987\u20132009). NVB 114 reacted exclusively to the earliest GII.4 VLPs by EIA and blockade. NVB 97 specifically bound and blocked only contemporary GII.4 VLPs, while NBV 111 and 43.9 exclusively reacted with and blocked variants of the GII.4.2006 Minerva strain. Three mAbs had broad GII.4 reactivity. Two, NVB 37.10 and 61.3, also detected other genogroup II VLPs by EIA but did not block any VLP interactions with carbohydrate ligands. NVB 71.4 cross-neutralized the panel of time-ordered GII.4 VLPs, as measured by VLP-carbohydrate blockade assays. Using mutant VLPs designed to alter predicted antigenic epitopes, two evolving, GII.4-specific, blockade epitopes were mapped. Amino acids 294\u2013298 and 368\u2013372 were required for binding NVB 114, 111 and 43.9 mAbs. Amino acids 393\u2013395 were essential for binding NVB 97, supporting earlier correlations between antibody blockade escape and carbohydrate binding variation. These data inform VLP vaccine design, provide a strategy for expanding the cross-blockade potential of chimeric VLP vaccines, and identify an antibody with broadly neutralizing therapeutic potential for the treatment of human disease. Moreover, these data support the hypothesis that GII.4 norovirus evolution is heavily influenced by antigenic variation of neutralizing epitopes and consequently, antibody-driven receptor switching; thus, protective herd immunity is a driving force in norovirus molecular evolution.",
   "publish_time": "2012 May 17",
   "authors": [
      "['Lindesmith, Lisa C.', 'Beltramello, Martina', 'Donaldson, Eric F.', 'Corti, Davide', 'Swanstrom, Jesica', 'Debbink, Kari', 'Lanzavecchia, Antonio', 'Baric, Ralph S.']"
   ],
   "journal": "PLoS Pathog",
   "has_full_text": "False",
   "id": "095a46646955ce130f476cabd654f8bd1c0f2cf4"
}