{
   "sha": "4c0660d807475373cd5e4bf4ba268a1005b87712",
   "source_x": "PMC",
   "title": "Dual Host-Virus Arms Races Shape an Essential Housekeeping Protein",
   "doi": "http://dx.doi.org/10.1371/journal.pbio.1001571",
   "pmcid": "PMC3665890",
   "pubmed_id": "23723737",
   "license": "CC BY",
   "abstract": "Transferrin Receptor (TfR1) is the cell-surface receptor that regulates iron uptake into cells, a process that is fundamental to life. However, TfR1 also facilitates the cellular entry of multiple mammalian viruses. We use evolutionary and functional analyses of TfR1 in the rodent clade, where two families of viruses bind this receptor, to mechanistically dissect how essential housekeeping genes like TFR1 successfully balance the opposing selective pressures exerted by host and virus. We find that while the sequence of rodent TfR1 is generally conserved, a small set of TfR1 residue positions has evolved rapidly over the speciation of rodents. Remarkably, all of these residues correspond to the two virus binding surfaces of TfR1. We show that naturally occurring mutations at these positions block virus entry while simultaneously preserving iron-uptake functionalities, both in rodent and human TfR1. Thus, by constantly replacing the amino acids encoded at just a few residue positions, TFR1 divorces adaptation to ever-changing viruses from preservation of key cellular functions. These dynamics have driven genetic divergence at the TFR1 locus that now enforces species-specific barriers to virus transmission, limiting both the cross-species and zoonotic transmission of these viruses.",
   "publish_time": "2013 May 28",
   "authors": [
      "['Demogines, Ann', 'Abraham, Jonathan', 'Choe, Hyeryun', 'Farzan, Michael', 'Sawyer, Sara L.']"
   ],
   "journal": "PLoS Biol",
   "has_full_text": "False",
   "id": "4c0660d807475373cd5e4bf4ba268a1005b87712"
}