{
   "sha": "aef63beff452ee2eee54c7d60770dccf59890568",
   "source_x": "PMC",
   "title": "The Effectiveness and Mechanism of Toona sinensis Extract Inhibit Attachment of Pandemic Influenza A (H1N1) Virus",
   "doi": "http://dx.doi.org/10.1155/2013/479718",
   "pmcid": "PMC3773900",
   "pubmed_id": "24073006",
   "license": "CC BY",
   "abstract": "TSL-1 is a fraction of the aqueous extract from the tender leaf of Toona sinensis Roem, a nutritious vegetable. The pandemic influenza A (H1N1) virus is a recently described, rapidly contagious respiratory pathogen which can cause acute respiratory distress syndrome (ARDS) and poses a major public health threat. In this study, we found that TSL-1 inhibited viral yields on MDCK plaque formation by pandemic influenza A (H1N1) virus on infected A549 cells with high selectivity index. Meanwhile, TSL-1 also suppressed viral genome loads in infected A549 cells, quantified by qRT-PCR. This study further demonstrated that TSL-1 inhibited pandemic influenza A (H1N1) virus activity through preventing attachment of A549 cells but not penetration. TSL-1 inhibited viral attachment through significant downregulation of adhesion molecules and chemokines (VCAM-1, ICAM-1, E-selectin, IL-8, and fractalkine) compared to Amantadine. Our results suggest that TSL-1 may be used as an alternative treatment and prophylaxis against pandemic influenza A (H1N1) virus.",
   "publish_time": "2013 Sep 2",
   "authors": [
      "['You, Huey-Ling', 'Chen, Chung-Jen', 'Eng, Hock-Liew', 'Liao, Pei-Lin', 'Huang, Sheng-Teng']"
   ],
   "journal": "Evid Based Complement Alternat Med",
   "has_full_text": "True",
   "id": "aef63beff452ee2eee54c7d60770dccf59890568",
   "fhir_link": "Commercial/aef63beff452ee2eee54c7d60770dccf59890568"
}