{
   "sha": "10dd2aeb61d54b45337a96f3c6243b72d6764732",
   "source_x": "PMC",
   "title": "Using HIV Networks to Inform Real Time Prevention Interventions",
   "doi": "http://dx.doi.org/10.1371/journal.pone.0098443",
   "pmcid": "PMC4047027",
   "pubmed_id": "24901437",
   "license": "CC0",
   "abstract": "OBJECTIVE: To reconstruct the local HIV-1 transmission network from 1996 to 2011 and use network data to evaluate and guide efforts to interrupt transmission. DESIGN: HIV-1 pol sequence data were analyzed to infer the local transmission network. METHODS: We analyzed HIV-1 pol sequence data to infer a partial local transmission network among 478 recently HIV-1 infected persons and 170 of their sexual and social contacts in San Diego, California. A transmission network score (TNS) was developed to estimate the risk of HIV transmission from a newly diagnosed individual to a new partner and target prevention interventions. RESULTS: HIV-1 pol sequences from 339 individuals (52.3%) were highly similar to sequences from at least one other participant (i.e., clustered). A high TNS (top 25%) was significantly correlated with baseline risk behaviors (number of unique sexual partners and insertive unprotected anal intercourse (p\u200a=\u200a0.014 and p\u200a=\u200a0.0455, respectively) and predicted risk of transmission (p<0.0001). Retrospective analysis of antiretroviral therapy (ART) use, and simulations of ART targeted to individuals with the highest TNS, showed significantly reduced network level HIV transmission (p<0.05). CONCLUSIONS: Sequence data from an HIV-1 screening program focused on recently infected persons and their social and sexual contacts enabled the characterization of a highly connected transmission network. The network-based risk score (TNS) was highly correlated with transmission risk behaviors and outcomes, and can be used identify and target effective prevention interventions, like ART, to those at a greater risk for HIV-1 transmission.",
   "publish_time": "2014 Jun 5",
   "authors": [
      "['Little, Susan J.', 'Kosakovsky Pond, Sergei L.', 'Anderson, Christy M.', 'Young, Jason A.', 'Wertheim, Joel O.', 'Mehta, Sanjay R.', 'May, Susanne', 'Smith, Davey M.']"
   ],
   "journal": "PLoS One",
   "has_full_text": "True",
   "id": "10dd2aeb61d54b45337a96f3c6243b72d6764732",
   "fhir_link": "Commercial/10dd2aeb61d54b45337a96f3c6243b72d6764732"
}