{
   "sha": "fd4b79d3d28a8c01c635987b474443590c240f4c",
   "source_x": "PMC",
   "title": "Macrophage Polarization in Virus-Host Interactions",
   "doi": "http://dx.doi.org/10.4172/2155-9899.1000311",
   "pmcid": "PMC4512304",
   "pubmed_id": "26213635",
   "license": "CC BY",
   "abstract": "Macrophage involvement in viral infections and antiviral states is common. However, this involvement has not been well-studied in the paradigm of macrophage polarization, which typically has been categorized by the dichotomy of classical (M1) and alternative (M2) statuses. Recent studies have revealed the complexity of macrophage polarization in response to various cellular mediators and exogenous stimuli by adopting a multipolar view to revisit the differential process of macrophages, especially those re-polarized during viral infections. Here, through examination of viral infections targeting macrophages/monocytic cells, we focus on the direct involvement of macrophage polarization during viral infections. Type I and type III interferons (IFNs) are critical in regulation of viral pathogenesis and host antiviral infection; thus, we propose to incorporate IFN-mediated antiviral states into the framework of macrophage polarization. This view is supported by the multifunctional properties of type I IFNs, which potentially elicit and regulate both M1- and M2-polarization in addition to inducing the antiviral state, and by the discoveries of viral mechanisms to adapt and modulate macrophage polarization. Indeed, several recent studies have demonstrated effective prevention of viral diseases through manipulation of macrophage immune statuses.",
   "publish_time": "2015 Apr 27",
   "authors": [
      "['Sang, Yongming', 'Miller, Laura C', 'Blecha, Frank']"
   ],
   "journal": "J Clin Cell Immunol",
   "has_full_text": "True",
   "id": "fd4b79d3d28a8c01c635987b474443590c240f4c",
   "fhir_link": "Commercial/fd4b79d3d28a8c01c635987b474443590c240f4c"
}