{
   "source_x": "CZI",
   "title": "Did pangolins spread the China coronavirus to people?",
   "doi": "10.1038/d41586-020-00364-2",
   "abstract": "Genetic sequences of viruses isolated from the scaly animals are 99% similar to that of the circulating virus \u2014 but the work is yet to be formally published. Genetic sequences of viruses isolated from the scaly animals are 99% similar to that of the circulating virus \u2014 but the work is yet to be formally published.",
   "publish_time": "2020",
   "authors": [
      "Cyranoski, David"
   ],
   "journal": "Nature",
   "Microsoft Academic Paper ID": "3004620471",
   "WHO #Covidence": "#502",
   "id": "https://doi.org/10.1038/d41586-020-00364-2"
}