{
   "sha": "ce374c50076cc3e74a12e5b910cae08d2fe543ba",
   "source_x": "PMC",
   "title": "Comparative and kinetic analysis of viral shedding and immunological responses in MERS patients representing a broad spectrum of disease severity",
   "doi": "http://dx.doi.org/10.1038/srep25359",
   "pmcid": "PMC4857172",
   "pubmed_id": "27146253",
   "license": "CC BY",
   "abstract": "Despite the ongoing spread of MERS, there is limited knowledge of the factors affecting its severity and outcomes. We analyzed clinical data and specimens from fourteen MERS patients treated in a hospital who collectively represent a wide spectrum of disease severity, ranging from mild febrile illness to fatal pneumonia, and classified the patients into four groups based on severity and mortality. Comparative and kinetic analyses revealed that high viral loads, weak antibody responses, and lymphopenia accompanying thrombocytopenia were associated with disease mortality, whereas persistent and gradual increases in lymphocyte responses might be required for effective immunity against MERS-CoV infection. Leukocytosis, primarily due to increased neutrophils and monocytes, was generally observed in more severe and fatal cases. The blood levels of cytokines such as IL-10, IL-15, TGF-\u03b2, and EGF were either positively or negatively correlated with disease mortality. Robust induction of various chemokines with differential kinetics was more prominent in patients that recovered from pneumonia than in patients with mild febrile illness or deceased patients. The correlation of the virological and immunological responses with disease severity and mortality, as well as their responses to current antiviral therapy, may have prognostic significance during the early phase of MERS.",
   "publish_time": "2016 May 5",
   "authors": [
      "['Min, Chan-Ki', 'Cheon, Shinhye', 'Ha, Na-Young', 'Sohn, Kyung Mok', 'Kim, Yuri', 'Aigerim, Abdimadiyeva', 'Shin, Hyun Mu', 'Choi, Ji-Yeob', 'Inn, Kyung-Soo', 'Kim, Jin-Hwan', 'Moon, Jae Young', 'Choi, Myung-Sik', 'Cho, Nam-Hyuk', 'Kim, Yeon-Sook']"
   ],
   "journal": "Sci Rep",
   "has_full_text": "False",
   "id": "ce374c50076cc3e74a12e5b910cae08d2fe543ba"
}