{
   "sha": "b516e53a03a6dc4df9eb13c85d0a57ef71452125",
   "source_x": "PMC",
   "title": "A protocol for a systematic literature review: comparing the impact of seasonal and meteorological parameters on acute respiratory infections in Indigenous and non-Indigenous peoples",
   "doi": "http://dx.doi.org/10.1186/s13643-016-0399-x",
   "pmcid": "PMC5267362",
   "pubmed_id": "28122603",
   "license": "CC BY",
   "abstract": "BACKGROUND: Acute respiratory infections (ARI) are a leading cause of morbidity and mortality globally, and are often linked to seasonal and/or meteorological conditions. Globally, Indigenous peoples may experience a different burden of ARI compared to non-Indigenous peoples. This protocol outlines our process for conducting a systematic review to investigate whether associations between ARI and seasonal or meteorological parameters differ between Indigenous and non-Indigenous groups residing in the same geographical region. METHODOLOGY: A search string will be used to search PubMed(\u00ae), CAB Abstracts/CAB Direct(\u00a9), and Science Citation Index(\u00ae) aggregator databases. Articles will be screened using inclusion/exclusion criteria applied first at the title and abstract level, and then at the full article level by two independent reviewers. Articles maintained after full article screening will undergo risk of bias assessment and data will be extracted. Heterogeneity tests, meta-analysis, and forest and funnel plots will be used to synthesize the results of eligible studies. DISCUSSION AND REGISTRATION: This protocol paper describes our systematic review methods to identify and analyze relevant ARI, season, and meteorological literature with robust reporting. The results are intended to improve our understanding of potential associations between seasonal and meteorological parameters and ARI and, if identified, whether this association varies by place, population, or other characteristics. The protocol is registered in the PROSPERO database (#38051). ELECTRONIC SUPPLEMENTARY MATERIAL: The online version of this article (doi:10.1186/s13643-016-0399-x) contains supplementary material, which is available to authorized users.",
   "publish_time": "2017 Jan 26",
   "authors": [
      "['Bishop-Williams, Katherine E.', 'Sargeant, Jan M.', 'Berrang-Ford, Lea', 'Edge, Victoria L.', 'Cunsolo, Ashlee', 'Harper, Sherilee L.']"
   ],
   "journal": "Syst Rev",
   "has_full_text": "True",
   "id": "b516e53a03a6dc4df9eb13c85d0a57ef71452125",
   "fhir_link": "Commercial/b516e53a03a6dc4df9eb13c85d0a57ef71452125"
}