{
   "sha": "626347808e0ebaed5176f6a00206c35e48aeb90d",
   "source_x": "PMC",
   "title": "Genome structure and transcriptional regulation of human coronavirus NL63",
   "doi": "http://dx.doi.org/10.1186/1743-422X-1-7",
   "pmcid": "PMC538260",
   "pubmed_id": "15548333",
   "license": "CC BY",
   "abstract": "BACKGROUND: Two human coronaviruses are known since the 1960s: HCoV-229E and HCoV-OC43. SARS-CoV was discovered in the early spring of 2003, followed by the identification of HCoV-NL63, the fourth member of the coronaviridae family that infects humans. In this study, we describe the genome structure and the transcription strategy of HCoV-NL63 by experimental analysis of the viral subgenomic mRNAs. RESULTS: The genome of HCoV-NL63 has the following gene order: 1a-1b-S-ORF3-E-M-N. The GC content of the HCoV-NL63 genome is extremely low (34%) compared to other coronaviruses, and we therefore performed additional analysis of the nucleotide composition. Overall, the RNA genome is very low in C and high in U, and this is also reflected in the codon usage. Inspection of the nucleotide composition along the genome indicates that the C-count increases significantly in the last one-third of the genome at the expense of U and G. We document the production of subgenomic (sg) mRNAs coding for the S, ORF3, E, M and N proteins. We did not detect any additional sg mRNA. Furthermore, we sequenced the 5' end of all sg mRNAs, confirming the presence of an identical leader sequence in each sg mRNA. Northern blot analysis indicated that the expression level among the sg mRNAs differs significantly, with the sg mRNA encoding nucleocapsid (N) being the most abundant. CONCLUSIONS: The presented data give insight into the viral evolution and mutational patterns in coronaviral genome. Furthermore our data show that HCoV-NL63 employs the discontinuous replication strategy with generation of subgenomic mRNAs during the (-) strand synthesis. Because HCoV-NL63 has a low pathogenicity and is able to grow easily in cell culture, this virus can be a powerful tool to study SARS coronavirus pathogenesis.",
   "publish_time": "2004 Nov 17",
   "authors": [
      "['Pyrc, Krzysztof', 'Jebbink, Maarten F', 'Berkhout, Ben', 'van der Hoek, Lia']"
   ],
   "journal": "Virol J",
   "has_full_text": "True",
   "id": "626347808e0ebaed5176f6a00206c35e48aeb90d",
   "fhir_link": "Commercial/626347808e0ebaed5176f6a00206c35e48aeb90d"
}