{
   "sha": "77df12a2ea42f8702db5b87396eebc49d3d13085",
   "source_x": "PMC",
   "title": "Estimating the burden of influenza\u2010associated hospitalization and deaths in Oman (2012\u20102015)",
   "doi": "http://dx.doi.org/10.1111/irv.12500",
   "pmcid": "PMC5818336",
   "pubmed_id": "29205882",
   "license": "CC BY",
   "abstract": "BACKGROUND: Influenza is a serious vaccine\u2010preventable disease with high incidence, hospitalization, and mortality in high\u2010risk groups. The epidemiology, seasonality, and risk factors for influenza are well defined in most of the temperate countries, but estimating influenza burden in the World Health Organization (WHO) Region for the Eastern Mediterranean is scarce. In Oman, despite the advancements in influenza surveillance, the clinical burden and seasonality of influenza remain not fully understood. OBJECTIVES: To estimate the incidence of influenza\u2010associated hospitalizations and in\u2010hospital death in Oman. PATIENTS AND METHODS: Influenza\u2010associated hospitalizations and in\u2010hospital deaths were estimated using hospital discharge records based on ICD\u201010 codes (J09\u2010J18), results of virological analysis and population census for the period between 2012 and 2015. RESULTS: During 2012 and 2015, we identified a total of 19\u00a0405 influenza\u2010associated hospitalization and 847 deaths. Influenza positivity percentage ranged from 6.4% in 2013 to 20.6% in 2015. Influenza\u2010associated hospitalization incidence rate was 7.3 (95% CI: 6.4\u20108.1) per 100\u00a0000 in 2013 and 27.5 (95% CI: 25.9\u201029.1) per 100\u00a0000 in 2015 with an overall rate of 20.6 (95% CI: 19.9\u201021.3) per 100\u00a0000. The highest incidence of influenza\u2010associated death was among those aged \u226565\u00a0years and ranged between 39.5 (95% CI: 27.3\u201051.8) per 100\u00a0000 in 2014 and 11.3 (95% CI: 7.5\u201015.1) in 2015. CONCLUSIONS: Influenza causes a substantial number of hospitalizations and deaths in Oman. Hospitalization rates were highest among children, and adults \u226565\u00a0years showed the highest death rate. The potential value of using seasonal influenza vaccine in these groups should be considered.",
   "publish_time": "2018 Jan 5",
   "authors": [
      "['Abdel\u2010Hady, Doaa M.', 'Al Balushi, Rima M.', 'Al Abri, Badr A.', 'Al Abri, Seif S.', 'Al Kindi, Hanan S.', 'Al\u2010Jardani, Amina K.', 'Al Yaqubi, Fatma M.', 'Al Abaidani, Idris S.']"
   ],
   "journal": "Influenza Other Respir Viruses",
   "has_full_text": "True",
   "id": "77df12a2ea42f8702db5b87396eebc49d3d13085",
   "fhir_link": "Commercial/77df12a2ea42f8702db5b87396eebc49d3d13085"
}