{
   "sha": "9f88c05ff539e0fd17ef61d08a51757f1e93b55a",
   "source_x": "PMC",
   "title": "Bacterial Pathogen Emergence Requires More than Direct Contact with a Novel Passerine Host",
   "doi": "http://dx.doi.org/10.1128/IAI.00863-17",
   "pmcid": "PMC5820954",
   "pubmed_id": "29311238",
   "license": "CC BY",
   "abstract": "While direct contact may sometimes be sufficient to allow a pathogen to jump into a new host species, in other cases, fortuitously adaptive mutations that arise in the original donor host are also necessary. Viruses have been the focus of most host shift studies, so less is known about the importance of ecological versus evolutionary processes to successful bacterial host shifts. Here we tested whether direct contact with the novel host was sufficient to enable the mid-1990s jump of the bacterium Mycoplasma gallisepticum from domestic poultry to house finches (Haemorhous mexicanus). We experimentally inoculated house finches with two genetically distinct M. gallisepticum strains obtained either from poultry (Rlow) or from house finches (HF1995) during an epizootic outbreak. All 15 house finches inoculated with HF1995 became infected, whereas Rlow successfully infected 12 of 15 (80%) inoculated house finches. Comparisons among infected birds showed that, relative to HF1995, Rlow achieved substantially lower bacterial loads in the host respiratory mucosa and was cleared faster. Furthermore, Rlow-infected finches were less likely to develop clinical symptoms than HF1995-infected birds and, when they did, displayed milder conjunctivitis. The lower infection success of Rlow relative to HF1995 was not, however, due to a heightened host antibody response to Rlow. Taken together, our results indicate that contact between infected poultry and house finches was not, by itself, sufficient to explain the jump of M. gallisepticum to house finches. Instead, mutations arising in the original poultry host would have been necessary for successful pathogen emergence in the novel finch host.",
   "publish_time": "2018 Feb 20",
   "authors": [
      "['Staley, Molly', 'Hill, Geoffrey E.', 'Josefson, Chloe C.', 'Armbruster, Jonathan W.', 'Bonneaud, Camille']"
   ],
   "journal": "Infect Immun",
   "has_full_text": "True",
   "id": "9f88c05ff539e0fd17ef61d08a51757f1e93b55a",
   "fhir_link": "Commercial/9f88c05ff539e0fd17ef61d08a51757f1e93b55a"
}