{
   "sha": "3c78f14566e94220797611e80ca9136e070bbe45",
   "source_x": "PMC",
   "title": "Accurate prediction of functional, structural, and stability changes in PITX2 mutations using in silico bioinformatics algorithms",
   "doi": "http://dx.doi.org/10.1371/journal.pone.0195971",
   "pmcid": "PMC5903617",
   "pubmed_id": "29664915",
   "license": "CC BY",
   "abstract": "Mutations in PITX2 have been implicated in several genetic disorders, particularly Axenfeld-Rieger syndrome. In order to determine the most reliable bioinformatics tools to assess the likely pathogenicity of PITX2 variants, the results of bioinformatics predictions were compared to the impact of variants on PITX2 structure and function. The MutPred, Provean, and PMUT bioinformatic tools were found to have the highest performance in predicting the pathogenicity effects of all 18 characterized missense variants in PITX2, all with sensitivity and specificity >93%. Applying these three programs to assess the likely pathogenicity of 13 previously uncharacterized PITX2 missense variants predicted 12/13 variants as deleterious, except A30V which was predicted as benign variant for all programs. Molecular modeling of the PITX2 homoedomain predicts that of the 31 known PITX2 variants, L54Q, F58L, V83F, V83L, W86C, W86S, and R91P alter PITX2\u2019s structure. In contrast, the remaining 24 variants are not predicted to change PITX2\u2019s structure. The results of molecular modeling, performed on all the PITX2 missense mutations located in the homeodomain, were compared with the findings of eight protein stability programs. CUPSAT was found to be the most reliable in predicting the effect of missense mutations on PITX2 stability. Our results showed that for PITX2, and likely other members of this homeodomain transcription factor family, MutPred, Provean, PMUT, molecular modeling, and CUPSAT can reliably be used to predict PITX2 missense variants pathogenicity.",
   "publish_time": "2018 Apr 17",
   "authors": [
      "['Seifi, Morteza', 'Walter, Michael A.']"
   ],
   "journal": "PLoS One",
   "has_full_text": "True",
   "id": "3c78f14566e94220797611e80ca9136e070bbe45",
   "fhir_link": "Commercial/3c78f14566e94220797611e80ca9136e070bbe45"
}