{
   "sha": "3ef64680e9ff547fef5377039092261470f5fe92",
   "source_x": "PMC",
   "title": "Bacterial RecA Protein Promotes Adenoviral Recombination during In Vitro Infection",
   "doi": "http://dx.doi.org/10.1128/mSphere.00105-18",
   "pmcid": "PMC6010623",
   "pubmed_id": "29925671",
   "license": "CC BY",
   "abstract": "Adenovirus infections in humans are common and sometimes lethal. Adenovirus-derived vectors are also commonly chosen for gene therapy in human clinical trials. We have shown in previous work that homologous recombination between adenoviral genomes of human adenovirus species D (HAdV-D), the largest and fastest growing HAdV species, is responsible for the rapid evolution of this species. Because adenovirus infection initiates in mucosal epithelia, particularly at the gastrointestinal, respiratory, genitourinary, and ocular surfaces, we sought to determine a possible role for mucosal microbiota in adenovirus genome diversity. By analysis of known recombination hot spots across 38 human adenovirus genomes in species D (HAdV-D), we identified nucleotide sequence motifs similar to bacterial Chi sequences, which facilitate homologous recombination in the presence of bacterial Rec enzymes. These motifs, referred to here as Chi(AD), were identified immediately 5\u2032 to the sequence encoding penton base hypervariable loop 2, which expresses the arginine-glycine-aspartate moiety critical to adenoviral cellular entry. Coinfection with two HAdV-Ds in the presence of an Escherichia\u00a0coli lysate increased recombination; this was blocked in a RecA mutant strain, E.\u00a0coli DH5\u03b1, or upon RecA depletion. Recombination increased in the presence of E.\u00a0coli lysate despite a general reduction in viral replication. RecA colocalized with viral DNA in HAdV-D-infected cell nuclei and was shown to bind specifically to Chi(AD) sequences. These results indicate that adenoviruses may repurpose bacterial recombination machinery, a sharing of evolutionary mechanisms across a diverse microbiota, and unique example of viral commensalism. IMPORTANCE Adenoviruses are common human mucosal pathogens of the gastrointestinal, respiratory, and genitourinary tracts and ocular surface. Here, we report finding Chi-like sequences in adenovirus recombination hot spots. Adenovirus coinfection in the presence of bacterial RecA protein facilitated homologous recombination between viruses. Genetic recombination led to evolution of an important external feature on the adenoviral capsid, namely, the penton base protein hypervariable loop 2, which contains the arginine-glycine-aspartic acid motif critical to viral internalization. We speculate that free Rec proteins present in gastrointestinal secretions upon bacterial cell death facilitate the evolution of human adenoviruses through homologous recombination, an example of viral commensalism and the complexity of virus-host interactions, including regional microbiota.",
   "publish_time": "2018 Jun 20",
   "authors": [
      "['Lee, Jeong Yoon', 'Lee, Ji Sun', 'Materne, Emma C.', 'Rajala, Rahul', 'Ismail, Ashrafali M.', 'Seto, Donald', 'Dyer, David W.', 'Rajaiya, Jaya', 'Chodosh, James']"
   ],
   "journal": "mSphere",
   "has_full_text": "False",
   "id": "3ef64680e9ff547fef5377039092261470f5fe92"
}