{
   "sha": "a0aebcef0a0f84194abcfdc8181905306b8342cf",
   "source_x": "Elsevier",
   "title": "Environmental Cleaning and Disinfection",
   "doi": "10.1016/j.cvsm.2014.11.011",
   "pubmed_id": "25555560",
   "license": "els-covid",
   "publish_time": "2015-03-31",
   "authors": [
      "Traverse, Michelle",
      "Aceto, Helen"
   ],
   "journal": "Veterinary Clinics of North America: Small Animal Practice",
   "has_full_text": "True",
   "full_text_file": "custom_license",
   "id": "https://doi.org/10.1016/j.cvsm.2014.11.011",
   "fhir_link": [
      "PMC/Composition/a0aebcef0a0f84194abcfdc8181905306b8342cf"
   ]
}