{
   "sha": "49a80b6a6c7da222b6c9a2d9ce411261223fa8d5",
   "source_x": "Elsevier",
   "title": "Canine Adenoviruses and Herpesvirus",
   "doi": "10.1016/j.cvsm.2008.02.006",
   "pubmed_id": "18501279",
   "license": "els-covid",
   "abstract": "Canine adenoviruses (CAVs) and canine herpesvirus (CHV) are pathogens of dogs that have been known for several decades. The two distinct types of CAVs, type 1 and type 2, are responsible for infectious canine hepatitis and infectious tracheobronchitis, respectively. In the present article, the currently available literature on CAVs and CHV is reviewed, providing a meaningful update on the epidemiologic, pathogenetic, clinical, diagnostic, and prophylactic aspects of the infections caused by these important pathogens.",
   "publish_time": "2008-07-31",
   "authors": [
      "Decaro, Nicola",
      "Martella, Vito",
      "Buonavoglia, Canio"
   ],
   "journal": "Veterinary Clinics of North America: Small Animal Practice",
   "has_full_text": "True",
   "full_text_file": "custom_license",
   "id": "https://doi.org/10.1016/j.cvsm.2008.02.006",
   "fhir_link": [
      "PMC/Composition/49a80b6a6c7da222b6c9a2d9ce411261223fa8d5"
   ]
}