{
   "sha": "749f7aea48429effd71727bbd36b58f7417dc6c1",
   "source_x": "Elsevier",
   "title": "Virus diffusion in isolation rooms",
   "doi": "10.1016/j.jhin.2005.07.019",
   "pubmed_id": "16359753",
   "license": "els-covid",
   "abstract": "Summary In hospitals, the ventilation of isolation rooms operating under closed-door conditions is vital if the spread of viruses and infection is to be contained. Engineering simulation, which employs computational fluid dynamics, provides a convenient means of investigating airflow behaviour in isolation rooms for various ventilation arrangements. A cough model was constructed to permit the numerical simulation of virus diffusion inside an isolation room for different ventilation system configurations. An analysis of the region of droplet fallout and the dilution time of virus diffusion of coughed gas in the isolation room was also performed for each ventilation arrangement. The numerical results presented in this paper indicate that the parallel-directional airflow pattern is the most effective means of controlling flows containing virus droplets. Additionally, staggering the positions of the supply vents at the door end of the room relative to the exhaust vents on the wall behind the bed head provides effective infection control and containment. These results suggest that this particular ventilation arrangement enhances the safety of staff when performing medical treatments within isolation rooms.",
   "publish_time": "2006-03-31",
   "authors": [
      "Kao, P.H.",
      "Yang, R.J."
   ],
   "journal": "Journal of Hospital Infection",
   "has_full_text": "True",
   "full_text_file": "custom_license",
   "id": "https://doi.org/10.1016/j.jhin.2005.07.019",
   "fhir_link": [
      "PMC/Composition/749f7aea48429effd71727bbd36b58f7417dc6c1"
   ]
}