{
   "sha": "099151d0c925c7dcba379bfa3ac1fbf0cde485e7",
   "source_x": "Elsevier",
   "title": "Risk of infection and tracking of work-related infectious diseases in the funeral industry",
   "doi": "10.1016/j.ajic.2006.05.290",
   "pubmed_id": "17161741",
   "license": "els-covid",
   "abstract": "This review demonstrates that funeral service professionals (FSPs) have a risk of exposure to bacterial and viral pathogens as well as to prion-mediated diseases. It reveals a lack of published studies focusing on the implementation and effectiveness of infection control policies for this occupational group as well as the difficulty involved in determining actual infection rates related to workplace exposure events. Possible reasons for this lack of data include the categorization of these workers by the Bureau of Labor Statistics Standard Occupational Classification System as service providers rather than health care professionals.",
   "publish_time": "2006-12-31",
   "authors": [
      "Davidson, Susan Salter",
      "Benjamin, William H."
   ],
   "journal": "American Journal of Infection Control",
   "has_full_text": "True",
   "full_text_file": "custom_license",
   "id": "https://doi.org/10.1016/j.ajic.2006.05.290",
   "fhir_link": [
      "PMC/Composition/099151d0c925c7dcba379bfa3ac1fbf0cde485e7"
   ]
}