{
   "sha": "e6d714f9f0ddc31ccebc09ee81f58741855beeef",
   "source_x": "Elsevier",
   "title": "New and emerging infectious diseases (Ebola, Middle Eastern respiratory syndrome coronavirus, carbapenem-resistant Enterobacteriaceae, Candida auris): Focus on environmental survival and germicide susceptibility",
   "doi": "10.1016/j.ajic.2019.03.004",
   "pubmed_id": "31146847",
   "license": "els-covid",
   "publish_time": "2019-06-30",
   "authors": [
      "Weber, David J.",
      "Sickbert-Bennett, Emily E.",
      "Kanamori, Hajime",
      "Rutala, William A."
   ],
   "journal": "American Journal of Infection Control",
   "has_full_text": "True",
   "full_text_file": "custom_license",
   "id": "https://doi.org/10.1016/j.ajic.2019.03.004",
   "fhir_link": [
      "PMC/Composition/e6d714f9f0ddc31ccebc09ee81f58741855beeef"
   ]
}