{
   "sha": "b2b155f6c385acc2e9872a6061cbb0b80cc81ae3",
   "source_x": "Elsevier",
   "title": "\u00bfEs gripe todo lo que cl\u00ednicamente parece gripe?",
   "doi": "10.1016/j.eimc.2013.07.010",
   "pubmed_id": "24126245",
   "license": "els-covid",
   "publish_time": "2014-05-31",
   "authors": [
      "Reina, Jordi",
      "L\u00f3pez, Carla"
   ],
   "journal": "Enfermedades Infecciosas y Microbiolog\u00eda Cl\u00ednica",
   "has_full_text": "True",
   "full_text_file": "custom_license",
   "id": "https://doi.org/10.1016/j.eimc.2013.07.010",
   "fhir_link": [
      "PMC/Composition/b2b155f6c385acc2e9872a6061cbb0b80cc81ae3"
   ]
}