{
   "sha": "6ed753cfeb39471b3cb1a1cb3bec369ba60b0e97",
   "source_x": "Elsevier",
   "title": "Exploring the new horizons of drug repurposing: A vital tool for turning hard work into smart work",
   "doi": "10.1016/j.ejmech.2019.111602",
   "pubmed_id": "31421629",
   "license": "els-covid",
   "abstract": "Abstract Drug discovery and development are long and financially taxing processes. On an average it takes 12\u201315 years and costs 1.2 billion USD for successful drug discovery and approval for clinical use. Many lead molecules are not developed further and their potential is not tapped to the fullest due to lack of resources or time constraints. In order for a drug to be approved by FDA for clinical use, it must have excellent therapeutic potential in the desired area of target with minimal toxicities as supported by both pre-clinical and clinical studies. The targeted clinical evaluations fail to explore other potential therapeutic applications of the candidate drug. Drug repurposing or repositioning is a fast and relatively cheap alternative to the lengthy and expensive de novo drug discovery and development. Drug repositioning utilizes the already available clinical trials data for toxicity and adverse effects, at the same time explores the drug's therapeutic potential for a different disease. This review addresses recent developments and future scope of drug repositioning strategy.",
   "publish_time": "2019-11-15",
   "authors": [
      "Kumar, Rajesh",
      "Harilal, Seetha",
      "Gupta, Sheeba Varghese",
      "Jose, Jobin",
      "Thomas Parambi, Della Grace",
      "Uddin, Md. Sahab",
      "Shah, Muhammad Ajmal",
      "Mathew, Bijo"
   ],
   "journal": "European Journal of Medicinal Chemistry",
   "has_full_text": "True",
   "full_text_file": "custom_license",
   "id": "https://doi.org/10.1016/j.ejmech.2019.111602",
   "fhir_link": [
      "PMC/Composition/6ed753cfeb39471b3cb1a1cb3bec369ba60b0e97"
   ]
}