{
   "sha": "9511bd524f6896e71e66c2ac487feae2a73268ed",
   "source_x": "Elsevier",
   "title": "Influenza virus and rhinovirus-related otitis media: potential for antiviral intervention",
   "doi": "10.1016/S0264-410X(00)00281-4",
   "pubmed_id": "11163466",
   "license": "els-covid",
   "abstract": "Abstract Adults frequently develop eustachian tube dysfunction and middle ear pressure (MEP) abnormalities during natural and experimental influenza and human rhinovirus (HRV) infections. Oral rimantadine treatment did not reduce the otologic manifestations of experimental influenza in adults or natural influenza in children. However, intranasal zanamivir and oral oseltamivir significantly reduced MEP abnormalities during experimental influenza in adults, and oseltamivir treatment appears to reduce the likelihood of otitis media in children with acute influenza. Investigational anti-HRV agents, including intranasal tremacamra, intranasal AG7088, and oral pleconaril, warrant study in this regard. Depending on the virus, early antiviral therapy has the potential to impact the risk of otitis media following respiratory tract infections.",
   "publish_time": "2000-12-08",
   "authors": [
      "Hayden, Frederick G."
   ],
   "journal": "Vaccine",
   "has_full_text": "True",
   "full_text_file": "custom_license",
   "id": "https://doi.org/10.1016/S0264-410X(00)00281-4",
   "fhir_link": [
      "PMC/Composition/9511bd524f6896e71e66c2ac487feae2a73268ed"
   ]
}