{
   "sha": "9acd1c32bc6c2d54824ebcf5e3cbe4c03f2a0481",
   "source_x": "Elsevier",
   "title": "Recombinant viral proteins for use in diagnostic ELISAs to detect virus infection",
   "doi": "10.1016/j.vaccine.2007.02.053",
   "pubmed_id": "17478017",
   "license": "els-covid",
   "abstract": "Abstract ELISAs provide a valuable tool in the detection and diagnosis of virus infection. The ability to produce recombinant viral proteins will ensure that future ELISAs are safe, specific and rapid. This latter point being the most crucial advantage in that even if a virus cannot be cultured, provided gene sequence is available, it is possible to rapidly respond to emerging viruses and new viral strains of existing pathogens. Indeed, ELISAs based on peptides (corresponding to epitopes) also hold great promise, as in this case no cloning or expression of a recombinant protein is required. Both recombinant protein and peptide based systems lend themselves to large scale production and purification. These approaches can also be used to distinguish recombinant vaccines from parental or wild type viruses.",
   "publish_time": "2007-07-26",
   "authors": [
      "Spencer, Kelly-Anne",
      "Osorio, Fernando A.",
      "Hiscox, Julian A."
   ],
   "journal": "Vaccine",
   "has_full_text": "True",
   "full_text_file": "custom_license",
   "id": "https://doi.org/10.1016/j.vaccine.2007.02.053",
   "fhir_link": [
      "PMC/Composition/9acd1c32bc6c2d54824ebcf5e3cbe4c03f2a0481"
   ]
}