{
   "sha": "72927c9619f1e0a9b9e90afa6bec342920ba9214",
   "source_x": "Elsevier",
   "title": "Emerging Molecular Assays for Detection and Characterization of Respiratory Viruses",
   "doi": "10.1016/j.cll.2009.07.005",
   "pubmed_id": "19892228",
   "license": "els-covid",
   "publish_time": "2009-12-31",
   "authors": [
      "Wu, Wenjuan",
      "Tang, Yi-Wei"
   ],
   "journal": "Clinics in Laboratory Medicine",
   "has_full_text": "True",
   "full_text_file": "custom_license",
   "id": "https://doi.org/10.1016/j.cll.2009.07.005",
   "fhir_link": [
      "PMC/Composition/72927c9619f1e0a9b9e90afa6bec342920ba9214"
   ]
}