{
   "sha": "045174ec80eae64513e957633c70d66c5d3d91ec",
   "source_x": "Elsevier",
   "title": "Disease metaphors in new epidemics: the UK media framing of the 2003 SARS epidemic",
   "doi": "10.1016/j.socscimed.2004.11.031",
   "pubmed_id": "15814187",
   "license": "els-covid",
   "abstract": "Abstract Since the emergence of HIV/AIDS in the 1980s, social scientists and sociologists of health and illness have been exploring the metaphorical framing of this infectious disease in its social context. Many have focused on the militaristic language used to report and explain this illness, a type of language that has permeated discourses of immunology, bacteriology and infection for at least a century. In this article, we examine how language and metaphor were used in the UK media's coverage of another previously unknown and severe infectious disease: Severe Acute Respiratory Syndrome (SARS). SARS offers an opportunity to explore the cultural framing of a less extraordinary epidemic disease. It therefore provides an analytical counter-weight to the very extensive body of interpretation that has developed around HIV/AIDS. By analysing the total reporting on SARS of five major national newspapers during the epidemic of spring 2003, we investigate how the reporting of SARS in the UK press was framed, and how this related to media, public and governmental responses to the disease. We found that, surprisingly, militaristic language was largely absent, as was the judgemental discourse of plague. Rather, the main conceptual metaphor used was SARS as a killer. SARS as a killer was a single unified entity, not an army or force. We provide some tentative explanations for this shift in linguistic framing by relating it to local political concerns, media cultures, and spatial factors.",
   "publish_time": "2005-06-30",
   "authors": [
      "Wallis, Patrick",
      "Nerlich, Brigitte"
   ],
   "journal": "Social Science & Medicine",
   "has_full_text": "True",
   "full_text_file": "custom_license",
   "id": "https://doi.org/10.1016/j.socscimed.2004.11.031",
   "fhir_link": [
      "PMC/Composition/045174ec80eae64513e957633c70d66c5d3d91ec"
   ]
}