{
   "sha": "1fe201bcf1ed66856f693846cb0d07ce48051ec1",
   "source_x": "Elsevier",
   "title": "Gene expression profiling to identify potentially relevant disease outcomes and support human health risk assessment for carbon black nanoparticle exposure",
   "doi": "10.1016/j.tox.2012.10.014",
   "pubmed_id": "23146762",
   "license": "els-covid",
   "abstract": "Abstract New approaches are urgently needed to evaluate potential hazards posed by exposure to nanomaterials. Gene expression profiling provides information on potential modes of action and human relevance, and tools have recently become available for pathway-based quantitative risk assessment. The objective of this study was to use toxicogenomics in the context of human health risk assessment. We explore the utility of toxicogenomics in risk assessment, using published gene expression data from C57BL/6 mice exposed to 18, 54 and 162\u03bcg Printex 90 carbon black nanoparticles (CBNP). Analysis of CBNP-perturbed pathways, networks and transcription factors revealed concomitant changes in predicted phenotypes (e.g., pulmonary inflammation and genotoxicity), that correlated with dose and time. Benchmark doses (BMDs) for apical endpoints were comparable to minimum BMDs for relevant pathway-specific expression changes. Comparison to inflammatory lung disease models (i.e., allergic airway inflammation, bacterial infection and tissue injury and fibrosis) and human disease profiles revealed that induced gene expression changes in Printex 90 exposed mice were similar to those typical for pulmonary injury and fibrosis. Very similar fibrotic pathways were perturbed in CBNP-exposed mice and human fibrosis disease models. Our synthesis demonstrates how toxicogenomic profiles may be used in human health risk assessment of nanoparticles and constitutes an important step forward in the ultimate recognition of toxicogenomic endpoints in human health risk. As our knowledge of molecular pathways, dose\u2013response characteristics and relevance to human disease continues to grow, we anticipate that toxicogenomics will become increasingly useful in assessing chemical toxicities and in human health risk assessment.",
   "publish_time": "2013-01-07",
   "authors": [
      "Bourdon, Julie A.",
      "Williams, Andrew",
      "Kuo, Byron",
      "Moffat, Ivy",
      "White, Paul A.",
      "Halappanavar, Sabina",
      "Vogel, Ulla",
      "Wallin, H\u00e5kan",
      "Yauk, Carole L."
   ],
   "journal": "Toxicology",
   "has_full_text": "True",
   "full_text_file": "custom_license",
   "id": "https://doi.org/10.1016/j.tox.2012.10.014",
   "fhir_link": [
      "PMC/Composition/1fe201bcf1ed66856f693846cb0d07ce48051ec1"
   ]
}