{
   "sha": "8fa6afa0af58592ae93e47e90d84f7e064c36fdc",
   "source_x": "Elsevier",
   "title": "Trypanosoma teixeirae: A new species belonging to the T. cruzi clade causing trypanosomosis in an Australian little red flying fox (Pteropus scapulatus)",
   "doi": "10.1016/j.vetpar.2016.05.002",
   "pubmed_id": "27198803",
   "license": "els-covid",
   "abstract": "Abstract Little is known about the genetic diversity and pathogenicity of trypanosomes in Australian bats. Recently a novel trypanosome species was identified in an adult female little red flying fox (Pteropus scapulatus) with clinical and pathological evidence of trypanosomosis. The present study used morphology and molecular methods to demonstrate that this trypanosome is a distinct species and we propose the name Trypanosoma teixeirae sp. n. Morphological comparison showed that its circulating trypomastigotes were significantly different from those of Trypanosoma pteropi and Trypanosoma hipposideri, two species previously described from Australian bats. Genetic information was not available for T. pteropi and T. hipposideri but phylogenetic analyses at the 18S ribosomal RNA (rRNA) and glycosomal glyceraldehyde phosphate dehydrogenase (gGAPDH) loci indicated that T. teixeirae sp. n. was genetically distinct and clustered with other bat-derived trypanosome species within the Trypanosoma cruzi clade.",
   "publish_time": "2016-06-15",
   "authors": [
      "Barbosa, Amanda D.",
      "Mackie, John T.",
      "Stenner, Robyn",
      "Gillett, Amber",
      "Irwin, Peter",
      "Ryan, Una"
   ],
   "journal": "Veterinary Parasitology",
   "has_full_text": "True",
   "full_text_file": "custom_license",
   "id": "https://doi.org/10.1016/j.vetpar.2016.05.002",
   "fhir_link": [
      "PMC/Composition/8fa6afa0af58592ae93e47e90d84f7e064c36fdc"
   ]
}