{
   "sha": "c43d48ef2afec33c0687b0cea3bd506158bb17a4",
   "source_x": "Elsevier",
   "title": "Taiwan quality indicator project and hospital productivity growth",
   "doi": "10.1016/j.omega.2010.01.006",
   "license": "els-covid",
   "abstract": "Abstract The Taiwan Quality Indicator Project (TQIP) is a quality management program that measures and monitors the healthcare quality of hospitals in Taiwan. This paper examines the impact of TQIP participation on hospital productivity growth with the application of the Malmquist productivity change index based on data envelopment analysis (DEA). Analyzing operations data from 31 TQIP regional hospitals over the period 1998\u20132004, we find that TQIP hospitals improved their productivity in the post-TQIP period. This improvement is attributable to quality change and relative efficiency progress. The simultaneous enhancement in both quality and relative efficiency coincides with the philosophy of total quality management (TQM) spirit, and confirms the efficiency improvement and quality assurance functions of TQIP.",
   "publish_time": "2011-01-31",
   "authors": [
      "Chang, Shyr-Juh",
      "Hsiao, Hsing-Chin",
      "Huang, Li-Hua",
      "Chang, Hsihui"
   ],
   "journal": "Omega",
   "has_full_text": "True",
   "full_text_file": "custom_license",
   "id": "https://doi.org/10.1016/j.omega.2010.01.006",
   "fhir_link": [
      "PMC/Composition/c43d48ef2afec33c0687b0cea3bd506158bb17a4"
   ]
}