{
   "sha": "99bd4e9386e14b54873f63d993f3316de9d1dacb",
   "source_x": "Elsevier",
   "title": "Defining and quantifying China's ocean economy",
   "doi": "10.1016/j.marpol.2013.05.008",
   "license": "els-covid",
   "abstract": "Abstract In recent years, the Chinese government has been increasingly supportive of the development of the ocean economy, implementing several national ocean-related strategies. For the first time, China's 12th five-year Plan for National and Social Development (2011\u20142015) includes \u201cdeveloping the ocean economy\u201d as a key national development strategy for the country. Because of this, the demand for ocean economic statistics and indicators is growing rapidly. The aim of this paper is to define and quantify the value of the major ocean industries in China and to examine the growth in the major Chinese ocean industries in the period 2001 to 2010. The paper also outlines a methodology that provides a robust quantification of the marine sector over time. It finds that in 2010 the major ocean industries in China contributed $239.09 billion to the national economy and employed over 9 million individuals.",
   "publish_time": "2014-01-31",
   "authors": [
      "Zhao, Rui",
      "Hynes, Stephen",
      "Shun He, Guang"
   ],
   "journal": "Marine Policy",
   "has_full_text": "True",
   "full_text_file": "custom_license",
   "id": "https://doi.org/10.1016/j.marpol.2013.05.008",
   "fhir_link": [
      "PMC/Composition/99bd4e9386e14b54873f63d993f3316de9d1dacb"
   ]
}