{
   "sha": "9e913d44d395e3e7a3d1a7d38559d8ab430bebbe",
   "source_x": "Elsevier",
   "title": "Structural studies on the Ebola virus matrix protein VP40 indicate that matrix proteins of enveloped RNA viruses are analogues but not homologues",
   "doi": "10.1016/j.femsle.2004.03.002",
   "pubmed_id": "15108720",
   "license": "els-covid",
   "abstract": "Abstract Matrix proteins are the driving force of assembly of enveloped viruses. Their main function is to interact with and polymerize at cellular membranes and link other viral components to the matrix\u2013membrane complex resulting in individual particle shapes and ensuring the integrity of the viral particle. Although matrix proteins of different virus families show functional analogy, they share no sequence or structural homology. Their diversity is also evident in that they use a variety of late domain motifs to commit the cellular vacuolar protein sorting machinery to virus budding. Here, we discuss the structural and functional aspects of the filovirus matrix protein VP40 and compare them to other known matrix protein structures from vesicular stomatitis virus, influenza virus and retroviral matrix proteins.",
   "publish_time": "2004-04-15",
   "authors": [
      "Timmins, Joanna",
      "Ruigrok, Rob W.H.",
      "Weissenhorn, Winfried"
   ],
   "journal": "FEMS Microbiology Letters",
   "has_full_text": "True",
   "full_text_file": "custom_license",
   "id": "https://doi.org/10.1016/j.femsle.2004.03.002",
   "fhir_link": [
      "PMC/Composition/9e913d44d395e3e7a3d1a7d38559d8ab430bebbe"
   ]
}