{
   "sha": "34426e92b71304b46db047c30aef3444b6dd7930",
   "source_x": "Elsevier",
   "title": "Serological prevalence of canine respiratory coronavirus",
   "doi": "10.1016/j.vetmic.2006.02.008",
   "pubmed_id": "16551493",
   "license": "els-covid",
   "abstract": "Abstract Canine respiratory coronavirus (CRCoV) has recently been detected in dogs; it is a group 2 coronavirus showing similarity to bovine coronavirus (BCoV) but is distinct from canine enteric coronavirus (CECoV). CRCoV may play an important role in canine infectious respiratory disease (CIRD) either by predisposing to further and potentially more serious viral and bacterial infections or possibly as a primary pathogen. The prevalence of serum antibodies to CRCoV, in a population of dogs in the south east of England, has been shown previously to be 30.1% on the first day of entry to a rehoming kennel [Erles, K., Toomey, C., Brooks, H.W., Brownlie, J., 2003. Detection of a group 2 coronavirus in dogs with canine infectious respiratory disease. Virology 310, 216\u2013223]. The purpose of this study was to establish the prevalence of CRCoV in the general canine population within as well as outside the UK. An ELISA, used to test for the presence of antibodies to CRCoV in canine serum samples, identified seropositive dogs in UK, USA, Canada, Republic of Ireland and Greece. The development of an ELISA based on CRCoV antigen and immunofluorescence assay are described here. 54.7% (547/1000) of North American and 36.0% (297/824) of United Kingdom dogs were seropositive for CRCoV. The age and geographical distribution of seropositive dogs was also assessed. The cross-reactivity demonstrated between CRCoV antibodies from different countries and a UK viral isolate suggests immunological similarity. The overall prevalence of this virus in both North America and the UK suggests that CRCoV has international significance and that further epidemiological studies are required.",
   "publish_time": "2006-06-15",
   "authors": [
      "Priestnall, Simon L.",
      "Brownlie, Joe",
      "Dubovi, Edward J.",
      "Erles, Kerstin"
   ],
   "journal": "Veterinary Microbiology",
   "has_full_text": "True",
   "full_text_file": "custom_license",
   "id": "https://doi.org/10.1016/j.vetmic.2006.02.008",
   "fhir_link": [
      "PMC/Composition/34426e92b71304b46db047c30aef3444b6dd7930"
   ]
}