{
   "sha": "e1b58a60649e87bd1284adc14f448b310bab37aa",
   "source_x": "Elsevier",
   "title": "Equine arteritis virus",
   "doi": "10.1016/j.vetmic.2013.06.015",
   "pubmed_id": "23891306",
   "license": "els-covid",
   "abstract": "Abstract Equine arteritis virus (EAV) is the causative agent of equine viral arteritis (EVA), a respiratory and reproductive disease of equids. There has been significant recent progress in understanding the molecular biology of EAV and the pathogenesis of its infection in horses. In particular, the use of contemporary genomic techniques, along with the development and reverse genetic manipulation of infectious cDNA clones of several strains of EAV, has generated significant novel information regarding the basic molecular biology of the virus. Therefore, the objective of this review is to summarize current understanding of EAV virion architecture, replication, evolution, molecular epidemiology and genetic variation, pathogenesis including the influence of host genetics on disease susceptibility, host immune response, and potential vaccination and treatment strategies.",
   "publish_time": "2013-11-29",
   "authors": [
      "Balasuriya, Udeni B.R.",
      "Go, Yun Young",
      "MacLachlan, N. James"
   ],
   "journal": "Veterinary Microbiology",
   "has_full_text": "True",
   "full_text_file": "custom_license",
   "id": "https://doi.org/10.1016/j.vetmic.2013.06.015",
   "fhir_link": [
      "PMC/Composition/e1b58a60649e87bd1284adc14f448b310bab37aa"
   ]
}