{
   "source_x": "Elsevier",
   "title": "Induction of lactogenic immunity to transmissible gastroenteritis virus of swine using an attenuated coronavirus mutant able to survive in the physicochemical environment of the digestive tract",
   "doi": "10.1016/0264-410X(92)90273-M",
   "license": "els-covid",
   "publish_time": "1992-12-31",
   "authors": [
      "Aynaud, J.M.",
      "Bernard, S.",
      "Bottreau, E.",
      "Lantier, I.",
      "Salmon, H.",
      "Vannier, Ph."
   ],
   "journal": "Vaccine",
   "has_full_text": "False",
   "full_text_file": "custom_license",
   "id": "https://doi.org/10.1016/0264-410X(92)90273-M"
}