{
   "sha": "9075c9e8a54e688ca3ec5c27b13470f569535d7f",
   "source_x": "Elsevier",
   "title": "Chemical composition, antimicrobial activity against Staphylococcus aureus and a pro-apoptotic effect in SGC-7901 of the essential oil from Toona sinensis (A. Juss.) Roem. leaves",
   "doi": "10.1016/j.jep.2014.04.002",
   "pubmed_id": "24726685",
   "license": "els-covid",
   "abstract": "Abstract Ethnopharmacological relevance Leaves of Toona sinensis (A. Juss.) Roem. (TSL), a popular vegetable in China, have anti-inflammatory, antidoting, and worm-killing effects and are used in folk medicine for the treatment of enteritis, dysentery, carbuncles, boils, and especially abdominal tumors. Our aim was to investigate the in vitro antimicrobial activity against Staphylococcus aureus and anticancer property of the essential oil from TSL (TSL-EO), especially the pro-apoptotic effect in SGC-7901. Materials and methods TSL-EO obtained by hydrodistillation was analyzed by GC/MS and was tested in vitro against twenty clinically isolated strains of Staphylococcus aureus (SA 1\u201320), which were either methicillin-sensitive Staphylococcus aureus (MSSA) or methicillin-resistant Staphylococcus aureus (MRSA) and two standard strains viz. ATCC 25923 and ATCC 43300. The anticancer activity of TSL-EO was evaluated in vitro against HepG2, SGC7901, and HT29 through MTT assay. Moreover, the apoptosis-inducing activity of TSL-EO in SGC7901 cells was determined by Hoechst 33324 staining and flow cytometry methods. Also, the apoptosis-related proteins viz. Bax, Bcl-2 and caspase-3 were detected by western-blotting. Results GC\u2013MS analysis showed that TSL-EO contained a high amount of sesquiterpenes (84.64%), including copaene (8.27%), \u03b2-caryophyllene (10.16%), caryophyllene (13.18%) and \u03b2-eudesmene (5.06%). TSL-EO inhibited the growth of both MSSA and MRSA, with the lowest MIC values of 0.125 and 1mg/ml, respectively. Treatment with TSL-EO for 24h could significantly suppress the viability of three different cancer cell lines (P<0.05). Furthermore, the apoptosis-inducing activity of TSL-EO in SGC7901 cells increased in a dose-dependent manner, potentially resulting from the up-regulated expression of Bax, caspase-3 and down-regulated expression of Bcl-2. Conclusions TSL-EO possessed antibacterial activity against Staphylococcus aureus and significant cytotoxicity against cancer cells and particularly prominent pro-apoptotic activity in SGC7901 cells. These bioactivities were probably due to the high content of sesquiterpenes. Our results suggested that TSL-EO possessed potential health benefits and could serve as a promising natural food addictive.",
   "publish_time": "2014-05-28",
   "authors": [
      "Wu, Jian-Guo",
      "Peng, Wei",
      "Yi, Jun",
      "Wu, Yan-Bin",
      "Chen, Ti-Qiang",
      "Wong, Ka-Hing",
      "Wu, Jin-Zhong"
   ],
   "journal": "Journal of Ethnopharmacology",
   "has_full_text": "True",
   "full_text_file": "custom_license",
   "id": "https://doi.org/10.1016/j.jep.2014.04.002",
   "fhir_link": [
      "PMC/Composition/9075c9e8a54e688ca3ec5c27b13470f569535d7f"
   ]
}