{
   "sha": "8c7ca66668249f82b79e4873baf99bdb043c1c96",
   "source_x": "Elsevier",
   "title": "Migrating a lab-developed MERS-CoV real-time PCR to 3 \u201cSample to Result\u201d systems: experiences on optimization and validation",
   "doi": "10.1016/j.diagmicrobio.2019.02.006",
   "pubmed_id": "30929995",
   "license": "els-covid",
   "abstract": "Abstract The goal of the study was to adapt our Middle East respiratory syndrome coronavirus (MERS-CoV) lab-developed test (LDT) to 3 \u201cSample to Result\u201d (S2R) systems: BD MAX (BD), ELITe InGenius (ELITechGroup), and ARIES (Luminex). The BD MAX and InGenius system allowed use of lab-developed primers and TaqMan probes, while ARIES required conversion to MultiCode primers for melting curve analysis. Each device required \u22641 day of training and assay optimization. No discordant results were noted after analysis of 32 External Quality Control (EQC) samples. On a 10-fold dilution series of a MERS-CoV\u2013positive EQC sample, InGenius obtained the highest detection rate. Laboratory technicians rated the ARIES as the user-friendliest. It also required the least hands-on time. BD MAX had the lowest turnaround time and highest throughput. While each device had distinguishing system properties with associated (dis)advantages, the 3 S2R systems were comparable in terms of assay development and validation.",
   "publish_time": "2019-08-31",
   "authors": [
      "Frans, Glynis",
      "Beuselinck, Kurt",
      "Peeters, Bart",
      "Van Ranst, Marc",
      "Saegeman, Veroniek",
      "Desmet, Stefanie",
      "Lagrou, Katrien"
   ],
   "journal": "Diagnostic Microbiology and Infectious Disease",
   "has_full_text": "True",
   "full_text_file": "custom_license",
   "id": "https://doi.org/10.1016/j.diagmicrobio.2019.02.006",
   "fhir_link": [
      "PMC/Composition/8c7ca66668249f82b79e4873baf99bdb043c1c96"
   ]
}