{
   "sha": "3efdc8222c3939d1d8e4f51a3f6085ff39ef0d15",
   "source_x": "Elsevier",
   "title": "Deficiencies in Global Health Training for Cardiovascular Fellows",
   "doi": "10.1016/j.jacc.2017.02.028",
   "pubmed_id": "28359522",
   "license": "els-covid",
   "publish_time": "2017-04-04",
   "authors": [
      "Som, Sumit"
   ],
   "journal": "Journal of the American College of Cardiology",
   "has_full_text": "True",
   "full_text_file": "custom_license",
   "id": "https://doi.org/10.1016/j.jacc.2017.02.028",
   "fhir_link": [
      "PMC/Composition/3efdc8222c3939d1d8e4f51a3f6085ff39ef0d15"
   ]
}