{
   "sha": "b47ab9bb8fa2e6d5fd63fad706137f7e2155baff",
   "source_x": "Elsevier",
   "title": "Advances in Transfusion Medicine",
   "doi": "10.1016/j.aan.2007.07.005",
   "license": "els-covid",
   "publish_time": "2007-12-31",
   "authors": [
      "Nordmeyer, Debra",
      "Forestner, John E.",
      "Wall, Michael H."
   ],
   "journal": "Advances in Anesthesia",
   "has_full_text": "True",
   "full_text_file": "custom_license",
   "id": "https://doi.org/10.1016/j.aan.2007.07.005",
   "fhir_link": [
      "PMC/Composition/b47ab9bb8fa2e6d5fd63fad706137f7e2155baff"
   ]
}