{
   "sha": "8604edd6c4f1fe870833b948db691fbf1b4d7cb9",
   "source_x": "Elsevier",
   "title": "Antimicrobial Decision Making for Enteric Diseases of Cattle",
   "doi": "10.1016/j.cvfa.2014.11.004",
   "pubmed_id": "25705025",
   "license": "els-covid",
   "publish_time": "2015-03-31",
   "authors": [
      "Smith, Geof"
   ],
   "journal": "Veterinary Clinics of North America: Food Animal Practice",
   "has_full_text": "True",
   "full_text_file": "custom_license",
   "id": "https://doi.org/10.1016/j.cvfa.2014.11.004",
   "fhir_link": [
      "PMC/Composition/8604edd6c4f1fe870833b948db691fbf1b4d7cb9"
   ]
}