{
   "source_x": "Elsevier",
   "title": "1 vol. (15,5\u00d723,5 cm), 429+xvi pages. Prix: $54.00; B.\u2014RNA viruses. 1 vol (15,5\u00d723,5 cm), 694+xxii pages. Prix: $79.00 Kurstak E. Kurstak C. Comparative diagnosis of viral diseases. III & IV. Vertebrate animal and related viruses. A.\u2014DNA viruses 1981 Academic Press New York, London",
   "doi": "10.1016/S0769-2625(83)80166-4",
   "license": "els-covid",
   "abstract": "Unknown",
   "publish_time": "1983-02-28",
   "authors": [
      "F.H.,"
   ],
   "journal": "Annales de l'Institut Pasteur / Immunologie",
   "has_full_text": "False",
   "full_text_file": "custom_license",
   "id": "https://doi.org/10.1016/S0769-2625(83)80166-4"
}