{
   "sha": "3a088b751dbd4834328d2ff942469891fa3138af",
   "source_x": "Elsevier",
   "title": "Palliative Care Integration Project (PCIP) Quality Improvement Strategy Evaluation",
   "doi": "10.1016/j.jpainsymman.2007.07.013",
   "pubmed_id": "18358693",
   "license": "els-covid",
   "abstract": "Abstract This study evaluated the effectiveness of implementation of common assessment tools, collaborative care plans, and symptom management guidelines for cancer patients as a strategy to improve the quality, coordination, and integration of palliative care service across organizations and health care sectors. A pre-post design to measure the impact on symptom management, caregiver burden and satisfaction with care delivery, and service utilization was used. Two cohorts of eligible patients and caregivers completed Edmonton Symptom Assessment Scales, Caregiver Reaction Assessment and FAMCARE Scales and chart audits were conducted. Administrative data from each participating site were examined for utilization trends. Audits of 53 charts preimplementation and 63 postimplementation showed an increase in documentation of pain from 24.5% to 74.6% (P <0.001) of charts. Administrative data showed a decrease in the percentage of patients with at least one emergency room visit from 94.3% to 84.8% (P <0.001), in the percentage of patients with at least one admission to the acute care hospital (P <0.001), and deaths in acute care 43.1%\u201335.7% (P =0.133). There was minimal change in the intensity of symptoms (P =0.591), and no change in the burden on the caregiver (P =0.086) or caregiver satisfaction with care (P =0.942). This study showed that implementation of common assessment tools, collaborative care plans, and symptom management guidelines across health sectors can result in some increased documentation of symptoms and efficiencies in care. Future projects should consider imbedding a continuous quality improvement methodology and longer timelines into their projects to improve outcomes.",
   "publish_time": "2008-06-30",
   "authors": [
      "Dudgeon, Deborah J.",
      "Knott, Christine",
      "Eichholz, Mary",
      "Gerlach, Jacqueline Lochhaas",
      "Chapman, Cheryl",
      "Viola, Raymond",
      "Van Dijk, Janice",
      "Preston, Sharon",
      "Batchelor, Diane",
      "Bartfay, Emma"
   ],
   "journal": "Journal of Pain and Symptom Management",
   "has_full_text": "True",
   "full_text_file": "custom_license",
   "id": "https://doi.org/10.1016/j.jpainsymman.2007.07.013",
   "fhir_link": [
      "PMC/Composition/3a088b751dbd4834328d2ff942469891fa3138af"
   ]
}