{
   "sha": "96b147c0943daa7c3a50a5d395b7e850a8f5c0cc",
   "source_x": "Elsevier",
   "title": "Viral Hemorrhagic Fevers: Current Status of Endemic Disease and Strategies for Control",
   "doi": "10.1016/j.idc.2006.02.001",
   "pubmed_id": "16762743",
   "license": "els-covid",
   "publish_time": "2006-06-30",
   "authors": [
      "Cleri, Dennis J.",
      "Ricketti, Anthony J.",
      "Porwancher, Richard B.",
      "Ramos-Bonner, Luz S.",
      "Vernaleo, John R."
   ],
   "journal": "Infectious Disease Clinics of North America",
   "has_full_text": "True",
   "full_text_file": "custom_license",
   "id": "https://doi.org/10.1016/j.idc.2006.02.001",
   "fhir_link": [
      "PMC/Composition/96b147c0943daa7c3a50a5d395b7e850a8f5c0cc"
   ]
}