{
   "sha": "0ec4ceac44b3209804bb0bf1bbb8b7b3103ecf8c",
   "source_x": "Elsevier",
   "title": "The Management of Respiratory Infections During Pregnancy",
   "doi": "10.1016/j.iac.2005.11.003",
   "pubmed_id": "16443149",
   "license": "els-covid",
   "publish_time": "2006-02-28",
   "authors": [
      "Laibl, Vanessa",
      "Sheffield, Jeanne"
   ],
   "journal": "Immunology and Allergy Clinics of North America",
   "has_full_text": "True",
   "full_text_file": "custom_license",
   "id": "https://doi.org/10.1016/j.iac.2005.11.003",
   "fhir_link": [
      "PMC/Composition/0ec4ceac44b3209804bb0bf1bbb8b7b3103ecf8c"
   ]
}