{
   "source_x": "Elsevier",
   "title": "P1510 Traveller diarrhoea. Aetiological study in a tropical medicine unit",
   "doi": "10.1016/S0924-8579(07)71349-3",
   "license": "els-covid",
   "publish_time": "2007-03-31",
   "authors": [
      "De Juli\u00e0n, R.",
      "Ruiz, J.",
      "Lago, M.",
      "Puente, S.",
      "Baquero, M.",
      "Gasc\u00f3n, J.",
      "G\u00f3nzalez-Lahoz, J."
   ],
   "journal": "International Journal of Antimicrobial Agents",
   "has_full_text": "False",
   "full_text_file": "custom_license",
   "id": "https://doi.org/10.1016/S0924-8579(07)71349-3"
}