{
   "sha": "05facd7b74a94b710cb960c0688dc4cee58a9e5d",
   "source_x": "Elsevier",
   "title": "Reply to comments on \u201cZika virus transmission: What to concern on its transmission apart from mosquito control\u201d by Viroj Wiwanitkit",
   "doi": "10.1016/j.jfma.2016.03.007",
   "pubmed_id": "27174386",
   "license": "els-covid",
   "publish_time": "2016-08-31",
   "authors": [
      "Wong, Samson Sai-Yin"
   ],
   "journal": "Journal of the Formosan Medical Association",
   "has_full_text": "True",
   "full_text_file": "custom_license",
   "id": "https://doi.org/10.1016/j.jfma.2016.03.007",
   "fhir_link": [
      "PMC/Composition/05facd7b74a94b710cb960c0688dc4cee58a9e5d"
   ]
}