{
   "sha": "95992a0f452d1c50fce9ce887a915ff888b41681",
   "source_x": "Elsevier",
   "title": "Neuraxial labor analgesia in an obese parturient with influenza A H1N1",
   "doi": "10.1016/j.ijoa.2009.09.007",
   "pubmed_id": "20194012",
   "license": "els-covid",
   "abstract": "Abstract We describe the use of epidural analgesia in a 39-year-old G2P1 parturient presenting at 38+6 weeks estimated gestation with confirmed influenza A H1N1 and superimposed bilateral pneumonia. Although the patient had an uncomplicated intra- and post-partum course, little is known about the safety of performing neuraxial analgesia or anesthesia in patients with influenza. The prevalence of viremia and possible translocation of blood-borne virus to the central nervous system are discussed.",
   "publish_time": "2010-04-30",
   "authors": [
      "Lee, A.I.",
      "Hoffman, M.J.",
      "Allen, N.N.",
      "Sullivan, J.T."
   ],
   "journal": "International Journal of Obstetric Anesthesia",
   "has_full_text": "True",
   "full_text_file": "custom_license",
   "id": "https://doi.org/10.1016/j.ijoa.2009.09.007",
   "fhir_link": [
      "PMC/Composition/95992a0f452d1c50fce9ce887a915ff888b41681"
   ]
}