{
   "sha": "255719dc5b79d46c943650def09cba0b6e03fc66",
   "source_x": "Elsevier",
   "title": "Infection\u2019s Sweet Tooth: How Glycans Mediate Infection and Disease Susceptibility",
   "doi": "10.1016/j.tim.2017.09.011",
   "pubmed_id": "29079498",
   "license": "els-covid",
   "abstract": "Glycans form a highly variable constituent of our mucosal surfaces and profoundly affect our susceptibility to infection and disease. The diversity and importance of these surface glycans can be seen in individuals who lack a functional copy of the fucosyltransferase gene, FUT2. Representing around one-fifth of the population, these individuals have an altered susceptibility to many bacterial and viral infections and diseases. The mediation of host\u2013pathogen interactions by mucosal glycans, such as those added by FUT2, is poorly understood. We highlight, with specific examples, important mechanisms by which host glycans influence infection dynamics, including by: acting as pathogen receptors (or receptor-decoys), promoting microbial stability, altering the physical characteristics of mucus, and acting as immunological markers. We argue that the effect glycans have on infection dynamics has profound implications for many aspects of healthcare and policy, including clinical management, outbreak control, and vaccination policy.",
   "publish_time": "2018-02-28",
   "authors": [
      "Taylor, Steven L.",
      "McGuckin, Michael A.",
      "Wesselingh, Steve",
      "Rogers, Geraint B."
   ],
   "journal": "Trends in Microbiology",
   "has_full_text": "True",
   "full_text_file": "custom_license",
   "id": "https://doi.org/10.1016/j.tim.2017.09.011",
   "fhir_link": [
      "PMC/Composition/255719dc5b79d46c943650def09cba0b6e03fc66"
   ]
}