{
   "sha": "91dfd944dfdd855dc858daf68d7af0f180d81fb1",
   "source_x": "Elsevier",
   "title": "Heteroaromatic ester inhibitors of hepatitis A virus 3C proteinase: Evaluation of mode of action",
   "doi": "10.1016/j.bmc.2008.03.059",
   "pubmed_id": "18407505",
   "license": "els-covid",
   "abstract": "Abstract The related 3C and 3C-like proteinase (3Cpro and 3CLpro) of picornaviruses and coronaviruses, respectively, are good drug targets. As part of an effort to generate broad-spectrum inhibitors of these enzymes, we screened a library of inhibitors based on a halopyridinyl ester from a previous study of the severe acute respiratory syndrome (SARS) 3CL proteinase against Hepatitis A virus (HAV) 3Cpro. Three of the compounds, which also had furan rings, inhibited the cleavage activity of HAV 3Cpro with K ics of 120\u2013240nM. HPLC-based assays revealed that the inhibitors were slowly hydrolyzed by both HAV 3Cpro and SARS 3CLpro, confirming the identity of the expected products. Mass spectrometric analyses indicated that this hydrolysis proceeded via an acyl-enzyme intermediate. Modeling studies indicated that the halopyridinyl moiety of the inhibitor fits tightly into the S1-binding pocket, consistent with the lack of tolerance of the inhibitors to modification in this portion of the molecule. These compounds are among the most potent non-peptidic inhibitors reported to date against a 3Cpro.",
   "publish_time": "2008-05-15",
   "authors": [
      "Huitema, Carly",
      "Zhang, Jianmin",
      "Yin, Jiang",
      "James, Michael N.G.",
      "Vederas, John C.",
      "Eltis, Lindsay D."
   ],
   "journal": "Bioorganic & Medicinal Chemistry",
   "has_full_text": "True",
   "full_text_file": "custom_license",
   "id": "https://doi.org/10.1016/j.bmc.2008.03.059",
   "fhir_link": [
      "PMC/Composition/91dfd944dfdd855dc858daf68d7af0f180d81fb1"
   ]
}