{
   "sha": "254dba768fceec0f2a61c2c8a8486f1298ab1b93",
   "source_x": "Elsevier",
   "title": "The impact of US\u2013EU \u201cOpen Skies\u201d agreement on airline market structures and airline networks",
   "doi": "10.1016/j.jairtraman.2008.09.010",
   "license": "els-covid",
   "abstract": "Abstract The gradual liberalization of international air transport has largely benefited the traveling public. Progress since the development of concepts such as \u201cOpen Skies\u201d in the late 1970s as an alternative to the restrictive bilateral air service agreements that had effectively controlled most international air transport since the mid-1940s has been uneven and spasmodic. The recent move to open the North Atlantic more fully to competition has proved a particularly challenging task, and the agreement between the US and the European Union is still both partial and conditional. This paper offers an overview of the economics of the situation and provides insights into the reasons why it has developed in the way it has, the outcomes that we may expect from it, and some consideration of the wider, non-commercial, impacts that it may have.",
   "publish_time": "2009-03-31",
   "authors": [
      "Button, Kenneth"
   ],
   "journal": "Journal of Air Transport Management",
   "has_full_text": "True",
   "full_text_file": "custom_license",
   "id": "https://doi.org/10.1016/j.jairtraman.2008.09.010",
   "fhir_link": [
      "PMC/Composition/254dba768fceec0f2a61c2c8a8486f1298ab1b93"
   ]
}