{
   "sha": "89e496268c8ce4f434bfc622cd9ec4339577c885",
   "source_x": "Elsevier",
   "title": "Toll/IL-1 domain-containing adaptor inducing IFN-\u03b2 (TRIF) mediates innate immune responses in murine peritoneal mesothelial cells through TLR3 and TLR4 stimulation",
   "doi": "10.1016/j.cyto.2015.11.010",
   "pubmed_id": "26579632",
   "license": "els-covid",
   "abstract": "Abstract Mesothelial cells are composed of monolayer of the entire surface of serosal cavities including pleural, pericardial, and peritoneal cavity. Although mesothelial cells are known to express multiple Toll-like receptors (TLRs) which contribute to trigger innate immune responses against infections, the precise molecular mechanism remains still unclear. In the present study, we investigated the role of Toll/IL-1 domain-containing adaptor inducing IFN-\u03b2 (TRIF), one of the two major TLRs\u2013adaptor molecules, on innate immune response induced by TLR3 and TLR4 stimulation in murine peritoneal mesothelial cells (PMCs). TRIF was strongly expressed in PMCs and its deficiency led to impaired production of cytokines and chemokines by poly I:C and LPS in the cells. Activation of NF-\u03baB or MAPKs through poly I:C and LPS stimulation was reduced in TRIF-deficient PMCs as compared to the WT cells. TRIF was also necessary for optimal nitric oxide synthesis and gene expression of inducible nitric oxide synthase (iNOS) and IFN-\u03b2 in PMCs in response to poly I:C and LPS. Furthermore, both Escherichia coli and Pseudomonas aeruginosa induced high level of IL-6, CXCL1, and CCL2 production in PMCs, which was significantly impaired by TRIF deficiency. These results demonstrated that TRIF is required for optimal activation of innate immune responses in mesothelial cells against microbial infections.",
   "publish_time": "2016-01-31",
   "authors": [
      "Hwang, Eun-Ha",
      "Kim, Tae-Hyoun",
      "Oh, Sang-Muk",
      "Lee, Kyung-Bok",
      "Yang, Soo-Jin",
      "Park, Jong-Hwan"
   ],
   "journal": "Cytokine",
   "has_full_text": "True",
   "full_text_file": "custom_license",
   "id": "https://doi.org/10.1016/j.cyto.2015.11.010",
   "fhir_link": [
      "PMC/Composition/89e496268c8ce4f434bfc622cd9ec4339577c885"
   ]
}