{
   "sha": "e2dbc66cfe42d17cb400e6423e0e40b90ed0b008",
   "source_x": "Elsevier",
   "title": "Transmission of Eimeria, Viruses, and Bacteria to Chicks: Darkling Beetles (Alphitobius diaperinus) as Vectors of Pathogens",
   "doi": "10.1093/japr/5.1.51",
   "license": "els-covid",
   "abstract": "Abstract Darkling beetle homogenates (DBH) were prepared from beetles collected from seven premises (farms). DBH were shown to contain myriad infectious organisms including bacteria (e.g., Salmonella), viruses (e.g., reovirus), and Eimeria (the causative agents of intestinal coccidiosis). The present study establishes the fact that darkling beetles serve as vectors for common avian pathogens. Darkling beetles must be considered on a list of other vectors known to transmit common poultry pathogens. The risk posed by beetles with respect to dissemination of diseases is of immense importance to the poultry industry. The possibility of severe adverse economic impact as a result of these diseases should not be overlooked or casually dismissed.",
   "publish_time": "1996-03-01",
   "authors": [
      "Goodwin, Mark A.",
      "Waltman, W. Douglas"
   ],
   "journal": "Journal of Applied Poultry Research",
   "has_full_text": "True",
   "full_text_file": "custom_license",
   "id": "https://doi.org/10.1093/japr/5.1.51",
   "fhir_link": [
      "PMC/Composition/e2dbc66cfe42d17cb400e6423e0e40b90ed0b008"
   ]
}