{
   "sha": "c6ee7a7a69e09890468e829369f3c3e8434a7f23",
   "source_x": "Elsevier",
   "title": "Proteomic analysis by iTRAQ in red claw crayfish, Cherax quadricarinatus, hematopoietic tissue cells post white spot syndrome virus infection",
   "doi": "10.1016/j.fsi.2016.01.035",
   "pubmed_id": "26845698",
   "license": "els-covid",
   "abstract": "Abstract To elucidate proteomic changes of Hpt cells from red claw crayfish, Cherax quadricarinatus, we have carried out isobaric tags for relative and absolute quantitation (iTRAQ) of cellular proteins at both early (1 hpi) and late stage (12 hpi) post white spot syndrome virus (WSSV) infection. Protein database search revealed 594 protein hits by Mascot, in which 17 and 30 proteins were present as differentially expressed proteins at early and late viral infection, respectively. Generally, these differentially expressed proteins include: 1) the metabolic process related proteins in glycolysis and glucogenesis, DNA replication, nucleotide/amino acid/fatty acid metabolism and protein biosynthesis; 2) the signal transduction related proteins like small GTPases, G-protein-alpha stimulatory subunit, proteins bearing PDZ- or 14-3-3-domains that help holding together and organize signaling complexes, casein kinase I and proteins of the MAP-kinase signal transduction pathway; 3) the immune defense related proteins such as \u03b1-2 macroglobulin, transglutaminase and trans-activation response RNA-binding protein 1. Taken together, these protein information shed new light on the host cellular response against WSSV infection in a crustacean cell culture.",
   "publish_time": "2016-03-31",
   "authors": [
      "Jeswin, Joseph",
      "Xie, Xiao-lu",
      "Ji, Qiao-lin",
      "Wang, Ke-jian",
      "Liu, Hai-peng"
   ],
   "journal": "Fish & Shellfish Immunology",
   "has_full_text": "True",
   "full_text_file": "custom_license",
   "id": "https://doi.org/10.1016/j.fsi.2016.01.035",
   "fhir_link": [
      "PMC/Composition/c6ee7a7a69e09890468e829369f3c3e8434a7f23"
   ]
}