{
   "sha": "4e2a295d5a2bf7bd0247679398c7456bbcc38b4b",
   "source_x": "Elsevier",
   "title": "Canine infectious respiratory disease: Tackling the unknown unknowns",
   "doi": "10.1016/j.tvjl.2011.12.013",
   "pubmed_id": "22264644",
   "license": "els-covid",
   "publish_time": "2012-03-31",
   "authors": [
      "Priestnall, S.L.",
      "Smith, K.C."
   ],
   "journal": "The Veterinary Journal",
   "has_full_text": "True",
   "full_text_file": "custom_license",
   "id": "https://doi.org/10.1016/j.tvjl.2011.12.013",
   "fhir_link": [
      "PMC/Composition/4e2a295d5a2bf7bd0247679398c7456bbcc38b4b"
   ]
}