{
   "sha": "d9c2c2d109095422b4d4a85d46b181e65bcf4d54",
   "source_x": "Elsevier",
   "title": "Cytokines and acute phase proteins associated with acute swine influenza infection in pigs",
   "doi": "10.1016/j.tvjl.2009.12.012",
   "pubmed_id": "20097110",
   "license": "els-covid",
   "abstract": "Abstract This study set out to investigate the cytokines and acute phase proteins (APPs) associated with the acute stages of experimentally-induced swine influenza virus (SIV) infection in 3-week-old, colostrum-deprived, caesarean-derived piglets. The piglets were inoculated intratracheally with 107.5 50% egg infective dose [EID50] Swine/Belgium/1/98 (H1N1) SIV and were euthanased at time-points between 0 and 120h post-inoculation (PI). Broncho-alveolar lavage fluid (BALF), lung homogenates and sera were examined for inflammatory mediators by bioassay or ELISA. Interferon (IFN)-\u03b1, interleukin (IL)-6, IL-1 and tumour necrosis factor (TNF)-\u03b1 peaked in BALF 24\u201330h PI, when virus titres and the severity of clinical signs were maximal. Whereas IFN-\u03b3 and IL-12, but not IL-18, increased in tandem in BALF, serum cytokine concentrations were either undetectable or were up to 100-fold lower. The APP C-reactive protein (CRP) and haptoglobin peaked 24h later than the cytokines and reached higher levels in serum than in BALF. In contrast, lipopolysaccharide (LPS)-binding protein (LBP) only increased in BALF. Lung virus titres tightly correlated with BALF IFN-\u03b1, IL-6, IL-1, TNF-\u03b1, IFN-\u03b3 and IL-12, as well as with serum IL-6, IFN-\u03b1 and IFN-\u03b3. Signs of disease correlated with the same cytokines in BALF and serum, as well as with BALF LBP and serum CRP. The findings suggest that IFN-\u03b3 and IL-12 play a role in the pathogenesis of SIV and that APPs are induced by cytokines. This influenza infection model may have value in assessing the therapeutic potential of cytokine antagonists.",
   "publish_time": "2011-01-31",
   "authors": [
      "Barb\u00e9, Filip",
      "Atanasova, Kalina",
      "Van Reeth, Kristien"
   ],
   "journal": "The Veterinary Journal",
   "has_full_text": "True",
   "full_text_file": "custom_license",
   "id": "https://doi.org/10.1016/j.tvjl.2009.12.012",
   "fhir_link": [
      "PMC/Composition/d9c2c2d109095422b4d4a85d46b181e65bcf4d54"
   ]
}