{
   "sha": "93ca3f4c37eff76319738e7e5404e29125760414",
   "source_x": "Elsevier",
   "title": "Spinal cord disorders",
   "doi": "10.1016/S1098-612X(02)00127-4",
   "pubmed_id": "12670439",
   "license": "els-covid",
   "publish_time": "2003-04-30",
   "authors": [
      "LeCouteur, R.i.c.h.a.r.d.A"
   ],
   "journal": "Journal of Feline Medicine & Surgery",
   "has_full_text": "True",
   "full_text_file": "custom_license",
   "id": "https://doi.org/10.1016/S1098-612X(02)00127-4",
   "fhir_link": [
      "PMC/Composition/93ca3f4c37eff76319738e7e5404e29125760414"
   ]
}