{
   "sha": "9757eb687a19a69373ec2d448fd5f5ea2bbc42d1",
   "source_x": "Elsevier",
   "title": "Effective chemical virus inactivation of patient serum compatible with accurate serodiagnosis of infections",
   "doi": "10.1016/j.cmi.2018.10.016",
   "pubmed_id": "30391583",
   "license": "els-covid",
   "abstract": "Abstract Objectives Highly pathogenic viruses such as EBOV are a threat to routine laboratory workers. Inactivation procedures with Triton X-100 0.1% and/or heat are currently recommended, but have unknown effects on the accuracy of serological testing. Furthermore, virus inactivation by Triton X-100 0.1% was shown to be ineffective in serum. This study aimed to demonstrate virus inactivation in serum by Triton X-100 1% and maintained accuracy of serological testing. Methods A panel of 19 serological tests was run on patient serum samples after treatment with Triton X-100 1%, 0.1%, and 0.1% + heat inactivation at 60\u00b0C for 1 h. Mean differences between measurements (bias) were calculated applying the Bland\u2013Altman method. To determine effectiveness of virus inactivation, herpes simplex virus 1 (HSV-1) was spiked into medium containing 90% or 1% serum, and treated with Triton X-100 0.1% or 1%. Infectious titres were then determined on Vero cells. Results Serological measurements showed good agreement between controls and samples treated with Triton X-100 0.1% and 1%, with an estimated bias of 0.6 \u00b1 9.2% (n = 258) and \u20130.1 \u00b1 18.6% (n = 174), respectively. Discordant qualitative results were rare. Conversely, heat inactivation alone and combined with Triton X-100 0.1% triggered a bias of 17.5 \u00b1 66.4% (n = 200) and 37.9 \u00b1 79.8% (n = 160), respectively. Triton X-100 1% completely inactivated HSV-1 in 1% and 90% serum while Triton X-100 0.1% failed to do so in 90% serum. Conclusions Unlike heat inactivation, Triton X-100 1% enabled accurate serological testing and completely inactivated HSV-1 in serum. This simple method could allow safe routine serological diagnostics in high-risk patients.",
   "publish_time": "2019-07-31",
   "authors": [
      "Remy, M.M.",
      "Alfter, M.",
      "Chiem, M.-N.",
      "Barbani, M.T.",
      "Engler, O.B.",
      "Suter-Riniker, F."
   ],
   "journal": "Clinical Microbiology and Infection",
   "has_full_text": "True",
   "full_text_file": "custom_license",
   "id": "https://doi.org/10.1016/j.cmi.2018.10.016",
   "fhir_link": [
      "PMC/Composition/9757eb687a19a69373ec2d448fd5f5ea2bbc42d1"
   ]
}