{
   "sha": "ff966b5218e3c9433966d622a806710b820a60d6",
   "source_x": "Elsevier",
   "title": "Aspergillus PCR in serum for the diagnosis, follow-up and prognosis of invasive aspergillosis in neutropenic and nonneutropenic patients",
   "doi": "10.1016/j.cmi.2016.01.027",
   "pubmed_id": "26899830",
   "license": "els-covid",
   "abstract": "Abstract We evaluated the usefulness of a serum Aspergillus PCR assay for the diagnosis and prognosis of invasive aspergillosis in a study involving 941 patients for a total of 5146 serum samples. Fifty-one patients had proven/probable aspergillosis. We compared galactomannan (GM), PCR and mycologic analysis of pulmonary samples in both neutropenic and nonneutropenic patients. PCR performed in serum yielded 66.7% sensitivity, 98.7% specificity, 75.6% positive predictive value and 98.0% negative predictive value, while the GM index yielded 78.4% sensitivity, 87.5% specificity, 27% positive predictive value and 98.6% negative predictive value. The inclusion of PCR in the European Organization for Research and Treatment of Cancer (EORTC) and the Mycosis Study Group (MSG) mycologic criteria permitted the reclassification of nine other cases from possible to probable aspergillosis and increased the sensitivity to 71.7%. Combining the GM index with serum PCR increased the detection rate of invasive aspergillosis with 88.2% sensitivity. PCR was systematically negative in 16 patients with noninvasive forms of aspergillosis (namely aspergilloma and chronic aspergillosis). Remaining PCR positive after a period of 14 to 20 days of treatment was related to poor outcome at 30 and 90 days. Our results also indicate that, unlike the determination of the GM index, the initial fungus load as determined by PCR was highly predictive of 90-day mortality, with the rate of the latter being 15.8% for patients with <150 copies/mL vs. 73.2% for patients at or above that cutoff (p <0.0001). Therefore, PCR appears to be a powerful and interesting tool for the identification of patients with invasive aspergillosis who might benefit from more intense care.",
   "publish_time": "2016-06-30",
   "authors": [
      "Imbert, S.",
      "Gauthier, L.",
      "Joly, I.",
      "Brossas, J.-Y.",
      "Uzunov, M.",
      "Touafek, F.",
      "Brun, S.",
      "Mazier, D.",
      "Datry, A.",
      "Gay, F.",
      "Fekkar, A."
   ],
   "journal": "Clinical Microbiology and Infection",
   "has_full_text": "True",
   "full_text_file": "custom_license",
   "id": "https://doi.org/10.1016/j.cmi.2016.01.027",
   "fhir_link": [
      "PMC/Composition/ff966b5218e3c9433966d622a806710b820a60d6"
   ]
}