{
   "sha": "53b0f01c2509924a3d295585ea9aedc6c7f2d297",
   "source_x": "Elsevier",
   "title": "Health-care associate transmission of Middle East Respiratory Syndrome Corona virus, MERS-CoV, in the Kingdom of Saudi Arabia",
   "doi": "10.1016/j.ijid.2014.10.001",
   "pubmed_id": "25461234",
   "license": "els-covid",
   "publish_time": "2014-12-31",
   "authors": [
      "Petersen, Eskild",
      "Pollack, Marjorie M.",
      "Madoff, Lawrence C."
   ],
   "journal": "International Journal of Infectious Diseases",
   "has_full_text": "True",
   "full_text_file": "custom_license",
   "id": "https://doi.org/10.1016/j.ijid.2014.10.001",
   "fhir_link": [
      "PMC/Composition/53b0f01c2509924a3d295585ea9aedc6c7f2d297"
   ]
}