{
   "source_x": "Elsevier",
   "title": "A poxvirus-based vaccine reduces virus excretion after MERS coronavirus infection in dromedary camels",
   "doi": "10.1016/j.ijid.2016.02.898",
   "license": "els-covid",
   "publish_time": "2016-04-30",
   "authors": [
      "Stalin Raj, V.",
      "van den Brand, J.M.A.",
      "Volz, A.",
      "Wohlsein, P.",
      "Smits, S.L.",
      "Okba, N.",
      "Fux, R.",
      "Moise Bensaid, A.",
      "Solanes Foz, D.",
      "Kuiken, T.",
      "Baumg\u00e4rtner, W.",
      "Segal\u00e9s, J.",
      "Sutter, G.",
      "Osterhaus, A.D.M.E.",
      "L Haagmans, B."
   ],
   "journal": "International Journal of Infectious Diseases",
   "has_full_text": "False",
   "full_text_file": "custom_license",
   "id": "https://doi.org/10.1016/j.ijid.2016.02.898"
}