{
   "sha": "f76e8d92a4579e1068959ed8df158709ab7d2764",
   "source_x": "Elsevier",
   "title": "Prevenci\u00f3n del riesgo infeccioso en el consultorio de pediatr\u00eda y en el hospital",
   "doi": "10.1016/S1245-1789(16)81806-5",
   "license": "els-covid",
   "abstract": "En Francia, el Ministerio de Sanidad establece en su programa nacional de prevenci\u00f3n de infecciones asociadas a la asistencia sanitaria o infecciones nosocomiales de 2015 que los centros sanitarios, as\u00ed como los establecimientos m\u00e9dico-sociales y los m\u00e9dicos locales deben prevenir este tipo de infecciones. Este art\u00edculo describe la prevenci\u00f3n de la transmisi\u00f3n de microorganismos procedentes de pacientes o ambientales. Dicha prevenci\u00f3n incluye siempre la aplicaci\u00f3n de una serie de precauciones est\u00e1ndar (lavado y/o desinfecci\u00f3n de manos, uso de guantes ante el menor riesgo de contacto con l\u00edquidos biol\u00f3gicos, uso de batas, gafas y mascarillas si existe un riesgo de proyecci\u00f3n o de aerosolizaci\u00f3n de sangre o de cualquier otro producto de origen humano), as\u00ed como la desinfecci\u00f3n del material y de las superficies contaminadas. En algunos casos, es preciso adoptar precauciones espec\u00edficas complementarias, como las basadas en la transmisi\u00f3n por contacto, por ejemplo en caso de gastroenteritis, las basadas en la transmisi\u00f3n por gotas, en caso de infecciones pulmonares u otorrinolaringol\u00f3gicas, y las espec\u00edficas de la transmisi\u00f3n a\u00e9rea, en caso de tuberculosis, sarampi\u00f3n o varicela. El art\u00edculo describe la prevenci\u00f3n de infecciones asociadas a intervenciones invasivas (colocaci\u00f3n de dispositivos urinarios, dispositivos intravasculares, actos quir\u00fargicos) y de infecciones en piel lesionada o en orificios de ostom\u00eda. Tambi\u00e9n contempla la prevenci\u00f3n de accidentes por exposici\u00f3n a la sangre (AES): uso de materiales de seguridad, definici\u00f3n clara y escrita de la conducta necesaria ante un AES, vacunaci\u00f3n del personal. La emergencia de la resistencia a los antibi\u00f3ticos es un desaf\u00edo para la salud p\u00fablica. El control de la difusi\u00f3n de bacterias multirresistentes a los antibi\u00f3ticos y de bacterias altamente resistentes est\u00e1 basado a su vez en el control de la prescripci\u00f3n de antibi\u00f3ticos y de la prevenci\u00f3n de la difusi\u00f3n de infecciones a partir de pacientes portadores (transmisi\u00f3n cruzada).",
   "publish_time": "2017-03-31",
   "authors": [
      "Valdeyron, M.-L.",
      "Grando, J."
   ],
   "journal": "EMC - Pediatr\u00eda",
   "has_full_text": "True",
   "full_text_file": "custom_license",
   "id": "https://doi.org/10.1016/S1245-1789(16)81806-5",
   "fhir_link": [
      "PMC/Composition/f76e8d92a4579e1068959ed8df158709ab7d2764"
   ]
}