{
   "sha": "8cb3c8f07dbe3c6440af5bfe8cdf91880369d323",
   "source_x": "Elsevier",
   "title": "LC3 conjugation system in mammalian autophagy",
   "doi": "10.1016/j.biocel.2004.05.009",
   "pubmed_id": "15325588",
   "license": "els-covid",
   "abstract": "Abstract Autophagy is the bulk degradation of proteins and organelles, a process essential for cellular maintenance, cell viability, differentiation and development in mammals. Autophagy has significant associations with neurodegenerative diseases, cardiomyopathies, cancer, programmed cell death, and bacterial and viral infections. During autophagy, a cup-shaped structure, the preautophagosome, engulfs cytosolic components, including organelles, and closes, forming an autophagosome, which subsequently fuses with a lysosome, leading to the proteolytic degradation of internal components of the autophagosome by lysosomal lytic enzymes. During the formation of mammalian autophagosomes, two ubiquitylation-like modifications are required, Atg12-conjugation and LC3-modification. LC3 is an autophagosomal ortholog of yeast Atg8. A lipidated form of LC3, LC3-II, has been shown to be an autophagosomal marker in mammals, and has been used to study autophagy in neurodegenerative and neuromuscular diseases, tumorigenesis, and bacterial and viral infections. The other Atg8 homologues, GABARAP and GATE-16, are also modified by the same mechanism. In non-starved rats, the tissue distribution of LC3-II differs from those of the lipidated forms of GABARAP and GATE-16, GABARAP-II and GATE-16-II, suggesting that there is a functional divergence among these three modified proteins. Delipidation of LC3-II and GABARAP-II is mediated by hAtg4B. We review the molecular mechanism of LC3-modification, the crosstalk between LC3-modification and mammalian Atg12-conjugation, and the cycle of LC3-lipidation and delipidation mediated by hAtg4B, as well as recent findings concerning the other two Atg8 homologues, GABARAP and GATE-16. We also highlight recent findings regarding the pathobiology of LC3-modification, including its role in microbial infection, cancer and neuromuscular diseases.",
   "publish_time": "2004-12-31",
   "authors": [
      "Tanida, Isei",
      "Ueno, Takashi",
      "Kominami, Eiki"
   ],
   "journal": "The International Journal of Biochemistry & Cell Biology",
   "has_full_text": "True",
   "full_text_file": "custom_license",
   "id": "https://doi.org/10.1016/j.biocel.2004.05.009",
   "fhir_link": [
      "PMC/Composition/8cb3c8f07dbe3c6440af5bfe8cdf91880369d323"
   ]
}