{
   "sha": "64629d276b9e293a77780111157c93a8686bb078",
   "source_x": "Elsevier",
   "title": "Viral\u2013bacterial co-infections in the respiratory tract",
   "doi": "10.1016/j.mib.2016.11.003",
   "pubmed_id": "27940028",
   "license": "els-covid",
   "abstract": "Preceding or concurrent viral respiratory tract infection can predispose to secondary bacterial co-infection throughout the airway. The mechanisms by which viruses promote these superinfections are diverse and replete. Whereas we understand much as to how viruses damage the airway and dysregulate both innate and acquired immune responses which, in turn, supports bacterial growth, adherence and invasion into normally sterile sites within the respiratory tract, new information regarding these co-infections is being gained from recent advances in microbiome research and our enhanced appreciation of the contribution of bacterial biofilms, among others. The advanced understanding obtained by continued research efforts in all aspects of viral\u2013bacterial co-infections of the respiratory tract will allow us to devise novel approaches for disease prevention as well as to develop more effective therapeutics.",
   "publish_time": "2017-02-28",
   "authors": [
      "Bakaletz, Lauren O"
   ],
   "journal": "Current Opinion in Microbiology",
   "has_full_text": "True",
   "full_text_file": "custom_license",
   "id": "https://doi.org/10.1016/j.mib.2016.11.003",
   "fhir_link": [
      "PMC/Composition/64629d276b9e293a77780111157c93a8686bb078"
   ]
}