{
   "source_x": "Elsevier",
   "title": "The role of respiratory viruses in developing bronchiolitis obliterans and IPS in pediatric HCT patients",
   "doi": "10.1016/S1386-6532(06)80722-5",
   "license": "els-covid",
   "publish_time": "2006-12-31",
   "authors": [
      "Rossen, J.W.A.",
      "Versluys, B.",
      "Bierings, M.",
      "van Ewijk, B.E.",
      "Wolfs, T.F.W.",
      "van Loon, A.M.",
      "Boelens, J.J."
   ],
   "journal": "Journal of Clinical Virology",
   "has_full_text": "False",
   "full_text_file": "custom_license",
   "id": "https://doi.org/10.1016/S1386-6532(06)80722-5"
}