{
   "source_x": "Elsevier",
   "title": "PIV-21 Respiratory viral infections in adult patients with hematologic malignancies",
   "doi": "10.1016/S1386-6532(09)70117-9",
   "license": "els-covid",
   "publish_time": "2009-09-30",
   "authors": [
      "Bayram, A.",
      "Eksi, F.",
      "Okan, V.",
      "Balci, I.",
      "Yilmaz, M.",
      "Pehlivan, M."
   ],
   "journal": "Journal of Clinical Virology",
   "has_full_text": "False",
   "full_text_file": "custom_license",
   "id": "https://doi.org/10.1016/S1386-6532(09)70117-9"
}