{
   "sha": "6e32e3644b1ca8948edc7bcf3ae1e70fd2c148ef",
   "source_x": "Elsevier",
   "title": "Evidence for antigen presentation by the class Ib molecule, Qa-1",
   "doi": "10.1016/0923-2494(96)89641-6",
   "pubmed_id": "8876056",
   "license": "els-covid",
   "publish_time": "1996-12-31",
   "authors": [
      "Stevens, C.",
      "Flaherty, L."
   ],
   "journal": "Research in Immunology",
   "has_full_text": "True",
   "full_text_file": "custom_license",
   "id": "https://doi.org/10.1016/0923-2494(96)89641-6",
   "fhir_link": [
      "PMC/Composition/6e32e3644b1ca8948edc7bcf3ae1e70fd2c148ef"
   ]
}