{
   "sha": "1f23b03bac15f9b22bb2a38796f15bda61b86bd6",
   "source_x": "Elsevier",
   "title": "Blood MxA protein as a marker for respiratory virus infections in young children",
   "doi": "10.1016/j.jcv.2014.11.018",
   "pubmed_id": "25542463",
   "license": "els-covid",
   "abstract": "Abstract Background Type I interferon induced MxA response can differentiate viral from bacterial infections, but MxA responses in rhinovirus or asymptomatic virus infections are not known. Objective To study MxA protein levels in healthy state and during respiratory virus infection of young children in an observational prospective cohort. Study design Blood samples and nasal swabs were collected from 153 and 77 children with and without symptoms of respiratory infections, respectively. Blood MxA protein levels were measured by an enzyme immunoassay and PCR methods were used for the detection of respiratory viruses in nasal swabs. Results Respiratory viruses were detected in 81% of symptomatic children. They had higher blood MxA protein levels (median [interquartile range]) than asymptomatic virus-negative children (695 [345\u20131370] \u03bcg/L vs. 110 [55\u2013170] \u03bcg/L; p <0.001). Within asymptomatic children, no significant difference was observed in MxA responses between virus-positive and virus-negative groups. A cut-off level of 175\u03bcg/L had 92% sensitivity and 77% specificity for a symptomatic respiratory virus infection. Rhinovirus, respiratory syncytial virus, parainfluenza virus, influenza virus, coronavirus, and human metapneumovirus infections were associated with elevated MxA responses. Asymptomatic virus-negative children vaccinated with a live virus vaccine had elevated MxA protein levels (240 [120\u2013540] \u03bcg/L), but significantly lower than children with an acute respiratory infection, who had not received vaccinations (740 [350\u20131425] \u03bcg/L; p <0.001). Conclusion Blood MxA protein levels are increased in young children with symptomatic respiratory virus infections, including rhinovirus infections. MxA is an informative general marker for the most common acute virus infections.",
   "publish_time": "2015-01-31",
   "authors": [
      "Toivonen, Laura",
      "Schuez-Havupalo, Linnea",
      "Rulli, Maris",
      "Ilonen, Jorma",
      "Pelkonen, Jukka",
      "Melen, Krister",
      "Julkunen, Ilkka",
      "Peltola, Ville",
      "Waris, Matti"
   ],
   "journal": "Journal of Clinical Virology",
   "has_full_text": "True",
   "full_text_file": "custom_license",
   "id": "https://doi.org/10.1016/j.jcv.2014.11.018",
   "fhir_link": [
      "PMC/Composition/1f23b03bac15f9b22bb2a38796f15bda61b86bd6"
   ]
}