{
   "source_x": "Elsevier",
   "title": "At the Epicentre: Hong Kong and the SARS Outbreak Christine Loh Civic Exchange At the Epicentre: Hong Kong and the SARS Outbreak 2004 Hong Kong University Press 962 209 683 2 US$ 39.50, 296 pp",
   "doi": "10.1016/S1473-3099(04)01170-3",
   "license": "els-covid",
   "abstract": "Unknown",
   "publish_time": "2004-11-30",
   "authors": [
      "Querido, Josephine"
   ],
   "journal": "The Lancet Infectious Diseases",
   "has_full_text": "False",
   "full_text_file": "custom_license",
   "id": "https://doi.org/10.1016/S1473-3099(04)01170-3"
}