{
   "source_x": "Elsevier",
   "title": "Missing information in animal surveillance of MERS-CoV",
   "doi": "10.1016/S1473-3099(13)70699-6",
   "pubmed_id": "24457168",
   "license": "els-covid",
   "publish_time": "2014-02-28",
   "authors": [
      "Nishiura, Hiroshi",
      "Ejima, Keisuke",
      "Mizumoto, Kenji"
   ],
   "journal": "The Lancet Infectious Diseases",
   "has_full_text": "False",
   "full_text_file": "custom_license",
   "id": "https://doi.org/10.1016/S1473-3099(13)70699-6"
}