{
   "sha": "aabcc4f3bba09dbdcea873644356dff1115c7570",
   "source_x": "Elsevier",
   "title": "Preparedness for emerging epidemic threats: a Lancet Infectious Diseases Commission",
   "doi": "10.1016/S1473-3099(19)30674-7",
   "pubmed_id": "31876487",
   "license": "els-covid",
   "publish_time": "2020-01-31",
   "authors": [
      "Lee, Vernon J",
      "Aguilera, Ximena",
      "Heymann, David",
      "Wilder-Smith, Annelies",
      "Lee, Vernon J.",
      "Aguilera, Ximena",
      "Heymann, David L.",
      "Wilder-Smith, Annelies",
      "Bausch, Daniel G.",
      "Briand, Sylvie",
      "Bruschke, Christianne",
      "Carmo, Eduardo H.",
      "Cleghorn, Sean",
      "Dandona, Lalit",
      "Donnelly, Christl",
      "Fall, Ibrahima Soc\u00e9",
      "Halton, Jane",
      "Hatchett, Richard",
      "Hong, Felicia",
      "Horby, Peter",
      "Ihekweazu, Chikwe",
      "Jacobs, Michael",
      "Khan, Kamran",
      "Lin, Yijun",
      "Leung, Gabriel",
      "Low, Constance",
      "McDonald, Bethan F.",
      "Memish, Ziad A.",
      "Morhard, Ryan",
      "Ng, Deborah HL",
      "Nkengasong, John",
      "Pang, Junxiong",
      "Redd, Stephen C.",
      "Tan, Karen",
      "Yeo, Wen Qing"
   ],
   "journal": "The Lancet Infectious Diseases",
   "has_full_text": "True",
   "full_text_file": "custom_license",
   "id": "https://doi.org/10.1016/S1473-3099(19)30674-7",
   "fhir_link": [
      "PMC/Composition/aabcc4f3bba09dbdcea873644356dff1115c7570"
   ]
}