{
   "sha": "9f2a4c05fe00ecbe654be722b6e6997f5232b8d3",
   "source_x": "Elsevier",
   "title": "Clinical, laboratory and imaging features of COVID-19: A systematic review and meta-analysis",
   "doi": "10.1016/j.tmaid.2020.101623",
   "license": "els-covid",
   "abstract": "Abstract Introduction An epidemic of Coronavirus Disease 2019 (COVID-19) began in December 2019 in China leading to a Public Health Emergency of International Concern (PHEIC). Clinical, laboratory, and imaging features have been partially characterized in some observational studies. No systematic reviews on COVID-19 have been published to date. Methods We performed a systematic literature review with meta-analysis, using three databases to assess clinical, laboratory, imaging features, and outcomes of COVID-19 confirmed cases. Observational studies and also case reports, were included, and analyzed separately. We performed a random-effects model meta-analysis to calculate the pooled prevalence and 95% confidence interval (95%CI). Results 660 articles were retrieved for the time frame (1/1/2020-2/23/2020). After screening, 27 articles were selected for full-text assessment, 19 being finally included for qualitative and quantitative analyses. Additionally, 39 case report articles were included and analyzed separately. For 656 patients, fever (88.7%, 95%CI 84.5\u201392.9%), cough (57.6%, 40.8\u201374.4%) and dyspnea (45.6%, 10.9\u201380.4%) were the most prevalent manifestations. Among the patients, 20.3% (95%CI 10.0\u201330.6%) required intensive care unit (ICU), 32.8% presented with acute respiratory distress syndrome (ARDS) (95%CI 13.7\u201351.8), 6.2% (95%CI 3.1\u20139.3) with shock. Some 13.9% (95%CI 6.2\u201321.5%) of hospitalized patients had fatal outcomes (case fatality rate, CFR). Conclusion COVID-19 brings a huge burden to healthcare facilities, especially in patients with comorbidities. ICU was required for approximately 20% of polymorbid, COVID-19 infected patients and hospitalization was associated with a CFR of over 13%. As this virus spreads globally, countries need to urgently prepare human resources, infrastructure and facilities to treat severe COVID-19.",
   "publish_time": "2020-03-13",
   "authors": [
      "Rodriguez-Morales, Alfonso J.",
      "Cardona-Ospina, Jaime A.",
      "Guti\u00e9rrez-Ocampo, Estefan\u00eda",
      "Villamizar-Pe\u00f1a, Rhuvi",
      "Holguin-Rivera, Yeimer",
      "Escalera-Antezana, Juan Pablo",
      "Alvarado-Arnez, Lucia Elena",
      "Bonilla-Aldana, D. Katterine",
      "Franco-Paredes, Carlos",
      "Henao-Martinez, Andr\u00e9s F.",
      "Paniz-Mondolfi, Alberto",
      "Lagos-Grisales, Guillermo J.",
      "Ram\u00edrez-Vallejo, Eduardo",
      "Su\u00e1rez, Jose A.",
      "Zambrano, Lysien I.",
      "Villamil-G\u00f3mez, Wilmer E.",
      "Balbin-Ramon, Graciela J.",
      "Rabaan, Ali A.",
      "Harapan, Harapan",
      "Dhama, Kuldeep",
      "Nishiura, Hiroshi",
      "Kataoka, Hiromitsu",
      "Ahmad, Tauseef",
      "Sah, Ranjit"
   ],
   "journal": "Travel Medicine and Infectious Disease",
   "has_full_text": "True",
   "full_text_file": "custom_license",
   "id": "https://doi.org/10.1016/j.tmaid.2020.101623",
   "fhir_link": [
      "PMC/Composition/9f2a4c05fe00ecbe654be722b6e6997f5232b8d3"
   ]
}