{
   "sha": "b1e0113ad3ffecd1793776248bcca21835ba8335",
   "source_x": "Elsevier",
   "title": "Bibliography of the current world literature",
   "doi": "10.1016/0958-1669(90)90031-F",
   "pubmed_id": "1367858",
   "license": "els-covid",
   "publish_time": "1990-12-31",
   "journal": "Current Opinion in Biotechnology",
   "has_full_text": "True",
   "full_text_file": "custom_license",
   "id": "https://doi.org/10.1016/0958-1669(90)90031-F",
   "fhir_link": [
      "PMC/Composition/b1e0113ad3ffecd1793776248bcca21835ba8335"
   ]
}