{
   "sha": "13a34d736281d84bc1bae45468b62edac7282c98",
   "source_x": "Elsevier",
   "title": "Interpreting Diagnostic Studies in SARS\u2014Defining the Reference",
   "doi": "10.1016/j.clim.2004.07.007",
   "pubmed_id": "15451465",
   "license": "els-covid",
   "publish_time": "2004-11-30",
   "authors": [
      "Beigel, John"
   ],
   "journal": "Clinical Immunology",
   "has_full_text": "True",
   "full_text_file": "custom_license",
   "id": "https://doi.org/10.1016/j.clim.2004.07.007",
   "fhir_link": [
      "PMC/Composition/13a34d736281d84bc1bae45468b62edac7282c98"
   ]
}