{
   "sha": "860ba42a414be56d8892be78865f939fcd3fb2e9",
   "source_x": "Elsevier",
   "title": "Exacerbations of chronic obstructive pulmonary disease and chronic mucus hypersecretion",
   "doi": "10.1016/j.cair.2006.02.001",
   "license": "els-covid",
   "abstract": "Abstract Chronic obstructive pulmonary disease (COPD) exacerbations are an important cause of the considerable morbidity and mortality found in COPD. COPD exacerbations increase with increasing severity of COPD, and some patients are prone to frequent exacerbations leading to hospital admission and readmission. These frequent exacerbations may have considerable impact on quality of life and activities of daily living. Factors that increase the risk for COPD exacerbations are associated with increased airway inflammation caused by common pollutants and bacterial and/or viral infections. These inflammatory responses cause mucus hypersecretion and, thereby, airway obstruction and associated exacerbations. While chronic mucus hypersecretion is a significant risk factor for frequent and severe exacerbations, patients with chronic mucus hypersecretion have a lower rate of relapse after initial treatment for acute exacerbation. The benefit of antibiotics for treatment of COPD exacerbations is small but significant. While the mechanisms of actions are not clear, mucolytic agents reduce the number of days of disability in subjects with exacerbations. Reducing mucous cell numbers in small airways could be a useful way to reduce chronic mucus hypersecretion. Our studies suggest that programmed cell death is crucial in the resolution of metaplastic mucous cells, and understanding these mechanisms may provide novel therapies to reduce the risk of COPD exacerbations.",
   "publish_time": "2006-02-28",
   "authors": [
      "Tesfaigzi, Yohannes",
      "Meek, Paula",
      "Lareau, Suzanne"
   ],
   "journal": "Clinical and Applied Immunology Reviews",
   "has_full_text": "True",
   "full_text_file": "custom_license",
   "id": "https://doi.org/10.1016/j.cair.2006.02.001",
   "fhir_link": [
      "PMC/Composition/860ba42a414be56d8892be78865f939fcd3fb2e9"
   ]
}