{
   "sha": "4939a8ffb831e245e793678ca58921a9cea68872",
   "source_x": "Elsevier",
   "title": "A genome-wide association study identifies major loci affecting the immune response against infectious bronchitis virus in chicken",
   "doi": "10.1016/j.meegid.2013.12.004",
   "pubmed_id": "24333371",
   "license": "els-covid",
   "abstract": "Abstract Coronaviruses are a hot research topic because they can cause severe diseases in humans and animals. Infectious bronchitis virus (IBV), belonging to gamma-coronaviruses, causes a highly infectious respiratory viral disease and can result in catastrophic economic losses to the poultry industry worldwide. Unfortunately, the genetic basis of the host immune responses against IBV is poorly understood. In the present study, the antibody levels against IBV post-immunization were measured by an enzyme-linked immunosorbent assay in the serum of 511 individuals from a commercial chicken (Gallus gallus) population. A genome-wide association study using 43,211 single nucleotide polymorphism markers was performed to identify the major loci affecting the immune response against IBV. This study detected 20 significant (P <1.16\u00d710\u22126) effect single nucleotide polymorphisms for the antibody level against IBV. These single nucleotide polymorphisms were distributed on five chicken chromosomes (GGA), involving GGA1, GGA3, GGA5, GGA8, and GGA9. The genes in the 1-Mb windows surrounding each single nucleotide polymorphism with significant effect for the antibody level against IBV were associated with many biological processes or pathways related to immunity, such as the defense response and mTOR signaling pathway. A genomic region containing a cluster of 13 beta-defensin (GAL1\u201313) and interleukin-17F genes on GGA3 probably plays an important role in the immune response against IBV. In addition, the major loci significantly associated with the antibody level against IBV on GGA1 and GGA5 could explain about 12% and 13% of the phenotypic variation, respectively. This study suggested that the chicken genome has several important loci affecting the immune response against IBV, and increases our knowledge of how to control outbreaks of infectious bronchitis.",
   "publish_time": "2014-01-31",
   "authors": [
      "Luo, Chenglong",
      "Qu, Hao",
      "Ma, Jie",
      "Wang, Jie",
      "Hu, Xiaoxiang",
      "Li, Ning",
      "Shu, Dingming"
   ],
   "journal": "Infection, Genetics and Evolution",
   "has_full_text": "True",
   "full_text_file": "custom_license",
   "id": "https://doi.org/10.1016/j.meegid.2013.12.004",
   "fhir_link": [
      "PMC/Composition/4939a8ffb831e245e793678ca58921a9cea68872"
   ]
}