{
   "sha": "a2e29f8d5e54a8faa2a1837ffb92665321fdfd9d",
   "source_x": "Elsevier",
   "title": "Cons\u00e9quences de l'\u00e9pid\u00e9mie de SRAS sur le syst\u00e8me hospitalier de l'Ontario",
   "doi": "10.1016/j.reaurg.2007.02.017",
   "license": "els-covid",
   "abstract": "R\u00e9sum\u00e9 L'\u00e9pid\u00e9mie de syndrome respiratoire aigu s\u00e9v\u00e8re (SRAS), qui a dur\u00e9 de mars \u00e0 juillet 2003, a profond\u00e9ment modifi\u00e9 le syst\u00e8me de soins de la r\u00e9gion de Toronto. Les caract\u00e9ristiques de cet agent infectieux, en particulier son caract\u00e8re extr\u00eamement contagieux expliquant la contamination pr\u00e9coce du personnel hospitalier, et la s\u00e9v\u00e9rit\u00e9 de la maladie qu'il induit ont contribu\u00e9 \u00e0 d\u00e9sorganiser profond\u00e9ment le syst\u00e8me de soins, en particulier les services de r\u00e9animation et d'urgences. La r\u00e9ponse rapide des acteurs du syst\u00e8me a permis d'\u00e9laborer dans l'urgence une strat\u00e9gie hospitali\u00e8re et de contr\u00f4ler cette \u00e9pid\u00e9mie gr\u00e2ce \u00e0 une mobilisation g\u00e9n\u00e9rale. Lors de la seconde phase de l'\u00e9pid\u00e9mie en avril, une r\u00e9ponse coordonn\u00e9e a \u00e9t\u00e9 \u00e9labor\u00e9e, par la cr\u00e9ation d'un r\u00e9seau de soins d'h\u00f4pitaux d\u00e9di\u00e9s \u00e0 la lutte contre le SRAS, dot\u00e9 de moyens de communication et de transfert adapt\u00e9s. \u00c0 la fin de l'\u00e9pid\u00e9mie, les le\u00e7ons tir\u00e9es par les professionnels de Sant\u00e9 ont entra\u00een\u00e9 une compl\u00e8te transformation du syst\u00e8me de soins de l'Ontario, avec la cr\u00e9ation de r\u00e9seaux de soins r\u00e9gionaux, la mise en place d'une strat\u00e9gie de coordination des services d'urgence et de r\u00e9animation, dont on a augment\u00e9 les capacit\u00e9s. Ces r\u00e9flexions ont aussi permis de cr\u00e9er des groupes de travail, au niveau provincial et r\u00e9gional, pour pr\u00e9parer la r\u00e9ponse \u00e0 d'autres d\u00e9sastres infectieux \u00e9ventuels, comme une pand\u00e9mie de grippe aviaire. Abstract In March 2003 the healthcare system of Toronto had to respond to an outbreak of severe acute respiratory syndrome. This infectious disease due to a novel coronavirus spread rapidly because this infectious agent was highly contagious and contaminated many caregivers. The increase in the demand in critical care beds with concomitantly a decrease in the number of caregivers sick or in quarantine, deeply disorganized the emergency and critical care system. Lack of preparedness, absence of coordination and leadership, poor communication were identified as factors amplifying the impact of this outbreak. Rapidly, however a disaster plan was implemented allowing for better organizing the response of hospitals, allowing the control of the outbreak. During the second phase of the outbreak in April 2003, a coordinated network of hospital is designed to isolate the patients and provide best evidenced care with optimal protection of the caregivers. Several recommendations resulted from the retrospective analysis of these events. These were used to develop a transformation of the healthcare system in Ontario, with creation of local health integrated networks, reorganization of the acute care system with increased capacity, development of infectious disease control. In preparation of a new outbreak, provincial and local task forces have been implemented to provide recommendations in collaboration with the newly created Public Health Agency of Canada.",
   "publish_time": "2007-06-30",
   "authors": [
      "Brunet, F.-P."
   ],
   "journal": "R\u00e9animation",
   "has_full_text": "True",
   "full_text_file": "custom_license",
   "id": "https://doi.org/10.1016/j.reaurg.2007.02.017",
   "fhir_link": [
      "PMC/Composition/a2e29f8d5e54a8faa2a1837ffb92665321fdfd9d"
   ]
}