{
   "sha": "5e06356ab2995fa7570959f653e84373fb9c5beb",
   "source_x": "Elsevier",
   "title": "A quantitative enzyme-linked immunosorbent assay for bovine herpesvirus type 1 (BHV-1) antibody",
   "doi": "10.1016/1045-1056(90)90007-M",
   "pubmed_id": "2175205",
   "license": "els-covid",
   "abstract": "Abstract A quantitative enzyme-linked immunosorbent assay (ELISA) was developed to detect and measure antibody to bovine herpesvirus type 1 (BHV-1) in cattle sera. The optical density produced from a single dilution of test serum was compared with a standard curve and the results were read and printed out from a computer interfaced to a multichannel ELISA reader. The printed results were expressed in ELISA units. The ELISA results obtained on 370 cattle sera were compared with those of the serum neutralisation test (SNT). An agreement of 90\u00b75% was obtained when reciprocal SNT titres equal to or greater than 4 and IgG ELISA units equal to or greater than 50 were taken as indicative of a specific reaction. Of the 370 sera, 35 gave discrepant results of which 21 were SNT positive/IgG ELISA negative and 14 were SNT negative/IgG ELISA positive. When the SNT positive sera negative in the IgG ELISA were tested in an IgM ELISA, 19 were found to be positive. Thus, when the IgG and IgM ELISA results were combined the overall agreement between the ELISA and SNT increased to 95\u00b77%. The IgG ELISA had a sensitivity of 82\u00b74% and specificity of 94\u00b74% relative to the SNT, whereas the combined IgG and IgM ELISA results gave a sensitivity and specificity of 98\u00b73% and 94\u00b74% respectively. There was a good positive correlation between the two tests (r = 0\u00b786).",
   "publish_time": "1990-07-31",
   "authors": [
      "Lyaku, J.R.S.",
      "Nettleton, P.F.",
      "Scott, G.R."
   ],
   "journal": "Biologicals",
   "has_full_text": "True",
   "full_text_file": "custom_license",
   "id": "https://doi.org/10.1016/1045-1056(90)90007-M",
   "fhir_link": [
      "PMC/Composition/5e06356ab2995fa7570959f653e84373fb9c5beb"
   ]
}