{
   "sha": "aead93dd8f7c2b42a9021e77fda95c2c36ec1251",
   "source_x": "Elsevier",
   "title": "Preventing transfer of infectious agents",
   "doi": "10.1016/j.ijsu.2015.08.032",
   "pubmed_id": "26316157",
   "license": "els-covid",
   "abstract": "Abstract Xenotransplantation using pig cells, tissues and organs may be associated with the transfer of porcine infectious agents, which may infect the human recipient and in the worst case induce a disease (zoonosis). To prevent this, a broad screening program of the donor animals for putative zoonotic microorganisms, including bacteria, viruses, fungi and others, using sensitive and specific detection methods has to be performed. As long as it is still unknown, which microorganism represents a real risk for the recipient, experience from allotransplantation should be brought in. Due to the fact that pigs can be screened long before the date of transplantation, xenotransplantation will become eventually safer compared with allotransplantation. Screening and selection of animals free of potential zoonotic microorganisms, Caesarean section, vaccination and/or treatment with chemotherapeutics are the strategies of choice to obtain donor animals not transmitting microorganisms. In the case of porcine endogenous retroviruses (PERVs) which are integrated in the genome of all pigs and which cannot be eliminated this way, selection of animals with low virus expression and generation of genetically modified pigs suppressing PERV expressions may be performed.",
   "publish_time": "2015-11-30",
   "authors": [
      "Denner, Joachim",
      "Mueller, Nicolas J."
   ],
   "journal": "International Journal of Surgery",
   "has_full_text": "True",
   "full_text_file": "custom_license",
   "id": "https://doi.org/10.1016/j.ijsu.2015.08.032",
   "fhir_link": [
      "PMC/Composition/aead93dd8f7c2b42a9021e77fda95c2c36ec1251"
   ]
}