{
   "sha": "ce14ed5d4288464ea581ad6cde8a72917c7e951e",
   "source_x": "Elsevier",
   "title": "Integration of virtual and physical screening",
   "doi": "10.1016/j.ddtec.2006.11.003",
   "license": "els-covid",
   "abstract": "High-throughput screening (HTS) represents the dominant technique for the identification of new lead compounds in current drug discovery. It consists of physical screening (PS) of large libraries of chemicals against one or more specific biological targets. Virtual screening (VS) is a strategy for in silico evaluation of chemical libraries for a given target, and can be integrated to focus the PS process. The present work addresses the integration of both PS and VS, respectively. Section editors: Tudor Oprea \u2013 University of New Mexico School of Medicine, Albuquerque, USA Alex Tropsha \u2013 University of North Carolina, Chapel Hill, USA",
   "publish_time": "2007-02-28",
   "authors": [
      "Fara, Dan C.",
      "Oprea, Tudor I.",
      "Prossnitz, Eric R.",
      "Bologa, Cristian G.",
      "Edwards, Bruce S.",
      "Sklar, Larry A."
   ],
   "journal": "Drug Discovery Today: Technologies",
   "has_full_text": "True",
   "full_text_file": "custom_license",
   "id": "https://doi.org/10.1016/j.ddtec.2006.11.003",
   "fhir_link": [
      "PMC/Composition/ce14ed5d4288464ea581ad6cde8a72917c7e951e"
   ]
}