{
   "sha": "5e5523ab9299981aa6dc40d0ee209a73cbdb5ab8",
   "source_x": "Elsevier",
   "title": "Insuffisance Respiratoire Aigu\u00eb chez le patient immunod\u00e9prim\u00e9 : Quelle approche diagnostique ?",
   "doi": "10.1016/S1877-1203(10)70014-8",
   "license": "els-covid",
   "publish_time": "2010-03-31",
   "authors": [
      "Camous, L.",
      "Lemiale, V.",
      "Schnell, D.",
      "de Miranda, S.",
      "Azoulay, E."
   ],
   "journal": "Revue des Maladies Respiratoires Actualit\u00e9s",
   "has_full_text": "True",
   "full_text_file": "custom_license",
   "id": "https://doi.org/10.1016/S1877-1203(10)70014-8",
   "fhir_link": [
      "PMC/Composition/5e5523ab9299981aa6dc40d0ee209a73cbdb5ab8"
   ]
}