{
   "sha": "cf1ced6a51226d0be3ad86be854e2903c459a434",
   "source_x": "Elsevier",
   "title": "Experience of Using Simulation Technology and Analytics During the Ebola Crisis to Empower Frontline Health Workers and Improve the Integrity of Public Health Systems",
   "doi": "10.1016/j.proeng.2016.08.062",
   "license": "els-covid",
   "abstract": "Abstract The Ebola outbreak highlighted the challenge of health security and particularly of how best to give frontline workers the knowledge, confidence and competence to respond effectively. The goal was to develop a tool to improve infection prevention and control through local capacity building within the context of an emergency response. The research showed that digital technology could be a powerful \u2018force multiplier\u2019 allowing much greater access to high fidelity training during an outbreak and keeping it current as protocols evolved or new safety critical steps were identified. Tailoring training to the local context was crucial to its relevance and accessibility. This initiative used a novel approach to the development of the training tool \u2013 ebuddi. It used agile development to co-create the tool with active participation of local communities. A further pilot showed how it could be extended to meet the longer term needs of triage training and ensure better quality assurance. In the longer term it may have the potential to improve compliance with International Health Regulations, be adapted for future emergencies, and contribute to global health security.",
   "publish_time": "2016-12-31",
   "authors": [
      "Mellor, Nicholas",
      "Horton, Hetty",
      "Luke, David",
      "Meadows, Jon",
      "Chatterjee, Arunangsu",
      "Gale, Thomas"
   ],
   "journal": "Procedia Engineering",
   "has_full_text": "True",
   "full_text_file": "custom_license",
   "id": "https://doi.org/10.1016/j.proeng.2016.08.062",
   "fhir_link": [
      "PMC/Composition/cf1ced6a51226d0be3ad86be854e2903c459a434"
   ]
}