{
   "sha": "0ece6547fc04c80f63d0a7e2ace7aa9b7443f192",
   "source_x": "Elsevier",
   "title": "Subject Index",
   "doi": "10.1016/B0-12-370879-6/09001-3",
   "license": "els-covid",
   "abstract": "Unknown",
   "publish_time": "2006-12-31",
   "journal": "Encyclopedia of Respiratory Medicine",
   "has_full_text": "True",
   "full_text_file": "custom_license",
   "id": "https://doi.org/10.1016/B0-12-370879-6/09001-3",
   "fhir_link": [
      "PMC/Composition/0ece6547fc04c80f63d0a7e2ace7aa9b7443f192"
   ]
}