{
   "sha": "7f4aa0b455b491c83d090eabbd244067ea11e8c2",
   "source_x": "Elsevier",
   "title": "The remarkable adaptability of syndromic surveillance to meet public health needs",
   "doi": "10.1016/j.jegh.2012.12.005",
   "pubmed_id": "23856537",
   "license": "els-covid",
   "abstract": "Abstract The goal of syndromic surveillance is the earlier detection of epidemics, allowing a timelier public health response than is possible using traditional surveillance methods. Syndromic surveillance application for public health purposes has changed over time and reflects a dynamic evolution from the collection, interpretation of data with dissemination of data to those who need to act, to a more holistic approach that incorporates response as a core component of the surveillance system. Recent infectious disease threats, such as severe acute respiratory syndrome (SARS), avian influenza (H5N1) and pandemic influenza (H1N1), have all highlighted the need for countries to be rapidly aware of the spread of infectious diseases within a region and across the globe. The International Health Regulations (IHR) obligation to report public health emergencies of international concern has raised the importance of early outbreak detection and response. The emphasis in syndromic surveillance is changing from automated, early alert and detection, to situational awareness and response. Published literature on syndromic surveillance reflects the changing nature of public health threats and responses. Syndromic surveillance has demonstrated a remarkable ability to adapt to rapidly shifting public health needs. This adaptability makes it a highly relevant public health tool.",
   "publish_time": "2013-03-31",
   "authors": [
      "Paterson, Beverley J.",
      "Durrheim, David N."
   ],
   "journal": "Journal of Epidemiology and Global Health",
   "has_full_text": "True",
   "full_text_file": "custom_license",
   "id": "https://doi.org/10.1016/j.jegh.2012.12.005",
   "fhir_link": [
      "PMC/Composition/7f4aa0b455b491c83d090eabbd244067ea11e8c2"
   ]
}