{
   "sha": "dfa5e9afb8cea314d0f18deaaae441dd7106c5cb",
   "source_x": "Elsevier",
   "title": "Computational identification of self-inhibitory peptides from white spot syndrome virus envelope protein VP28",
   "doi": "10.1016/j.aqrep.2019.100195",
   "license": "els-covid",
   "abstract": "Abstract Since effective chemotherapeutics or preventive measures are still unavailable, finding feasible approaches against white spot syndrome virus (WSSV) has always been the vital subject in shrimp farming field. Envelope proteins are the ideal targets for antiviral strategies development due to their indispensable roles in virus entry, and inhibitory peptides targeting them have been proved to be promising in blocking virus infection. In this study, the Wimley-White interfacial hydrophobicity scale (WWIHS) in combination with known structural data was applied to identify potential inhibitory peptides that targeted the envelope protein VP28 of WSSV. Results showed that two potential inhibitory peptides were identified, one of which exhibited not only obvious antiviral activity, but also broad-spectrum antimicrobial activity. The inhibitory peptide identified here can serve as a lead compound for anti-WSSV strategies development.",
   "publish_time": "2019-07-31",
   "authors": [
      "Lu, Yongzhong",
      "Qiu, Qian",
      "Li, Chen",
      "Cheng, Linyue",
      "Liu, Jie"
   ],
   "journal": "Aquaculture Reports",
   "has_full_text": "True",
   "full_text_file": "custom_license",
   "id": "https://doi.org/10.1016/j.aqrep.2019.100195",
   "fhir_link": [
      "PMC/Composition/dfa5e9afb8cea314d0f18deaaae441dd7106c5cb"
   ]
}