{
   "sha": "372d6101a2490a6aa6804f67d3cd5fdec908cda6",
   "source_x": "Elsevier",
   "title": "Biosafety and biosecurity",
   "doi": "10.1016/j.jobb.2019.01.001",
   "license": "els-covid",
   "abstract": "Abstract With the profound changes in the international security situation, the progression of globalization, and the continuous advancement of biotechnology, the risks and challenges posed by major infectious diseases and bioterrorism to the international community are also increasing. Biosafety, therefore, presents new opportunities for international cooperation and global governance. The world has become more integrated and now shares a common destiny in terms of biosafety. In the face of the current risks and challenges, the international community must work together to avert threats, advance mutual interests, and safeguard global biosecurity. In the context of the current situation regarding biosafety and biosecurity, we conducted the present analysis, and present here some appropriate countermeasures.",
   "publish_time": "2019-03-31",
   "authors": [
      "Zhou, Dongsheng",
      "Song, Hongbin",
      "Wang, Jianwei",
      "Li, Zhenjun",
      "Xu, Shuai",
      "Ji, Xingzhao",
      "Hou, Xuexin",
      "Xu, Jianguo"
   ],
   "journal": "Journal of Biosafety and Biosecurity",
   "has_full_text": "True",
   "full_text_file": "custom_license",
   "id": "https://doi.org/10.1016/j.jobb.2019.01.001",
   "fhir_link": [
      "PMC/Composition/372d6101a2490a6aa6804f67d3cd5fdec908cda6"
   ]
}