{
   "sha": "6dfe2e77c8175b3eb38d6fc3ccc440fb81a0e2f0",
   "source_x": "CZI",
   "title": "HRCT Imaging Features in Representative Imported Cases of 2019 Novel Coronavirus Pneumonia",
   "doi": "10.1093/pcmedi/pbaa004",
   "license": "cc-by-nc",
   "abstract": "With the spread of novel coronavirus (2019-nCoV) pneumonia, chest high-resolution computed tomography (HRCT) has been one of the key diagnostic tools. To achieve early and accurate diagnostics, determining the radiological characteristics of the disease is of great importance. In this small scale research we retrospectively reviewed and selected six cases confirmed with 2019-nCoV infection in West China Hospital and investigated their initial and follow-up HRCT features, along with the clinical characteristics. The 2019-nCoV pneumonia basically showed a multifocal or unifocal involvement of ground-glass opacity (GGO), sometimes with consolidation and fibrosis. No pleural effusion or lymphadenopathy was identified in our presented cased. The follow-up CT generally demonstrated mild to moderate progression of the lesion, with only one case showing remission by the reducing extent and density of the airspace opacification.",
   "publish_time": "2020",
   "authors": [
      "Diao, Kaiyue",
      "Han, Peilun",
      "Pang, Tong",
      "Li, Yuan",
      "Yang, Zhigang"
   ],
   "journal": "Precision Clinical Medicine",
   "Microsoft Academic Paper ID": "3006467527",
   "WHO #Covidence": "#781",
   "has_full_text": "True",
   "full_text_file": "noncomm_use_subset",
   "id": "https://doi.org/10.1093/pcmedi/pbaa004",
   "fhir_link": [
      "Non-comercial/Composition/6dfe2e77c8175b3eb38d6fc3ccc440fb81a0e2f0"
   ]
}