{
   "source_x": "WHO",
   "title": "Novel Coronavirus and Hospital Infection Prevention: Preparing for the Impromptu Speech",
   "doi": "10.1017/ice.2020.55",
   "pubmed_id": "32122422",
   "license": "unk",
   "publish_time": "2020-03-03",
   "authors": [
      "Bearman, Gonzalo",
      "Pryor, Rachel",
      "Albert, Heather",
      "Brath, Lisa",
      "Britton, Amy",
      "Cooper, Kaila",
      "Doll, Michelle",
      "Godbout, Emily J.",
      "Hemphill, Robin",
      "Stevens, Michael P."
   ],
   "journal": "Infection Control & Hospital Epidemiology",
   "Microsoft Academic Paper ID": "1736130314",
   "WHO #Covidence": "#3457",
   "has_full_text": "False",
   "id": "https://doi.org/10.1017/ice.2020.55"
}