{
   "source_x": "WHO",
   "title": "Pittcon goes ahead despite coronavirus",
   "doi": "10.1021/cen-09809-buscon2",
   "license": "unk",
   "abstract": "The novel coronavirus was on everyone\u2019s mind at Pittcon, the big scientific instrumentation conference held last week at McCormick Place in Chicago. In the halls, breezeways, and bars, scientists and instrument company executives took 5 min here and 10 min there to check in with one another about the latest on the disease, called COVID-19, caused by the new coronavirus. Many booths sat empty, with signs stating that the exhibitor who had reserved the spot was \u201cabsent due to travel restrictions.\u201d Firms small and large told C&EN that travel for their staff was down to a minimum, and they were watching and waiting to see how the virus would impact their business. \u201cI\u2019m here at this show because someone from China couldn\u2019t make it,\u201d said Bob Schuman, director of marketing and product management at KPM Analytics. A staffer at his firm, which makes specialized instruments for food and agriculture markets",
   "publish_time": "2020-03-09",
   "journal": "C&EN Global Enterprise",
   "WHO #Covidence": "#5818",
   "has_full_text": "False",
   "id": "https://doi.org/10.1021/cen-09809-buscon2"
}