{
   "source_x": "WHO",
   "title": "Containing 2019-nCoV (Wuhan) coronavirus",
   "doi": "10.1007/s10729-020-09504-6",
   "license": "unk",
   "abstract": "The novel coronavirus 2019-nCoV first appeared in December 2019 in Wuhan, China. While most of the initial cases were linked to the Huanan Seafood Wholesale Market, person-to-person transmission has been verified. Given that a vaccine cannot be developed and deployed for at least a year, preventing further transmission relies upon standard principles of containment, two of which are the isolation of known cases and the quarantine of persons believed at high risk of exposure. This note presents probability models for assessing the effectiveness of case isolation and quarantine within a community during the initial phase of an outbreak with illustrations based on early observations from Wuhan.",
   "publish_time": "2020-03-07",
   "authors": [
      "Kaplan, Edward H."
   ],
   "journal": "Health Care Management Science",
   "Microsoft Academic Paper ID": "3004824173",
   "WHO #Covidence": "#4764",
   "has_full_text": "False",
   "id": "https://doi.org/10.1007/s10729-020-09504-6"
}