{
   "source_x": "WHO",
   "title": "How China is planning to go to Mars amid the coronavirus outbreak",
   "doi": "10.1038/d41586-020-00739-5",
   "license": "unk",
   "abstract": "The launch is on track for July, as Europe and Russia announce a two-year delay in their journey to the red planet.",
   "publish_time": "2020-03-01",
   "authors": [
      "Nature"
   ],
   "journal": "Nature",
   "WHO #Covidence": "#7877",
   "has_full_text": "False",
   "id": "https://doi.org/10.1038/d41586-020-00739-5"
}