{
   "source_x": "WHO",
   "title": "Expert Recommendations for Tracheal Intubation in Critically ill Patients with Noval Coronavirus Disease 2019",
   "doi": "10.24920/003724",
   "pubmed_id": "32102726",
   "license": "unk",
   "abstract": "Coronavirus Disease 2019 (COVID-19), caused by a novel coronavirus (SARS-CoV-2), is a highly contagious disease. It firstly appeared in Wuhan, Hubei province of China in December 2019. During the next two months, it moved rapidly throughout China and spread to multiple countries through infected persons travelling by air. Most of the infected patients have mild symptoms including fever, fatigue and cough. But in severe cases, patients can progress rapidly and develop to the acute respiratory distress syndrome, septic shock, metabolic acidosis and coagulopathy. The new coronavirus was reported to spread via droplets, contact and natural aerosols from human-to-human. Therefore, high-risk aerosol-producing procedures such as endotracheal intubation may put the anesthesiologists at high risk of nosocomial infections. In fact, SARS-CoV-2 infection of anesthesiologists after endotracheal intubation for confirmed COVID-19 patients have been reported in hospitals in Wuhan. The expert panel of airway management in Chinese Society of Anaesthesiology has deliberated and drafted this recommendation, by which we hope to guide the performance of endotracheal intubation by frontline anesthesiologists and critical care physicians. During the airway management, enhanced droplet/airborne PPE should be applied to the health care providers. A good airway assessment before airway intervention is of vital importance. For patients with normal airway, awake intubation should be avoided and modified rapid sequence induction is strongly recommended. Sufficient muscle relaxant should be assured before intubation. For patients with difficult airway, good preparation of airway devices and detailed intubation plans should be made.",
   "publish_time": "2020-01-01",
   "authors": [
      "Zuo, M. Z.",
      "Huang, Y. G.",
      "Ma, W. H.",
      "Xue, Z. G.",
      "Zhang, J. Q.",
      "Gong, Y. H.",
      "Che, L."
   ],
   "journal": "cmsj",
   "Microsoft Academic Paper ID": "2017345465",
   "WHO #Covidence": "#3041",
   "has_full_text": "False",
   "id": "https://doi.org/10.24920/003724"
}