{
   "source_x": "WHO",
   "title": "Suspending Classes Without Stopping Learning: China\u2019s Education Emergency Management Policy in the COVID-19 Outbreak",
   "doi": "10.3390/JRFM13030055",
   "license": "unk",
   "abstract": "Against the backdrop of the COVID-19 outbreak, an emergency policy initiative called &ldquo;Suspending Classes Without Stopping Learning&rdquo; was launched by the Chinese government to continue teaching activities as schools across the country were closed to contain the virus. However, there is ambiguity and disagreement about what to teach, how to teach, the workload of teachers and students, the teaching environment, and the implications for education equity. Possible difficulties that the policy faces include: the weakness of the online teaching infrastructure, the inexperience of teachers (including unequal learning outcomes caused by teachers&rsquo; varied experience), the information gap, the complex environment at home, and so forth. To tackle the problems, we suggest that the government needs to further promote the construction of the educational information superhighway, consider equipping teachers and students with standardized home-based teaching/learning equipment, conduct online teacher training, include the development of massive online education in the national strategic plan, and support academic research into online education, especially education to help students with online learning difficulties.",
   "publish_time": "2020-03-13",
   "authors": [
      "Zhang, Wunong",
      "Wang, Yuxin",
      "Yang, Lili",
      "Wang, Chuanyi"
   ],
   "journal": "Journal of Risk and Financial Management",
   "WHO #Covidence": "#8541",
   "has_full_text": "False",
   "id": "https://doi.org/10.3390/JRFM13030055"
}