{
   "sha": "f372f51f79ccda43c3f100af3969e537399a06a1",
   "source_x": "Elsevier",
   "title": "Viral Hepatitis",
   "doi": "10.1016/B978-008055232-3.60928-6",
   "license": "els-covid",
   "abstract": "While \u2026",
   "publish_time": "2007-12-31",
   "authors": [
      "Robotis, J.F.",
      "Boleti, Haralabia"
   ],
   "journal": "xPharm: The Comprehensive Pharmacology Reference",
   "has_full_text": "True",
   "full_text_file": "custom_license",
   "id": "https://doi.org/10.1016/B978-008055232-3.60928-6",
   "fhir_link": [
      "PMC/Composition/f372f51f79ccda43c3f100af3969e537399a06a1"
   ]
}