{
   "source_x": "WHO",
   "title": "The race to unravel the United States\u2019 biggest coronavirus outbreak",
   "license": "unk",
   "abstract": "Rohit Shankar left the virology laboratory at 2 a.m. on Wednesday, and was back at the lab bench by 7 a.m. the same day. \u201cIt\u2019s okay,\u201d he says, \u201cI had a doughnut and a coffee.\u201d Shankar, a medical scientist, and his colleagues at the University of Washington in Seattle are poised to exponentially drive up the number of confirmed cases of the coronavirus disease COVID-19 around the city, in western Washington state. That\u2019s because this week, they began analysing a mountain of nose and throat swabs collected from hospitals in the region. Already, the researchers are seeing clear signs that the virus has infected vastly more people than have been formally detected. Scientists fear coronavirus spread in countries least able to contain it Washington state has become the United States\u2019 ground zero for COVID-19, which has now spread to more than 90 countries worldwide in what seems to be a new and dangerous phase of the outbreak. Washington has declared a state emergency, and ten people there have died from the disease. But the number of confirmed cases in Washington \u2014 70 \u2014 is still an underestimate resulting from a lack of testing, researchers agree. A genomic analysis posted online on 29 February suggested that hundreds of people in western Washington might already be infected. Academic scientists have mostly been prevented from measuring the extent of the US outbreak because of federal rules restricting the number of labs qualified to run diagnostic tests. But that is changing now, and helps account for why the state's caseload jumped from 10 to 70 this week. Dozens of virologists and genomicists have now kicked into high gear in Seattle, dropping or adapting projects to devote resources to the outbreak. Researchers are working around the clock to find out how many people have the disease in the area. Others are analysing genomes to reveal how the virus is transmitted or developing new therapies. The scientists are racing to help Washington avoid the fate of Hubei province in China, where more than 2,900 people have died of COVID-19 so far. The coronavirus emerged in the province\u2019s city Wuhan in December, and the initial response from officials was slow. \u201cWe are past the point of containment,\u201d says Helen Chu, an infectious-disease specialist at the University of Washington School of Medicine (UW Medicine) in Seattle. \u201cSo now we need to keep the people who are vulnerable from getting sick.\u201d",
   "publish_time": "2020",
   "authors": [
      "Maxmen, Amy"
   ],
   "WHO #Covidence": "#4900",
   "has_full_text": "False"
}