{
   "sha": "727602c6861782ad9eb87bfff3fc6824b7008af5",
   "source_x": "PMC",
   "title": "Widespread distribution and a new recombinant species of Brazilian virus associated with cotton blue disease",
   "doi": "10.1186/1743-422X-5-123",
   "pmcid": "PMC2583970",
   "pubmed_id": "18937850",
   "license": "cc-by",
   "abstract": "BACKGROUND: Cotton blue disease (CBD), an important global cotton crop pathology responsible for major economic losses, is prevalent in the major cotton-producing states of Brazil. Typical CBD symptoms include stunting due to internodal shortening, leaf rolling, intense green foliage, and yellowing veins. Atypical CBD symptoms, including reddish and withered leaves, were also observed in Brazilian cotton fields in 2007. Recently, a Polerovirus named Cotton leafroll dwarf virus (CLRDV) was shown to be associated with CBD. RESULTS: To understand the distribution and genetic diversity of CLRDV in Brazil, we analyzed 23 CBD-symptomatic plants from susceptible cotton varieties originating from five of the six most important cotton-growing states, from 2004\u20132007. Here, we report on CLRDV diversity in plants with typical or atypical CBD symptoms by comparing viral coat protein, RNA polymerase (RdRp), and intergenic region genomic sequences. CONCLUSION: The virus had a widespread distribution with a low genetic diversity; however, three divergent isolates were associated with atypical CBD symptoms. These divergent isolates had a CLRDV-related coat protein but a distinct RdRp sequence, and probably arose from recombination events. Based on the taxonomic rules for the family Luteoviridae, we propose that these three isolates represent isolates of a new species in the genus Polerovirus.",
   "publish_time": "2008 Oct 20",
   "authors": [
      "Silva, TF",
      "Corr\u00eaa, RL",
      "Castilho, Y",
      "Silvie, P",
      "B\u00e9lot, J-L",
      "Vaslin, MFS"
   ],
   "journal": "Virol J",
   "has_full_text": "True",
   "full_text_file": "comm_use_subset",
   "id": "https://doi.org/10.1186/1743-422X-5-123",
   "pubtator": "PMC2583970",
   "fhir_link": [
      "Commercial/Composition/727602c6861782ad9eb87bfff3fc6824b7008af5"
   ]
}