{
   "sha": "6fded905459e05a94147a83debeef8c4754f5263",
   "source_x": "Elsevier",
   "title": "Appendix A Emergency Preparedness, Response & Recovery Checklist Beyond the Emergency Management Plan",
   "doi": "10.1016/B978-012088440-7/50026-4",
   "license": "els-covid",
   "abstract": "Unknown",
   "publish_time": "2006-12-31",
   "authors": [
      "Belmont, Elisabeth",
      "Fried, Bruce Merlin",
      "Gonen, Julianna S.",
      "Murphy, Anne M.",
      "Sconyers, Jeffrey M.",
      "Zinder, Susan F."
   ],
   "journal": "Hospital Preparation for Bioterror",
   "has_full_text": "True",
   "full_text_file": "custom_license",
   "id": "https://doi.org/10.1016/B978-012088440-7/50026-4",
   "fhir_link": [
      "PMC/Composition/6fded905459e05a94147a83debeef8c4754f5263"
   ]
}