{
   "sha": "408c98fbba5d5584cc7fda96ec9b307d1cbd73bc",
   "source_x": "PMC",
   "title": "Recombinant porcine rotavirus VP4 and VP4-LTB expressed in Lactobacillus casei induced mucosal and systemic antibody responses in mice",
   "doi": "10.1186/1471-2180-9-249",
   "pmcid": "PMC2797526",
   "pubmed_id": "19958557",
   "license": "cc-by",
   "abstract": "BACKGROUND: Porcine rotavirus infection is a significant cause of morbidity and mortality in the swine industry necessitating the development of effective vaccines for the prevention of infection. Immune responses associated with protection are primarily mucosal in nature and induction of mucosal immunity is important for preventing porcine rotavirus infection. RESULTS: Lactobacillus casei expressing the major protective antigen VP4 of porcine rotavirus (pPG612.1-VP4) or VP4-LTB (heat-labile toxin B subunit from Echerichia coli) (pPG612.1-VP4-LTB) fusion protein was used to immunize mice orally. The expression of recombinant pPG612.1-VP4 and pPG612.1-VP4-LTB was confirmed by SDS-PAGE and Western blot analysis and surface-displayed expression on L. casei was verified by immunofluorescence. Mice orally immunized with recombinant protein-expressing L. casei produced high levels of serum immunoglobulin G (IgG) and mucosal IgA. The IgA titters from mice immunized with pPG612.1-VP4-LTB were higher than titters from pPG612.1-VP4-immunized mice. The induced antibodies demonstrated neutralizing effects on RV infection. CONCLUSION: These results demonstrated that VP4 administered in the context of an L. casei expression system is an effective method for stimulating mucosal immunity and that LTB served to further stimulate mucosal immunity suggesting that this strategy can be adapted for use in pigs.",
   "publish_time": "2009 Dec 4",
   "authors": [
      "Qiao, Xinyuan",
      "Li, Guiwei",
      "Wang, Xiangqing",
      "Li, Xiaojing",
      "Liu, Min",
      "Li, Yijing"
   ],
   "journal": "BMC Microbiol",
   "has_full_text": "True",
   "full_text_file": "comm_use_subset",
   "id": "https://doi.org/10.1186/1471-2180-9-249",
   "pubtator": "PMC2797526",
   "fhir_link": [
      "Commercial/Composition/408c98fbba5d5584cc7fda96ec9b307d1cbd73bc"
   ]
}