{
   "sha": "c6fde7aab8fedbe212cac83d89064d4fb74089b9",
   "source_x": "PMC",
   "title": "Emerging Technologies for the Detection of Rabies Virus: Challenges and Hopes in the 21st Century",
   "doi": "10.1371/journal.pntd.0000530",
   "pmcid": "PMC2745658",
   "pubmed_id": "19787037",
   "license": "cc-by",
   "abstract": "The diagnosis of rabies is routinely based on clinical and epidemiological information, especially when exposures are reported in rabies-endemic countries. Diagnostic tests using conventional assays that appear to be negative, even when undertaken late in the disease and despite the clinical diagnosis, have a tendency, at times, to be unreliable. These tests are rarely optimal and entirely dependent on the nature and quality of the sample supplied. In the course of the past three decades, the application of molecular biology has aided in the development of tests that result in a more rapid detection of rabies virus. These tests enable viral strain identification from clinical specimens. Currently, there are a number of molecular tests that can be used to complement conventional tests in rabies diagnosis. Indeed the challenges in the 21st century for the development of rabies diagnostics are not of a technical nature; these tests are available now. The challenges in the 21st century for diagnostic test developers are two-fold: firstly, to achieve internationally accepted validation of a test that will then lead to its acceptance by organisations globally. Secondly, the areas of the world where such tests are needed are mainly in developing regions where financial and logistical barriers prevent their implementation. Although developing countries with a poor healthcare infrastructure recognise that molecular-based diagnostic assays will be unaffordable for routine use, the cost/benefit ratio should still be measured. Adoption of rapid and affordable rabies diagnostic tests for use in developing countries highlights the importance of sharing and transferring technology through laboratory twinning between the developed and the developing countries. Importantly for developing countries, the benefit of molecular methods as tools is the capability for a differential diagnosis of human diseases that present with similar clinical symptoms. Antemortem testing for human rabies is now possible using molecular techniques. These barriers are not insurmountable and it is our expectation that if such tests are accepted and implemented where they are most needed, they will provide substantial improvements for rabies diagnosis and surveillance. The advent of molecular biology and new technological initiatives that combine advances in biology with other disciplines will support the development of techniques capable of high throughput testing with a low turnaround time for rabies diagnosis.",
   "publish_time": "2009 Sep 29",
   "authors": [
      "Fooks, Anthony R.",
      "Johnson, Nicholas",
      "Freuling, Conrad M.",
      "Wakeley, Philip R.",
      "Banyard, Ashley C.",
      "McElhinney, Lorraine M.",
      "Marston, Denise A.",
      "Dastjerdi, Akbar",
      "Wright, Edward",
      "Weiss, Robin A.",
      "M\u00fcller, Thomas"
   ],
   "journal": "PLoS Negl Trop Dis",
   "has_full_text": "True",
   "full_text_file": "comm_use_subset",
   "id": "https://doi.org/10.1371/journal.pntd.0000530",
   "pubtator": "PMC2745658",
   "fhir_link": [
      "Commercial/Composition/c6fde7aab8fedbe212cac83d89064d4fb74089b9"
   ]
}