{
   "sha": "a2a3dc6aa69523e675be4da231484d0c9803eee8",
   "source_x": "Elsevier",
   "title": "CHAPTER 32 Enteric Viral Disease",
   "doi": "10.1016/B978-012195160-3/50033-9",
   "license": "els-covid",
   "publish_time": "2000-12-31",
   "authors": [
      "Craighead, John E."
   ],
   "journal": "Pathology and Pathogenesis of Human Viral Disease",
   "has_full_text": "True",
   "full_text_file": "custom_license",
   "id": "https://doi.org/10.1016/B978-012195160-3/50033-9",
   "fhir_link": [
      "PMC/Composition/a2a3dc6aa69523e675be4da231484d0c9803eee8"
   ]
}