{
   "source_x": "PMC",
   "title": "Epidemiology and viral etiologies of Severe Acute Respiratory Infections (SARI) in the Northern Vietnam",
   "pmcid": "PMC3019434",
   "license": "cc-by",
   "publish_time": "2011 Jan 10",
   "authors": [
      "Hien, Nguyen Tran",
      "Thi Thuong, Nguyen",
      "Thiem, Vu Dinh",
      "Minh, Nguyen Quang",
      "Duong, Tran Nhu"
   ],
   "journal": "BMC Proc",
   "has_full_text": "False",
   "full_text_file": "comm_use_subset",
   "id": "https://www.ncbi.nlm.nih.gov/pmc/articles/PMC3019434",
   "pubtator": "PMC3019434"
}