{
   "sha": "fd521d37325a60e6ed92aa9bcf4541b9a68ee90e",
   "source_x": "PMC",
   "title": "Identification of CD8(+ )cytotoxic T lymphocyte epitopes from porcine reproductive and respiratory syndrome virus matrix protein in BALB/c mice",
   "doi": "10.1186/1743-422X-8-263",
   "pmcid": "PMC3126774",
   "pubmed_id": "21619712",
   "license": "cc-by",
   "abstract": "Twenty-seven nanopeptides derived from the matrix (M) protein of porcine reproductive and respiratory syndrome virus (PRRSV) were screened for their ability to elicit a recall interferon-\u03b3 (IFN-\u03b3) response from the splenocytes of BALB/c mice following DNA vaccination and a booster vaccination with recombinant vaccinia virus rWR-PRRSV-M. We identified two peptides (amino acid residues K(93)FITSRCRL and F(57)GYMTFVHF) as CD8(+ )cytotoxic T lymphocyte (CTL) epitopes. These peptides elicited significant numbers of IFN-\u03b3 secreting cells, compared with other M nonapeptides and one irrelevant nonapeptide. Bioinformatics analysis showed that the former is an H-2K(d)-restricted CTL epitope, and the latter is an H-2D(d)-restricted CTL epitope. Multiple amino acid sequence alignment among different PRRSV M sequences submitted to GenBank indicated that these two CTL epitopes are strongly conserved, and they should therefore be considered for further research on the mechanisms of cellular immune responses to PRRSV.",
   "publish_time": "2011 May 30",
   "authors": [
      "Zhang, Weijun",
      "Lin, Yan",
      "Bai, Yu",
      "Tong, Tiegang",
      "Wang, Qun",
      "Liu, Nihong",
      "Liu, Guangliang",
      "Xiao, Yihong",
      "Yang, Tao",
      "Bu, Zhigao",
      "Tong, Guangzhi",
      "Wu, Donglai"
   ],
   "journal": "Virol J",
   "has_full_text": "True",
   "full_text_file": "comm_use_subset",
   "id": "https://doi.org/10.1186/1743-422X-8-263",
   "pubtator": "PMC3126774",
   "fhir_link": [
      "Commercial/Composition/fd521d37325a60e6ed92aa9bcf4541b9a68ee90e"
   ]
}