{
   "sha": "2d32032f8498219617634b8b4e5f5c7d214d2ebb",
   "source_x": "PMC",
   "title": "The usefulness of case reports in managing emerging infectious disease",
   "doi": "10.1186/1752-1947-5-194",
   "pmcid": "PMC3113999",
   "pubmed_id": "21599907",
   "license": "cc-by",
   "abstract": "Emerging infectious diseases are an important problem in medicine. Case reports usually document episodes in the early emerging phase or in a small outbreak. Although the case report is considered weak evidence in medical literature, it is usually the first report when there is a new emerging infectious disease. There is no doubt that case reports can provide useful information for further case series, reviews and studies. This editorial focuses on the usefulness of the case report on emerging infectious disease to the medical society. Publication in this area is highly welcomed by the journal and can serve as a future point of reference.",
   "publish_time": "2011 May 20",
   "authors": [
      "Wiwanitkit, Viroj"
   ],
   "journal": "J Med Case Reports",
   "has_full_text": "True",
   "full_text_file": "comm_use_subset",
   "id": "https://doi.org/10.1186/1752-1947-5-194",
   "pubtator": "PMC3113999",
   "fhir_link": [
      "Commercial/Composition/2d32032f8498219617634b8b4e5f5c7d214d2ebb"
   ]
}