{
   "sha": "c916747a33f9b4a986dd0e4a4b853db6814b74f9",
   "source_x": "PMC",
   "title": "A General Strategy to Endow Natural Fusion-protein-Derived Peptides with Potent Antiviral Activity",
   "doi": "10.1371/journal.pone.0036833",
   "pmcid": "PMC3353973",
   "pubmed_id": "22666328",
   "license": "cc-by",
   "abstract": "Fusion between the viral and target cell membranes is an obligatory step for the infectivity of all enveloped virus, and blocking this process is a clinically validated therapeutic strategy. Viral fusion is driven by specialized proteins which, although specific to each virus, act through a common mechanism, the formation of a complex between two heptad repeat (HR) regions. The HR regions are initially separated in an intermediate termed \u201cprehairpin\u201d, which bridges the viral and cell membranes, and then fold onto each other to form a 6-helical bundle (6HB), driving the two membranes to fuse. HR-derived peptides can inhibit viral infectivity by binding to the prehairpin intermediate and preventing its transition to the 6HB. The antiviral activity of HR-derived peptides differs considerably among enveloped viruses. For weak inhibitors, potency can be increased by peptide engineering strategies, but sequence-specific optimization is time-consuming. In seeking ways to increase potency without changing the native sequence, we previously reported that attachment to the HR peptide of a cholesterol group (\u201dcholesterol-tagging\u201d) dramatically increases its antiviral potency, and simultaneously increases its half-life in vivo. We show here that antiviral potency may be increased by combining cholesterol-tagging with dimerization of the HR-derived sequence, using as examples human parainfluenza virus, Nipah virus, and HIV-1. Together, cholesterol-tagging and dimerization may represent strategies to boost HR peptide potency to levels that in some cases may be compatible with in vivo use, possibly contributing to emergency responses to outbreaks of existing or novel viruses.",
   "publish_time": "2012 May 16",
   "authors": [
      "Pessi, Antonello",
      "Langella, Annunziata",
      "Capit\u00f2, Elena",
      "Ghezzi, Silvia",
      "Vicenzi, Elisa",
      "Poli, Guido",
      "Ketas, Thomas",
      "Mathieu, Cyrille",
      "Cortese, Riccardo",
      "Horvat, Branka",
      "Moscona, Anne",
      "Porotto, Matteo"
   ],
   "journal": "PLoS One",
   "has_full_text": "True",
   "full_text_file": "comm_use_subset",
   "id": "https://doi.org/10.1371/journal.pone.0036833",
   "pubtator": "PMC3353973",
   "fhir_link": [
      "Commercial/Composition/c916747a33f9b4a986dd0e4a4b853db6814b74f9"
   ]
}