{
   "sha": "bc5761e9d769b9fb1e723e1932ee3c5d4e21bd0a",
   "source_x": "PMC",
   "title": "Stimulation with a class A CpG oligonucleotide enhances resistance to infection with feline viruses from five different families",
   "doi": "10.1186/1297-9716-43-60",
   "pmcid": "PMC3537549",
   "pubmed_id": "22906110",
   "license": "cc-by",
   "abstract": "Domestic cats are commonly affected by viral pathogens that induce lengthy infections with fatal outcomes. Prevention of viral propagation is of primordial importance in shelters and catteries, where cats from different backgrounds have narrow contacts. Oligonucleotides (ODN) containing cytosine-phosphate-guanosine motifs of class A (CpG-A) are highly potent synthetic inducers of innate antiviral mechanisms. The aim of this study was to test their ability to modulate innate immune responses and prevent viral replication as stand-alone agents in the domestic cat. CpG-A stimulation of feline peripheral blood mononuclear cells (PBMCs) enhanced their proliferation, increased the presence of co-stimulatory molecules on their surface and influenced their gene expression profiles in an antiviral orientation. Incubation of the supernatants of CpG-A stimulated PBMCs with feline cell lines of epithelial and fibroblastic origin induced expression of the antiviral myxovirus resistance (Mx) gene in these target cells, which also showed enhanced resistance to feline viruses from five distinct families, namely Coronaviridae, Herpesviridae, Caliciviridae, Parvoviridae, and Retroviridae. Most importantly, subcutaneous administration of CpG-A in domestic cats systemically increased the expression of Mx, reaching maximal levels within 24 h. Plasma from treated cats could furthermore inhibit viral replication in vitro. Altogether, our data highlight the promising potential of CpG-A to induce a preventive antiviral state in the cat and to protect feline populations against a broad range of virus infections.",
   "publish_time": "2012 Aug 20",
   "authors": [
      "Robert-Tissot, C\u00e9line",
      "R\u00fcegger, Vera L",
      "Cattori, Valentino",
      "Meli, Marina L",
      "Riond, Barbara",
      "Moore, Peter F",
      "Engels, Monika",
      "Franchini, Marco",
      "Hofmann-Lehmann, Regina",
      "Lutz, Hans"
   ],
   "journal": "Vet Res",
   "has_full_text": "True",
   "full_text_file": "comm_use_subset",
   "id": "https://doi.org/10.1186/1297-9716-43-60",
   "pubtator": "PMC3537549",
   "fhir_link": [
      "Commercial/Composition/bc5761e9d769b9fb1e723e1932ee3c5d4e21bd0a"
   ]
}