{
   "sha": "09561ed721369a7a9e077f7bea9022499c12b13d",
   "source_x": "PMC",
   "title": "Estimating the reproductive number in the presence of spatial heterogeneity of transmission patterns",
   "doi": "10.1186/1476-072X-12-35",
   "pmcid": "PMC3735474",
   "pubmed_id": "23890514",
   "license": "cc-by",
   "abstract": "BACKGROUND: Estimates of parameters for disease transmission in large-scale infectious disease outbreaks are often obtained to represent large groups of people, providing an average over a potentially very diverse area. For control measures to be more effective, a measure of the heterogeneity of the parameters is desirable. METHODS: We propose a novel extension of a network-based approach to estimating the reproductive number. With this we can incorporate spatial and/or demographic information through a similarity matrix. We apply this to the 2009 Influenza pandemic in South Africa to understand the spatial variability across provinces. We explore the use of five similarity matrices to illustrate their impact on the subsequent epidemic parameter estimates. RESULTS: When treating South Africa as a single entity with homogeneous transmission characteristics across the country, the basic reproductive number, R(0), (and imputation range) is 1.33 (1.31, 1.36). When fitting a new model for each province with no inter-province connections this estimate varies little (1.23-1.37). Using the proposed method with any of the four similarity measures yields an overall R(0) that varies little across the four new models (1.33 to 1.34). However, when allowed to vary across provinces, the estimated R(0) is greater than one consistently in only two of the nine provinces, the most densely populated provinces of Gauteng and Western Cape. CONCLUSIONS: Our results suggest that the spatial heterogeneity of influenza transmission was compelling in South Africa during the 2009 pandemic. This variability makes a qualitative difference in our understanding of the epidemic. While the cause of this fluctuation might be partially due to reporting differences, there is substantial evidence to warrant further investigation.",
   "publish_time": "2013 Jul 26",
   "authors": [
      "White, Laura F",
      "Archer, Brett",
      "Pagano, Marcello"
   ],
   "journal": "Int J Health Geogr",
   "has_full_text": "True",
   "full_text_file": "comm_use_subset",
   "id": "https://doi.org/10.1186/1476-072X-12-35",
   "pubtator": "PMC3735474",
   "fhir_link": [
      "Commercial/Composition/09561ed721369a7a9e077f7bea9022499c12b13d"
   ]
}