{
   "sha": "6a54a1fdb5e1476e36b632b0fb061da5b3b69b5c",
   "source_x": "PMC",
   "title": "Prevalence of Herpes and Respiratory Viruses in Induced Sputum among Hospitalized Children with Non Typical Bacterial Community-Acquired Pneumonia",
   "doi": "10.1371/journal.pone.0079477",
   "pmcid": "PMC3832587",
   "pubmed_id": "24260230",
   "license": "cc-by",
   "abstract": "OBJECTIVE: Few comprehensive studies have searched for viruses in infants and young children with community-acquired pneumonia (CAP) in China. The aim of this study was to investigate the roles of human herpes viruses (HHVs) and other respiratory viruses in CAP not caused by typical bacterial infection and to determine their prevalence and clinical significance. METHODS: Induced sputum (IS) samples were collected from 354 hospitalised patients (infants, n = 205; children, n = 149) with respiratory illness (CAP or non-CAP) admitted to Wenling Hospital of China. We tested for HHVs and respiratory viruses using PCR-based assays. The epidemiological profiles were also analysed. RESULTS: High rate of virus detection (more than 98%) and co-infection (more than 80%) were found among IS samples from 354 hospitalised infants and children with respiratory illness in this study. Of 273 CAP samples tested, CMV (91.6%), HHV-6 (50.9%), RSV (37.4%), EBV (35.5%), HBoV (28.2%), HHV-7 (18.3%) and rhinovirus (17.2%) were the most commonly detected viruses. Of 81 non- CAP samples tested, CMV (63%), RSV (49.4%), HHV-6 (42%), EBV (24.7%), HHV-7 (13.6%) and HBoV (8.6%) were the dominant viruses detected. The prevalence of several viral agents (rhinovirus, bocavirus, adenovirus and CMV) among IS samples of CAP were significantly higher than that of non-CAP control group. We also found the prevalence of RSV coinfection with HHVs was also higher among CAP group than that of non-CAP control. CONCLUSIONS: With sensitive molecular detection techniques and IS samples, high rates of viral identification were achieved in infants and young children with respiratory illness in a rural area of China. The clinical significance of rhinovirus, bocavirus, adenovirus and HHV (especially CMV) infections should receive greater attention in future treatment and prevention studies of CAP in infants and children.",
   "publish_time": "2013 Nov 18",
   "authors": [
      "Zhou, Weimin",
      "Lin, Feng",
      "Teng, Lingfang",
      "Li, Hua",
      "Hou, Jianyi",
      "Tong, Rui",
      "Zheng, Changhua",
      "Lou, Yongliang",
      "Tan, Wenjie"
   ],
   "journal": "PLoS One",
   "has_full_text": "True",
   "full_text_file": "comm_use_subset",
   "id": "https://doi.org/10.1371/journal.pone.0079477",
   "pubtator": "PMC3832587",
   "fhir_link": [
      "Commercial/Composition/6a54a1fdb5e1476e36b632b0fb061da5b3b69b5c"
   ]
}