{
   "sha": "70542f1f1a2ced1e26658f62372e882da4c2b366",
   "source_x": "PMC",
   "title": "Effectiveness of cough etiquette maneuvers in disrupting the chain of transmission of infectious respiratory diseases",
   "doi": "10.1186/1471-2458-13-811",
   "pmcid": "PMC3846148",
   "pubmed_id": "24010919",
   "license": "cc-by",
   "abstract": "BACKGROUND: The effectiveness of recommended measures, such as \u201ccover your mouth when coughing\u201d, in disrupting the chain of transmission of infectious respiratory diseases (IRD) has been questioned. The objective of the current study was to determine the effectiveness of simple primary respiratory hygiene/cough etiquette maneuvers in blocking droplets expelled as aerosol during coughing. METHOD: In this study, 31 healthy non-smokers performed cough etiquette maneuvers in an effort to cover their voluntarily elicited best effort coughs in an open bench format. A laser diffraction system was used to obtain accurate, non-invasive, quantitative, real time measurements of the size and number of droplets emitted during the assessed cough etiquette maneuvers. RESULTS: Recommended cough etiquette maneuvers did not block the release and dispersion of a variety of different diameter droplets to the surrounding environment. Droplets smaller than one-micron size dominate the total number of droplets leaked when practicing assessed maneuvers. CONCLUSIONS: All the assessed cough etiquette maneuvers, performed as recommended, do not block droplets expelled as aerosol when coughing. This aerosol can penetrate profound levels of the respiratory system. Practicing these assessed primary respiratory hygiene/cough etiquette maneuvers would still permit direct, indirect, and/or airborne transmission and spread of IRD, such as influenza and Tuberculosis. All the assessed cough etiquette maneuvers, as recommended, do not fully interrupt the chain of transmission of IRD. This knowledge urges us all to critically review recommended CE and to search for new evidence-based procedures that effectively disrupt the transmission of respiratory pathogens. Interrupting the chain of transmission of IRD will optimize the protection of first responders, paramedics, nurses, and doctors working in triage sites, emergency rooms, intensive care units, and the general public against cough-droplet-spread diseases.",
   "publish_time": "2013 Sep 8",
   "authors": [
      "Zayas, Gustavo",
      "Chiang, Ming C",
      "Wong, Eric",
      "MacDonald, Fred",
      "Lange, Carlos F",
      "Senthilselvan, Ambikaipakan",
      "King, Malcolm"
   ],
   "journal": "BMC Public Health",
   "has_full_text": "True",
   "full_text_file": "comm_use_subset",
   "id": "https://doi.org/10.1186/1471-2458-13-811",
   "pubtator": "PMC3846148",
   "fhir_link": [
      "Commercial/Composition/70542f1f1a2ced1e26658f62372e882da4c2b366"
   ]
}