{
   "sha": "b45e94d7cf1a4ac89b45053ce5a24f03984f8e24",
   "source_x": "PMC",
   "title": "Association of Radiologic Findings with Mortality in Patients with Avian Influenza H7N9 Pneumonia",
   "doi": "10.1371/journal.pone.0093885",
   "pmcid": "PMC3976364",
   "pubmed_id": "24705783",
   "license": "cc-by",
   "abstract": "BACKGROUND: The novel H7N9 virus causes severe illness, including pneumonia and acute respiratory distress syndrome, with high rates of mortality. We investigated the association of initial radiologic characteristics obtained at admission with clinical outcomes in patients with avian influenza H7N9 pneumonia. METHODS: Demographics, comorbidities, clinical findings, radiologic appearance and scores of the affected lung parenchyma were compared between survivor group (n = 15) and mortality group (n = 7). Two radiologic scores were calculated, one using chest radiography and one using CT. Follow-up CT scans at discharge were analyzed in 12 patients of the survival group. RESULTS: All the patients in mortality group developed acute respiratory distress syndrome and required mechanical ventilation, while in the survival group 33% (5/15) developed acute respiratory distress syndrome (P<0.05) and 27% (4/15) required mechanical ventilation (P<0.05). The mean radiographic and CT scores of the mortality group were 50% higher compared to the survival group (P<0.05). ROC analysis revealed an area under curve of 0.738 for the radiographic score with an optimal cutoff value of a score of 19 for prediction of mortality, with a sensitivity of 71% and a specificity of 67%, and an area under curve of 0.833 for the CT score with an optimal cutoff value of a CT score of 21 for prediction of mortality, with a sensitivity of 86% and a specificity of 73%. The mean CT score of the affected lung parenchyma at discharge was 30% lower than the initial CT examination (P<0.05). CONCLUSION: High initial radiologic score is associated with mortality in patients with avian influenza H7N9 pneumonia.",
   "publish_time": "2014 Apr 4",
   "authors": [
      "Feng, Feng",
      "Jiang, Yebin",
      "Yuan, Min",
      "Shen, Jie",
      "Yin, Huabin",
      "Geng, Daoying",
      "Xu, Jianrong",
      "Hua, Yanqing",
      "Shi, Jingyun",
      "Shi, Yuxin",
      "Zhang, Zhiyong"
   ],
   "journal": "PLoS One",
   "has_full_text": "True",
   "full_text_file": "comm_use_subset",
   "id": "https://doi.org/10.1371/journal.pone.0093885",
   "pubtator": "PMC3976364",
   "fhir_link": [
      "Commercial/Composition/b45e94d7cf1a4ac89b45053ce5a24f03984f8e24"
   ]
}