{
   "sha": "8c43b5c8a56828ee5687a2b572dc05333c2815a0",
   "source_x": "PMC",
   "title": "Highlights from the 2014 International Symposium on HIV & Emerging Infectious Diseases (ISHEID): from cART management to the end of the HIV pandemic",
   "doi": "10.1186/1742-6405-11-28",
   "pmcid": "PMC4145833",
   "pubmed_id": "25165483",
   "license": "cc-by",
   "abstract": "The 2014 International Symposium on HIV and Emerging Infectious Diseases (ISHEID) provided a forum for investigators to hear the latest research developments in the clinical management of HIV and HCV infections as well as HIV cure research. Combined anti-retroviral therapy (c-ART) has had a profound impact on the disease prognosis and transformed this infection into a chronic disease. However, HIV is able to persist within the infected host and the pandemic is still growing. The main 2014 ISHEID theme was, hence \u201cTogether for a world without HIV and AIDS\u201d. In this report we not only give details on this main topic but also summarize what has been discussed in the areas of HCV coinfection and present a short summary on currently emerging viral diseases.",
   "publish_time": "2014 Aug 21",
   "authors": [
      "Lafeuillade, Alain",
      "Wainberg, Mark",
      "Gougeon, Marie-Lise",
      "Loes, Sabine Kinloch-de",
      "Halfon, Philippe",
      "Tissot-Dupont, Herv\u00e9"
   ],
   "journal": "AIDS Res Ther",
   "has_full_text": "True",
   "full_text_file": "comm_use_subset",
   "id": "https://doi.org/10.1186/1742-6405-11-28",
   "pubtator": "PMC4145833",
   "fhir_link": [
      "Commercial/Composition/8c43b5c8a56828ee5687a2b572dc05333c2815a0"
   ]
}