{
   "sha": "78208703f7f2c5eb00102d2db1a51792930c6622",
   "source_x": "Elsevier",
   "title": "CHAPTER 13 Retrovirus Evolution",
   "doi": "10.1016/B978-0-12-374153-0.00013-8",
   "license": "els-covid",
   "abstract": "ABSTRACT Retroviruses manifest a very rich ensemble of genome structures. The evolution of retroviruses varies enormously, with fixation rates varying by as much as a million fold. The emergence of novel genome structures follows remorselessly with the fixation of point mutations and is most apparent for the lentivirus subgroup that has burst on the scene recently. Accordingly, bio-logic suggests that new genome structures will emerge among the lentiviruses, most notably HIV-1.",
   "publish_time": "2008-12-31",
   "authors": [
      "Wain-Hobson, Simon"
   ],
   "journal": "Origin and Evolution of Viruses",
   "has_full_text": "True",
   "full_text_file": "custom_license",
   "id": "https://doi.org/10.1016/B978-0-12-374153-0.00013-8",
   "fhir_link": [
      "PMC/Composition/78208703f7f2c5eb00102d2db1a51792930c6622"
   ]
}