{
   "sha": "7a6456acf2a0eda491acf31d4887daf43a25ca27",
   "source_x": "PMC",
   "title": "Comparative pathology of pigs infected with Korean H1N1, H1N2, or H3N2 swine influenza A viruses",
   "doi": "10.1186/1743-422X-11-170",
   "pmcid": "PMC4190492",
   "pubmed_id": "25253051",
   "license": "cc-by",
   "abstract": "BACKGROUND: The predominant subtypes of swine influenza A virus (SIV) in Korea swine population are H1N1, H1N2, and H3N2. The viruses are genetically close to the classical U.S. H1N1 and triple-reassortant H1N2 and H3N2 viruses, respectively. Comparative pathogenesis caused by Korean H1N1, H1N2, and H3N2 SIV was evaluated in this study. FINDINGS: The H3N2 infected pigs had severe scores of gross and histopathological lesions at post-inoculation days (PID) 2, and this then progressively decreased. Both the H1N1 and H1N2 infected pigs lacked gross lesions at PID 2, but they showed moderate to severe pneumonia on PID 4, 7 and 14. The pigs infected with H1N1 had significant scores of gross and histopathological lesions when compared with the other pigs infected with H1N2, H3N2, and mock at PID 14. Mean SIV antigen-positive scores were rarely detected for pigs infected with H1N2 and H3N2 from PID 7, whereas a significantly increased amount of viral antigens were found in the bronchioles and alveolar epithelium of the H1N1infected pigs at PID 14. CONCLUSIONS: We demonstrated that Korean SIV subtypes had different pulmonary pathologic patterns. The Korean H3N2 rapidly induced acute lung lesions such as broncho-interstitial pneumonia, while the Korean H1N1 showed longer course of infection as compared to other strains.",
   "publish_time": "2014 Sep 24",
   "authors": [
      "Lyoo, Kwang-Soo",
      "Kim, Jeong-Ki",
      "Jung, Kwonil",
      "Kang, Bo-Kyu",
      "Song, Daesub"
   ],
   "journal": "Virol J",
   "has_full_text": "True",
   "full_text_file": "comm_use_subset",
   "id": "https://doi.org/10.1186/1743-422X-11-170",
   "pubtator": "PMC4190492",
   "fhir_link": [
      "Commercial/Composition/7a6456acf2a0eda491acf31d4887daf43a25ca27"
   ]
}