{
   "sha": "6973170d4c8d9576b0e3bfd8391e907d779ee355",
   "source_x": "PMC",
   "title": "RPI-Pred: predicting ncRNA-protein interaction using sequence and structural information",
   "doi": "10.1093/nar/gkv020",
   "pmcid": "PMC4330382",
   "pubmed_id": "25609700",
   "license": "cc-by",
   "abstract": "RNA-protein complexes are essential in mediating important fundamental cellular processes, such as transport and localization. In particular, ncRNA-protein interactions play an important role in post-transcriptional gene regulation like mRNA localization, mRNA stabilization, poly-adenylation, splicing and translation. The experimental methods to solve RNA-protein interaction prediction problem remain expensive and time-consuming. Here, we present the RPI-Pred (RNA-protein interaction predictor), a new support-vector machine-based method, to predict protein-RNA interaction pairs, based on both the sequences and structures. The results show that RPI-Pred can correctly predict RNA-protein interaction pairs with \u223c94% prediction accuracy when using sequence and experimentally determined protein and RNA structures, and with \u223c83% when using sequences and predicted protein and RNA structures. Further, our proposed method RPI-Pred was superior to other existing ones by predicting more experimentally validated ncRNA-protein interaction pairs from different organisms. Motivated by the improved performance of RPI-Pred, we further applied our method for reliable construction of ncRNA-protein interaction networks. The RPI-Pred is publicly available at: http://ctsb.is.wfubmc.edu/projects/rpi-pred.",
   "publish_time": "2015 Feb 18",
   "authors": [
      "Suresh, V.",
      "Liu, Liang",
      "Adjeroh, Donald",
      "Zhou, Xiaobo"
   ],
   "journal": "Nucleic Acids Res",
   "has_full_text": "True",
   "full_text_file": "comm_use_subset",
   "id": "https://doi.org/10.1093/nar/gkv020",
   "pubtator": "PMC4330382",
   "fhir_link": [
      "Commercial/Composition/6973170d4c8d9576b0e3bfd8391e907d779ee355"
   ]
}