{
   "sha": "e0420c2c3b0fca704458c37503f43e61827ff07d",
   "source_x": "Elsevier",
   "title": "Recombination",
   "doi": "10.1016/B978-012374410-4.00545-8",
   "license": "els-covid",
   "abstract": "Genetic recombination of viruses is a commonly found phenomenon in both DNA and RNA viruses. By exchanging of fragments of genetic material viruses gain important means leading to both variability and also to the repair of their genome. Biochemically, the processes of DNA and RNA recombination are different reflecting the specifics of DNA versus RNA replication as well as their use inside the cell. A variety of recombination mechanisms are discussed and illustrated by examples taken from specific viral species.",
   "publish_time": "2008-12-31",
   "authors": [
      "Bujarski, J.J."
   ],
   "journal": "Encyclopedia of Virology",
   "has_full_text": "True",
   "full_text_file": "custom_license",
   "id": "https://doi.org/10.1016/B978-012374410-4.00545-8",
   "fhir_link": [
      "PMC/Composition/e0420c2c3b0fca704458c37503f43e61827ff07d"
   ]
}