{
   "sha": "5c8e391286fba644689754596eaf50c7f32b5a99",
   "source_x": "PMC",
   "title": "Molecular Typing and Epidemiology Profiles of Human Adenovirus Infection among Paediatric Patients with Severe Acute Respiratory Infection in China",
   "doi": "10.1371/journal.pone.0123234",
   "pmcid": "PMC4391708",
   "pubmed_id": "25856575",
   "license": "cc-by",
   "abstract": "BACKGROUND: Human adenoviruses (HAdVs) have been recognised as pathogens that cause a broad spectrum of diseases. The studies on HAdV infection among children with severe acute respiratory infection (SARI) are limited. OBJECTIVE: To investigate the prevalence, epidemiology, and genotype of HAdV among children with SARI in China. STUDY DESIGN: Nasopharyngeal aspirates (NPAs) or induced sputum (IS) was collected from hospitalised children with SARIs in Beijing (representing Northern China; n = 259) and Zhejiang Province (representing Eastern China; n = 293) from 2007 to 2010. The prevalence of HAdV was screened by polymerase chain reaction (PCR), followed by sequence typing of PCR fragments that targeted the second half of the hexon gene. In addition, co-infection with other human respiratory viruses, related epidemiological profiles and clinical presentations were investigated. RESULTS AND CONCLUSIONS: In total, 76 (13.8%) of 552 SARI patients were positive for HAdV, and the infection rates of HAdV in Northern and Eastern China were 20.1% (n = 52) and 8.2% (n = 24), respectively. HAdV co-infection with other respiratory viruses was frequent (infection rates: Northern China, 90.4%; Eastern China, 70.8%). The peak seasons for HAdV-B infection was winter and spring. Additionally, members of multiple species (Human mastadenovirus B, C, D and E) were circulating among paediatric patients with SARI, of which HAdV-B (34/52; 65.4%) and HAdV-C (20/24, 83.3%) were the most predominant in Northern and Eastern China, respectively. These findings provide a benchmark for future epidemiology and prevention strategies for HAdV.",
   "publish_time": "2015 Apr 9",
   "authors": [
      "Li, Yamin",
      "Zhou, Weimin",
      "Zhao, Yanjie",
      "Wang, Yanqun",
      "Xie, Zhengde",
      "Lou, Yongliang",
      "Tan, Wenjie"
   ],
   "journal": "PLoS One",
   "has_full_text": "True",
   "full_text_file": "comm_use_subset",
   "id": "https://doi.org/10.1371/journal.pone.0123234",
   "pubtator": "PMC4391708",
   "fhir_link": [
      "Commercial/Composition/5c8e391286fba644689754596eaf50c7f32b5a99"
   ]
}