{
   "source_x": "PMC",
   "title": "Infection prevention and control strategies for the Middle East respiratory syndrome coronavirus and outcome in Oman",
   "doi": "10.1186/2047-2994-4-S1-O58",
   "pmcid": "PMC4474925",
   "license": "cc-by",
   "publish_time": "2015 Jun 16",
   "authors": [
      "Al Harthy, KSA",
      "Al Maani, A",
      "Elsheikh, M"
   ],
   "journal": "Antimicrob Resist Infect Control",
   "has_full_text": "False",
   "full_text_file": "comm_use_subset",
   "id": "https://doi.org/10.1186/2047-2994-4-S1-O58",
   "pubtator": "PMC4474925"
}