{
   "sha": "b02612aa65049060e0a24064db96105458ac083b",
   "source_x": "PMC",
   "title": "IFITMs from Mycobacteria Confer Resistance to Influenza Virus When Expressed in Human Cells",
   "doi": "10.3390/v7062759",
   "pmcid": "PMC4488726",
   "pubmed_id": "26075508",
   "license": "cc-by",
   "abstract": "Interferon induced transmembrane proteins (IFITMs) found in vertebrates restrict infections by specific viruses. IFITM3 is known to be essential for restriction of influenza virus infections in both mice and humans. Vertebrate IFITMs are hypothesized to have derived from a horizontal gene transfer from bacteria to a primitive unicellular eukaryote. Since bacterial IFITMs share minimal amino acid identity with human IFITM3, we hypothesized that examination of bacterial IFITMs in human cells would provide insight into the essential characteristics necessary for antiviral activity of IFITMs. We examined IFITMs from Mycobacterium avium and Mycobacterium abscessus for potential antiviral activity. Both of these IFITMs conferred a moderate level of resistance to influenza virus in human cells, identifying them as functional homologues of IFITM3. Analysis of sequence elements shared by bacterial IFITMs and IFITM3 identified two hydrophobic domains, putative S-palmitoylation sites, and conserved phenylalanine residues associated with IFITM3 interactions, which are all necessary for IFITM3 antiviral activity. We observed that, like IFITM3, bacterial IFITMs were S-palmitoylated, albeit to a lesser degree. We also demonstrated the ability of a bacterial IFITM to co-immunoprecipitate with IFITM3 suggesting formation of a complex, and also visualized strong co-localization of bacterial IFITMs with IFITM3. However, the mycobacterial IFITMs lack the endocytic-targeting motif conserved in vertebrate IFITM3. As such, these bacterial proteins, when expressed alone, had diminished colocalization with cathepsin B-positive endolysosomal compartments that are the primary site of IFITM3-dependent influenza virus restriction. Though the precise evolutionary origin of vertebrate IFITMs is not known, our results support a model whereby transfer of a bacterial IFITM gene to eukaryotic cells may have provided a selective advantage against viral infection that was refined through the course of vertebrate evolution to include more robust signals for S-palmitoylation and localization to sites of endocytic virus trafficking.",
   "publish_time": "2015 Jun 12",
   "authors": [
      "Melvin, William J.",
      "McMichael, Temet M.",
      "Chesarino, Nicholas M.",
      "Hach, Jocelyn C.",
      "Yount, Jacob S."
   ],
   "journal": "Viruses",
   "has_full_text": "True",
   "full_text_file": "comm_use_subset",
   "id": "https://doi.org/10.3390/v7062759",
   "pubtator": "PMC4488726",
   "fhir_link": [
      "Commercial/Composition/b02612aa65049060e0a24064db96105458ac083b"
   ]
}