{
   "sha": "a8f484e668a71d016a40b1fd1de16fbf2e539ebe",
   "source_x": "PMC",
   "title": "Viral and atypical bacterial aetiologies of infection in hospitalised patients admitted with clinical suspicion of influenza in Thailand, Vietnam and Indonesia",
   "doi": "10.1111/irv.12326",
   "pmcid": "PMC4605413",
   "pubmed_id": "25980749",
   "license": "cc-by",
   "abstract": "BACKGROUND: Influenza constitutes a leading cause of morbidity and mortality worldwide. There is limited information about the aetiology of infection presenting clinically as influenza in hospitalised adults and children in South-East Asia. Such data are important for future management of respiratory infections. OBJECTIVES: To describe the aetiology of infection presenting clinically as influenza in those hospitalised in South-East Asia. METHODS: Respiratory specimens archived from July 2008 to June 2009 from patients hospitalised with suspected influenza from Indonesia, Thailand and Vietnam were tested for respiratory viruses and atypical bacteria by polymerase chain reaction. RESULTS: A total of 1222 patients\u2019 samples were tested. Of 1222, 776 patients (63\u00b75%) were under the age of 5. Viruses detected included rhinoviruses in 229 of 1222 patients (18\u00b77%), bocaviruses in 200 (16\u00b74%), respiratory syncytial viruses in 144 (11\u00b78%), parainfluenza viruses in 140 (11\u00b75%; PIV1: 32; PIV2: 12; PIV3: 71; PIV4: 25), adenovirus in 102 (8\u00b74%), influenza viruses in 93 (7\u00b76%; influenza A: 77; influenza B: 16) and coronaviruses in 23 (1\u00b78%; OC43: 14; E229: 9). Bacterial pathogens were Mycoplasma pneumoniae (n = 33, 2\u00b77%), Chlamydophila psittaci (n = 2), C. pneumoniae (n = 1), Bordetella pertussis (n = 1) and Legionella pneumophila (n = 2). Overall, in-hospital case fatality rate was 29 of 1222 (2\u00b74%). CONCLUSION: Respiratory viruses were the most commonly detected pathogens in patients hospitalised with a clinical suspicion of influenza. Rhinovirus was the most frequently detected virus, and M. pneumoniae, the most common atypical bacterium. The low number of detected influenza viruses demonstrates a low benefit for empirical oseltamivir therapy, unless during an influenza outbreak.",
   "publish_time": "2015 Nov 13",
   "authors": [
      "Wertheim, Heiman F L",
      "Nadjm, Behzad",
      "Thomas, Sherine",
      "Malik, Suhud",
      "Nguyen, Diep Ngoc Thi",
      "Vu, Dung Viet Tien",
      "Van Nguyen, Kinh",
      "Van Nguyen, Chau Vinh",
      "Nguyen, Liem Thanh",
      "Tran, Sinh Thi",
      "Phung, Thuy Bich Thi",
      "Nguyen, Trung Vu",
      "Hien, Tran Tinh",
      "Nguyen, Uyen Hanh",
      "Taylor, Walter",
      "Truong, Khanh Huu",
      "Ha, Tuan Manh",
      "Chokephaibulkit, Kulkanya",
      "Farrar, Jeremy",
      "Wolbers, Marcel",
      "de Jong, Menno D",
      "van Doorn, H Rogier",
      "Puthavathana, Pilaipan"
   ],
   "journal": "Influenza Other Respir Viruses",
   "has_full_text": "True",
   "full_text_file": "comm_use_subset",
   "id": "https://doi.org/10.1111/irv.12326",
   "pubtator": "PMC4605413",
   "fhir_link": [
      "Commercial/Composition/a8f484e668a71d016a40b1fd1de16fbf2e539ebe"
   ]
}