{
   "sha": "458c9e598bc8757d58a592739384d70ae4560a50",
   "source_x": "PMC",
   "title": "Amelioration of Japanese encephalitis by blockage of 4-1BB signaling is coupled to divergent enhancement of type I/II IFN responses and Ly-6C(hi) monocyte differentiation",
   "doi": "10.1186/s12974-015-0438-x",
   "pmcid": "PMC4657197",
   "pubmed_id": "26597582",
   "license": "cc-by",
   "abstract": "BACKGROUND: Japanese encephalitis (JE), a neuroinflammation caused by zoonotic JE virus, is the major cause of viral encephalitis worldwide and poses an increasing threat to global health and welfare. To date, however, there has been no report describing the regulation of JE progression using immunomodulatory tools for developing therapeutic strategies. We tested whether blocking the 4-1BB signaling pathway would regulate JE progression using murine JE model. METHODS: Infected wild-type and 4-1BB-knockout (KO) mice were examined daily for mortality and clinical signs, and neuroinflammation in the CNS was evaluated by infiltration of inflammatory leukocytes and cytokine expression. In addition, viral burden, JEV-specific T cell, and type I/II IFN (IFN-I/II) innate responses were analyzed. RESULTS: Blocking the 4-1BB signaling pathway significantly increased resistance to JE and reduced viral burden in extraneural tissues and the CNS, rather than causing a detrimental effect. In addition, treatment with 4-1BB agonistic antibody exacerbated JE. Furthermore, JE amelioration and reduction of viral burden by blocking the 4-1BB signaling pathway were associated with an increased frequency of IFN-II-producing NK and CD4(+) Th1 cells as well as increased infiltration of mature Ly-6C(hi) monocytes in the inflamed CNS. More interestingly, DCs and macrophages derived from 4-1BB KO mice showed potent and rapid IFN-I innate immune responses upon JEV infection, which was coupled to strong induction of PRRs (RIG-I, MDA5), transcription factors (IRF7), and antiviral ISG genes (ISG49, ISG54, ISG56). Further, the ablation of 4-1BB signaling enhanced IFN-I innate responses in neuron cells, which likely regulated viral spread in the CNS. Finally, we confirmed that blocking the 4-1BB signaling pathway in myeloid cells derived from hematopoietic stem cells (HSCs) played a dominant role in ameliorating JE. In support of this finding, HSC-derived leukocytes played a dominant role in generating the IFN-I innate responses in the host. CONCLUSIONS: Blocking the 4-1BB signaling pathway ameliorates JE via divergent enhancement of IFN-II-producing NK and CD4(+) Th1 cells and mature Ly-6C(hi) monocyte infiltration, as well as an IFN-I innate response of myeloid-derived cells. Therefore, regulation of the 4-1BB signaling pathway with antibodies or inhibitors could be a valuable therapeutic strategy for the treatment of JE.",
   "publish_time": "2015 Nov 24",
   "authors": [
      "Kim, Seong Bum",
      "Choi, Jin Young",
      "Kim, Jin Hyoung",
      "Uyangaa, Erdenebelig",
      "Patil, Ajit Mahadev",
      "Park, Sang-Youel",
      "Lee, John Hwa",
      "Kim, Koanhoi",
      "Han, Young Woo",
      "Eo, Seong Kug"
   ],
   "journal": "J Neuroinflammation",
   "has_full_text": "True",
   "full_text_file": "comm_use_subset",
   "id": "https://doi.org/10.1186/s12974-015-0438-x",
   "pubtator": "PMC4657197",
   "fhir_link": [
      "Commercial/Composition/458c9e598bc8757d58a592739384d70ae4560a50"
   ]
}