{
   "sha": "3f8d3e900290496401f7a6557a64255fdb3ebf0e",
   "source_x": "PMC",
   "title": "Protective effect of sildenafil on the genotoxicity and cytotoxicity in apolipoprotein E-deficient mice bone marrow cells",
   "doi": "10.1186/s12944-016-0268-6",
   "pmcid": "PMC4882816",
   "pubmed_id": "27229150",
   "license": "cc-by",
   "abstract": "BACKGROUND: The pharmacological inhibitor of phosphodiesterase 5 (PDE5), sildenafil, is a promising candidate for antioxidant therapy that can result in cardiovascular protection. In addition to its known effects on the cardiovascular system, hypercholesterolemia leads to increased oxidative stress and DNA damage in the bone marrow, which is a non-classical target organ of atherosclerosis. In the present study, we evaluate oxidative stress and assess the effect of genomic instability on cell cycle kinetics in atherosclerotic animals and determine if sildenafil reverses these detrimental effects in bone marrow cells. METHODS: Experiments were performed in male wild-type (WT) and apolipoprotein E knockout mice (apoE(\u2212/\u2212)) (9 weeks of age). apoE(\u2212/\u2212) mice were randomly distributed into the following 2 groups: sildenafil-treated (40 mg/kg/day for 3 weeks, n = 8) and vehicle-treated (n = 8), by oral gavage. After treatment, bone marrow cells were isolated to assess the production of superoxide anions and hydrogen peroxide, determine cell cycle kinetics and evaluate the presence of micronucleated cells. RESULTS: Sildenafil treatment reduced the cytoplasmic levels of superoxide anion (~95 % decrease, p < 0.05) and decreased hydrogen peroxide (~30 % decrease, p < 0.05). Moreover, we observed protective effects on the DNA of bone marrow cells, including normal cell cycling, decreased DNA fragmentation and a diminished frequency of micronucleated cells. CONCLUSION: Our data reveal that the excessive production of ROS in atherosclerotic mice overcome the DNA repair pathways in bone marrow cells. The novelty of the present study is that the administration of sildenafil reduced ROS to baseline levels and, consequently, reverted the DNA damage and its outcomes in bone marrow cells.",
   "publish_time": "2016 May 27",
   "authors": [
      "Bernardes, Franciane P.",
      "Batista, Alan T.",
      "Porto, Marcella L.",
      "Vasquez, Elisardo C.",
      "Campagnaro, Bianca P.",
      "Meyrelles, Silvana S."
   ],
   "journal": "Lipids Health Dis",
   "has_full_text": "True",
   "full_text_file": "comm_use_subset",
   "id": "https://doi.org/10.1186/s12944-016-0268-6",
   "pubtator": "PMC4882816",
   "fhir_link": [
      "Commercial/Composition/3f8d3e900290496401f7a6557a64255fdb3ebf0e"
   ]
}