{
   "sha": "a4ee11dba58a0b0c6566a1fac060b4329bcdc8cd",
   "source_x": "PMC",
   "title": "Study and interest of cellular load in respiratory samples for the optimization of molecular virological diagnosis in clinical practice",
   "doi": "10.1186/s12879-016-1730-9",
   "pmcid": "PMC4977610",
   "pubmed_id": "27503120",
   "license": "cc-by",
   "abstract": "BACKGROUND: Respiratory viral diagnosis of upper respiratory tract infections has largely developed through multiplex molecular techniques. Although the sensitivity of different types of upper respiratory tract samples seems to be correlated to the number of sampled cells, this link remains largely unexplored. METHODS: Our study included 800 upper respiratory tract specimens of which 400 negative and 400 positive for viral detection in multiplex PCR. All samples were selected and matched for age in these 2 groups. For the positive group, samples were selected for the detected viral species. RESULTS: Among the factors influencing the cellularity were the type of sample (p < 0.0001); patient age (p < 0.001); viral positive or negative nature of the sample (p = 0.002); and, for the positive samples, the number of viral targets detected (0.004 < p < 0.049) and viral species. CONCLUSION: The cellular load of upper respiratory samples is multifactorial and occurs for many in the sensitivity of molecular detection. However it was not possible to determine a minimum cellularity threshold allowing molecular viral detection. The differences according to the type of virus remain to be studied on a larger scale.",
   "publish_time": "2016 Aug 9",
   "authors": [
      "Bonnin, Paul",
      "Miszczak, Fabien",
      "Kin, Nathalie",
      "Resa, Cecile",
      "Dina, Julia",
      "Gouarin, Stephanie",
      "Viron, Florent",
      "Morello, Remy",
      "Vabret, Astrid"
   ],
   "journal": "BMC Infect Dis",
   "has_full_text": "True",
   "full_text_file": "comm_use_subset",
   "id": "https://doi.org/10.1186/s12879-016-1730-9",
   "pubtator": "PMC4977610",
   "fhir_link": [
      "Commercial/Composition/a4ee11dba58a0b0c6566a1fac060b4329bcdc8cd"
   ]
}