{
   "sha": "0660d9281c1607ca1ca9cb62dfa00b56f49ddee1",
   "source_x": "PMC",
   "title": "The Last Ten Years of Advancements in Plant-Derived Recombinant Vaccines against Hepatitis B",
   "doi": "10.3390/ijms17101715",
   "pmcid": "PMC5085746",
   "pubmed_id": "27754367",
   "license": "cc-by",
   "abstract": "Disease prevention through vaccination is considered to be the greatest contribution to public health over the past century. Every year more than 100 million children are vaccinated with the standard World Health Organization (WHO)-recommended vaccines including hepatitis B (HepB). HepB is the most serious type of liver infection caused by the hepatitis B virus (HBV), however, it can be prevented by currently available recombinant vaccine, which has an excellent record of safety and effectiveness. To date, recombinant vaccines are produced in many systems of bacteria, yeast, insect, and mammalian and plant cells. Among these platforms, the use of plant cells has received considerable attention in terms of intrinsic safety, scalability, and appropriate modification of target proteins. Research groups worldwide have attempted to develop more efficacious plant-derived vaccines for over 30 diseases, most frequently HepB and influenza. More inspiring, approximately 12 plant-made antigens have already been tested in clinical trials, with successful outcomes. In this study, the latest information from the last 10 years on plant-derived antigens, especially hepatitis B surface antigen, approaches are reviewed and breakthroughs regarding the weak points are also discussed.",
   "publish_time": "2016 Oct 13",
   "authors": [
      "Joung, Young Hee",
      "Park, Se Hee",
      "Moon, Ki-Beom",
      "Jeon, Jae-Heung",
      "Cho, Hye-Sun",
      "Kim, Hyun-Soon"
   ],
   "journal": "Int J Mol Sci",
   "has_full_text": "True",
   "full_text_file": "comm_use_subset",
   "id": "https://doi.org/10.3390/ijms17101715",
   "pubtator": "PMC5085746",
   "fhir_link": [
      "Commercial/Composition/0660d9281c1607ca1ca9cb62dfa00b56f49ddee1"
   ]
}