{
   "sha": "1f095b254f7775c63b8df3e68e7fddf12eae4b46",
   "source_x": "Elsevier",
   "title": "Chapter 404 Introduction The Clans and Families of Cysteine Peptidases",
   "doi": "10.1016/B978-0-12-382219-2.00404-X",
   "license": "els-covid",
   "abstract": "The third edition of the Handbook of Proteolytic Enzymes aims to be a comprehensive reference work for the enzymes that cleave proteins and peptides, and contains over 800 chapters. Each chapter is organized into sections describing the name and history, activity and specificity, structural chemistry, preparation, biological aspects, and distinguishing features for a specific peptidase. The subject of Chapter 404 is Clans and Families of Cysteine Peptidases.",
   "publish_time": "2013-12-31",
   "authors": [
      "Rawlings, Neil D.",
      "Barrett, Alan J."
   ],
   "journal": "Handbook of Proteolytic Enzymes",
   "has_full_text": "True",
   "full_text_file": "custom_license",
   "id": "https://doi.org/10.1016/B978-0-12-382219-2.00404-X",
   "fhir_link": [
      "PMC/Composition/1f095b254f7775c63b8df3e68e7fddf12eae4b46"
   ]
}