{
   "sha": "be050658bf3b654ae5d9cbe62f6198e5c4932a95",
   "source_x": "PMC",
   "title": "Recombinase Polymerase Amplification Assay\u2014A Simple, Fast and Cost-Effective Alternative to Real Time PCR for Specific Detection of Feline Herpesvirus-1",
   "doi": "10.1371/journal.pone.0166903",
   "pmcid": "PMC5207716",
   "pubmed_id": "28045956",
   "license": "cc-by",
   "abstract": "Feline herpesvirus 1 (FHV-1), an enveloped dsDNA virus, is one of the major pathogens of feline upper respiratory tract disease (URTD) and ocular disease. Currently, polymerase chain reaction (PCR) remains the gold standard diagnostic tool for FHV-1 infection but is relatively expensive, requires well-equipped laboratories and is not suitable for field tests. Recombinase polymerase amplification (RPA), an isothermal gene amplification technology, has been explored for the molecular diagnosis of infectious diseases. In this study, an exo-RPA assay for FHV-1 detection was developed and validated. Primers targeting specifically the thymidine kinase (TK) gene of FHV-1 were designed. The RPA reaction was performed successfully at 39\u00b0C and the results were obtained within 20 min. Using different copy numbers of recombinant plasmid DNA that contains the TK gene as template, we showed the detection limit of exo-RPA was 10(2) copies DNA/reaction, the same as that of real time PCR. The exo-RPA assay did not cross-detect feline panleukopenia virus, feline calicivirus, bovine herpesvirus-1, pseudorabies virus or chlamydia psittaci, a panel of pathogens important in feline URTD or other viruses in Alphaherpesvirinae, demonstrating high specificity. The assay was validated by testing 120 nasal and ocular conjunctival swabs of cats, and the results were compared with those obtained with real-time PCR. Both assays provided the same testing results in the clinical samples. Compared with real time PCR, the exo-RPA assay uses less-complex equipment that is portable and the reaction is completed much faster. Additionally, commercial RPA reagents in vacuum-sealed pouches can tolerate temperatures up to room temperature for days without loss of activity, suitable for shipment and storage for field tests. Taken together, the exo-RPA assay is a simple, fast and cost-effective alternative to real time PCR, suitable for use in less advanced laboratories and for field detection of FHV-1 infection.",
   "publish_time": "2017 Jan 3",
   "authors": [
      "Wang, Jianchang",
      "Liu, Libing",
      "Wang, Jinfeng",
      "Sun, Xiaoxia",
      "Yuan, Wanzhe"
   ],
   "journal": "PLoS One",
   "has_full_text": "True",
   "full_text_file": "comm_use_subset",
   "id": "https://doi.org/10.1371/journal.pone.0166903",
   "pubtator": "PMC5207716",
   "fhir_link": [
      "Commercial/Composition/be050658bf3b654ae5d9cbe62f6198e5c4932a95"
   ]
}