{
   "sha": "c53d3d043454289602f4177bb5125ef3d9d0df38",
   "source_x": "PMC",
   "title": "An outbreak of acute respiratory disease caused by a virus associated RNA II gene mutation strain of human adenovirus 7 in China, 2015",
   "doi": "10.1371/journal.pone.0172519",
   "pmcid": "PMC5321423",
   "pubmed_id": "28225804",
   "license": "cc-by",
   "abstract": "Human adenovirus 7 (HAdV-7) strains are a major cause of acute respiratory disease (ARD) among adults and children, associated with fatal pneumonia. An ARD outbreak caused by HAdV-7 that involved 739 college students was reported in this article. To better understand the underlying cause of this large-scale epidemic, virus strains were isolated from infected patients and sequence variations of the whole genome sequence were detected. Evolutionary trees and alignment results indicated that the major capsid protein genes hexon and fibre were strongly conserved among serotype 7 strains in China at that time. Instead, the HAdV-7 strains presented three thymine deletions in the virus associated RNA (VA RNA) II terminal region. We also found that the mutation might lead to increased mRNA expression of an adjacent gene, L1 52/55K, and thus promoted faster growth. These findings suggest that sequence variation of VA RNA II gene was a potential cause of such a severe HAdV-7 infection and this gene should be a new-emerging factor to be monitored for better understanding of HAdV-7 infection.",
   "publish_time": "2017 Feb 22",
   "authors": [
      "Yang, Xiaoxia",
      "Wang, Qiongshu",
      "Liang, Beibei",
      "Wu, Fuli",
      "Li, Hao",
      "Liu, Hongbo",
      "Sheng, Chunyu",
      "Ma, Qiuxia",
      "Yang, Chaojie",
      "Xie, Jing",
      "Li, Peng",
      "Jia, Leili",
      "Wang, Ligui",
      "Du, Xinying",
      "Qiu, Shaofu",
      "Song, Hongbin"
   ],
   "journal": "PLoS One",
   "has_full_text": "True",
   "full_text_file": "comm_use_subset",
   "id": "https://doi.org/10.1371/journal.pone.0172519",
   "pubtator": "PMC5321423",
   "fhir_link": [
      "Commercial/Composition/c53d3d043454289602f4177bb5125ef3d9d0df38"
   ]
}