{
   "sha": "31fabefa068bca926a43f94ef80df1daf41aa806",
   "source_x": "PMC",
   "title": "An in vivo system for directed experimental evolution of rabbit haemorrhagic disease virus",
   "doi": "10.1371/journal.pone.0173727",
   "pmcid": "PMC5348035",
   "pubmed_id": "28288206",
   "license": "cc-by",
   "abstract": "The calicivirus Rabbit haemorrhagic disease virus (RHDV) is widely used in Australia as a biocontrol agent to manage wild European rabbit (Oryctolagus cuniculus) populations. However, widespread herd immunity limits the effectiveness of the currently used strain, CAPM V-351. To overcome this, we developed an experimental platform for the selection and characterisation of novel RHDV strains. As RHDV does not replicate in cell culture, variant viruses were selected by serially passaging a highly virulent RHDV field isolate in immunologically na\u00efve laboratory rabbits that were passively immunised 18\u201324 hours post-challenge with a neutralising monoclonal antibody. After seven passages, two amino acid substitutions in the P2 domain of the capsid protein became fixed within the virus population. Furthermore, a synonymous substitution within the coding sequence of the viral polymerase appeared and was also maintained in all subsequent passages. These findings demonstrate proof-of-concept that RHDV evolution can be experimentally manipulated to select for virus variants with altered phenotypes, in this case partial immune escape.",
   "publish_time": "2017 Mar 13",
   "authors": [
      "Hall, Robyn N.",
      "Capucci, Lorenzo",
      "Matthaei, Markus",
      "Esposito, Simona",
      "Kerr, Peter J.",
      "Frese, Michael",
      "Strive, Tanja"
   ],
   "journal": "PLoS One",
   "has_full_text": "True",
   "full_text_file": "comm_use_subset",
   "id": "https://doi.org/10.1371/journal.pone.0173727",
   "pubtator": "PMC5348035",
   "fhir_link": [
      "Commercial/Composition/31fabefa068bca926a43f94ef80df1daf41aa806"
   ]
}