{
   "sha": "e164fa160155af75c4fc98397014ef055030950e",
   "source_x": "PMC",
   "title": "Anticipating the emergence of infectious diseases",
   "doi": "10.1098/rsif.2017.0115",
   "pmcid": "PMC5550966",
   "pubmed_id": "28679666",
   "license": "cc-by",
   "abstract": "In spite of medical breakthroughs, the emergence of pathogens continues to pose threats to both human and animal populations. We present candidate approaches for anticipating disease emergence prior to large-scale outbreaks. Through use of ideas from the theories of dynamical systems and stochastic processes we develop approaches which are not specific to a particular disease system or model, but instead have general applicability. The indicators of disease emergence detailed in this paper can be classified into two parallel approaches: a set of early-warning signals based around the theory of critical slowing down and a likelihood-based approach. To test the reliability of these two approaches we contrast theoretical predictions with simulated data. We find good support for our methods across a range of different model structures and parameter values.",
   "publish_time": "2017 Jul 5",
   "authors": [
      "Brett, Tobias S.",
      "Drake, John M.",
      "Rohani, Pejman"
   ],
   "journal": "J R Soc Interface",
   "has_full_text": "True",
   "full_text_file": "comm_use_subset",
   "id": "https://doi.org/10.1098/rsif.2017.0115",
   "pubtator": "PMC5550966",
   "fhir_link": [
      "Commercial/Composition/e164fa160155af75c4fc98397014ef055030950e"
   ]
}