{
   "source_x": "Elsevier",
   "title": "Subject Index",
   "doi": "10.1016/B978-0-12-394305-7.00009-4",
   "license": "els-covid",
   "abstract": "Publisher Summary This chapter lists the terms mentioned in the book International Review of Cell and Molecular Biology, Volume 294, such as alpha-smooth muscle actin, carcinoma-associated fibroblasts, bacteriorhodopsin, and others. These terms have been mentioned along with the page numbers on which they have appeared in the book\u2014for the ease of the reader.",
   "publish_time": "2012-12-31",
   "journal": "International Review of Cell and Molecular Biology",
   "has_full_text": "False",
   "full_text_file": "custom_license",
   "id": "https://doi.org/10.1016/B978-0-12-394305-7.00009-4"
}