{
   "sha": "93d7989c46a48482600c23e05c2594c4c7465ba6",
   "source_x": "PMC",
   "title": "Lab-Attenuated Rabies Virus Causes Abortive Infection and Induces Cytokine Expression in Astrocytes by Activating Mitochondrial Antiviral-Signaling Protein Signaling Pathway",
   "doi": "10.3389/fimmu.2017.02011",
   "pmcid": "PMC5785723",
   "pubmed_id": "29403485",
   "license": "cc-by",
   "abstract": "Rabies is an ancient disease but remains endemic in most parts of the world and causes approximately 59,000 deaths annually. The mechanism through which the causative agent, rabies virus (RABV), evades the host immune response and infects the host central nervous system (CNS) has not been completely elucidated thus far. Our previous studies have shown that lab-attenuated, but not wild-type (wt), RABV activates the innate immune response in the mouse and dog models. In this present study, we demonstrate that lab-attenuated RABV causes abortive infection in astrocytes, the most abundant glial cells in the CNS. Furthermore, we found that lab-attenuated RABV produces more double-stranded RNA (dsRNA) than wt RABV, which is recognized by retinoic acid-inducible gene I (RIG-I) or melanoma differentiation-associated protein 5 (MDA5). Activation of mitochondrial antiviral-signaling protein (MAVS), the common adaptor molecule for RIG-I and MDA5, results in the production of type I interferon (IFN) and the expression of hundreds of IFN-stimulated genes, which suppress RABV replication and spread in astrocytes. Notably, lab-attenuated RABV replicates in a manner identical to that of wt RABV in MAVS\u2212/\u2212 astrocytes. It was also found that lab-attenuated, but not wt, RABV induces the expression of inflammatory cytokines via the MAVS- p38/NF-\u03baB signaling pathway. These inflammatory cytokines increase the blood\u2013brain barrier permeability and thus enable immune cells and antibodies infiltrate the CNS parenchyma, resulting in RABV control and elimination. In contrast, wt RABV restricts dsRNA production and thus evades innate recognition by RIG-I/MDA5 in astrocytes, which could be one of the mechanisms by which wt RABV evades the host immune response in resident CNS cells. Our findings suggest that astrocytes play a critical role in limiting the replication of lab-attenuated RABV in the CNS.",
   "publish_time": "2018 Jan 19",
   "authors": [
      "Tian, Bin",
      "Zhou, Ming",
      "Yang, Yu",
      "Yu, Lan",
      "Luo, Zhaochen",
      "Tian, Dayong",
      "Wang, Ke",
      "Cui, Min",
      "Chen, Huanchun",
      "Fu, Zhen F.",
      "Zhao, Ling"
   ],
   "journal": "Front Immunol",
   "has_full_text": "True",
   "full_text_file": "comm_use_subset",
   "id": "https://doi.org/10.3389/fimmu.2017.02011",
   "pubtator": "PMC5785723",
   "fhir_link": [
      "Commercial/Composition/93d7989c46a48482600c23e05c2594c4c7465ba6"
   ]
}