{
   "sha": "39f33cf580fe6ce842e2c9005570d08115c3ed4b",
   "source_x": "PMC",
   "title": "Coronavirus Susceptibility to the Antiviral Remdesivir (GS-5734) Is Mediated by the Viral Polymerase and the Proofreading Exoribonuclease",
   "doi": "10.1128/mBio.00221-18",
   "pmcid": "PMC5844999",
   "pubmed_id": "29511076",
   "license": "cc-by",
   "abstract": "Emerging coronaviruses (CoVs) cause severe disease in humans, but no approved therapeutics are available. The CoV nsp14 exoribonuclease (ExoN) has complicated development of antiviral nucleosides due to its proofreading activity. We recently reported that the nucleoside analogue GS-5734 (remdesivir) potently inhibits human and zoonotic CoVs in vitro and in a severe acute respiratory syndrome coronavirus (SARS-CoV) mouse model. However, studies with GS-5734 have not reported resistance associated with GS-5734, nor do we understand the action of GS-5734 in wild-type (WT) proofreading CoVs. Here, we show that GS-5734 inhibits murine hepatitis virus (MHV) with similar 50% effective concentration values (EC(50)) as SARS-CoV and Middle East respiratory syndrome coronavirus (MERS-CoV). Passage of WT MHV in the presence of the GS-5734 parent nucleoside selected two mutations in the nsp12 polymerase at residues conserved across all CoVs that conferred up to 5.6-fold resistance to GS-5734, as determined by EC(50). The resistant viruses were unable to compete with WT in direct coinfection passage in the absence of GS-5734. Introduction of the MHV resistance mutations into SARS-CoV resulted in the same in vitro resistance phenotype and attenuated SARS-CoV pathogenesis in a mouse model. Finally, we demonstrate that an MHV mutant lacking ExoN proofreading was significantly more sensitive to GS-5734. Combined, the results indicate that GS-5734 interferes with the nsp12 polymerase even in the setting of intact ExoN proofreading activity and that resistance can be overcome with increased, nontoxic concentrations of GS-5734, further supporting the development of GS-5734 as a broad-spectrum therapeutic to protect against contemporary and emerging CoVs.",
   "publish_time": "2018 Mar 6",
   "authors": [
      "Agostini, Maria L.",
      "Andres, Erica L.",
      "Sims, Amy C.",
      "Graham, Rachel L.",
      "Sheahan, Timothy P.",
      "Lu, Xiaotao",
      "Smith, Everett Clinton",
      "Case, James Brett",
      "Feng, Joy Y.",
      "Jordan, Robert",
      "Ray, Adrian S.",
      "Cihlar, Tomas",
      "Siegel, Dustin",
      "Mackman, Richard L.",
      "Clarke, Michael O.",
      "Baric, Ralph S.",
      "Denison, Mark R."
   ],
   "journal": "mBio",
   "has_full_text": "True",
   "full_text_file": "comm_use_subset",
   "id": "https://doi.org/10.1128/mBio.00221-18",
   "pubtator": "PMC5844999",
   "fhir_link": [
      "Commercial/Composition/39f33cf580fe6ce842e2c9005570d08115c3ed4b"
   ]
}