{
   "sha": "d78ca1eea9e94aa3dce73f05553d3ceb91f4c886",
   "source_x": "PMC",
   "title": "A triplex quantitative real-time PCR assay for differential detection of human adenovirus serotypes 2, 3 and 7",
   "doi": "10.1186/s12985-018-0983-x",
   "pmcid": "PMC5930744",
   "pubmed_id": "29716642",
   "license": "cc-by",
   "abstract": "BACKGROUND: Human adenovirus (HAdV) serotypes 2, 3 and 7 are more prevalent than other serotypes and have been associated with severe pneumonia in pediatric children. Molecular typing of HAdV is not routinely performed in clinical diagnostic laboratories as it is time-consuming and labor-intensive. METHODS: In the present study, we developed a triplex quantitative real-time PCR assay (tq-PCR) in a single closed tube for differential detection and quantitative analysis of HAdV serotypes 2, 3 and 7. The sensitivity, specificity, reproducibility and clinical performance of tq-PCR were evaluated. RESULTS: The analytical sensitivity of the tq-PCR was 100 copies/reaction for each of HAdV serotypes 2, 3 and 7, and no cross-reaction with other common respiratory viruses or HAdV serotypes 1,4,5,6,31,55 and 57 was observed. The coefficients of variation (CV) of intra-assay and inter-assay were between 0.6% to 3.6%. Of 138 previously-defined HAdV-positive nasopharyngeal aspirates samples tested, the detection agreement between tq-PCR and nested PCR was 96.38% (133/138). CONCLUSION: The proposed tq-PCR assay is a sensitive, specific and reproducible method and has the potential for clinical use in the rapid and differential detection and quantitation of HAdV serotypes 2, 3 and 7.",
   "publish_time": "2018 May 2",
   "authors": [
      "Qiu, Fang-zhou",
      "Shen, Xin-xin",
      "Zhao, Meng-chuan",
      "Zhao, Li",
      "Duan, Su-xia",
      "Chen, Chen",
      "Qi, Ju-Ju",
      "Li, Gui-xia",
      "Wang, Le",
      "Feng, Zhi-shan",
      "Ma, Xue-jun"
   ],
   "journal": "Virol J",
   "has_full_text": "True",
   "full_text_file": "comm_use_subset",
   "id": "https://doi.org/10.1186/s12985-018-0983-x",
   "pubtator": "PMC5930744",
   "fhir_link": [
      "Commercial/Composition/d78ca1eea9e94aa3dce73f05553d3ceb91f4c886"
   ]
}