{
   "sha": "e0f1b5a380193e6ff0a4de4d44d74ad309a5dda3",
   "source_x": "PMC",
   "title": "Cryo-EM structure of the SARS coronavirus spike glycoprotein in complex with its host cell receptor ACE2",
   "doi": "10.1371/journal.ppat.1007236",
   "pmcid": "PMC6107290",
   "pubmed_id": "30102747",
   "license": "cc-by",
   "abstract": "The trimeric SARS coronavirus (SARS-CoV) surface spike (S) glycoprotein consisting of three S1-S2 heterodimers binds the cellular receptor angiotensin-converting enzyme 2 (ACE2) and mediates fusion of the viral and cellular membranes through a pre- to postfusion conformation transition. Here, we report the structure of the SARS-CoV S glycoprotein in complex with its host cell receptor ACE2 revealed by cryo-electron microscopy (cryo-EM). The complex structure shows that only one receptor-binding domain of the trimeric S glycoprotein binds ACE2 and adopts a protruding \u201cup\u201d conformation. In addition, we studied the structures of the SARS-CoV S glycoprotein and its complexes with ACE2 in different in vitro conditions, which may mimic different conformational states of the S glycoprotein during virus entry. Disassociation of the S1-ACE2 complex from some of the prefusion spikes was observed and characterized. We also characterized the rosette-like structures of the clustered SARS-CoV S2 trimers in the postfusion state observed on electron micrographs. Structural comparisons suggested that the SARS-CoV S glycoprotein retains a prefusion architecture after trypsin cleavage into the S1 and S2 subunits and acidic pH treatment. However, binding to the receptor opens up the receptor-binding domain of S1, which could promote the release of the S1-ACE2 complex and S1 monomers from the prefusion spike and trigger the pre- to postfusion conformational transition.",
   "publish_time": "2018 Aug 13",
   "authors": [
      "Song, Wenfei",
      "Gui, Miao",
      "Wang, Xinquan",
      "Xiang, Ye"
   ],
   "journal": "PLoS Pathog",
   "has_full_text": "True",
   "full_text_file": "comm_use_subset",
   "id": "https://doi.org/10.1371/journal.ppat.1007236",
   "pubtator": "PMC6107290",
   "fhir_link": [
      "Commercial/Composition/e0f1b5a380193e6ff0a4de4d44d74ad309a5dda3"
   ]
}