{
   "sha": "cce799da8d05a008416755970e7f4361e948fed7",
   "source_x": "Elsevier",
   "title": "Budded Autographa californica NPV 64K protein: Further biochemical analysis and effects of postimmunoprecipitation sample preparation conditions",
   "doi": "10.1016/0042-6822(84)90375-1",
   "license": "els-covid",
   "abstract": "Abstract Previously it was shown that AcV1, a neutralizing monoclonal antibody of the Autographs californica nuclear polyhedrosis virus-budded phenotype reacted with a surface antigen present on infected cells during virus budding, and in the viral envelope (L. E. Volkman, P. A. Goldsmith, R. T. Hess, and P. Faulkner (1984), Virology 133, 354\u2013362). Radioimmune precipitation of solubilized, [35S]methionine-labeled budded virus with AcV1 and analysis on SDS-PAGE revealed four bands consistently: one major band at 64,000 Da, and three minor bands at 127,000, 59,000, and 49,000 Da. The reason for the appearance of four bands instead of one was unclear. Data suggest that two of the bands, 49K and 59K, are aberrant, and are the products of sample preparation conditions. Further, evidence is presented that the 127K band is composed of dimers of the 64K protein, and that under nonreducing conditions, oligomers (trimers and tetramers) of 64K protein can also be detected. BVGP 64 is additionally shown to be phosphorylated and to have an isoelectric point of 3.15. The BVGP 64 epitope reactive with AcV1 is destroyed by interaction with SDS. This could account for the lack of neutralizing activity of antiserum made to the SDS-PAGE purified BVGP 64.",
   "publish_time": "1984-12-31",
   "authors": [
      "Volkman, Loy E.",
      "Goldsmith, Phyllis A."
   ],
   "journal": "Virology",
   "has_full_text": "True",
   "full_text_file": "custom_license",
   "id": "https://doi.org/10.1016/0042-6822(84)90375-1",
   "fhir_link": [
      "PMC/Composition/cce799da8d05a008416755970e7f4361e948fed7"
   ]
}