{
   "sha": "f3016563bf2b8e925c63a3c6a9e11e287907863c",
   "source_x": "PMC",
   "title": "Patient factors that affect trust in physicians: a cross-sectional study",
   "doi": "10.1186/s12875-018-0875-6",
   "pmcid": "PMC6267873",
   "pubmed_id": "30497400",
   "license": "cc-by",
   "abstract": "BACKGROUND: While trust in physicians has been rigorously investigated regarding its concept, measurement, and factors, the studies have mainly focused on the attributes of the physicians. This approach can lead to a limited understanding of trust in physicians as trust is based on the relationship, an interaction of both parties: patients and physicians. This study aimed to investigate the factors for trust in physicians among the Koreans by focusing on patients\u2019 traits which are related to their subjective perceptions. METHODS: A web-based survey was conducted between August and September 2016 among 1000 Korean adults aged 18 to 59 years. Survey participants were selected by a proportionate quota sampling based on age, sex and place of residence. The t-test and analysis of variance (ANOVA) were performed to examine the difference in trust in physicians among the different groups in each variable of patient characteristics. An ordinal logistic regression model was employed to examine the association between trust in physicians and patient attributes. RESULTS: Negative health-related traits, such as stress and low self-rated health, were likely to lower trust in physicians, and women were less likely to trust physicians. The negative attitudes toward the current health care system were strongly associated with low trust in physicians. Meanwhile, recent experience of hospitalization or outpatient visit was positively associated with trust in physicians, and experience of not being able to use health facilities showed no significant association. These results suggest that trust in physicians is more likely to be lowered by negative perception than by the objective conditions or experience. CONCLUSION: In investigating the factors for trust in physicians, the patients\u2019 predispositions, which make them less likely to trust physicians, should be considered. The attributes of the patients in Korea, which could negatively affect trust in physicians, need to be investigated in consideration of the recent changes in patient-physician relationships and the medical environment in Korea. ELECTRONIC SUPPLEMENTARY MATERIAL: The online version of this article (10.1186/s12875-018-0875-6) contains supplementary material, which is available to authorized users.",
   "publish_time": "2018 Nov 29",
   "authors": [
      "Kim, Agnus M.",
      "Bae, Jaekyoung",
      "Kang, Sungchan",
      "Kim, Yeon-Yong",
      "Lee, Jin-Seok"
   ],
   "journal": "BMC Fam Pract",
   "has_full_text": "True",
   "full_text_file": "comm_use_subset",
   "id": "https://doi.org/10.1186/s12875-018-0875-6",
   "pubtator": "PMC6267873",
   "fhir_link": [
      "Commercial/Composition/f3016563bf2b8e925c63a3c6a9e11e287907863c"
   ]
}