{
   "sha": "e67eb3bd9090630fa37b601957ed1dcc088901cf",
   "source_x": "PMC",
   "title": "Advancements in Nucleic Acid Based Therapeutics against Respiratory Viral Infections",
   "doi": "10.3390/jcm8010006",
   "pmcid": "PMC6351902",
   "pubmed_id": "30577479",
   "license": "cc-by",
   "abstract": "Several viruses cause pulmonary infections due to their shared tropism with cells of the respiratory tract. These respiratory problems due to viral infection become a public health concern due to rapid transmission through air/aerosols or via direct-indirect contact with infected persons. In addition, the cross-species transmission causes alterations to viral genetic makeup thereby increasing the risk of emergence of pathogens with new and more potent infectivity. With the introduction of effective nucleic acid-based technologies, post translational gene silencing (PTGS) is being increasingly used to silence viral gene targets and has shown promising approach towards management of many viral infections. Since several host factors are also utilized by these viruses during various stages of infection, silencing these host factors can also serve as promising therapeutic tool. Several nucleic acid-based technologies such as short interfering RNAs (siRNA), antisense oligonucleotides, aptamers, deoxyribozymes (DNAzymes), and ribozymes have been studied and used against management of respiratory viruses. These therapeutic nucleic acids can be efficiently delivered through the airways. Studies have also shown efficacy of gene therapy in clinical trials against respiratory syncytial virus (RSV) as well as models of respiratory diseases including severe acute respiratory syndrome (SARS), measles and influenza. In this review, we have summarized some of the recent advancements made in the area of nucleic acid based therapeutics and highlighted the emerging roles of nucleic acids in the management of some of the severe respiratory viral infections. We have also focused on the methods of their delivery and associated challenges.",
   "publish_time": "2018 Dec 20",
   "authors": [
      "Asha, Kumari",
      "Kumar, Prashant",
      "Sanicas, Melvin",
      "Meseko, Clement A.",
      "Khanna, Madhu",
      "Kumar, Binod"
   ],
   "journal": "J Clin Med",
   "has_full_text": "True",
   "full_text_file": "comm_use_subset",
   "id": "https://doi.org/10.3390/jcm8010006",
   "pubtator": "PMC6351902",
   "fhir_link": [
      "Commercial/Composition/e67eb3bd9090630fa37b601957ed1dcc088901cf"
   ]
}