{
   "sha": "97a0381dad9c04b6a53300885acd274d88d4f4d3",
   "source_x": "PMC",
   "title": "Viral infection detection using metagenomics technology in six poultry farms of eastern China",
   "doi": "10.1371/journal.pone.0211553",
   "pmcid": "PMC6382132",
   "pubmed_id": "30785912",
   "license": "cc-by",
   "abstract": "With rapidly increasing animal pathogen surveillance requirements, new technologies are needed for a comprehensive understanding of the roles of pathogens in the occurrence and development of animal diseases. We applied metagenomic technology to avian virus surveillance to study the main viruses infecting six poultry farms in two provinces in eastern China. Cloacal/throat double swabs were collected from 60 birds at each farm according to a random sampling method. The results showed that the method could simultaneously detect major viruses infecting farms, including avian influenza virus, infectious bronchitis virus, Newcastle disease virus, rotavirus G, duck hepatitis B virus, and avian leukemia virus subgroup J in several farms. The test results were consistent with the results from traditional polymerase chain reaction (PCR) or reverse transcription-PCR analyses. Five H9N2 and one H3N8 avian influenza viruses were detected at the farms and were identified as low pathogenic avian influenza viruses according to HA cleavage sites analysis. One detected Newcastle disease virus was classified as Class II genotype I and avirulent type according to F0 cleavage sites analysis. Three avian infectious bronchitis viruses were identified as 4/91, CK/CH/LSC/99I and TC07-2 genotypes by phylogenetic analysis of S1 genes. The viral infection surveillance method using metagenomics technology enables the monitoring of multiple viral infections, which allows the detection of main infectious viruses.",
   "publish_time": "2019 Feb 20",
   "authors": [
      "Qiu, Yuan",
      "Wang, Suchun",
      "Huang, Baoxu",
      "Zhong, Huanxiang",
      "Pan, Zihao",
      "Zhuang, Qingye",
      "Peng, Cheng",
      "Hou, Guangyu",
      "Wang, Kaicheng"
   ],
   "journal": "PLoS One",
   "has_full_text": "True",
   "full_text_file": "comm_use_subset",
   "id": "https://doi.org/10.1371/journal.pone.0211553",
   "pubtator": "PMC6382132",
   "fhir_link": [
      "Commercial/Composition/97a0381dad9c04b6a53300885acd274d88d4f4d3"
   ]
}