{
   "sha": "f64d07df542245c19781c36476a6cde273627f87",
   "source_x": "PMC",
   "title": "Drug Repurposing to Fight Colistin and Carbapenem-Resistant Bacteria",
   "doi": "10.3389/fcimb.2019.00193",
   "pmcid": "PMC6579884",
   "pubmed_id": "31245302",
   "license": "cc-by",
   "abstract": "The emergence of new resistance mechanisms, the failure of classical antibiotics in clinic, the decrease in the development of antibiotics in the industry are all challenges that lead us to consider new strategies for the treatment of infectious diseases. Indeed, in recent years controversy has intensified over strains resistant to carbapenem and/or colistin. Various therapeutic solutions are used to overcome administration of last line antibiotics. In this context, drug repurposing, which consists of using a non-antibiotic compound to treat multi-drug resistant bacteria (MDR), is encouraged. In this review, we first report what may have led to drug repurposing. Main definitions, advantages and drawbacks are summarized. Three major methods are described: phenotypic, computational and serendipity. In a second time we will focus on the current knowledge in drug repurposing for carbapenem and colistin-resistant bacteria with different studies describing repurposed compounds tested on Gram-negative bacteria. Furthermore, we show that drug combination therapies can increase successful by drug repurposing strategy. In conclusion, we discuss the pharmaceutical industries that have little interest in reprofiling drugs due to lack of profits. We also consider what a clinician might think of the indications of these uncommon biologists to treat MDR bacterial infections and avoid therapeutic impasses.",
   "publish_time": "2019 Jun 11",
   "authors": [
      "Peyclit, Lucie",
      "Baron, Sophie Alexandra",
      "Rolain, Jean-Marc"
   ],
   "journal": "Front Cell Infect Microbiol",
   "has_full_text": "True",
   "full_text_file": "comm_use_subset",
   "id": "https://doi.org/10.3389/fcimb.2019.00193",
   "pubtator": "PMC6579884",
   "fhir_link": [
      "Commercial/Composition/f64d07df542245c19781c36476a6cde273627f87"
   ]
}