{
   "sha": "82bc247394e2e55f46bdb295bd2a3f6d19f1365b",
   "source_x": "PMC",
   "title": "Heparan Sulfate Proteoglycans and Viral Attachment: True Receptors or Adaptation Bias?",
   "doi": "10.3390/v11070596",
   "pmcid": "PMC6669472",
   "pubmed_id": "31266258",
   "license": "cc-by",
   "abstract": "Heparan sulfate proteoglycans (HSPG) are composed of unbranched, negatively charged heparan sulfate (HS) polysaccharides attached to a variety of cell surface or extracellular matrix proteins. Widely expressed, they mediate many biological activities, including angiogenesis, blood coagulation, developmental processes, and cell homeostasis. HSPG are highly sulfated and broadly used by a range of pathogens, especially viruses, to attach to the cell surface. In this review, we summarize the current knowledge on HSPG\u2013virus interactions and distinguish viruses with established HS binding, viruses that bind HS only after intra-host or cell culture adaptation, and finally, viruses whose dependence on HS for infection is debated. We also provide an overview of the antiviral compounds designed to interfere with HS binding. Many questions remain about the true importance of these receptors in vivo, knowledge that is critical for the design of future antiviral therapies.",
   "publish_time": "2019 Jul 1",
   "authors": [
      "Cagno, Valeria",
      "Tseligka, Eirini D.",
      "Jones, Samuel T.",
      "Tapparel, Caroline"
   ],
   "journal": "Viruses",
   "has_full_text": "True",
   "full_text_file": "comm_use_subset",
   "id": "https://doi.org/10.3390/v11070596",
   "pubtator": "PMC6669472",
   "fhir_link": [
      "Commercial/Composition/82bc247394e2e55f46bdb295bd2a3f6d19f1365b"
   ]
}