{
   "sha": "bafab6b3dd88dcdefe111698d02f81998c9accdb",
   "source_x": "PMC",
   "title": "Evolution and containment of transmissible recombinant vector vaccines",
   "doi": "10.1111/eva.12806",
   "pmcid": "PMC6708430",
   "pubmed_id": "31462917",
   "license": "cc-by",
   "abstract": "Transmissible vaccines offer a revolutionary approach for controlling infectious disease and may provide one of the few feasible methods for eliminating pathogens from inaccessible wildlife populations. Current efforts to develop transmissible vaccines use recombinant vector technology whereby pathogen antigens are engineered to be expressed from innocuous infectious viral vectors. The resulting vaccines can transmit from host to host, amplifying the number of vaccine\u2010protected individuals beyond those initially vaccinated directly through parenteral inoculation. One main engineering challenge is the potential for natural selection to favor vaccine mutants that eliminate or reduce expression of antigenic inserts, resulting in immunogenic decay of the vaccine over time. Here, we study a mathematical model of vector mutation whereby continuous elimination of the antigenic insert results in reversion of the vaccine back into the insert\u2010free vector. We use this model to quantify the maximum allowable rate of reversion that can be tolerated for a transmissible vaccine to maintain a critical threshold level of immunogenicity against a target pathogen. Our results demonstrate that even for transmissible vaccines where reversion is frequent, performance will often substantially exceed that of conventional, directly administered vaccines. Further, our results demonstrate the feasibility of designing transmissible vaccines that yield desired levels of immunogenicity, yet degrade at a rate sufficient for persistence of the recombinant vaccine within the environment to be minimized.",
   "publish_time": "2019 Jun 12",
   "authors": [
      "Nuismer, Scott L.",
      "Basinski, Andrew",
      "Bull, James J."
   ],
   "journal": "Evol Appl",
   "has_full_text": "True",
   "full_text_file": "comm_use_subset",
   "id": "https://doi.org/10.1111/eva.12806",
   "pubtator": "PMC6708430",
   "fhir_link": [
      "Commercial/Composition/bafab6b3dd88dcdefe111698d02f81998c9accdb"
   ]
}