{
   "sha": "d02d0f21741ea920934c91f9cc92e0da83a72b87",
   "source_x": "Elsevier",
   "title": "CHAPTER 13 The Cell Surface, Virus Modification, and Virus Transformation",
   "doi": "10.1016/B978-0-12-429760-9.50019-4",
   "license": "els-covid",
   "publish_time": "1974-12-31",
   "authors": [
      "SHEININ, ROSE"
   ],
   "journal": "Viruses, Evolution and Cancer Basic Considerations",
   "has_full_text": "True",
   "full_text_file": "custom_license",
   "id": "https://doi.org/10.1016/B978-0-12-429760-9.50019-4",
   "fhir_link": [
      "PMC/Composition/d02d0f21741ea920934c91f9cc92e0da83a72b87"
   ]
}