{
   "sha": "3c9db7ee30074667f9fe308de9910b013aa1f163",
   "source_x": "PMC",
   "title": "Recombinant adenoviral vaccine encoding the spike 1 subunit of the Middle East Respiratory Syndrome Coronavirus elicits strong humoral and cellular immune responses in mice",
   "doi": "10.14202/vetworld.2019.1554-1562",
   "pmcid": "PMC6868266",
   "pubmed_id": "31849416",
   "license": "cc-by",
   "abstract": "BACKGROUND AND AIM: Middle East respiratory syndrome coronavirus (MERS-CoV) has rapidly spread throughout the Middle East since its discovery in 2012. The virus poses a significant global public health threat with potentially devastating effects. In this study, a recombinant adenoviral-based vaccine encoding the spike 1 (S1) subunit of the MERS-CoV genome was constructed, and its humoral, and cellular immune responses were evaluated in mice. MATERIALS AND METHODS: Mice were immunized initially by intramuscular injection and boosted 3 weeks later by intranasal application. Expression of the S1 protein in the lungs and kidneys was detected using conventional polymerase chain reaction (PCR) and immunohistochemistry (IHC) targeting specific regions within the S1 subunit at weeks 3, 4, 5, and 6 after the first vaccination. Antigen-specific humoral and cellular immune responses were evaluated in serum and in cell culture following in vitro stimulation with a specific 9-mer epitope within the S1 protein (CYSSLILDY). RESULTS: S1 protein expression was only detected by IHC in the kidneys of the Ad-MERS-S1 group at week 6 from first immunization, and in both lungs and kidneys of Ad-MERS-S1 group by conventional PCR at weeks 3 and 5 post-prime. The vaccine elicited a specific S1-immunoglobulin G antibody response, which was detected in the sera of the vaccinated mice at weeks 4 and 6 from the onset of the first immunization. There was a significant increase in the amount of Th1-related cytokines (interferon-\u03b3 and interleukin [IL] 12), and a significant decrease in the Th2-related cytokine IL-4 in splenocyte cell culture of the vaccinated group compared with the control groups. CONCLUSION: The results of this study suggest that this recombinant adenovirus vaccine encoding the S1 subunit of MERS-CoV elicits potentially protective antigen-specific humoral and cellular immune responses in mice. This study demonstrates a promising vaccine for the control and/or prevention of MERS-CoV infection in humans.",
   "publish_time": "2019 Oct 11",
   "authors": [
      "Ababneh, Mustafa",
      "Alrwashdeh, Mu\u2019men",
      "Khalifeh, Mohammad"
   ],
   "journal": "Vet World",
   "has_full_text": "True",
   "full_text_file": "comm_use_subset",
   "id": "https://doi.org/10.14202/vetworld.2019.1554-1562",
   "pubtator": "PMC6868266",
   "fhir_link": [
      "Commercial/Composition/3c9db7ee30074667f9fe308de9910b013aa1f163"
   ]
}