{
   "sha": "9764af198bccd196d117b460ad8112059b4f6b00",
   "source_x": "PMC",
   "title": "Pan-European Study on the Prevalence of the Feline Leukaemia Virus Infection \u2013 Reported by the European Advisory Board on Cat Diseases (ABCD Europe)",
   "doi": "10.3390/v11110993",
   "pmcid": "PMC6893802",
   "pubmed_id": "31671816",
   "license": "cc-by",
   "abstract": "Feline leukaemia virus (FeLV) is a retrovirus associated with fatal disease in progressively infected cats. While testing/removal and vaccination led to a decreased prevalence of FeLV, recently, this decrease has reportedly stagnated in some countries. This study aimed to prospectively determine the prevalence of FeLV viraemia in cats taken to veterinary facilities in 32 European countries. FeLV viral RNA was semiquantitatively detected in saliva, using RT-qPCR as a measure of viraemia. Risk and protective factors were assessed using an online questionnaire to report geographic, demographic, husbandry, FeLV vaccination, and clinical data. The overall prevalence of FeLV viraemia in cats visiting a veterinary facility, of which 10.4% were shelter and rescue cats, was 2.3% (141/6005; 95% CI: 2.0%\u20132.8%) with the highest prevalences in Portugal, Hungary, and Italy/Malta (5.7%\u20138.8%). Using multivariate analysis, seven risk factors (Southern Europe, male intact, 1\u20136 years of age, indoor and outdoor or outdoor-only living, living in a group of \u22655 cats, illness), and three protective factors (Northern Europe, Western Europe, pedigree cats) were identified. Using classification and regression tree (CART) analysis, the origin of cats in Europe, pedigree, and access to outdoors were important predictors of FeLV status. FeLV-infected sick cats shed more viral RNA than FeLV-infected healthy cats, and they suffered more frequently from anaemia, anorexia, and gingivitis/stomatitis than uninfected sick cats. Most cats had never been FeLV-vaccinated; vaccination rates were indirectly associated with the gross domestic product (GDP) per capita. In conclusion, we identified countries where FeLV was undetectable, demonstrating that the infection can be eradicated and highlighting those regions where awareness and prevention should be increased.",
   "publish_time": "2019 Oct 29",
   "authors": [
      "Studer, Nadine",
      "Lutz, Hans",
      "Saegerman, Claude",
      "G\u00f6nczi, Enik\u00f6",
      "Meli, Marina L.",
      "Boo, Gianluca",
      "Hartmann, Katrin",
      "Hosie, Margaret J.",
      "Moestl, Karin",
      "Tasker, S\u00e9verine",
      "Bel\u00e1k, S\u00e1ndor",
      "Lloret, Albert",
      "Boucraut-Baralon, Corine",
      "Egberink, Herman F.",
      "Pennisi, Maria-Grazia",
      "Truyen, Uwe",
      "Frymus, Tadeusz",
      "Thiry, Etienne",
      "Marsilio, Fulvio",
      "Addie, Diane",
      "Hochleithner, Manfred",
      "Tkalec, Filip",
      "Vizi, Zsuzsanna",
      "Brunetti, Anna",
      "Georgiev, Boyko",
      "Ludwig-Begall, Louisa F.",
      "Tschuor, Flurin",
      "Mooney, Carmel T.",
      "Eliasson, Catarina",
      "Orro, Janne",
      "Johansen, Helle",
      "Juuti, Kirsi",
      "Krampl, Igor",
      "Kovalenko, Kaspars",
      "\u0160engaut, Jakov",
      "Sobral, Cristina",
      "Borska, Petra",
      "Kova\u0159\u00edkov\u00e1, Simona",
      "Hofmann-Lehmann, Regina"
   ],
   "journal": "Viruses",
   "has_full_text": "True",
   "full_text_file": "comm_use_subset",
   "id": "https://doi.org/10.3390/v11110993",
   "pubtator": "PMC6893802",
   "fhir_link": [
      "Commercial/Composition/9764af198bccd196d117b460ad8112059b4f6b00"
   ]
}