{
   "source_x": "Elsevier",
   "title": "Chapter 19 VIRAL ETIOLOGY OF MULTIPLE SCLEROSIS: A CRITIQUE OF THE EVIDENCE",
   "doi": "10.1016/B978-0-12-470230-1.50024-4",
   "license": "els-covid",
   "publish_time": "1985-12-31",
   "authors": [
      "Gonzalez-Scarano, F.",
      "Nathanson, N."
   ],
   "journal": "Subviral Pathogens of Plants and Animals: Viroids and Prions",
   "has_full_text": "False",
   "full_text_file": "custom_license",
   "id": "https://doi.org/10.1016/B978-0-12-470230-1.50024-4"
}