{
   "sha": "9dc436e46261781fe2991baeff4ddc7dd2e96c9b",
   "source_x": "PMC",
   "title": "Cryo-EM Studies of Virus-Antibody Immune Complexes",
   "doi": "10.1007/s12250-019-00190-5",
   "pmcid": "PMC7035235",
   "pubmed_id": "31916022",
   "license": "cc-by",
   "abstract": "Antibodies play critical roles in neutralizing viral infections and are increasingly used as therapeutic drugs and diagnostic tools. Structural studies on virus-antibody immune complexes are important for better understanding the molecular mechanisms of antibody-mediated neutralization and also provide valuable information for structure-based vaccine design. Cryo-electron microscopy (cryo-EM) has recently matured as a powerful structural technique for studying bio-macromolecular complexes. When combined with X-ray crystallography, cryo-EM provides a routine approach for structurally characterizing the immune complexes formed between icosahedral viruses and their antibodies. In this review, recent advances in the structural understanding of virus-antibody interactions are outlined for whole virions with icosahedral T = pseudo 3 (picornaviruses) and T = 3 (flaviviruses) architectures, focusing on the dynamic nature of viral shells in different functional states. Glycoprotein complexes from pleomorphic enveloped viruses are also discussed as immune complex antigens. Improving our understanding of viral epitope structures using virus-based platforms would provide a fundamental road map for future vaccine development.",
   "publish_time": "2020 Jan 8",
   "authors": [
      "Li, Na",
      "Li, Zhiqiang",
      "Fu, Yan",
      "Cao, Sheng"
   ],
   "journal": "Virol Sin",
   "has_full_text": "True",
   "full_text_file": "comm_use_subset",
   "id": "https://doi.org/10.1007/s12250-019-00190-5",
   "pubtator": "PMC7035235",
   "fhir_link": [
      "Commercial/Composition/9dc436e46261781fe2991baeff4ddc7dd2e96c9b"
   ]
}