{
   "sha": "256425602cf068d42a6473d317890d0c0ac6a464",
   "source_x": "PMC",
   "title": "Emojis in public health and how they might be used for hand hygiene and infection prevention and control",
   "doi": "10.1186/s13756-020-0692-2",
   "pmcid": "PMC7011445",
   "pubmed_id": "32041666",
   "license": "cc-by",
   "abstract": "Emojis are frequently used picture characters known as possible surrogates for non-verbal aspects of behavior. Considering the ability of emojis to enhance and facilitate communication, there has been a growing interest in studying their effects in scientific and health-related topics over the past few years. Infection prevention and control (IPC) is a field of medicine that is directly associated with specific behaviors. These include hand hygiene, which is the cornerstone of the prevention of healthcare-associated infections, and essential in stemming the spread of antimicrobial resistance. This paper aims to provide an overview of how emojis have been used in the medical and public health literature and proposes their possible use in IPC and hand hygiene to put forth a vision for the future research.",
   "publish_time": "2020 Feb 10",
   "authors": [
      "Lotfinejad, Nasim",
      "Assadi, Reza",
      "Aelami, Mohammad Hassan",
      "Pittet, Didier"
   ],
   "journal": "Antimicrob Resist Infect Control",
   "has_full_text": "True",
   "full_text_file": "comm_use_subset",
   "id": "https://doi.org/10.1186/s13756-020-0692-2",
   "pubtator": "PMC7011445",
   "fhir_link": [
      "Commercial/Composition/256425602cf068d42a6473d317890d0c0ac6a464"
   ]
}