{
   "sha": "2a0861490e83f24375ca14187de9617594666850",
   "source_x": "PMC",
   "title": "Molecular characterization of two human autoantigens: unique cDNAs encoding 95- and 160-kD proteins of a putative family in the Golgi complex",
   "pmcid": "PMC2191081",
   "pubmed_id": "8315394",
   "license": "cc-by-nc-sa",
   "abstract": "Serum autoantibodies from a patient with autoantibodies directed against the Golgi complex were used to screen clones from a HepG2 lambda Zap cDNA library. Three related clones, designated SY2, SY10, and SY11, encoding two distinct polypeptides were purified for further analysis. Antibodies affinity purified by adsorption to the lambda Zap- cloned recombinant proteins and antibodies from NZW rabbits immunized with purified recombinant proteins reproduced Golgi staining and bound two different proteins, 95 and 160 kD, from whole cell extracts. The SY11 protein was provisionally named golgin-95 and the SY2/SY10 protein was named golgin-160. The deduced amino acid sequence of the cDNA clone of SY2 and SY11 represented 58.7- and 70-kD proteins of 568 and 620 amino acids. The in vitro translation products of SY2 and SY11 cDNAs migrated in SDS-PAGE at 65 and 95 kD, respectively. The in vitro translated proteins were immunoprecipitated by human anti-Golgi serum or immune rabbit serum, but not by normal human serum or preimmune rabbit serum. Features of the cDNA suggested that SY11 was a full- length clone encoding golgin-95 but SY2 and SY10 together encoded a partial sequence of golgin-160. Analysis of the SY11 recombinant protein identified a leucine zipper spanning positions 419-455, a glutamic acid-rich tract spanning positions 322-333, and a proline-rich tract spanning positions 67-73. A search of the SwissProt data bank indicated sequence similarity of SY11 to human restin, the heavy chain of kinesin, and the heavy chain of myosin. SY2 shared sequence similarity with the heavy chain of myosin, the USO1 transport protein from yeast, and the 150-kD cytoplasmic dynein-associated polypeptide. Sequence analysis demonstrated that golgin-95 and golgin-160 share 43% sequence similarity and, therefore, may be functionally related proteins.",
   "publish_time": "1993 Jul 1",
   "journal": "J Exp Med",
   "has_full_text": "True",
   "full_text_file": "noncomm_use_subset",
   "id": "https://www.ncbi.nlm.nih.gov/pubmed/8315394",
   "pubtator": "PMC2191081",
   "fhir_link": [
      "Non-comercial/Composition/2a0861490e83f24375ca14187de9617594666850"
   ]
}