{
   "sha": "1a7676018fd73150a122c2afb1362324dbab4918",
   "source_x": "PMC",
   "title": "A sensitive array-based assay for identifying multiple TMPRSS2:ERG fusion gene variants",
   "doi": "10.1093/nar/gkn585",
   "pmcid": "PMC2582611",
   "pubmed_id": "18794177",
   "license": "cc-by-nc",
   "abstract": "Studies of gene fusions in solid tumors are not as extensive as in hematological malignancies due to several technical and analytical problems associated with tumor heterogeneity. Nevertheless, there is a growing interest in the role of fusion genes in common epithelial tumors after the discovery of recurrent TMPRSS2:ETS fusions in prostate cancer. Among all of the reported fusion partners in the ETS gene family, TMPRSS2:ERG is the most prevalent one. Here, we present a simple and sensitive microarray-based assay that is able to simultaneously determine multiple fusion variants with a single RT\u2013PCR in impure RNA specimens. The assay detected TMPRSS2:ERG fusion transcripts with a detection sensitivity of <10 cells in the presence of more than 3000 times excess normal RNA, and in primary prostate tumors having no >1% of cancer cells. The ability to detect multiple transcript variants in a single assay is critically dependent on both the primer and probe designs. The assay should facilitate clinical and basic studies for fusion gene screening in clinical specimens, as it can be readily adapted to include multiple gene loci.",
   "publish_time": "2008 Nov 15",
   "authors": [
      "Lu, Qing",
      "Nunez, Esperanza",
      "Lin, Chunrun",
      "Christensen, Kimberly",
      "Downs, Tracy",
      "Carson, Dennis A.",
      "Wang-Rodriguez, Jessica",
      "Liu, Yu-Tsueng"
   ],
   "journal": "Nucleic Acids Res",
   "has_full_text": "True",
   "full_text_file": "noncomm_use_subset",
   "id": "https://doi.org/10.1093/nar/gkn585",
   "pubtator": "PMC2582611",
   "fhir_link": [
      "Non-comercial/Composition/1a7676018fd73150a122c2afb1362324dbab4918"
   ]
}