{
   "sha": "23b89b2ee6a5870dd94c479b892cda6a54c8ab6f",
   "source_x": "PMC",
   "title": "Intermediates in the constitutive and regulated secretory pathways released in vitro from semi-intact cells",
   "pmcid": "PMC2289447",
   "pubmed_id": "1572894",
   "license": "cc-by-nc-sa",
   "abstract": "Regulated secretory cells have two pathways that transport secreted proteins from the Golgi complex to the cell surface. To identify carrier vesicles involved in regulated and constitutive secretion, PC12 pheochromocytoma cells were labeled with [35S]sulfate to identify markers for the two secretory pathways, then mechanically permeabilized and incubated in vitro. Small constitutive secretory vesicles, containing mostly sulfated proteoglycans, accumulated during an in vitro incubation with ATP. In the presence of GTP gamma S, the constitutive vesicles became significantly more dense, suggesting that a coated intermediate was stabilized. Larger immature regulated secretory granules, enriched in sulfated secretogranin II, also escaped from the permeabilized cells in vitro. During granule maturation, their density increased and the amount of cofractionating proteoglycans diminished. The data suggest that sorting continues during secretory granule maturation.",
   "publish_time": "1992 May 1",
   "journal": "J Cell Biol",
   "has_full_text": "True",
   "full_text_file": "noncomm_use_subset",
   "id": "https://www.ncbi.nlm.nih.gov/pubmed/1572894",
   "pubtator": "PMC2289447",
   "fhir_link": [
      "Non-comercial/Composition/23b89b2ee6a5870dd94c479b892cda6a54c8ab6f"
   ]
}