{
   "sha": "3062cebd70447841d68c48fe83f0eb51b07a761d",
   "source_x": "PMC",
   "title": "Lectin Switching During Dengue Virus Infection",
   "doi": "10.1093/infdis/jir173",
   "pmcid": "PMC3100511",
   "pubmed_id": "21606536",
   "license": "cc-by-nc",
   "abstract": "Dengue virus receptors are relatively poorly characterized, but there has been recent interest in 2 C-type lectin molecules, dendritic cell\u2013specific intercellular adhesion molecule 3 (ICAM-3)\u2013grabbing nonintegrin (DC-SIGN) and its close homologue liver/lymph node\u2013specific ICAM-3\u2013grabbing integrin (L-SIGN), which can both bind dengue and promote infection. In this report we have studied the interaction of dengue viruses produced in insect cells, tumor cell lines, and primary human dendritic cells (DCs) with DC-SIGN and L-SIGN. Virus produced in primary DCs is unable to interact with DC-SIGN but remains infectious for L-SIGN\u2013expressing cells. Skin-resident DCs may thus be a site of initial infection by insect-produced virus, but DCs will likely not participate in large-scale virus replication during dengue infection. These results reveal that differential glycosylation of dengue virus envelope protein is highly dependent on cell state and suggest that studies of virus tropism using virus prepared in insect cells or tumor cell lines should be interpreted with caution.",
   "publish_time": "2011 Jun 15",
   "authors": [
      "Dejnirattisai, Wanwisa",
      "Webb, Andrew I.",
      "Chan, Vera",
      "Jumnainsong, Amonrat",
      "Davidson, Andrew",
      "Mongkolsapaya, Juthathip",
      "Screaton, Gavin"
   ],
   "journal": "J Infect Dis",
   "has_full_text": "True",
   "full_text_file": "noncomm_use_subset",
   "id": "https://doi.org/10.1093/infdis/jir173",
   "pubtator": "PMC3100511",
   "fhir_link": [
      "Non-comercial/Composition/3062cebd70447841d68c48fe83f0eb51b07a761d"
   ]
}