{
   "sha": "eec44b63232c7b965ed908e716003135f358ab57",
   "source_x": "PMC",
   "title": "The impact of multiple infections on wild animal hosts: a review",
   "doi": "10.3402/iee.v1i0.7346",
   "pmcid": "PMC3426331",
   "pubmed_id": "22957114",
   "license": "cc-by-nc",
   "abstract": "Field parasitological studies consistently demonstrate the reality of polyparasitism in natural systems. However, only recently, studies from ecological and evolutionary fields have emphasised a broad spectrum of potential multiple infections-related impacts. The main goal of our review is to reunify the different approaches on the impacts of polyparasitism, not only from laboratory or human medical studies but also from field or theoretical studies. We put forward that ecological and epidemiological determinants to explain the level of polyparasitism, which regularly affects not only host body condition, survival or reproduction but also host metabolism, genetics or immune investment. Despite inherent limitations of all these studies, multiple infections should be considered more systematically in wildlife to better appreciate the importance of parasite diversity in wildlife, cumulative effects of parasitism on the ecology and evolution of their hosts.",
   "publish_time": "2011 Sep 19",
   "authors": [
      "Bordes, Fr\u00e9d\u00e9ric",
      "Morand, Serge"
   ],
   "journal": "Infect Ecol Epidemiol",
   "has_full_text": "True",
   "full_text_file": "noncomm_use_subset",
   "id": "https://doi.org/10.3402/iee.v1i0.7346",
   "pubtator": "PMC3426331",
   "fhir_link": [
      "Non-comercial/Composition/eec44b63232c7b965ed908e716003135f358ab57"
   ]
}