{
   "sha": "1a6e69772e4e79d9106015988c0d6ed48dc25ceb",
   "source_x": "PMC",
   "title": "Caspase cleavage of viral proteins, another way for viruses to make the best of apoptosis",
   "doi": "10.1038/cddis.2012.18",
   "pmcid": "PMC3317351",
   "pubmed_id": "22402601",
   "license": "cc-by-nc-nd",
   "abstract": "Viral infection constitutes an unwanted intrusion that needs to be eradicated by host cells. On one hand, one of the first protective barriers set up to prevent viral replication, spread or persistence involves the induction of apoptotic cell death that aims to limit the availability of the cellular components for viral amplification. On the other hand, while they completely depend on the host molecular machinery, viruses also need to evade the cellular responses that are meant to destroy them. The existence of numerous antiapoptotic products within the viral kingdom proves that apoptosis constitutes a major threat that should better be bypassed. Among the different strategies developed to deal with apoptosis, one is based on what viruses do best: backfiring the cell on itself. Several unrelated viruses have been described to take advantage of apoptosis induction by expressing proteins targeted by caspases, the key effectors of apoptotic cell death. Caspase cleavage of these proteins results in various consequences, from logical apoptosis inhibition to more surprising enhancement or attenuation of viral replication. The present review aims at discussing the characterization and relevance of this post-translational modification that adds a new complexity in the already intricate host\u2013apoptosis\u2013virus triangle.",
   "publish_time": "2012 Mar 8",
   "authors": [
      "Richard, A",
      "Tulasne, D"
   ],
   "journal": "Cell Death Dis",
   "has_full_text": "True",
   "full_text_file": "noncomm_use_subset",
   "id": "https://doi.org/10.1038/cddis.2012.18",
   "pubtator": "PMC3317351",
   "fhir_link": [
      "Non-comercial/Composition/1a6e69772e4e79d9106015988c0d6ed48dc25ceb"
   ]
}