{
   "sha": "7377d7ad2d731e3fbd3ed4fa15ed541b06e3587c",
   "source_x": "PMC",
   "title": "Fulminant hemophagocytic lymphohistiocytosis secondary to a reactivated EBV infection: A case report",
   "doi": "10.3109/03009734.2012.744122",
   "pmcid": "PMC3572670",
   "pubmed_id": "23398237",
   "license": "cc-by-nc",
   "abstract": "Hemophagocytic lymphohistiocytosis (HLH) is an aggressive inflammatory syndrome that results from inappropriate activation of the immune system. HLH has a high mortality if not treated. We describe a case of a fulminant HLH, associated with a reactivation of an EBV infection. The patient responded well to steroid treatment.",
   "publish_time": "2013 Mar 13",
   "authors": [
      "Antonodimitrakis, Pantelis",
      "Wassberg, Cecilia",
      "Gerovasileiou, Spyridon",
      "Back, Johan",
      "H\u00e4llgren, Roger",
      "Olsen, Bj\u00f6rn"
   ],
   "journal": "Ups J Med Sci",
   "has_full_text": "True",
   "full_text_file": "noncomm_use_subset",
   "id": "https://doi.org/10.3109/03009734.2012.744122",
   "pubtator": "PMC3572670",
   "fhir_link": [
      "Non-comercial/Composition/7377d7ad2d731e3fbd3ed4fa15ed541b06e3587c"
   ]
}