{
   "sha": "8dd1202c8cda0d3a3859c3346cfbc6647317b4f3",
   "source_x": "PMC",
   "title": "Use of Highly Pathogenic Avian Influenza A(H5N1) Gain-Of-Function Studies for Molecular-Based Surveillance and Pandemic Preparedness",
   "doi": "10.1128/mBio.02431-14",
   "pmcid": "PMC4278543",
   "pubmed_id": "25505125",
   "license": "cc-by-nc-sa",
   "publish_time": "2014 Dec 12",
   "authors": [
      "Davis, C. Todd",
      "Chen, Li-Mei",
      "Pappas, Claudia",
      "Stevens, James",
      "Tumpey, Terrence M.",
      "Gubareva, Larisa V.",
      "Katz, Jacqueline M.",
      "Villanueva, Julie M.",
      "Donis, Ruben O.",
      "Cox, Nancy J."
   ],
   "journal": "mBio",
   "has_full_text": "True",
   "full_text_file": "noncomm_use_subset",
   "id": "https://doi.org/10.1128/mBio.02431-14",
   "pubtator": "PMC4278543",
   "fhir_link": [
      "Non-comercial/Composition/8dd1202c8cda0d3a3859c3346cfbc6647317b4f3"
   ]
}