{
   "sha": "6e4cdb85e0a4e9f66a92f231bba4bb3b91f9f822",
   "source_x": "PMC",
   "title": "New global viral threats",
   "doi": "10.15537/smj.2015.4.10089",
   "pmcid": "PMC4404471",
   "pubmed_id": "25828274",
   "license": "cc-by-nc-sa",
   "abstract": "Infectious diseases have caused great catastrophes in human history, as in the example of the plague, which wiped out half of the population in Europe in the 14th century. Ebola virus and H7N9 avian influenza virus are 2 lethal pathogens that we have encountered in the second decade of the 21st century. Ebola infection is currently being seen in West Africa, and H7N9 avian flu appears to have settled in Southeast Asia. This article focuses on the current situation and the future prospects of these potential infectious threats to mankind.",
   "publish_time": "2015",
   "authors": [
      "Erdem, Hakan",
      "\u00dcnal, Serhat"
   ],
   "journal": "Saudi Med J",
   "has_full_text": "True",
   "full_text_file": "noncomm_use_subset",
   "id": "https://doi.org/10.15537/smj.2015.4.10089",
   "pubtator": "PMC4404471",
   "fhir_link": [
      "Non-comercial/Composition/6e4cdb85e0a4e9f66a92f231bba4bb3b91f9f822"
   ]
}