{
   "sha": "3677789674e47d9e9b35f87c659430e5295370e9",
   "source_x": "PMC",
   "title": "Human Coronavirus 229E Remains Infectious on Common Touch Surface Materials",
   "doi": "10.1128/mBio.01697-15",
   "pmcid": "PMC4659470",
   "pubmed_id": "26556276",
   "license": "cc-by-nc-sa",
   "abstract": "The evolution of new and reemerging historic virulent strains of respiratory viruses from animal reservoirs is a significant threat to human health. Inefficient human-to-human transmission of zoonotic strains may initially limit the spread of transmission, but an infection may be contracted by touching contaminated surfaces. Enveloped viruses are often susceptible to environmental stresses, but the human coronaviruses responsible for severe acute respiratory syndrome (SARS) and Middle East respiratory syndrome (MERS) have recently caused increasing concern of contact transmission during outbreaks. We report here that pathogenic human coronavirus 229E remained infectious in a human lung cell culture model following at least 5 days of persistence on a range of common nonbiocidal surface materials, including polytetrafluoroethylene (Teflon; PTFE), polyvinyl chloride (PVC), ceramic tiles, glass, silicone rubber, and stainless steel. We have shown previously that noroviruses are destroyed on copper alloy surfaces. In this new study, human coronavirus 229E was rapidly inactivated on a range of copper alloys (within a few minutes for simulated fingertip contamination) and Cu/Zn brasses were very effective at lower copper concentration. Exposure to copper destroyed the viral genomes and irreversibly affected virus morphology, including disintegration of envelope and dispersal of surface spikes. Cu(I) and Cu(II) moieties were responsible for the inactivation, which was enhanced by reactive oxygen species generation on alloy surfaces, resulting in even faster inactivation than was seen with nonenveloped viruses on copper. Consequently, copper alloy surfaces could be employed in communal areas and at any mass gatherings to help reduce transmission of respiratory viruses from contaminated surfaces and protect the public health.",
   "publish_time": "2015 Nov 10",
   "authors": [
      "Warnes, Sarah L.",
      "Little, Zo\u00eb R.",
      "Keevil, C. William"
   ],
   "journal": "mBio",
   "has_full_text": "True",
   "full_text_file": "noncomm_use_subset",
   "id": "https://doi.org/10.1128/mBio.01697-15",
   "pubtator": "PMC4659470",
   "fhir_link": [
      "Non-comercial/Composition/3677789674e47d9e9b35f87c659430e5295370e9"
   ]
}