{
   "sha": "67d017d4dfeac56abe259135d80211a9092a1e73",
   "source_x": "PMC",
   "title": "Interventions in live poultry markets for the control of avian influenza: A systematic review",
   "doi": "10.1016/j.onehlt.2016.03.002",
   "pmcid": "PMC4871622",
   "pubmed_id": "27213177",
   "license": "cc-by-nc-nd",
   "abstract": "BACKGROUND: Live poultry markets (LPMs) pose a threat to public health by promoting the amplification and dissemination of avian influenza viruses (AIVs) and by providing the ideal setting for zoonotic influenza transmission. OBJECTIVE: This review assessed the impact of different interventions implemented in LPMs to control the emergence of zoonotic influenza. METHODS: Publications were identified through a systematic literature search in the PubMed, MEDLINE and Web of Science databases. Eligible studies assessed the impact of different interventions, such as temporary market closure or a ban on holding poultry overnight, in reducing i) AIV-detection rates in birds and the market environment or ii) influenza incidence in humans. Unpublished literature, reviews, editorials, cross-sectional studies, theoretical models and publications in languages other than English were excluded. Relevant findings were extracted and critically evaluated. For the comparative analysis of findings across studies, standardized outcome measures were computed as i) the relative risk reduction (RRR) of AIV-detection in LPMs and ii) incidence rate ratios (IRRs) of H7N9-incidence in humans. RESULTS: A total of 16 publications were identified and reviewed. Collectively, the data suggest that AIV-circulation can be significantly reduced in the LPM-environment and among market-birds through (i) temporary LPM closure, (ii) periodic rest days (iii) market depopulation overnight and (iv) improved hygiene and disinfection. Overall, the findings indicate that the length of stay of poultry in the market is a critical control point to interrupt the AIV-replication cycle within LPMs. In addition, temporary LPM closure was associated with a significant reduction of the incidence of zoonotic influenza. The interpretation of these findings is limited by variations in the implementation of interventions. In addition, some of the included studies were of ecologic nature or lacked an inferential framework, which might have lead to cosiderable confounding and bias. CONCLUSIONS: The evidence collected in this review endorses permanent LPM-closure as a long-term objective to reduce the zoonotic risk of avian influenza, although its economic and socio-political implications favour less drastic interventions, e.g. weekly rest days, for implementation in the short-term.",
   "publish_time": "2016 Mar 22",
   "authors": [
      "Offeddu, Vittoria",
      "Cowling, Benjamin J.",
      "Peiris, J.S. Malik"
   ],
   "journal": "One Health",
   "has_full_text": "True",
   "full_text_file": "noncomm_use_subset",
   "id": "https://doi.org/10.1016/j.onehlt.2016.03.002",
   "pubtator": "PMC4871622",
   "fhir_link": [
      "Non-comercial/Composition/67d017d4dfeac56abe259135d80211a9092a1e73"
   ]
}