{
   "sha": "e3db3c2e1b832030eda8db862a8eb2ab647c0528",
   "source_x": "PMC",
   "title": "Prevalence of canine coronavirus (CCoV) in dog in Japan: detection of CCoV RNA and retrospective serological analysis",
   "doi": "10.1292/jvms.15-0347",
   "pmcid": "PMC4785132",
   "pubmed_id": "26460314",
   "license": "cc-by-nc-nd",
   "abstract": "We collected rectal swabs from dogs in Japan during 2011 to 2014, and canine coronavirus (CCoV) nucleocapsid gene was detected by RT-PCR. The relationship between CCoV infection and the manifestation of diarrhea symptoms was investigated, and a correlation was noted (df=1, \u03c7(2)=8.90, P<0.005). The types of CCoV detected in samples from CCoV-infected dogs were CCoV-I in 88.9% and CCoV-II in 7.4%, respectively. We retrospectively investigated the seroprevalence of CCoV-I in dogs in Japan during 1998 to 2006. The sera were tested with a neutralizing antibody test. In the absence of CCoV-I laboratory strain, we used feline coronavirus (FCoV)-I that shares high sequence homology in the S protein with CCoV-I. 77.7% of the sera were positive for neutralizing anti-FCoV-I antibodies.",
   "publish_time": "2016 Feb 11",
   "authors": [
      "TAKANO, Tomomi",
      "YAMASHITA, Saya",
      "MURATA-OHKUBO, Michiko",
      "SATOH, Kumi",
      "DOKI, Tomoyoshi",
      "HOHDATSU, Tsutomu"
   ],
   "journal": "J Vet Med Sci",
   "has_full_text": "True",
   "full_text_file": "noncomm_use_subset",
   "id": "https://doi.org/10.1292/jvms.15-0347",
   "pubtator": "PMC4785132",
   "fhir_link": [
      "Non-comercial/Composition/e3db3c2e1b832030eda8db862a8eb2ab647c0528"
   ]
}