{
   "sha": "a6604f5c880a6a511053e91df3800780cdc3a876",
   "source_x": "PMC",
   "title": "Examining the relationship between infectious diseases and flooding in Europe: A systematic literature review and summary of possible public health interventions",
   "doi": "10.4161/dish.25216",
   "pmcid": "PMC5314884",
   "pubmed_id": "28228994",
   "license": "cc-by-nc",
   "abstract": "Introduction Many infectious diseases are sensitive to climatic changes; specifically, flooding. This systematic literature review aimed to strengthen the quality and completeness of evidence on infectious diseases following flooding, relevant to Europe. Methods A systematic literature review from 2004\u20132012 was performed. Focused searches of the following databases were conducted: Medline, Scopus, PubMed, Cochrane Library, and Evidence Aid. Personal communications with key informants were also reviewed. Results Thirty-eight studies met the inclusion criteria. Evidence suggested that water-borne, rodent-borne, and vector-borne diseases have been associated with flooding in Europe, although at a lower incidence than developing countries. Conclusion Disease surveillance and early warning systems, coupled with effective prevention and response capabilities, can reduce current and future vulnerability to infectious diseases following flooding.",
   "publish_time": "2013 Apr 1",
   "authors": [
      "Brown, Lisa",
      "Murray, Virginia"
   ],
   "journal": "Disaster Health",
   "has_full_text": "True",
   "full_text_file": "noncomm_use_subset",
   "id": "https://doi.org/10.4161/dish.25216",
   "pubtator": "PMC5314884",
   "fhir_link": [
      "Non-comercial/Composition/a6604f5c880a6a511053e91df3800780cdc3a876"
   ]
}