{
   "sha": "2c0813f50214197ccbeae857bb05217ade8aae82",
   "source_x": "PMC",
   "title": "Human Coronavirus-HKU1 Infection Among Adults in Cleveland, Ohio",
   "doi": "10.1093/ofid/ofx052",
   "pmcid": "PMC5466428",
   "pubmed_id": "28616442",
   "license": "cc-by-nc-nd",
   "abstract": "BACKGROUND. Human coronaviruses (CoV) have been long recognized as a common cause of respiratory tract disease including severe respiratory tract illness. Coronavirus-HKU1 has been described predominantly among children less than 5 years of age in the United States with few studies characterizing the disease spectrum among adults. METHODS. Nasopharyngeal specimens of patients with respiratory symptoms were analyzed for CoV-HKU1 by NxTAG Respiratory Pathogen Panel multiplex assay from February 7, 2016 to April 30, 2016. Epidemiologic, clinical, and laboratory data were collected on adults (patients >18 years) whose samples screened positive. RESULTS. Of 832 adult respiratory specimens screened, 13 (1.6%) cases of CoV-HKU1 were identified. Adults age ranged between 23 and 75 years and 6 (46%) were males. All of whom had 1 or more respiratory symptoms, and 5 (38%) also reported 1 or more gastrointestinal symptoms. Eleven (85%) reported history of smoking and 5 (38%) used inhaled steroids. Seven (54%) required hospitalization, 5 (71%) of these needed supplemental oxygen, and 2 (29%) were admitted to intensive care. Median length of hospitalization was 5 days. Eight (62%) received antibiotics despite identification of CoV-HKU1. Infectious work-up in 1 patient who died did not reveal any other pathogen. In 2 (15%) CoV-HKU1-positive adults, the only viral coinfection detected was influenza A. CONCLUSIONS. Coronavirus-HKU1 accounted for 1.6% of adult respiratory infections and should be considered in differential diagnosis of severe respiratory illnesses among adults.",
   "publish_time": "2017 Mar 25",
   "authors": [
      "Kanwar, Anubhav",
      "Selvaraju, Suresh",
      "Esper, Frank"
   ],
   "journal": "Open Forum Infect Dis",
   "has_full_text": "True",
   "full_text_file": "noncomm_use_subset",
   "id": "https://doi.org/10.1093/ofid/ofx052",
   "pubtator": "PMC5466428",
   "fhir_link": [
      "Non-comercial/Composition/2c0813f50214197ccbeae857bb05217ade8aae82"
   ]
}