{
   "sha": "8bf17efaaca3885956b262ec027b83e86cc1711f",
   "source_x": "PMC",
   "title": "Rapid detection and differentiation of avian infectious bronchitis virus: an application of Mass genotype by melting temperature analysis in RT-qPCR using SYBR Green I",
   "doi": "10.1292/jvms.17-0566",
   "pmcid": "PMC5938207",
   "pubmed_id": "29491226",
   "license": "cc-by-nc-nd",
   "abstract": "A method based on Melting Temperature analysis of Hypervariable regions (HVR) of S1 gene within a RT-qPCR was developed to detect different genotypes of avian infectious bronchitis virus (IBV) and identify the Mass genotype. The method was able to rapidly identify the Mass genotype among IBV field isolates, vaccine attenuated strains and reference M41 strain in allantoic liquid and also directly in tissues. The RT-qPCR developed detected the virus in both tracheal and pulmonary samples from M41-infected or H120-infected birds, in a larger post-infection period compared to detection by standard method of virus isolation. RT-qPCR method tested provided a sensitivity and rapid approach for screening on IBV detection and Mass genotyping from IBV isolates.",
   "publish_time": "2018 Apr 27",
   "authors": [
      "OKINO, Cintia Hiromi",
      "MONTASSIER, Maria de F\u00e1tima Silva",
      "de OLIVEIRA, Andressa Peres",
      "MONTASSIER, Helio Jos\u00e9"
   ],
   "journal": "J Vet Med Sci",
   "has_full_text": "True",
   "full_text_file": "noncomm_use_subset",
   "id": "https://doi.org/10.1292/jvms.17-0566",
   "pubtator": "PMC5938207",
   "fhir_link": [
      "Non-comercial/Composition/8bf17efaaca3885956b262ec027b83e86cc1711f"
   ]
}