{
   "source_x": "PMC",
   "title": "Forecasting Emergency Department Admissions for Pneumonia in Tropical Singapore",
   "doi": "10.5210/ojphi.v10i1.8327",
   "pmcid": "PMC6087989",
   "license": "cc-by-nc",
   "publish_time": "2018 May 30",
   "authors": [
      "Lim, Cindy",
      "Chen, Mark"
   ],
   "journal": "Online J Public Health Inform",
   "has_full_text": "False",
   "full_text_file": "noncomm_use_subset",
   "id": "https://doi.org/10.5210/ojphi.v10i1.8327",
   "pubtator": "PMC6087989"
}