{
   "sha": "afa4ca223097866f6e31d75570448a22db0f72c5",
   "source_x": "PMC",
   "title": "Estimation Of Direct Medical Costs Of Middle East Respiratory Syndrome Coronavirus Infection: A Single-Center Retrospective Chart Review Study",
   "doi": "10.2147/IDR.S231087",
   "pmcid": "PMC6844224",
   "pubmed_id": "31819541",
   "license": "cc-by-nc",
   "abstract": "BACKGROUND: Among the countries affected by Middle East respiratory syndrome (MERS), Saudi Arabia was impacted the most, with 2,058 cases reported as of June 2019. However, the impact of the MERS epidemic on the Saudi economy is unknown. PURPOSE: The present study aimed to evaluate the direct medical costs associated with the management of MERS cases at a tertiary referral hospital in Riyadh, Saudi Arabia. METHODS: The study involved a retrospective chart review of confirmed cases of MERS coronavirus (MERS-CoV) infections in a tertiary care referral center in Riyadh, Saudi Arabia, from January 2015 to October 2018. The collected data included sociodemographic characteristics, medical information, and the cost of hospitalization of each patient as estimated by micro-costing. RESULTS: A complete set of relevant information was available only for 24 of 44 identified MERS-CoV cases. Patients were mostly females, and the mean age was 52 years. Diabetes, hypertension, and chronic kidney disease were the most frequent comorbidities. The length of hospital stay varied from 1 to 31 days, averaging 4.96 \u00b1 7.29 days. Two of the 24 patients died. The total cost of managing a MERS case at the hospital ranged from $1278.41 to $75,987.95 with a mean cost of $12,947.03 \u00b1 $19,923.14. CONCLUSION: The findings of this study highlight the enormous expenses incurred by the Saudi health care system due to the MERS-CoV outbreak and the importance of developing an enforceable nationwide policy to control MERS-CoV transmission and infection.",
   "publish_time": "2019 Nov 7",
   "authors": [
      "AlRuthia, Yazed",
      "Somily, Ali M",
      "Alkhamali, Amal S",
      "Bahari, Ohud H",
      "AlJuhani, Raneem J",
      "Alsenaidy, Mohammad",
      "Balkhi, Bander"
   ],
   "journal": "Infect Drug Resist",
   "has_full_text": "True",
   "full_text_file": "noncomm_use_subset",
   "id": "https://doi.org/10.2147/IDR.S231087",
   "pubtator": "PMC6844224",
   "fhir_link": [
      "Non-comercial/Composition/afa4ca223097866f6e31d75570448a22db0f72c5"
   ]
}