{
   "sha": "a04f95dd2586d12bce1fab7cf5208046923da10a",
   "source_x": "PMC",
   "title": "Critical care during epidemics",
   "doi": "10.1186/cc3533",
   "pmcid": "PMC1269436",
   "pubmed_id": "16137366",
   "license": "no-cc",
   "abstract": "We recommend several actions that could improve hospitals' abilities to deliver critical care during epidemics involving large numbers of victims. In the absence of careful pre-event planning, demand for critical care services may quickly exceed available intensive care unit (ICU) staff, beds and equipment, leaving the bulk of the infected populace without benefit of potentially lifesaving critical care. The toll of death may be inversely proportional to the ability to augment critical care capacity, so critical care health care professionals must take the lead for planning and preparing to care for numbers of seriously ill patients that far exceed available ICU beds.",
   "publish_time": "2005 Apr 27",
   "authors": [
      "Rubinson, Lewis",
      "O'Toole, Tara"
   ],
   "journal": "Crit Care",
   "has_full_text": "True",
   "full_text_file": "custom_license",
   "id": "https://doi.org/10.1186/cc3533",
   "pubtator": "PMC1269436",
   "fhir_link": [
      "PMC/Composition/a04f95dd2586d12bce1fab7cf5208046923da10a"
   ]
}