{
   "sha": "c6a34c64f00ecea47bb8b62a5e0c66dc173cd299",
   "source_x": "PMC",
   "title": "Enhancing the legitimacy of public health response in pandemic influenza planning: lessons from SARS.",
   "pmcid": "PMC2259163",
   "pubmed_id": "17132340",
   "license": "no-cc",
   "publish_time": "2005 Oct",
   "authors": [
      "Upshur, Ross E. G."
   ],
   "journal": "Yale J Biol Med",
   "has_full_text": "True",
   "full_text_file": "custom_license",
   "id": "https://www.ncbi.nlm.nih.gov/pubmed/17132340",
   "pubtator": "PMC2259163",
   "fhir_link": [
      "PMC/Composition/c6a34c64f00ecea47bb8b62a5e0c66dc173cd299"
   ]
}