{
   "sha": "2edf14d68de169e1e3457fb5134cf5cac92b5afc",
   "source_x": "PMC",
   "title": "School Closure to Reduce Influenza Transmission",
   "doi": "10.3201/eid1501.081289",
   "pmcid": "PMC2660715",
   "pubmed_id": "19116082",
   "license": "no-cc",
   "publish_time": "2009 Jan",
   "authors": [
      "Koonin, Lisa M.",
      "Cetron, Martin S."
   ],
   "journal": "Emerg Infect Dis",
   "has_full_text": "True",
   "full_text_file": "custom_license",
   "id": "https://doi.org/10.3201/eid1501.081289",
   "pubtator": "PMC2660715",
   "fhir_link": [
      "PMC/Composition/2edf14d68de169e1e3457fb5134cf5cac92b5afc"
   ]
}