{
   "sha": "8b922efc32e8afde38542d35e9941e86c07ca6a0",
   "source_x": "PMC",
   "title": "Role of glutathione in immunity and inflammation in the lung",
   "doi": "10.2147/IJGM.S15618",
   "pmcid": "PMC3048347",
   "pubmed_id": "21403800",
   "license": "no-cc",
   "abstract": "Reactive oxygen species and thiol antioxidants, including glutathione (GSH), regulate innate immunity at various levels. This review outlines the redox-sensitive steps of the cellular mechanisms implicated in inflammation and host defense against infection, and describes how GSH is not only important as an antioxidant but also as a signaling molecule. There is an extensive literature of the role of GSH in immunity. Most reviews are biased by an oversimplified picture where \u201cbad\u201d free radicals cause all sorts of diseases and \u201cgood\u201d antioxidants protect from them and prevent oxidative stress. While this may be the case in certain fields (eg, toxicology), the role of thiols (the topic of this review) in immunity certainly requires wearing scientist\u2019s goggles and being prepared to accept a more complex picture. This review aims at describing the role of GSH in the lung in the context of immunity and inflammation. The first part summarizes the history and basic concepts of this picture. The second part focuses on GSH metabolism/levels in pathology, the third on the role of GSH in innate immunity and inflammation, and the fourth gives 4 examples describing the importance of GSH in the response to infections.",
   "publish_time": "2011 Jan 25",
   "authors": [
      "Ghezzi, Pietro"
   ],
   "journal": "Int J Gen Med",
   "has_full_text": "True",
   "full_text_file": "custom_license",
   "id": "https://doi.org/10.2147/IJGM.S15618",
   "pubtator": "PMC3048347",
   "fhir_link": [
      "PMC/Composition/8b922efc32e8afde38542d35e9941e86c07ca6a0"
   ]
}