{
   "sha": "6a4a0de0df03bfd7860d0732ea9d42daeac06b10",
   "source_x": "PMC",
   "title": "Echovirus 30, Jiangsu Province, China",
   "doi": "10.3201/eid1104.040995",
   "pmcid": "PMC3320326",
   "pubmed_id": "15829194",
   "license": "no-cc",
   "abstract": "An outbreak of aseptic meningitis occurred in the northern area of Jiangsu Province in China from January to July in 2003. A total of 1,681 cases were involved in this outbreak, and 99% of patients were <15 years of age. To identify the etiologic agent, 66 cerebrospinal fluid specimens were tested by cell culture. Eighteen showed an enteroviruslike cytopathic effect on MRC-5 human fetal diploid lung cells. An enterovirus primer-mediated reverse transcriptase\u2013polymerase chain reaction, a standard neutralization assay, and sequencing of the complete capsid-encoding (VP1) gene identified the 18 isolates (FDJS03) as echovirus 30. At least a 10% difference was seen in nucleotide sequences of VP1 between FDJS03 isolates and other global strains of echovirus 30. Phylogenetic analysis based on complete sequences of VP1 was performed to further characterize the FDJS03 isolates. This report is the first to identify a distinct lineage of echovirus 30 as a probable cause of this outbreak.",
   "publish_time": "2005 Apr",
   "authors": [
      "Zhao, Ya Nan",
      "Jiang, Qing Wu",
      "Jiang, Ren Jie",
      "Chen, Liang",
      "Perlin, David S."
   ],
   "journal": "Emerg Infect Dis",
   "has_full_text": "True",
   "full_text_file": "custom_license",
   "id": "https://doi.org/10.3201/eid1104.040995",
   "pubtator": "PMC3320326",
   "fhir_link": [
      "PMC/Composition/6a4a0de0df03bfd7860d0732ea9d42daeac06b10"
   ]
}