{
   "sha": "8551fc3e19170f1f99d325d6a3283d9a91493d61",
   "source_x": "PMC",
   "title": "SARS Transmission, Risk Factors, and Prevention in Hong Kong",
   "doi": "10.3201/eid1004.030628",
   "pmcid": "PMC3323085",
   "pubmed_id": "15200846",
   "license": "no-cc",
   "abstract": "We analyzed information obtained from 1,192 patients with probable severe acute respiratory syndrome (SARS) reported in Hong Kong. Among them, 26.6% were hospital workers, 16.1% were household members of SARS patients and had probable secondary infections, 14.3% were Amoy Garden residents, 4.9% were inpatients, and 20.1% were contacts of SARS patients who were not family members. The remaining 347 case-patients (29.1%) did not have \u201cknown\u201d sources of infection. Excluding those <16 years of age, 330 patients with cases from \u201cundefined\u201d sources were used in a 1:2 matched case-control study. Multivariate analysis of this case-control study showed that having visited mainland China, hospitals, or the Amoy Gardens were risk factors (odds ratio [OR] 1.95 to 7.63). In addition, frequent mask use in public venues, frequent hand washing, and disinfecting the living quarters were significant protective factors (OR 0.36 to 0.58). In Hong Kong, therefore, community-acquired infection did not make up most transmissions, and public health measures have contributed substantially to the control of the SARS epidemic.",
   "publish_time": "2004 Apr",
   "authors": [
      "Lau, Joseph T.F.",
      "Tsui, Hiyi",
      "Lau, Mason",
      "Yang, Xilin"
   ],
   "journal": "Emerg Infect Dis",
   "has_full_text": "True",
   "full_text_file": "custom_license",
   "id": "https://doi.org/10.3201/eid1004.030628",
   "pubtator": "PMC3323085",
   "fhir_link": [
      "PMC/Composition/8551fc3e19170f1f99d325d6a3283d9a91493d61"
   ]
}