{
   "sha": "62ed08b25033369488b34d3a7aaee0401a3c00a0",
   "source_x": "PMC",
   "title": "Host Range and Emerging and Reemerging Pathogens",
   "doi": "10.3201/eid1112.050997",
   "pmcid": "PMC3367654",
   "pubmed_id": "16485468",
   "license": "no-cc",
   "abstract": "An updated literature survey identified 1,407 recognized species of human pathogen, 58% of which are zoonotic. Of the total, 177 are regarded as emerging or reemerging. Zoonotic pathogens are twice as likely to be in this category as are nonzoonotic pathogens. Emerging and reemerging pathogens are not strongly associated with particular types of nonhuman hosts, but they are most likely to have the broadest host ranges. Emerging and reemerging zoonoses are associated with a wide range of drivers, but changes in land use and agriculture and demographic and societal changes are most commonly cited. However, although zoonotic pathogens do represent the most likely source of emerging and reemerging infectious disease, only a small minority have proved capable of causing major epidemics in the human population.",
   "publish_time": "2005 Dec",
   "authors": [
      "Woolhouse, Mark E.J.",
      "Gowtage-Sequeria, Sonya"
   ],
   "journal": "Emerg Infect Dis",
   "has_full_text": "True",
   "full_text_file": "custom_license",
   "id": "https://doi.org/10.3201/eid1112.050997",
   "pubtator": "PMC3367654",
   "fhir_link": [
      "PMC/Composition/62ed08b25033369488b34d3a7aaee0401a3c00a0"
   ]
}