{
   "sha": "329cff721b7b30ea14537ac2a85254cd984691db",
   "source_x": "PMC",
   "title": "Savage Nature and Ecologic Exchange",
   "doi": "10.3201/eid1912.AC1912",
   "pmcid": "PMC3840887",
   "license": "no-cc",
   "publish_time": "2013 Dec",
   "authors": [
      "Potter, Polyxeni"
   ],
   "journal": "Emerg Infect Dis",
   "has_full_text": "True",
   "full_text_file": "custom_license",
   "id": "https://doi.org/10.3201/eid1912.AC1912",
   "pubtator": "PMC3840887",
   "fhir_link": [
      "PMC/Composition/329cff721b7b30ea14537ac2a85254cd984691db"
   ]
}