{
   "sha": "30c832e81049d050f9f0c0b4887d0008d86ebc7c",
   "source_x": "PMC",
   "title": "Prone to survive and the priority rule in science",
   "doi": "10.12659/MSM.889695",
   "pmcid": "PMC3808240",
   "pubmed_id": "24107784",
   "license": "no-cc",
   "publish_time": "2013 Oct 9",
   "authors": [
      "Puliyel, Jacob"
   ],
   "journal": "Med Sci Monit",
   "has_full_text": "True",
   "full_text_file": "custom_license",
   "id": "https://doi.org/10.12659/MSM.889695",
   "pubtator": "PMC3808240",
   "fhir_link": [
      "PMC/Composition/30c832e81049d050f9f0c0b4887d0008d86ebc7c"
   ]
}