{
   "sha": "ba905b2783008a9ceb817d60ead70d937fb002a4",
   "source_x": "PMC",
   "title": "Public health in Canada: Evolution, meaning and a new paradigm for respiratory therapy",
   "pmcid": "PMC4456826",
   "pubmed_id": "26078595",
   "license": "no-cc",
   "abstract": "Chronic disease burden in Canada poses an imminent public health threat. The impact of respiratory disease in Canada alone is significant, affecting one in five and leading any other cause of repeat hospitalization in all age groups. Public health action is considered to be an important means of addressing these issues. Historical understanding of health has evolved to support the adoption of paradigms by professions that recognize the limitations of medical intervention in addressing the fundamental basis of disease when compared with the broader public health perspective. Several key historical events have shaped this understanding in the Canadian context including the Lalonde and Epp reports, and public health emergencies such as the severe acute respiratory syndrome outbreak in 2003. The profession of respiratory therapy has historically existed within a medicalized paradigm of practice; however, forces both internal and external to the profession are pressuring it to consider adopting broader social-and population-based approaches. As a rapidly evolving profession, there is a need to explore emerging areas of practice opportunities in the discipline. Investigating alternative knowledge and ideology can ensure that effective strategies for addressing the contemporary respiratory heath needs of Canadians are undertaken. The present article explores the rationale for a public health- and population-based approach to health in general, and its applicability to the respiratory therapist\u2019s role in addressing respiratory health-related issues in Canada.",
   "publish_time": "2013 Winter",
   "authors": [
      "West, Andrew J"
   ],
   "journal": "Can J Respir Ther",
   "has_full_text": "True",
   "full_text_file": "custom_license",
   "id": "https://www.ncbi.nlm.nih.gov/pubmed/26078595",
   "pubtator": "PMC4456826",
   "fhir_link": [
      "PMC/Composition/ba905b2783008a9ceb817d60ead70d937fb002a4"
   ]
}