{
   "sha": "ac45f663ed3b7143b944a5385b5d82754087a6af",
   "source_x": "PMC",
   "title": "Molecular and phylogenetic analysis of matrix gene of avian influenza viruses isolated from wild birds and live bird markets in the USA",
   "doi": "10.1111/irv.12003",
   "pmcid": "PMC4941746",
   "pubmed_id": "22958470",
   "license": "no-cc",
   "abstract": "Please cite this paper as: Chander et al. (2012) Molecular and phylogenetic analysis of matrix gene of avian influenza viruses isolated from wild birds and live bird markets in the USA. Influenza and Other Respiratory Viruses 7(4), 513\u2013520. Background Wild birds are the natural hosts for influenza A viruses (IAVs) and provide a niche for the maintenance of this virus. Objectives This study was undertaken to analyze nucleotide sequences of the matrix (M) gene of AIVs isolated from wild birds and live bird markets (LBMs) to index the changes occurring in this gene. Methods M\u2010gene of 229 avian influenza virus (AIV) isolates obtained from wild birds and LBMs was amplified and sequenced. Full\u2010length sequences (\u223c900 nt.) thus obtained were analyzed to identify changes that may be associated with resistance to adamantanes. Phylogenetic analysis of all sequences was performed using clustalw, and evolutionary distances were calculated by maximum composite likelihood method using mega (ver. 5.0) software. Results Twenty\u2010seven different viral subtypes were represented with H3N8 being the most dominant subtype in wild birds and H7N2 being the predominant subtype among isolates from LBMs. Phylogenetic analysis of the M\u2010gene showed a high degree of nucleotide sequence identity with US isolates of AIVs but not with those of Asian or European lineages. While none of the isolates from wild birds had any antiviral resistance\u2013associated mutations, 17 LBM isolates carried polymorphisms known to cause reduced susceptibility to antiviral drugs (adamantanes). Of these 17 isolates, 16 had S31N change and one isolate had V27A mutation. Conclusions These results indicate independent evolution of M\u2010gene in the absence of any antiviral drugs leading to mutations causing resistance indicating the need for continued active surveillance of AIVs.",
   "publish_time": "2013 Jul 8",
   "authors": [
      "Chander, Yogesh",
      "Jindal, Naresh",
      "Sreevatsan, Srinand",
      "Stallknecht, David E.",
      "Goyal, Sagar M."
   ],
   "journal": "Influenza Other Respir Viruses",
   "has_full_text": "True",
   "full_text_file": "custom_license",
   "id": "https://doi.org/10.1111/irv.12003",
   "pubtator": "PMC4941746",
   "fhir_link": [
      "PMC/Composition/ac45f663ed3b7143b944a5385b5d82754087a6af"
   ]
}