{
   "sha": "22e1dd30a5cbd30d28a4d121e4876c8e327f027e",
   "source_x": "PMC",
   "title": "Transmissible Gastroenteritis Virus (TGEV) Infection Alters the Expression of Cellular MicroRNA Species That Affect Transcription of TGEV Gene 7",
   "doi": "10.7150/ijbs.11585",
   "pmcid": "PMC4495409",
   "pubmed_id": "26157346",
   "license": "no-cc",
   "abstract": "Transmissible gastroenteritis virus (TGEV) is a member of Coronaviridae family. TGEV infection has emerged as a major cause of severe gastroenteritis and leads to alterations of many cellular processes. Meanwhile, the pathogenic mechanism of TGEV is still unclear. microRNAs (miRNAs) are a novel class of small non-coding RNAs which are involved in the regulation of numerous biological processes such as viral infection and cell apoptosis. Accumulating data show that miRNAs are involved in the process of coronavirus infection such as replication of severe acute respiratory syndrome coronavirus (SARS-CoV). However, the link between miRNAs and TGEV infection is unknown. In this study, we performed microRNA microarray assay and predicted targets of altered miRNAs. The results showed TGEV infection caused the change of miRNAs profile. Then we selected miR-4331 for further analysis and subsequently identified cell division cycle-associated protein 7 (CDCA7) as the target of miR-4331. Moreover, miR-4331 showed the ability to inhibit transcription of TGEV gene 7 (a non-structure gene) via directly targeting CDCA7. In conclusion, differentially expressed miR-4331 that is caused by TGEV infection can suppress transcription of TGEV gene 7 via targeting cellular CDCA7. Our key finding is that TGEV selectively manipulates the expression of some cellular miRNAs to regulate its subgenomic transcription.",
   "publish_time": "2015 Jun 7",
   "authors": [
      "Song, Xiangjun",
      "Zhao, Xiaomin",
      "Huang, Yong",
      "Xiang, Hailing",
      "Zhang, Wenlong",
      "Tong, Dewen"
   ],
   "journal": "Int J Biol Sci",
   "has_full_text": "True",
   "full_text_file": "custom_license",
   "id": "https://doi.org/10.7150/ijbs.11585",
   "pubtator": "PMC4495409",
   "fhir_link": [
      "PMC/Composition/22e1dd30a5cbd30d28a4d121e4876c8e327f027e"
   ]
}