{
   "sha": "0746647069ab1d117996a1f4468e4068629e6da6",
   "source_x": "PMC",
   "title": "Building Qatar severe respiratory failure ECMO program",
   "doi": "10.5339/qmj.2017.swacelso.2",
   "pmcid": "PMC5474570",
   "license": "no-cc",
   "publish_time": "2017 Feb 14",
   "authors": [
      "Hassan, Ibrahim Mohamed Fawzy",
      "Al Shaikh, Loua"
   ],
   "journal": "Qatar Med J",
   "has_full_text": "True",
   "full_text_file": "custom_license",
   "id": "https://doi.org/10.5339/qmj.2017.swacelso.2",
   "pubtator": "PMC5474570",
   "fhir_link": [
      "PMC/Composition/0746647069ab1d117996a1f4468e4068629e6da6"
   ]
}