{
   "source_x": "PMC",
   "title": "Cryo-EM analysis of a feline coronavirus spike protein reveals a unique structure and camouflaging glycans",
   "doi": "10.1073/pnas.1908898117",
   "pmcid": "PMC6983407",
   "license": "unk",
   "abstract": "Feline infectious peritonitis virus (FIPV) is an alphacoronavirus that causes a nearly 100% mortality rate without effective treatment. Here we report a 3.3-\u00c5 cryoelectron microscopy (cryo-EM) structure of the serotype I FIPV spike (S) protein, which is responsible for host recognition and viral entry. Mass spectrometry provided site-specific compositions of densely distributed high-mannose and complex-type N-glycans that account for 1/4 of the total molecular mass; most of the N-glycans could be visualized by cryo-EM. Specifically, the N-glycans that wedge between 2 galectin-like domains within the S1 subunit of FIPV S protein result in a unique propeller-like conformation, underscoring the importance of glycosylation in maintaining protein structures. The cleavage site within the S2 subunit responsible for activation also showed distinct structural features and glycosylation. These structural insights provide a blueprint for a better molecular understanding of the pathogenesis of FIP.",
   "authors": [
      "Yang, Tzu-Jing",
      "Chang, Yen-Chen",
      "Ko, Tzu-Ping",
      "Draczkowski, Piotr",
      "Chien, Yu-Chun",
      "Chang, Yuan-Chih",
      "Wu, Kuen-Phon",
      "Khoo, Kay-Hooi",
      "Chang, Hui-Wen",
      "Hsu, Shang-Te Danny"
   ],
   "has_full_text": "False",
   "id": "https://doi.org/10.1073/pnas.1908898117",
   "pubtator": "PMC6983407"
}