{
   "sha": "4196b52a177edd5ef9cb748ada89179762acf4ab",
   "source_x": "Elsevier",
   "title": "Chapter 26 Palaeognathae: Apterygiformes, Casuariiformes, Rheiformes, Struthioniformes; Tinamiformes",
   "doi": "10.1016/B978-0-12-805306-5.00026-2",
   "license": "els-covid",
   "abstract": "Abstract The infraclass Palaeognathae includes the flightless ratites (ostrich, emu, rhea, cassowary, kiwi) and the tinamous, a group of related, flighted birds. This chapter focuses on unique anatomy and important non-infectious and infectious diseases of these groups of birds. Notable among these are management-related diseases such as gastrointestinal tract impactions, OIE reportable viral diseases including those cause by the avian influenza and eastern equine encephalitis viruses, and a range of species-specific endo- and ectoparasites virus infections.",
   "publish_time": "2018-12-31",
   "authors": [
      "Smith, Dale A."
   ],
   "journal": "Pathology of Wildlife and Zoo Animals",
   "has_full_text": "True",
   "full_text_file": "custom_license",
   "id": "https://doi.org/10.1016/B978-0-12-805306-5.00026-2",
   "fhir_link": [
      "PMC/Composition/4196b52a177edd5ef9cb748ada89179762acf4ab"
   ]
}