{
   "sha": "fba630711f8baa835b41d496c975cea898e791cc",
   "source_x": "Elsevier",
   "doi": "10.1016/B978-0-12-809633-8.09001-4",
   "license": "els-covid",
   "abstract": "Unknown",
   "publish_time": "2019-12-31",
   "journal": "Encyclopedia of Bioinformatics and Computational Biology",
   "has_full_text": "True",
   "full_text_file": "custom_license",
   "id": "https://doi.org/10.1016/B978-0-12-809633-8.09001-4",
   "fhir_link": [
      "PMC/Composition/fba630711f8baa835b41d496c975cea898e791cc"
   ]
}