{
   "source_x": "PMC",
   "title": "microRNA-1246 mediates lipopolysaccharide-induced pulmonary endothelial cell apoptosis and acute lung injury by targeting angiotensin-converting enzyme 2",
   "pmcid": "PMC5376019",
   "license": "unk",
   "abstract": "In this study, we aimed to identify potential microRNA (miRNA) regulators of angiotensin-converting enzyme 2 (ACE2) and to explore their roles in lipopolysaccharide (LPS)-induced acute lung injury (ALI). The expression of predicted miRNA regulators of ACE2 was examined in LPS-exposed pulmonary microvascular endothelial cells (PMVECs). Gain- and loss-of-function studies were performed to determine the functions of candidate miRNAs in LPS-induced PMVEC apoptosis and inflammatory response. The roles of the miRNAs in LPS-induced lung inflammation and permeability were investigated in a mouse model. Notably, LPS (1 \u03bcg/mL) significantly induced the expression of miR-1246 in PMVECs. ACE2 was validated as a target gene of miR-1246. Silencing of miR-1246 prevented LPS-induced inhibition of ACE2, which was accompanied by reduced apoptosis and production of IL-1\u03b2 and TNF-\u03b1. In contrast, ectopic expression of miR-1246 triggered apoptosis in PMVECs and promoted IL-1\u03b2 and TNF-\u03b1 release. MiR-1246-mediated apoptosis of PMVECs was impaired by overexpression of ACE2. Depletion of miR-1246 attenuated lung inflammation, neutrophil infiltration, and vascular permeability and restored pulmonary expression of ACE2 in LPS-exposed mice. Taken together, miR-1246 meditates LPS-induced pulmonary endothelial cell apoptosis in vitro and ALI in mouse models, which are, at least partially, ascribed to repression of ACE2.",
   "authors": [
      "Fang, Yue",
      "Gao, Fengying",
      "Hao, Jing",
      "Liu, Zhenwei"
   ],
   "has_full_text": "False",
   "id": "https://www.ncbi.nlm.nih.gov/pmc/articles/PMC5376019",
   "pubtator": "PMC5376019"
}