{
   "sha": "c28c4b632831c11536605265439b81c203612121",
   "source_x": "Elsevier",
   "title": "Index",
   "doi": "10.1016/B978-0-12-811393-6.09995-0",
   "license": "els-covid",
   "abstract": "Unknown",
   "publish_time": "2019-12-31",
   "journal": "Low-Cost Carriers in Emerging Countries",
   "has_full_text": "True",
   "full_text_file": "custom_license",
   "id": "https://doi.org/10.1016/B978-0-12-811393-6.09995-0",
   "fhir_link": [
      "PMC/Composition/c28c4b632831c11536605265439b81c203612121"
   ]
}