{
   "source_x": "PMC",
   "title": "Health Technology Assessment of pathogen reduction technologies applied to plasma for clinical use",
   "doi": "10.2450/2016.0065-16",
   "pmcid": "PMC4942318",
   "license": "unk",
   "abstract": "Although existing clinical evidence shows that the transfusion of blood components is becoming increasingly safe, the risk of transmission of known and unknown pathogens, new pathogens or re-emerging pathogens still persists. Pathogen reduction technologies may offer a new approach to increase blood safety. The study is the output of collaboration between the Italian National Blood Centre and the Post-Graduate School of Health Economics and Management, Catholic University of the Sacred Heart, Rome, Italy. A large, multidisciplinary team was created and divided into six groups, each of which addressed one or more HTA domains. Plasma treated with amotosalen + UV light, riboflavin + UV light, methylene blue or a solvent/detergent process was compared to fresh-frozen plasma with regards to current use, technical features, effectiveness, safety, economic and organisational impact, and ethical, social and legal implications. The available evidence is not sufficient to state which of the techniques compared is superior in terms of efficacy, safety and cost-effectiveness. Evidence on efficacy is only available for the solvent/detergent method, which proved to be non-inferior to untreated fresh-frozen plasma in the treatment of a wide range of congenital and acquired bleeding disorders. With regards to safety, the solvent/detergent technique apparently has the most favourable risk-benefit profile. Further research is needed to provide a comprehensive overview of the cost-effectiveness profile of the different pathogen-reduction techniques. The wide heterogeneity of results and the lack of comparative evidence are reasons why more comparative studies need to be performed.",
   "authors": [
      "Cicchetti, Americo",
      "Berrino, Alexandra",
      "Casini, Marina",
      "Codella, Paola",
      "Facco, Giuseppina",
      "Fiore, Alessandra",
      "Marano, Giuseppe",
      "Marchetti, Marco",
      "Midolo, Emanuela",
      "Minacori, Roberta",
      "Refolo, Pietro",
      "Romano, Federica",
      "Ruggeri, Matteo",
      "Sacchini, Dario",
      "Spagnolo, Antonio G.",
      "Urbina, Irene",
      "Vaglio, Stefania",
      "Grazzini, Giuliano",
      "Liumbruno, Giancarlo M."
   ],
   "has_full_text": "False",
   "id": "https://doi.org/10.2450/2016.0065-16",
   "pubtator": "PMC4942318"
}