{
   "source_x": "PMC",
   "title": "Viral evasion of intracellular DNA and RNA sensing",
   "doi": "10.1038/nrmicro.2016.45",
   "pmcid": "PMC5072394",
   "license": "unk",
   "abstract": "The co-evolution of viruses with their hosts has led to the emergence of viral pathogens that are adept at evading or actively suppressing host immunity. Pattern recognition receptors (PRRs) are key components of antiviral immunity that detect conserved molecular features of viral pathogens and initiate signalling that results in the expression of antiviral genes. In this Review, we discuss the strategies that viruses use to escape immune surveillance by key intracellular sensors of viral RNA or DNA, with a focus on RIG-I-like receptors (RLRs), cyclic GMP\u2013AMP synthase (cGAS) and interferon-\u03b3 (IFN\u03b3)-inducible protein 16 (IFI16). Such viral strategies include the sequestration or modification of viral nucleic acids, interference with specific post-translational modifications of PRRs or their adaptor proteins, the degradation or cleavage of PRRs or their adaptors, and the sequestration or relocalization of PRRs. An understanding of viral immune-evasion mechanisms at the molecular level may guide the development of vaccines and antivirals.",
   "authors": [
      "Chan, Ying Kai",
      "Gack, Michaela U."
   ],
   "has_full_text": "False",
   "id": "https://doi.org/10.1038/nrmicro.2016.45",
   "pubtator": "PMC5072394"
}