{
   "sha": "d45c30be5ec68906ee63a855ccaef309ea9d78fb",
   "source_x": "Elsevier",
   "title": "Chapter 10 Respiratory syncytial virus",
   "doi": "10.1016/B978-0-12-814582-1.00011-5",
   "license": "els-covid",
   "abstract": "Abstract Respiratory Syncytial Virus (RSV) is a leading cause of hospitalization and mortality associated with lower respiratory tract illness in infants and young children worldwide. The World Health Organization recognizes the need to develop and implement prevention strategies to reduce the impact of RSV in early life as a global health priority. RSV vaccination during pregnancy is a feasible strategy to achieve this goal. Vaccines for maternal immunization against RSV are in active development and could be implemented in the near future within existing maternal-child health platforms. In addition, infant protection may be achieved through either passive antibody administration or active immunization, depending on infant health status, given that options for these complementary interventions are being developed in parallel to vaccines for maternal immunization.",
   "publish_time": "2020-12-31",
   "authors": [
      "Munoz, Flor M.",
      "Englund, Janet A."
   ],
   "journal": "Maternal Immunization",
   "has_full_text": "True",
   "full_text_file": "custom_license",
   "id": "https://doi.org/10.1016/B978-0-12-814582-1.00011-5",
   "fhir_link": [
      "PMC/Composition/d45c30be5ec68906ee63a855ccaef309ea9d78fb"
   ]
}