{
   "source_x": "PMC",
   "title": "Immune surveillance of the CNS following infection and injury",
   "doi": "10.1016/j.it.2015.08.002",
   "pmcid": "PMC4592776",
   "license": "unk",
   "abstract": "The central nervous system (CNS) contains a sophisticated neural network that must be constantly surveyed in order to detect and mitigate a diverse array of challenges. The innate and adaptive immune systems actively participate in this surveillance, which is critical for the maintenance of CNS homeostasis and can facilitate the resolution of infections, degeneration, and tissue damage. Infections and sterile injuries represent two common challenges imposed on the CNS that require a prompt immune response. While the inducers of these two challenges differ in origin, the resultant responses orchestrated by the CNS share some overlapping features. Here, we review how the CNS immunologically discriminates between pathogens and sterile injuries, mobilizes an immune reaction, and, ultimately, regulates local and peripherally-derived immune cells to provide a supportive milieu for tissue repair.",
   "authors": [
      "Russo, Matthew",
      "McGavern, Dorian B."
   ],
   "has_full_text": "False",
   "id": "https://doi.org/10.1016/j.it.2015.08.002",
   "pubtator": "PMC4592776"
}