{
   "source_x": "PMC",
   "title": "Disseminated Rhinovirus C8 Infection with Infectious Virus in Blood and Fatal Outcome in a Child with Repeated Episodes of Bronchiolitis",
   "doi": "10.1128/JCM.03484-14",
   "pmcid": "PMC4400751",
   "license": "unk",
   "abstract": "We report a fatal case of acute lower respiratory tract disease with human rhinovirus C (HRV-C) as the unique cause in a 19-month-old girl with a history of repeated episodes of bronchiolitis. HRV-C type 8 nucleic acids were observed in respiratory, stool, and cerebrospinal fluid samples, and infectious virions were isolated from patient serum after inoculation onto reconstituted airway epithelia.",
   "authors": [
      "Lupo, Julien",
      "Schuffenecker, Isabelle",
      "Morel-Baccard, Christine",
      "Bardet, Julie",
      "Payen, Val\u00e9rie",
      "Kaiser, Laurent",
      "Constant, Samuel",
      "Lobrinus, Johannes Alexander",
      "Lin-Marq, Nathalie",
      "Lina, Bruno",
      "Morand, Patrice",
      "Tapparel, Caroline"
   ],
   "has_full_text": "False",
   "id": "https://doi.org/10.1128/JCM.03484-14",
   "pubtator": "PMC4400751"
}