{
   "source_x": "PMC",
   "title": "Evasion of Antiviral Immunity through Sequestering of TBK1/IKK\u03b5/IRF3 into Viral Inclusion Bodies",
   "doi": "10.1128/JVI.03510-13",
   "pmcid": "PMC3957960",
   "license": "unk",
   "abstract": "Cells are equipped with pattern recognition receptors (PRRs) such as the Toll-like and RIG-I-like receptors that mount innate defenses against viruses. However, viruses have evolved multiple strategies to evade or thwart host antiviral responses. Viral inclusion bodies (IBs), which are accumulated aggregates of viral proteins, are commonly formed during the replication of some viruses in infected cells, but their role in viral immune evasion has rarely been explored. Severe fever with thrombocytopenia syndrome (SFTS) is an emerging febrile illness caused by a novel phlebovirus in the Bunyaviridae. The SFTS viral nonstructural protein NSs can suppress host beta interferon (IFN-\u03b2) responses. NSs can form IBs in infected and transfected cells. Through interaction with tank-binding kinase 1 (TBK1), viral NSs was able to sequester the IKK complex, including IKK\u03b5 and IRF3, into IBs, although NSs did not interact with IKK\u03b5 or IRF3 directly. When cells were infected with influenza A virus, IRF3 was phosphorylated and active phosphorylated IRF3 (p-IRF3) was translocated into the nucleus. In the presence of NSs, IRF3 could still be phosphorylated, but p-IRF3 was trapped in cytoplasmic IBs, resulting in reduced IFN-\u03b2 induction and enhanced viral replication. Sequestration of the IKK complex and active IRF3 into viral IBs through the interaction of NSs and TBK1 is a novel mechanism for viral evasion of innate immunity.",
   "authors": [
      "Wu, Xiaodong",
      "Qi, Xian",
      "Qu, Bingqian",
      "Zhang, Zerui",
      "Liang, Mifang",
      "Li, Chuan",
      "Cardona, Carol J.",
      "Li, Dexin",
      "Xing, Zheng"
   ],
   "has_full_text": "False",
   "id": "https://doi.org/10.1128/JVI.03510-13",
   "pubtator": "PMC3957960"
}