{
   "source_x": "PMC",
   "title": "Angiotensin Converting Enzyme 2/Ang\u2010(1\u20137)/Mas Axis Protects Brain from Ischemic Injury with a Tendency of Age\u2010dependence",
   "doi": "10.1111/cns.12233",
   "pmcid": "PMC4840841",
   "license": "unk",
   "abstract": "BACKGROUND: The angiotensin (Ang) converting enzyme 2 (ACE2)/Ang\u2010(1\u20107)/Mas receptor pathway is an important component of the renin\u2013angiotensin system and has been suggested to exert beneficial effects in ischemic stroke. AIMS: This study explored whether the ACE2/Ang\u2010(1\u20107)/Mas pathway has a protective effect on cerebral ischemic injury and whether this effect is affected by age. METHODS: We used three\u2010month and eight\u2010month transgenic mice with neural over\u2010expression of ACE2 (SA) and their age\u2010matched nontransgenic (NT) controls. Neurological deficits and ischemic stroke volume were determined following middle cerebral artery occlusion (MCAO). In oxygen and glucose deprivation (OGD) experiments on brain slices, the effects of the Mas receptor agonist (Ang1\u20107) or antagonist (A779) on tissue swelling, Nox2/Nox4 expression reactive oxygen species (ROS) production and cell death were measured. RESULTS: (1) Middle cerebral artery occlusion \u2010induced ischemic injury and neurological deficit were reduced in SA mice, especially in eight\u2010month animals; (2) OGD\u2010induced tissue swelling and cell death were decreased in SA mice with a greater reduction seen in eight\u2010month mice; (3) Ang\u2010(1\u20137) and A779 had opposite effects on OGD\u2010induced responses, which correlated with changes in Nox2/Nox4 expression and ROS production. CONCLUSIONS: Angiotensin converting enzyme 2/Ang\u2010(1\u20107)/Mas axis protects brain from ischemic injury via the Nox/ROS signaling pathway, with a greater effect in older animals.",
   "authors": [
      "Zheng, Jiao\u2010Lin",
      "Li, Guang\u2010Ze",
      "Chen, Shu\u2010Zhen",
      "Wang, Jin\u2010Ju",
      "Olson, James E.",
      "Xia, Hui\u2010Jing",
      "Lazartigues, Eric",
      "Zhu, Yu\u2010Lan",
      "Chen, Yan\u2010Fang"
   ],
   "has_full_text": "False",
   "id": "https://doi.org/10.1111/cns.12233",
   "pubtator": "PMC4840841"
}