{
   "source_x": "PMC",
   "title": "Architectural Organization of the Metabolic Regulatory Enzyme Ghrelin O-Acyltransferase",
   "doi": "10.1074/jbc.M113.510313",
   "pmcid": "PMC3820860",
   "license": "unk",
   "abstract": "Ghrelin O-acyltransferase (GOAT) is a polytopic integral membrane protein required for activation of ghrelin, a secreted metabolism-regulating peptide hormone. Although GOAT is a potential therapeutic target for the treatment of obesity and diabetes and plays a key role in other physiologic processes, little is known about its structure or mechanism. GOAT is a member of the membrane-bound O-acyltransferase (MBOAT) family, a group of polytopic integral membrane proteins involved in lipid-biosynthetic and lipid-signaling reactions from prokaryotes to humans. Here we use phylogeny and a variety of bioinformatic tools to predict the topology of GOAT. Using selective permeabilization indirect immunofluorescence microscopy in combination with glycosylation shift immunoblotting, we demonstrate that GOAT contains 11 transmembrane helices and one reentrant loop. Development of the V5Glyc tag, a novel, small, and sensitive dual topology reporter, facilitated these experiments. The MBOAT family invariant residue His-338 is in the ER lumen, consistent with other family members, but conserved Asn-307 is cytosolic, making it unlikely that both are involved in catalysis. Photocross-linking of synthetic ghrelin analogs and inhibitors demonstrates binding to the C-terminal region of GOAT, consistent with a role of His-338 in the active site. This knowledge of GOAT architecture is important for a deeper understanding of the mechanism of GOAT and other MBOATs and could ultimately advance the discovery of selective inhibitors for these enzymes.",
   "authors": [
      "Taylor, Martin S.",
      "Ruch, Travis R.",
      "Hsiao, Po-Yuan",
      "Hwang, Yousang",
      "Zhang, Pingfeng",
      "Dai, Lixin",
      "Huang, Cheng Ran Lisa",
      "Berndsen, Christopher E.",
      "Kim, Min-Sik",
      "Pandey, Akhilesh",
      "Wolberger, Cynthia",
      "Marmorstein, Ronen",
      "Machamer, Carolyn",
      "Boeke, Jef D.",
      "Cole, Philip A."
   ],
   "has_full_text": "False",
   "id": "https://doi.org/10.1074/jbc.M113.510313",
   "pubtator": "PMC3820860"
}