{
   "source_x": "PMC",
   "title": "Middle East Respiratory Syndrome Coronavirus (MERS-CoV): Announcement of the Coronavirus Study Group",
   "doi": "10.1128/JVI.01244-13",
   "pmcid": "PMC3700179",
   "license": "unk",
   "authors": [
      "de Groot, Raoul J.",
      "Baker, Susan C.",
      "Baric, Ralph S.",
      "Brown, Caroline S.",
      "Drosten, Christian",
      "Enjuanes, Luis",
      "Fouchier, Ron A. M.",
      "Galiano, Monica",
      "Gorbalenya, Alexander E.",
      "Memish, Ziad A.",
      "Perlman, Stanley",
      "Poon, Leo L. M.",
      "Snijder, Eric J.",
      "Stephens, Gwen M.",
      "Woo, Patrick C. Y.",
      "Zaki, Ali M.",
      "Zambon, Maria",
      "Ziebuhr, John"
   ],
   "has_full_text": "False",
   "id": "https://doi.org/10.1128/JVI.01244-13",
   "pubtator": "PMC3700179"
}