{
   "source_x": "PMC",
   "title": "Foot-and-Mouth Disease Virus Induces Autophagosomes during Cell Entry via a Class III Phosphatidylinositol 3-Kinase-Independent Pathway",
   "doi": "10.1128/JVI.00846-12",
   "pmcid": "PMC3497631",
   "license": "unk",
   "abstract": "Autophagy is an intracellular pathway that can contribute to innate antiviral immunity by delivering viruses to lysosomes for degradation or can be beneficial for viruses by providing specialized membranes for virus replication. Here, we show that the picornavirus foot-and-mouth disease virus (FMDV) induces the formation of autophagosomes. Induction was dependent on Atg5, involved processing of LC3 to LC3II, and led to a redistribution of LC3 from the cytosol to punctate vesicles indicative of authentic autophagosomes. Furthermore, FMDV yields were reduced in cells lacking Atg5, suggesting that autophagy may facilitate FMDV infection. However, induction of autophagosomes by FMDV appeared to differ from starvation, as the generation of LC3 punctae was not inhibited by wortmannin, implying that FMDV-induced autophagosome formation does not require the class III phosphatidylinositol 3-kinase (PI3-kinase) activity of vps34. Unlike other picornaviruses, for which there is strong evidence that autophagosome formation is linked to expression of viral nonstructural proteins, FMDV induced autophagosomes very early during infection. Furthermore, autophagosomes could be triggered by either UV-inactivated virus or empty FMDV capsids, suggesting that autophagosome formation was activated during cell entry. Unlike other picornaviruses, FMDV-induced autophagosomes did not colocalize with the viral 3A or 3D protein. In contrast, \u223c50% of the autophagosomes induced by FMDV colocalized with VP1. LC3 and VP1 also colocalized with the cellular adaptor protein p62, which normally targets ubiquitinated proteins to autophagosomes. These results suggest that FMDV induces autophagosomes during cell entry to facilitate infection, but not to provide membranes for replication.",
   "authors": [
      "Berryman, Stephen",
      "Brooks, Elizabeth",
      "Burman, Alison",
      "Hawes, Philippa",
      "Roberts, Rebecca",
      "Netherton, Christopher",
      "Monaghan, Paul",
      "Whelband, Matthew",
      "Cottam, Eleanor",
      "Elazar, Zvulun",
      "Jackson, Terry",
      "Wileman, Thomas"
   ],
   "has_full_text": "False",
   "id": "https://doi.org/10.1128/JVI.00846-12",
   "pubtator": "PMC3497631"
}