{
   "source_x": "PMC",
   "title": "HIV: Cell Binding and Entry",
   "doi": "10.1101/cshperspect.a006866",
   "pmcid": "PMC3405824",
   "license": "unk",
   "abstract": "The first step of the human immunodeficiency virus (HIV) replication cycle\u2014binding and entry into the host cell\u2014plays a major role in determining viral tropism and the ability of HIV to degrade the human immune system. HIV uses a complex series of steps to deliver its genome into the host cell cytoplasm while simultaneously evading the host immune response. To infect cells, the HIV protein envelope (Env) binds to the primary cellular receptor CD4 and then to a cellular coreceptor. This sequential binding triggers fusion of the viral and host cell membranes, initiating infection. Revealing the mechanism of HIV entry has profound implications for viral tropism, transmission, pathogenesis, and therapeutic intervention. Here, we provide an overview into the mechanism of HIV entry, provide historical context to key discoveries, discuss recent advances, and speculate on future directions in the field.",
   "authors": [
      "Wilen, Craig B.",
      "Tilton, John C.",
      "Doms, Robert W."
   ],
   "has_full_text": "False",
   "id": "https://doi.org/10.1101/cshperspect.a006866",
   "pubtator": "PMC3405824"
}