{
   "source_x": "PMC",
   "title": "Drug combination therapy in control of cryptosporidiosis in Ludhiana district of Punjab",
   "doi": "10.1007/s12639-012-0123-2",
   "pmcid": "PMC3427675",
   "license": "unk",
   "abstract": "The present report describes outbreak of cryptosporidiosis in neonatal cross bred cattle calves ageing 1\u20132 months in an organized dairy farm. The protozoan infection was confirmed by identifying bright red oocysts of Cryptosporidium spp. in the faecal samples after staining with modified acid Fast Zeihl\u2013Neelsen stain. Metronidazole and furazolidone combination was able to induce clinically and parasitological recovery. This is believed to be the first report on the successful use of this drug combination against cryptosporidiosis.",
   "authors": [
      "Randhawa, S. S.",
      "Randhawa, Swaran S.",
      "Zahid, U. N.",
      "Singla, L. D.",
      "Juyal, P. D."
   ],
   "has_full_text": "False",
   "id": "https://doi.org/10.1007/s12639-012-0123-2",
   "pubtator": "PMC3427675"
}