{
   "source_x": "PMC",
   "title": "Regulating the adaptive immune response to respiratory virus infection",
   "doi": "10.1038/nri3166",
   "pmcid": "PMC3364025",
   "license": "unk",
   "abstract": "Recent years have seen several advances in our understanding of immunity to virus infection of the lower respiratory tract, including to influenza virus infection. Here, we review the cellular targets of viruses and the features of the host immune response that are unique to the lungs. We describe the interplay between innate and adaptive immune cells in the induction, expression and control of antiviral immunity, and discuss the impact of the infected lung milieu on moulding the response of antiviral effector T cells. Recent findings on the mechanisms that underlie the increased frequency of severe pulmonary bacterial infections following respiratory virus infection are also discussed.",
   "authors": [
      "Braciale, Thomas J.",
      "Sun, Jie",
      "Kim, Taeg S."
   ],
   "has_full_text": "False",
   "id": "https://doi.org/10.1038/nri3166",
   "pubtator": "PMC3364025"
}