{
   "sha": "f8b53fa127e474283cfceb4dd86990801a3bc954",
   "source_x": "Elsevier",
   "title": "5 Vaccine Manufacturing",
   "doi": "10.1016/B978-0-323-35761-6.00005-5",
   "license": "els-covid",
   "publish_time": "2018-12-31",
   "authors": [
      "Gomez, Phillip L.",
      "Robinson, James M."
   ],
   "journal": "Plotkin's Vaccines",
   "has_full_text": "True",
   "full_text_file": "custom_license",
   "id": "https://doi.org/10.1016/B978-0-323-35761-6.00005-5",
   "fhir_link": [
      "PMC/Composition/f8b53fa127e474283cfceb4dd86990801a3bc954"
   ]
}