{
   "source_x": "PMC",
   "title": "Function of nonstructural 5A protein of genotype 2a in replication and infection of HCV with gene substitution",
   "doi": "10.3748/wjg.v17.i29.3398",
   "pmcid": "PMC3160566",
   "license": "unk",
   "abstract": "AIM: To explore the function of Nonstructural 5A (NS5A) protein of genotype 2a (JFH1) in the replication and infection of hepatitis C virus (HCV). METHODS: Intergenotypic chimera FL-J6JFH/J4NS5A was constructed by inserting NS5A gene from 1b stain HC-J4 by the overlapping polymerase chain reaction (PCR) method and the restriction enzyme reaction. In vitro RNA transcripts of chimera, prototype J6JFH and negative control J6JFH1 (GND) were prepared and transfected into Huh-7.5 cells with liposomes. Immunofluorescence assay (IFA), fluorescence quantitative PCR and infection assay were performed to determine the protein expression and gene replication in Huh-7.5 cells. RESULTS: The HCV RNA levels in FL-J6JFH/J4NS5A chimera RNA transfected cells were significantly lower than the wild type at any indicated time point (2.58 \u00b1 5.97 \u00d7 10(6) vs 4.27 \u00b1 1.72 \u00d7 10(4), P = 0.032). The maximal level of HCV RNA in chimera was 5.6 \u00b1 1.8 \u00d7 10(4) GE/\u03bcg RNA at day 34 after transfection, while the wild type reached a peak level at day 13 which was 126 folds higher (70.65 \u00b1 14.11 \u00d7 10(5) vs 0.56 \u00b1 0.90 \u00d7 10(5), P = 0.028). HCV proteins could also be detected by IFA in chimera-transfected cells with an obviously low level. Infection assay showed that FL-J6JFH/J4NS5A chimera could produce infectious virus particles, ranging from 10 \u00b1 5 ffu/mL to 78.3 \u00b1 23.6 ffu/mL, while that of FL-J6JFH1 ranged from 5.8 \u00b1 1.5 \u00d7 10(2) ffu/mL to 2.5 \u00b1 1.4 \u00d7 10(4) ffu/mL. CONCLUSION: JFH1 NS5A might play an important role in the robust replication of J6JFH1. The establishment of FL-J6JFH/J4NS5A provided a useful platform for studying the function of other proteins of HCV.",
   "authors": [
      "Wang, Yong-Zhi",
      "Wang, Wen-Bo",
      "Cao, Ming-Mei",
      "Wang, Wen",
      "Zhao, Lan-Juan",
      "Xu, Gang",
      "Ren, Hao",
      "Qi, Zhong-Tian"
   ],
   "has_full_text": "False",
   "id": "https://doi.org/10.3748/wjg.v17.i29.3398",
   "pubtator": "PMC3160566"
}