{
   "source_x": "PMC",
   "title": "Stem Cells and Cell Therapies in Lung Biology and Lung Diseases",
   "doi": "10.1513/pats.201012-071DW",
   "pmcid": "PMC3132784",
   "license": "unk",
   "authors": [
      "Weiss, Daniel J.",
      "Bertoncello, Ivan",
      "Borok, Zea",
      "Kim, Carla",
      "Panoskaltsis-Mortari, Angela",
      "Reynolds, Susan",
      "Rojas, Mauricio",
      "Stripp, Barry",
      "Warburton, David",
      "Prockop, Darwin J."
   ],
   "has_full_text": "False",
   "id": "https://doi.org/10.1513/pats.201012-071DW",
   "pubtator": "PMC3132784"
}