{
   "sha": "cc8432cb895383add7ee441f080438023b0ab99a",
   "source_x": "Elsevier",
   "title": "Chapter 14 Nervous System 1",
   "doi": "10.1016/B978-0-323-35775-3.00014-X",
   "license": "els-covid",
   "publish_time": "2017-12-31",
   "authors": [
      "Miller, Andrew D.",
      "Zachary, James F."
   ],
   "journal": "Pathologic Basis of Veterinary Disease",
   "has_full_text": "True",
   "full_text_file": "custom_license",
   "id": "https://doi.org/10.1016/B978-0-323-35775-3.00014-X",
   "fhir_link": [
      "PMC/Composition/cc8432cb895383add7ee441f080438023b0ab99a"
   ]
}