{
   "sha": "76e57c72d420ae3a60f33deb2bdada21240d0946",
   "source_x": "Elsevier",
   "title": "Index",
   "doi": "10.1016/B978-0-323-35775-3.00024-2",
   "license": "els-covid",
   "abstract": "Unknown",
   "publish_time": "2017-12-31",
   "journal": "Pathologic Basis of Veterinary Disease",
   "has_full_text": "True",
   "full_text_file": "custom_license",
   "id": "https://doi.org/10.1016/B978-0-323-35775-3.00024-2",
   "fhir_link": [
      "PMC/Composition/76e57c72d420ae3a60f33deb2bdada21240d0946"
   ]
}