{
   "source_x": "PMC",
   "title": "Hydrocarbon double-stapling remedies the proteolytic instability of a lengthy peptide therapeutic",
   "doi": "10.1073/pnas.1002713107",
   "pmcid": "PMC2922607",
   "license": "unk",
   "abstract": "The pharmacologic utility of lengthy peptides can be hindered by loss of bioactive structure and rapid proteolysis, which limits bioavailability. For example, enfuvirtide (Fuzeon, T20, DP178), a 36-amino acid peptide that inhibits human immunodeficiency virus type 1 (HIV-1) infection by effectively targeting the viral fusion apparatus, has been relegated to a salvage treatment option mostly due to poor in vivo stability and lack of oral bioavailability. To overcome the proteolytic shortcomings of long peptides as therapeutics, we examined the biophysical, biological, and pharmacologic impact of inserting all-hydrocarbon staples into an HIV-1 fusion inhibitor. We find that peptide double-stapling confers striking protease resistance that translates into markedly improved pharmacokinetic properties, including oral absorption. We determined that the hydrocarbon staples create a proteolytic shield by combining reinforcement of overall \u03b1-helical structure, which slows the kinetics of proteolysis, with complete blockade of peptide cleavage at constrained sites in the immediate vicinity of the staple. Importantly, double-stapling also optimizes the antiviral activity of HIV-1 fusion peptides and the antiproteolytic feature extends to other therapeutic peptide templates, such as the diabetes drug exenatide (Byetta). Thus, hydrocarbon double-stapling may unlock the therapeutic potential of natural bioactive polypeptides by transforming them into structurally fortified agents with enhanced bioavailability.",
   "authors": [
      "Bird, Gregory H.",
      "Madani, Navid",
      "Perry, Alisa F.",
      "Princiotto, Amy M.",
      "Supko, Jeffrey G.",
      "He, Xiaoying",
      "Gavathiotis, Evripidis",
      "Sodroski, Joseph G.",
      "Walensky, Loren D."
   ],
   "has_full_text": "False",
   "id": "https://doi.org/10.1073/pnas.1002713107",
   "pubtator": "PMC2922607"
}