{
   "source_x": "PMC",
   "title": "T cell Epitope Specificity and Pathogenesis of MHV-1 Induced Disease in Susceptible and Resistant Hosts(1)",
   "doi": "10.4049/jimmunol.0902749",
   "pmcid": "PMC2897948",
   "license": "unk",
   "abstract": "Intranasal MHV-1 infection of susceptible mouse strains mimics some important pathologic features observed in the lungs of SARS-CoV infected humans. The pathogenesis of Severe Acute Respiratory Syndrome (SARS) remains poorly understood, although increasing evidence suggests that immunopathology could play an important role. We previously reported that the adaptive immune response plays an important protective role in MHV-1 infected resistant B6 mice and that both CD4 and CD8 T-cells play a significant role in the development of morbidity and lung pathology following intranasal MHV-infection of susceptible C3H/HeJ and A/J mice. In this study we identified novel CD4 and CD8 epitopes in MHV-1 infected susceptible and resistant strains of mice. Susceptible C3H/HeJ mice mount robust and broad MHV-1 specific CD4 T-cell responses while in resistant B6 mice, antigen-specific CD8 T-cell responses dominate. We also show that previously immunized susceptible C3H/HeJ mice do not develop any morbidity and are completely protected following a lethal dose MHV-1 challenge despite mounting only a modest secondary T-cell response. Finally we demonstrate that the resistance displayed by B6 mice is not solely accounted for by the elaboration of a broad and vigorous MHV-1-specific CD8 T-cell response as MHV-1 infection of C3.SW-H2(b)/SnJ mice, which mount an equally robust CD8 T-cell response of the same specificity, is still associated with significant morbidity. Thus, identification of novel CD4 and CD8 T-cell epitopes for MHV-1 permitted high resolution analyses of pulmonary T-cell responses in a mouse model of SARS.",
   "authors": [
      "Khanolkar, Aaruni",
      "Fulton, Ross B.",
      "Epping, Lecia L.",
      "Pham, Nhat-Long",
      "Tifrea, Dilea",
      "Varga, Steven M.",
      "Harty, John T."
   ],
   "has_full_text": "False",
   "id": "https://doi.org/10.4049/jimmunol.0902749",
   "pubtator": "PMC2897948"
}