{
   "sha": "e6d4a58ec347043bf1de03ce82f2a0c93371be18",
   "source_x": "Elsevier",
   "title": "6 New Technologies for the Diagnosis of Infection",
   "doi": "10.1016/B978-0-323-44585-6.00006-0",
   "license": "els-covid",
   "publish_time": "2018-12-31",
   "authors": [
      "Pecora, Nicole",
      "Milner, Danny A."
   ],
   "journal": "Diagnostic Pathology of Infectious Disease",
   "has_full_text": "True",
   "full_text_file": "custom_license",
   "id": "https://doi.org/10.1016/B978-0-323-44585-6.00006-0",
   "fhir_link": [
      "PMC/Composition/e6d4a58ec347043bf1de03ce82f2a0c93371be18"
   ]
}