{
   "source_x": "PMC",
   "title": "CD147/EMMPRIN Acts as a Functional Entry Receptor for Measles Virus on Epithelial Cells",
   "doi": "10.1128/JVI.02168-09",
   "pmcid": "PMC2863760",
   "license": "unk",
   "abstract": "Measles is a highly contagious human disease caused by measles virus (MeV) and remains the leading cause of death in children, particularly in developing countries. Wild-type MeV preferentially infects lymphocytes by using signaling lymphocytic activation molecule (SLAM), whose expression is restricted to hematopoietic cells, as a receptor. MeV also infects other epithelial and neuronal cells that do not express SLAM and causes pneumonia and diarrhea and, sometimes, serious symptoms such as measles encephalitis and subacute sclerosing panencephalitis. The discrepancy between the tissue tropism of MeV and the distribution of SLAM-positive cells suggests that there are unknown receptors other than SLAM for MeV. Here we identified CD147/EMMPRIN (extracellular matrix metalloproteinase inducer), a transmembrane glycoprotein, which acts as a receptor for MeV on epithelial cells. Furthermore, we found the incorporation of cyclophilin B (CypB), a cellular ligand for CD147, in MeV virions, and showed that inhibition of CypB incorporation significantly attenuated SLAM-independent infection on epithelial cells, while it had no effect on SLAM-dependent infection. To date, MeV infection was considered to be triggered by binding of its hemagglutinin (H) protein and cellular receptors. Our present study, however, indicates that MeV infection also occurs via CD147 and virion-associated CypB, independently of MeV H. Since CD147 is expressed in a variety of cells, including epithelial and neuronal cells, this molecule possibly functions as an entry receptor for MeV in SLAM-negative cells. This is the first report among members of the Mononegavirales that CD147 is used as a virus entry receptor via incorporated CypB in the virions.",
   "authors": [
      "Watanabe, Akira",
      "Yoneda, Misako",
      "Ikeda, Fusako",
      "Terao-Muto, Yuri",
      "Sato, Hiroki",
      "Kai, Chieko"
   ],
   "has_full_text": "False",
   "id": "https://doi.org/10.1128/JVI.02168-09",
   "pubtator": "PMC2863760"
}