{
   "source_x": "PMC",
   "title": "Multiple novel astrovirus species in human stool",
   "doi": "10.1099/vir.0.014449-0",
   "pmcid": "PMC2796194",
   "license": "unk",
   "abstract": "Diarrhoea remains a significant cause of morbidity and mortality in developing countries where numerous cases remain without identified aetiology. Astroviruses are a recently identified cause of animal gastroenteritis which currently includes two species suspected of causing human diarrhoea. Using pan-astrovirus RT-PCR, we analysed human stool samples from different continents for astrovirus-related RNA sequences. We identified variants of the two known human astrovirus species plus, based on genetic distance criteria, three novel astrovirus species all distantly related to mink and ovine astroviruses, which we provisionally named HMOAstV species A\u2013C. The complete genome of species A displayed all the conserved characteristics of mammalian astroviruses. Each of the now three groups of astroviruses found in human stool (HAstV, AstV-MLB and HMOAstV) were more closely related to animal astroviruses than to each other, indicating that human astroviruses may periodically emerge from zoonotic transmissions. Based on the pathogenic impact of their closest phylogenetic relatives in animals, further investigations of the role of HMOAstV, so far detected in Nigeria, Nepal and Pakistan, in human gastroenteritis are warranted.",
   "authors": [
      "Kapoor, A.",
      "Li, L.",
      "Victoria, J.",
      "Oderinde, B.",
      "Mason, C.",
      "Pandey, P.",
      "Zaidi, S. Z.",
      "Delwart, E."
   ],
   "has_full_text": "False",
   "id": "https://doi.org/10.1099/vir.0.014449-0",
   "pubtator": "PMC2796194"
}