{
   "source_x": "PMC",
   "title": "Recognition of Mannosylated Ligands and Influenza A Virus by Human SP-D: Contributions of an Extended Site and Residue 343",
   "doi": "10.1021/bi8022703",
   "pmcid": "PMC2720784",
   "license": "unk",
   "abstract": "Surfactant protein D (SP-D) plays important roles in antiviral host defense. Although SP-D shows a preference for glucose/maltose, the protein also recognizes D-mannose and a variety of mannose-rich microbial ligands. This latter preference prompted an examination of the mechanisms of mannose recognition, particularly as they relate to high-mannose viral glycans. Trimeric neck+carbohydrate recognition domains from human SP-D (hNCRD) preferred alpha1\u20132 linked dimannose (DM) over the branched trimannose (TM) core, alpha1\u20133 or alpha1\u20136 DM, or D-mannose. Previous studies have shown residues flanking the carbohydrate binding site can fine-tune ligand recognition. A mutant with valine at 343 (R343V) showed enhanced binding to mannan relative to wild-type and R343A. No alteration in affinity was observed for D-mannose or for alpha1\u20133 or alpha1\u20136 linked DM; however, substantially increased affinity was observed for alpha1\u20132DM. Both proteins showed efficient recognition of linear and branched sub-domains of high-mannose glycans on carbohydrate microarrays, and R343V showed increased binding to a subset of the oligosaccharides. Crystallographic analysis of an R343V complex with 1,2-DM showed a novel mode of binding. The disaccharide is bound to calcium by the reducing sugar ring, and a stabilizing H-bond is formed between the 2-OH of the non-reducing sugar ring and Arg349. Although hNCRDs show negligible binding to influenza A virus (IAV), R343V showed markedly enhanced viral neutralizing activity. Hydrophobic substitutions for Arg343 selectively blocked binding of a monoclonal antibody (Hyb 246-05) that inhibits IAV binding activity. Our findings demonstrate an extended ligand binding site for mannosylated ligands and the significant contribution of the 343 side chain to specific recognition of multivalent microbial ligands, including high-mannose viral glycans.",
   "authors": [
      "Crouch, Erika",
      "Hartshorn, Kevan",
      "Horlacher, Tim",
      "McDonald, Barbara",
      "Smith, Kelly",
      "Cafarella, Tanya",
      "Seaton, Barbara",
      "Seeberger, Peter H.",
      "Head, James"
   ],
   "has_full_text": "False",
   "id": "https://doi.org/10.1021/bi8022703",
   "pubtator": "PMC2720784"
}