{
   "source_x": "PMC",
   "title": "Therapeutic Potential of Splice-Switching Oligonucleotides",
   "doi": "10.1089/oli.2008.0161",
   "pmcid": "PMC2663420",
   "license": "unk",
   "abstract": "Alternative splicing enables a single pre-messenger RNA transcript to yield multiple protein isoforms, making it a major contributor to the diversity of the proteome. While this process is essential for normal development, aberrations in alternative splicing are the cause of a multitude of human diseases. Methods for manipulating alternative splicing would thus be of therapeutic value. Chemically modified antisense oligonucleotides that alter alternative splicing by directing splice site selection have been developed to achieve this end. These splice-switching oligonucleotides (SSOs) have been applied to correct aberrant splicing, induce expression of a therapeutic splice variant, or induce expression of a novel therapeutic splice variant in a number of disease-relevant genes. Recently, in vivo efficacy of SSOs has been reported using animal disease models, as well as in results from the first clinical trial.",
   "authors": [
      "Bauman, John",
      "Jearawiriyapaisarn, Natee",
      "Kole, Ryszard"
   ],
   "has_full_text": "False",
   "id": "https://doi.org/10.1089/oli.2008.0161",
   "pubtator": "PMC2663420"
}