{
   "source_x": "PMC",
   "title": "New rules on international public health security",
   "doi": "10.2471/BLT.07.100607",
   "pmcid": "PMC2636345",
   "license": "unk",
   "abstract": "A new set of rules on how WHO\u2019s 193 Member States will handle disease outbreaks and other emergencies that could have international public health implications enter into force this month. The International Health Regulations (IHR) were revised in 2005 and have since been published in all six official United Nations\u2019 languages. Now the onus is on countries to implement the regulations. But in order to do this, they need to build their own capacity to detect, assess, notify and report \u201cevents\u201d, which may be a disease outbreak, a chemical spill or an unusually high number of deaths in a community. Countries also need to build capacity to respond to public health risks and emergencies of international concern within their borders, such as containing an outbreak. In this interview, Dr Gu\u00e9na\u00ebl Rodier, director of International Health Regulations Coordination, describes the challenges that Member States face as they prepare to take on their new responsibilities.",
   "has_full_text": "False",
   "id": "https://doi.org/10.2471/BLT.07.100607",
   "pubtator": "PMC2636345"
}