{
   "source_x": "PMC",
   "title": "Life sciences and biotechnology in China",
   "doi": "10.1098/rstb.2007.2025",
   "pmcid": "PMC2435562",
   "license": "unk",
   "abstract": "Life science and biotechnology have become a top priority in research and development in many countries as the world marches into the new century. China as a developing country with a 1.3 billion population and booming economy is actively meeting the challenge of a new era in this area of research. Owing to support from the government and the scientific community, and reform to improve the infrastructure, recent years have witnessed a rapid progress in some important fields of life science and biotechnology in China, such as genomics and protein sciences, neuroscience, systematics, super-hybrid rice research, stem cell and cloning technology, gene therapy and drug/vaccine development. The planned expansion and development of innovation in related sectors and the area of bioethics are described and discussed.",
   "authors": [
      "Chen, Zhu",
      "Wang, Hong-Guang",
      "Wen, Zhao-Jun",
      "Wang, Yihuang"
   ],
   "has_full_text": "False",
   "id": "https://doi.org/10.1098/rstb.2007.2025",
   "pubtator": "PMC2435562"
}