{
   "source_x": "PMC",
   "title": "NKG2D-Mediated Cytotoxicity toward Oligodendrocytes Suggests a Mechanism for Tissue Injury in Multiple Sclerosis",
   "doi": "10.1523/JNEUROSCI.4402-06.2007",
   "pmcid": "PMC6673175",
   "license": "unk",
   "abstract": "NKG2D is an activating or coactivating receptor expressed on human natural killer (NK) cells, CD8(+) T cells, and \u03b3/\u03b4 T cells. NKG2D ligands have been detected on many tumor cell types and can be induced on nontransformed cells by environmental signals including DNA damage and inflammation. We investigated the contribution of NKG2D\u2013NKG2D ligand interaction on CNS-directed immune responses. We observed that primary cultures of human adult oligodendrocytes and fetal astrocytes expressed ligands for NKG2D in vitro whereas neurons, microglia, and adult astrocytes did not. Disruption of the NKG2D\u2013NKG2D ligand interaction using blocking antibodies significantly inhibited killing of primary human oligodendrocytes mediated by activated human NK cells, \u03b3/\u03b4 T cells, and allo-reactive CD8(+) T cells. NKG2D ligands [major histocompatibility complex class I chain-related molecules A and B (MICA/B)] were detected in groups of cells and colocalized with an oligodendrocyte marker (adenomatous polyposis coli) in white matter sections obtained from multiple sclerosis lesions but not in normal control samples. CD8(+) T cells could be detected in close proximity to MICA/B+ cells within multiple sclerosis lesions, supporting an in vivo interaction between these immune effectors and stressed MICA/B-expressing oligodendrocytes. These results imply that NKG2D\u2013NKG2D ligand interaction can potentially contribute to cytotoxic responses mediated by activated immune effector cells in the inflamed CNS, as observed in multiple sclerosis.",
   "authors": [
      "Saikali, Philippe",
      "Antel, Jack P.",
      "Newcombe, Jia",
      "Chen, Zhihong",
      "Freedman, Mark",
      "Blain, Manon",
      "Cayrol, Romain",
      "Prat, Alexandre",
      "Hall, Jeffery A.",
      "Arbour, Nathalie"
   ],
   "has_full_text": "False",
   "id": "https://doi.org/10.1523/JNEUROSCI.4402-06.2007",
   "pubtator": "PMC6673175"
}