{
   "source_x": "PMC",
   "title": "LEW.1WR1 RATS DEVELOP AUTOIMMUNE DIABETES SPONTANEOUSLY AND IN RESPONSE TO ENVIRONMENTAL PERTURBATION",
   "pmcid": "PMC1283095",
   "license": "unk",
   "abstract": "We describe a new rat model of autoimmune diabetes that arose in a major histocompatibility complex (MHC) congenic LEW rat. Spontaneous diabetes in LEW.1WR1 rats (RT1(u/u/a)) occurs with a cumulative frequency of \u223c2% at a median age of 59 days. The disease is characterized by hyperglycemia, glycosuria, ketonuria and polyuria. Both sexes are affected, and islets of acutely diabetic rats are devoid of beta cells whereas alpha and delta cell populations are spared. The peripheral lymphoid phenotype is normal, including the fraction of ART2(+) regulatory T cells (Tregs). We tested the hypothesis that the expression of diabetes would be increased by immunological perturbation of innate or adaptive immunity. Treatment of young rats with depleting anti-ART2.1 mAb increased the frequency of diabetes to 50%. Treatment with the toll-like receptor 3 (TLR3) ligand polyinosinic:polycytidylic acid increased the frequency of diabetes to 100%. All diabetic rats exhibited end-stage islets. The LEW.1WR1 rat is also susceptible to collagen-induced arthritis but is free of spontaneous thyroiditis. The LEW.1WR1 rat provides a new model for studying autoimmune diabetes and arthritis in an animal with a genetic predisposition to both disorders that can be amplified by environmental perturbation.",
   "authors": [
      "Mordes, John P.",
      "Guberski, Dennis L.",
      "Leif, Jean H.",
      "Woda, Bruce A.",
      "Flanagan, Joan F.",
      "Greiner, Dale L.",
      "Kislauskis, Edward H.",
      "Tirabassi, Rebecca S."
   ],
   "has_full_text": "False",
   "id": "https://www.ncbi.nlm.nih.gov/pmc/articles/PMC1283095",
   "pubtator": "PMC1283095"
}