{
   "source_x": "PMC",
   "title": "Colorimetric detection of DNA sequences based on electrostatic interactions with unmodified gold nanoparticles",
   "doi": "10.1073/pnas.0406115101",
   "pmcid": "PMC521116",
   "license": "unk",
   "abstract": "We find that single- and double-stranded oligonucleotides have different propensities to adsorb on gold nanoparticles in colloidal solution. We use this observation to design a hybridization assay based on color changes associated with gold aggregation. Because the underlying adsorption mechanism is electrostatic, no covalent functionalization of the gold, the probe, or the target DNA is required. Hybridization conditions can be optimized because it is completely separated from the detection step. The assay is complete within 5 min, and <100 femtomoles of target produces color changes observable without instrumentation. Single-base-pair mismatches are easily detected.",
   "authors": [
      "Li, Huixiang",
      "Rothberg, Lewis"
   ],
   "has_full_text": "False",
   "id": "https://doi.org/10.1073/pnas.0406115101",
   "pubtator": "PMC521116"
}