{
   "sha": "8245a48dd6f72bca9b975be08aef7631f09594f6",
   "source_x": "Elsevier",
   "title": "Index",
   "doi": "10.1016/B978-0-444-63772-7.18001-7",
   "license": "els-covid",
   "abstract": "Unknown",
   "publish_time": "2016-12-31",
   "journal": "An Introduction to Biological Membranes",
   "has_full_text": "True",
   "full_text_file": "custom_license",
   "id": "https://doi.org/10.1016/B978-0-444-63772-7.18001-7",
   "fhir_link": [
      "PMC/Composition/8245a48dd6f72bca9b975be08aef7631f09594f6"
   ]
}