{
   "source_x": "PMC",
   "title": "Discovery of antivirals against smallpox",
   "doi": "10.1073/pnas.0403600101",
   "pmcid": "PMC509180",
   "license": "unk",
   "authors": [
      "Harrison, Stephen C.",
      "Alberts, Bruce",
      "Ehrenfeld, Ellie",
      "Enquist, Lynn",
      "Fineberg, Harvey",
      "McKnight, Steven L.",
      "Moss, Bernard",
      "O'Donnell, Michael",
      "Ploegh, Hidde",
      "Schmid, Sandra L.",
      "Walter, K. Peter",
      "Theriot, Julie"
   ],
   "has_full_text": "False",
   "id": "https://doi.org/10.1073/pnas.0403600101",
   "pubtator": "PMC509180"
}