{
   "source_x": "PMC",
   "title": "SARS: An Emerging Global Microbial Threat.",
   "pmcid": "PMC2263793",
   "license": "unk",
   "abstract": "In March 2003, the Institute of Medicine published an update to its 1992 landmark report on emerging infections. The new report, Microbial Threats to Health: Emergence, Detection, and Response, describes the current spectrum of global microbial threats, factors affecting their emergence or resurgence, and measures that should be undertaken to effectively address them. Coincident with this publication came increasing reports of severe atypical pneumonia of unknown etiology among persons in southeast Asia. This new disease, designated severe acute respiratory syndrome (SARS), spread globally in a matter of weeks, infecting primarily close contacts of index patients (e.g., household members and healthcare workers caring for index patients) but also resulting in community transmission in some areas. An unprecedented worldwide collaborative effort was undertaken to determine the cause of the illness and implement prevention measures. A previously unrecognized coronavirus was identified as the causative agent, and health officials throughout the world struggled to implement measures to contain its spread, including isolation of suspect SARS cases and quarantine of exposed persons. The emergence of SARS is a timely reminder of the need to expect the unexpected and to ensure strong national and global public health partnerships when preparing for and responding to infectious diseases. Effectively addressing the threat of SARS will require enhanced global infectious disease surveillance, the development of rapid diagnostics, new therapies, and vaccines, implementation of aggressive evidence-based infection control strategies, and effective communication.",
   "authors": [
      "Hughes, James M."
   ],
   "has_full_text": "False",
   "id": "https://www.ncbi.nlm.nih.gov/pmc/articles/PMC2263793",
   "pubtator": "PMC2263793"
}