{
   "sha": "27bb5c9dbf5a0530757579e532ab71ce2b711b8b",
   "source_x": "Elsevier",
   "title": "Chapter 43 The cat with ataxia without weakness",
   "doi": "10.1016/B978-0-7020-2488-7.50048-X",
   "license": "els-covid",
   "publish_time": "2006-12-31",
   "authors": [
      "Bagley, Rodney S"
   ],
   "journal": "Problem-Based Feline Medicine",
   "has_full_text": "True",
   "full_text_file": "custom_license",
   "id": "https://doi.org/10.1016/B978-0-7020-2488-7.50048-X",
   "fhir_link": [
      "PMC/Composition/27bb5c9dbf5a0530757579e532ab71ce2b711b8b"
   ]
}