{
   "source_x": "PMC",
   "title": "Skin tumors in aging Long Evans rats.",
   "pmcid": "PMC2594380",
   "license": "unk",
   "abstract": "We report 25 cases of skin neoplasm observed among 30 Long Evans rats serving as controls in a psychosocial behavioral study conducted in the Vivarium at Charles R. Drew University, Los Angeles, CA. The animals were 10 weeks old at the beginning of the study. All the skin tumors developed at 18 to 26 months of age and slowly enlarged over a period of 9 months. Multiple nodules occurred in 8 males and 6 females. None of the tumors regressed. The tumors were located around the hind leg and dorso-medial area and measured 1 to 2 cm. Physical examination revealed firm well demarcated dermal masses. Most of the tumor nodules were intradermal, and some had a central ulcerated or keratin-filled core. Microscopic examination performed on some of the tumors showed findings of classic Keratoacanthoma, whereas others showed histologic features suggestive of squamous cell carcinoma. These findings indicate a high rate (83%) of spontaneous skin neoplasms among aging Long Evans rats. To our knowledge, such a high rate of skin neoplasms in aged rodents has not been described in the literature. Furthermore, further studies should be undertaken to confirm these findings and to assess whether these rodents might serve as a model for studying the alterations in the immune system with aging.",
   "authors": [
      "Esfandiari, Adeleh",
      "Loya, Theresa",
      "Lee, Jeffrey L."
   ],
   "has_full_text": "False",
   "id": "https://www.ncbi.nlm.nih.gov/pmc/articles/PMC2594380",
   "pubtator": "PMC2594380"
}