{
   "source_x": "PMC",
   "title": "Sialic Acid Binding Activity of Transmissible Gastroenteritis Coronavirus Affects Sedimentation Behavior of Virions and Solubilized Glycoproteins",
   "doi": "10.1128/JVI.75.2.844-849.2001",
   "pmcid": "PMC113980",
   "license": "unk",
   "abstract": "The sedimentation behavior of transmissible gastroenteritis coronavirus (TGEV) was analyzed. Upon sucrose gradient centrifugation, the major virus band was found at a density of 1.20 to 1.22 g/cm(3). This high density was observed only when TGEV with a functional sialic acid binding activity was analyzed. Mutants of TGEV that lacked sialic acid binding activity due to a point mutation in the sialic acid binding site of the S protein were mainly recovered at a lower-density position on the sucrose gradient (1.18 to 1.19 g/cm(3)). Neuraminidase treatment of purified virions resulted in a shift of the sedimentation value from the higher to the lower density. These results suggest that binding of sialoglycoproteins to the virion surface is responsible for the sedimentation behavior of TGEV. When purified virions were treated with octylglucoside to solubilize viral glycoproteins, ultracentrifugation resulted in sedimentation of the S protein of TGEV. However, when neuraminidase-treated virions or mutants with a defective sialic acid binding activity were analyzed, the S protein remained in the supernatant rather than in the pellet fraction. These results indicate that the interaction of the surface protein S with sialoglycoconjugates is maintained after solubilization of this viral glycoprotein by detergent treatment.",
   "authors": [
      "Krempl, Christine",
      "Herrler, Georg"
   ],
   "has_full_text": "False",
   "id": "https://doi.org/10.1128/JVI.75.2.844-849.2001",
   "pubtator": "PMC113980"
}