{
   "sha": "4ee067c18f529bbe7a071e81540d469900ebc3d6",
   "source_x": "Elsevier",
   "title": "Chapter 26 Peritoneum",
   "doi": "10.1016/B978-0-7020-4336-9.00026-3",
   "license": "els-covid",
   "publish_time": "2014-12-31",
   "authors": [
      "Holt, D.",
      "Agnello, K.A."
   ],
   "journal": "Feline Soft Tissue and General Surgery",
   "has_full_text": "True",
   "full_text_file": "custom_license",
   "id": "https://doi.org/10.1016/B978-0-7020-4336-9.00026-3",
   "fhir_link": [
      "PMC/Composition/4ee067c18f529bbe7a071e81540d469900ebc3d6"
   ]
}