{
   "source_x": "PMC",
   "title": "Localization of a T-cell epitope within the nucleocapsid protein of avian coronavirus.",
   "pmcid": "PMC1384663",
   "license": "unk",
   "abstract": "In a previous study, two murine T-cell hybridomas generated after immunization with infectious bronchitis virus (IBV) were shown to be responsive to the internally localized viral nucleocapsid protein. In the present study, the antigenic determinants were mapped using recombinant expression products and synthetic peptides. Both hybridomas recognized the region spanning amino acid residues 71 to 78 of the nucleocapsid protein. The experimentally determined epitope corresponded with predicted motifs. Both an I-Ed binding motif and a predicted cleavage site for the aspartyl protease cathepsin D were contained within the sequence. The epitope was shown to prime cellular immune responses to IBV in the chicken.",
   "authors": [
      "Boots, A M",
      "Kusters, J G",
      "van Noort, J M",
      "Zwaagstra, K A",
      "Rijke, E",
      "van der Zeijst, B A",
      "Hensen, E J"
   ],
   "has_full_text": "False",
   "id": "https://www.ncbi.nlm.nih.gov/pmc/articles/PMC1384663",
   "pubtator": "PMC1384663"
}