{
   "source_x": "PMC",
   "title": "Expression of the Hantaan virus M genome segment by using a vaccinia virus recombinant.",
   "pmcid": "PMC253622",
   "license": "unk",
   "abstract": "A cDNA containing the complete open reading frame of the Hantaan virus (HTN) M genome segment has been cloned into vaccinia virus. This recombinant virus expresses two glycoproteins which are similar to the HTN structural glycoproteins, G1 and G2, in molecular weight, cleavage pattern, and cellular distribution. Both HTN and recombinant vaccinia virus glycoproteins are exclusively associated with the Golgi apparatus of the cell. Despite this intracellular restriction, mice inoculated with the recombinant vaccinia virus raised neutralizing antibodies against HTN. The specificity of virus neutralization appears to reside in the HTN glycoproteins, since a vaccinia virus recombinant expressing the HTN nucleocapsid protein was unable to elicit a neutralizing antibody response.",
   "authors": [
      "Pensiero, M N",
      "Jennings, G B",
      "Schmaljohn, C S",
      "Hay, J"
   ],
   "has_full_text": "False",
   "id": "https://www.ncbi.nlm.nih.gov/pmc/articles/PMC253622",
   "pubtator": "PMC253622"
}