{
   "sha": "cc307abbbbcddcb4eaf86516f2907b710c87fae0",
   "source_x": "Elsevier",
   "title": "Chapter 43 Neonatal necrotizing enterocolitis",
   "doi": "10.1016/B978-0-7216-3924-6.50047-0",
   "license": "els-covid",
   "publish_time": "2006-12-31",
   "authors": [
      "Kliegman, Robert M."
   ],
   "journal": "Pediatric Gastrointestinal and Liver Disease",
   "has_full_text": "True",
   "full_text_file": "custom_license",
   "id": "https://doi.org/10.1016/B978-0-7216-3924-6.50047-0",
   "fhir_link": [
      "PMC/Composition/cc307abbbbcddcb4eaf86516f2907b710c87fae0"
   ]
}