{
   "source_x": "PMC",
   "title": "Coronavirus mRNA synthesis involves fusion of non-contiguous sequences.",
   "pmcid": "PMC555368",
   "license": "unk",
   "abstract": "Positive-stranded genomic RNA of coronavirus MHV and its six subgenomic mRNAs are synthesized in the cytoplasm of the host cell. The mRNAs are composed of leader and body sequences which are non-contiguous on the genome and are fused together in the cytoplasm by a mechanism which appears to involve an unusual and specific 'polymerase jumping' event.",
   "authors": [
      "Spaan, W",
      "Delius, H",
      "Skinner, M",
      "Armstrong, J",
      "Rottier, P",
      "Smeekens, S",
      "van der Zeijst, B A",
      "Siddell, S G"
   ],
   "has_full_text": "False",
   "id": "https://www.ncbi.nlm.nih.gov/pmc/articles/PMC555368",
   "pubtator": "PMC555368"
}