{
   "source_x": "PMC_new",
   "title": "The Use of Antimalarial Drugs against Viral Infection",
   "doi": "10.3390/microorganisms8010085",
   "pmcid": "PMC7022795",
   "pubmed_id": "31936284",
   "license": "cc-by",
   "abstract": "In recent decades, drugs used to treat malaria infection have been shown to be beneficial for many other diseases, including viral infections. In particular, they have received special attention due to the lack of effective antiviral drugs against new emerging viruses (i.e., HIV, dengue virus, chikungunya virus, Ebola virus, etc.) or against classic infections due to drug-resistant viral strains (i.e., human cytomegalovirus). Here, we reviewed the in vitro/in vivo and clinical studies conducted to evaluate the antiviral activities of four classes of antimalarial drugs: Artemisinin derivatives, aryl-aminoalcohols, aminoquinolines, and antimicrobial drugs.",
   "publish_time": "2020-01-08",
   "authors": [
      "D\u2019Alessandro, Sarah",
      "Scaccabarozzi, Diletta",
      "Signorini, Lucia",
      "Perego, Federica",
      "Ilboudo, Denise P.",
      "Ferrante, Pasquale",
      "Delbue, Serena"
   ],
   "journal": "Microorganisms",
   "has_full_text": "False",
   "id": "https://doi.org/10.3390/microorganisms8010085",
   "pubtator": "PMC7022795"
}