{
   "sha": "0f135193d0a546f58c08bf7eef2f3f3b1dd8ade9",
   "source_x": "Elsevier",
   "title": "5 Determinants of disease",
   "doi": "10.1016/B978-0-7506-1496-2.50008-2",
   "license": "els-covid",
   "publish_time": "1986-12-31",
   "authors": [
      "Thrusfield, Michael"
   ],
   "journal": "Veterinary Epidemiology",
   "has_full_text": "True",
   "full_text_file": "custom_license",
   "id": "https://doi.org/10.1016/B978-0-7506-1496-2.50008-2",
   "fhir_link": [
      "PMC/Composition/0f135193d0a546f58c08bf7eef2f3f3b1dd8ade9"
   ]
}