{
   "sha": "443584f57419813b2f04054b239d4081489e80fb",
   "source_x": "biorxiv",
   "title": "Evidence of the Recombinant Origin and Ongoing Mutations in Severe Acute Respiratory Syndrome Coronavirus 2 (SARS-CoV-2)",
   "doi": "10.1101/2020.03.16.993816",
   "license": "biorxiv",
   "abstract": "The recent global outbreak of viral pneumonia designated as Coronavirus Disease 2019 (COVID-19) by coronavirus (SARS-CoV-2) has threatened global public health and urged to investigate its source. Whole genome analysis of SARS-CoV-2 revealed ~96% genomic similarity with bat CoV (RaTG13) and clustered together in phylogenetic tree. Furthermore, RaTG13 also showed 97.43% spike protein similarity with SARS-CoV-2 suggesting that RaTG13 is the closest strain. However, RBD and key amino acid residues supposed to be crucial for human-to-human and cross-species transmission are homologues between SARS-CoV-2 and pangolin CoVs. These results from our analysis suggest that SARS-CoV-2 is a recombinant virus of bat and pangolin CoVs. Moreover, this study also reports mutations in coding regions of 125 SARS-CoV-2 genomes suggesting the trajectory of the viral evolution. In short, our findings propose that homologous recombination has been occurred between bat and pangolin CoVs that triggered cross-species transmission and emergence of SARS-CoV-2, and, during the ongoing outbreak, SARS-CoV-2 is still evolving for its adaptability.",
   "publish_time": "2020-03-17",
   "authors": [
      "Jiao-Mei Huang",
      "Syed Sajid Jan",
      "Xiaobin Wei",
      "Yi Wan",
      "Songying Ouyang"
   ],
   "has_full_text": "True",
   "full_text_file": "biorxiv_medrxiv",
   "id": "https://doi.org/10.1101/2020.03.16.993816",
   "fhir_link": [
      "bioRxiv-medRxiv/Composition/443584f57419813b2f04054b239d4081489e80fb"
   ]
}