{
   "sha": "5cfb44ecdfb61b2898b6cf7315b1e810874a9560",
   "source_x": "medrxiv",
   "title": "Assessing the plausibility of subcritical transmission of 2019-nCoV in the United States",
   "doi": "10.1101/2020.02.08.20021311",
   "license": "medrvix",
   "abstract": "Abstract: The 2019-nCoV outbreak has raised concern of global spread. While person-to-person transmission within the Wuhan district has led to a large outbreak, the transmission potential outside of the region remains unclear. Here we present a simple approach for determining whether the upper limit of the confidence interval for the reproduction number exceeds one for transmission in the United States, which would allow endemic transmission. As of February 7, 2020, the number of cases in the United states support subcritical transmission, rather than ongoing transmission. However, this conclusion can change if pre-symptomatic cases resulting from human-to-human transmission have not yet been identified.",
   "publish_time": "2020-02-11",
   "authors": [
      "Seth Blumberg",
      "Thomas M Lietman",
      "Travis C Porco"
   ],
   "has_full_text": "True",
   "full_text_file": "biorxiv_medrxiv",
   "id": "https://doi.org/10.1101/2020.02.08.20021311",
   "fhir_link": [
      "bioRxiv-medRxiv/Composition/5cfb44ecdfb61b2898b6cf7315b1e810874a9560"
   ]
}