{
   "sha": "33019198857c41e85955b2b731077ab3ea57c85b",
   "source_x": "PMC",
   "title": "Lineage specific antigenic differences in porcine torovirus hemagglutinin-esterase (PToV-HE) protein",
   "doi": "10.1186/1297-9716-44-126",
   "pmcid": "PMC3878402",
   "pubmed_id": "24364900",
   "license": "cc-by",
   "abstract": "Hemagglutinin-esterases (HE) are viral envelope proteins present in some members from the toro-, corona- and orthomyxovirus families, all related with enteric and/or respiratory tract infections. HE proteins mediate reversible binding to sialic acid receptor determinants, very abundant glycan residues in the enteric and respiratory tracts. The role of the HE protein during the torovirus infection cycle remains unknown, although it is believed to be important in the natural infection process. The phylogenetic analysis of HE coding sequences from porcine torovirus (PToV) field strains revealed the existence of two distinct HE lineages. In a previous study, PToV virus strains with HE proteins from the two lineages were found coexisting in a pig herd, and they were even obtained from the same animal at two consecutive sampling time points. In this work, we report antigenic differences between the two HE lineages, and discuss the possible implications that the coexistence of viruses belonging to both lineages might have on the spread and sustainment of PToV infection in the farms.",
   "publish_time": "2013 Dec 23",
   "authors": [
      "Pignatelli, Jaime",
      "Alonso-Padilla, Julio",
      "Rodr\u00edguez, Dolores"
   ],
   "journal": "Vet Res",
   "has_full_text": "True",
   "full_text_file": "comm_use_subset",
   "id": "https://doi.org/10.1186/1297-9716-44-126",
   "pubtator": "PMC3878402",
   "fhir_link": [
      "Commercial/Composition/33019198857c41e85955b2b731077ab3ea57c85b"
   ]
}