{
   "source_x": "PMC",
   "title": "Usage of Social Media and Smartphone Application in Assessment of Physical and Psychological Well-Being of Individuals in Times of a Major Air Pollution Crisis",
   "doi": "10.2196/mhealth.2827",
   "pmcid": "PMC4114481",
   "pubmed_id": "25098255",
   "license": "cc-by",
   "abstract": "BACKGROUND: Crisis situations bring about many challenges to researchers, public institutions, and governments in collecting data and conducting research in affected individuals. Recent developments in Web-based and smartphone technologies have offered government and nongovernment organizations a new system to disseminate and acquire information. However, research into this area is still lacking. The current study focuses largely on how new social networking websites and, in particular, smartphone technologies could have helped in the acquisition of crucial research data from the general population during the recent 2013 Southeast Asian Haze. This crisis lasted only for 1 week, and is unlike other crisis where there are large-scale consequential after-effects. OBJECTIVE: To determine whether respondents will make use of Internet, social media, and smartphone technologies to provide feedback regarding their physical and psychological wellbeing during a crisis, and if so, will these new mechanisms be as effective as conventional, technological, Internet-based website technologies. METHODS: A Web-based database and a smartphone application were developed. Participants were recruited by snowball sampling. The participants were recruited either via a self-sponsored Facebook post featuring a direct link to the questionnaire on physical and psychological wellbeing and also a smartphone Web-based application; or via dissemination of the questionnaire link by emails, directed to the same group of participants. Information pertaining to physical and psychological wellbeing was collated. RESULTS: A total of 298 respondents took part in the survey. Most of them were between the ages of 20 to 29 years and had a university education. More individuals preferred the option of accessing and providing feedback to a survey on physical and psychological wellbeing via direct access to a Web-based questionnaire. Statistical analysis showed that demographic variables like age, gender, and educational levels did not influence the mechanism of access. In addition, the participants reported a mean number of 4.03 physical symptoms (SD 2.6). The total Impact of Event Scale\u2013Revised (IES-R) score was 18.47 (SD 11.69), which indicated that the study population did experience psychological stress but not post-traumatic stress disorder. The perceived dangerous Pollutant Standards Index (PSI) level and the number of physical symptoms were associated with higher IES-R Score (P<.05). CONCLUSIONS: This is one of the first few studies demonstrating the use of Internet in data collection during an air-pollution crisis. Our results demonstrated that the newer technological modalities have the potential to acquire data, similar to that of conventional technologies. Demographic variables did not influence the mechanism of usage. In addition, our findings also suggested that there are acute physical and psychological impacts on the population from an air-pollution crisis.",
   "publish_time": "2014 Mar 25",
   "authors": [
      "Zhang, Melvyn WB",
      "Ho, Cyrus SH",
      "Fang, Pan",
      "Lu, Yanxia",
      "Ho, Roger CM"
   ],
   "journal": "JMIR Mhealth Uhealth",
   "has_full_text": "False",
   "full_text_file": "comm_use_subset",
   "id": "https://doi.org/10.2196/mhealth.2827",
   "pubtator": "PMC4114481"
}