{
   "sha": "cc019ac66fb5a8a1bd71a7e98a0488b75d6d590d",
   "source_x": "Elsevier",
   "title": "Chapter 17 Acute Pneumonia",
   "doi": "10.1016/B978-1-4160-3206-9.10017-5",
   "license": "els-covid",
   "publish_time": "2007-12-31",
   "authors": [
      "Dotson, Rachel H.",
      "Wiener-Kronish, Jeanine"
   ],
   "journal": "Critical Care Secrets",
   "has_full_text": "True",
   "full_text_file": "custom_license",
   "id": "https://doi.org/10.1016/B978-1-4160-3206-9.10017-5",
   "fhir_link": [
      "PMC/Composition/cc019ac66fb5a8a1bd71a7e98a0488b75d6d590d"
   ]
}