{
   "sha": "6a93283b499ae5bc6aaf29f14e701dc8f25138ea",
   "source_x": "CZI",
   "title": "Critical care response to a hospital outbreak of the 2019-nCoV infection in Shenzhen, China",
   "doi": "10.1186/s13054-020-2786-x",
   "pmcid": "PMC7029610",
   "pubmed_id": "32070391",
   "license": "cc-by",
   "publish_time": "2020",
   "authors": [
      "Liu, Yong",
      "Li, Jinxiu",
      "Feng, Yongwen"
   ],
   "journal": "Critical Care",
   "Microsoft Academic Paper ID": "2537200785",
   "WHO #Covidence": "#1225",
   "has_full_text": "True",
   "full_text_file": "comm_use_subset",
   "id": "https://doi.org/10.1186/s13054-020-2786-x",
   "pubtator": "PMC7029610",
   "fhir_link": [
      "Commercial/Composition/6a93283b499ae5bc6aaf29f14e701dc8f25138ea"
   ]
}