{
   "sha": "3cffdde62288c2bedae29c7291a5304f9cb9279b",
   "source_x": "PMC",
   "title": "Insights into the genetic and host adaptability of emerging porcine circovirus 3",
   "doi": "10.1080/21505594.2018.1492863",
   "pmcid": "PMC6177243",
   "pubmed_id": "29973122",
   "license": "cc-by",
   "abstract": "Porcine circovirus 3 (PCV3) was found to be associated with reproductive disease in pigs, and since its first identification in the United States, it subsequently spread worldwide, especially in China, where it might pose a potential threat to the porcine industry. However, no exhaustive analysis was performed to understand its evolution in the prospect of codon usage pattern. Here, we performed a deep codon usage analysis of PCV3. PCV3 sequences were classified into two clades: PCV3a and PCV3b, confirmed by principal component analysis. Additionally, the degree of codon usage bias of PCV3 was slightly low as inferred from the analysis of the effective number of codons. The codon usage pattern was mainly affected by natural selection, but there was a co-effect of mutation pressure and dinucleotide frequency. Moreover, based on similarity index analysis, codon adaptation index analysis and relative codon deoptimization index analysis, we found that PCV3 might pose a potential risk to public health though with unknow pathogenicity. In conclusion, this work reinforces the systematic understanding of the evolution of PCV3, which was reflected by the codon usage patterns and fitness of this novel emergent virus.",
   "publish_time": "2018 Aug 24",
   "authors": [
      "Li, Gairu",
      "Wang, Huijuan",
      "Wang, Shilei",
      "Xing, Gang",
      "Zhang, Cheng",
      "Zhang, Wenyan",
      "Liu, Jie",
      "Zhang, Junyan",
      "Su, Shuo",
      "Zhou, Jiyong"
   ],
   "journal": "Virulence",
   "has_full_text": "True",
   "full_text_file": "comm_use_subset",
   "id": "https://doi.org/10.1080/21505594.2018.1492863",
   "pubtator": "PMC6177243",
   "fhir_link": [
      "Commercial/Composition/3cffdde62288c2bedae29c7291a5304f9cb9279b"
   ]
}