{
   "sha": "56f69c9790f32dd7649fa2e14be26ae099321ee6; 92a5a662e916fd3d1520764cbfca4ad457dd09d7; 778e12208f719a2e26d1387a5a489cdc93c612f4",
   "source_x": "PMC",
   "title": "Association between syphilis seroprevalence and age among blood donors in Southern China: an observational study from 2014 to 2017",
   "doi": "10.1136/bmjopen-2018-024393",
   "pmcid": "PMC6830658",
   "pubmed_id": "31678932",
   "license": "cc-by-nc",
   "abstract": "OBJECTIVE: This study investigated the association between syphilis seroprevalence and age among blood donors, and described the distribution of serological titres among syphilis-infected donors, aiming to confirm the syphilis epidemic characteristics and to promote effective interventions for older adults. METHODS: Data were obtained from the Shenzhen Programme for Syphilis Prevention and Control in 2014\u20132017. Blood samples were screened using the ELISAs, and confirmed using the Treponema pallidum particle agglutination assay (TPPA) and toluidine red unheated serum test (TRUST). RESULTS: Among 394 792 blood donors, 733 tested TPPA and TRUST positive (active infection), and 728 tested only TPPA positive (historical infection). The overall prevalence of syphilis seropositivity was 370.1 per 100 000 (95% CI 351.1 to 389.0 per 100 000); the prevalence of active infection was 185.7 per 100 000 (95% CI 172.2 to 199.1 per 100 000). People aged \u226545 years displayed a prevalence of 621.8 per 100 000 in syphilis seropositivity and 280.5 per 100 000 in active infection, which were 3.8 times and 2.4 times higher than that for people aged <25 years, respectively. The prevalence of syphilis seropositivity (\u03c7(2) (trend)=311.9, p (trend)<0.001) and active infection (\u03c7(2) (trend)=72.1, p (trend)<0.001) increased significantly with age. After stratification by gender and year of donation, the increasing trend of prevalence with age remained (p (trend)<0.05), except for the prevalence of active infection in males and females in 2014. About 16.3% of donors with active infection and aged \u226545 years had a TRUST titre of \u22651\u22368, lower than that of patients aged <25 years (51.3%) and 25\u201334 years (34.1%). CONCLUSIONS: The findings confirm the high prevalence of syphilis among older adults, and suggest the need to increase awareness among healthcare providers and deliver more targeted prevention interventions for older adults to promote early testing.",
   "publish_time": "2019 Nov 2",
   "authors": [
      "Wu, Xiaobing",
      "Guan, Yang",
      "Ye, Jianbin",
      "Fu, Hanlin",
      "Zhang, Chunlai",
      "Lan, Lina",
      "Wu, Fengxin",
      "Tang, Fen",
      "Wang, Feng",
      "Cai, Yumao",
      "Yu, Weiye",
      "Feng, Tiejian"
   ],
   "journal": "BMJ Open",
   "has_full_text": "True",
   "full_text_file": "noncomm_use_subset",
   "id": "https://doi.org/10.1136/bmjopen-2018-024393",
   "pubtator": "PMC6830658",
   "fhir_link": [
      "Non-comercial/Composition/56f69c9790f32dd7649fa2e14be26ae099321ee6",
      "Non-comercial/Composition/92a5a662e916fd3d1520764cbfca4ad457dd09d7",
      "Non-comercial/Composition/778e12208f719a2e26d1387a5a489cdc93c612f4"
   ]
}