{
   "sha": "9ea62d48ba2e9f9c122aa34759f9bcb5451a09f4",
   "source_x": "PMC",
   "title": "Evaluation and comparison of statistical methods for early temporal detection of outbreaks: A simulation-based study",
   "doi": "10.1371/journal.pone.0181227",
   "pmcid": "PMC5513450",
   "pubmed_id": "28715489",
   "license": "cc-by",
   "abstract": "The objective of this paper is to evaluate a panel of statistical algorithms for temporal outbreak detection. Based on a large dataset of simulated weekly surveillance time series, we performed a systematic assessment of 21 statistical algorithms, 19 implemented in the R package surveillance and two other methods. We estimated false positive rate (FPR), probability of detection (POD), probability of detection during the first week, sensitivity, specificity, negative and positive predictive values and F(1)-measure for each detection method. Then, to identify the factors associated with these performance measures, we ran multivariate Poisson regression models adjusted for the characteristics of the simulated time series (trend, seasonality, dispersion, outbreak sizes, etc.). The FPR ranged from 0.7% to 59.9% and the POD from 43.3% to 88.7%. Some methods had a very high specificity, up to 99.4%, but a low sensitivity. Methods with a high sensitivity (up to 79.5%) had a low specificity. All methods had a high negative predictive value, over 94%, while positive predictive values ranged from 6.5% to 68.4%. Multivariate Poisson regression models showed that performance measures were strongly influenced by the characteristics of time series. Past or current outbreak size and duration strongly influenced detection performances.",
   "publish_time": "2017 Jul 17",
   "authors": [
      "B\u00e9dubourg, Gabriel",
      "Le Strat, Yann"
   ],
   "journal": "PLoS One",
   "has_full_text": "True",
   "full_text_file": "comm_use_subset",
   "id": "https://doi.org/10.1371/journal.pone.0181227",
   "pubtator": "PMC5513450",
   "fhir_link": [
      "Commercial/Composition/9ea62d48ba2e9f9c122aa34759f9bcb5451a09f4"
   ]
}