{
   "sha": "ba0da76d9b934ba3fed10ced2e77cd74c972fd2d",
   "source_x": "Elsevier",
   "title": "SARS coronavirus spike protein-induced innate immune response occurs via activation of the NF-\u03baB pathway in human monocyte macrophages in vitro",
   "doi": "10.1016/j.virusres.2009.01.005",
   "pmcid": "PMC2699111",
   "pubmed_id": "19185596",
   "license": "els-covid",
   "abstract": "Abstract A purified recombinant spike (S) protein was studied for its effect on stimulating human peripheral blood monocyte macrophages (PBMC). We examined inflammatory gene mRNA abundances found in S protein-treated PBMC using gene arrays. We identified differential mRNA abundances of genes with functional properties associated with antiviral (CXCL10) and inflammatory (IL-6 and IL-8) responses. We confirmed cytokine mRNA increases by real-time quantitative(q) RT-PCR or ELISA. We further analyzed the sensitivity and specificity of the prominent IL-8 response. By real-time qRT-PCR, S protein was shown to stimulate IL-8 mRNA accumulation in a dose dependent manner while treatment with E protein did not. Also, titration of S protein-specific production and secretion of IL-8 by ELISA showed that the dose of 5.6nM of S produced a significant increase in IL-8 (p =0.003) compared to mock-treated controls. The increase in IL-8 stimulated by a concentration of 5.6nM of S was comparable to concentrations seen for S protein binding to ACE2 or to neutralizing monoclonal antibody suggesting a physiological relevance. An NF-\u03baB inhibitor, TPCK (N-Tosyl-L-Phenylalanine Chloromethyl Ketone) could suppress IL-8 production and secretion in response to S protein in PBMC and THP-1 cells and in HCoV-229E virus-infected PBMC. Activation and translocation of NF-\u03baB was shown to occur rapidly following exposure of PBMC or THP-1 cells to S protein using a highly sensitive assay for active nuclear NF-\u03baB p65 transcription factor. The results further suggested that released or secreted S protein could activate blood monocytes through recognition by toll-like receptor (TLR)2 ligand.",
   "publish_time": "2009-06-30",
   "authors": [
      "Dosch, Susan F.",
      "Mahajan, Supriya D.",
      "Collins, Arlene R."
   ],
   "journal": "Virus Research",
   "has_full_text": "True",
   "full_text_file": "custom_license",
   "id": "https://doi.org/10.1016/j.virusres.2009.01.005",
   "pubtator": "PMC2699111",
   "fhir_link": [
      "PMC/Composition/ba0da76d9b934ba3fed10ced2e77cd74c972fd2d"
   ]
}