{
   "sha": "05326cc45fa2898c5850df85d30dad3d2c82acef; 5147615c6992d89971127a86047fca6e01a86917",
   "source_x": "PMC",
   "title": "Influenza A Virus Infections in Dromedary Camels, Nigeria and Ethiopia, 2015\u20132017",
   "doi": "10.3201/eid2601.191165",
   "pmcid": "PMC6924894",
   "pubmed_id": "31855544",
   "license": "no-cc",
   "abstract": "We examined nasal swabs and serum samples acquired from dromedary camels in Nigeria and Ethiopia during 2015\u20132017 for evidence of influenza virus infection. We detected antibodies against influenza A(H1N1) and A(H3N2) viruses and isolated an influenza A(H1N1)pdm09\u2013like virus from a camel in Nigeria. Influenza surveillance in dromedary camels is needed.",
   "publish_time": "2020 Jan",
   "authors": [
      "Chu, Daniel K.W.",
      "Perera, Ranawaka A.P.M.",
      "Ali, Abraham",
      "Oladipo, Jamiu O.",
      "Mamo, Gezahegne",
      "So, Ray T.Y.",
      "Zhou, Ziqi",
      "Chor, Yen Yeen",
      "Chan, Chak Kai",
      "Belay, Desalegn",
      "Tayachew, Adamu",
      "Mengesha, Mesfin",
      "Regassa, Feyesa",
      "Lam, Nga Ting",
      "Poon, Leo L.M.",
      "Peiris, Malik"
   ],
   "journal": "Emerg Infect Dis",
   "has_full_text": "True",
   "full_text_file": "custom_license",
   "id": "https://doi.org/10.3201/eid2601.191165",
   "pubtator": "PMC6924894",
   "fhir_link": [
      "PMC/Composition/05326cc45fa2898c5850df85d30dad3d2c82acef",
      "PMC/Composition/5147615c6992d89971127a86047fca6e01a86917"
   ]
}