{
   "sha": "baca636602541f353d9d1a7f256d67adebef5fd9; 881739c1040a5d2fa7024857e21aec68e4d25230",
   "source_x": "PMC",
   "title": "Ebola in the Eastern Democratic Republic of Congo: One Health approach to infectious disease control",
   "doi": "10.1016/j.onehlt.2019.100117",
   "pmcid": "PMC6976930",
   "pubmed_id": "31993475",
   "license": "cc-by",
   "abstract": "The Democratic Republic of Congo (DRC) is facing its tenth outbreak of Ebola virus disease (EVD), in North-Kivu and Ituri provinces. This is the second most deadly EVD outbreak in history, after the one that occurred in West Africa in 2014. The DRC Ministry of Health (MoH), supported by the World Health Organization (WHO) and a range of regional and international partners, are implementing EVD response plans in these affected areas such as screening of suspect cases at points of entry, case detection, contact tracing, laboratory testing, case management and infection prevention and control, safe and dignified burials, ring vaccination (this involves vaccination of infected individuals, direct contacts of infected individuals and contacts of their contacts), and therapeutics, community mobilization and free access to healthcare services. Despite these efforts, there has been a sharp rise in the number of confirmed cases within the identified affected areas, and due to a number of challenges unique to DRC, there has been an expansion in the geographical extent of transmission. The significance of the proximity of these regions to wildlife and the Virunga National Park is questionable in the EVD transmission dynamics. The close interaction between human, animal, and environmental factors, in combination with high population movement due to regular rebel attacks in these regions, suggest the need for the integration of the One Health approach in the holistic response plans for control and prevention of EVD. This paper seeks to highlight the implications and importance of a One Health\u2013based approach into the infectious diseases control program implementation in DRC.",
   "publish_time": "2019 Dec 5",
   "authors": [
      "Sikakulya, Franck katembo",
      "Mulisya, Olivier",
      "Munyambalu, Dalton Kambale",
      "Bunduki, Gabriel Kambale"
   ],
   "journal": "One Health",
   "has_full_text": "True",
   "full_text_file": "comm_use_subset",
   "id": "https://doi.org/10.1016/j.onehlt.2019.100117",
   "pubtator": "PMC6976930",
   "fhir_link": [
      "Commercial/Composition/baca636602541f353d9d1a7f256d67adebef5fd9",
      "Commercial/Composition/881739c1040a5d2fa7024857e21aec68e4d25230"
   ]
}