{
   "sha": "58be092086c74c58e9067121a6ba4836468e7ec3",
   "source_x": "PMC",
   "title": "Letter to the Editor: Case of the Index Patient Who Caused Tertiary Transmission of Coronavirus Disease 2019 in Korea: the Application of Lopinavir/Ritonavir for the Treatment of COVID-19 Pneumonia Monitored by Quantitative RT-PCR",
   "doi": "10.3346/jkms.2020.35.e88",
   "pmcid": "PMC7036343",
   "pubmed_id": "32080992",
   "license": "cc-by-nc",
   "publish_time": "2020 Feb 20",
   "authors": [
      "Kim, Jin Yong"
   ],
   "journal": "J Korean Med Sci",
   "WHO #Covidence": "#1608",
   "has_full_text": "True",
   "full_text_file": "noncomm_use_subset",
   "id": "https://doi.org/10.3346/jkms.2020.35.e88",
   "pubtator": "PMC7036343",
   "fhir_link": []
}