{
   "sha": "c06616024672d10c2192434d63cfd1895a31aa40",
   "source_x": "Elsevier",
   "title": "Subcellular location and topology of severe acute respiratory syndrome coronavirus envelope protein",
   "doi": "10.1016/j.virol.2011.03.029",
   "pmcid": "PMC4726981",
   "license": "els-covid",
   "abstract": "Abstract Severe acute respiratory syndrome (SARS) coronavirus (CoV) envelope (E) protein is a transmembrane protein. Several subcellular locations and topological conformations of E protein have been proposed. To identify the correct ones, polyclonal and monoclonal antibodies specific for the amino or the carboxy terminus of E protein, respectively, were generated. E protein was mainly found in the endoplasmic reticulum-Golgi intermediate compartment (ERGIC) of cells transfected with a plasmid encoding E protein or infected with SARS-CoV. No evidence of E protein presence in the plasma membrane was found by using immunofluorescence, immunoelectron microscopy and cell surface protein labeling. In addition, measurement of plasma membrane voltage gated ion channel activity by whole-cell patch clamp suggested that E protein was not present in the plasma membrane. A topological conformation in which SARS-CoV E protein amino terminus is oriented towards the lumen of intracellular membranes and carboxy terminus faces cell cytoplasm is proposed.",
   "publish_time": "2011-07-05",
   "authors": [
      "Nieto-Torres, Jose L.",
      "DeDiego, Marta L.",
      "\u00c1lvarez, Enrique",
      "Jim\u00e9nez-Guarde\u00f1o, Jose M.",
      "Regla-Nava, Jose A.",
      "Llorente, Mercedes",
      "Kremer, Leonor",
      "Shuo, Shen",
      "Enjuanes, Luis"
   ],
   "journal": "Virology",
   "has_full_text": "True",
   "full_text_file": "custom_license",
   "id": "https://doi.org/10.1016/j.virol.2011.03.029",
   "pubtator": "PMC4726981",
   "fhir_link": [
      "PMC/Composition/c06616024672d10c2192434d63cfd1895a31aa40"
   ]
}