{
   "sha": "f95dff44aae700378dd3746ea194c9a31a7b15b8",
   "source_x": "Elsevier",
   "title": "Persistence of coronaviruses on inanimate surfaces and their inactivation with biocidal agents",
   "doi": "10.1016/j.jhin.2020.01.022",
   "pubmed_id": "32035997",
   "license": "els-covid",
   "abstract": "Summary Currently, the emergence of a novel human coronavirus, SARS-CoV-2, has become a global health concern causing severe respiratory tract infections in humans. Human-to-human transmissions have been described with incubation times between 2-10 days, facilitating its spread via droplets, contaminated hands or surfaces. We therefore reviewed the literature on all available information about the persistence of human and veterinary coronaviruses on inanimate surfaces as well as inactivation strategies with biocidal agents used for chemical disinfection, e.g. in healthcare facilities. The analysis of 22 studies reveals that human coronaviruses such as Severe Acute Respiratory Syndrome (SARS) coronavirus, Middle East Respiratory Syndrome (MERS) coronavirus or endemic human coronaviruses (HCoV) can persist on inanimate surfaces like metal, glass or plastic for up to 9 days, but can be efficiently inactivated by surface disinfection procedures with 62\u201371% ethanol, 0.5% hydrogen peroxide or 0.1% sodium hypochlorite within 1 minute. Other biocidal agents such as 0.05\u20130.2% benzalkonium chloride or 0.02% chlorhexidine digluconate are less effective. As no specific therapies are available for SARS-CoV-2, early containment and prevention of further spread will be crucial to stop the ongoing outbreak and to control this novel infectious thread.",
   "publish_time": "2020-03-31",
   "authors": [
      "Kampf, G.",
      "Todt, D.",
      "Pfaender, S.",
      "Steinmann, E."
   ],
   "journal": "Journal of Hospital Infection",
   "Microsoft Academic Paper ID": "3005057892",
   "WHO #Covidence": "#3162",
   "has_full_text": "True",
   "full_text_file": "custom_license",
   "id": "https://doi.org/10.1016/j.jhin.2020.01.022",
   "fhir_link": [
      "PMC/Composition/f95dff44aae700378dd3746ea194c9a31a7b15b8"
   ]
}