{
   "sha": "b0bed3eb8cf626db34e6d7a92b304ee1e7212018",
   "source_x": "Elsevier",
   "title": "Discovery of N-(benzo[1,2,3]triazol-1-yl)-N-(benzyl)acetamido)phenyl) carboxamides as severe acute respiratory syndrome coronavirus (SARS-CoV) 3CLpro inhibitors: Identification of ML300 and noncovalent nanomolar inhibitors with an induced-fit binding",
   "doi": "10.1016/j.bmcl.2013.08.112",
   "pmcid": "PMC3878165",
   "pubmed_id": "24080461",
   "license": "els-covid",
   "abstract": "Abstract Herein we report the discovery and SAR of a novel series of SARS-CoV 3CLpro inhibitors identified through the NIH Molecular Libraries Probe Production Centers Network (MLPCN). In addition to ML188, ML300 represents the second probe declared for 3CLpro from this collaborative effort. The X-ray structure of SARS-CoV 3CLpro bound with a ML300 analog highlights a unique induced-fit reorganization of the S2\u2013S4 binding pockets leading to the first sub-micromolar noncovalent 3CLpro inhibitors retaining a single amide bond.",
   "publish_time": "2013-11-15",
   "authors": [
      "Turlington, Mark",
      "Chun, Aspen",
      "Tomar, Sakshi",
      "Eggler, Aimee",
      "Grum-Tokars, Valerie",
      "Jacobs, Jon",
      "Daniels, J. Scott",
      "Dawson, Eric",
      "Saldanha, Adrian",
      "Chase, Peter",
      "Baez-Santos, Yahira M.",
      "Lindsley, Craig W.",
      "Hodder, Peter",
      "Mesecar, Andrew D.",
      "Stauffer, Shaun R."
   ],
   "journal": "Bioorganic & Medicinal Chemistry Letters",
   "has_full_text": "True",
   "full_text_file": "custom_license",
   "id": "https://doi.org/10.1016/j.bmcl.2013.08.112",
   "pubtator": "PMC3878165",
   "fhir_link": [
      "PMC/Composition/b0bed3eb8cf626db34e6d7a92b304ee1e7212018"
   ]
}