{
   "sha": "b6eaa7537908627f75c30f6fbbbaefd207ac3507",
   "source_x": "Elsevier",
   "title": "Acute Allograft Rejection: Cellular and Humoral Processes",
   "doi": "10.1016/j.ccm.2011.02.008",
   "pmcid": "PMC3089893",
   "pubmed_id": "21511091",
   "license": "els-covid",
   "abstract": "Acute cellular rejection affects greater than a third of lung transplant recipients. Alloreactive T lymphocytes, responding directly or indirectly to donor antigen, constitute the basis of lung allograft rejection, as diagnosed by well-established histopathological criteria that reflect the severity of perivascular or peribronchial inflammation in the lung allograft. Recent evidence supports a more complex immune response to the allograft with involvement of humoral mechanisms, characterized by circulating antibody to donor HLA and specific patterns of lung injury, occurring in parallel with T cell-based rejection. Emerging evidence further suggests that the interaction between recipient genetics, immunosuppression therapies, and allograft environmental exposures, including pulmonary infection, contributes to high rejection rates after lung transplantation. A greater understanding of the heterogeneous mechanisms of lung rejection is critical to developing effective therapies that target the precise pathophysiology of the disease and ultimately improve long-term lung transplant outcomes.",
   "publish_time": "2011-06-30",
   "authors": [
      "Martinu, Tereza",
      "Pavlisko, Elizabeth N.",
      "Chen, Dong-Feng",
      "Palmer, Scott M."
   ],
   "journal": "Clinics in Chest Medicine",
   "has_full_text": "True",
   "full_text_file": "custom_license",
   "id": "https://doi.org/10.1016/j.ccm.2011.02.008",
   "pubtator": "PMC3089893",
   "fhir_link": [
      "PMC/Composition/b6eaa7537908627f75c30f6fbbbaefd207ac3507"
   ]
}