{
   "source_x": "Elsevier",
   "title": "We were warned, so why couldn't we prevent it?",
   "doi": "10.1016/S0262-4079(20)30476-0",
   "license": "els-covid",
   "abstract": "SARS and MERS gave us ample warning of the risk of new coronaviruses, but we failed to set up sufficient defences, reports Debora MacKenzie",
   "publish_time": "2020-03-07",
   "authors": [
      "MacKenzie, Debora"
   ],
   "journal": "New Scientist",
   "Microsoft Academic Paper ID": "1983232861",
   "WHO #Covidence": "#4879",
   "has_full_text": "False",
   "full_text_file": "custom_license",
   "id": "https://doi.org/10.1016/S0262-4079(20)30476-0"
}