{
   "sha": "dcd58805ece80b63cdb7bc2cb877a3328df92489",
   "source_x": "Elsevier",
   "title": "Chapter 20 Feline Coronavirus Infection",
   "doi": "10.1016/B978-1-4377-0795-3.00020-X",
   "license": "els-covid",
   "publish_time": "2014-12-31",
   "authors": [
      "Sykes, Jane E."
   ],
   "journal": "Canine and Feline Infectious Diseases",
   "has_full_text": "True",
   "full_text_file": "custom_license",
   "id": "https://doi.org/10.1016/B978-1-4377-0795-3.00020-X",
   "fhir_link": [
      "PMC/Composition/dcd58805ece80b63cdb7bc2cb877a3328df92489"
   ]
}