{
   "sha": "5893fce58f11ff4e5510d0c4de7f9097c7a1869a",
   "source_x": "PMC",
   "title": "Genetics and Pathogenesis of Feline Infectious Peritonitis Virus",
   "doi": "10.3201/eid1509.081573",
   "pmcid": "PMC2819880",
   "pubmed_id": "19788813",
   "license": "no-cc",
   "abstract": "Feline coronavirus (FCoV) is endemic in feral cat populations and cat colonies, frequently preceding outbreaks of fatal feline infectious peritonitis (FIP). FCoV exhibits 2 biotypes: the pathogenic disease and a benign infection with feline enteric coronavirus (FECV). Uncertainty remains regarding whether genetically distinctive avirulent and virulent forms coexist or whether an avirulent form mutates in vivo, causing FIP. To resolve these alternative hypotheses, we isolated viral sequences from FCoV-infected clinically healthy and sick cats (8 FIP cases and 48 FECV-asymptomatic animals); 735 sequences from 4 gene segments were generated and subjected to phylogenetic analyses. Viral sequences from healthy cats were distinct from sick cats on the basis of genetic distances observed in the membrane and nonstructural protein 7b genes. These data demonstrate distinctive circulating virulent and avirulent strains in natural populations. In addition, 5 membrane protein amino acid residues with functional potential differentiated healthy cats from cats with FIP. These findings may have potential as diagnostic markers for virulent FIP-associated FCoV.",
   "publish_time": "2009 Sep",
   "authors": [
      "Brown, Meredith A.",
      "Troyer, Jennifer L.",
      "Pecon-Slattery, Jill",
      "Roelke, Melody E.",
      "O\u2019Brien, Stephen J."
   ],
   "journal": "Emerg Infect Dis",
   "has_full_text": "True",
   "full_text_file": "custom_license",
   "id": "https://doi.org/10.3201/eid1509.081573",
   "pubtator": "PMC2819880",
   "fhir_link": [
      "PMC/Composition/5893fce58f11ff4e5510d0c4de7f9097c7a1869a"
   ]
}