{
   "sha": "94ccf97f5df377bf432fa3a831e38f11985965bd",
   "source_x": "PMC",
   "title": "Interactions of Respiratory Viruses and the Nasal Microbiota during the First Year of Life in Healthy Infants",
   "doi": "10.1128/mSphere.00312-16",
   "pmcid": "PMC5120172",
   "pubmed_id": "27904883",
   "license": "cc-by",
   "abstract": "Traditional culture techniques have shown that increased bacterial colonization is associated with viral colonization; however, the influence of viral colonization on the whole microbiota composition is less clear. We thus aimed to understand the interaction of viral infections and the nasal microbiota in early life to appraise their roles in disease development. Thirty-two healthy, unselected infants were included in this prospective longitudinal cohort study within the first year of life. Biweekly nasal swabs (n = 559) were taken, and the microbiota was analyzed by 16S rRNA pyrosequencing, and 10 different viruses and 2 atypical bacteria were characterized by real-time PCR (combination of seven duplex samples). In contrast to asymptomatic human rhinovirus (HRV) colonization, symptomatic HRV infections were associated with lower alpha diversity (Shannon diversity index [SDI]), higher bacterial density (PCR concentration), and a difference in beta diversities (Jaccard and Bray-Curtis index) of the microbiota. In addition, infants with more frequent HRV infections had a lower SDI at the end of the study period. Overall, changes in the microbiota associated with symptomatic HRV infections were characterized by a loss of microbial diversity. The interaction between HRV infections and the nasal microbiota in early life might be of importance for later disease development and indicate a potential approach for future interventions. IMPORTANCE Respiratory viral infections are very frequent in infancy and of importance in acute and chronic disease development. Infections with human rhinovirus (HRV) are, e.g., associated with the later development of asthma. We found that only symptomatic HRV infections were associated with acute changes in the nasal microbiota, mainly characterized by a loss of microbial diversity. Infants with more frequent symptomatic HRV infections had a lower bacterial diversity at the end of the first year of life. Whether the interaction between viruses and the microbiota is one pathway contributing to asthma development will be assessed in the follow-ups of these children. Independent of that, measurements of microbial diversity might represent a potential marker for risk of later lung disease or monitoring of early life interventions.",
   "publish_time": "2016 Nov 23",
   "authors": [
      "Korten, Insa",
      "Mika, Moana",
      "Klenja, Shkipe",
      "Kieninger, Elisabeth",
      "Mack, Ines",
      "Barbani, Maria Teresa",
      "Gorgievski, Meri",
      "Frey, Urs",
      "Hilty, Markus",
      "Latzin, Philipp"
   ],
   "journal": "mSphere",
   "has_full_text": "True",
   "full_text_file": "comm_use_subset",
   "id": "https://doi.org/10.1128/mSphere.00312-16",
   "pubtator": "PMC5120172",
   "fhir_link": [
      "Commercial/Composition/94ccf97f5df377bf432fa3a831e38f11985965bd"
   ]
}