{
   "sha": "cfadae2614f845ee68f94fd6e4db2973dd8cf1ce",
   "source_x": "Elsevier",
   "title": "Pathogenicity of severe acute respiratory coronavirus deletion mutants in hACE-2 transgenic mice",
   "doi": "10.1016/j.virol.2008.03.005",
   "pmcid": "PMC2810402",
   "pubmed_id": "18452964",
   "license": "els-covid",
   "abstract": "Abstract Recombinant severe acute respiratory virus (SARS-CoV) variants lacking the group specific genes 6, 7a, 7b, 8a, 8b and 9b (rSARS-CoV-\u0394[6\u20139b]), the structural gene E (rSARS-CoV-\u0394E), and a combination of both sets of genes (rSARS-CoV-\u0394[E,6\u20139b]) have been generated. All these viruses were rescued in monkey (Vero E6) cells and were also infectious for human (Huh-7, Huh7.5.1 and CaCo-2) cell lines and for transgenic (Tg) mice expressing the SARS-CoV receptor human angiotensin converting enzyme-2 (hACE-2), indicating that none of these proteins is essential for the viral cycle. Furthermore, in Vero E6 cells, all the viruses showed the formation of particles with the same morphology as the wt virus, indicating that these proteins do not have a high impact in the final morphology of the virions. Nevertheless, in the absence of E protein, release of virus particles efficacy was reduced. Viruses lacking E protein grew about 100-fold lower than the wt virus in lungs of Tg infected mice but did not grow in the brains of the same animals, in contrast to the rSARS-CoV-\u0394[6\u20139b] virus, which grew almost as well as the wt in both tissues. Viruses lacking E protein were highly attenuated in the highly sensitive hACE-2 Tg mice, in contrast to the minimal rSARS-CoV-\u0394[6\u20139b] and wt viruses. These data indicate that E gene might be a virulence factor influencing replication level, tissue tropism and pathogenicity of SARS-CoV, suggesting that \u0394E attenuated viruses are promising vaccine candidates.",
   "publish_time": "2008-07-05",
   "authors": [
      "DeDiego, Marta L.",
      "Pewe, Lecia",
      "Alvarez, Enrique",
      "Rejas, Maria Teresa",
      "Perlman, Stanley",
      "Enjuanes, Luis"
   ],
   "journal": "Virology",
   "has_full_text": "True",
   "full_text_file": "custom_license",
   "id": "https://doi.org/10.1016/j.virol.2008.03.005",
   "pubtator": "PMC2810402",
   "fhir_link": [
      "PMC/Composition/cfadae2614f845ee68f94fd6e4db2973dd8cf1ce"
   ]
}