{
   "sha": "1a198805fc27ed8e271fa144181b5c2baac1559c",
   "source_x": "Elsevier",
   "title": "The SARS-CoV ferret model in an infection\u2013challenge study",
   "doi": "10.1016/j.virol.2007.12.032",
   "pmcid": "PMC2831213",
   "pubmed_id": "18234270",
   "license": "els-covid",
   "abstract": "Abstract Phase I human clinical studies involving therapeutics for emerging and biodefense pathogens with low incidence, such as the severe acute respiratory syndrome coronavirus (SARS-CoV), requires at a minimum preclinical evaluation of efficacy in two well-characterized and robust animal models. Thus, a ferret SARS-CoV model was evaluated over a period of 58 days following extensive optimization and characterization of the model in order to validate clinical, histopathological, virological and immunological endpoints. Ferrets that were infected intranasally with 103 TCID50 SARS-CoV showed higher body temperature (2\u20136 d.p.i.), sneezing (5\u201310 d.p.i.), lesions (5\u20137 d.p.i.) and decreased WBC/lymphocytes (2\u20135 d.p.i.). SARS-CoV was detected up to 7 d.p.i. in various tissues and excreta, while neutralizing antibody titers rose at 7 d.p.i. and peaked at 14 d.p.i. At 29 d.p.i., one group was challenged with 103 TCID50 SARS-CoV, and an anamnestic response in neutralizing antibodies was evident with no detectable virus. This study supports the validity of the ferret model for use in evaluating efficacy of potential therapeutics to treat SARS.",
   "publish_time": "2008-04-25",
   "authors": [
      "Chu, Yong-Kyu",
      "Ali, Georgia D.",
      "Jia, Fuli",
      "Li, Qianjun",
      "Kelvin, David",
      "Couch, Ronald C.",
      "Harrod, Kevin S.",
      "Hutt, Julie A.",
      "Cameron, Cheryl",
      "Weiss, Susan R.",
      "Jonsson, Colleen B."
   ],
   "journal": "Virology",
   "has_full_text": "True",
   "full_text_file": "custom_license",
   "id": "https://doi.org/10.1016/j.virol.2007.12.032",
   "pubtator": "PMC2831213",
   "fhir_link": [
      "PMC/Composition/1a198805fc27ed8e271fa144181b5c2baac1559c"
   ]
}