{
   "sha": "019d20e17ba322b7de8e8d3a26a4f340a1df2008",
   "source_x": "Elsevier",
   "title": "Chapter 25 Lactation and Neonatal Care",
   "doi": "10.1016/B978-1-4377-2352-6.00025-0",
   "license": "els-covid",
   "publish_time": "2014-12-31",
   "authors": [
      "Tibary, Ahmed",
      "Johnson, Larue W.",
      "Pearson, Lisa K.",
      "Rodriguez, Jacobo S."
   ],
   "journal": "Llama and Alpaca Care",
   "has_full_text": "True",
   "full_text_file": "custom_license",
   "id": "https://doi.org/10.1016/B978-1-4377-2352-6.00025-0",
   "fhir_link": [
      "PMC/Composition/019d20e17ba322b7de8e8d3a26a4f340a1df2008"
   ]
}