{
   "sha": "52f1664a1d9fae42e3fbc1f19d936c711826a931",
   "source_x": "PMC",
   "title": "Identification of Cis-Acting Elements on Positive-Strand Subgenomic mRNA Required for the Synthesis of Negative-Strand Counterpart in Bovine Coronavirus",
   "doi": "10.3390/v6082938",
   "pmcid": "PMC4147681",
   "pubmed_id": "25080125",
   "license": "cc-by",
   "abstract": "It has been demonstrated that, in addition to genomic RNA, sgmRNA is able to serve as a template for the synthesis of the negative-strand [(\u2212)-strand] complement. However, the cis-acting elements on the positive-strand [(+)-strand] sgmRNA required for (\u2212)-strand sgmRNA synthesis have not yet been systematically identified. In this study, we employed real-time quantitative reverse transcription polymerase chain reaction to analyze the cis-acting elements on bovine coronavirus (BCoV) sgmRNA 7 required for the synthesis of its (\u2212)-strand counterpart by deletion mutagenesis. The major findings are as follows. (1) Deletion of the 5'-terminal leader sequence on sgmRNA 7 decreased the synthesis of the (\u2212)-strand sgmRNA complement. (2) Deletions of the 3' untranslated region (UTR) bulged stem-loop showed no effect on (\u2212)-strand sgmRNA synthesis; however, deletion of the 3' UTR pseudoknot decreased the yield of (\u2212)-strand sgmRNA. (3) Nucleotides positioned from \u221215 to \u221234 of the sgmRNA 7 3'-terminal region are required for efficient (\u2212)-strand sgmRNA synthesis. (4) Nucleotide species at the 3'-most position (\u22121) of sgmRNA 7 is correlated to the efficiency of (\u2212)-strand sgmRNA synthesis. These results together suggest, in principle, that the 5'- and 3'-terminal sequences on sgmRNA 7 harbor cis-acting elements are critical for efficient (\u2212)-strand sgmRNA synthesis in BCoV.",
   "publish_time": "2014 Jul 30",
   "authors": [
      "Yeh, Po-Yuan",
      "Wu, Hung-Yi"
   ],
   "journal": "Viruses",
   "has_full_text": "True",
   "full_text_file": "comm_use_subset",
   "id": "https://doi.org/10.3390/v6082938",
   "pubtator": "PMC4147681",
   "fhir_link": [
      "Commercial/Composition/52f1664a1d9fae42e3fbc1f19d936c711826a931"
   ]
}