{
   "sha": "308e7d99fefced3b130b780416ecef0278d2fe41; aada914c9454237bad1a0dd33ae257e8f9d2ca2f",
   "source_x": "PMC",
   "title": "Community-Based Risk Communication Survey: Risk Prevention Behaviors in Communities during the H1N1 crisis, 2010",
   "doi": "10.1016/j.phrp.2013.12.001",
   "pmcid": "PMC4064644",
   "pubmed_id": "24955307",
   "license": "cc-by-nc",
   "abstract": "OBJECTIVES: The present study aimed to investigate the prevalence of and factors associated with H1N1 preventive behaviors in a community-based population. METHODS: A cross-sectional study was conducted in three urban and two rural communities in Korea. Interviews were conducted with 3462 individuals (1608 men and 1854 women) aged \u2265 19 years during February\u2013March 2010. Influenza-related information including anxiety, preventive behaviors and their perceived effectiveness, vaccination status, past influenza-like illness symptoms, and sources of and trust in information was obtained. RESULTS: Among 3462 participants, 173 reported experiencing influenza-like illness symptoms within the past 12 months. The mean H1N1 preventive behavior score was 25.5 \u00b1 5.5 (out of a possible 40). The percent of participants reporting high perceived effectiveness and high anxiety was 46.2% and 21.4%, respectively. After controlling for potential confounders, H1N1 preventive behavior scores were predicted by a high (\u03b2 = 3.577, p < 0.001) or moderate (\u03b2 = 2.529, p < 0.001) perception of their effectiveness. Similarly, moderate (\u03b2 = 1.516, p < 0.001) and high (\u03b2 = 4.103, p < 0.001) anxiety scores predicted high preventive behavior scores. CONCLUSION: Effective methods of promoting population behavior change may be nationwide campaigns through mass media, as well as education and promotion by health care providers and broadcasters.",
   "publish_time": "2014 Feb 10",
   "authors": [
      "Kim, Soo Jeong",
      "Han, Jin A.",
      "Lee, Tae-Yong",
      "Hwang, Tae-Yoon",
      "Kwon, Keun-Sang",
      "Park, Ki Soo",
      "Lee, Kyung Jong",
      "Kim, Moon Shik",
      "Lee, Soon Young"
   ],
   "journal": "Osong Public Health Res Perspect",
   "has_full_text": "True",
   "full_text_file": "noncomm_use_subset",
   "id": "https://doi.org/10.1016/j.phrp.2013.12.001",
   "pubtator": "PMC4064644",
   "fhir_link": [
      "Non-comercial/Composition/308e7d99fefced3b130b780416ecef0278d2fe41",
      "Non-comercial/Composition/aada914c9454237bad1a0dd33ae257e8f9d2ca2f"
   ]
}