{
   "sha": "f55b2931d9176d19dad45d49aa691957a8587317; 1afdb2fbad2a5cb21a3420d4af09352912633a8a",
   "source_x": "PMC",
   "title": "Serologic Evidence for Influenza C and D Virus among Ruminants and Camelids, Africa, 1991\u20132015",
   "doi": "10.3201/eid2309.170342",
   "pmcid": "PMC5572875",
   "pubmed_id": "28820371",
   "license": "no-cc",
   "abstract": "Influenza D virus has been identified in America, Europe, and Asia. We detected influenza D virus antibodies in cattle and small ruminants from North (Morocco) and West (Togo and Benin) Africa. Dromedary camels in Kenya harbored influenza C or D virus antibodies, indicating a potential new host for these viruses.",
   "publish_time": "2017 Sep",
   "authors": [
      "Salem, Elias",
      "Cook, Elizabeth A.J.",
      "Lbacha, Hicham Ait",
      "Oliva, Justine",
      "Awoume, F\u00e9lix",
      "Aplogan, Gilbert L.",
      "Hymann, Emmanuel Couacy",
      "Muloi, Dishon",
      "Deem, Sharon L.",
      "Alali, Said",
      "Zouagui, Zaid",
      "F\u00e8vre, Eric M.",
      "Meyer, Gilles",
      "Ducatez, Mariette F."
   ],
   "journal": "Emerg Infect Dis",
   "has_full_text": "True",
   "full_text_file": "custom_license",
   "id": "https://doi.org/10.3201/eid2309.170342",
   "pubtator": "PMC5572875",
   "fhir_link": [
      "PMC/Composition/f55b2931d9176d19dad45d49aa691957a8587317",
      "PMC/Composition/1afdb2fbad2a5cb21a3420d4af09352912633a8a"
   ]
}