{
   "sha": "34bc96d247a78a804e014e09c997bf5f2ac71b6d; 50dd715b6dfd61f8b87474e37fb0817c14cd465f",
   "source_x": "PMC",
   "title": "Effects of Internal Border Control on Spread of Pandemic Influenza",
   "doi": "10.3201/eid1307.060740",
   "pmcid": "PMC2878213",
   "pubmed_id": "18214176",
   "license": "no-cc",
   "abstract": "We investigated the capacity of internal border control to limit influenza spread in an emergent pandemic in the context of Australia, a country with a low-population density and geopolitical boundaries that may facilitate restrictions. Mathematical models were used to study the time delay between epidemics in 2 population centers when travel restrictions were imposed. The models demonstrated that population size, travel rates, and places where travelers reside can strongly influence delay. The model simulations suggested that moderate delays in geographic spread may be possible with stringent restrictions and a low reproduction number, but results will be sensitive to the reproduction number and timing of restrictions. Model limitations include the absence of further importations and additional control measures. Internal border control may have a role in protecting domestic centers early in a pandemic, when importations are sparse. Our results may be useful for policymakers.",
   "publish_time": "2007 Jul",
   "authors": [
      "Wood, James G.",
      "Zamani, Nasim",
      "MacIntyre, C. Raina",
      "Becker, Niels G."
   ],
   "journal": "Emerg Infect Dis",
   "has_full_text": "True",
   "full_text_file": "custom_license",
   "id": "https://doi.org/10.3201/eid1307.060740",
   "pubtator": "PMC2878213",
   "fhir_link": [
      "PMC/Composition/34bc96d247a78a804e014e09c997bf5f2ac71b6d",
      "PMC/Composition/50dd715b6dfd61f8b87474e37fb0817c14cd465f"
   ]
}