{
   "sha": "c7d1c17055c7320e8d2a0cca313bddc7dcb3d401; ae8b139ede9460926a290fbae525b59fbe0e5c53; 1029b20dd40ca982d05b80adad4c125beb10217b",
   "source_x": "PMC",
   "title": "Integrative QTL analysis of gene expression and chromatin accessibility identifies multi-tissue patterns of genetic regulation",
   "doi": "10.1371/journal.pgen.1008537",
   "pmcid": "PMC7010298",
   "pubmed_id": "31961859",
   "license": "cc-by",
   "abstract": "Gene transcription profiles across tissues are largely defined by the activity of regulatory elements, most of which correspond to regions of accessible chromatin. Regulatory element activity is in turn modulated by genetic variation, resulting in variable transcription rates across individuals. The interplay of these factors, however, is poorly understood. Here we characterize expression and chromatin state dynamics across three tissues\u2014liver, lung, and kidney\u2014in 47 strains of the Collaborative Cross (CC) mouse population, examining the regulation of these dynamics by expression quantitative trait loci (eQTL) and chromatin QTL (cQTL). QTL whose allelic effects were consistent across tissues were detected for 1,101 genes and 133 chromatin regions. Also detected were eQTL and cQTL whose allelic effects differed across tissues, including local-eQTL for Pik3c2g detected in all three tissues but with distinct allelic effects. Leveraging overlapping measurements of gene expression and chromatin accessibility on the same mice from multiple tissues, we used mediation analysis to identify chromatin and gene expression intermediates of eQTL effects. Based on QTL and mediation analyses over multiple tissues, we propose a causal model for the distal genetic regulation of Akr1e1, a gene involved in glycogen metabolism, through the zinc finger transcription factor Zfp985 and chromatin intermediates. This analysis demonstrates the complexity of transcriptional and chromatin dynamics and their regulation over multiple tissues, as well as the value of the CC and related genetic resource populations for identifying specific regulatory mechanisms within cells and tissues.",
   "publish_time": "2020 Jan 21",
   "authors": [
      "Keele, Gregory R.",
      "Quach, Bryan C.",
      "Israel, Jennifer W.",
      "Chappell, Grace A.",
      "Lewis, Lauren",
      "Safi, Alexias",
      "Simon, Jeremy M.",
      "Cotney, Paul",
      "Crawford, Gregory E.",
      "Valdar, William",
      "Rusyn, Ivan",
      "Furey, Terrence S."
   ],
   "journal": "PLoS Genet",
   "has_full_text": "True",
   "full_text_file": "comm_use_subset",
   "id": "https://doi.org/10.1371/journal.pgen.1008537",
   "pubtator": "PMC7010298",
   "fhir_link": [
      "Commercial/Composition/c7d1c17055c7320e8d2a0cca313bddc7dcb3d401",
      "Commercial/Composition/ae8b139ede9460926a290fbae525b59fbe0e5c53",
      "Commercial/Composition/1029b20dd40ca982d05b80adad4c125beb10217b"
   ]
}