{
   "sha": "4d140ee8fb10afd86c19fc5ad4749771dc37d146",
   "source_x": "PMC",
   "title": "Hemagglutinin-esterase-fusion (HEF) protein of influenza C virus",
   "doi": "10.1007/s13238-015-0193-x",
   "pmcid": "PMC4707155",
   "pubmed_id": "26215728",
   "license": "cc-by",
   "abstract": "Influenza C virus, a member of the Orthomyxoviridae family, causes flu-like disease but typically only with mild symptoms. Humans are the main reservoir of the virus, but it also infects pigs and dogs. Very recently, influenza C-like viruses were isolated from pigs and cattle that differ from classical influenza C virus and might constitute a new influenza virus genus. Influenza C virus is unique since it contains only one spike protein, the hemagglutinin-esterase-fusion glycoprotein HEF that possesses receptor binding, receptor destroying and membrane fusion activities, thus combining the functions of Hemagglutinin (HA) and Neuraminidase (NA) of influenza A and B viruses. Here we briefly review the epidemiology and pathology of the virus and the morphology of virus particles and their genome. The main focus is on the structure of the HEF protein as well as on its co- and post-translational modification, such as N-glycosylation, disulfide bond formation, S-acylation and proteolytic cleavage into HEF1 and HEF2 subunits. Finally, we describe the functions of HEF: receptor binding, esterase activity and membrane fusion. ELECTRONIC SUPPLEMENTARY MATERIAL: The online version of this article (doi:10.1007/s13238-015-0193-x) contains supplementary material, which is available to authorized users.",
   "publish_time": "2016 Jan 28",
   "authors": [
      "Wang, Mingyang",
      "Veit, Michael"
   ],
   "journal": "Protein Cell",
   "has_full_text": "True",
   "full_text_file": "comm_use_subset",
   "id": "https://doi.org/10.1007/s13238-015-0193-x",
   "pubtator": "PMC4707155",
   "fhir_link": [
      "Commercial/Composition/4d140ee8fb10afd86c19fc5ad4749771dc37d146"
   ]
}