{
   "source_x": "Elsevier",
   "title": "Editorial overview: Progress and challenges in modeling human viral diseases in vivo",
   "doi": "10.1016/j.coviro.2015.07.004",
   "pmcid": "PMC6040652",
   "pubmed_id": "26219570",
   "license": "els-covid",
   "publish_time": "2015-08-31",
   "authors": [
      "Ploss, Alexander",
      "Walker, Christopher"
   ],
   "journal": "Current Opinion in Virology",
   "has_full_text": "False",
   "full_text_file": "custom_license",
   "id": "https://doi.org/10.1016/j.coviro.2015.07.004",
   "pubtator": "PMC6040652"
}