{
   "sha": "c7b980605c4ba138f35378e5f56b95e677cc87c5",
   "source_x": "PMC",
   "title": "Ubiquitin-specific Protease 15 Negatively Regulates Virus-induced Type I Interferon Signaling via Catalytically-dependent and -independent Mechanisms",
   "doi": "10.1038/srep11220",
   "pmcid": "PMC4650652",
   "pubmed_id": "26061460",
   "license": "cc-by",
   "abstract": "Viral infection triggers a series of signaling cascades, which converge to activate the transcription factors nuclear factor-\u03baB (NF-\u03baB) and interferon regulatory factor 3 (IRF3), thereby inducing the transcription of type I interferons (IFNs). Although not fully characterized, these innate antiviral responses are fine-tuned by dynamic ubiquitination and deubiquitination processes. In this study, we report ubiquitin-specific protease (USP) 15 is involved in regulation of the retinoic acid-inducible gene I (RIG-I)-dependent type I IFN induction pathway. Knockdown of endogenous USP15 augmented cellular antiviral responses. Overexpression of USP15 inhibited the transcription of IFN-\u03b2. Further analyses identified histidine 862 as a critical residue for USP15\u2019s catalytic activity. Interestingly, USP15 specifically removed lysine 63-linked polyubiquitin chains from RIG-I among the essential components in RIG-I-like receptor-dependent pathway. In addition, we demonstrated that in contrast to USP15 de-ubiquitinating (DUB) activity, USP15-mediated inhibition of IFN signaling was not abolished by mutations eliminating the catalytic activity, indicating that a fraction of USP15-mediated IFN antagonism was independent of the DUB activity. Catalytically inactive USP15 mutants, as did the wild-type protein, disrupted virus-induced interaction of RIG-I and IFN-\u03b2 promoter stimulator 1. Taken together, our data demonstrate that USP15 acts as a negative regulator of RIG-I signaling via DUB-dependent and independent mechanisms.",
   "publish_time": "2015 Jun 10",
   "authors": [
      "Zhang, Huan",
      "Wang, Dang",
      "Zhong, Huijuan",
      "Luo, Rui",
      "Shang, Min",
      "Liu, Dezhi",
      "Chen, Huanchun",
      "Fang, Liurong",
      "Xiao, Shaobo"
   ],
   "journal": "Sci Rep",
   "has_full_text": "True",
   "full_text_file": "comm_use_subset",
   "id": "https://doi.org/10.1038/srep11220",
   "pubtator": "PMC4650652",
   "fhir_link": [
      "Commercial/Composition/c7b980605c4ba138f35378e5f56b95e677cc87c5"
   ]
}