{
   "sha": "e1e619d488e5bde5fce5b538540333b0a9a69718; eb5cf729cc61df11fa28230ff5f15bc1ec559bc5",
   "source_x": "PMC",
   "title": "Evolution and Genetic Diversity of Porcine Circovirus 3 in China",
   "doi": "10.3390/v11090786",
   "pmcid": "PMC6783837",
   "pubmed_id": "31461875",
   "license": "cc-by",
   "abstract": "The identification of a new circovirus (Porcine Circovirus 3, PCV3) has raised concern because its impact on swine health is not fully known. In Fujian Province in eastern China, even its circulating status and genetic characteristics are unclear. Here, we tested 127 tissue samples from swine from Fujian Province that presented respiratory symptoms. All of the PCV3 positive samples were negative for many other pathogens involved in respiratory diseases like PCV2, PRRSV, and CSFV, suggesting that PCV3 is potentially pathogenic. From phylogenetic analysis, PCV3 strains are divided into two main clades and five sub-clades; PCV3a-1, PCV3a-2, PCV3a-3, PCV3b-1, and PCV3b-2. Our identified strains belong to genotypes PCV3a-1, PCV3a-2, PCV3a-3, and PCV3b-2, indicating a high degree of genetic diversity of PCV3 in Fujian province until 2019. Interestingly, we found the time of the most recent common ancestor (tMRCA) of PCV3 was dated to the 1950s, and PCV3 has a similar evolutionary rate as PCV2 (the main epidemic genotypes PCV2b and PCV2d). In addition, positive selection sites N56D/S and S77T/N on the capsid gene are located on the PCV3 antigen epitope, indicating that PCV3 is gradually adaptive in swine. In summary, our results provide important insights into the epidemiology of PCV3.",
   "publish_time": "2019 Aug 27",
   "authors": [
      "Chen, Ye",
      "Xu, Quanming",
      "Chen, Hong",
      "Luo, Xian",
      "Wu, Qi",
      "Tan, Chen",
      "Pan, Qidong",
      "Chen, Ji-Long"
   ],
   "journal": "Viruses",
   "has_full_text": "True",
   "full_text_file": "comm_use_subset",
   "id": "https://doi.org/10.3390/v11090786",
   "pubtator": "PMC6783837",
   "fhir_link": [
      "Commercial/Composition/e1e619d488e5bde5fce5b538540333b0a9a69718",
      "Commercial/Composition/eb5cf729cc61df11fa28230ff5f15bc1ec559bc5"
   ]
}