{
   "sha": "cfa3dd16b97bf8c51a0106577a0a639bcc706142",
   "source_x": "PMC",
   "title": "Syndromic Surveillance System for MERS-CoV as New Early Warning and Identification Approach",
   "doi": "10.2147/RMHP.S239984",
   "pmcid": "PMC7008581",
   "pubmed_id": "32104115",
   "license": "cc-by-nc",
   "abstract": "This commentary presents a novel outlook for public health authorities in the affected countries to detect and respond quickly to the emerging public health threats such as Middle East respiratory syndrome coronavirus (MERS-CoV). Implementing an innovative electronic surveillance system called syndromic surveillance system is essential for global health security.",
   "publish_time": "2020 Feb 5",
   "authors": [
      "Salamatbakhsh, Maryam",
      "Mobaraki, Kazhal",
      "Ahmadzadeh, Jamal"
   ],
   "journal": "Risk Manag Healthc Policy",
   "WHO #Covidence": "#6460",
   "has_full_text": "True",
   "full_text_file": "noncomm_use_subset",
   "id": "https://doi.org/10.2147/RMHP.S239984",
   "pubtator": "PMC7008581",
   "fhir_link": [
      "Non-comercial/Composition/cfa3dd16b97bf8c51a0106577a0a639bcc706142"
   ]
}