{
   "sha": "a51943a6b6527dd8f62bc27c061a6371fd045dce",
   "source_x": "Elsevier",
   "title": "Thermostability of the N-Terminal RNA-Binding Domain of the SARS-CoV Nucleocapsid Protein: Experiments and Numerical Simulations",
   "doi": "10.1016/j.bpj.2008.10.045",
   "pmcid": "PMC2717332",
   "pubmed_id": "19254548",
   "license": "els-covid",
   "abstract": "Abstract Differential scanning calorimetry, circular dichroism spectroscopy, nuclear magnetic resonance spectroscopy, and numerical simulations were used to study the thermostability of the N-terminal RNA-binding domain (RBD) of the SARS-CoV nucleocapsid protein. The transition temperature of the RBD in a mixing buffer, composed of glycine, sodium acetate, and sodium phosphate with 100 mM sodium chloride, at pH 6.8, determined by differential scanning calorimetry and circular dichroism, is 48.74\u00b0C. Experimental results showed that the thermal-induced unfolding-folding transition of the RBD follows a two-state model with a reversibility >90%. Using a simple G\u014d-like model and Langevin dynamics we have shown that, in agreement with our experiments, the folding of the RBD is two-state. Theoretical estimates of thermodynamic quantities are in reasonable agreement with the experiments. Folding and thermal unfolding pathways of the RBD also were experimentally and numerically studied in detail. It was shown that the strand \u03b2 1 from the N-terminal folds last and unfolds first, while the remaining \u03b2-strands fold/unfold cooperatively.",
   "publish_time": "2009-03-04",
   "authors": [
      "Fang, Huey-Jen",
      "Chen, Yong-Zhong",
      "Li, Mai Suan",
      "Wu, Ming-Chya",
      "Chang, Chun-Ling",
      "Chang, Chung-ke",
      "Hsu, Yen-lan",
      "Huang, Tai-huang",
      "Chen, Hueih-Min",
      "Tsong, Tian-Yow",
      "Hu, Chin-Kun"
   ],
   "journal": "Biophysical Journal",
   "has_full_text": "True",
   "full_text_file": "custom_license",
   "id": "https://doi.org/10.1016/j.bpj.2008.10.045",
   "pubtator": "PMC2717332",
   "fhir_link": [
      "PMC/Composition/a51943a6b6527dd8f62bc27c061a6371fd045dce"
   ]
}