{
   "sha": "319b8c97174d684a0e0f50dff4ecfdab294d2a05; b574bf0f935b4f092e6df566f24ce24020474b66",
   "source_x": "PMC",
   "title": "Vaccine or field strains: the jigsaw pattern of infectious bronchitis virus molecular epidemiology in Poland",
   "doi": "10.3382/ps/pez473",
   "pmcid": "PMC6870560",
   "pubmed_id": "31399745",
   "license": "cc-by-nc",
   "abstract": "Infectious bronchitis (IB), caused by infectious bronchitis virus (IBV), account for severe economic losses in the poultry industry. The continuous emergence of a multitude of IBV variants poses many challenges for its diagnosis and control, and live attenuated vaccines, despite their routine use, still plays a significant role in driving IBV evolution, further complicating the epidemiological scenario. Unfortunately, the impact of different vaccination strategies on IB control, epidemiology, and diagnosis has rarely been investigated. This work presents the results of a large-scale diagnostic survey performed in Poland to study IBV molecular epidemiology and how vaccination may affect the viral circulation in the field. To this purpose, 589 samples were collected between May 2017 and January 2019, tested by reverse transcription-PCR for IBV and sequenced. Vaccine and field strains were discriminated based on genetic and anamnestic information. The most commonly detected lineages were 793B (79%) and variant 2 (17.4%), with sporadic detections of QX, Mass, and D274-like strains. Most of the detected strains had a vaccine origin: 46.3% matched one of the applied vaccines, while 36.5% were genetically related to vaccines not implemented in the respective protocol. Besides their practical value for the proper planning of vaccination protocols in Poland, these results suggest that only a fraction (17.2%) of the circulating strains are field ones, imposing a careful assessment of the actual IBV field menaces. Moreover, phenomena like vaccine spreading and persistence seem to occur commonly, stressing the need to further study the epidemiological consequences of the extensive use of live vaccines.",
   "publish_time": "2019 Dec 9",
   "authors": [
      "Legnardi, Matteo",
      "Franzo, Giovanni",
      "Koutoulis, Konstantinos C",
      "Wi\u015bniewski, Marek",
      "Catelli, Elena",
      "Tucciarone, Claudia Maria",
      "Cecchinato, Mattia"
   ],
   "journal": "Poult Sci",
   "has_full_text": "True",
   "full_text_file": "noncomm_use_subset",
   "id": "https://doi.org/10.3382/ps/pez473",
   "pubtator": "PMC6870560",
   "fhir_link": [
      "Non-comercial/Composition/319b8c97174d684a0e0f50dff4ecfdab294d2a05",
      "Non-comercial/Composition/b574bf0f935b4f092e6df566f24ce24020474b66"
   ]
}