{
   "sha": "51dd595e1404da9a49935f1df61c163b6ad01a58",
   "source_x": "PMC",
   "title": "Prions Adhere to Soil Minerals and Remain Infectious",
   "doi": "10.1371/journal.ppat.0020032",
   "pmcid": "PMC1435987",
   "pubmed_id": "16617377",
   "license": "cc-by",
   "abstract": "An unidentified environmental reservoir of infectivity contributes to the natural transmission of prion diseases (transmissible spongiform encephalopathies [TSEs]) in sheep, deer, and elk. Prion infectivity may enter soil environments via shedding from diseased animals and decomposition of infected carcasses. Burial of TSE-infected cattle, sheep, and deer as a means of disposal has resulted in unintentional introduction of prions into subsurface environments. We examined the potential for soil to serve as a TSE reservoir by studying the interaction of the disease-associated prion protein (PrP(Sc)) with common soil minerals. In this study, we demonstrated substantial PrP(Sc) adsorption to two clay minerals, quartz, and four whole soil samples. We quantified the PrP(Sc)-binding capacities of each mineral. Furthermore, we observed that PrP(Sc) desorbed from montmorillonite clay was cleaved at an N-terminal site and the interaction between PrP(Sc) and Mte was strong, making desorption of the protein difficult. Despite cleavage and avid binding, PrP(Sc) bound to Mte remained infectious. Results from our study suggest that PrP(Sc) released into soil environments may be preserved in a bioavailable form, perpetuating prion disease epizootics and exposing other species to the infectious agent.",
   "publish_time": "2006 Apr 14",
   "authors": [
      "Johnson, Christopher J",
      "Phillips, Kristen E",
      "Schramm, Peter T",
      "McKenzie, Debbie",
      "Aiken, Judd M",
      "Pedersen, Joel A"
   ],
   "journal": "PLoS Pathog",
   "has_full_text": "True",
   "full_text_file": "comm_use_subset",
   "id": "https://doi.org/10.1371/journal.ppat.0020032",
   "pubtator": "PMC1435987",
   "fhir_link": [
      "Commercial/Composition/51dd595e1404da9a49935f1df61c163b6ad01a58"
   ]
}