{
   "sha": "e9110fa452f2db8694a31a73a7c6651c53547078",
   "source_x": "Elsevier",
   "title": "134 Biology of Viruses and Viral Diseases",
   "doi": "10.1016/B978-1-4557-4801-3.00134-X",
   "license": "els-covid",
   "publish_time": "2015-12-31",
   "authors": [
      "Chappell, James D.",
      "Dermody, Terence S."
   ],
   "journal": "Mandell, Douglas, and Bennett's Principles and Practice of Infectious Diseases",
   "has_full_text": "True",
   "full_text_file": "custom_license",
   "id": "https://doi.org/10.1016/B978-1-4557-4801-3.00134-X",
   "fhir_link": [
      "PMC/Composition/e9110fa452f2db8694a31a73a7c6651c53547078"
   ]
}