{
   "sha": "e8d3d7ab031be52d7e69b0070488d8c43e2f00fb",
   "source_x": "Elsevier",
   "title": "Middle East respiratory syndrome",
   "doi": "10.1016/S0140-6736(19)33221-0",
   "license": "els-covid",
   "abstract": "Summary The Middle East respiratory syndrome coronavirus (MERS-CoV) is a lethal zoonotic pathogen that was first identified in humans in Saudi Arabia and Jordan in 2012. Intermittent sporadic cases, community clusters, and nosocomial outbreaks of MERS-CoV continue to occur. Between April 2012 and December 2019, 2499 laboratory-confirmed cases of MERS-CoV infection, including 858 deaths (34\u00b73% mortality) were reported from 27 countries to WHO, the majority of which were reported by Saudi Arabia (2106 cases, 780 deaths). Large outbreaks of human-to-human transmission have occurred, the largest in Riyadh and Jeddah in 2014 and in South Korea in 2015. MERS-CoV remains a high-threat pathogen identified by WHO as a priority pathogen because it causes severe disease that has a high mortality rate, epidemic potential, and no medical countermeasures. This Seminar provides an update on the current knowledge and perspectives on MERS epidemiology, virology, mode of transmission, pathogenesis, diagnosis, clinical features, management, infection control, development of new therapeutics and vaccines, and highlights unanswered questions and priorities for research, improved management, and prevention.",
   "publish_time": "2020-03-04",
   "authors": [
      "Memish, Ziad A",
      "Perlman, Stanley",
      "Van Kerkhove, Maria D",
      "Zumla, Alimuddin"
   ],
   "journal": "The Lancet",
   "Microsoft Academic Paper ID": "2112147913",
   "WHO #Covidence": "#3836",
   "has_full_text": "True",
   "full_text_file": "custom_license",
   "id": "https://doi.org/10.1016/S0140-6736(19)33221-0",
   "fhir_link": [
      "PMC/Composition/e8d3d7ab031be52d7e69b0070488d8c43e2f00fb"
   ]
}