{
   "sha": "5c2560dd156d79861893e5cc1361d8eba27b3ecf",
   "source_x": "Elsevier",
   "title": "Chapter 87 Canine Hemorrhagic Gastroenteritis",
   "doi": "10.1016/B978-1-56053-421-1.50091-0",
   "license": "els-covid",
   "publish_time": "2001-12-31",
   "authors": [
      "Wingfield, Wayne E."
   ],
   "journal": "Veterinary Emergency Medicine Secrets",
   "has_full_text": "True",
   "full_text_file": "custom_license",
   "id": "https://doi.org/10.1016/B978-1-56053-421-1.50091-0",
   "fhir_link": [
      "PMC/Composition/5c2560dd156d79861893e5cc1361d8eba27b3ecf"
   ]
}