{
   "sha": "b418cfabe5592f8c3e04d339709b6acd82ed36f7",
   "source_x": "Elsevier",
   "doi": "10.1016/B978-2-294-04925-5.50029-5",
   "license": "els-covid",
   "abstract": "Unknown",
   "publish_time": "2010-12-31",
   "journal": "Gastro\u2013ent\u00e9rologie canine et f\u00e9line",
   "has_full_text": "True",
   "full_text_file": "custom_license",
   "id": "https://doi.org/10.1016/B978-2-294-04925-5.50029-5",
   "fhir_link": [
      "PMC/Composition/b418cfabe5592f8c3e04d339709b6acd82ed36f7"
   ]
}