{
   "sha": "922e59f9a0ff746cf0d43e10989359ae9764a213",
   "source_x": "Elsevier",
   "title": "27 Virale Infektionen",
   "doi": "10.1016/B978-3-437-22233-7.00027-7",
   "license": "els-covid",
   "publish_time": "2015-12-31",
   "authors": [
      "Neumeister, Birgid"
   ],
   "journal": "Klinikleitfaden Labordiagnostik",
   "has_full_text": "True",
   "full_text_file": "custom_license",
   "id": "https://doi.org/10.1016/B978-3-437-22233-7.00027-7",
   "fhir_link": [
      "PMC/Composition/922e59f9a0ff746cf0d43e10989359ae9764a213"
   ]
}