{
   "sha": "0bba2c1bb69443322b433686dfa6c3a5451f6e92",
   "source_x": "Elsevier",
   "title": "The Parameters to Establish a New Corneal Dystrophy",
   "doi": "10.1016/j.ajo.2011.04.010",
   "pubmed_id": "21784192",
   "license": "els-covid",
   "publish_time": "2011-08-31",
   "authors": [
      "Klintworth, Gordon K."
   ],
   "journal": "American Journal of Ophthalmology",
   "has_full_text": "True",
   "full_text_file": "custom_license",
   "id": "https://doi.org/10.1016/j.ajo.2011.04.010",
   "fhir_link": [
      "PMC/Composition/0bba2c1bb69443322b433686dfa6c3a5451f6e92"
   ]
}