{
   "sha": "a186e1e74616d4936c8de93c42a857c4cb9d1edf",
   "source_x": "Elsevier",
   "title": "One-tube smart genetic testing via coupling isothermal amplification and three-way nucleic acid circuit to glucometers",
   "doi": "10.1016/j.aca.2020.01.068",
   "license": "els-covid",
   "abstract": "Abstract Urgent demand for portable diagnosis has promoted a new sensing strategy that uses personal glucometer (PGM) to detect non-glucose targets. Even though great progresses have been achieved in terms of target range and sensing principle, issues such as low final signal-to-background ratio and hard-to-realize one-tube smart analysis still exist and challenge real-world applications in gene detection. Here we propose a practical solution via coupling isothermal amplification (i.e. LAMP) and three-way amplifiable catalytic hairpin assembly (i.e. CHA) to a PGM. It allows direct transduction from genomic information to commercial portable devices with all of ultra-high sensitivity, specificity and enhanced signal-to-noise ratio. Compared with previous report without signal amplification, the introduction of CHA has successfully improved the signal amplitude by at least 12.5 folds. More importantly, through importing an effective three-way junction based transduction, we also innovatively develop a one-tube logical or multiplex analysis strategy in PGM based detection. Totally four situations of two foodborne bacteria genes, in Cronobacter sakazakii (ompA) and Escherichia coli (malB), could be directly readout using the final PGM signals, with the lowest detection amount down to less than 100 molecular copies (6.6 \u00d7 10\u221218 M). It is believed such a LAMP-CHA-PGM method has been already sensitive, specific, and of great potential for practically portable gene diagnostics.",
   "publish_time": "2020-04-15",
   "authors": [
      "Guo, Lulu",
      "Lu, Baiyang",
      "Dong, Qing",
      "Tang, Yidan",
      "Du, Yan",
      "Li, Bingling"
   ],
   "journal": "Analytica Chimica Acta",
   "has_full_text": "True",
   "full_text_file": "custom_license",
   "id": "https://doi.org/10.1016/j.aca.2020.01.068",
   "fhir_link": [
      "PMC/Composition/a186e1e74616d4936c8de93c42a857c4cb9d1edf"
   ]
}