{
   "sha": "4f5e61016cc163004558e810c9a86210bd8da5ae",
   "source_x": "Elsevier",
   "title": "MIDDLE EAST RESPIRATORY SYNDROME CORONAVIRUS \u2013 MERS, MERS CoV",
   "doi": "10.1016/j.disamonth.2017.03.020",
   "pubmed_id": "29737284",
   "license": "els-covid",
   "publish_time": "2017-09-30",
   "journal": "Disease-a-Month",
   "has_full_text": "True",
   "full_text_file": "custom_license",
   "id": "https://doi.org/10.1016/j.disamonth.2017.03.020",
   "fhir_link": [
      "PMC/Composition/4f5e61016cc163004558e810c9a86210bd8da5ae"
   ]
}