{
   "sha": "09e70c44b20fc3618bdc374ebd82d72795941b2d",
   "source_x": "Elsevier",
   "title": "Factors Influencing In-hospital Mortality in Community-Acquired Pneumonia A Prospective Study of Patients Not Initially Admitted to the ICU",
   "doi": "10.1016/S0012-3692(15)34475-5",
   "pubmed_id": "15821203",
   "license": "els-covid",
   "abstract": "Purpose To determine the factors that predict in-hospital mortality among patients who require hospitalization for the treatment of community-acquired pneumonia (CAP) Study design Prospective observational study of all patients who were admitted to six hospitals in Edmonton, AL, Canada, with a diagnosis of CAP from November 15, 2000, to November 14, 2002. Pneumonia was defined as two or more respiratory symptoms and signs and an opacity on a chest radiograph as interpreted by the attending physician Results A total of 3,043 patients were enrolled in the study, 246 of whom died (8.1%). On multivariate analysis, increasing pneumonia severity score, increasing age, site of care, consultation with a respirologist or infectious diseases physician, and functional status at the time of admission were all independently predictive of mortality. Increasing pneumonia severity risk score, increasing age, site of hospitalization, functional status, and consultation with an infectious diseases physician or a respirologist were independently associated with both early (< 5 days) and late (\u2265 5 days) mortality. In contrast, partial or complete use of the pneumonia pathway was associated with decreased early mortality, but had no effect on late mortality. A low lymphocyte count and a high serum potassium level were associated with early but not with late mortality. The type of antibiotic therapy had an effect on late but not on early mortality Conclusions Functional status at the time of hospital admission is a powerful predictor of mortality and should be incorporated into any scores or models that are used to predict mortality. While there are some common predictors of early and late in-hospital mortality, early mortality is not affected by the timing or type of antibiotic therapy, whereas late mortality is influenced by the type of antibiotic therapy. Hyperkalemia and lymphopenia are associated with early mortality",
   "publish_time": "2005-04-30",
   "authors": [
      "Marrie, Thomas J",
      "Wu, LieLing"
   ],
   "journal": "Chest",
   "has_full_text": "True",
   "full_text_file": "custom_license",
   "id": "https://doi.org/10.1016/S0012-3692(15)34475-5",
   "fhir_link": [
      "PMC/Composition/09e70c44b20fc3618bdc374ebd82d72795941b2d"
   ]
}