{
   "sha": "6d9d10f3bc6cf0898e828758fe3c9e32797ba0b6",
   "source_x": "Elsevier",
   "title": "Viral Etiology of Acute Exacerbations of COPD in Hong Kong",
   "doi": "10.1378/chest.07-0530",
   "pubmed_id": "17573516",
   "license": "els-covid",
   "abstract": "Introduction Viral respiratory infections may precipitate acute exacerbations of COPD (AECOPD). However, little is known about viral etiology related to AECOPD in Asia. We aimed to study the viral etiology of AECOPD in Hong Kong. Methods Patients admitted to an acute hospital in Hong Kong with AECOPD were recruited prospectively from May 1, 2004, to April 30, 2005. Nasopharyngeal aspirate was collected and assessed by polymerase chain reaction (PCR) and viral culture. Spirometry was performed in the stable phase at 2 to 3 months after hospital discharge. Results There were 262 episodes of AECOPD among 196 patients (mean age, 75.7 \u00b1 7.7 years [\u00b1 SD]; 160 men). Mean FEV1 was 39.6 \u00b1 18.9% of predicted normal, and FEV1/FVC ratio was 58.0 \u00b1 15.2%. Fifty-eight episodes (22.1%) yielded positive viral PCR results. The viruses identified were influenza A (7.3%), coronavirus OC43 (4.6%), rhinovirus (3.1%), influenza B (2.7%), and respiratory syncytial virus (2.3%). The diagnostic yield of viral identification by PCR was 2.7 times higher than that based on conventional viral culture. The rates of identifying a positive viral etiology by PCR were similar among the subjects with FEV1 \u2265 50%, \u2265 30 to 50%, and < 30% of predicted normal. Viral infection appeared to have no effect on subsequent readmissions or mortality rate over a study period of 1 year Conclusion Influenza A and two less-attended viruses, coronavirus OC43 and rhinovirus, were the common etiologic agents in patients hospitalized with AECOPD in Hong Kong. These should be considered in developing diagnostic and intervening strategies pertaining to AECOPD.",
   "publish_time": "2007-09-30",
   "authors": [
      "Ko, Fanny W.S.",
      "Ip, Margaret",
      "Chan, Paul K.S.",
      "Chan, Michael C.H.",
      "To, Kin-Wang",
      "Ng, Susanna S.S.",
      "Chau, Shirley S.L.",
      "Tang, Julian W.",
      "Hui, David S.C."
   ],
   "journal": "Chest",
   "has_full_text": "True",
   "full_text_file": "custom_license",
   "id": "https://doi.org/10.1378/chest.07-0530",
   "fhir_link": [
      "PMC/Composition/6d9d10f3bc6cf0898e828758fe3c9e32797ba0b6"
   ]
}