{
   "sha": "d65e23d9cd5d984bd31df5c4363d376dbcc527d9",
   "source_x": "Elsevier",
   "title": "Augmentation of chemokine production by severe acute respiratory syndrome coronavirus 3a/X1 and 7a/X4 proteins through NF-\u03baB activation",
   "doi": "10.1016/j.febslet.2006.11.046",
   "pubmed_id": "17141229",
   "license": "els-covid",
   "abstract": "Abstract Severe acute respiratory syndrome (SARS) is characterized by rapidly progressing respiratory failure resembling acute/adult respiratory distress syndrome (ARDS) associated with uncontrolled inflammatory responses. Here, we demonstrated that, among five accessory proteins of SARS coronavirus (SARS-CoV) tested, 3a/X1 and 7a/X4 were capable of activating nuclear factor kappa B (NF-\u03baB) and c-Jun N-terminal kinase (JNK), and significantly enhanced interleukin 8 (IL-8) promoter activity. Furthermore, 3a/X1 and 7a/X4 expression in A549 cells enhanced production of inflammatory chemokines that were known to be up-regulated in SARS-CoV infection. Our results suggest potential involvement of 3a/X1 and 7a/X4 proteins in the pathological inflammatory responses in SARS.",
   "publish_time": "2006-12-22",
   "authors": [
      "Kanzawa, Noriyuki",
      "Nishigaki, Kazuo",
      "Hayashi, Takaya",
      "Ishii, Yuichi",
      "Furukawa, Souichi",
      "Niiro, Ayako",
      "Yasui, Fumihiko",
      "Kohara, Michinori",
      "Morita, Kouichi",
      "Matsushima, Kouji",
      "Le, Mai Quynh",
      "Masuda, Takao",
      "Kannagi, Mari"
   ],
   "journal": "FEBS Letters",
   "has_full_text": "True",
   "full_text_file": "custom_license",
   "id": "https://doi.org/10.1016/j.febslet.2006.11.046",
   "fhir_link": [
      "PMC/Composition/d65e23d9cd5d984bd31df5c4363d376dbcc527d9"
   ]
}