{
   "sha": "4a9d97e763598cc4a6d0a99013b4493e42db321d",
   "source_x": "Elsevier",
   "title": "50th Anniversary Editorial: Building on firm foundations",
   "doi": "10.1016/j.ijnurstu.2012.11.006",
   "pubmed_id": "23200195",
   "license": "els-covid",
   "publish_time": "2013-01-31",
   "authors": [
      "Norman, Ian",
      "Griffiths, Peter"
   ],
   "journal": "International Journal of Nursing Studies",
   "has_full_text": "True",
   "full_text_file": "custom_license",
   "id": "https://doi.org/10.1016/j.ijnurstu.2012.11.006",
   "fhir_link": [
      "PMC/Composition/4a9d97e763598cc4a6d0a99013b4493e42db321d"
   ]
}