{
   "source_x": "Elsevier",
   "title": "Pyogranulomatous Pleuropneumonia and Mediastinitis in Ferrets Associated with Chryseomonas-like Bacteria",
   "doi": "10.1016/j.jcpa.2010.09.034",
   "license": "els-covid",
   "publish_time": "2010-11-30",
   "authors": [
      "Martinez, J.",
      "Soto, S.",
      "Martorell, J.E.",
      "Riera, A.",
      "Abarca, L.M.",
      "Woods, L."
   ],
   "journal": "Journal of Comparative Pathology",
   "has_full_text": "False",
   "full_text_file": "custom_license",
   "id": "https://doi.org/10.1016/j.jcpa.2010.09.034"
}