{
   "sha": "53be4000821ac430bae87a7faf22ee1e493e5832",
   "source_x": "Elsevier",
   "title": "Polyarteritis Nodosa in a Cat with Involvement of the Central and Peripheral Nervous Systems",
   "doi": "10.1016/j.jcpa.2018.11.003",
   "pubmed_id": "30898299",
   "license": "els-covid",
   "abstract": "Summary An 18-month-old neutered male domestic shorthair cat was referred with a history of pyrexia, polyuria and polydypsia, and transient episodes of bilateral hindlimb paralysis. Cardiac evaluation revealed severe systemic hypertension and severe concentric hypertrophy of the left ventricle. One month later the cat had a new episode of hindlimb paralysis with recurrent seizures, and died in status epilepticus. At necropsy examination, the coronary arteries, arcuate renal arteries and common iliac arteries showed marked thickening with nodules segmentally located along the vessels and consequent narrowing of the lumina. Histologically, acute and chronic inflammatory infiltration of the vascular walls was associated with necrosis of the muscular layer. Lesions were consistent with polyarteritis nodosa and involved the small, medium and large arteries of the heart, kidneys, small and large intestine, mesentery, liver and thyroid. Multifocal meningeal vasculitis associated with focal infarction of the frontal lobe and necrotizing vascular polyneuropathy were detected. Involvement of the central and peripheral nervous systems in polyarteritis nodosa is a novel finding in cats.",
   "publish_time": "2019-02-28",
   "authors": [
      "Salvadori, C.",
      "Vezzosi, T.",
      "Marchetti, V.",
      "Cantile, C."
   ],
   "journal": "Journal of Comparative Pathology",
   "has_full_text": "True",
   "full_text_file": "custom_license",
   "id": "https://doi.org/10.1016/j.jcpa.2018.11.003",
   "fhir_link": [
      "PMC/Composition/53be4000821ac430bae87a7faf22ee1e493e5832"
   ]
}