{
   "sha": "1f80d593701d097bc0fe2387775198af8b331aa1",
   "source_x": "Elsevier",
   "title": "Clarifying dairy calf mortality phenotypes through postmortem analysis",
   "doi": "10.3168/jds.2018-15527",
   "pubmed_id": "30879809",
   "license": "els-covid",
   "abstract": "ABSTRACT Health problems can be thought of as phenotypic expressions of the complex relationships between genes, environments, and phenomes as a whole. Detailed evaluations of phenotypic expressions of illness are required to characterize important biological outcomes. We hypothesized that classifying dairy calf mortality phenotypes via a systematic postmortem analysis would identify different cause-of-death diagnoses than those derived from treatments alone. This cross-sectional study was carried out on a dairy calf ranch in the northwestern United States from June to September 2017 and focused on calves \u226490 d of age. Comparisons were made between causes of death based on 3 levels of information: on-farm treatment records alone, necropsy-based postmortem analyses in addition to treatment records, and Washington Animal Disease Diagnostic Laboratory (WADDL) results in addition to all other information. A total of 210 dairy calves were necropsied during this study, of which 122 cases were submitted to WADDL. Necropsy- and WADDL-derived mortality phenotypes were in almost perfect agreement (Cohen's \u03ba = 0.86) when broadly categorized as diarrhea, respiratory, diarrhea and respiratory combined, or other causes. The level of agreement between on-farm treatment records and postmortem-derived results was low and varied by the level of diagnostic detail provided. There was just fair agreement (\u03ba = 0.22) between treatment-based and necropsy-based phenotypes without WADDL input and only slight agreement (\u03ba = 0.13) between treatment-based and corresponding necropsy-based phenotypes with WADDL input. Even for those cases in which causes of death aligned along a comparable pathologic spectrum, the lack of detail inherent to standard treatment-based causes of death failed to identify meaningful target areas for intervention. This was especially apparent for numerous cases of necrotizing enteritis and typhlitis (cecal inflammation) that were variously categorized as diarrhea and pneumonia by treatment-based diagnoses. The specificity of these lesions stood in stark contrast to the otherwise generic cause of death diagnoses derived from treatments. The findings from this study supported the hypothesis and highlighted the value of on-farm necropsies and laboratory-based diagnostics to (1) detect antemortem disease misclassifications, (2) provide detail regarding disease processes and mortality phenotypes, and (3) direct disease mitigation strategies.",
   "publish_time": "2019-05-31",
   "authors": [
      "McConnel, C.S.",
      "Nelson, D.D.",
      "Burbick, C.R.",
      "Buhrig, S.M.",
      "Wilson, E.A.",
      "Klatt, C.T.",
      "Moore, D.A."
   ],
   "journal": "Journal of Dairy Science",
   "has_full_text": "True",
   "full_text_file": "custom_license",
   "id": "https://doi.org/10.3168/jds.2018-15527",
   "fhir_link": [
      "PMC/Composition/1f80d593701d097bc0fe2387775198af8b331aa1"
   ]
}