{
   "sha": "facc15d57272186c8e4b1be8ef12016e54ccafc1",
   "source_x": "Elsevier",
   "title": "Global analysis of multi-host and multi-vector epidemic models",
   "doi": "10.1016/j.jmaa.2019.03.030",
   "license": "els-covid",
   "abstract": "Abstract We formulate a multi-group and multi-vector epidemic model in which hosts' dynamics is captured by staged-progression S E I R framework and the dynamics of vectors is captured by an SI framework. The proposed model describes the evolution of a class of zoonotic infections where the pathogen is shared by m host species and transmitted by p arthropod vector species. In each host, the infectious period is structured into n stages with a corresponding infectiousness parameter to each vector species. We determine the basic reproduction number R 0 2 ( m , n , p ) and investigate the dynamics of the systems when this threshold is less or greater than one. We show that the dynamics of the multi-host, multi-stage, and multi-vector system is completely determined by the basic reproduction number and the structure of the host-vector network configuration. Particularly, we prove that the disease-free equilibrium is globally asymptotically stable (GAS) whenever R 0 2 ( m , n , p ) < 1 , and a unique strongly endemic equilibrium exists and is GAS if R 0 2 ( m , n , p ) > 1 and the host-vector configuration is irreducible. That is, either the disease dies out or persists in all hosts and all vector species.",
   "publish_time": "2019-07-15",
   "authors": [
      "Bichara, Derdei Mahamat"
   ],
   "journal": "Journal of Mathematical Analysis and Applications",
   "has_full_text": "True",
   "full_text_file": "custom_license",
   "id": "https://doi.org/10.1016/j.jmaa.2019.03.030",
   "fhir_link": [
      "PMC/Composition/facc15d57272186c8e4b1be8ef12016e54ccafc1"
   ]
}