{
   "sha": "cdc329678216ba082e673fe9ecebca5353dc9060",
   "source_x": "Elsevier",
   "title": "Polymerase chain reaction\u2013based detection of rhinovirus, respiratory syncytial virus, and coronavirus in otitis media with effusion",
   "doi": "10.1016/S0022-3476(98)70276-8",
   "pubmed_id": "9738723",
   "license": "els-covid",
   "abstract": "Abstract Objectives: To study the association of human rhinovirus (HRV), respiratory syncytial virus (RSV), and human coronavirus infections in children aged 6 months to 12 years with otitis media with effusion (OME). To determine how long HRV RNA can be detected after HRV infection. Methods: Middle ear effusion (MEE) samples collected at the time of tympanostomy tube placement from 100 children with OME were examined. Viral RNA was detected by reverse-transcriptase polymerase chain reaction. For HRV the results were compared with virus isolation in cell culture. In vitro studies of the persistence of HRV infectivity and RNA were conducted by combining ~105 median cell culture infectious doses of HRV with pooled MEE at 37\u00b0C and assaying serial samples for 12 weeks. Results: Virus RNA was detected in 30 children. HRV was detected by reverse-transcriptase polymerase chain reaction in 19 children with OME and by virus isolation in 5 children. RSV RNA was found in 8 and HCV in 3 children with OME. No dual viral infection was found. Bacterial pathogens were isolated from 35 MEE samples and were associated with viral RNA in 11 cases, most often with HRV (9 cases). Under in vitro conditions, HRV culture positivity declined rapidly (<2 days), but RNA was detectable for up to 8 weeks. Conclusions: These results suggest that virus infection, particularly HRV infection, either alone or concurrent with bacteria, is present in a larger percentage of children with OME than previously suspected. It remains to be determined how often the presence of viral RNA in MEE represents persistent RNA, ongoing viral replication, or recurrent infection. (J Pediatr 1998;133:390-4)",
   "publish_time": "1998-09-30",
   "authors": [
      "Pitk\u00e4ranta, Anne",
      "Jero, Jussi",
      "Arruda, Eurico",
      "Virolainen, Anni",
      "Hayden, Frederick G."
   ],
   "journal": "The Journal of Pediatrics",
   "has_full_text": "True",
   "full_text_file": "custom_license",
   "id": "https://doi.org/10.1016/S0022-3476(98)70276-8",
   "fhir_link": [
      "PMC/Composition/cdc329678216ba082e673fe9ecebca5353dc9060"
   ]
}