{
   "sha": "cc605cc819b18b30be05224f7e3d32931fe6f1b8",
   "source_x": "Elsevier",
   "title": "The Patient with Sore Throat",
   "doi": "10.1016/j.mcna.2010.06.001",
   "pubmed_id": "20736104",
   "license": "els-covid",
   "publish_time": "2010-09-30",
   "authors": [
      "Chan, Teresa V."
   ],
   "journal": "Medical Clinics of North America",
   "has_full_text": "True",
   "full_text_file": "custom_license",
   "id": "https://doi.org/10.1016/j.mcna.2010.06.001",
   "fhir_link": [
      "PMC/Composition/cc605cc819b18b30be05224f7e3d32931fe6f1b8"
   ]
}