{
   "sha": "1eb3f3f0aafd8b2741a89ea7e9de5f1907ff6006",
   "source_x": "Elsevier",
   "title": "Understanding the spatial diffusion process of severe acute respiratory syndrome in Beijing",
   "doi": "10.1016/j.puhe.2005.02.003",
   "pubmed_id": "16214187",
   "license": "els-covid",
   "abstract": "Summary Objectives To measure the spatial contagion of severe acute respiratory syndrome (SARS) in Beijing and to test the different epidemic factors of the spread of SARS in different periods. Methods A join-count spatial statistic study was conducted and the given hypothetical processes of the spread of SARS in Beijing were tested using various definitions of \u2018joins\u2019. Results The spatial statistics showed that of the six diffusion processes, the highest negative autocorrelation occurred in the doctor-number model (M-5) and the lowest negative autocorrelation was found in the population-amount model (M-3). The results also showed that in the whole 29-day research period, about hour or more days experienced a significant degree of contagion. Conclusions Spatial analysis is helpful in understanding the spatial diffusion process of an epidemic. The geographical relationships were important during the early phase of the SARS epidemic in Beijing. The statistic based on the number of doctors was significant and more informative than that of the number of hospitals. It reveals that doctors were important in the spread of SARS in Beijing, and hospitals were not as important as doctors in the contagion period. People are the key to the spread of SARS, but the population density was more significant than the population size, although they were both important throughout the whole period.",
   "publish_time": "2005-12-31",
   "authors": [
      "Meng, B.",
      "Wang, J.",
      "Liu, J.",
      "Wu, J.",
      "Zhong, E."
   ],
   "journal": "Public Health",
   "has_full_text": "True",
   "full_text_file": "custom_license",
   "id": "https://doi.org/10.1016/j.puhe.2005.02.003",
   "fhir_link": [
      "PMC/Composition/1eb3f3f0aafd8b2741a89ea7e9de5f1907ff6006"
   ]
}