{
   "sha": "d45818d90368042f41c3a1c68c33d90e5c2f73f4",
   "source_x": "Elsevier",
   "title": "The language of the masses",
   "doi": "10.1016/j.puhe.2015.10.005",
   "license": "els-covid",
   "publish_time": "2015-11-30",
   "authors": [
      "Sim, F.",
      "Mackie, P."
   ],
   "journal": "Public Health",
   "has_full_text": "True",
   "full_text_file": "custom_license",
   "id": "https://doi.org/10.1016/j.puhe.2015.10.005",
   "fhir_link": [
      "PMC/Composition/d45818d90368042f41c3a1c68c33d90e5c2f73f4"
   ]
}