{
   "sha": "4e598dc8dd5d053c7ce26a66745411f87117ebc9",
   "source_x": "Elsevier",
   "title": "Serum biomarkers of oxidative stress in cats with feline infectious peritonitis",
   "doi": "10.1016/j.rvsc.2015.02.007",
   "pubmed_id": "25819115",
   "license": "els-covid",
   "abstract": "Abstract The purpose of this study was to elucidate the possible presence of oxidative stress in cats naturally affected by feline infectious peritonitis (FIP) by investigating two antioxidant biomarkers in serum: paraoxonase-1 (PON1) and total antioxidant capacity (TAC). PON1 was measured by spectrophotometric assays using three different substrates: p-nitrophenyl acetate (pNA), phenyl acetate (PA) and 5-thiobutil butyrolactone (TBBL), in order to evaluate possible differences between them. The PA and TBBL assays for PON1 and the assay for TAC were validated, providing acceptable precision and linearity although PA and TAC assays showed limit of detection higher than the values found in some cats with FIP. Cats with FIP and other inflammatory conditions showed lower PON1 values compared with a group of healthy cats with the three assays used, and cats with FIP showed significant decreased TAC concentrations. This study demonstrated the existence of oxidative stress in cats with FIP.",
   "publish_time": "2015-06-30",
   "authors": [
      "Tecles, F.",
      "Cald\u00edn, M.",
      "Tvarijonaviciute, A.",
      "Escribano, D.",
      "Mart\u00ednez-Subiela, S.",
      "Cer\u00f3n, J.J."
   ],
   "journal": "Research in Veterinary Science",
   "has_full_text": "True",
   "full_text_file": "custom_license",
   "id": "https://doi.org/10.1016/j.rvsc.2015.02.007",
   "fhir_link": [
      "PMC/Composition/4e598dc8dd5d053c7ce26a66745411f87117ebc9"
   ]
}