{
   "sha": "a9686ede8f04c8bb054e2b038b9206184c841428",
   "source_x": "Elsevier",
   "title": "Differential induction of type I interferon by type I and type II feline coronaviruses in vitro",
   "doi": "10.1016/j.rvsc.2018.09.002",
   "pubmed_id": "30265871",
   "license": "els-covid",
   "abstract": "Abstract Feline infectious peritonitis (FIP) is a feline coronavirus (FCoV)-induced fatal disease in wild and domestic cats. There are two FCoV serotypes. Both type I and II FCoV can replicate in Felis catus whole fetus (fcwf)-4 cells, but the replicability of type I FCoV in feline cell lines is lower than that of type II FCoV, the reason for which is unclear. Inhibition of IFN\u03b2 production by non-structural and structural proteins, excluding spike protein has been reported in many coronavirus infections. In this study, we investigated whether IFN\u03b2 is involved in the difference in replicability in feline cell lines between types I and II FCoV. When fcwf-4 cells were infected with FCoV, the virus titer of type II FCoV in the culture supernatant was higher than that of type I FIPV. When the IFN\u03b2 expression level in FCoV-infected fcwf-4 cells was semi-quantitatively analyzed, infection with type I FIPV, excluding type I FIPV UCD-1, highly induced IFN\u03b2 expression. In contrast, induction of IFN\u03b2 by type II FCoV infection was significantly lower than that by type I FIPV. In addition, when fcwf-4 cells were adsorbed by FIPV and then stimulated with Poly(I:C), type II FCoV infection inhibited Poly(I:C)-induced IFN\u03b2 gene expression. Also, the proliferation of type I FIPV was enhanced by a IFN inhibitor. These findings clarified that, unlike type I FIPV, type II FCoV strongly inhibits IFN\u03b2 expression in infected cells. It was also suggested that the IFN\u03b2-inducing ability is different among type I FIPV strains.",
   "publish_time": "2018-10-31",
   "authors": [
      "Doki, Tomoyoshi",
      "Yabe, Midori",
      "Takano, Tomomi",
      "Hohdatsu, Tsutomu"
   ],
   "journal": "Research in Veterinary Science",
   "has_full_text": "True",
   "full_text_file": "custom_license",
   "id": "https://doi.org/10.1016/j.rvsc.2018.09.002",
   "fhir_link": [
      "PMC/Composition/a9686ede8f04c8bb054e2b038b9206184c841428"
   ]
}