{
   "sha": "6ced2ebcab6b91350108b7dbcb59165b1cb7117f",
   "source_x": "Elsevier",
   "title": "Solution-phase synthesis of 2-cyano and 2-amido aziridinyl peptides",
   "doi": "10.1016/j.tet.2008.01.098",
   "license": "els-covid",
   "abstract": "Abstract Starting from a library of 2-l-\u03b1-amino acyl (E)-acrylonitriles, different short 2-cyano and 2-amido aziridinyl peptides, potential protease inhibitors, were obtained under parallel solution-phase conditions. The transformations include careful selection of conditions for aziridine deprotection and cyano group partial hydrolysis.",
   "publish_time": "2008-03-31",
   "authors": [
      "Fioravanti, Stefania",
      "Massari, Davide",
      "Morreale, Alberto",
      "Pellacani, Lucio",
      "Tardella, Paolo A."
   ],
   "journal": "Tetrahedron",
   "has_full_text": "True",
   "full_text_file": "custom_license",
   "id": "https://doi.org/10.1016/j.tet.2008.01.098",
   "fhir_link": [
      "PMC/Composition/6ced2ebcab6b91350108b7dbcb59165b1cb7117f"
   ]
}