{
   "sha": "a40ffc155e4d5c385e7a1fe04010a9b5469c7753",
   "source_x": "Elsevier",
   "title": "Host cell proteins interacting with the 3\u2032 end of TGEV coronavirus genome influence virus replication",
   "doi": "10.1016/j.virol.2009.06.006",
   "pubmed_id": "19580983",
   "license": "els-covid",
   "abstract": "Abstract Coronavirus RNA synthesis is performed by a multienzymatic replicase complex together with cellular factors. This process requires the specific recognition of RNA cis-acting signals located at the ends of the viral genome. To identify cellular proteins involved in coronavirus RNA synthesis, transmissible gastroenteritis coronavirus (TGEV) genome ends, harboring essential cis-acting signals for replication, were used as baits for RNA affinity protein purification. Ten proteins were preferentially pulled down with either the 5\u2032 or 3\u2032 ends of the genome and identified by proteomic analysis. Nine of them, including members of the heterogeneous ribonucleoprotein family of proteins (hnRNPs), the poly(A)-binding protein (PABP), the p100 transcriptional co-activator protein and two aminoacyl-tRNA synthetases, showed a preferential binding to the 3\u2032 end of the genome, whereas only the polypyrimidine tract-binding protein (PTB) was preferentially pulled down with the 5\u2032 end of the genome. The potential function of the 3\u2032 end-interacting proteins in virus replication was studied by analyzing the effect of their silencing using a TGEV-derived replicon and the infectious virus. Gene silencing of PABP, hnRNP Q, and glutamyl-prolyl-tRNA synthetase (EPRS) caused a significant 2 to 3-fold reduction of viral RNA synthesis. Interestingly, the silencing of glyceraldehyde 3-phosphate dehydrogenase (GAPDH), initially used as a control gene, caused a 2 to 3-fold increase in viral RNA synthesis in both systems. These data suggest that PABP, hnRNP Q, and EPRS play a positive role in virus infection that could be mediated through their interaction with the viral 3\u2032 end, and that GAPDH has a negative effect on viral infection.",
   "publish_time": "2009-09-01",
   "authors": [
      "Gal\u00e1n, Carmen",
      "Sola, Isabel",
      "Nogales, Aitor",
      "Thomas, Benjamin",
      "Akoulitchev, Alexandre",
      "Enjuanes, Luis",
      "Almaz\u00e1n, Fernando"
   ],
   "journal": "Virology",
   "has_full_text": "True",
   "full_text_file": "custom_license",
   "id": "https://doi.org/10.1016/j.virol.2009.06.006",
   "fhir_link": [
      "PMC/Composition/a40ffc155e4d5c385e7a1fe04010a9b5469c7753"
   ]
}