{
   "sha": "92132bdeacb28b713ecf82239a572731cc3b660b",
   "source_x": "Elsevier",
   "title": "Pathogenicity and pathogenesis of a United States porcine deltacoronavirus cell culture isolate in 5-day-old neonatal piglets",
   "doi": "10.1016/j.virol.2015.03.024",
   "license": "els-covid",
   "abstract": "Abstract Porcine deltacoronavirus (PDCoV) was first identified in Hong Kong in 2009\u20132010 and reported in United States swine for the first time in February 2014. However, diagnostic tools other than polymerase chain reaction for PDCoV detection were lacking and Koch\u05f3s postulates had not been fulfilled to confirm the pathogenic potential of PDCoV. In the present study, PDCoV peptide-specific rabbit antisera were developed and used in immunofluorescence and immunohistochemistry assays to assist PDCoV diagnostics. The pathogenicity and pathogenesis of PDCoV was investigated following orogastric inoculation of 5-day-old piglets with a plaque-purified PDCoV cell culture isolate (3\u00d7104 TCID50 per pig). The PDCoV-inoculated piglets developed mild to moderate diarrhea, shed increasing amount of virus in rectal swabs from 2 to 7 days post inoculation, and developed macroscopic and microscopic lesions in small intestines with viral antigen confirmed by immunohistochemistry staining. This study experimentally confirmed PDCoV pathogenicity and characterized PDCoV pathogenesis in neonatal piglets.",
   "publish_time": "2015-08-31",
   "authors": [
      "Chen, Qi",
      "Gauger, Phillip",
      "Stafne, Molly",
      "Thomas, Joseph",
      "Arruda, Paulo",
      "Burrough, Eric",
      "Madson, Darin",
      "Brodie, Joseph",
      "Magstadt, Drew",
      "Derscheid, Rachel",
      "Welch, Michael",
      "Zhang, Jianqiang"
   ],
   "journal": "Virology",
   "has_full_text": "True",
   "full_text_file": "custom_license",
   "id": "https://doi.org/10.1016/j.virol.2015.03.024",
   "fhir_link": [
      "PMC/Composition/92132bdeacb28b713ecf82239a572731cc3b660b"
   ]
}