{
   "sha": "82fafd0d8c7b3589b116196687fc3515943bc945",
   "source_x": "Elsevier",
   "title": "Study on the initial velocity distribution of exhaled air from coughing and speaking",
   "doi": "10.1016/j.chemosphere.2012.01.032",
   "pubmed_id": "22342283",
   "license": "els-covid",
   "abstract": "Abstract Increasing concerns about the spread of airborne pathogens such as severe acute respiratory syndrome (SARS) and novel swine-origin influenza A (H1N1) have attracted public attention to bioaerosols and protection against them. The airborne pathogens are likely to be expelled from coughing or speaking, so the physical data of the exhaled particles plays a key role in analyzing the pathway of airborne viruses. The objective of this study was to analyze the initial velocity and the angle of the exhaled airflow from coughing and speaking of 17 males and 9 females using Particle Image Velocimetry (PIV) and acrylic indoor chamber. The results showed that the average initial coughing velocity was 15.3m/s for the males and 10.6m/s for the females, while the average initial speaking velocity was 4.07m/s and 2.31m/s respectively. The angle of the exhaled air from coughing was around 38\u00b0 for the males and 32\u00b0 for the females, while that of the exhaled air from speaking was around 49\u00b0 and 78\u00b0 respectively. Also, the linear relation between the tested subject\u2019s height and their coughing and speaking velocity was shown in this study.",
   "publish_time": "2012-06-30",
   "authors": [
      "Kwon, Soon-Bark",
      "Park, Jaehyung",
      "Jang, Jaeyoun",
      "Cho, Youngmin",
      "Park, Duck-Shin",
      "Kim, Changsoo",
      "Bae, Gwi-Nam",
      "Jang, Am"
   ],
   "journal": "Chemosphere",
   "has_full_text": "True",
   "full_text_file": "custom_license",
   "id": "https://doi.org/10.1016/j.chemosphere.2012.01.032",
   "fhir_link": [
      "PMC/Composition/82fafd0d8c7b3589b116196687fc3515943bc945"
   ]
}