{
   "sha": "27fc36f60b90b063996a8b06dfe706e72bf21a7f",
   "source_x": "Elsevier",
   "title": "Induction of class I and class II transplantation antigens in rat brain during fatal and non-fatal measles virus infection",
   "doi": "10.1016/0165-5728(87)90076-2",
   "pubmed_id": "3497946",
   "license": "els-covid",
   "abstract": "Abstract Measles virus induced a marked increase in the expression of MHC-coded class I and class II antigens as detected by immunostaining during both fatal and non-fatal brain infections in rats. The distribution of these molecules in the brain was much more widespread than the occurence of viral antigen suggesting a soluble factor for their induction. In 14-day-old rats with a non-fatal infection there was a marked infiltration of T lymphocytes of \u2018cytotoxic/suppressor\u2019 phenotype in the brain parenchyma, whereas T \u2018helper\u2019 cell phenotypes mainly were located perivascularly. In brains from newborn rats with a fatal infection no or only few lymphocytes were detected.",
   "publish_time": "1987-10-31",
   "authors": [
      "Olsson, Tomas",
      "Maehlen, Jan",
      "L\u00f6ve, Arthur",
      "Klareskog, Lars",
      "Norrby, Erling",
      "Kristensson, Krister"
   ],
   "journal": "Journal of Neuroimmunology",
   "has_full_text": "True",
   "full_text_file": "custom_license",
   "id": "https://doi.org/10.1016/0165-5728(87)90076-2",
   "fhir_link": [
      "PMC/Composition/27fc36f60b90b063996a8b06dfe706e72bf21a7f"
   ]
}