{
   "sha": "9343b97dc77b8d06d377699f3cf9015f40dfb006",
   "source_x": "Elsevier",
   "title": "Chapter 5 Lyssaviruses\u2014Current Trends",
   "doi": "10.1016/S0065-3527(08)00005-5",
   "pubmed_id": "18585530",
   "license": "els-covid",
   "abstract": "Abstract Various technological developments have revitalized the approaches employed to study the disease of rabies. In particular, reverse genetics has facilitated the generation of novel viruses used to improve our understanding of the fundamental aspects of rabies virus (RABV) biology and pathogenicity and yielded novel constructs potentially useful as vaccines against rabies and other diseases. Other techniques such as high throughput methods to examine the impact of rabies virus infection on host cell gene expression and two hybrid systems to explore detailed protein\u2013protein interactions also contribute substantially to our understanding of virus\u2013host interactions. This review summarizes much of the increased knowledge about rabies that has resulted from such studies but acknowledges that this is still insufficient to allow rational attempts at curing those who present with clinical disease.",
   "publish_time": "2008-12-31",
   "authors": [
      "Nadin\u2010Davis, Susan A.",
      "Fehlner\u2010Gardiner, Christine"
   ],
   "journal": "Advances in Virus Research",
   "has_full_text": "True",
   "full_text_file": "custom_license",
   "id": "https://doi.org/10.1016/S0065-3527(08)00005-5",
   "fhir_link": [
      "PMC/Composition/9343b97dc77b8d06d377699f3cf9015f40dfb006"
   ]
}