{
   "sha": "008cf2148ee4383534191b3736096878cad82c67",
   "source_x": "Elsevier",
   "title": "Chapter Eight Molecular Basis of Coronavirus Virulence and Vaccine Development",
   "doi": "10.1016/bs.aivir.2016.08.003",
   "pubmed_id": "27712626",
   "license": "els-covid",
   "abstract": "Abstract Virus vaccines have to be immunogenic, sufficiently stable, safe, and suitable to induce long-lasting immunity. To meet these requirements, vaccine studies need to provide a comprehensive understanding of (i) the protective roles of antiviral B and T-cell-mediated immune responses, (ii) the complexity and plasticity of major viral antigens, and (iii) virus molecular biology and pathogenesis. There are many types of vaccines including subunit vaccines, whole-inactivated virus, vectored, and live-attenuated virus vaccines, each of which featuring specific advantages and limitations. While nonliving virus vaccines have clear advantages in being safe and stable, they may cause side effects and be less efficacious compared to live-attenuated virus vaccines. In most cases, the latter induce long-lasting immunity but they may require special safety measures to prevent reversion to highly virulent viruses following vaccination. The chapter summarizes the recent progress in the development of coronavirus (CoV) vaccines, focusing on two zoonotic CoVs, the severe acute respiratory syndrome CoV (SARS-CoV), and the Middle East respiratory syndrome CoV, both of which cause deadly disease and epidemics in humans. The development of attenuated virus vaccines to combat infections caused by highly pathogenic CoVs was largely based on the identification and characterization of viral virulence proteins that, for example, interfere with the innate and adaptive immune response or are involved in interactions with specific cell types, such as macrophages, dendritic and epithelial cells, and T lymphocytes, thereby modulating antiviral host responses and viral pathogenesis and potentially resulting in deleterious side effects following vaccination.",
   "publish_time": "2016-12-31",
   "authors": [
      "Enjuanes, L.",
      "Zu\u00f1iga, S.",
      "Casta\u00f1o-Rodriguez, C.",
      "Gutierrez-Alvarez, J.",
      "Canton, J.",
      "Sola, I."
   ],
   "journal": "Advances in Virus Research",
   "has_full_text": "True",
   "full_text_file": "custom_license",
   "id": "https://doi.org/10.1016/bs.aivir.2016.08.003",
   "fhir_link": [
      "PMC/Composition/008cf2148ee4383534191b3736096878cad82c67"
   ]
}