{
   "sha": "4800badd9a1b5e69dfcd7bdbdd6be7d34727edd7",
   "source_x": "Elsevier",
   "title": "The Egyptian Rousette Genome Reveals Unexpected Features of Bat Antiviral Immunity",
   "doi": "10.1016/j.cell.2018.03.070",
   "pubmed_id": "29706541",
   "license": "els-covid",
   "abstract": "Summary Bats harbor many viruses asymptomatically, including several notorious for causing extreme virulence in humans. To identify differences between antiviral mechanisms in humans and bats, we sequenced, assembled, and analyzed the genome of Rousettus aegyptiacus, a natural reservoir of Marburg virus and the only known reservoir for any filovirus. We found an expanded and diversified KLRC/KLRD family of natural killer cell receptors, MHC class I genes, and type I interferons, which dramatically differ from their functional counterparts in other mammals. Such concerted evolution of key components of bat immunity is strongly suggestive of novel modes of antiviral defense. An evaluation of the theoretical function of these genes suggests that an inhibitory immune state may exist in bats. Based on our findings, we hypothesize that tolerance of viral infection, rather than enhanced potency of antiviral defenses, may be a key mechanism by which bats asymptomatically host viruses that are pathogenic in humans.",
   "publish_time": "2018-05-17",
   "authors": [
      "Pavlovich, Stephanie S.",
      "Lovett, Sean P.",
      "Koroleva, Galina",
      "Guito, Jonathan C.",
      "Arnold, Catherine E.",
      "Nagle, Elyse R.",
      "Kulcsar, Kirsten",
      "Lee, Albert",
      "Thibaud-Nissen, Fran\u00e7oise",
      "Hume, Adam J.",
      "M\u00fchlberger, Elke",
      "Uebelhoer, Luke S.",
      "Towner, Jonathan S.",
      "Rabadan, Raul",
      "Sanchez-Lockhart, Mariano",
      "Kepler, Thomas B.",
      "Palacios, Gustavo"
   ],
   "journal": "Cell",
   "has_full_text": "True",
   "full_text_file": "custom_license",
   "id": "https://doi.org/10.1016/j.cell.2018.03.070",
   "fhir_link": [
      "PMC/Composition/4800badd9a1b5e69dfcd7bdbdd6be7d34727edd7"
   ]
}