{
   "sha": "3673fc3da3365c3b0a8b2bef3652853904f81332",
   "source_x": "Elsevier",
   "title": "Equine arteritis virus",
   "doi": "10.1016/S0093-691X(97)00107-6",
   "license": "els-covid",
   "abstract": "Abstract Equine arteritis virus (EAV) is a small, enveloped, positive-stranded RNA virus, in the family Arteriviridae , W.H.ich can infect both horses and donkeys. While the majority of EAV infections are asymptomatic, acutely infected animals may develop a wide range of clinical signs, including pyrexia, limb and ventral edema, depression, rhinitis, and conjunctivitis. The virus may cause abortion and has caused mortality in neonates. After natural EAV infection, most horses develop a solid, long-term immunity to the disease. Marzz and geldings eliminate the virus within 60 days, but 30 to 60% of acutely infected stallions will become persistently infected. These persistently infected animals maintain EAV within the reproductive tract, shed virus continuously in the semen, and can transmit the virus venereally. Mares infected venereally may not have clinical signs, but they shed large amounts of virus in nasopharyngeal secretions and in urine, which may result in lateral spread of the infection by an aerosol route. The consequences of venereally acquired infection are minimal, with no known effects on conception rate, but mares infected at a late stages of gestation may abort. Identification of carrier stallions is crucial to control the dissemination of EAV. The stallions can be identified by serological screening using a virus neutralization (VN) test. If positive at a titer of \u2265 1:4, the stallion should be tested for persistent infection by virus isolation from the sperm-rich fraction of the ejaculate, or by test mating Shedding stallions should not be used for breeding, or should be bred only to mares seropositive from a natural infection or from vaccination, the mares should be subsequently isolated from seronegative horses for three weeks after natural or artificial insemination. A live attenuated (ARVAC) and a formalin-inactivated (ARTERVAC) vaccine are available. Both vaccines induce virus-neutralizing antibodies, the presence of which correlates with protection from disease, abortion, and the development of a persistent infection. Serological investigations indicate that EAV has a worldwide distribution and that its prevalence is increasing. As a consequence, an increasing number of equine viral arteritis (EVA) outbreaks is being reported. This trend is likely to continue unless action is taken to slow or halt the transmission of this agent through semen.",
   "publish_time": "1997-04-15",
   "authors": [
      "Glaser, A.L.",
      "Chirnside, E.D.",
      "Horzinek, M.C.",
      "de Vries, A.A.F."
   ],
   "journal": "Theriogenology",
   "has_full_text": "True",
   "full_text_file": "custom_license",
   "id": "https://doi.org/10.1016/S0093-691X(97)00107-6",
   "fhir_link": [
      "PMC/Composition/3673fc3da3365c3b0a8b2bef3652853904f81332"
   ]
}