{
   "sha": "d995d2fe2e4453df9372820e5c39f7e1c06e2fc9",
   "source_x": "Elsevier",
   "title": "Gamma interferon expression and major histocompatibility complex induction during measles and vesicular stomatitis virus infections of the brain",
   "doi": "10.1016/0165-5728(91)90082-I",
   "pubmed_id": "1845767",
   "license": "els-covid",
   "abstract": "Abstract Lymphocytic interferon gamma (IFN-\u03b3) production and major histocompatibility complex (MHC) antigen induction were studied in experimental measles and vesicular stomatitis virus infections in the brain. Fifteen-day-old Sprague-Dawley rats injected intracerebrally with the HNT strain of measles virus showed already within 1 day after infection an increased number of cells producing IFN-\u03b3 in the spleen, cervical lymph nodes and leptomeninges. These rats recovered after a transient neuronal infection in the brain. Rats infected intracerebrally with vesicular stomatitis virus, on the other hand, all succumbed after 2 days and showed no IFN-\u03b3 production in lymphoid cells. Immunohistochemically MHC class I antigen appeared in infected and uninfected cells in the brain during replication of both viruses. A role for the recently discovered nerve fibres with IFN-\u03b3-like immunoreactivity, which are normally present in the brain, in the MHC antigen induction is discussed.",
   "publish_time": "1991-01-31",
   "authors": [
      "Gogate, Nitin",
      "Bakhiet, Moiz",
      "Kristensson, Krister",
      "Norrby, Erling",
      "Olsson, Tomas"
   ],
   "journal": "Journal of Neuroimmunology",
   "has_full_text": "True",
   "full_text_file": "custom_license",
   "id": "https://doi.org/10.1016/0165-5728(91)90082-I",
   "fhir_link": [
      "PMC/Composition/d995d2fe2e4453df9372820e5c39f7e1c06e2fc9"
   ]
}