{
   "sha": "bea6c6081961230c8d79e836f9daf2dcb54f6e7c",
   "source_x": "Elsevier",
   "title": "SUBJECT INDEX* * February, pp 1-102; April, pp 103-198; June, pp 199-298; August, 299-394; October, 395-522; December 523-606.",
   "doi": "10.1016/S0099-1767(04)00649-X",
   "license": "els-covid",
   "publish_time": "2004-12-31",
   "journal": "Journal of Emergency Nursing",
   "has_full_text": "True",
   "full_text_file": "custom_license",
   "id": "https://doi.org/10.1016/S0099-1767(04)00649-X",
   "fhir_link": [
      "PMC/Composition/bea6c6081961230c8d79e836f9daf2dcb54f6e7c"
   ]
}