{
   "sha": "c2191341fc45cbbbf4a894cc81cba09a6974ef3b",
   "source_x": "Elsevier",
   "title": "Re-emergence of fatal human influenza A subtype H5N1 disease",
   "doi": "10.1016/S0140-6736(04)15595-5",
   "pubmed_id": "14987888",
   "license": "els-covid",
   "abstract": "Summary Human disease associated with influenza A subtype H5N1 reemerged in January, 2003, for the first time since an outbreak in Hong Kong in 1997. Patients with H5N1 disease had unusually high serum concentrations of chemokines (eg, interferon induced protein-10 [IP-10] and monokine induced by interferon \u03b3 [MIG]). Taken together with a previous report that H5N1 influenza viruses induce large amounts of proinflam-matory cytokines from macrophage cultures in vitro, our findings suggest that cytokine dysfunction contributes to the pathogenesis of H5N1 disease. Development of vaccines against influenza A (H5N1) virus should be made a priority.",
   "publish_time": "2004-02-21",
   "authors": [
      "Peiris, JSM",
      "Yu, WC",
      "Leung, CW",
      "Cheung, CY",
      "Ng, WF",
      "Nicholls, JM",
      "Ng, TK",
      "Chan, KH",
      "Lai, ST",
      "Lim, WL",
      "Yuen, KY",
      "Guan, Y"
   ],
   "journal": "The Lancet",
   "has_full_text": "True",
   "full_text_file": "custom_license",
   "id": "https://doi.org/10.1016/S0140-6736(04)15595-5",
   "fhir_link": [
      "PMC/Composition/c2191341fc45cbbbf4a894cc81cba09a6974ef3b"
   ]
}