{
   "sha": "0b7da26ab585f0c6c2a4fc6139f278b8a1211575",
   "source_x": "Elsevier",
   "title": "Super-spreading events of MERS-CoV infection",
   "doi": "10.1016/S0140-6736(16)30828-5",
   "pubmed_id": "27402382",
   "license": "els-covid",
   "publish_time": "2016-09-09",
   "authors": [
      "Hui, David S"
   ],
   "journal": "The Lancet",
   "has_full_text": "True",
   "full_text_file": "custom_license",
   "id": "https://doi.org/10.1016/S0140-6736(16)30828-5",
   "fhir_link": [
      "PMC/Composition/0b7da26ab585f0c6c2a4fc6139f278b8a1211575"
   ]
}