{
   "source_x": "Elsevier",
   "title": "Methods for preparation of low abundance glycoproteins from mammalian cell supernatants",
   "doi": "10.1016/j.ijbiomac.2006.05.010",
   "pubmed_id": "16822540",
   "license": "els-covid",
   "abstract": "Abstract Proteins secreted to mammalian cell supernatants are usually in a low concentration and purity, due to the limitation of the expression systems or the presence of a large amount of contaminant proteins from the cell medium. So, initial protein recovery from cell supernatants requires of a highly specific chromatography step. We compared several purification methods based on affinity chromatography for purification of proteins from cell culture supernatants: metal chelate affinity, strep-tag and immunopurification with a monoclonal antibody. Soluble receptor glycoproteins were engineered with the corresponding peptide tag at their C-terminal end. The proteins were expressed in 293T cells and secreted to the cell supernatant, as monitored by sandwich ELISA. Supernatants were run through the different chromatography columns and several purification-related parameters determined. While all column-retained proteins were easily eluted, the chelating and immunopurification chromatography gave the highest yield and the latest method provided a sample with the highest purity. So, in spite of its cost, immunopurification chromatography gave optimal results for purification of a low abundance protein from a cell supernatant. Finally, we applied a protein expression system together with immunopurification chromatography for preparation of a glycoprotein for crystallization.",
   "publish_time": "2006-08-15",
   "authors": [
      "Ordo\u00f1o, Desiderio",
      "Enjuanes, Luis",
      "Casasnovas, Jos\u00e9 M."
   ],
   "journal": "International Journal of Biological Macromolecules",
   "has_full_text": "False",
   "full_text_file": "custom_license",
   "id": "https://doi.org/10.1016/j.ijbiomac.2006.05.010"
}