{
   "sha": "2219620e84342b84e1ac0b8cd1e7be4703dd5799",
   "source_x": "Elsevier",
   "title": "The seasonality of rhinovirus infections and its implications for clinical recognition",
   "doi": "10.1016/S0149-2918(02)80093-5",
   "license": "els-covid",
   "abstract": "Abstract Background: Rhinoviruses are the most common cause of acute respiratory infections. Isolation of rhinoviruses occurs in a distinct and consistent seasonal pattern that can be used to help determine whether an acute respiratory illness is caused by a rhinovirus. Objective: This article reviews information on the seasonality of rhinovirus infection derived from early and recent studies of rhinovirus occurrence and treatment. Methods: PubMed was searched from 1965 to the present to identify all potentially relevant papers. The search terms used were rhinovirus and seasonality. A total of 1998 papers were screened. Results: Rhinoviruses comprise more than three quarters of viruses circulating in early autumn. In some years and perhaps some geographic areas, spring is an even more important time for rhinovirus transmission. Although overall rates of respiratory illness are lower in summer, rhinoviruses are the most frequently isolated virus at this time of year. Other viral agents, including influenza viruses and respiratory syncytial virus (particularly with parainfluenza virus), predominate in the winter. Thus, for most of the year, rhinoviruses are the cause of the majority of acute viral respiratory infections. Conclusion: Understanding the seasonal incidence of rhinovirus infection may help determine how best to employ currently available antirhinoviral agents in patients presenting with symptoms of an acute viral respiratory infection.",
   "publish_time": "2002-12-31",
   "authors": [
      "Monto, Arnold S."
   ],
   "journal": "Clinical Therapeutics",
   "has_full_text": "True",
   "full_text_file": "custom_license",
   "id": "https://doi.org/10.1016/S0149-2918(02)80093-5",
   "fhir_link": [
      "PMC/Composition/2219620e84342b84e1ac0b8cd1e7be4703dd5799"
   ]
}