{
   "sha": "c0b2715a7a74fbdef5e07cf12b1e41ed084c30bd",
   "source_x": "Elsevier",
   "title": "Antibody against nucleocapsid protein predicts susceptibility to human coronavirus infection",
   "doi": "10.1016/j.jinf.2015.07.002",
   "pubmed_id": "26165609",
   "license": "els-covid",
   "publish_time": "2015-11-30",
   "authors": [
      "Gao, Xin",
      "Zhou, Hongli",
      "Wu, Chao",
      "Xiao, Yan",
      "Ren, Lili",
      "Paranhos-Baccal\u00e0, Gl\u00e1ucia",
      "Guo, Li",
      "Wang, Jianwei"
   ],
   "journal": "Journal of Infection",
   "has_full_text": "True",
   "full_text_file": "custom_license",
   "id": "https://doi.org/10.1016/j.jinf.2015.07.002",
   "fhir_link": [
      "PMC/Composition/c0b2715a7a74fbdef5e07cf12b1e41ed084c30bd"
   ]
}