{
   "sha": "265a64befc940ea017cb202810f17562c9a315fe",
   "source_x": "Elsevier",
   "title": "Natural resistance to experimental feline infectious peritonitis virus infection is decreased rather than increased by positive genetic selection",
   "doi": "10.1016/j.vetimm.2016.01.002",
   "pubmed_id": "26964713",
   "license": "els-covid",
   "abstract": "Abstract A previous study demonstrated the existence of a natural resistance to feline infectious peritonitis virus (FIPV) among 36% of randomly bred laboratory cats. A genome wide association study (GWAS) on this population suggested that resistance was polygenic but failed to identify any strong specific associations. In order to enhance the power of GWAS or whole genome sequencing to identify strong genetic associations, a decision was made to positively select for resistance over three generations. The inbreeding experiment began with a genetically related parental (P) population consisting of three toms and four queens identified from among the survivors of the earlier study and belonging to a closely related subgroup (B). The subsequent effects of inbreeding were measured using 42 genome-wide STR markers. P generation cats produced 57 first filial (F1) kittens, only five of which (9.0%) demonstrated a natural resistance to FIPV infection. One of these five F1 survivors was then used to produce six F1/P-backcrosses kittens, only one of which proved resistant to FIP. Six of eight of the F1 and F1/P survivors succumbed to a secondary exposure 4\u201312 months later. Therefore, survival after both primary and secondary infection was decreased rather than increased by positive selection for resistance. The common genetic factor associated with this diminished resistance was a loss of heterozygosity.",
   "publish_time": "2016-03-31",
   "authors": [
      "Pedersen, Niels C.",
      "Liu, Hongwei",
      "Durden, Monica",
      "Lyons, Leslie A."
   ],
   "journal": "Veterinary Immunology and Immunopathology",
   "has_full_text": "True",
   "full_text_file": "custom_license",
   "id": "https://doi.org/10.1016/j.vetimm.2016.01.002",
   "fhir_link": [
      "PMC/Composition/265a64befc940ea017cb202810f17562c9a315fe"
   ]
}