{
   "sha": "c46612b3da6c1968adba5d16892f1024b0d1b1fc",
   "source_x": "Elsevier",
   "title": "Activation of glial cells by human coronavirus OC43 infection",
   "doi": "10.1016/S0165-5728(00)00266-6",
   "pubmed_id": "10900340",
   "license": "els-covid",
   "abstract": "Abstract Multiple sclerosis (MS) is an immune-mediated demyelinating disease that could be triggered by a viral infection. Coronaviruses induce an MS-like disease in rodents, are neuroinvasive in humans and can infect primary cultures of human astrocytes and microglia. Infection of the human astrocytic cell line U-373MG by the OC43 strain of human coronavirus caused an upregulation of IL-6, TNF-\u03b1, and MCP-1 mRNA expression. This virus also modulated the activity of matrix metalloproteinases-2 and -9 and augmented nitric oxide production in both U-373MG cells and the human microglial cell line CHME-5. Thus, a coronaviral infection of glial cells could lead to the production of inflammatory molecules that have been associated with central nervous system pathologies such as MS.",
   "publish_time": "2000-08-01",
   "authors": [
      "Edwards, Julie A",
      "Denis, Fran\u00e7ois",
      "Talbot, Pierre J"
   ],
   "journal": "Journal of Neuroimmunology",
   "has_full_text": "True",
   "full_text_file": "custom_license",
   "id": "https://doi.org/10.1016/S0165-5728(00)00266-6",
   "fhir_link": [
      "PMC/Composition/c46612b3da6c1968adba5d16892f1024b0d1b1fc"
   ]
}