{
   "sha": "95f96b6514c65017589e759b23d9086f48121a80",
   "source_x": "Elsevier",
   "title": "Priming with a DNA vaccine and boosting with an inactivated vaccine enhance the immune response against infectious bronchitis virus",
   "doi": "10.1016/j.jviromet.2010.03.016",
   "license": "els-covid",
   "abstract": "Abstract The methods of repeated immunization with inactivated vaccines have been used widely to increase antibody protection against infectious bronchitis virus (IBV). However, compared with DNA vaccines, these methods usually induce poor cellular responses. In the present study, specific pathogen-free (SPF) chickens were immunized intramuscularly with a DNA vaccine carrying the main IBV structural genes (pVAX1-S1, pVAX1-M, and pVAX1-N, respectively) and boosted with the IBV M41 strain inactivated vaccine to assess whether such a new strategy could enhance the immune responses against IBV. The protection efficacy of the DNA vaccine carrying different structural genes for priming was evaluated further. The chickens were immunized primely on day 7 and boosted 2 weeks later. After that, distribution of the DNA vaccine in vivo, the percentage of CD4+CD3+ and CD8+CD3+ subgroups of peripheral blood T-lymphocytes, and the specific IgG and virus neutralizing antibodies were measured. Chickens were then challenged by the nasal\u2013ocular route with the IBV M41 strain 4 weeks after booster immunization. The results demonstrated that priming with a DNA vaccine encoding nucleocapsid protein (pVAX1-N) and boosting with the inactivated IBV vaccine led to the dramatic augmentation of humoral and cellular responses, and provided up to 86.7% rate of immune protection, providing an effective approach to protect chickens from IBV.",
   "publish_time": "2010-07-31",
   "authors": [
      "Guo, Zicheng",
      "Wang, Hongning",
      "Yang, Tai",
      "Wang, Xue",
      "Lu, Dan",
      "Li, Yulin",
      "Zhang, Yi"
   ],
   "journal": "Journal of Virological Methods",
   "has_full_text": "True",
   "full_text_file": "custom_license",
   "id": "https://doi.org/10.1016/j.jviromet.2010.03.016",
   "fhir_link": [
      "PMC/Composition/95f96b6514c65017589e759b23d9086f48121a80"
   ]
}