{
   "sha": "7eaab9f31ac4b329b5990ae356516fcd1e4ae4d8",
   "source_x": "Elsevier",
   "title": "Mechanism of action of the antiviral compound MDL 20,610",
   "doi": "10.1016/0166-3542(88)90056-3",
   "pubmed_id": "2849377",
   "license": "els-covid",
   "abstract": "Abstract The purpose of this study was to probe the antirhinovirus (RV) mechanism of action of MDL 20,610. Evaluation of the compound's effects on RV RNA synthesis, uncoating of neutral red-sensitized RV, plasma membrane penetration by RV, stabilization of RV against heat (56\u00b0C) and low pH (5.0) inactivation, and studies with MDL 20,610-resistant RV mutants indicate that MDL 20,610 binds directly to the RV capsid with subsequent inhibition of acid-mediated virion uncoating.",
   "publish_time": "1988-07-31",
   "authors": [
      "Kenny, Michael T.",
      "Torney, Harry L.",
      "Dulworth, Jacqueline K."
   ],
   "journal": "Antiviral Research",
   "has_full_text": "True",
   "full_text_file": "custom_license",
   "id": "https://doi.org/10.1016/0166-3542(88)90056-3",
   "fhir_link": [
      "PMC/Composition/7eaab9f31ac4b329b5990ae356516fcd1e4ae4d8"
   ]
}