{
   "sha": "5d4306d12992df71984bc5b9d6c89c453641ba68",
   "source_x": "Elsevier",
   "title": "The detection and differentiation of canine respiratory pathogens using oligonucleotide microarrays",
   "doi": "10.1016/j.jviromet.2017.02.004",
   "license": "els-covid",
   "abstract": "Abstract Canine respiratory diseases are commonly seen in dogs along with co-infections with multiple respiratory pathogens, including viruses and bacteria. Virus infections in even vaccinated dogs were also reported. The clinical signs caused by different respiratory etiological agents are similar, which makes differential diagnosis imperative. An oligonucleotide microarray system was developed in this study. The wild type and vaccine strains of canine distemper virus (CDV), influenza virus, canine herpesvirus (CHV), Bordetella bronchiseptica and Mycoplasma cynos were detected and differentiated simultaneously on a microarray chip. The detection limit is 10, 10, 100, 50 and 50 copy numbers for CDV, influenza virus, CHV, B. bronchiseptica and M. cynos, respectively. The clinical test results of nasal swab samples showed that the microarray had remarkably better efficacy than the multiplex PCR-agarose gel method. The positive detection rate of microarray and agarose gel was 59.0% (n=33) and 41.1% (n=23) among the 56 samples, respectively. CDV vaccine strain and pathogen co-infections were further demonstrated by the microarray but not by the multiplex PCR-agarose gel. The oligonucleotide microarray provides a highly efficient diagnosis alternative that could be applied to clinical usage, greatly assisting in disease therapy and control.",
   "publish_time": "2017-05-31",
   "authors": [
      "Wang, Lih-Chiann",
      "Kuo, Ya-Ting",
      "Chueh, Ling-Ling",
      "Huang, Dean",
      "Lin, Jiunn-Horng"
   ],
   "journal": "Journal of Virological Methods",
   "has_full_text": "True",
   "full_text_file": "custom_license",
   "id": "https://doi.org/10.1016/j.jviromet.2017.02.004",
   "fhir_link": [
      "PMC/Composition/5d4306d12992df71984bc5b9d6c89c453641ba68"
   ]
}