{
   "source_x": "Elsevier",
   "title": "Altered immune function in demyelinative disease",
   "doi": "10.1016/0167-5699(82)90013-5",
   "license": "els-covid",
   "abstract": "Abstract Experimentally induced demyelination has an autoimmune origin in some mouse models and is somehow virally induced in others. In June, invited participants in a Kroc Foundation workshop discussed the damaging mechanisms involved and their relevance to an understanding of multiple sclerosis and human encephalomyelitis.",
   "publish_time": "1982-12-31",
   "authors": [
      "McFarlin, Dale",
      "Waksman, Byron"
   ],
   "journal": "Immunology Today",
   "has_full_text": "False",
   "full_text_file": "custom_license",
   "id": "https://doi.org/10.1016/0167-5699(82)90013-5"
}