{
   "sha": "0ea86045c0a8a03ce313440eb1e887f26a85cae3",
   "source_x": "Elsevier",
   "title": "Novel chimeric virus-like particles vaccine displaying MERS-CoV receptor-binding domain induce specific humoral and cellular immune response in mice",
   "doi": "10.1016/j.antiviral.2016.12.019",
   "pubmed_id": "28040513",
   "license": "els-covid",
   "abstract": "Abstract Middle East respiratory syndrome coronavirus (MERS-CoV) has continued spreading since its emergence in 2012 with a mortality rate of 35.6%, and is a potential pandemic threat. Prophylactics and therapies are urgently needed to address this public health problem. We report here the efficacy of a vaccine consisting of chimeric virus-like particles (VLP) expressing the receptor binding domain (RBD) of MERS-CoV. In this study, a fusion of the canine parvovirus (CPV) VP2 structural protein gene with the RBD of MERS-CoV can self-assemble into chimeric, spherical VLP (sVLP). sVLP retained certain parvovirus characteristics, such as the ability to agglutinate pig erythrocytes, and structural morphology similar to CPV virions. Immunization with sVLP induced RBD-specific humoral and cellular immune responses in mice. sVLP-specific antisera from these animals were able to prevent pseudotyped MERS-CoV entry into susceptible cells, with neutralizing antibody titers reaching 1: 320. IFN-\u03b3, IL-4 and IL-2 secreting cells induced by the RBD were detected in the splenocytes of vaccinated mice by ELISpot. Furthermore, mice inoculated with sVLP or an adjuvanted sVLP vaccine elicited T-helper 1 (Th1) and T-helper 2 (Th2) cell-mediated immunity. Our study demonstrates that sVLP displaying the RBD of MERS-CoV are promising prophylactic candidates against MERS-CoV in a potential outbreak situation.",
   "publish_time": "2017-04-30",
   "authors": [
      "Wang, Chong",
      "Zheng, Xuexing",
      "Gai, Weiwei",
      "Wong, Gary",
      "Wang, Hualei",
      "Jin, Hongli",
      "Feng, Na",
      "Zhao, Yongkun",
      "Zhang, Weijiao",
      "Li, Nan",
      "Zhao, Guoxing",
      "Li, Junfu",
      "Yan, Jinghua",
      "Gao, Yuwei",
      "Hu, Guixue",
      "Yang, Songtao",
      "Xia, Xianzhu"
   ],
   "journal": "Antiviral Research",
   "has_full_text": "True",
   "full_text_file": "custom_license",
   "id": "https://doi.org/10.1016/j.antiviral.2016.12.019",
   "fhir_link": [
      "PMC/Composition/0ea86045c0a8a03ce313440eb1e887f26a85cae3"
   ]
}