{
   "sha": "e6e35c08477e686107dd7930313221e54e9a60e9",
   "source_x": "Elsevier",
   "title": "Medication adherence to first-line antihypertensive drug class in a large Chinese population",
   "doi": "10.1016/j.ijcard.2012.04.060",
   "pubmed_id": "22560948",
   "license": "els-covid",
   "abstract": "Abstract Purpose Suboptimal adherence to antihypertensive agents leads to adverse clinical outcomes. This study aims to evaluate the association between first-line antihypertensive drug class and medication adherence in a large Chinese population. Methods All patients prescribed \u2265 one antihypertensive drug in 2001\u20132003 and 2005 who have paid at least two consecutive clinic visits in the public healthcare system of Hong Kong were included. We excluded patients who have followed-up in the clinics for \u226430days. Interval-based Proportion of Days Covered (PDC) was used to assess medication adherence. All patients were followed-up for up to 5years. Binary logistic regression analysis was used to evaluate the factors associated with optimal adherence, defined as PDC \u226580%. Results From 147,914 eligible patients, 69.2% were adherent to the antihypertensive prescriptions. When compared with angiotensin converting enzyme inhibitors (ACEIs), patients initially prescribed \u03b1-blockers (adjusted odds ratio [AOR]=0.234, 95% C.I. 0.215\u20130.256), \u03b2-blockers (AOR=0.447, 95% C.I. 0.420, 0.477), thiazide diuretics (AOR=0.431 95% C.I. 0.399, 0.466) and calcium channel blockers (AOR=0.451, 95% C.I. 0.423, 0.481) were significantly less likely to be drug adherers. Angiotensin receptor blockers (ARBs) and fixed-dose combination therapies were similarly likely to be medication adherent. Older age, male gender, visits in general out-patient clinics, residence in urbanized regions, and the presence of comorbidity were positively associated with optimal drug adherence. Conclusion Patients receiving initial prescriptions of ACEIs, ARB and combination therapy had more favorable adherence profiles than the other major antihypertensive classes in real-life clinical practice.",
   "publish_time": "2013-08-20",
   "authors": [
      "Wong, Martin C.S.",
      "Tam, Wilson W.S.",
      "Cheung, Clement S.K.",
      "Tong, Ellen L.H.",
      "Sek, Antonio C.H.",
      "Cheung, N.T.",
      "Leeder, Stephen",
      "Griffiths, Sian"
   ],
   "journal": "International Journal of Cardiology",
   "has_full_text": "True",
   "full_text_file": "custom_license",
   "id": "https://doi.org/10.1016/j.ijcard.2012.04.060",
   "fhir_link": [
      "PMC/Composition/e6e35c08477e686107dd7930313221e54e9a60e9"
   ]
}