{
   "sha": "7eead48a613227663dad1c41cfebfb9470d530b0",
   "source_x": "Elsevier",
   "title": "A real-time reporting system of causes of death or reasons for euthanasia: A model for monitoring mortality in domesticated cats in Taiwan",
   "doi": "10.1016/j.prevetmed.2016.12.011",
   "pubmed_id": "28107882",
   "license": "els-covid",
   "abstract": "Abstract A novel, real-time mortality recording system was designed to collect mortality data in companion animals from veterinary hospitals in Taiwan. This retrospective study aims to introduce the system, and to utilize the data collected for further investigation of the lifespan and mortality of the domesticated cat population stratified by demographic variables. Our data revealed that 1325 domesticated cats were acquired between 2012 and 2014. The median age of the study population was 8.0 years (IQR 3.0\u201313.0; range 0.0\u201322.7). Neutered and purebred cats lived longer. The most common causes of death were renal and urologic disorders, followed by neoplasia, infection, cardiovascular disorders, and trauma. Independent factors for common causes were surveyed. Advanced age and neutering was found to be associated with death due to renal and urologic disorders as well as with neoplasia. In contrast, younger age was found to be associated with death due to trauma and infection; being unneutered and living in the capital city were found to be associated with death due to trauma. Being male or purebred was found to be associated with death due to cardiovascular disorders.",
   "publish_time": "2017-02-01",
   "authors": [
      "Huang, Wei-Hsiang",
      "Liao, Albert Taiching",
      "Chu, Pei-Yi",
      "Yen, I-Feng",
      "Liu, Chen-Hsuan"
   ],
   "journal": "Preventive Veterinary Medicine",
   "has_full_text": "True",
   "full_text_file": "custom_license",
   "id": "https://doi.org/10.1016/j.prevetmed.2016.12.011",
   "fhir_link": [
      "PMC/Composition/7eead48a613227663dad1c41cfebfb9470d530b0"
   ]
}