{
   "sha": "bd5c9e3617d60504d1378836d17628c7b1abd11a",
   "source_x": "Elsevier",
   "title": "Sequence analysis of a reovirus isolated from the winter moth Operophtera brumata (Lepidoptera: Geometridae) and its parasitoid wasp Phobocampe tempestiva (Hymenoptera: Ichneumonidae)",
   "doi": "10.1016/j.virusres.2008.02.005",
   "pubmed_id": "18405997",
   "license": "els-covid",
   "abstract": "Abstract A reovirus was isolated from Operophtera brumata (ObRV) and its parasitoid wasp Phobocampe tempestiva. Each of the 10 dsRNA genome segments of ObRV was sequenced and shown to contain a single open reading frame (ORF). Conserved motifs ([+ve] 5\u2032-AAATAAA \u2026 G/TAGGTT-3\u2032) were found at the termini of each segment, with the exception of Seg-6 and Seg-8, where the 5\u2032 termini were 5\u2032-AACAAA\u2026-3\u2032. The putative proteins encoded by each segment were compared with those of other members of the family Reoviridae. Phylogenetic comparisons to published sequences for the RNA-dependent RNA polymerase genes from other reoviruses indicated that ObRV is most closely related to members of the genus Cypovirus. However, unlike the cypoviruses, ObRV has a double-layered capsid structure. When the protein encoded by ObRV Seg-10 was expressed (by inserting the open reading frame into a baculovirus expression vector) no \u2018occlusion bodies\u2019 were observed in the recombinant baculovirus infected insect cell cultures. This suggests that unlike the cypoviruses, Seg-10 of ObRV does not contain a polyhedrin gene. Further phylogenetic comparisons also identified relationships between Seg-2 and Seg-10 of ObRV, and genes of Diadromus pulchellus Idnoreovirus 1 (DpIRV1), suggesting that ObRV represents a new species from the genus Idnoreovirus.",
   "publish_time": "2008-07-31",
   "authors": [
      "Graham, Robert I.",
      "Rao, Shujing",
      "Sait, Steven M.",
      "Attoui, Houssam",
      "Mertens, Peter P.C.",
      "Hails, Rosemary S.",
      "Possee, Robert D."
   ],
   "journal": "Virus Research",
   "has_full_text": "True",
   "full_text_file": "custom_license",
   "id": "https://doi.org/10.1016/j.virusres.2008.02.005",
   "fhir_link": [
      "PMC/Composition/bd5c9e3617d60504d1378836d17628c7b1abd11a"
   ]
}