{
   "sha": "a5d3af041bc25b45f1724fd5b97b265fa30ac274",
   "source_x": "Elsevier",
   "title": "Clathrin- and serine proteases-dependent uptake of porcine epidemic diarrhea virus into Vero cells",
   "doi": "10.1016/j.virusres.2014.07.022",
   "license": "els-covid",
   "abstract": "Abstract Porcine epidemic diarrhea virus (PEDV), a member of the genus Alphacoronavirus, is a causative agent of porcine enteric disease characterized by acute watery diarrhea and dehydration in sucking piglet. Similar to other coronaviruses, PEDV spike protein mediates its cell entry by binding to cellular receptors and inducing membrane fusion between viral envelopes and cellular membranes. However, the entry mechanism of PEDV is not studied. Here, we determined the entry mechanism of PEDV into Vero cells. Our data confirmed that PEDV entry followed clathrin-mediated endocytosis independence of caveolae-coated pit assembly. The internalized PEDV was co-localized with the clathrin-mediated endocytic marker, but not with the caveolae-mediated endocytic marker. In addition, cells treated with lysosomotropic agents and serine protease inhibitors were resistant to PEDV. Our data revealed that PEDV entry followed clathrin-mediated endocytosis and was dependent on a low pH and serine proteolysis for successful entry into cells.",
   "publish_time": "2014-10-13",
   "authors": [
      "Park, Jung-Eun",
      "Cruz, Deu John M.",
      "Shin, Hyun-Jin"
   ],
   "journal": "Virus Research",
   "has_full_text": "True",
   "full_text_file": "custom_license",
   "id": "https://doi.org/10.1016/j.virusres.2014.07.022",
   "fhir_link": [
      "PMC/Composition/a5d3af041bc25b45f1724fd5b97b265fa30ac274"
   ]
}