{
   "sha": "0d53a8766b1807b6a4ddf41206978f5b1824b324",
   "source_x": "Elsevier",
   "title": "Activity of a purified His-tagged 3C-like proteinase from the coronavirus infectious bronchitis virus",
   "doi": "10.1016/S0168-1702(99)00011-8",
   "pubmed_id": "10392722",
   "license": "els-covid",
   "abstract": "Abstract Previous studies in vitro of the processing of cloned polyprotein fragments from the coronavirus infectious bronchitis virus (IBV) large open reading frame (ORF1), confirmed the activity of a predicted 3C-like proteinase (3CLP) domain and suggested that the proteinase is released autocatalytically from the polyprotein in the form of a 35 kDa protein, 3CLpro, capable of further cleavages in trans. In order to identify such cleavages within the ORF1 polyprotein mediated by 3CLpro, the proteinase was expressed in bacteria, purified and used in trans cleavage assays with polyprotein fragments lacking the 3CLP domain as targets. The proteinase was expressed as a polyprotein fragment which was able to process during expression in bacterial cells, releasing mature 3CLpro. A histidine (His6) tag was introduced close to the C-terminus of the proteinase to aid purification. Processing demonstrated by the tagged proteinase was indistinguishable from that of the wild-type enzyme indicating that the site chosen for the tag was permissive. From these studies we were able to demonstrate trans cleavages consistent with the use of most of the previously predicted or identified sites within the open reading frame of gene 1. This tentatively completes the processing map for the ORF1 region with respect to 3CLpro.",
   "publish_time": "1999-04-30",
   "authors": [
      "Tibbles, K.W",
      "Cavanagh, D",
      "Brown, T.D.K"
   ],
   "journal": "Virus Research",
   "has_full_text": "True",
   "full_text_file": "custom_license",
   "id": "https://doi.org/10.1016/S0168-1702(99)00011-8",
   "fhir_link": [
      "PMC/Composition/0d53a8766b1807b6a4ddf41206978f5b1824b324"
   ]
}