{
   "sha": "3839333dfd958691ee5c18a3c0baaedd9658bfc3",
   "source_x": "Elsevier",
   "title": "Abstracts of Papers Presented at the 38th Meeting of the Deutsche Gesellschaft f\u00fcr Hygiene und Mikrobiologie, Virology Section, G\u00f6ttingen, 5.\u20138.10.1981",
   "doi": "10.1016/S0174-3031(82)80128-5",
   "license": "els-covid",
   "publish_time": "1982-04-30",
   "journal": "Zentralblatt f\u00fcr Bakteriologie, Mikrobiologie und Hygiene. 1. Abt. Originale. A, Medizinische Mikrobiologie, Infektionskrankheiten und Parasitologie",
   "has_full_text": "True",
   "full_text_file": "custom_license",
   "id": "https://doi.org/10.1016/S0174-3031(82)80128-5",
   "fhir_link": [
      "PMC/Composition/3839333dfd958691ee5c18a3c0baaedd9658bfc3"
   ]
}